
> @yodev/ads@0.1.0 test:e2e:local
> node scripts/verify-local-browser.mjs

{"ok":true,"fixtureRoles":["owner","admin","strategist","analyst","client"],"foreignExportId":"80000000-0000-4000-8000-000000000003"}

> @yodev/ads@0.1.0 dev
> next dev --hostname 127.0.0.1 --port 3017

▲ Next.js 16.3.0 (Turbopack)
- Local:         http://127.0.0.1:3017
- Network:       http://127.0.0.1:3017
- Environments: .env.local
✓ Ready in 270ms
✓ Running next.config.ts took 459ms
- Experiments (use with caution):
  · clientTraceMetadata

 GET /sign-in 200 in 2.4s (next.js: 1960ms, proxy.ts: 122ms, application-code: 339ms)
 POST /api/auth/sign-in/email 200 in 971ms (next.js: 780ms, proxy.ts: 4ms, application-code: 188ms)
 POST /api/auth/sign-in/email 200 in 90ms (next.js: 5ms, proxy.ts: 3ms, application-code: 82ms)
 POST /api/auth/sign-in/email 200 in 84ms (next.js: 2ms, proxy.ts: 3ms, application-code: 79ms)
 POST /api/auth/sign-in/email 200 in 83ms (next.js: 2.0ms, proxy.ts: 2ms, application-code: 79ms)
 POST /api/auth/sign-in/email 200 in 96ms (next.js: 11ms, proxy.ts: 2ms, application-code: 82ms)
 GET /dashboard 200 in 609ms (next.js: 200ms, proxy.ts: 3ms, application-code: 406ms)
 GET /settings 200 in 263ms (next.js: 30ms, proxy.ts: 2ms, application-code: 230ms)
 GET /billing 200 in 162ms (next.js: 12ms, proxy.ts: 2ms, application-code: 147ms)
 GET /support 200 in 145ms (next.js: 14ms, proxy.ts: 2ms, application-code: 128ms)
 GET /accounts 200 in 128ms (next.js: 18ms, proxy.ts: 1.9ms, application-code: 109ms)
 GET /history 200 in 138ms (next.js: 20ms, proxy.ts: 1.9ms, application-code: 116ms)
 GET /alerts 200 in 160ms (next.js: 22ms, proxy.ts: 2ms, application-code: 136ms)
 GET /tasks 200 in 158ms (next.js: 22ms, proxy.ts: 1.9ms, application-code: 134ms)
 GET /approvals 200 in 139ms (next.js: 23ms, proxy.ts: 2ms, application-code: 114ms)
 GET /reports 200 in 213ms (next.js: 21ms, proxy.ts: 2.0ms, application-code: 190ms)
 GET /audit 200 in 138ms (next.js: 21ms, proxy.ts: 1.8ms, application-code: 116ms)
 GET /agents 200 in 190ms (next.js: 19ms, proxy.ts: 1.8ms, application-code: 170ms)
 GET / 200 in 107ms (next.js: 20ms, proxy.ts: 2ms, application-code: 84ms)
 GET /privacy 200 in 51ms (next.js: 12ms, proxy.ts: 1.9ms, application-code: 37ms)
 GET /terms 200 in 54ms (next.js: 11ms, proxy.ts: 2ms, application-code: 40ms)
 GET /subprocessors 200 in 103ms (next.js: 40ms, proxy.ts: 2.0ms, application-code: 60ms)
 GET /status 200 in 96ms (next.js: 32ms, proxy.ts: 1.8ms, application-code: 63ms)
 GET /sign-in 200 in 33ms (next.js: 4ms, proxy.ts: 2.0ms, application-code: 27ms)
 GET /sign-up 200 in 321ms (next.js: 288ms, proxy.ts: 1.7ms, application-code: 32ms)
Local browser states ready in /var/folders/9h/sbxl7zl90j9_wc743xft5j8h0000gn/T/yodev-ads-browser-XpV6iN

Running 76 tests using 1 worker

(node:47958) Warning: The 'NO_COLOR' env is ignored due to the 'FORCE_COLOR' env being set.
(Use `node --trace-warnings ...` to show where the warning was created)
 GET /accounts 200 in 97ms (next.js: 2ms, proxy.ts: 3ms, application-code: 92ms)
 GET /api/auth/get-session 200 in 175ms (next.js: 5ms, proxy.ts: 3ms, application-code: 167ms)
 GET /api/auth/organization/list 200 in 186ms (next.js: 29ms, proxy.ts: 3ms, application-code: 154ms)
 GET /accounts?selection=saved 200 in 59ms (next.js: 2ms, proxy.ts: 2ms, application-code: 54ms)
 POST /accounts 200 in 110ms (next.js: 10ms, proxy.ts: 8ms, application-code: 92ms)
  └─ ƒ updateManagedAccounts({}) in 22ms src/app/account-selection-actions.ts
 GET /accounts?selection=workspace_changed 200 in 57ms (next.js: 1.8ms, proxy.ts: 2ms, application-code: 54ms)
 POST /accounts?selection=saved 200 in 76ms (next.js: 3ms, proxy.ts: 3ms, application-code: 71ms)
  └─ ƒ updateManagedAccounts({}) in 7ms src/app/account-selection-actions.ts
 GET /accounts?selection=unavailable 200 in 64ms (next.js: 1.6ms, proxy.ts: 1.9ms, application-code: 61ms)
 POST /accounts?selection=workspace_changed 200 in 82ms (next.js: 2ms, proxy.ts: 3ms, application-code: 77ms)
  └─ ƒ updateManagedAccounts({}) in 7ms src/app/account-selection-actions.ts
 GET /accounts 200 in 107ms (next.js: 1.8ms, proxy.ts: 2.0ms, application-code: 103ms)
 GET /api/auth/get-session 200 in 21ms (next.js: 12ms, proxy.ts: 3ms, application-code: 7ms)
 GET /api/auth/organization/list 200 in 24ms (next.js: 7ms, proxy.ts: 3ms, application-code: 14ms)
 POST /accounts 200 in 22ms (next.js: 2ms, proxy.ts: 3ms, application-code: 17ms)
  ✓   1 [chromium] › e2e/account-selection-actors-local.spec.ts:6:7 › account selection actor fr saves and refuses stale workspace, role and grace forms (1.9s)
 GET /accounts?selection=conflict 200 in 108ms (next.js: 3ms, proxy.ts: 2ms, application-code: 102ms)
 GET /accounts 200 in 107ms (next.js: 2ms, proxy.ts: 7ms, application-code: 98ms)
 GET /api/auth/get-session 200 in 21ms (next.js: 4ms, proxy.ts: 3ms, application-code: 15ms)
 GET /api/auth/organization/list 200 in 23ms (next.js: 7ms, proxy.ts: 4ms, application-code: 13ms)
 GET /accounts?selection=saved 200 in 57ms (next.js: 1.7ms, proxy.ts: 1.7ms, application-code: 53ms)
 POST /accounts 200 in 85ms (next.js: 2.0ms, proxy.ts: 6ms, application-code: 78ms)
  └─ ƒ updateManagedAccounts({}) in 12ms src/app/account-selection-actions.ts
 GET /accounts?selection=workspace_changed 200 in 52ms (next.js: 1.7ms, proxy.ts: 1.9ms, application-code: 48ms)
 POST /accounts?selection=saved 200 in 68ms (next.js: 2ms, proxy.ts: 3ms, application-code: 63ms)
  └─ ƒ updateManagedAccounts({}) in 7ms src/app/account-selection-actions.ts
 GET /accounts?selection=unavailable 200 in 49ms (next.js: 1.5ms, proxy.ts: 2ms, application-code: 45ms)
 POST /accounts?selection=workspace_changed 200 in 70ms (next.js: 1.8ms, proxy.ts: 3ms, application-code: 65ms)
  └─ ƒ updateManagedAccounts({}) in 12ms src/app/account-selection-actions.ts
 GET /accounts 200 in 97ms (next.js: 1.8ms, proxy.ts: 3ms, application-code: 92ms)
 GET /api/auth/get-session 200 in 23ms (next.js: 6ms, proxy.ts: 5ms, application-code: 12ms)
 GET /api/auth/organization/list 200 in 24ms (next.js: 10ms, proxy.ts: 5ms, application-code: 9ms)
 POST /accounts 200 in 10ms (next.js: 3ms, proxy.ts: 3ms, application-code: 4ms)
  ✓   2 [chromium] › e2e/account-selection-actors-local.spec.ts:6:7 › account selection actor en saves and refuses stale workspace, role and grace forms (1.5s)
(node:47958) DeprecationWarning: Calling client.query() when the client is already executing a query is deprecated and will be removed in pg@9.0. Use async/await or an external async flow control mechanism instead.
 GET /accounts?selection=conflict 200 in 62ms (next.js: 2ms, proxy.ts: 3ms, application-code: 57ms)
 GET /operations 200 in 303ms (next.js: 29ms, proxy.ts: 3ms, application-code: 271ms)
 GET /api/auth/get-session 200 in 29ms (next.js: 6ms, proxy.ts: 3ms, application-code: 20ms)
 GET /api/auth/organization/list 200 in 32ms (next.js: 10ms, proxy.ts: 3ms, application-code: 19ms)
  ✓   3 [chromium] › e2e/activation-local.spec.ts:7:7 › operations counts published reports and excludes legacy or future activation (1.0s)
 GET /alerts?id=3f6a6234-530d-4b06-93e2-2019db5be14d 200 in 134ms (next.js: 2ms, proxy.ts: 2ms, application-code: 130ms)
 GET /api/auth/get-session 200 in 20ms (next.js: 5ms, proxy.ts: 3ms, application-code: 12ms)
 GET /api/auth/organization/list 200 in 22ms (next.js: 9ms, proxy.ts: 3ms, application-code: 10ms)
 GET /alerts?notice=Avis+sur+la+qualit%C3%A9+de+l%E2%80%99alerte+enregistr%C3%A9.&id=3f6a6234-530d-4b06-93e2-2019db5be14d 200 in 79ms (next.js: 2ms, proxy.ts: 2ms, application-code: 74ms)
 POST /alerts?id=3f6a6234-530d-4b06-93e2-2019db5be14d 200 in 101ms (next.js: 2ms, proxy.ts: 3ms, application-code: 96ms)
  └─ ƒ reviewWorkspaceAlertQuality({}) in 9ms src/app/actions.ts
 GET /alerts?error=Cette+observation+ou+cet+avis+a+chang%C3%A9.+Actualisez+la+page+avant+de+l%E2%80%99%C3%A9valuer+%C3%A0+nouveau.&id=3f6a6234-530d-4b06-93e2-2019db5be14d 200 in 69ms (next.js: 1.5ms, proxy.ts: 2.0ms, application-code: 65ms)
 POST /alerts?notice=Avis%20sur%20la%20qualit%C3%A9%20de%20l%E2%80%99alerte%20enregistr%C3%A9.&id=3f6a6234-530d-4b06-93e2-2019db5be14d 200 in 86ms (next.js: 1.7ms, proxy.ts: 2ms, application-code: 82ms)
  └─ ƒ reviewWorkspaceAlertQuality({}) in 8ms src/app/actions.ts
 GET /alerts?notice=Avis+sur+la+qualit%C3%A9+de+l%E2%80%99alerte+enregistr%C3%A9.&id=3f6a6234-530d-4b06-93e2-2019db5be14d 200 in 62ms (next.js: 1.9ms, proxy.ts: 1.8ms, application-code: 58ms)
 POST /alerts?error=Cette%20observation%20ou%20cet%20avis%20a%20chang%C3%A9.%20Actualisez%20la%20page%20avant%20de%20l%E2%80%99%C3%A9valuer%20%C3%A0%20nouveau.&id=3f6a6234-530d-4b06-93e2-2019db5be14d 200 in 80ms (next.js: 1.8ms, proxy.ts: 3ms, application-code: 76ms)
  └─ ƒ reviewWorkspaceAlertQuality({}) in 9ms src/app/actions.ts
 GET /alerts?q=QUALITY_84ce532b-ff2d-449f-a29e-238990ede326 200 in 438ms (next.js: 1.9ms, proxy.ts: 2ms, application-code: 434ms)
 GET /api/auth/get-session 200 in 24ms (next.js: 6ms, proxy.ts: 3ms, application-code: 15ms)
 GET /api/auth/organization/list 200 in 31ms (next.js: 9ms, proxy.ts: 3ms, application-code: 19ms)
 GET /alerts?id=3f6a6234-530d-4b06-93e2-2019db5be14d 200 in 157ms (next.js: 4ms, proxy.ts: 5ms, application-code: 148ms)
 GET /api/auth/get-session 200 in 26ms (next.js: 12ms, proxy.ts: 3ms, application-code: 10ms)
 GET /api/auth/organization/list 200 in 27ms (next.js: 16ms, proxy.ts: 3ms, application-code: 8ms)
 GET /alerts?notice=Avis+sur+la+qualit%C3%A9+de+l%E2%80%99alerte+enregistr%C3%A9.&id=3f6a6234-530d-4b06-93e2-2019db5be14d 200 in 69ms (next.js: 1.7ms, proxy.ts: 4ms, application-code: 63ms)
 POST /alerts?id=3f6a6234-530d-4b06-93e2-2019db5be14d 200 in 89ms (next.js: 2ms, proxy.ts: 3ms, application-code: 84ms)
  └─ ƒ reviewWorkspaceAlertQuality({}) in 10ms src/app/actions.ts
 GET /alerts?id=3f6a6234-530d-4b06-93e2-2019db5be14d 200 in 119ms (next.js: 1.7ms, proxy.ts: 2.0ms, application-code: 116ms)
 GET /api/auth/get-session 200 in 106ms (next.js: 46ms, proxy.ts: 7ms, application-code: 53ms)
 GET /api/auth/organization/list 200 in 109ms (next.js: 33ms, proxy.ts: 23ms, application-code: 53ms)
 GET /alerts?notice=Avis%20sur%20la%20qualit%C3%A9%20de%20l%E2%80%99alerte%20enregistr%C3%A9.&id=3f6a6234-530d-4b06-93e2-2019db5be14d 200 in 153ms (next.js: 5ms, proxy.ts: 2ms, application-code: 146ms)
 GET /api/auth/get-session 200 in 18ms (next.js: 7ms, proxy.ts: 3ms, application-code: 8ms)
 GET /api/auth/organization/list 200 in 18ms (next.js: 11ms, proxy.ts: 3ms, application-code: 3ms)
  ✓   4 [chromium] › e2e/alert-quality-local.spec.ts:6:7 › alert quality fr reviews a specific observation without changing workflow (3.1s)
 GET /alerts?id=12244d2a-605d-4782-be91-67c11f5f8a0a 200 in 128ms (next.js: 1.8ms, proxy.ts: 1.8ms, application-code: 125ms)
 GET /api/auth/get-session 200 in 20ms (next.js: 5ms, proxy.ts: 3ms, application-code: 13ms)
 GET /api/auth/organization/list 200 in 23ms (next.js: 9ms, proxy.ts: 3ms, application-code: 10ms)
 GET /alerts?notice=Alert+quality+review+saved.&id=12244d2a-605d-4782-be91-67c11f5f8a0a 200 in 65ms (next.js: 1.8ms, proxy.ts: 2ms, application-code: 61ms)
 POST /alerts?id=12244d2a-605d-4782-be91-67c11f5f8a0a 200 in 85ms (next.js: 2.0ms, proxy.ts: 3ms, application-code: 80ms)
  └─ ƒ reviewWorkspaceAlertQuality({}) in 8ms src/app/actions.ts
 GET /alerts?error=This+observation+or+review+has+changed.+Refresh+the+page+before+reviewing+it+again.&id=12244d2a-605d-4782-be91-67c11f5f8a0a 200 in 67ms (next.js: 1.7ms, proxy.ts: 2.0ms, application-code: 63ms)
 POST /alerts?notice=Alert%20quality%20review%20saved.&id=12244d2a-605d-4782-be91-67c11f5f8a0a 200 in 84ms (next.js: 2ms, proxy.ts: 3ms, application-code: 79ms)
  └─ ƒ reviewWorkspaceAlertQuality({}) in 8ms src/app/actions.ts
 GET /alerts?notice=Alert+quality+review+saved.&id=12244d2a-605d-4782-be91-67c11f5f8a0a 200 in 56ms (next.js: 1.7ms, proxy.ts: 1.8ms, application-code: 52ms)
 POST /alerts?error=This%20observation%20or%20review%20has%20changed.%20Refresh%20the%20page%20before%20reviewing%20it%20again.&id=12244d2a-605d-4782-be91-67c11f5f8a0a 200 in 75ms (next.js: 2ms, proxy.ts: 3ms, application-code: 69ms)
  └─ ƒ reviewWorkspaceAlertQuality({}) in 8ms src/app/actions.ts
 GET /alerts?q=QUALITY_cd0d2afc-2815-453d-bde4-e59b8033a04f 200 in 450ms (next.js: 2ms, proxy.ts: 3ms, application-code: 445ms)
 GET /api/auth/get-session 200 in 26ms (next.js: 8ms, proxy.ts: 3ms, application-code: 15ms)
 GET /api/auth/organization/list 200 in 33ms (next.js: 13ms, proxy.ts: 3ms, application-code: 17ms)
 GET /alerts?id=12244d2a-605d-4782-be91-67c11f5f8a0a 200 in 142ms (next.js: 5ms, proxy.ts: 4ms, application-code: 133ms)
 GET /api/auth/get-session 200 in 25ms (next.js: 5ms, proxy.ts: 2ms, application-code: 17ms)
 GET /api/auth/organization/list 200 in 27ms (next.js: 8ms, proxy.ts: 2ms, application-code: 16ms)
 GET /alerts?notice=Alert+quality+review+saved.&id=12244d2a-605d-4782-be91-67c11f5f8a0a 200 in 72ms (next.js: 1.8ms, proxy.ts: 2ms, application-code: 68ms)
 POST /alerts?id=12244d2a-605d-4782-be91-67c11f5f8a0a 200 in 92ms (next.js: 3ms, proxy.ts: 3ms, application-code: 86ms)
  └─ ƒ reviewWorkspaceAlertQuality({}) in 8ms src/app/actions.ts
 GET /alerts?id=12244d2a-605d-4782-be91-67c11f5f8a0a 200 in 123ms (next.js: 1.8ms, proxy.ts: 2ms, application-code: 119ms)
 GET /api/auth/get-session 200 in 89ms (next.js: 25ms, proxy.ts: 23ms, application-code: 42ms)
 GET /api/auth/organization/list 200 in 116ms (next.js: 44ms, proxy.ts: 23ms, application-code: 48ms)
 GET /alerts?notice=Alert%20quality%20review%20saved.&id=12244d2a-605d-4782-be91-67c11f5f8a0a 200 in 152ms (next.js: 2ms, proxy.ts: 2ms, application-code: 148ms)
  ✓   5 [chromium] › e2e/alert-quality-local.spec.ts:6:7 › alert quality en reviews a specific observation without changing workflow (3.1s)
 GET /analysis?client=cb06cfe1-261e-409f-b81e-cc916a3bcc78 200 in 183ms (next.js: 30ms, proxy.ts: 2ms, application-code: 151ms)
 GET /api/auth/get-session 200 in 122ms (next.js: 29ms, proxy.ts: 29ms, application-code: 64ms)
 GET /api/auth/organization/list 200 in 124ms (next.js: 32ms, proxy.ts: 28ms, application-code: 64ms)
 GET /analysis?client=cb06cfe1-261e-409f-b81e-cc916a3bcc78 200 in 245ms (next.js: 6ms, proxy.ts: 5ms, application-code: 234ms)
 GET /api/auth/get-session 200 in 84ms (next.js: 47ms, proxy.ts: 15ms, application-code: 22ms)
 GET /api/auth/organization/list 200 in 88ms (next.js: 49ms, proxy.ts: 15ms, application-code: 23ms)
 GET /analysis?client=cb06cfe1-261e-409f-b81e-cc916a3bcc78 200 in 224ms (next.js: 2ms, proxy.ts: 3ms, application-code: 218ms)
 GET /api/auth/get-session 200 in 86ms (next.js: 51ms, proxy.ts: 13ms, application-code: 22ms)
 GET /api/auth/organization/list 200 in 89ms (next.js: 54ms, proxy.ts: 13ms, application-code: 22ms)
 GET /analysis?client=cb06cfe1-261e-409f-b81e-cc916a3bcc78 200 in 217ms (next.js: 2ms, proxy.ts: 2ms, application-code: 212ms)
 GET /api/auth/get-session 200 in 75ms (next.js: 41ms, proxy.ts: 13ms, application-code: 21ms)
 GET /api/auth/organization/list 200 in 78ms (next.js: 44ms, proxy.ts: 13ms, application-code: 21ms)
 GET /analysis?client=cb06cfe1-261e-409f-b81e-cc916a3bcc78 200 in 214ms (next.js: 2ms, proxy.ts: 3ms, application-code: 209ms)
 GET /api/auth/get-session 200 in 110ms (next.js: 18ms, proxy.ts: 36ms, application-code: 57ms)
 GET /api/auth/organization/list 200 in 111ms (next.js: 19ms, proxy.ts: 37ms, application-code: 55ms)
 GET /analysis?client=cb06cfe1-261e-409f-b81e-cc916a3bcc78 200 in 214ms (next.js: 7ms, proxy.ts: 2ms, application-code: 204ms)
 GET /api/auth/get-session 200 in 36ms (next.js: 17ms, proxy.ts: 6ms, application-code: 14ms)
 GET /api/auth/organization/list 200 in 39ms (next.js: 20ms, proxy.ts: 6ms, application-code: 12ms)
 GET /analysis?client=cb06cfe1-261e-409f-b81e-cc916a3bcc78 200 in 182ms (next.js: 2ms, proxy.ts: 2ms, application-code: 177ms)
  ✓   6 [chromium] › e2e/analysis-evidence-local.spec.ts:7:7 › analysis evidence fr excludes empty and unqualified sources before first activation (2.6s)
 GET /analysis?client=7298aa98-2065-4956-9bfb-165ad0d8550f 200 in 140ms (next.js: 1.9ms, proxy.ts: 2ms, application-code: 136ms)
 GET /api/auth/get-session 200 in 94ms (next.js: 17ms, proxy.ts: 23ms, application-code: 54ms)
 GET /api/auth/organization/list 200 in 93ms (next.js: 25ms, proxy.ts: 20ms, application-code: 47ms)
 GET /analysis?client=7298aa98-2065-4956-9bfb-165ad0d8550f 200 in 215ms (next.js: 14ms, proxy.ts: 3ms, application-code: 198ms)
 GET /api/auth/get-session 200 in 111ms (next.js: 56ms, proxy.ts: 19ms, application-code: 35ms)
 GET /api/auth/organization/list 200 in 116ms (next.js: 61ms, proxy.ts: 19ms, application-code: 35ms)
 GET /analysis?client=7298aa98-2065-4956-9bfb-165ad0d8550f 200 in 292ms (next.js: 1.9ms, proxy.ts: 4ms, application-code: 286ms)
 GET /api/auth/get-session 200 in 99ms (next.js: 25ms, proxy.ts: 23ms, application-code: 51ms)
 GET /api/auth/organization/list 200 in 102ms (next.js: 29ms, proxy.ts: 24ms, application-code: 49ms)
 GET /analysis?client=7298aa98-2065-4956-9bfb-165ad0d8550f 200 in 222ms (next.js: 3ms, proxy.ts: 3ms, application-code: 216ms)
 GET /api/auth/get-session 200 in 80ms (next.js: 43ms, proxy.ts: 13ms, application-code: 25ms)
 GET /api/auth/organization/list 200 in 84ms (next.js: 46ms, proxy.ts: 13ms, application-code: 25ms)
 GET /analysis?client=7298aa98-2065-4956-9bfb-165ad0d8550f 200 in 220ms (next.js: 2ms, proxy.ts: 2ms, application-code: 215ms)
 GET /api/auth/get-session 200 in 131ms (next.js: 36ms, proxy.ts: 35ms, application-code: 60ms)
 GET /api/auth/organization/list 200 in 133ms (next.js: 21ms, proxy.ts: 52ms, application-code: 60ms)
 GET /analysis?client=7298aa98-2065-4956-9bfb-165ad0d8550f 200 in 235ms (next.js: 8ms, proxy.ts: 3ms, application-code: 224ms)
 GET /api/auth/get-session 200 in 19ms (next.js: 5ms, proxy.ts: 3ms, application-code: 11ms)
 GET /api/auth/organization/list 200 in 21ms (next.js: 10ms, proxy.ts: 3ms, application-code: 8ms)
 GET /analysis?client=7298aa98-2065-4956-9bfb-165ad0d8550f 200 in 181ms (next.js: 1.9ms, proxy.ts: 2ms, application-code: 177ms)
  ✓   7 [chromium] › e2e/analysis-evidence-local.spec.ts:7:7 › analysis evidence en excludes empty and unqualified sources before first activation (2.7s)
 GET /insights?client=80000000-0000-4000-8000-000000000091 200 in 398ms (next.js: 59ms, proxy.ts: 1.9ms, application-code: 337ms)
 GET /api/auth/get-session 200 in 20ms (next.js: 5ms, proxy.ts: 3ms, application-code: 12ms)
 GET /api/auth/organization/list 200 in 21ms (next.js: 8ms, proxy.ts: 3ms, application-code: 9ms)
 POST /insights?client=80000000-0000-4000-8000-000000000091 200 in 160ms (next.js: 2ms, proxy.ts: 4ms, application-code: 153ms)
  └─ ƒ setCookieConsent({}) in 3ms src/app/preferences-actions.ts
 GET /insights/devices?client=80000000-0000-4000-8000-000000000091 200 in 635ms (next.js: 531ms, proxy.ts: 5ms, application-code: 99ms)
 GET /insights/devices?client=80000000-0000-4000-8000-000000000091&cursor=eyJ2IjoxLCJpdiI6InJuQm9tM05rTmJvalFlZWQiLCJ0YWciOiI0M2FfZ1pTTUZVMXg5clBOcDVGSTFBIiwiZGF0YSI6InlsbENsZnR6cGdpNThMRkVjMG9CNmlPZHVrVlJmcmNwQjdMbWg5UVllZGRnUWU0eTU2UEpjMDA5cGJOZGVDcS1ydGhHMzBBUVRPRnVGa0FJYnNKakFqMVl5aV82TWFtbGJfdzVMZTBRSzRhS0I2MzUxUGJJR242M0xOQmVjNlJMd09QaE9JczMzdnlxU1N4SzFybGdaYzRpYWN1bTNDQThzX3ZJbDNLUk81SW1mamt5TVE3eUVtS0RoWkRuNEh2OXI3Rk92MWVOVjFwUFBlUXJqeUt1RndVLXgxV0tocVgwdDA0a0duUG5WaVlfQWV3Yzl6RFFURHpuLVNjYnFuMldBQzRrWnZUbUp3U3UifQ 200 in 116ms (next.js: 7ms, proxy.ts: 3ms, application-code: 106ms)
 GET /insights/devices?client=80000000-0000-4000-8000-000000000091&q=%25_ 200 in 154ms (next.js: 2ms, proxy.ts: 2ms, application-code: 150ms)
 GET /api/auth/get-session 200 in 31ms (next.js: 7ms, proxy.ts: 3ms, application-code: 22ms)
 GET /api/auth/organization/list 200 in 33ms (next.js: 11ms, proxy.ts: 3ms, application-code: 19ms)
 GET /insights/devices/export?client=80000000-0000-4000-8000-000000000091&version=8277eba6-b81b-48a7-8d5a-4828a433eda9 200 in 729ms (next.js: 698ms, proxy.ts: 2ms, application-code: 28ms)
 GET /insights/devices?client=80000000-0000-4000-8000-000000000091&cursor=eyJ2IjoxLCJpdiI6InJuQm9tM05rTmJvalFlZWQiLCJ0YWciOiI0M2FfZ1pTTUZVMXg5clBOcDVGSTFBIiwiZGF0YSI6InlsbENsZnR6cGdpNThMRkVjMG9CNmlPZHVrVlJmcmNwQjdMbWg5UVllZGRnUWU0eTU2UEpjMDA5cGJOZGVDcS1ydGhHMzBBUVRPRnVGa0FJYnNKakFqMVl5aV82TWFtbGJfdzVMZTBRSzRhS0I2MzUxUGJJR242M0xOQmVjNlJMd09QaE9JczMzdnlxU1N4SzFybGdaYzRpYWN1bTNDQThzX3ZJbDNLUk81SW1mamt5TVE3eUVtS0RoWkRuNEh2OXI3Rk92MWVOVjFwUFBlUXJqeUt1RndVLXgxV0tocVgwdDA0a0duUG5WaVlfQWV3Yzl6RFFURHpuLVNjYnFuMldBQzRrWnZUbUp3U3UifQ 200 in 134ms (next.js: 4ms, proxy.ts: 2ms, application-code: 128ms)
 GET /api/auth/get-session 200 in 23ms (next.js: 7ms, proxy.ts: 4ms, application-code: 12ms)
 GET /api/auth/organization/list 200 in 25ms (next.js: 12ms, proxy.ts: 3ms, application-code: 10ms)
 GET /insights/devices/export?client=80000000-0000-4000-8000-000000000091&version=8277eba6-b81b-48a7-8d5a-4828a433eda9 409 in 22ms (next.js: 5ms, proxy.ts: 4ms, application-code: 13ms)
 GET /insights/devices?client=80000000-0000-4000-8000-000000000091&cursor=forged 200 in 148ms (next.js: 5ms, proxy.ts: 2ms, application-code: 141ms)
 GET /api/auth/get-session 200 in 94ms (next.js: 15ms, proxy.ts: 7ms, application-code: 72ms)
 GET /api/auth/organization/list 200 in 113ms (next.js: 17ms, proxy.ts: 9ms, application-code: 87ms)
 GET /insights/devices?client=80000000-0000-4000-8000-000000000099 404 in 194ms (next.js: 23ms, proxy.ts: 9ms, application-code: 162ms)
 GET /insights/devices/export?client=80000000-0000-4000-8000-000000000099&version=8277eba6-b81b-48a7-8d5a-4828a433eda9 404 in 20ms (next.js: 3ms, proxy.ts: 5ms, application-code: 12ms)
 GET /insights/devices/export?client=80000000-0000-4000-8000-000000000091&version=8277eba6-b81b-48a7-8d5a-4828a433eda9 403 in 12ms (next.js: 4ms, proxy.ts: 2ms, application-code: 6ms)
  ✓   8 [chromium] › e2e/analytical-pages-local.spec.ts:15:53 › complete analytical collections › browses, searches and exports all stored rows in fr (4.5s)
 GET /insights?client=80000000-0000-4000-8000-000000000091 200 in 346ms (next.js: 3ms, proxy.ts: 2ms, application-code: 340ms)
 GET /api/auth/get-session 200 in 20ms (next.js: 5ms, proxy.ts: 3ms, application-code: 12ms)
 GET /api/auth/organization/list 200 in 31ms (next.js: 9ms, proxy.ts: 3ms, application-code: 19ms)
 POST /insights?client=80000000-0000-4000-8000-000000000091 200 in 265ms (next.js: 3ms, proxy.ts: 4ms, application-code: 257ms)
  └─ ƒ setCookieConsent({}) in 2ms src/app/preferences-actions.ts
 GET /insights/devices?client=80000000-0000-4000-8000-000000000091 200 in 216ms (next.js: 19ms, proxy.ts: 12ms, application-code: 184ms)
 GET /insights/devices?client=80000000-0000-4000-8000-000000000091&cursor=eyJ2IjoxLCJpdiI6Imo3Z1JVdTBlbGZES2N2dGMiLCJ0YWciOiJENjlEV0RUQ09xbDh5VWhxWTNIajBnIiwiZGF0YSI6IkNialB1TkdzTWtXcUwzN0t3dDJDUEJaV2IyT216d1Q0d2JZQk8wNUY0OWFVNUhpd29oV3NVaWc3dnMyTjNZdTk3dGQxWmZFVF9GVHJ2bVZBTzFpdndDMDllOFJ4QkVhSnZtYmNjVG9ZeU9Xek9fOVF6cTZ0aVE5Yk15WUZGR3R5LVVPU0R1bjVpYWtGbFhaNlRoczlTOXMwMGZtZjVUTURWTU1JLXRPdXVDZnBGOGdoZ3BULUpDTFQwZGVPV3czaDlnVXNOcmtoS2xLMHJGcEdHS0FHSG5VQy1UcWxzSFdoSkU3U2dYNVFWV0xHNmJ1YlFxY1dkZk9zc0o2aVRFRWQwZVpsQkFCbFBDM3EifQ 200 in 136ms (next.js: 4ms, proxy.ts: 3ms, application-code: 129ms)
 GET /insights/devices?client=80000000-0000-4000-8000-000000000091&q=%25_ 200 in 145ms (next.js: 4ms, proxy.ts: 2ms, application-code: 138ms)
 GET /api/auth/get-session 200 in 24ms (next.js: 7ms, proxy.ts: 7ms, application-code: 11ms)
 GET /api/auth/organization/list 200 in 26ms (next.js: 9ms, proxy.ts: 7ms, application-code: 10ms)
 GET /insights/devices/export?client=80000000-0000-4000-8000-000000000091&version=35899f2d-e9c8-4767-85f5-dd27e235e354 200 in 24ms (next.js: 4ms, proxy.ts: 2ms, application-code: 17ms)
 GET /insights/devices?client=80000000-0000-4000-8000-000000000091&cursor=eyJ2IjoxLCJpdiI6Imo3Z1JVdTBlbGZES2N2dGMiLCJ0YWciOiJENjlEV0RUQ09xbDh5VWhxWTNIajBnIiwiZGF0YSI6IkNialB1TkdzTWtXcUwzN0t3dDJDUEJaV2IyT216d1Q0d2JZQk8wNUY0OWFVNUhpd29oV3NVaWc3dnMyTjNZdTk3dGQxWmZFVF9GVHJ2bVZBTzFpdndDMDllOFJ4QkVhSnZtYmNjVG9ZeU9Xek9fOVF6cTZ0aVE5Yk15WUZGR3R5LVVPU0R1bjVpYWtGbFhaNlRoczlTOXMwMGZtZjVUTURWTU1JLXRPdXVDZnBGOGdoZ3BULUpDTFQwZGVPV3czaDlnVXNOcmtoS2xLMHJGcEdHS0FHSG5VQy1UcWxzSFdoSkU3U2dYNVFWV0xHNmJ1YlFxY1dkZk9zc0o2aVRFRWQwZVpsQkFCbFBDM3EifQ 200 in 146ms (next.js: 9ms, proxy.ts: 3ms, application-code: 134ms)
 GET /api/auth/get-session 200 in 27ms (next.js: 9ms, proxy.ts: 7ms, application-code: 12ms)
 GET /api/auth/organization/list 200 in 32ms (next.js: 12ms, proxy.ts: 7ms, application-code: 13ms)
 GET /insights/devices/export?client=80000000-0000-4000-8000-000000000091&version=35899f2d-e9c8-4767-85f5-dd27e235e354 409 in 41ms (next.js: 5ms, proxy.ts: 5ms, application-code: 32ms)
 GET /insights/devices?client=80000000-0000-4000-8000-000000000091&cursor=forged 200 in 154ms (next.js: 4ms, proxy.ts: 2ms, application-code: 148ms)
 GET /api/auth/get-session 200 in 127ms (next.js: 46ms, proxy.ts: 34ms, application-code: 48ms)
 GET /api/auth/organization/list 200 in 117ms (next.js: 63ms, proxy.ts: 20ms, application-code: 34ms)
 GET /insights/devices?client=80000000-0000-4000-8000-000000000099 404 in 159ms (next.js: 4ms, proxy.ts: 4ms, application-code: 151ms)
 GET /insights/devices/export?client=80000000-0000-4000-8000-000000000099&version=35899f2d-e9c8-4767-85f5-dd27e235e354 404 in 33ms (next.js: 7ms, proxy.ts: 4ms, application-code: 22ms)
 GET /insights/devices/export?client=80000000-0000-4000-8000-000000000091&version=35899f2d-e9c8-4767-85f5-dd27e235e354 403 in 17ms (next.js: 9ms, proxy.ts: 4ms, application-code: 5ms)
  ✓   9 [chromium] › e2e/analytical-pages-local.spec.ts:15:53 › complete analytical collections › browses, searches and exports all stored rows in en (2.9s)
 GET /account 307 in 89ms (next.js: 43ms, proxy.ts: 3ms, application-code: 43ms)
 GET /sign-in?returnTo=%2Faccount 200 in 38ms (next.js: 4ms, proxy.ts: 1.8ms, application-code: 32ms)
 GET /account 200 in 80ms (next.js: 3ms, proxy.ts: 2ms, application-code: 74ms)
 GET /api/auth/get-session 200 in 46ms (next.js: 28ms, proxy.ts: 5ms, application-code: 14ms)
 GET /api/auth/passkey/list-user-passkeys 200 in 48ms (next.js: 34ms, proxy.ts: 5ms, application-code: 9ms)
 GET /api/auth/organization/list 200 in 51ms (next.js: 32ms, proxy.ts: 5ms, application-code: 15ms)
 GET /account 200 in 43ms (next.js: 2.0ms, proxy.ts: 2ms, application-code: 39ms)
 GET /api/auth/get-session 200 in 32ms (next.js: 5ms, proxy.ts: 7ms, application-code: 21ms)
 GET /api/auth/passkey/list-user-passkeys 200 in 35ms (next.js: 11ms, proxy.ts: 6ms, application-code: 18ms)
 GET /api/auth/organization/list 200 in 38ms (next.js: 9ms, proxy.ts: 7ms, application-code: 22ms)
 GET /account 200 in 40ms (next.js: 2ms, proxy.ts: 1.7ms, application-code: 36ms)
 GET /api/auth/organization/list 200 in 26ms (next.js: 11ms, proxy.ts: 4ms, application-code: 10ms)
 GET /api/auth/get-session 200 in 27ms (next.js: 8ms, proxy.ts: 4ms, application-code: 16ms)
 GET /api/auth/passkey/list-user-passkeys 200 in 28ms (next.js: 13ms, proxy.ts: 4ms, application-code: 10ms)
 GET /account 200 in 39ms (next.js: 1.9ms, proxy.ts: 3ms, application-code: 35ms)
 GET /api/auth/get-session 200 in 35ms (next.js: 5ms, proxy.ts: 4ms, application-code: 26ms)
 GET /api/auth/passkey/list-user-passkeys 200 in 37ms (next.js: 22ms, proxy.ts: 4ms, application-code: 12ms)
 GET /api/auth/organization/list 200 in 39ms (next.js: 11ms, proxy.ts: 4ms, application-code: 24ms)
 GET /account 200 in 39ms (next.js: 1.7ms, proxy.ts: 3ms, application-code: 34ms)
 GET /api/auth/get-session 200 in 26ms (next.js: 7ms, proxy.ts: 5ms, application-code: 14ms)
 GET /api/auth/passkey/list-user-passkeys 200 in 28ms (next.js: 13ms, proxy.ts: 6ms, application-code: 9ms)
 GET /api/auth/organization/list 200 in 29ms (next.js: 11ms, proxy.ts: 6ms, application-code: 13ms)
  ✓  10 [chromium] › e2e/auth-lifecycle-local.spec.ts:58:7 › personal account security is available to all five workspace roles (2.3s)
 GET /sign-up 200 in 38ms (next.js: 6ms, proxy.ts: 2ms, application-code: 30ms)
 POST /api/auth/sign-up/email 200 in 123ms (next.js: 14ms, proxy.ts: 6ms, application-code: 103ms)
 GET /api/auth/get-session 200 in 28ms (next.js: 17ms, proxy.ts: 3ms, application-code: 8ms)
 GET /sign-in 200 in 40ms (next.js: 5ms, proxy.ts: 2ms, application-code: 32ms)
 POST /api/auth/sign-in/email 403 in 89ms (next.js: 3ms, proxy.ts: 3ms, application-code: 83ms)
 GET /api/auth/get-session 200 in 11ms (next.js: 2ms, proxy.ts: 2ms, application-code: 6ms)
 GET /api/auth/verify-email?token=[REDACTED]&callbackURL=%2Fdashboard 302 in 14ms (next.js: 2ms, proxy.ts: 1.8ms, application-code: 10ms)
 GET /dashboard 307 in 71ms (next.js: 3ms, proxy.ts: 1.8ms, application-code: 67ms)
 GET /sign-in 200 in 62ms (next.js: 8ms, proxy.ts: 3ms, application-code: 51ms)
 GET /sign-in 200 in 58ms (next.js: 4ms, proxy.ts: 5ms, application-code: 49ms)
 POST /api/auth/sign-in/email 200 in 95ms (next.js: 4ms, proxy.ts: 3ms, application-code: 89ms)
 GET /dashboard 307 in 78ms (next.js: 3ms, proxy.ts: 3ms, application-code: 72ms)
 GET /onboarding 200 in 92ms (next.js: 37ms, proxy.ts: 6ms, application-code: 49ms)
 GET /settings 200 in 133ms (next.js: 3ms, proxy.ts: 1.8ms, application-code: 128ms)
 POST /onboarding 200 in 169ms (next.js: 1.8ms, proxy.ts: 2ms, application-code: 165ms)
  └─ ƒ createWorkspace({}) in 25ms src/app/onboarding/actions.ts
 GET /api/auth/get-session 200 in 65ms (next.js: 22ms, proxy.ts: 5ms, application-code: 38ms)
 GET /api/auth/organization/list 200 in 65ms (next.js: 4ms, proxy.ts: 4ms, application-code: 57ms)
 GET /api/auth/get-session 200 in 27ms (next.js: 7ms, proxy.ts: 15ms, application-code: 6ms)
 GET /sign-in 200 in 42ms (next.js: 6ms, proxy.ts: 4ms, application-code: 32ms)
 POST /api/auth/sign-in/magic-link 200 in 22ms (next.js: 5ms, proxy.ts: 3ms, application-code: 14ms)
 GET /api/auth/magic-link/verify?token=[REDACTED]&callbackURL=%2Fdashboard&errorCallbackURL=http%3A%2F%2Flocalhost%3A3017%2Fsign-in 302 in 16ms (next.js: 2ms, proxy.ts: 2ms, application-code: 11ms)
 GET /dashboard 200 in 119ms (next.js: 2.0ms, proxy.ts: 1.7ms, application-code: 115ms)
 GET /api/auth/get-session 200 in 13ms (next.js: 3ms, proxy.ts: 2ms, application-code: 7ms)
 GET /api/auth/get-session 200 in 57ms (next.js: 13ms, proxy.ts: 12ms, application-code: 32ms)
 GET /api/auth/organization/list 200 in 60ms (next.js: 15ms, proxy.ts: 13ms, application-code: 32ms)
 GET /api/auth/magic-link/verify?token=[REDACTED]&callbackURL=%2Fdashboard&errorCallbackURL=http%3A%2F%2Flocalhost%3A3017%2Fsign-in 302 in 17ms (next.js: 3ms, proxy.ts: 8ms, application-code: 6ms)
 GET /sign-in?error=INVALID_TOKEN 200 in 37ms (next.js: 4ms, proxy.ts: 2ms, application-code: 31ms)
 GET /api/auth/get-session 200 in 18ms (next.js: 5ms, proxy.ts: 4ms, application-code: 9ms)
 GET /forgot-password 200 in 65ms (next.js: 18ms, proxy.ts: 1.7ms, application-code: 45ms)
 POST /api/auth/request-password-reset 200 in 17ms (next.js: 3ms, proxy.ts: 3ms, application-code: 12ms)
 GET /api/auth/reset-password/[REDACTED]?callbackURL=%2Freset-password 302 in 10ms (next.js: 2ms, proxy.ts: 2ms, application-code: 6ms)
 GET /reset-password?token=[REDACTED] 200 in 66ms (next.js: 21ms, proxy.ts: 1.6ms, application-code: 43ms)
 POST /api/auth/reset-password 200 in 90ms (next.js: 3ms, proxy.ts: 4ms, application-code: 84ms)
 GET /api/auth/get-session 200 in 13ms (next.js: 3ms, proxy.ts: 2ms, application-code: 7ms)
 GET /api/auth/get-session 200 in 9ms (next.js: 1.8ms, proxy.ts: 1.7ms, application-code: 5ms)
 GET /api/auth/reset-password/[REDACTED]?callbackURL=%2Freset-password 302 in 10ms (next.js: 2ms, proxy.ts: 1.7ms, application-code: 6ms)
 GET /reset-password?error=INVALID_TOKEN 200 in 31ms (next.js: 1.5ms, proxy.ts: 1.3ms, application-code: 28ms)
 GET /sign-in 200 in 36ms (next.js: 4ms, proxy.ts: 2ms, application-code: 29ms)
2026-09-07T12:17:45.529Z WARN [Better Auth]: Invalid password
 POST /api/auth/sign-in/email 401 in 110ms (next.js: 3ms, proxy.ts: 3ms, application-code: 103ms)
 GET /api/auth/get-session 200 in 9ms (next.js: 2ms, proxy.ts: 1.7ms, application-code: 5ms)
 GET /sign-in 200 in 52ms (next.js: 4ms, proxy.ts: 1.6ms, application-code: 46ms)
 POST /api/auth/sign-in/email 200 in 88ms (next.js: 3ms, proxy.ts: 2ms, application-code: 82ms)
 GET /dashboard 200 in 112ms (next.js: 2ms, proxy.ts: 3ms, application-code: 107ms)
 GET /sign-in 200 in 67ms (next.js: 4ms, proxy.ts: 2ms, application-code: 61ms)
 GET /api/auth/get-session 200 in 37ms (next.js: 13ms, proxy.ts: 6ms, application-code: 18ms)
 GET /api/auth/organization/list 200 in 41ms (next.js: 15ms, proxy.ts: 8ms, application-code: 18ms)
 POST /api/auth/sign-in/email 200 in 114ms (next.js: 3ms, proxy.ts: 3ms, application-code: 108ms)
 GET /dashboard 200 in 135ms (next.js: 2ms, proxy.ts: 3ms, application-code: 130ms)
 GET /account 200 in 67ms (next.js: 1.8ms, proxy.ts: 2ms, application-code: 63ms)
 GET /api/auth/get-session 200 in 36ms (next.js: 10ms, proxy.ts: 12ms, application-code: 15ms)
 GET /api/auth/organization/list 200 in 45ms (next.js: 13ms, proxy.ts: 13ms, application-code: 19ms)
 GET /api/auth/get-session 200 in 25ms (next.js: 6ms, proxy.ts: 6ms, application-code: 14ms)
 GET /api/auth/passkey/list-user-passkeys 200 in 28ms (next.js: 7ms, proxy.ts: 5ms, application-code: 15ms)
 GET /api/auth/organization/list 200 in 29ms (next.js: 12ms, proxy.ts: 4ms, application-code: 13ms)
 POST /api/auth/revoke-other-sessions 200 in 14ms (next.js: 3ms, proxy.ts: 2ms, application-code: 9ms)
 GET /api/auth/get-session 200 in 16ms (next.js: 4ms, proxy.ts: 2ms, application-code: 10ms)
 GET /api/auth/get-session 200 in 15ms (next.js: 7ms, proxy.ts: 1.6ms, application-code: 7ms)
 GET /api/auth/get-session 200 in 8ms (next.js: 1.9ms, proxy.ts: 1.4ms, application-code: 5ms)
 GET /api/auth/passkey/generate-register-options?authenticatorAttachment=platform&name=Passkey%20Ads%20by%20Yodev 200 in 14ms (next.js: 2ms, proxy.ts: 2ms, application-code: 9ms)
 POST /api/auth/passkey/verify-registration 200 in 20ms (next.js: 1.8ms, proxy.ts: 1.8ms, application-code: 17ms)
 GET /api/auth/passkey/list-user-passkeys 200 in 9ms (next.js: 1.7ms, proxy.ts: 2ms, application-code: 5ms)
 GET /api/auth/passkey/list-user-passkeys 200 in 11ms (next.js: 2ms, proxy.ts: 3ms, application-code: 6ms)
 POST /api/auth/passkey/delete-passkey 401 in 10ms (next.js: 1.8ms, proxy.ts: 1.5ms, application-code: 6ms)
 POST /api/auth/sign-out 200 in 9ms (next.js: 1.7ms, proxy.ts: 1.8ms, application-code: 6ms)
 GET /sign-in 200 in 34ms (next.js: 3ms, proxy.ts: 1.6ms, application-code: 29ms)
 GET /api/auth/passkey/generate-authenticate-options 200 in 14ms (next.js: 4ms, proxy.ts: 3ms, application-code: 8ms)
 POST /api/auth/passkey/verify-authentication 200 in 25ms (next.js: 6ms, proxy.ts: 4ms, application-code: 15ms)
 GET /dashboard 200 in 126ms (next.js: 2ms, proxy.ts: 4ms, application-code: 120ms)
 GET /api/auth/get-session 200 in 12ms (next.js: 2.0ms, proxy.ts: 2ms, application-code: 8ms)
 GET /api/auth/get-session 200 in 30ms (next.js: 7ms, proxy.ts: 14ms, application-code: 9ms)
 GET /api/auth/organization/list 200 in 31ms (next.js: 12ms, proxy.ts: 14ms, application-code: 4ms)
 GET /account 200 in 72ms (next.js: 2ms, proxy.ts: 2ms, application-code: 68ms)
 GET /api/auth/get-session 200 in 33ms (next.js: 10ms, proxy.ts: 5ms, application-code: 18ms)
 GET /api/auth/organization/list 200 in 39ms (next.js: 11ms, proxy.ts: 7ms, application-code: 21ms)
 GET /api/auth/passkey/list-user-passkeys 200 in 33ms (next.js: 22ms, proxy.ts: 4ms, application-code: 8ms)
 POST /api/auth/passkey/delete-passkey 200 in 11ms (next.js: 2ms, proxy.ts: 3ms, application-code: 6ms)
 GET /api/auth/passkey/list-user-passkeys 200 in 17ms (next.js: 3ms, proxy.ts: 3ms, application-code: 10ms)
 POST /api/auth/sign-out 200 in 16ms (next.js: 7ms, proxy.ts: 3ms, application-code: 7ms)
 GET /sign-in 200 in 34ms (next.js: 4ms, proxy.ts: 1.7ms, application-code: 29ms)
 GET /api/auth/passkey/generate-authenticate-options 200 in 18ms (next.js: 4ms, proxy.ts: 2ms, application-code: 12ms)
 POST /api/auth/passkey/verify-authentication 401 in 18ms (next.js: 6ms, proxy.ts: 3ms, application-code: 9ms)
 GET /api/auth/get-session 200 in 16ms (next.js: 3ms, proxy.ts: 3ms, application-code: 10ms)
 POST /api/auth/sign-in/magic-link 200 in 18ms (next.js: 2ms, proxy.ts: 4ms, application-code: 12ms)
 GET /api/auth/magic-link/verify?token=[REDACTED]&callbackURL=%2Fdashboard&errorCallbackURL=http%3A%2F%2Flocalhost%3A3017%2Fsign-in 302 in 12ms (next.js: 3ms, proxy.ts: 1.9ms, application-code: 8ms)
 GET /dashboard 200 in 113ms (next.js: 1.9ms, proxy.ts: 1.8ms, application-code: 110ms)
 GET /api/auth/get-session 200 in 29ms (next.js: 13ms, proxy.ts: 5ms, application-code: 11ms)
 GET /api/auth/organization/list 200 in 30ms (next.js: 7ms, proxy.ts: 7ms, application-code: 16ms)
 GET /invitation?id=2d188dfd-6568-46c3-82df-0f7017b4ec3e 200 in 80ms (next.js: 31ms, proxy.ts: 5ms, application-code: 44ms)
 GET /api/auth/get-session 200 in 14ms (next.js: 4ms, proxy.ts: 3ms, application-code: 7ms)
 POST /api/auth/organization/accept-invitation 403 in 13ms (next.js: 2ms, proxy.ts: 3ms, application-code: 8ms)
 POST /invitation?id=2d188dfd-6568-46c3-82df-0f7017b4ec3e 200 in 16ms (next.js: 1.9ms, proxy.ts: 2ms, application-code: 12ms)
  └─ ƒ recoverAcceptedInvitation("2d188dfd-6568-46c3-82df-0f7017b4ec3e") in 6ms src/app/invitation/actions.ts
 GET /invitation?id=dd596fb4-5aac-4b1a-8c7d-5b8837368023 200 in 27ms (next.js: 1.6ms, proxy.ts: 2.0ms, application-code: 23ms)
 GET /api/auth/get-session 200 in 14ms (next.js: 2.0ms, proxy.ts: 7ms, application-code: 6ms)
 POST /api/auth/organization/accept-invitation 400 in 14ms (next.js: 2ms, proxy.ts: 3ms, application-code: 9ms)
 POST /invitation?id=dd596fb4-5aac-4b1a-8c7d-5b8837368023 200 in 14ms (next.js: 1.7ms, proxy.ts: 1.8ms, application-code: 10ms)
  └─ ƒ recoverAcceptedInvitation("dd596fb4-5aac-4b1a-8c7d-5b8837368023") in 5ms src/app/invitation/actions.ts
 GET /invitation?id=c32a39a8-84e2-4fec-a081-3c68ec7166ef 200 in 35ms (next.js: 4ms, proxy.ts: 2ms, application-code: 28ms)
 GET /api/auth/get-session 200 in 13ms (next.js: 4ms, proxy.ts: 4ms, application-code: 6ms)
 POST /api/auth/organization/accept-invitation 400 in 13ms (next.js: 3ms, proxy.ts: 2ms, application-code: 8ms)
 POST /invitation?id=c32a39a8-84e2-4fec-a081-3c68ec7166ef 200 in 21ms (next.js: 10ms, proxy.ts: 1.9ms, application-code: 9ms)
  └─ ƒ recoverAcceptedInvitation("c32a39a8-84e2-4fec-a081-3c68ec7166ef") in 4ms src/app/invitation/actions.ts
 GET /invitation?id=5531bed3-e214-47d0-bdf7-b59ec22c8ee9 200 in 27ms (next.js: 1.8ms, proxy.ts: 1.8ms, application-code: 23ms)
 GET /api/auth/get-session 200 in 10ms (next.js: 3ms, proxy.ts: 3ms, application-code: 5ms)
 GET /sign-in?returnTo=%2Finvitation%3Fid%3D5531bed3-e214-47d0-bdf7-b59ec22c8ee9 200 in 25ms (next.js: 4ms, proxy.ts: 2ms, application-code: 19ms)
 POST /api/auth/sign-in/magic-link 200 in 19ms (next.js: 4ms, proxy.ts: 3ms, application-code: 12ms)
 GET /api/auth/magic-link/verify?token=[REDACTED]&callbackURL=%2Finvitation%3Fid%3D5531bed3-e214-47d0-bdf7-b59ec22c8ee9&errorCallbackURL=http%3A%2F%2Flocalhost%3A3017%2Fsign-in%3FreturnTo%3D%252Finvitation%253Fid%253D5531bed3-e214-47d0-bdf7-b59ec22c8ee9 302 in 17ms (next.js: 5ms, proxy.ts: 3ms, application-code: 10ms)
 GET /invitation?id=5531bed3-e214-47d0-bdf7-b59ec22c8ee9 200 in 41ms (next.js: 2ms, proxy.ts: 1.5ms, application-code: 37ms)
 GET /api/auth/get-session 200 in 12ms (next.js: 2ms, proxy.ts: 3ms, application-code: 7ms)
 POST /api/auth/organization/accept-invitation 403 in 23ms (next.js: 2.0ms, proxy.ts: 1.9ms, application-code: 19ms)
 POST /invitation?id=5531bed3-e214-47d0-bdf7-b59ec22c8ee9 200 in 14ms (next.js: 1.7ms, proxy.ts: 3ms, application-code: 9ms)
  └─ ƒ recoverAcceptedInvitation("5531bed3-e214-47d0-bdf7-b59ec22c8ee9") in 4ms src/app/invitation/actions.ts
 POST /api/auth/organization/accept-invitation 200 in 16ms (next.js: 2ms, proxy.ts: 2ms, application-code: 12ms)
 POST /invitation?id=5531bed3-e214-47d0-bdf7-b59ec22c8ee9 200 in 12ms (next.js: 1.5ms, proxy.ts: 1.6ms, application-code: 9ms)
  └─ ƒ recoverAcceptedInvitation("5531bed3-e214-47d0-bdf7-b59ec22c8ee9") in 4ms src/app/invitation/actions.ts
 POST /api/auth/organization/set-active 200 in 11ms (next.js: 1.9ms, proxy.ts: 1.8ms, application-code: 8ms)
 GET /api/auth/get-session 200 in 68ms (next.js: 40ms, proxy.ts: 12ms, application-code: 16ms)
 GET /dashboard 200 in 122ms (next.js: 1.9ms, proxy.ts: 1.7ms, application-code: 119ms)
 GET /api/auth/get-session 200 in 12ms (next.js: 2ms, proxy.ts: 3ms, application-code: 6ms)
 GET /api/auth/get-session 200 in 29ms (next.js: 11ms, proxy.ts: 5ms, application-code: 13ms)
 GET /api/auth/organization/list 200 in 31ms (next.js: 15ms, proxy.ts: 4ms, application-code: 11ms)
 GET /invitation?id=5531bed3-e214-47d0-bdf7-b59ec22c8ee9 200 in 32ms (next.js: 1.9ms, proxy.ts: 2ms, application-code: 28ms)
 GET /api/auth/get-session 200 in 11ms (next.js: 2ms, proxy.ts: 2ms, application-code: 6ms)
 POST /api/auth/organization/accept-invitation 400 in 11ms (next.js: 2ms, proxy.ts: 1.9ms, application-code: 7ms)
 POST /invitation?id=5531bed3-e214-47d0-bdf7-b59ec22c8ee9 200 in 17ms (next.js: 1.7ms, proxy.ts: 1.9ms, application-code: 13ms)
  └─ ƒ recoverAcceptedInvitation("5531bed3-e214-47d0-bdf7-b59ec22c8ee9") in 6ms src/app/invitation/actions.ts
 POST /api/auth/organization/set-active 200 in 19ms (next.js: 7ms, proxy.ts: 2ms, application-code: 10ms)
 GET /api/auth/get-session 200 in 100ms (next.js: 56ms, proxy.ts: 30ms, application-code: 14ms)
 GET /dashboard 200 in 158ms (next.js: 2ms, proxy.ts: 1.8ms, application-code: 154ms)
 GET /invitation?id=5531bed3-e214-47d0-bdf7-b59ec22c8ee9 200 in 68ms (next.js: 4ms, proxy.ts: 3ms, application-code: 61ms)
 GET /api/auth/get-session 200 in 13ms (next.js: 3ms, proxy.ts: 3ms, application-code: 7ms)
 POST /api/auth/organization/accept-invitation 400 in 25ms (next.js: 4ms, proxy.ts: 5ms, application-code: 16ms)
 POST /invitation?id=5531bed3-e214-47d0-bdf7-b59ec22c8ee9 200 in 52ms (next.js: 13ms, proxy.ts: 4ms, application-code: 35ms)
  └─ ƒ recoverAcceptedInvitation("5531bed3-e214-47d0-bdf7-b59ec22c8ee9") in 27ms src/app/invitation/actions.ts
 GET /dashboard 307 in 73ms (next.js: 2ms, proxy.ts: 2ms, application-code: 69ms)
 GET /onboarding 307 in 55ms (next.js: 3ms, proxy.ts: 1.8ms, application-code: 50ms)
 GET /dashboard 200 in 235ms (next.js: 3ms, proxy.ts: 3ms, application-code: 229ms)
 GET /api/auth/get-session 200 in 53ms (next.js: 22ms, proxy.ts: 5ms, application-code: 26ms)
 GET /api/auth/get-session 200 in 66ms (next.js: 15ms, proxy.ts: 26ms, application-code: 25ms)
 GET /api/auth/organization/list 200 in 67ms (next.js: 23ms, proxy.ts: 26ms, application-code: 18ms)
 GET /dashboard 307 in 105ms (next.js: 7ms, proxy.ts: 9ms, application-code: 90ms)
 GET /onboarding 200 in 123ms (next.js: 1.9ms, proxy.ts: 4ms, application-code: 117ms)
 GET /api/auth/get-session 200 in 43ms (next.js: 10ms, proxy.ts: 17ms, application-code: 16ms)
 GET /account 200 in 133ms (next.js: 12ms, proxy.ts: 5ms, application-code: 116ms)
 GET /sign-in 200 in 138ms (next.js: 66ms, proxy.ts: 6ms, application-code: 66ms)
 GET /api/auth/passkey/list-user-passkeys 200 in 92ms (next.js: 27ms, proxy.ts: 19ms, application-code: 47ms)
 GET /api/auth/get-session 200 in 111ms (next.js: 42ms, proxy.ts: 21ms, application-code: 47ms)
 GET /api/auth/organization/list 200 in 108ms (next.js: 50ms, proxy.ts: 16ms, application-code: 42ms)
 POST /api/auth/sign-out 200 in 51ms (next.js: 11ms, proxy.ts: 24ms, application-code: 16ms)
 GET /api/auth/get-session 200 in 89ms (next.js: 33ms, proxy.ts: 49ms, application-code: 7ms)
 GET /sign-in 200 in 133ms (next.js: 11ms, proxy.ts: 4ms, application-code: 119ms)
 GET /icon?a62dacc6b033a714 200 in 234ms (next.js: 114ms, proxy.ts: 9ms, application-code: 112ms)
 GET /api/auth/get-session 200 in 14ms (next.js: 3ms, proxy.ts: 4ms, application-code: 6ms)
  ✓  11 [chromium] › e2e/auth-lifecycle-local.spec.ts:85:9 › auth lifecycle fr: verification, magic link, reset, sessions and passkey (13.3s)
 GET /sign-up 200 in 41ms (next.js: 7ms, proxy.ts: 5ms, application-code: 30ms)
 POST /api/auth/sign-up/email 200 in 99ms (next.js: 4ms, proxy.ts: 3ms, application-code: 92ms)
 GET /api/auth/get-session 200 in 9ms (next.js: 2ms, proxy.ts: 1.9ms, application-code: 5ms)
 GET /sign-in 200 in 45ms (next.js: 4ms, proxy.ts: 1.6ms, application-code: 39ms)
 POST /api/auth/sign-in/email 403 in 91ms (next.js: 3ms, proxy.ts: 3ms, application-code: 85ms)
 GET /api/auth/get-session 200 in 10ms (next.js: 3ms, proxy.ts: 1.9ms, application-code: 5ms)
 GET /api/auth/verify-email?token=[REDACTED]&callbackURL=%2Fdashboard 302 in 10ms (next.js: 2ms, proxy.ts: 1.7ms, application-code: 7ms)
 GET /dashboard 307 in 49ms (next.js: 1.9ms, proxy.ts: 2ms, application-code: 45ms)
 GET /sign-in 200 in 38ms (next.js: 4ms, proxy.ts: 2ms, application-code: 32ms)
 GET /sign-in 200 in 52ms (next.js: 5ms, proxy.ts: 2ms, application-code: 44ms)
 POST /api/auth/sign-in/email 200 in 87ms (next.js: 3ms, proxy.ts: 4ms, application-code: 81ms)
 GET /dashboard 307 in 55ms (next.js: 2ms, proxy.ts: 3ms, application-code: 50ms)
 GET /onboarding 200 in 50ms (next.js: 1.9ms, proxy.ts: 2ms, application-code: 46ms)
 GET /settings 200 in 100ms (next.js: 4ms, proxy.ts: 2ms, application-code: 93ms)
 POST /onboarding 200 in 123ms (next.js: 1.9ms, proxy.ts: 2ms, application-code: 119ms)
  └─ ƒ createWorkspace({}) in 12ms src/app/onboarding/actions.ts
 GET /api/auth/get-session 200 in 24ms (next.js: 5ms, proxy.ts: 3ms, application-code: 17ms)
 GET /api/auth/organization/list 200 in 28ms (next.js: 10ms, proxy.ts: 3ms, application-code: 15ms)
 GET /api/auth/get-session 200 in 21ms (next.js: 8ms, proxy.ts: 6ms, application-code: 7ms)
 GET /sign-in 200 in 36ms (next.js: 4ms, proxy.ts: 2ms, application-code: 29ms)
 POST /api/auth/sign-in/magic-link 200 in 14ms (next.js: 2ms, proxy.ts: 2ms, application-code: 9ms)
 GET /api/auth/magic-link/verify?token=[REDACTED]&callbackURL=%2Fdashboard&errorCallbackURL=http%3A%2F%2Flocalhost%3A3017%2Fsign-in 302 in 13ms (next.js: 2ms, proxy.ts: 2ms, application-code: 8ms)
 GET /dashboard 200 in 113ms (next.js: 1.9ms, proxy.ts: 2ms, application-code: 108ms)
 GET /api/auth/get-session 200 in 14ms (next.js: 4ms, proxy.ts: 2.0ms, application-code: 8ms)
 GET /api/auth/get-session 200 in 33ms (next.js: 8ms, proxy.ts: 4ms, application-code: 21ms)
 GET /api/auth/organization/list 200 in 37ms (next.js: 15ms, proxy.ts: 5ms, application-code: 16ms)
 GET /api/auth/magic-link/verify?token=[REDACTED]&callbackURL=%2Fdashboard&errorCallbackURL=http%3A%2F%2Flocalhost%3A3017%2Fsign-in 302 in 12ms (next.js: 4ms, proxy.ts: 3ms, application-code: 5ms)
 GET /sign-in?error=INVALID_TOKEN 200 in 43ms (next.js: 4ms, proxy.ts: 1.9ms, application-code: 37ms)
 GET /api/auth/get-session 200 in 12ms (next.js: 2ms, proxy.ts: 3ms, application-code: 7ms)
 GET /forgot-password 200 in 32ms (next.js: 3ms, proxy.ts: 1.6ms, application-code: 27ms)
 POST /api/auth/request-password-reset 200 in 17ms (next.js: 3ms, proxy.ts: 2ms, application-code: 12ms)
 GET /api/auth/reset-password/[REDACTED]?callbackURL=%2Freset-password 302 in 13ms (next.js: 4ms, proxy.ts: 2ms, application-code: 7ms)
 GET /reset-password?token=[REDACTED] 200 in 31ms (next.js: 2ms, proxy.ts: 1.9ms, application-code: 26ms)
 POST /api/auth/reset-password 200 in 83ms (next.js: 2ms, proxy.ts: 3ms, application-code: 78ms)
 GET /api/auth/get-session 200 in 15ms (next.js: 6ms, proxy.ts: 3ms, application-code: 5ms)
 GET /api/auth/get-session 200 in 18ms (next.js: 3ms, proxy.ts: 1.5ms, application-code: 14ms)
 GET /api/auth/reset-password/[REDACTED]?callbackURL=%2Freset-password 302 in 9ms (next.js: 1.8ms, proxy.ts: 1.9ms, application-code: 6ms)
 GET /reset-password?error=INVALID_TOKEN 200 in 29ms (next.js: 1.8ms, proxy.ts: 1.4ms, application-code: 26ms)
 GET /sign-in 200 in 40ms (next.js: 6ms, proxy.ts: 3ms, application-code: 31ms)
2026-09-07T12:17:58.392Z WARN [Better Auth]: Invalid password
 POST /api/auth/sign-in/email 401 in 89ms (next.js: 4ms, proxy.ts: 3ms, application-code: 82ms)
 GET /api/auth/get-session 200 in 9ms (next.js: 2ms, proxy.ts: 2ms, application-code: 5ms)
 GET /sign-in 200 in 35ms (next.js: 4ms, proxy.ts: 1.4ms, application-code: 30ms)
 POST /api/auth/sign-in/email 200 in 87ms (next.js: 2ms, proxy.ts: 3ms, application-code: 82ms)
 GET /dashboard 200 in 123ms (next.js: 2.0ms, proxy.ts: 13ms, application-code: 108ms)
 GET /sign-in 200 in 61ms (next.js: 4ms, proxy.ts: 2ms, application-code: 55ms)
 GET /api/auth/get-session 200 in 55ms (next.js: 16ms, proxy.ts: 12ms, application-code: 27ms)
 GET /api/auth/organization/list 200 in 55ms (next.js: 19ms, proxy.ts: 9ms, application-code: 27ms)
 POST /api/auth/sign-in/email 200 in 83ms (next.js: 1.8ms, proxy.ts: 2ms, application-code: 78ms)
 GET /dashboard 200 in 103ms (next.js: 2.0ms, proxy.ts: 2ms, application-code: 99ms)
 GET /account 200 in 86ms (next.js: 2ms, proxy.ts: 3ms, application-code: 80ms)
 GET /api/auth/get-session 200 in 55ms (next.js: 16ms, proxy.ts: 16ms, application-code: 23ms)
 GET /api/auth/organization/list 200 in 52ms (next.js: 13ms, proxy.ts: 18ms, application-code: 21ms)
 GET /api/auth/get-session 200 in 32ms (next.js: 7ms, proxy.ts: 11ms, application-code: 13ms)
 GET /api/auth/organization/list 200 in 32ms (next.js: 9ms, proxy.ts: 9ms, application-code: 13ms)
 GET /api/auth/passkey/list-user-passkeys 200 in 34ms (next.js: 14ms, proxy.ts: 9ms, application-code: 12ms)
 POST /api/auth/revoke-other-sessions 200 in 15ms (next.js: 4ms, proxy.ts: 2ms, application-code: 9ms)
 GET /api/auth/get-session 200 in 16ms (next.js: 3ms, proxy.ts: 3ms, application-code: 10ms)
 GET /api/auth/get-session 200 in 16ms (next.js: 6ms, proxy.ts: 3ms, application-code: 8ms)
 GET /api/auth/get-session 200 in 10ms (next.js: 2ms, proxy.ts: 1.8ms, application-code: 6ms)
 GET /api/auth/passkey/generate-register-options?authenticatorAttachment=platform&name=Ads%20by%20Yodev%20passkey 200 in 13ms (next.js: 2ms, proxy.ts: 3ms, application-code: 9ms)
 POST /api/auth/passkey/verify-registration 200 in 14ms (next.js: 3ms, proxy.ts: 1.8ms, application-code: 9ms)
 GET /api/auth/passkey/list-user-passkeys 200 in 11ms (next.js: 4ms, proxy.ts: 2ms, application-code: 6ms)
 GET /api/auth/passkey/list-user-passkeys 200 in 10ms (next.js: 2ms, proxy.ts: 1.9ms, application-code: 6ms)
 POST /api/auth/passkey/delete-passkey 401 in 17ms (next.js: 1.7ms, proxy.ts: 1.7ms, application-code: 13ms)
 POST /api/auth/sign-out 200 in 10ms (next.js: 3ms, proxy.ts: 2.0ms, application-code: 5ms)
 GET /sign-in 200 in 37ms (next.js: 3ms, proxy.ts: 1.6ms, application-code: 32ms)
 GET /api/auth/passkey/generate-authenticate-options 200 in 17ms (next.js: 5ms, proxy.ts: 4ms, application-code: 8ms)
 POST /api/auth/passkey/verify-authentication 200 in 25ms (next.js: 7ms, proxy.ts: 4ms, application-code: 15ms)
 GET /dashboard 200 in 127ms (next.js: 3ms, proxy.ts: 3ms, application-code: 121ms)
 GET /api/auth/get-session 200 in 17ms (next.js: 5ms, proxy.ts: 2ms, application-code: 10ms)
 GET /api/auth/get-session 200 in 39ms (next.js: 9ms, proxy.ts: 20ms, application-code: 11ms)
 GET /api/auth/organization/list 200 in 30ms (next.js: 14ms, proxy.ts: 13ms, application-code: 4ms)
 GET /account 200 in 86ms (next.js: 3ms, proxy.ts: 3ms, application-code: 81ms)
 GET /api/auth/get-session 200 in 26ms (next.js: 6ms, proxy.ts: 6ms, application-code: 14ms)
 GET /api/auth/organization/list 200 in 28ms (next.js: 8ms, proxy.ts: 7ms, application-code: 13ms)
 GET /api/auth/passkey/list-user-passkeys 200 in 23ms (next.js: 12ms, proxy.ts: 2ms, application-code: 8ms)
 POST /api/auth/passkey/delete-passkey 200 in 12ms (next.js: 2ms, proxy.ts: 2ms, application-code: 8ms)
 GET /api/auth/passkey/list-user-passkeys 200 in 26ms (next.js: 14ms, proxy.ts: 2ms, application-code: 10ms)
 POST /api/auth/sign-out 200 in 26ms (next.js: 9ms, proxy.ts: 11ms, application-code: 6ms)
 GET /sign-in 200 in 35ms (next.js: 4ms, proxy.ts: 2ms, application-code: 29ms)
 GET /api/auth/passkey/generate-authenticate-options 200 in 17ms (next.js: 2ms, proxy.ts: 4ms, application-code: 10ms)
 POST /api/auth/passkey/verify-authentication 401 in 22ms (next.js: 4ms, proxy.ts: 6ms, application-code: 11ms)
 GET /api/auth/get-session 200 in 11ms (next.js: 5ms, proxy.ts: 1.9ms, application-code: 5ms)
 POST /api/auth/sign-in/magic-link 200 in 12ms (next.js: 2.0ms, proxy.ts: 3ms, application-code: 8ms)
 GET /api/auth/magic-link/verify?token=[REDACTED]&callbackURL=%2Fdashboard&errorCallbackURL=http%3A%2F%2Flocalhost%3A3017%2Fsign-in 302 in 12ms (next.js: 2.0ms, proxy.ts: 2ms, application-code: 8ms)
 GET /dashboard 200 in 119ms (next.js: 2ms, proxy.ts: 2ms, application-code: 115ms)
 GET /api/auth/get-session 200 in 22ms (next.js: 4ms, proxy.ts: 3ms, application-code: 15ms)
 GET /api/auth/organization/list 200 in 23ms (next.js: 12ms, proxy.ts: 3ms, application-code: 9ms)
 GET /invitation?id=b600264c-0201-4ee9-a0ec-22460c1e7b18 200 in 30ms (next.js: 1.8ms, proxy.ts: 1.9ms, application-code: 26ms)
 GET /api/auth/get-session 200 in 14ms (next.js: 3ms, proxy.ts: 4ms, application-code: 7ms)
 POST /api/auth/organization/accept-invitation 403 in 16ms (next.js: 2ms, proxy.ts: 3ms, application-code: 11ms)
 POST /invitation?id=b600264c-0201-4ee9-a0ec-22460c1e7b18 200 in 15ms (next.js: 2.0ms, proxy.ts: 1.8ms, application-code: 11ms)
  └─ ƒ recoverAcceptedInvitation("b600264c-0201-4ee9-a0ec-22460c1e7b18") in 4ms src/app/invitation/actions.ts
 GET /invitation?id=754f2dff-6924-45f8-87dd-b75d457fb32b 200 in 37ms (next.js: 1.6ms, proxy.ts: 1.8ms, application-code: 33ms)
 GET /api/auth/get-session 200 in 13ms (next.js: 4ms, proxy.ts: 3ms, application-code: 6ms)
 POST /api/auth/organization/accept-invitation 400 in 14ms (next.js: 2ms, proxy.ts: 4ms, application-code: 9ms)
 POST /invitation?id=754f2dff-6924-45f8-87dd-b75d457fb32b 200 in 14ms (next.js: 1.8ms, proxy.ts: 1.7ms, application-code: 11ms)
  └─ ƒ recoverAcceptedInvitation("754f2dff-6924-45f8-87dd-b75d457fb32b") in 5ms src/app/invitation/actions.ts
 GET /invitation?id=c4c1b3b2-8547-4bdf-9884-6140cbedbed2 200 in 27ms (next.js: 1.6ms, proxy.ts: 1.8ms, application-code: 23ms)
 GET /api/auth/get-session 200 in 10ms (next.js: 1.9ms, proxy.ts: 2ms, application-code: 6ms)
 POST /api/auth/organization/accept-invitation 400 in 11ms (next.js: 2ms, proxy.ts: 3ms, application-code: 6ms)
 POST /invitation?id=c4c1b3b2-8547-4bdf-9884-6140cbedbed2 200 in 18ms (next.js: 3ms, proxy.ts: 1.9ms, application-code: 13ms)
  └─ ƒ recoverAcceptedInvitation("c4c1b3b2-8547-4bdf-9884-6140cbedbed2") in 5ms src/app/invitation/actions.ts
 GET /invitation?id=9d2d01f3-ce49-47b7-b7c3-a3d03d2c6b50 200 in 37ms (next.js: 2ms, proxy.ts: 1.9ms, application-code: 33ms)
 GET /api/auth/get-session 200 in 21ms (next.js: 12ms, proxy.ts: 5ms, application-code: 5ms)
 GET /sign-in?returnTo=%2Finvitation%3Fid%3D9d2d01f3-ce49-47b7-b7c3-a3d03d2c6b50 200 in 27ms (next.js: 4ms, proxy.ts: 2.0ms, application-code: 21ms)
 POST /api/auth/sign-in/magic-link 200 in 14ms (next.js: 2ms, proxy.ts: 3ms, application-code: 9ms)
 GET /api/auth/magic-link/verify?token=[REDACTED]&callbackURL=%2Finvitation%3Fid%3D9d2d01f3-ce49-47b7-b7c3-a3d03d2c6b50&errorCallbackURL=http%3A%2F%2Flocalhost%3A3017%2Fsign-in%3FreturnTo%3D%252Finvitation%253Fid%253D9d2d01f3-ce49-47b7-b7c3-a3d03d2c6b50 302 in 15ms (next.js: 3ms, proxy.ts: 1.9ms, application-code: 10ms)
 GET /invitation?id=9d2d01f3-ce49-47b7-b7c3-a3d03d2c6b50 200 in 30ms (next.js: 1.8ms, proxy.ts: 1.9ms, application-code: 27ms)
 GET /api/auth/get-session 200 in 11ms (next.js: 2ms, proxy.ts: 2ms, application-code: 7ms)
 POST /api/auth/organization/accept-invitation 403 in 15ms (next.js: 2ms, proxy.ts: 1.9ms, application-code: 11ms)
 POST /invitation?id=9d2d01f3-ce49-47b7-b7c3-a3d03d2c6b50 200 in 14ms (next.js: 1.8ms, proxy.ts: 2ms, application-code: 10ms)
  └─ ƒ recoverAcceptedInvitation("9d2d01f3-ce49-47b7-b7c3-a3d03d2c6b50") in 4ms src/app/invitation/actions.ts
 POST /api/auth/organization/accept-invitation 200 in 16ms (next.js: 2ms, proxy.ts: 2ms, application-code: 12ms)
 POST /invitation?id=9d2d01f3-ce49-47b7-b7c3-a3d03d2c6b50 200 in 14ms (next.js: 1.7ms, proxy.ts: 1.7ms, application-code: 11ms)
  └─ ƒ recoverAcceptedInvitation("9d2d01f3-ce49-47b7-b7c3-a3d03d2c6b50") in 4ms src/app/invitation/actions.ts
 POST /api/auth/organization/set-active 200 in 12ms (next.js: 2ms, proxy.ts: 1.9ms, application-code: 9ms)
 GET /api/auth/get-session 200 in 71ms (next.js: 42ms, proxy.ts: 4ms, application-code: 25ms)
 GET /dashboard 200 in 132ms (next.js: 4ms, proxy.ts: 4ms, application-code: 124ms)
 GET /api/auth/get-session 200 in 12ms (next.js: 5ms, proxy.ts: 2.0ms, application-code: 6ms)
 GET /api/auth/get-session 200 in 21ms (next.js: 4ms, proxy.ts: 3ms, application-code: 14ms)
 GET /api/auth/organization/list 200 in 23ms (next.js: 9ms, proxy.ts: 3ms, application-code: 11ms)
 GET /invitation?id=9d2d01f3-ce49-47b7-b7c3-a3d03d2c6b50 200 in 31ms (next.js: 1.6ms, proxy.ts: 2ms, application-code: 27ms)
 GET /api/auth/get-session 200 in 10ms (next.js: 1.9ms, proxy.ts: 2ms, application-code: 5ms)
 POST /api/auth/organization/accept-invitation 400 in 11ms (next.js: 2ms, proxy.ts: 2ms, application-code: 7ms)
 POST /invitation?id=9d2d01f3-ce49-47b7-b7c3-a3d03d2c6b50 200 in 14ms (next.js: 1.6ms, proxy.ts: 1.8ms, application-code: 11ms)
  └─ ƒ recoverAcceptedInvitation("9d2d01f3-ce49-47b7-b7c3-a3d03d2c6b50") in 5ms src/app/invitation/actions.ts
 POST /api/auth/organization/set-active 200 in 11ms (next.js: 2ms, proxy.ts: 1.9ms, application-code: 7ms)
 GET /api/auth/get-session 200 in 93ms (next.js: 48ms, proxy.ts: 12ms, application-code: 32ms)
 GET /dashboard 200 in 146ms (next.js: 1.7ms, proxy.ts: 1.8ms, application-code: 142ms)
 GET /invitation?id=9d2d01f3-ce49-47b7-b7c3-a3d03d2c6b50 200 in 62ms (next.js: 6ms, proxy.ts: 4ms, application-code: 52ms)
 GET /api/auth/get-session 200 in 15ms (next.js: 4ms, proxy.ts: 4ms, application-code: 7ms)
 POST /api/auth/organization/accept-invitation 400 in 15ms (next.js: 2ms, proxy.ts: 3ms, application-code: 10ms)
 POST /invitation?id=9d2d01f3-ce49-47b7-b7c3-a3d03d2c6b50 200 in 16ms (next.js: 2ms, proxy.ts: 1.9ms, application-code: 12ms)
  └─ ƒ recoverAcceptedInvitation("9d2d01f3-ce49-47b7-b7c3-a3d03d2c6b50") in 5ms src/app/invitation/actions.ts
 GET /dashboard 307 in 63ms (next.js: 1.7ms, proxy.ts: 1.8ms, application-code: 59ms)
 GET /onboarding 307 in 55ms (next.js: 2ms, proxy.ts: 1.7ms, application-code: 52ms)
 GET /dashboard 200 in 104ms (next.js: 1.7ms, proxy.ts: 3ms, application-code: 100ms)
 GET /api/auth/get-session 200 in 13ms (next.js: 3ms, proxy.ts: 3ms, application-code: 7ms)
 GET /api/auth/get-session 200 in 49ms (next.js: 25ms, proxy.ts: 10ms, application-code: 14ms)
 GET /api/auth/organization/list 200 in 51ms (next.js: 28ms, proxy.ts: 10ms, application-code: 12ms)
 GET /dashboard 307 in 107ms (next.js: 2ms, proxy.ts: 3ms, application-code: 102ms)
 GET /onboarding 200 in 68ms (next.js: 4ms, proxy.ts: 5ms, application-code: 59ms)
 GET /api/auth/get-session 200 in 15ms (next.js: 4ms, proxy.ts: 4ms, application-code: 7ms)
 GET /account 200 in 44ms (next.js: 2.0ms, proxy.ts: 4ms, application-code: 38ms)
 GET /api/auth/get-session 200 in 65ms (next.js: 7ms, proxy.ts: 17ms, application-code: 41ms)
 GET /api/auth/passkey/list-user-passkeys 200 in 67ms (next.js: 16ms, proxy.ts: 14ms, application-code: 37ms)
 GET /api/auth/organization/list 200 in 64ms (next.js: 26ms, proxy.ts: 9ms, application-code: 29ms)
 POST /api/auth/sign-out 200 in 26ms (next.js: 11ms, proxy.ts: 8ms, application-code: 6ms)
 GET /sign-in 200 in 60ms (next.js: 4ms, proxy.ts: 2ms, application-code: 54ms)
 GET /api/auth/get-session 200 in 21ms (next.js: 5ms, proxy.ts: 7ms, application-code: 9ms)
  ✓  12 [chromium] › e2e/auth-lifecycle-local.spec.ts:85:9 › auth lifecycle en: verification, magic link, reset, sessions and passkey (11.8s)
 GET /dashboard 200 in 138ms (next.js: 3ms, proxy.ts: 4ms, application-code: 131ms)
 GET /api/auth/get-session 200 in 108ms (next.js: 18ms, proxy.ts: 27ms, application-code: 62ms)
 GET /api/auth/organization/list 200 in 110ms (next.js: 29ms, proxy.ts: 22ms, application-code: 60ms)
 GET /settings 200 in 256ms (next.js: 4ms, proxy.ts: 3ms, application-code: 249ms)
 GET /api/auth/get-session 200 in 100ms (next.js: 14ms, proxy.ts: 15ms, application-code: 70ms)
 GET /api/auth/organization/list 200 in 103ms (next.js: 19ms, proxy.ts: 14ms, application-code: 70ms)
 GET /billing 200 in 240ms (next.js: 4ms, proxy.ts: 5ms, application-code: 232ms)
 GET /api/auth/get-session 200 in 97ms (next.js: 17ms, proxy.ts: 26ms, application-code: 54ms)
 GET /api/auth/organization/list 200 in 122ms (next.js: 26ms, proxy.ts: 25ms, application-code: 71ms)
 GET /support 200 in 156ms (next.js: 3ms, proxy.ts: 1.8ms, application-code: 151ms)
  ✓  13 [chromium] › e2e/authenticated-rbac.spec.ts:55:9 › authenticated five-role route matrix › owner has only its server-authorized product surface (2.2s)
 GET /dashboard 200 in 112ms (next.js: 3ms, proxy.ts: 1.9ms, application-code: 107ms)
 GET /api/auth/get-session 200 in 300ms (next.js: 165ms, proxy.ts: 73ms, application-code: 62ms)
 GET /api/auth/organization/list 200 in 365ms (next.js: 194ms, proxy.ts: 72ms, application-code: 99ms)
 GET /settings 200 in 455ms (next.js: 36ms, proxy.ts: 73ms, application-code: 346ms)
 GET /api/auth/get-session 200 in 98ms (next.js: 16ms, proxy.ts: 29ms, application-code: 53ms)
 GET /api/auth/organization/list 200 in 95ms (next.js: 25ms, proxy.ts: 27ms, application-code: 44ms)
 GET /support 200 in 167ms (next.js: 2ms, proxy.ts: 3ms, application-code: 162ms)
 GET /api/auth/get-session 200 in 108ms (next.js: 18ms, proxy.ts: 31ms, application-code: 59ms)
 GET /api/auth/organization/list 200 in 106ms (next.js: 26ms, proxy.ts: 29ms, application-code: 51ms)
 GET /billing 307 in 131ms (next.js: 2ms, proxy.ts: 1.9ms, application-code: 127ms)
 GET /support?error=You%20no%20longer%20have%20access%20to%20this%20page.%20Choose%20an%20available%20section%20or%20contact%20an%20administrator. 200 in 136ms (next.js: 2ms, proxy.ts: 3ms, application-code: 131ms)
  ✓  14 [chromium] › e2e/authenticated-rbac.spec.ts:55:9 › authenticated five-role route matrix › admin has only its server-authorized product surface (1.8s)
 GET /dashboard 200 in 97ms (next.js: 2ms, proxy.ts: 1.9ms, application-code: 93ms)
 GET /api/auth/get-session 200 in 98ms (next.js: 24ms, proxy.ts: 24ms, application-code: 49ms)
 GET /api/auth/organization/list 200 in 125ms (next.js: 33ms, proxy.ts: 23ms, application-code: 69ms)
 GET /tasks 200 in 162ms (next.js: 4ms, proxy.ts: 1.9ms, application-code: 156ms)
 GET /api/auth/get-session 200 in 106ms (next.js: 14ms, proxy.ts: 29ms, application-code: 63ms)
 GET /api/auth/organization/list 200 in 128ms (next.js: 16ms, proxy.ts: 26ms, application-code: 86ms)
 GET /support 200 in 163ms (next.js: 2.0ms, proxy.ts: 1.7ms, application-code: 160ms)
 GET /api/auth/get-session 200 in 136ms (next.js: 23ms, proxy.ts: 40ms, application-code: 72ms)
 GET /api/auth/organization/list 200 in 134ms (next.js: 35ms, proxy.ts: 42ms, application-code: 57ms)
 GET /settings 307 in 148ms (next.js: 5ms, proxy.ts: 4ms, application-code: 139ms)
 GET /support?error=You%20no%20longer%20have%20access%20to%20this%20page.%20Choose%20an%20available%20section%20or%20contact%20an%20administrator. 200 in 119ms (next.js: 1.9ms, proxy.ts: 2ms, application-code: 115ms)
 GET /api/auth/get-session 200 in 105ms (next.js: 27ms, proxy.ts: 26ms, application-code: 52ms)
 GET /api/auth/organization/list 200 in 103ms (next.js: 34ms, proxy.ts: 24ms, application-code: 44ms)
 GET /billing 307 in 129ms (next.js: 2ms, proxy.ts: 2ms, application-code: 124ms)
 GET /support?error=You%20no%20longer%20have%20access%20to%20this%20page.%20Choose%20an%20available%20section%20or%20contact%20an%20administrator. 200 in 127ms (next.js: 3ms, proxy.ts: 4ms, application-code: 120ms)
  ✓  15 [chromium] › e2e/authenticated-rbac.spec.ts:55:9 › authenticated five-role route matrix › strategist has only its server-authorized product surface (1.7s)
 GET /dashboard 200 in 106ms (next.js: 1.9ms, proxy.ts: 2ms, application-code: 102ms)
 GET /api/auth/get-session 200 in 101ms (next.js: 25ms, proxy.ts: 24ms, application-code: 52ms)
 GET /api/auth/organization/list 200 in 141ms (next.js: 34ms, proxy.ts: 23ms, application-code: 84ms)
 GET /reports 200 in 173ms (next.js: 5ms, proxy.ts: 2ms, application-code: 166ms)
 GET /api/auth/get-session 200 in 100ms (next.js: 15ms, proxy.ts: 29ms, application-code: 56ms)
 GET /api/auth/organization/list 200 in 132ms (next.js: 31ms, proxy.ts: 26ms, application-code: 75ms)
 GET /support 200 in 168ms (next.js: 3ms, proxy.ts: 2ms, application-code: 163ms)
 GET /api/auth/get-session 200 in 144ms (next.js: 34ms, proxy.ts: 34ms, application-code: 76ms)
 GET /api/auth/organization/list 200 in 147ms (next.js: 37ms, proxy.ts: 34ms, application-code: 76ms)
 GET /settings 307 in 161ms (next.js: 10ms, proxy.ts: 4ms, application-code: 147ms)
 GET /support?error=You%20no%20longer%20have%20access%20to%20this%20page.%20Choose%20an%20available%20section%20or%20contact%20an%20administrator. 200 in 121ms (next.js: 2.0ms, proxy.ts: 2ms, application-code: 117ms)
 GET /api/auth/get-session 200 in 139ms (next.js: 48ms, proxy.ts: 38ms, application-code: 53ms)
 GET /api/auth/organization/list 200 in 129ms (next.js: 69ms, proxy.ts: 41ms, application-code: 19ms)
 GET /billing 307 in 162ms (next.js: 3ms, proxy.ts: 1.8ms, application-code: 157ms)
 GET /support?error=You%20no%20longer%20have%20access%20to%20this%20page.%20Choose%20an%20available%20section%20or%20contact%20an%20administrator. 200 in 138ms (next.js: 2ms, proxy.ts: 3ms, application-code: 133ms)
  ✓  16 [chromium] › e2e/authenticated-rbac.spec.ts:55:9 › authenticated five-role route matrix › analyst has only its server-authorized product surface (1.8s)
 GET /support 200 in 93ms (next.js: 1.8ms, proxy.ts: 2ms, application-code: 90ms)
 GET /api/auth/get-session 200 in 73ms (next.js: 26ms, proxy.ts: 6ms, application-code: 42ms)
 GET /api/auth/organization/list 200 in 107ms (next.js: 45ms, proxy.ts: 5ms, application-code: 57ms)
 GET /dashboard 307 in 110ms (next.js: 3ms, proxy.ts: 5ms, application-code: 102ms)
 GET /support?error=You%20no%20longer%20have%20access%20to%20this%20page.%20Choose%20an%20available%20section%20or%20contact%20an%20administrator. 200 in 95ms (next.js: 2ms, proxy.ts: 2ms, application-code: 90ms)
 GET /api/auth/get-session 200 in 75ms (next.js: 49ms, proxy.ts: 4ms, application-code: 22ms)
 GET /api/auth/organization/list 200 in 103ms (next.js: 55ms, proxy.ts: 4ms, application-code: 45ms)
 GET /settings 307 in 109ms (next.js: 4ms, proxy.ts: 4ms, application-code: 101ms)
 GET /support?error=You%20no%20longer%20have%20access%20to%20this%20page.%20Choose%20an%20available%20section%20or%20contact%20an%20administrator. 200 in 102ms (next.js: 1.9ms, proxy.ts: 2ms, application-code: 98ms)
 GET /api/auth/get-session 200 in 94ms (next.js: 50ms, proxy.ts: 4ms, application-code: 40ms)
 GET /api/auth/organization/list 200 in 109ms (next.js: 55ms, proxy.ts: 4ms, application-code: 50ms)
 GET /billing 307 in 114ms (next.js: 5ms, proxy.ts: 4ms, application-code: 105ms)
 GET /support?error=You%20no%20longer%20have%20access%20to%20this%20page.%20Choose%20an%20available%20section%20or%20contact%20an%20administrator. 200 in 102ms (next.js: 2ms, proxy.ts: 2ms, application-code: 97ms)
  ✓  17 [chromium] › e2e/authenticated-rbac.spec.ts:55:9 › authenticated five-role route matrix › client has only its server-authorized product surface (1.4s)
 GET /api/exports/80000000-0000-4000-8000-000000000003 404 in 770ms (next.js: 745ms, proxy.ts: 2ms, application-code: 23ms)
  ✓  18 [chromium] › e2e/authenticated-rbac.spec.ts:75:9 › authenticated five-role route matrix › owner cannot cross the direct export API boundary (1.1s)
 GET /api/exports/80000000-0000-4000-8000-000000000003 403 in 13ms (next.js: 3ms, proxy.ts: 1.8ms, application-code: 8ms)
  ✓  19 [chromium] › e2e/authenticated-rbac.spec.ts:75:9 › authenticated five-role route matrix › admin cannot cross the direct export API boundary (52ms)
 GET /api/exports/80000000-0000-4000-8000-000000000003 403 in 12ms (next.js: 2ms, proxy.ts: 3ms, application-code: 7ms)
  ✓  20 [chromium] › e2e/authenticated-rbac.spec.ts:75:9 › authenticated five-role route matrix › strategist cannot cross the direct export API boundary (49ms)
 GET /api/exports/80000000-0000-4000-8000-000000000003 403 in 12ms (next.js: 1.8ms, proxy.ts: 2ms, application-code: 8ms)
  ✓  21 [chromium] › e2e/authenticated-rbac.spec.ts:75:9 › authenticated five-role route matrix › analyst cannot cross the direct export API boundary (50ms)
 GET /api/exports/80000000-0000-4000-8000-000000000003 403 in 9ms (next.js: 1.9ms, proxy.ts: 1.7ms, application-code: 5ms)
  ✓  22 [chromium] › e2e/authenticated-rbac.spec.ts:75:9 › authenticated five-role route matrix › client cannot cross the direct export API boundary (48ms)
 GET /settings 200 in 208ms (next.js: 2.0ms, proxy.ts: 1.8ms, application-code: 204ms)
 GET /api/auth/get-session 200 in 35ms (next.js: 5ms, proxy.ts: 3ms, application-code: 27ms)
 GET /api/auth/organization/list 200 in 37ms (next.js: 14ms, proxy.ts: 3ms, application-code: 21ms)
 POST /settings 200 in 83ms (next.js: 3ms, proxy.ts: 4ms, application-code: 76ms)
  └─ ƒ updateWorkspaceLocale({}) in 19ms src/app/actions.ts
 GET /settings?notice=Workspace+language+updated. 200 in 104ms (next.js: 3ms, proxy.ts: 5ms, application-code: 97ms)
 GET /settings?notice=Workspace+language+updated. 200 in 84ms (next.js: 1.8ms, proxy.ts: 1.8ms, application-code: 80ms)
 POST /settings 200 in 146ms (next.js: 15ms, proxy.ts: 8ms, application-code: 123ms)
  └─ ƒ updateWorkspaceLocale({}) in 34ms src/app/actions.ts
 GET /settings?notice=Workspace+language+updated. 200 in 87ms (next.js: 1.7ms, proxy.ts: 1.6ms, application-code: 84ms)
 POST /settings 200 in 105ms (next.js: 1.8ms, proxy.ts: 1.8ms, application-code: 101ms)
  └─ ƒ updateWorkspaceLocale({}) in 10ms src/app/actions.ts
 GET /settings?error=Permission+required%3A+workspace%3Aadmin 200 in 43ms (next.js: 2.0ms, proxy.ts: 1.4ms, application-code: 40ms)
 POST /settings 200 in 56ms (next.js: 1.9ms, proxy.ts: 1.9ms, application-code: 52ms)
  └─ ƒ updateWorkspaceLocale({}) in 5ms src/app/actions.ts
 GET /settings?error=Permission+required%3A+workspace%3Aadmin 200 in 45ms (next.js: 2.0ms, proxy.ts: 1.5ms, application-code: 42ms)
 POST /settings 200 in 58ms (next.js: 2ms, proxy.ts: 1.9ms, application-code: 54ms)
  └─ ƒ updateWorkspaceLocale({}) in 5ms src/app/actions.ts
 GET /settings?error=Permission+required%3A+workspace%3Aadmin 200 in 48ms (next.js: 1.9ms, proxy.ts: 1.5ms, application-code: 45ms)
 POST /settings 200 in 62ms (next.js: 1.8ms, proxy.ts: 1.8ms, application-code: 58ms)
  └─ ƒ updateWorkspaceLocale({}) in 5ms src/app/actions.ts
  ✓  23 [chromium] › e2e/authenticated-rbac.spec.ts:93:7 › authenticated Server Action authorization matrix › re-authorizes workspace administration for every session (1.1s)
 GET /dashboard?client=80000000-0000-4000-8000-000000000092 200 in 185ms (next.js: 1.8ms, proxy.ts: 3ms, application-code: 180ms)
 GET /api/auth/get-session 200 in 27ms (next.js: 7ms, proxy.ts: 3ms, application-code: 16ms)
 GET /api/auth/organization/list 200 in 28ms (next.js: 12ms, proxy.ts: 4ms, application-code: 13ms)
 POST /dashboard?client=80000000-0000-4000-8000-000000000092 200 in 285ms (next.js: 2ms, proxy.ts: 2ms, application-code: 281ms)
  └─ ƒ setCookieConsent({}) in 2ms src/app/preferences-actions.ts
 GET /dashboard?client=80000000-0000-4000-8000-000000000092 200 in 282ms (next.js: 13ms, proxy.ts: 24ms, application-code: 246ms)
 GET /api/auth/get-session 200 in 79ms (next.js: 45ms, proxy.ts: 5ms, application-code: 28ms)
 GET /api/auth/organization/list 200 in 120ms (next.js: 48ms, proxy.ts: 6ms, application-code: 66ms)
 GET /dashboard?client=80000000-0000-4000-8000-000000000092 200 in 230ms (next.js: 5ms, proxy.ts: 7ms, application-code: 218ms)
 GET /api/auth/get-session 200 in 80ms (next.js: 50ms, proxy.ts: 10ms, application-code: 20ms)
 GET /api/auth/organization/list 200 in 113ms (next.js: 53ms, proxy.ts: 4ms, application-code: 56ms)
 GET /dashboard?client=80000000-0000-4000-8000-000000000092 200 in 225ms (next.js: 3ms, proxy.ts: 5ms, application-code: 217ms)
 GET /api/auth/get-session 200 in 25ms (next.js: 3ms, proxy.ts: 2ms, application-code: 19ms)
 GET /api/auth/organization/list 200 in 28ms (next.js: 12ms, proxy.ts: 2ms, application-code: 13ms)
 GET /dashboard?client=80000000-0000-4000-8000-000000000092 200 in 187ms (next.js: 2ms, proxy.ts: 5ms, application-code: 180ms)
 GET /api/auth/get-session 200 in 23ms (next.js: 5ms, proxy.ts: 4ms, application-code: 14ms)
 GET /api/auth/organization/list 200 in 24ms (next.js: 9ms, proxy.ts: 4ms, application-code: 11ms)
 GET /dashboard?client=80000000-0000-4000-8000-000000000093 200 in 166ms (next.js: 2ms, proxy.ts: 2.0ms, application-code: 162ms)
  ✓  24 [chromium] › e2e/dashboard-health-local.spec.ts:15:53 › qualified cockpit health › counts all alerts and refuses unqualified scores in fr (2.5s)
 GET /dashboard?client=80000000-0000-4000-8000-000000000092 200 in 187ms (next.js: 2ms, proxy.ts: 1.9ms, application-code: 183ms)
 GET /api/auth/get-session 200 in 22ms (next.js: 6ms, proxy.ts: 3ms, application-code: 13ms)
 GET /api/auth/organization/list 200 in 24ms (next.js: 10ms, proxy.ts: 3ms, application-code: 10ms)
 POST /dashboard?client=80000000-0000-4000-8000-000000000092 200 in 282ms (next.js: 2ms, proxy.ts: 2ms, application-code: 278ms)
  └─ ƒ setCookieConsent({}) in 2ms src/app/preferences-actions.ts
 GET /dashboard?client=80000000-0000-4000-8000-000000000092 200 in 279ms (next.js: 11ms, proxy.ts: 24ms, application-code: 245ms)
 GET /api/auth/get-session 200 in 72ms (next.js: 42ms, proxy.ts: 4ms, application-code: 26ms)
 GET /api/auth/organization/list 200 in 113ms (next.js: 46ms, proxy.ts: 4ms, application-code: 63ms)
 GET /dashboard?client=80000000-0000-4000-8000-000000000092 200 in 220ms (next.js: 3ms, proxy.ts: 4ms, application-code: 214ms)
 GET /api/auth/get-session 200 in 73ms (next.js: 47ms, proxy.ts: 4ms, application-code: 23ms)
 GET /api/auth/organization/list 200 in 117ms (next.js: 50ms, proxy.ts: 4ms, application-code: 63ms)
 GET /dashboard?client=80000000-0000-4000-8000-000000000092 200 in 218ms (next.js: 3ms, proxy.ts: 5ms, application-code: 210ms)
 GET /api/auth/get-session 200 in 66ms (next.js: 39ms, proxy.ts: 5ms, application-code: 21ms)
 GET /api/auth/organization/list 200 in 117ms (next.js: 42ms, proxy.ts: 5ms, application-code: 70ms)
 GET /dashboard?client=80000000-0000-4000-8000-000000000092 200 in 211ms (next.js: 3ms, proxy.ts: 5ms, application-code: 203ms)
 GET /api/auth/get-session 200 in 21ms (next.js: 6ms, proxy.ts: 3ms, application-code: 12ms)
 GET /api/auth/organization/list 200 in 22ms (next.js: 10ms, proxy.ts: 3ms, application-code: 9ms)
 GET /dashboard?client=80000000-0000-4000-8000-000000000093 200 in 159ms (next.js: 3ms, proxy.ts: 2ms, application-code: 154ms)
  ✓  25 [chromium] › e2e/dashboard-health-local.spec.ts:15:53 › qualified cockpit health › counts all alerts and refuses unqualified scores in en (2.5s)
 POST /api/auth/organization/set-active 200 in 12ms (next.js: 1.9ms, proxy.ts: 2ms, application-code: 8ms)
 GET /getting-started 200 in 166ms (next.js: 20ms, proxy.ts: 2ms, application-code: 145ms)
 GET /api/auth/get-session 200 in 22ms (next.js: 5ms, proxy.ts: 3ms, application-code: 14ms)
 GET /api/auth/organization/list 200 in 25ms (next.js: 9ms, proxy.ts: 3ms, application-code: 13ms)
 GET /getting-started 200 in 149ms (next.js: 4ms, proxy.ts: 5ms, application-code: 141ms)
 GET /api/auth/get-session 200 in 20ms (next.js: 4ms, proxy.ts: 3ms, application-code: 13ms)
 GET /api/auth/organization/list 200 in 23ms (next.js: 8ms, proxy.ts: 3ms, application-code: 12ms)
 GET /getting-started 200 in 164ms (next.js: 5ms, proxy.ts: 3ms, application-code: 155ms)
 GET /api/auth/get-session 200 in 25ms (next.js: 6ms, proxy.ts: 4ms, application-code: 15ms)
 GET /api/auth/organization/list 200 in 26ms (next.js: 11ms, proxy.ts: 3ms, application-code: 12ms)
 GET /getting-started 200 in 158ms (next.js: 5ms, proxy.ts: 4ms, application-code: 149ms)
 GET /api/auth/get-session 200 in 30ms (next.js: 12ms, proxy.ts: 4ms, application-code: 15ms)
 GET /api/auth/organization/list 200 in 32ms (next.js: 20ms, proxy.ts: 4ms, application-code: 8ms)
 GET /getting-started 200 in 159ms (next.js: 2ms, proxy.ts: 2ms, application-code: 155ms)
 GET /api/auth/get-session 200 in 23ms (next.js: 7ms, proxy.ts: 3ms, application-code: 14ms)
 GET /api/auth/organization/list 200 in 33ms (next.js: 10ms, proxy.ts: 3ms, application-code: 19ms)
 GET /getting-started 200 in 130ms (next.js: 1.9ms, proxy.ts: 2.0ms, application-code: 127ms)
  ✓  26 [chromium] › e2e/getting-started-local.spec.ts:6:7 › guided setup fr requires selected accounts and qualified milestones (2.2s)
 POST /api/auth/organization/set-active 200 in 11ms (next.js: 1.9ms, proxy.ts: 2ms, application-code: 7ms)
 GET /getting-started 200 in 154ms (next.js: 2ms, proxy.ts: 3ms, application-code: 149ms)
 GET /api/auth/get-session 200 in 30ms (next.js: 9ms, proxy.ts: 2ms, application-code: 19ms)
 GET /api/auth/organization/list 200 in 30ms (next.js: 13ms, proxy.ts: 3ms, application-code: 14ms)
 GET /getting-started 200 in 164ms (next.js: 6ms, proxy.ts: 5ms, application-code: 154ms)
 GET /api/auth/get-session 200 in 23ms (next.js: 5ms, proxy.ts: 3ms, application-code: 15ms)
 GET /api/auth/organization/list 200 in 29ms (next.js: 11ms, proxy.ts: 2ms, application-code: 16ms)
 GET /getting-started 200 in 165ms (next.js: 1.9ms, proxy.ts: 8ms, application-code: 156ms)
 GET /api/auth/get-session 200 in 33ms (next.js: 6ms, proxy.ts: 7ms, application-code: 19ms)
 GET /api/auth/organization/list 200 in 35ms (next.js: 15ms, proxy.ts: 6ms, application-code: 14ms)
 GET /getting-started 200 in 168ms (next.js: 6ms, proxy.ts: 5ms, application-code: 157ms)
 GET /api/auth/get-session 200 in 20ms (next.js: 4ms, proxy.ts: 3ms, application-code: 14ms)
 GET /api/auth/organization/list 200 in 23ms (next.js: 9ms, proxy.ts: 3ms, application-code: 11ms)
 GET /getting-started 200 in 154ms (next.js: 1.9ms, proxy.ts: 2ms, application-code: 149ms)
 GET /api/auth/get-session 200 in 22ms (next.js: 5ms, proxy.ts: 3ms, application-code: 14ms)
 GET /api/auth/organization/list 200 in 23ms (next.js: 9ms, proxy.ts: 3ms, application-code: 12ms)
 GET /getting-started 200 in 129ms (next.js: 1.8ms, proxy.ts: 1.7ms, application-code: 126ms)
  ✓  27 [chromium] › e2e/getting-started-local.spec.ts:6:7 › guided setup en requires selected accounts and qualified milestones (2.2s)
 GET /settings 200 in 211ms (next.js: 2ms, proxy.ts: 1.8ms, application-code: 207ms)
 GET /api/auth/get-session 200 in 20ms (next.js: 5ms, proxy.ts: 3ms, application-code: 12ms)
 GET /api/auth/organization/list 200 in 20ms (next.js: 8ms, proxy.ts: 3ms, application-code: 9ms)
 GET /settings?notice=Pr%C3%A9f%C3%A9rences+personnelles+de+t%C3%A2ches+enregistr%C3%A9es. 200 in 91ms (next.js: 2.0ms, proxy.ts: 1.6ms, application-code: 88ms)
 POST /settings 200 in 120ms (next.js: 3ms, proxy.ts: 3ms, application-code: 114ms)
  └─ ƒ updateMyTaskNotificationPreferences({}) in 15ms src/app/actions.ts
 GET /settings?notice=Pr%C3%A9f%C3%A9rences%20personnelles%20de%20t%C3%A2ches%20enregistr%C3%A9es. 200 in 229ms (next.js: 1.9ms, proxy.ts: 1.9ms, application-code: 225ms)
 GET /api/auth/get-session 200 in 20ms (next.js: 5ms, proxy.ts: 3ms, application-code: 12ms)
 GET /api/auth/organization/list 200 in 21ms (next.js: 8ms, proxy.ts: 3ms, application-code: 10ms)
 GET /settings?error=Workspace+access+state+does+not+allow%3A+workspace%3Aread 200 in 48ms (next.js: 1.8ms, proxy.ts: 1.9ms, application-code: 45ms)
 POST /settings?notice=Pr%C3%A9f%C3%A9rences%20personnelles%20de%20t%C3%A2ches%20enregistr%C3%A9es. 200 in 66ms (next.js: 2ms, proxy.ts: 2ms, application-code: 61ms)
  └─ ƒ updateMyTaskNotificationPreferences({}) in 7ms src/app/actions.ts
 GET /support?notice=Votre+acc%C3%A8s+actuel+est+limit%C3%A9+%C3%A0+la+facturation+et+aux+donn%C3%A9es+stock%C3%A9es. 200 in 62ms (next.js: 3ms, proxy.ts: 3ms, application-code: 56ms)
 GET /support?notice=Votre+acc%C3%A8s+actuel+est+limit%C3%A9+%C3%A0+la+facturation+et+aux+donn%C3%A9es+stock%C3%A9es. 200 in 55ms (next.js: 5ms, proxy.ts: 5ms, application-code: 45ms)
  ✓  28 [chromium] › e2e/member-preferences-local.spec.ts:6:7 › member preferences fr persist personal settings and refuse a stale grace form (1.6s)
 GET /settings 200 in 212ms (next.js: 1.7ms, proxy.ts: 2ms, application-code: 208ms)
 GET /api/auth/get-session 200 in 21ms (next.js: 5ms, proxy.ts: 3ms, application-code: 13ms)
 GET /api/auth/organization/list 200 in 22ms (next.js: 9ms, proxy.ts: 3ms, application-code: 9ms)
 GET /settings?notice=Pr%C3%A9f%C3%A9rences+personnelles+de+t%C3%A2ches+enregistr%C3%A9es. 200 in 92ms (next.js: 3ms, proxy.ts: 1.7ms, application-code: 87ms)
 POST /settings 200 in 116ms (next.js: 2ms, proxy.ts: 2ms, application-code: 112ms)
  └─ ƒ updateMyTaskNotificationPreferences({}) in 13ms src/app/actions.ts
 GET /settings?notice=Pr%C3%A9f%C3%A9rences%20personnelles%20de%20t%C3%A2ches%20enregistr%C3%A9es. 200 in 207ms (next.js: 1.8ms, proxy.ts: 2.0ms, application-code: 203ms)
 GET /api/auth/get-session 200 in 30ms (next.js: 14ms, proxy.ts: 2ms, application-code: 13ms)
 GET /api/auth/organization/list 200 in 31ms (next.js: 9ms, proxy.ts: 11ms, application-code: 11ms)
 GET /settings?error=Workspace+access+state+does+not+allow%3A+workspace%3Aread 200 in 55ms (next.js: 2ms, proxy.ts: 1.8ms, application-code: 51ms)
 POST /settings?notice=Pr%C3%A9f%C3%A9rences%20personnelles%20de%20t%C3%A2ches%20enregistr%C3%A9es. 200 in 78ms (next.js: 3ms, proxy.ts: 2ms, application-code: 73ms)
  └─ ƒ updateMyTaskNotificationPreferences({}) in 11ms src/app/actions.ts
 GET /support?notice=Your+current+access+is+limited+to+billing+and+stored+data. 200 in 67ms (next.js: 2ms, proxy.ts: 1.9ms, application-code: 63ms)
 GET /support?notice=Your+current+access+is+limited+to+billing+and+stored+data. 200 in 55ms (next.js: 4ms, proxy.ts: 6ms, application-code: 45ms)
  ✓  29 [chromium] › e2e/member-preferences-local.spec.ts:6:7 › member preferences en persist personal settings and refuse a stale grace form (1.6s)
 GET /agents 200 in 167ms (next.js: 4ms, proxy.ts: 1.9ms, application-code: 161ms)
 GET /api/auth/get-session 200 in 30ms (next.js: 5ms, proxy.ts: 3ms, application-code: 22ms)
 GET /api/auth/organization/list 200 in 32ms (next.js: 10ms, proxy.ts: 3ms, application-code: 20ms)
 GET /agents?notice=Vigie+activ%C3%A9e.+Elle+sera+ex%C3%A9cut%C3%A9e+chaque+jour. 200 in 77ms (next.js: 2ms, proxy.ts: 2ms, application-code: 73ms)
 POST /agents 200 in 100ms (next.js: 2ms, proxy.ts: 2ms, application-code: 95ms)
  └─ ƒ createMonitoringAgent({}) in 11ms src/app/actions.ts
 GET /agents?notice=Vigie+mise+en+pause. 200 in 112ms (next.js: 3ms, proxy.ts: 22ms, application-code: 86ms)
 POST /agents?notice=Vigie%20activ%C3%A9e.%20Elle%20sera%20ex%C3%A9cut%C3%A9e%20chaque%20jour. 200 in 131ms (next.js: 2ms, proxy.ts: 2ms, application-code: 127ms)
  └─ ƒ toggleMonitoringAgent({}) in 11ms src/app/actions.ts
 GET /agents?notice=Vigie+activ%C3%A9e. 200 in 72ms (next.js: 2ms, proxy.ts: 1.8ms, application-code: 68ms)
 POST /agents?notice=Vigie%20mise%20en%20pause. 200 in 92ms (next.js: 1.9ms, proxy.ts: 2ms, application-code: 88ms)
  └─ ƒ toggleMonitoringAgent({}) in 11ms src/app/actions.ts
 GET /alerts?notice=Analyse+planifi%C3%A9e.+Les+signalements+seront+actualis%C3%A9s+apr%C3%A8s+son+traitement. 200 in 65ms (next.js: 3ms, proxy.ts: 1.6ms, application-code: 60ms)
 POST /agents?notice=Vigie%20activ%C3%A9e. 200 in 83ms (next.js: 2ms, proxy.ts: 2ms, application-code: 79ms)
  └─ ƒ runMonitoringScan({}) in 9ms src/app/actions.ts
 GET /alerts?id=3545abfb-751b-49b6-9898-bba7a9b58bcb 200 in 121ms (next.js: 1.8ms, proxy.ts: 2.0ms, application-code: 117ms)
 GET /api/auth/get-session 200 in 21ms (next.js: 6ms, proxy.ts: 4ms, application-code: 11ms)
 GET /api/auth/organization/list 200 in 24ms (next.js: 10ms, proxy.ts: 4ms, application-code: 10ms)
 GET /alerts?notice=Workflow+de+l%E2%80%99alerte+mis+%C3%A0+jour.&id=3545abfb-751b-49b6-9898-bba7a9b58bcb 200 in 74ms (next.js: 8ms, proxy.ts: 1.7ms, application-code: 64ms)
 POST /alerts?id=3545abfb-751b-49b6-9898-bba7a9b58bcb 200 in 93ms (next.js: 1.8ms, proxy.ts: 2ms, application-code: 89ms)
  └─ ƒ updateAlertWorkflow({}) in 10ms src/app/actions.ts
 GET /alerts?notice=Workflow+de+l%E2%80%99alerte+mis+%C3%A0+jour.&id=3545abfb-751b-49b6-9898-bba7a9b58bcb 200 in 58ms (next.js: 1.9ms, proxy.ts: 2ms, application-code: 54ms)
 POST /alerts?notice=Workflow%20de%20l%E2%80%99alerte%20mis%20%C3%A0%20jour.&id=3545abfb-751b-49b6-9898-bba7a9b58bcb 200 in 76ms (next.js: 1.9ms, proxy.ts: 2ms, application-code: 72ms)
  └─ ƒ updateAlertWorkflow({}) in 9ms src/app/actions.ts
 GET /alerts?notice=Workflow+de+l%E2%80%99alerte+mis+%C3%A0+jour.&id=3545abfb-751b-49b6-9898-bba7a9b58bcb 200 in 72ms (next.js: 1.8ms, proxy.ts: 1.6ms, application-code: 69ms)
 POST /alerts?notice=Workflow%20de%20l%E2%80%99alerte%20mis%20%C3%A0%20jour.&id=3545abfb-751b-49b6-9898-bba7a9b58bcb 200 in 90ms (next.js: 2ms, proxy.ts: 2ms, application-code: 86ms)
  └─ ƒ updateAlertWorkflow({}) in 9ms src/app/actions.ts
 GET /alerts?error=Permission+required%3A+alerts%3Amanage&id=3545abfb-751b-49b6-9898-bba7a9b58bcb 200 in 60ms (next.js: 1.9ms, proxy.ts: 1.8ms, application-code: 56ms)
 POST /alerts?notice=Workflow%20de%20l%E2%80%99alerte%20mis%20%C3%A0%20jour.&id=3545abfb-751b-49b6-9898-bba7a9b58bcb 200 in 76ms (next.js: 2ms, proxy.ts: 2ms, application-code: 71ms)
  └─ ƒ updateAlertWorkflow({}) in 7ms src/app/actions.ts
 GET /alerts?error=Permission%20required%3A%20alerts%3Amanage&id=3545abfb-751b-49b6-9898-bba7a9b58bcb 200 in 129ms (next.js: 2ms, proxy.ts: 1.8ms, application-code: 125ms)
 GET /api/auth/get-session 200 in 30ms (next.js: 6ms, proxy.ts: 3ms, application-code: 21ms)
 GET /api/auth/organization/list 200 in 34ms (next.js: 14ms, proxy.ts: 3ms, application-code: 17ms)
  ✓  30 [chromium] › e2e/monitoring-actors-local.spec.ts:6:7 › monitoring actor fr preserves authorized controls and rejects a revoked form (2.7s)
 GET /agents 200 in 175ms (next.js: 2ms, proxy.ts: 1.8ms, application-code: 172ms)
 GET /api/auth/get-session 200 in 22ms (next.js: 4ms, proxy.ts: 2ms, application-code: 15ms)
 GET /api/auth/organization/list 200 in 25ms (next.js: 10ms, proxy.ts: 3ms, application-code: 13ms)
 GET /agents?notice=Vigie+activ%C3%A9e.+Elle+sera+ex%C3%A9cut%C3%A9e+chaque+jour. 200 in 79ms (next.js: 3ms, proxy.ts: 2ms, application-code: 74ms)
 POST /agents 200 in 103ms (next.js: 2ms, proxy.ts: 3ms, application-code: 98ms)
  └─ ƒ createMonitoringAgent({}) in 11ms src/app/actions.ts
 GET /agents?notice=Vigie+mise+en+pause. 200 in 66ms (next.js: 3ms, proxy.ts: 1.7ms, application-code: 61ms)
 POST /agents?notice=Vigie%20activ%C3%A9e.%20Elle%20sera%20ex%C3%A9cut%C3%A9e%20chaque%20jour. 200 in 93ms (next.js: 2ms, proxy.ts: 2ms, application-code: 88ms)
  └─ ƒ toggleMonitoringAgent({}) in 17ms src/app/actions.ts
 GET /agents?notice=Vigie+activ%C3%A9e. 200 in 72ms (next.js: 1.9ms, proxy.ts: 1.7ms, application-code: 69ms)
 POST /agents?notice=Vigie%20mise%20en%20pause. 200 in 88ms (next.js: 1.8ms, proxy.ts: 2ms, application-code: 84ms)
  └─ ƒ toggleMonitoringAgent({}) in 6ms src/app/actions.ts
 GET /alerts?notice=Analyse+planifi%C3%A9e.+Les+signalements+seront+actualis%C3%A9s+apr%C3%A8s+son+traitement. 200 in 61ms (next.js: 1.9ms, proxy.ts: 1.8ms, application-code: 57ms)
 POST /agents?notice=Vigie%20activ%C3%A9e. 200 in 79ms (next.js: 2ms, proxy.ts: 2ms, application-code: 75ms)
  └─ ƒ runMonitoringScan({}) in 9ms src/app/actions.ts
 GET /alerts?id=c98b9317-6717-4fe6-b0c9-eed262d5607c 200 in 130ms (next.js: 1.9ms, proxy.ts: 1.7ms, application-code: 127ms)
 GET /api/auth/get-session 200 in 20ms (next.js: 5ms, proxy.ts: 3ms, application-code: 12ms)
 GET /api/auth/organization/list 200 in 21ms (next.js: 8ms, proxy.ts: 3ms, application-code: 10ms)
 GET /alerts?notice=Workflow+de+l%E2%80%99alerte+mis+%C3%A0+jour.&id=c98b9317-6717-4fe6-b0c9-eed262d5607c 200 in 66ms (next.js: 1.8ms, proxy.ts: 1.6ms, application-code: 63ms)
 POST /alerts?id=c98b9317-6717-4fe6-b0c9-eed262d5607c 200 in 82ms (next.js: 1.9ms, proxy.ts: 2ms, application-code: 79ms)
  └─ ƒ updateAlertWorkflow({}) in 7ms src/app/actions.ts
 GET /alerts?notice=Workflow+de+l%E2%80%99alerte+mis+%C3%A0+jour.&id=c98b9317-6717-4fe6-b0c9-eed262d5607c 200 in 63ms (next.js: 1.6ms, proxy.ts: 1.6ms, application-code: 60ms)
 POST /alerts?notice=Workflow%20de%20l%E2%80%99alerte%20mis%20%C3%A0%20jour.&id=c98b9317-6717-4fe6-b0c9-eed262d5607c 200 in 79ms (next.js: 1.9ms, proxy.ts: 2.0ms, application-code: 75ms)
  └─ ƒ updateAlertWorkflow({}) in 7ms src/app/actions.ts
 GET /alerts?notice=Workflow+de+l%E2%80%99alerte+mis+%C3%A0+jour.&id=c98b9317-6717-4fe6-b0c9-eed262d5607c 200 in 64ms (next.js: 1.8ms, proxy.ts: 1.6ms, application-code: 60ms)
 POST /alerts?notice=Workflow%20de%20l%E2%80%99alerte%20mis%20%C3%A0%20jour.&id=c98b9317-6717-4fe6-b0c9-eed262d5607c 200 in 82ms (next.js: 1.7ms, proxy.ts: 2ms, application-code: 78ms)
  └─ ƒ updateAlertWorkflow({}) in 8ms src/app/actions.ts
 GET /alerts?error=Permission+required%3A+alerts%3Amanage&id=c98b9317-6717-4fe6-b0c9-eed262d5607c 200 in 77ms (next.js: 2ms, proxy.ts: 1.7ms, application-code: 73ms)
 POST /alerts?notice=Workflow%20de%20l%E2%80%99alerte%20mis%20%C3%A0%20jour.&id=c98b9317-6717-4fe6-b0c9-eed262d5607c 200 in 95ms (next.js: 2ms, proxy.ts: 2ms, application-code: 91ms)
  └─ ƒ updateAlertWorkflow({}) in 7ms src/app/actions.ts
 GET /alerts?error=Permission%20required%3A%20alerts%3Amanage&id=c98b9317-6717-4fe6-b0c9-eed262d5607c 200 in 137ms (next.js: 2ms, proxy.ts: 2ms, application-code: 133ms)
 GET /api/auth/get-session 200 in 23ms (next.js: 7ms, proxy.ts: 3ms, application-code: 13ms)
 GET /api/auth/organization/list 200 in 24ms (next.js: 12ms, proxy.ts: 3ms, application-code: 9ms)
  ✓  31 [chromium] › e2e/monitoring-actors-local.spec.ts:6:7 › monitoring actor en preserves authorized controls and rejects a revoked form (2.7s)
 GET /insights/devices?client=80000000-0000-4000-8000-000000000094 200 in 138ms (next.js: 6ms, proxy.ts: 2.0ms, application-code: 130ms)
 GET /api/auth/get-session 200 in 28ms (next.js: 7ms, proxy.ts: 3ms, application-code: 18ms)
 GET /api/auth/organization/list 200 in 31ms (next.js: 11ms, proxy.ts: 5ms, application-code: 14ms)
 GET /tasks 200 in 74ms (next.js: 4ms, proxy.ts: 3ms, application-code: 67ms)
 GET /discussions/tasks/a213c5a3-0f8a-4d3b-a8be-969789fefb3a 200 in 528ms (next.js: 420ms, proxy.ts: 1.8ms, application-code: 106ms)
 GET /api/auth/get-session 200 in 23ms (next.js: 7ms, proxy.ts: 3ms, application-code: 13ms)
 GET /api/auth/organization/list 200 in 24ms (next.js: 13ms, proxy.ts: 3ms, application-code: 8ms)
 GET /dashboard 200 in 69ms (next.js: 5ms, proxy.ts: 3ms, application-code: 61ms)
 GET /tasks 200 in 48ms (next.js: 2ms, proxy.ts: 2ms, application-code: 43ms)
 GET /dashboard 200 in 58ms (next.js: 3ms, proxy.ts: 2ms, application-code: 53ms)
 GET /tasks 200 in 61ms (next.js: 2ms, proxy.ts: 2ms, application-code: 57ms)
 GET /dashboard?client=invalid 404 in 124ms (next.js: 14ms, proxy.ts: 3ms, application-code: 108ms)
 GET /dashboard?client= 404 in 108ms (next.js: 1.7ms, proxy.ts: 1.5ms, application-code: 105ms)
 GET /dashboard?client=80000000-0000-4000-8000-000000000095 404 in 103ms (next.js: 1.7ms, proxy.ts: 1.6ms, application-code: 100ms)
 GET /dashboard?client=80000000-0000-4000-8000-000000000094&client=80000000-0000-4000-8000-000000000095 404 in 107ms (next.js: 1.6ms, proxy.ts: 1.7ms, application-code: 104ms)
 GET /analysis?client=invalid 404 in 103ms (next.js: 4ms, proxy.ts: 1.7ms, application-code: 97ms)
 GET /analysis?client= 404 in 105ms (next.js: 1.6ms, proxy.ts: 1.8ms, application-code: 101ms)
 GET /analysis?client=80000000-0000-4000-8000-000000000095 404 in 108ms (next.js: 1.8ms, proxy.ts: 1.8ms, application-code: 105ms)
 GET /analysis?client=80000000-0000-4000-8000-000000000094&client=80000000-0000-4000-8000-000000000095 404 in 99ms (next.js: 1.7ms, proxy.ts: 1.5ms, application-code: 96ms)
 GET /insights?client=invalid 404 in 106ms (next.js: 3ms, proxy.ts: 1.5ms, application-code: 102ms)
 GET /insights?client= 404 in 108ms (next.js: 1.7ms, proxy.ts: 1.6ms, application-code: 105ms)
 GET /insights?client=80000000-0000-4000-8000-000000000095 404 in 110ms (next.js: 2ms, proxy.ts: 1.6ms, application-code: 107ms)
 GET /insights?client=80000000-0000-4000-8000-000000000094&client=80000000-0000-4000-8000-000000000095 404 in 98ms (next.js: 1.6ms, proxy.ts: 1.6ms, application-code: 95ms)
 GET /history?client=invalid 404 in 107ms (next.js: 4ms, proxy.ts: 1.6ms, application-code: 102ms)
 GET /history?client= 404 in 97ms (next.js: 2.0ms, proxy.ts: 1.6ms, application-code: 94ms)
 GET /history?client=80000000-0000-4000-8000-000000000095 404 in 105ms (next.js: 1.6ms, proxy.ts: 1.5ms, application-code: 102ms)
 GET /history?client=80000000-0000-4000-8000-000000000094&client=80000000-0000-4000-8000-000000000095 404 in 104ms (next.js: 1.6ms, proxy.ts: 1.6ms, application-code: 101ms)
 GET /dashboard?client=80000000-0000-4000-8000-000000000094 404 in 107ms (next.js: 2ms, proxy.ts: 1.8ms, application-code: 103ms)
  ✓  32 [chromium] › e2e/navigation-state-local.spec.ts:14:53 › live navigation state › follows client navigation, keyboard and invalid accounts in fr (4.2s)
 GET /insights/devices?client=80000000-0000-4000-8000-000000000094 200 in 133ms (next.js: 4ms, proxy.ts: 1.7ms, application-code: 127ms)
 GET /api/auth/get-session 200 in 23ms (next.js: 6ms, proxy.ts: 3ms, application-code: 14ms)
 GET /api/auth/organization/list 200 in 25ms (next.js: 11ms, proxy.ts: 2ms, application-code: 12ms)
 GET /tasks 200 in 58ms (next.js: 3ms, proxy.ts: 7ms, application-code: 48ms)
 GET /discussions/tasks/ac28c6fc-914a-4ef7-82ba-491a07ab3ddb 200 in 119ms (next.js: 4ms, proxy.ts: 1.8ms, application-code: 114ms)
 GET /api/auth/get-session 200 in 26ms (next.js: 6ms, proxy.ts: 4ms, application-code: 15ms)
 GET /api/auth/organization/list 200 in 27ms (next.js: 11ms, proxy.ts: 5ms, application-code: 11ms)
 GET /dashboard 200 in 71ms (next.js: 5ms, proxy.ts: 6ms, application-code: 60ms)
 GET /tasks 200 in 61ms (next.js: 2ms, proxy.ts: 3ms, application-code: 56ms)
 GET /dashboard 200 in 56ms (next.js: 2ms, proxy.ts: 2ms, application-code: 52ms)
 GET /tasks 200 in 162ms (next.js: 2ms, proxy.ts: 3ms, application-code: 157ms)
 GET /dashboard?client=invalid 404 in 134ms (next.js: 5ms, proxy.ts: 5ms, application-code: 124ms)
 GET /dashboard?client= 404 in 111ms (next.js: 2.0ms, proxy.ts: 1.7ms, application-code: 107ms)
 GET /dashboard?client=80000000-0000-4000-8000-000000000095 404 in 111ms (next.js: 2ms, proxy.ts: 1.7ms, application-code: 107ms)
 GET /dashboard?client=80000000-0000-4000-8000-000000000094&client=80000000-0000-4000-8000-000000000095 404 in 106ms (next.js: 2ms, proxy.ts: 1.6ms, application-code: 102ms)
 GET /analysis?client=invalid 404 in 98ms (next.js: 1.8ms, proxy.ts: 1.7ms, application-code: 95ms)
 GET /analysis?client= 404 in 115ms (next.js: 1.7ms, proxy.ts: 1.8ms, application-code: 112ms)
 GET /analysis?client=80000000-0000-4000-8000-000000000095 404 in 110ms (next.js: 1.7ms, proxy.ts: 1.6ms, application-code: 106ms)
 GET /analysis?client=80000000-0000-4000-8000-000000000094&client=80000000-0000-4000-8000-000000000095 404 in 107ms (next.js: 1.8ms, proxy.ts: 2ms, application-code: 103ms)
 GET /insights?client=invalid 404 in 115ms (next.js: 1.6ms, proxy.ts: 1.6ms, application-code: 112ms)
 GET /insights?client= 404 in 107ms (next.js: 1.7ms, proxy.ts: 1.8ms, application-code: 103ms)
 GET /insights?client=80000000-0000-4000-8000-000000000095 404 in 117ms (next.js: 1.7ms, proxy.ts: 1.6ms, application-code: 113ms)
 GET /insights?client=80000000-0000-4000-8000-000000000094&client=80000000-0000-4000-8000-000000000095 404 in 104ms (next.js: 1.7ms, proxy.ts: 1.9ms, application-code: 101ms)
 GET /history?client=invalid 404 in 107ms (next.js: 1.7ms, proxy.ts: 1.7ms, application-code: 104ms)
 GET /history?client= 404 in 102ms (next.js: 1.6ms, proxy.ts: 1.5ms, application-code: 99ms)
 GET /history?client=80000000-0000-4000-8000-000000000095 404 in 122ms (next.js: 1.8ms, proxy.ts: 1.6ms, application-code: 118ms)
 GET /history?client=80000000-0000-4000-8000-000000000094&client=80000000-0000-4000-8000-000000000095 404 in 105ms (next.js: 3ms, proxy.ts: 2ms, application-code: 100ms)
 GET /dashboard?client=80000000-0000-4000-8000-000000000094 404 in 207ms (next.js: 1.9ms, proxy.ts: 1.7ms, application-code: 204ms)
  ✓  33 [chromium] › e2e/navigation-state-local.spec.ts:14:53 › live navigation state › follows client navigation, keyboard and invalid accounts in en (3.6s)
 GET /operations/costs?month=2001-03 200 in 157ms (next.js: 23ms, proxy.ts: 1.6ms, application-code: 133ms)
 GET /api/auth/get-session 200 in 20ms (next.js: 7ms, proxy.ts: 2ms, application-code: 11ms)
 GET /api/auth/organization/list 200 in 22ms (next.js: 10ms, proxy.ts: 2ms, application-code: 10ms)
 GET /operations/costs?month=2001-03&notice=Observation+enregistr%C3%A9e+avec+sa+version+et+son+audit. 200 in 82ms (next.js: 2ms, proxy.ts: 4ms, application-code: 76ms)
 POST /operations/costs?month=2001-03 200 in 107ms (next.js: 2.0ms, proxy.ts: 2ms, application-code: 103ms)
  └─ ƒ recordOperatingCost({}) in 12ms src/app/(app)/operations/costs/actions.ts
 GET /operations/costs?month=2001-03&error=Cette+r%C3%A9f%C3%A9rence+a+%C3%A9t%C3%A9+modifi%C3%A9e.+Rechargez+sa+version+courante. 200 in 69ms (next.js: 1.7ms, proxy.ts: 1.7ms, application-code: 66ms)
 POST /operations/costs?month=2001-03&notice=Observation+enregistr%C3%A9e+avec+sa+version+et+son+audit. 200 in 88ms (next.js: 2ms, proxy.ts: 2ms, application-code: 84ms)
  └─ ƒ recordOperatingCost({}) in 8ms src/app/(app)/operations/costs/actions.ts
 GET /operations/costs?month=2001-03&notice=Observation+enregistr%C3%A9e+avec+sa+version+et+son+audit. 200 in 91ms (next.js: 6ms, proxy.ts: 1.6ms, application-code: 83ms)
 POST /operations/costs?month=2001-03&error=Cette+r%C3%A9f%C3%A9rence+a+%C3%A9t%C3%A9+modifi%C3%A9e.+Rechargez+sa+version+courante. 200 in 112ms (next.js: 2ms, proxy.ts: 2ms, application-code: 108ms)
  └─ ƒ recordOperatingCost({}) in 10ms src/app/(app)/operations/costs/actions.ts
 GET /operations/costs?month=2001-03&notice=Observation+enregistr%C3%A9e+avec+sa+version+et+son+audit. 200 in 552ms (next.js: 2.0ms, proxy.ts: 2ms, application-code: 548ms)
 GET /api/auth/get-session 200 in 34ms (next.js: 23ms, proxy.ts: 5ms, application-code: 6ms)
 GET /api/auth/organization/list 200 in 35ms (next.js: 14ms, proxy.ts: 6ms, application-code: 14ms)
 GET /operations/costs?month=2001-03&after=browser-cost-d86486d8-550e-442a-809d-982f217593c4-24 200 in 70ms (next.js: 3ms, proxy.ts: 5ms, application-code: 62ms)
 GET /operations/costs?month=2001-03 200 in 116ms (next.js: 1.8ms, proxy.ts: 2ms, application-code: 112ms)
 GET /operations/costs?month=2001-03&notice=Observation+enregistr%C3%A9e+avec+sa+version+et+son+audit. 200 in 193ms (next.js: 1.7ms, proxy.ts: 1.8ms, application-code: 189ms)
 POST /operations/costs?month=2001-03 200 in 214ms (next.js: 2ms, proxy.ts: 3ms, application-code: 209ms)
  └─ ƒ recordOperatingCost({}) in 10ms src/app/(app)/operations/costs/actions.ts
 GET /operations/costs?month=2001-03 404 in 94ms (next.js: 2ms, proxy.ts: 2ms, application-code: 89ms)
 GET /operations 404 in 145ms (next.js: 4ms, proxy.ts: 2ms, application-code: 139ms)
 GET /api/auth/get-session 200 in 26ms (next.js: 8ms, proxy.ts: 4ms, application-code: 13ms)
 GET /api/auth/organization/list 200 in 48ms (next.js: 13ms, proxy.ts: 3ms, application-code: 33ms)
 GET /operations/costs?month=2001-03 404 in 210ms (next.js: 7ms, proxy.ts: 13ms, application-code: 190ms)
 GET /api/auth/organization/list 200 in 18ms (next.js: 3ms, proxy.ts: 2ms, application-code: 12ms)
 GET /api/auth/get-session 200 in 19ms (next.js: 9ms, proxy.ts: 2ms, application-code: 7ms)
  ✓  34 [chromium] › e2e/operating-costs-local.spec.ts:5:55 › operating costs preserve evidence, corrections, pagination and operator access (4.2s)
 GET /settings 200 in 263ms (next.js: 5ms, proxy.ts: 1.7ms, application-code: 256ms)
 GET /api/auth/get-session 200 in 20ms (next.js: 5ms, proxy.ts: 3ms, application-code: 12ms)
 GET /api/auth/organization/list 200 in 22ms (next.js: 9ms, proxy.ts: 3ms, application-code: 9ms)
 GET /settings?error=La+confirmation+ne+correspond+pas+%C3%A0+l%E2%80%99identifiant+de+l%E2%80%99espace. 200 in 129ms (next.js: 2ms, proxy.ts: 1.9ms, application-code: 125ms)
 POST /settings 200 in 148ms (next.js: 2ms, proxy.ts: 2ms, application-code: 144ms)
  └─ ƒ transferWorkspaceOwnership({}) in 9ms src/app/actions.ts
 GET /settings?notice=Propri%C3%A9t%C3%A9+de+l%E2%80%99espace+transf%C3%A9r%C3%A9e. 200 in 109ms (next.js: 1.9ms, proxy.ts: 1.9ms, application-code: 106ms)
 POST /settings?error=La%20confirmation%20ne%20correspond%20pas%20%C3%A0%20l%E2%80%99identifiant%20de%20l%E2%80%99espace. 200 in 142ms (next.js: 2ms, proxy.ts: 3ms, application-code: 137ms)
  └─ ƒ transferWorkspaceOwnership({}) in 12ms src/app/actions.ts
 GET /settings?error=Seul+le+propri%C3%A9taire+peut+transf%C3%A9rer+la+propri%C3%A9t%C3%A9. 200 in 114ms (next.js: 2ms, proxy.ts: 3ms, application-code: 109ms)
 POST /settings?error=La%20confirmation%20ne%20correspond%20pas%20%C3%A0%20l%E2%80%99identifiant%20de%20l%E2%80%99espace. 200 in 137ms (next.js: 3ms, proxy.ts: 5ms, application-code: 130ms)
  └─ ƒ transferWorkspaceOwnership({}) in 7ms src/app/actions.ts
 GET /settings 200 in 251ms (next.js: 1.8ms, proxy.ts: 1.6ms, application-code: 247ms)
 GET /api/auth/get-session 200 in 26ms (next.js: 5ms, proxy.ts: 3ms, application-code: 17ms)
 GET /api/auth/organization/list 200 in 30ms (next.js: 14ms, proxy.ts: 3ms, application-code: 13ms)
  ✓  35 [chromium] › e2e/ownership-local.spec.ts:5:61 › ownership transfer fr rechecks old owner authority and preserves other agencies (1.9s)
 GET /settings 200 in 217ms (next.js: 2ms, proxy.ts: 2ms, application-code: 213ms)
 GET /api/auth/get-session 200 in 34ms (next.js: 12ms, proxy.ts: 5ms, application-code: 16ms)
 GET /api/auth/organization/list 200 in 35ms (next.js: 6ms, proxy.ts: 3ms, application-code: 26ms)
 GET /settings?error=La+confirmation+ne+correspond+pas+%C3%A0+l%E2%80%99identifiant+de+l%E2%80%99espace. 200 in 115ms (next.js: 2ms, proxy.ts: 3ms, application-code: 110ms)
 POST /settings 200 in 145ms (next.js: 3ms, proxy.ts: 3ms, application-code: 138ms)
  └─ ƒ transferWorkspaceOwnership({}) in 14ms src/app/actions.ts
 GET /settings?notice=Workspace+ownership+transferred. 200 in 87ms (next.js: 1.8ms, proxy.ts: 1.7ms, application-code: 84ms)
 POST /settings?error=La%20confirmation%20ne%20correspond%20pas%20%C3%A0%20l%E2%80%99identifiant%20de%20l%E2%80%99espace. 200 in 107ms (next.js: 2.0ms, proxy.ts: 2ms, application-code: 103ms)
  └─ ƒ transferWorkspaceOwnership({}) in 11ms src/app/actions.ts
 GET /settings?error=Seul+le+propri%C3%A9taire+peut+transf%C3%A9rer+la+propri%C3%A9t%C3%A9. 200 in 94ms (next.js: 2ms, proxy.ts: 2ms, application-code: 90ms)
 POST /settings?error=La%20confirmation%20ne%20correspond%20pas%20%C3%A0%20l%E2%80%99identifiant%20de%20l%E2%80%99espace. 200 in 111ms (next.js: 2ms, proxy.ts: 2ms, application-code: 107ms)
  └─ ƒ transferWorkspaceOwnership({}) in 6ms src/app/actions.ts
 GET /settings 200 in 230ms (next.js: 2ms, proxy.ts: 1.9ms, application-code: 226ms)
 GET /api/auth/get-session 200 in 29ms (next.js: 6ms, proxy.ts: 4ms, application-code: 19ms)
 GET /api/auth/organization/list 200 in 32ms (next.js: 16ms, proxy.ts: 3ms, application-code: 13ms)
  ✓  36 [chromium] › e2e/ownership-local.spec.ts:5:61 › ownership transfer en rechecks old owner authority and preserves other agencies (1.8s)
 GET /account 200 in 45ms (next.js: 4ms, proxy.ts: 1.9ms, application-code: 39ms)
 GET /api/auth/get-session 200 in 36ms (next.js: 7ms, proxy.ts: 4ms, application-code: 24ms)
 GET /api/auth/organization/list 200 in 38ms (next.js: 14ms, proxy.ts: 4ms, application-code: 19ms)
 GET /api/auth/passkey/list-user-passkeys 200 in 39ms (next.js: 21ms, proxy.ts: 4ms, application-code: 14ms)
 GET /account/notifications 200 in 2.8s (next.js: 2.6s, proxy.ts: 2ms, application-code: 296ms)
 GET /account/notifications?notice=Pr%C3%A9f%C3%A9rences+personnelles+de+t%C3%A2ches+enregistr%C3%A9es. 200 in 127ms (next.js: 15ms, proxy.ts: 15ms, application-code: 97ms)
 POST /account/notifications 200 in 297ms (next.js: 8ms, proxy.ts: 17ms, application-code: 272ms)
  └─ ƒ updateMyTaskNotificationPreferences({}) in 96ms src/app/actions.ts
 GET /account/notifications?notice=Pr%C3%A9f%C3%A9rences%20personnelles%20de%20t%C3%A2ches%20enregistr%C3%A9es. 200 in 133ms (next.js: 2ms, proxy.ts: 2ms, application-code: 129ms)
 GET /api/auth/get-session 200 in 97ms (next.js: 18ms, proxy.ts: 19ms, application-code: 60ms)
 GET /api/auth/organization/list 200 in 104ms (next.js: 38ms, proxy.ts: 16ms, application-code: 49ms)
 GET /account/notifications?error=L%E2%80%99espace+actif+a+chang%C3%A9.+Rechargez+la+page+avant+d%E2%80%99enregistrer. 200 in 94ms (next.js: 9ms, proxy.ts: 6ms, application-code: 79ms)
 POST /account/notifications?notice=Pr%C3%A9f%C3%A9rences%20personnelles%20de%20t%C3%A2ches%20enregistr%C3%A9es. 200 in 137ms (next.js: 8ms, proxy.ts: 4ms, application-code: 125ms)
  └─ ƒ updateMyTaskNotificationPreferences({}) in 11ms src/app/actions.ts
 GET /account/notifications 200 in 122ms (next.js: 2ms, proxy.ts: 2ms, application-code: 118ms)
 GET /api/auth/get-session 200 in 85ms (next.js: 40ms, proxy.ts: 7ms, application-code: 38ms)
 GET /api/auth/organization/list 200 in 114ms (next.js: 45ms, proxy.ts: 6ms, application-code: 63ms)
 GET /account/notifications 307 in 120ms (next.js: 3ms, proxy.ts: 6ms, application-code: 111ms)
 GET /support?notice=Votre%20acc%C3%A8s%20actuel%20est%20limit%C3%A9%20%C3%A0%20la%20facturation%20et%20aux%20donn%C3%A9es%20stock%C3%A9es. 200 in 277ms (next.js: 6ms, proxy.ts: 5ms, application-code: 266ms)
 GET /api/auth/get-session 200 in 114ms (next.js: 39ms, proxy.ts: 65ms, application-code: 10ms)
 GET /api/auth/organization/list 200 in 120ms (next.js: 33ms, proxy.ts: 68ms, application-code: 20ms)
 GET /account 200 in 178ms (next.js: 52ms, proxy.ts: 7ms, application-code: 118ms)
  ✓  37 [chromium] › e2e/personal-notifications-local.spec.ts:6:7 › personal notifications fr accessible to analyst, tenant bound, and explicit for client (7.3s)
 GET /account 200 in 44ms (next.js: 2ms, proxy.ts: 2ms, application-code: 40ms)
 GET /api/auth/get-session 200 in 25ms (next.js: 9ms, proxy.ts: 4ms, application-code: 13ms)
 GET /api/auth/organization/list 200 in 47ms (next.js: 13ms, proxy.ts: 4ms, application-code: 30ms)
 GET /api/auth/passkey/list-user-passkeys 200 in 92ms (next.js: 11ms, proxy.ts: 15ms, application-code: 66ms)
 GET /account/notifications 200 in 84ms (next.js: 25ms, proxy.ts: 4ms, application-code: 55ms)
 GET /account/notifications?notice=Pr%C3%A9f%C3%A9rences+personnelles+de+t%C3%A2ches+enregistr%C3%A9es. 200 in 60ms (next.js: 3ms, proxy.ts: 2ms, application-code: 55ms)
 POST /account/notifications 200 in 85ms (next.js: 2ms, proxy.ts: 3ms, application-code: 80ms)
  └─ ƒ updateMyTaskNotificationPreferences({}) in 11ms src/app/actions.ts
 GET /account/notifications?notice=Pr%C3%A9f%C3%A9rences%20personnelles%20de%20t%C3%A2ches%20enregistr%C3%A9es. 200 in 81ms (next.js: 3ms, proxy.ts: 3ms, application-code: 75ms)
 GET /api/auth/get-session 200 in 59ms (next.js: 15ms, proxy.ts: 8ms, application-code: 36ms)
 GET /api/auth/organization/list 200 in 64ms (next.js: 22ms, proxy.ts: 10ms, application-code: 32ms)
 GET /account/notifications?error=L%E2%80%99espace+actif+a+chang%C3%A9.+Rechargez+la+page+avant+d%E2%80%99enregistrer. 200 in 81ms (next.js: 5ms, proxy.ts: 1.7ms, application-code: 74ms)
 POST /account/notifications?notice=Pr%C3%A9f%C3%A9rences%20personnelles%20de%20t%C3%A2ches%20enregistr%C3%A9es. 200 in 110ms (next.js: 8ms, proxy.ts: 7ms, application-code: 95ms)
  └─ ƒ updateMyTaskNotificationPreferences({}) in 6ms src/app/actions.ts
 GET /account/notifications 200 in 192ms (next.js: 2ms, proxy.ts: 3ms, application-code: 187ms)
 GET /api/auth/get-session 200 in 129ms (next.js: 62ms, proxy.ts: 7ms, application-code: 59ms)
 GET /api/auth/organization/list 200 in 162ms (next.js: 76ms, proxy.ts: 10ms, application-code: 77ms)
 GET /account/notifications 307 in 167ms (next.js: 4ms, proxy.ts: 11ms, application-code: 153ms)
 GET /support?notice=Your%20current%20access%20is%20limited%20to%20billing%20and%20stored%20data. 200 in 169ms (next.js: 3ms, proxy.ts: 4ms, application-code: 161ms)
 GET /api/auth/get-session 200 in 161ms (next.js: 96ms, proxy.ts: 45ms, application-code: 19ms)
 GET /api/auth/organization/list 200 in 150ms (next.js: 104ms, proxy.ts: 38ms, application-code: 8ms)
 GET /account 200 in 185ms (next.js: 8ms, proxy.ts: 4ms, application-code: 172ms)
  ✓  38 [chromium] › e2e/personal-notifications-local.spec.ts:6:7 › personal notifications en accessible to analyst, tenant bound, and explicit for client (2.7s)
 GET /portfolio?q=PORTFOLIO_ 200 in 410ms (next.js: 49ms, proxy.ts: 2ms, application-code: 359ms)
 GET /api/auth/get-session 200 in 81ms (next.js: 10ms, proxy.ts: 8ms, application-code: 63ms)
 GET /api/auth/organization/list 200 in 86ms (next.js: 24ms, proxy.ts: 7ms, application-code: 55ms)
 GET /portfolio?q=PORTFOLIO_&cursor=eyJ2IjoxLCJpdiI6IkJGNEZwSjNzZEVyNUhPSWEiLCJ0YWciOiJmNmxyYnA2Y2x6dHlmYnp0cVVxT0pBIiwiZGF0YSI6Il9fQ1JsM2lJWmhWVVdfNlZWVS02TnZORXhqNkJjRFVQSElQVk9XS3UweWo4M3MxUWhWVVRHbHdJeVJiYkpQUDJ0cTR4UGVMWjlHVUQzZ2RvRHN4YjF0NVVMY1ZJUk5YZUNlN0t4dWd1bC00MXlONWk1LWE2bkFkUy0xTGNTTnpKemlzT3QzTnhnbmxVRWdNQkdvVTY5NGNCb1gxMjk3TGtEVnB0eUZXbVJwSnRNNDB1RWhBbnJDRDd3QlVtWjU1dDIyUmhlYmlOa3lmR2NjdXg1MVFEMnAwQ2dMZTl1RWNndnpaTkE4aXI2ZkwyUFNjUExJS01FcjE5UEQ5S1ZtYmZ0a3dpQ1BWd1RDcVNzaVhpTnpZSFJRTFNDRjRKZjluUmkzYUFhbDR2SV9IeG9QLXk3emxTZUEifQ 200 in 160ms (next.js: 4ms, proxy.ts: 5ms, application-code: 150ms)
 GET /portfolio?q=PORTFOLIO_&attention=missing_data&currency=&assignee= 200 in 236ms (next.js: 2ms, proxy.ts: 3ms, application-code: 230ms)
 GET /api/auth/get-session 200 in 35ms (next.js: 8ms, proxy.ts: 12ms, application-code: 16ms)
 GET /api/auth/organization/list 200 in 36ms (next.js: 12ms, proxy.ts: 11ms, application-code: 12ms)
 GET /portfolio?q=PORTFOLIO_&attention=missing_data&view_notice=saved 200 in 128ms (next.js: 2ms, proxy.ts: 4ms, application-code: 122ms)
 POST /portfolio?q=PORTFOLIO_&attention=missing_data&currency=&assignee= 200 in 158ms (next.js: 3ms, proxy.ts: 3ms, application-code: 151ms)
  └─ ƒ storePortfolioView({}) in 12ms src/app/portfolio-actions.ts
 GET /portfolio?q=PORTFOLIO_&attention=missing_data&view_notice=saved 200 in 109ms (next.js: 1.7ms, proxy.ts: 1.7ms, application-code: 105ms)
 POST /portfolio?q=PORTFOLIO_&attention=missing_data&view_notice=saved 200 in 128ms (next.js: 1.8ms, proxy.ts: 3ms, application-code: 123ms)
  └─ ƒ storePortfolioView({}) in 9ms src/app/portfolio-actions.ts
 GET /portfolio?q=PORTFOLIO_ 200 in 375ms (next.js: 2ms, proxy.ts: 2ms, application-code: 370ms)
 GET /api/auth/get-session 200 in 23ms (next.js: 10ms, proxy.ts: 3ms, application-code: 11ms)
 GET /api/auth/organization/list 200 in 25ms (next.js: 13ms, proxy.ts: 3ms, application-code: 9ms)
 GET /portfolio?view_notice=conflict 200 in 147ms (next.js: 1.9ms, proxy.ts: 2ms, application-code: 143ms)
 POST /portfolio?q=PORTFOLIO_ 200 in 177ms (next.js: 4ms, proxy.ts: 5ms, application-code: 168ms)
  └─ ƒ removePortfolioView({}) in 13ms src/app/portfolio-actions.ts
 GET /portfolio?q=PORTFOLIO_ 200 in 386ms (next.js: 3ms, proxy.ts: 3ms, application-code: 381ms)
 GET /api/auth/get-session 200 in 21ms (next.js: 6ms, proxy.ts: 3ms, application-code: 12ms)
 GET /api/auth/organization/list 200 in 23ms (next.js: 9ms, proxy.ts: 3ms, application-code: 10ms)
 GET /portfolio?view_notice=deleted 200 in 143ms (next.js: 2ms, proxy.ts: 1.9ms, application-code: 139ms)
 POST /portfolio?q=PORTFOLIO_ 200 in 166ms (next.js: 2ms, proxy.ts: 3ms, application-code: 162ms)
  └─ ƒ removePortfolioView({}) in 12ms src/app/portfolio-actions.ts
 GET /tasks?status=open&assignee=unassigned 200 in 68ms (next.js: 7ms, proxy.ts: 3ms, application-code: 58ms)
 GET /portfolio?assignee=local-browser-fixture-owner 200 in 227ms (next.js: 3ms, proxy.ts: 3ms, application-code: 221ms)
 GET /api/auth/get-session 200 in 143ms (next.js: 55ms, proxy.ts: 3ms, application-code: 85ms)
 GET /api/auth/organization/list 200 in 151ms (next.js: 59ms, proxy.ts: 8ms, application-code: 85ms)
 GET /portfolio?assignee=local-browser-fixture-owner 200 in 240ms (next.js: 6ms, proxy.ts: 4ms, application-code: 229ms)
 GET /api/auth/get-session 200 in 102ms (next.js: 48ms, proxy.ts: 11ms, application-code: 43ms)
 GET /api/auth/organization/list 200 in 107ms (next.js: 51ms, proxy.ts: 11ms, application-code: 45ms)
 GET /portfolio?q=PORTFOLIO_ 200 in 394ms (next.js: 2ms, proxy.ts: 2ms, application-code: 390ms)
 GET /api/auth/get-session 200 in 24ms (next.js: 6ms, proxy.ts: 3ms, application-code: 16ms)
 GET /api/auth/organization/list 200 in 29ms (next.js: 12ms, proxy.ts: 3ms, application-code: 14ms)
 GET /portfolio?q=PORTFOLIO_ 200 in 347ms (next.js: 3ms, proxy.ts: 4ms, application-code: 340ms)
 GET /api/auth/get-session 200 in 22ms (next.js: 6ms, proxy.ts: 3ms, application-code: 13ms)
 GET /api/auth/organization/list 200 in 24ms (next.js: 11ms, proxy.ts: 3ms, application-code: 10ms)
 GET /portfolio?q=PORTFOLIO_ 307 in 134ms (next.js: 5ms, proxy.ts: 3ms, application-code: 126ms)
 GET /support?error=Vous%20n%E2%80%99avez%20plus%20acc%C3%A8s%20%C3%A0%20cette%20page.%20Choisissez%20une%20rubrique%20disponible%20ou%20contactez%20un%20administrateur. 200 in 163ms (next.js: 4ms, proxy.ts: 5ms, application-code: 154ms)
 GET /portfolio?q=PORTFOLIO_ 307 in 62ms (next.js: 3ms, proxy.ts: 2ms, application-code: 57ms)
 GET /sign-in 200 in 39ms (next.js: 5ms, proxy.ts: 2ms, application-code: 33ms)
{"locale":"fr","developmentStyleViolations":233,"applicationErrors":0}
  ✓  39 [chromium] › e2e/portfolio-local.spec.ts:13:53 › agency portfolio › reviews 50 accounts, personal views and team workload in fr (7.6s)
 GET /portfolio?q=PORTFOLIO_ 200 in 319ms (next.js: 2ms, proxy.ts: 2ms, application-code: 315ms)
 GET /api/auth/get-session 200 in 27ms (next.js: 9ms, proxy.ts: 4ms, application-code: 15ms)
 GET /api/auth/organization/list 200 in 29ms (next.js: 14ms, proxy.ts: 3ms, application-code: 12ms)
 GET /portfolio?q=PORTFOLIO_&cursor=eyJ2IjoxLCJpdiI6Imd5eUJsZzBOMjB2U2hwTU0iLCJ0YWciOiJfUWVjMmxOaDFCcWRwNkJKNFIxYXR3IiwiZGF0YSI6Ikw2Z01mZUlUblhfcXpGek1SLTZyZzFPYllyZjFqSWlBLXJXMkdNY09XdzFTY21jaWZtLWRHREx1cEtUWVRnVkoxcTRrWjFiQ0hEbVdsUi1HVk9wREFHUkxqS2RjN2J2VmwtSmxpdi05eDBXZThEWUpTWGgzUHVvUmJ5X0MtLVpYSGNxOHlhaHVKSERvRkFlRE5PX2plbTE2d3pXY3V1bGJlRk5WTnhhZlFlSENfQVBlQzloWFNONUpVSDNQSW00VnVEeXlLNnB1bFdxQ2FrbXJaRmxNWkxKSVczNENnOTdwRnd0WWxIandmelRMMDFVZThGTzd6V2hJQlhmVWZaY0NJbGJPaTQybGoyUGI1amJneGlTbjI0NnB1amFfS0dVam1LcVNDYTVBTUttOUJMS01fX2RzU2cifQ 200 in 111ms (next.js: 3ms, proxy.ts: 3ms, application-code: 106ms)
 GET /portfolio?q=PORTFOLIO_&attention=missing_data&currency=&assignee= 200 in 183ms (next.js: 3ms, proxy.ts: 2ms, application-code: 178ms)
 GET /api/auth/get-session 200 in 34ms (next.js: 7ms, proxy.ts: 4ms, application-code: 23ms)
 GET /api/auth/organization/list 200 in 36ms (next.js: 14ms, proxy.ts: 4ms, application-code: 18ms)
 GET /portfolio?q=PORTFOLIO_&attention=missing_data&view_notice=saved 200 in 96ms (next.js: 7ms, proxy.ts: 3ms, application-code: 86ms)
 POST /portfolio?q=PORTFOLIO_&attention=missing_data&currency=&assignee= 200 in 122ms (next.js: 2ms, proxy.ts: 3ms, application-code: 117ms)
  └─ ƒ storePortfolioView({}) in 13ms src/app/portfolio-actions.ts
 GET /portfolio?q=PORTFOLIO_&attention=missing_data&view_notice=saved 200 in 75ms (next.js: 1.9ms, proxy.ts: 2ms, application-code: 71ms)
 POST /portfolio?q=PORTFOLIO_&attention=missing_data&view_notice=saved 200 in 94ms (next.js: 2.0ms, proxy.ts: 3ms, application-code: 89ms)
  └─ ƒ storePortfolioView({}) in 9ms src/app/portfolio-actions.ts
 GET /portfolio?q=PORTFOLIO_ 200 in 334ms (next.js: 1.8ms, proxy.ts: 1.8ms, application-code: 330ms)
 GET /api/auth/get-session 200 in 22ms (next.js: 6ms, proxy.ts: 3ms, application-code: 13ms)
 GET /api/auth/organization/list 200 in 24ms (next.js: 10ms, proxy.ts: 3ms, application-code: 10ms)
 GET /portfolio?view_notice=conflict 200 in 163ms (next.js: 2ms, proxy.ts: 2ms, application-code: 159ms)
 POST /portfolio?q=PORTFOLIO_ 200 in 190ms (next.js: 2ms, proxy.ts: 3ms, application-code: 184ms)
  └─ ƒ removePortfolioView({}) in 14ms src/app/portfolio-actions.ts
 GET /portfolio?q=PORTFOLIO_ 200 in 381ms (next.js: 15ms, proxy.ts: 2ms, application-code: 363ms)
 GET /api/auth/get-session 200 in 22ms (next.js: 6ms, proxy.ts: 3ms, application-code: 13ms)
 GET /api/auth/organization/list 200 in 23ms (next.js: 12ms, proxy.ts: 3ms, application-code: 9ms)
 GET /portfolio?view_notice=deleted 200 in 168ms (next.js: 3ms, proxy.ts: 2ms, application-code: 163ms)
 POST /portfolio?q=PORTFOLIO_ 200 in 209ms (next.js: 4ms, proxy.ts: 3ms, application-code: 201ms)
  └─ ƒ removePortfolioView({}) in 22ms src/app/portfolio-actions.ts
 GET /tasks?status=open&assignee=unassigned 200 in 66ms (next.js: 4ms, proxy.ts: 2ms, application-code: 59ms)
 GET /portfolio?assignee=local-browser-fixture-owner 200 in 218ms (next.js: 2ms, proxy.ts: 2ms, application-code: 213ms)
 GET /api/auth/get-session 200 in 63ms (next.js: 7ms, proxy.ts: 3ms, application-code: 53ms)
 GET /api/auth/organization/list 200 in 79ms (next.js: 29ms, proxy.ts: 3ms, application-code: 47ms)
 GET /portfolio?assignee=local-browser-fixture-owner 200 in 219ms (next.js: 19ms, proxy.ts: 2ms, application-code: 198ms)
 GET /api/auth/get-session 200 in 121ms (next.js: 71ms, proxy.ts: 14ms, application-code: 37ms)
 GET /api/auth/organization/list 200 in 127ms (next.js: 74ms, proxy.ts: 14ms, application-code: 39ms)
 GET /portfolio?q=PORTFOLIO_ 200 in 409ms (next.js: 4ms, proxy.ts: 3ms, application-code: 403ms)
 GET /api/auth/get-session 200 in 29ms (next.js: 10ms, proxy.ts: 4ms, application-code: 15ms)
 GET /api/auth/organization/list 200 in 30ms (next.js: 17ms, proxy.ts: 4ms, application-code: 9ms)
 GET /portfolio?q=PORTFOLIO_ 200 in 326ms (next.js: 2ms, proxy.ts: 1.9ms, application-code: 322ms)
 GET /api/auth/get-session 200 in 24ms (next.js: 6ms, proxy.ts: 3ms, application-code: 15ms)
 GET /api/auth/organization/list 200 in 27ms (next.js: 12ms, proxy.ts: 3ms, application-code: 12ms)
 GET /portfolio?q=PORTFOLIO_ 307 in 110ms (next.js: 2ms, proxy.ts: 2ms, application-code: 106ms)
 GET /support?error=You%20no%20longer%20have%20access%20to%20this%20page.%20Choose%20an%20available%20section%20or%20contact%20an%20administrator. 200 in 97ms (next.js: 3ms, proxy.ts: 2ms, application-code: 92ms)
 GET /portfolio?q=PORTFOLIO_ 307 in 69ms (next.js: 4ms, proxy.ts: 3ms, application-code: 63ms)
 GET /sign-in 200 in 60ms (next.js: 8ms, proxy.ts: 2ms, application-code: 49ms)
{"locale":"en","developmentStyleViolations":232,"applicationErrors":0}
  ✓  40 [chromium] › e2e/portfolio-local.spec.ts:13:53 › agency portfolio › reviews 50 accounts, personal views and team workload in en (7.1s)
 GET /billing 200 in 186ms (next.js: 4ms, proxy.ts: 3ms, application-code: 179ms)
 GET /api/auth/get-session 200 in 90ms (next.js: 45ms, proxy.ts: 12ms, application-code: 33ms)
 GET /api/auth/organization/list 200 in 101ms (next.js: 49ms, proxy.ts: 12ms, application-code: 40ms)
 GET /accounts 200 in 150ms (next.js: 4ms, proxy.ts: 2ms, application-code: 144ms)
 GET /api/auth/get-session 200 in 48ms (next.js: 3ms, proxy.ts: 3ms, application-code: 41ms)
 GET /api/auth/organization/list 200 in 53ms (next.js: 28ms, proxy.ts: 3ms, application-code: 22ms)
 POST /accounts 200 in 66ms (next.js: 3ms, proxy.ts: 4ms, application-code: 60ms)
  └─ ƒ setCookieConsent({}) in 2ms src/app/preferences-actions.ts
 GET /accounts?selection=saved 200 in 55ms (next.js: 1.8ms, proxy.ts: 1.5ms, application-code: 51ms)
 POST /accounts 200 in 78ms (next.js: 2ms, proxy.ts: 2ms, application-code: 73ms)
  └─ ƒ updateManagedAccounts({}) in 13ms src/app/account-selection-actions.ts
 GET /accounts?selection=saved 200 in 61ms (next.js: 1.8ms, proxy.ts: 1.7ms, application-code: 58ms)
 POST /accounts?selection=saved 200 in 83ms (next.js: 2ms, proxy.ts: 2ms, application-code: 78ms)
  └─ ƒ updateManagedAccounts({}) in 11ms src/app/account-selection-actions.ts
 GET /accounts?selection=conflict 200 in 54ms (next.js: 2ms, proxy.ts: 1.8ms, application-code: 50ms)
 POST /accounts?selection=saved 200 in 74ms (next.js: 2ms, proxy.ts: 3ms, application-code: 69ms)
  └─ ƒ updateManagedAccounts({}) in 9ms src/app/account-selection-actions.ts
 GET /accounts?selection=saved 200 in 71ms (next.js: 1.9ms, proxy.ts: 1.9ms, application-code: 68ms)
 POST /accounts?selection=conflict 200 in 92ms (next.js: 2ms, proxy.ts: 2ms, application-code: 88ms)
  └─ ƒ updateManagedAccounts({}) in 11ms src/app/account-selection-actions.ts
 GET /accounts 200 in 98ms (next.js: 1.8ms, proxy.ts: 2.0ms, application-code: 94ms)
  ✓  41 [chromium] › e2e/prod-ready-local.spec.ts:26:44 › local production readiness regression journeys › managed account selection preserves priorities and enforces quota in fr (2.6s)
 GET /billing 200 in 153ms (next.js: 2ms, proxy.ts: 2ms, application-code: 149ms)
 GET /api/auth/get-session 200 in 103ms (next.js: 48ms, proxy.ts: 13ms, application-code: 42ms)
 GET /api/auth/organization/list 200 in 116ms (next.js: 52ms, proxy.ts: 13ms, application-code: 52ms)
 GET /accounts 200 in 199ms (next.js: 3ms, proxy.ts: 5ms, application-code: 191ms)
 GET /api/auth/get-session 200 in 24ms (next.js: 3ms, proxy.ts: 3ms, application-code: 17ms)
 GET /api/auth/organization/list 200 in 25ms (next.js: 6ms, proxy.ts: 3ms, application-code: 16ms)
 POST /accounts 200 in 64ms (next.js: 2.0ms, proxy.ts: 2ms, application-code: 60ms)
  └─ ƒ setCookieConsent({}) in 2ms src/app/preferences-actions.ts
 GET /accounts?selection=saved 200 in 70ms (next.js: 2ms, proxy.ts: 1.9ms, application-code: 66ms)
 POST /accounts 200 in 91ms (next.js: 2ms, proxy.ts: 3ms, application-code: 87ms)
  └─ ƒ updateManagedAccounts({}) in 11ms src/app/account-selection-actions.ts
 GET /accounts?selection=saved 200 in 55ms (next.js: 2.0ms, proxy.ts: 1.7ms, application-code: 51ms)
 POST /accounts?selection=saved 200 in 76ms (next.js: 2ms, proxy.ts: 3ms, application-code: 71ms)
  └─ ƒ updateManagedAccounts({}) in 10ms src/app/account-selection-actions.ts
 GET /accounts?selection=conflict 200 in 56ms (next.js: 2ms, proxy.ts: 1.9ms, application-code: 52ms)
 POST /accounts?selection=saved 200 in 73ms (next.js: 2ms, proxy.ts: 3ms, application-code: 68ms)
  └─ ƒ updateManagedAccounts({}) in 7ms src/app/account-selection-actions.ts
 GET /accounts?selection=saved 200 in 51ms (next.js: 2ms, proxy.ts: 1.7ms, application-code: 48ms)
 POST /accounts?selection=conflict 200 in 79ms (next.js: 2ms, proxy.ts: 2ms, application-code: 74ms)
  └─ ƒ updateManagedAccounts({}) in 17ms src/app/account-selection-actions.ts
 GET /accounts 200 in 100ms (next.js: 1.6ms, proxy.ts: 2ms, application-code: 96ms)
  ✓  42 [chromium] › e2e/prod-ready-local.spec.ts:26:44 › local production readiness regression journeys › managed account selection preserves priorities and enforces quota in en (2.6s)
 GET /dashboard?client=80000000-0000-4000-8000-000000000004 200 in 194ms (next.js: 3ms, proxy.ts: 1.7ms, application-code: 188ms)
 GET /api/auth/get-session 200 in 25ms (next.js: 7ms, proxy.ts: 4ms, application-code: 15ms)
 GET /api/auth/organization/list 200 in 28ms (next.js: 11ms, proxy.ts: 4ms, application-code: 13ms)
 POST /dashboard?client=80000000-0000-4000-8000-000000000004 200 in 97ms (next.js: 3ms, proxy.ts: 3ms, application-code: 92ms)
  └─ ƒ setCookieConsent({}) in 2ms src/app/preferences-actions.ts
 GET /dashboard?client=80000000-0000-4000-8000-000000000004 200 in 198ms (next.js: 2.0ms, proxy.ts: 2ms, application-code: 193ms)
 GET /api/auth/get-session 200 in 22ms (next.js: 4ms, proxy.ts: 3ms, application-code: 15ms)
 GET /api/auth/organization/list 200 in 24ms (next.js: 9ms, proxy.ts: 3ms, application-code: 13ms)
  ✓  43 [chromium] › e2e/prod-ready-local.spec.ts:91:44 › local production readiness regression journeys › pacing uses covered completed days and hides forecasts with a gap in fr (1.2s)
 GET /dashboard?client=80000000-0000-4000-8000-000000000004 200 in 178ms (next.js: 2ms, proxy.ts: 2ms, application-code: 174ms)
 GET /api/auth/get-session 200 in 26ms (next.js: 7ms, proxy.ts: 4ms, application-code: 16ms)
 GET /api/auth/organization/list 200 in 38ms (next.js: 11ms, proxy.ts: 3ms, application-code: 24ms)
 POST /dashboard?client=80000000-0000-4000-8000-000000000004 200 in 96ms (next.js: 2ms, proxy.ts: 2ms, application-code: 92ms)
  └─ ƒ setCookieConsent({}) in 2ms src/app/preferences-actions.ts
 GET /dashboard?client=80000000-0000-4000-8000-000000000004 200 in 190ms (next.js: 2.0ms, proxy.ts: 3ms, application-code: 185ms)
 GET /api/auth/get-session 200 in 33ms (next.js: 6ms, proxy.ts: 6ms, application-code: 20ms)
 GET /api/auth/organization/list 200 in 36ms (next.js: 9ms, proxy.ts: 7ms, application-code: 20ms)
  ✓  44 [chromium] › e2e/prod-ready-local.spec.ts:91:44 › local production readiness regression journeys › pacing uses covered completed days and hides forecasts with a gap in en (1.1s)
 GET /dashboard?client=80000000-0000-4000-8000-000000000005 200 in 200ms (next.js: 1.9ms, proxy.ts: 3ms, application-code: 196ms)
 GET /api/auth/get-session 200 in 27ms (next.js: 6ms, proxy.ts: 4ms, application-code: 17ms)
 GET /api/auth/organization/list 200 in 31ms (next.js: 11ms, proxy.ts: 3ms, application-code: 16ms)
 GET /analysis?client=80000000-0000-4000-8000-000000000005 200 in 208ms (next.js: 6ms, proxy.ts: 7ms, application-code: 194ms)
 GET /api/auth/get-session 200 in 118ms (next.js: 19ms, proxy.ts: 38ms, application-code: 60ms)
 GET /api/auth/organization/list 200 in 117ms (next.js: 29ms, proxy.ts: 37ms, application-code: 52ms)
 GET /insights?client=80000000-0000-4000-8000-000000000005 200 in 259ms (next.js: 6ms, proxy.ts: 2ms, application-code: 251ms)
 GET /api/auth/get-session 200 in 78ms (next.js: 44ms, proxy.ts: 13ms, application-code: 21ms)
 GET /api/auth/organization/list 200 in 84ms (next.js: 47ms, proxy.ts: 13ms, application-code: 24ms)
 GET /dashboard?client=80000000-0000-4000-8000-000000000005 200 in 237ms (next.js: 2ms, proxy.ts: 1.9ms, application-code: 233ms)
 GET /api/auth/get-session 200 in 24ms (next.js: 5ms, proxy.ts: 3ms, application-code: 16ms)
 GET /api/auth/organization/list 200 in 27ms (next.js: 9ms, proxy.ts: 3ms, application-code: 15ms)
 GET /analysis?client=80000000-0000-4000-8000-000000000005 200 in 195ms (next.js: 4ms, proxy.ts: 5ms, application-code: 186ms)
 GET /api/auth/get-session 200 in 85ms (next.js: 44ms, proxy.ts: 19ms, application-code: 22ms)
 GET /api/auth/organization/list 200 in 88ms (next.js: 48ms, proxy.ts: 18ms, application-code: 22ms)
 GET /insights?client=80000000-0000-4000-8000-000000000005 200 in 255ms (next.js: 2ms, proxy.ts: 2ms, application-code: 250ms)
 GET /api/auth/get-session 200 in 94ms (next.js: 51ms, proxy.ts: 19ms, application-code: 23ms)
 GET /api/auth/organization/list 200 in 98ms (next.js: 55ms, proxy.ts: 19ms, application-code: 24ms)
 GET /insights?client=80000000-0000-4000-8000-000000000005 200 in 274ms (next.js: 2ms, proxy.ts: 2ms, application-code: 270ms)
 GET /api/auth/get-session 200 in 32ms (next.js: 12ms, proxy.ts: 3ms, application-code: 17ms)
 GET /api/auth/organization/list 200 in 35ms (next.js: 16ms, proxy.ts: 4ms, application-code: 15ms)
 POST /insights?client=80000000-0000-4000-8000-000000000005 200 in 94ms (next.js: 3ms, proxy.ts: 3ms, application-code: 88ms)
  └─ ƒ setCookieConsent({}) in 2ms src/app/preferences-actions.ts
  ✓  45 [chromium] › e2e/prod-ready-local.spec.ts:128:44 › local production readiness regression journeys › stored analytics remain available without Google and during grace in fr (3.2s)
 GET /dashboard?client=80000000-0000-4000-8000-000000000005 200 in 206ms (next.js: 3ms, proxy.ts: 4ms, application-code: 198ms)
 GET /api/auth/get-session 200 in 24ms (next.js: 5ms, proxy.ts: 4ms, application-code: 15ms)
 GET /api/auth/organization/list 200 in 41ms (next.js: 10ms, proxy.ts: 4ms, application-code: 27ms)
 GET /analysis?client=80000000-0000-4000-8000-000000000005 200 in 209ms (next.js: 5ms, proxy.ts: 17ms, application-code: 187ms)
 GET /api/auth/get-session 200 in 85ms (next.js: 48ms, proxy.ts: 13ms, application-code: 24ms)
 GET /api/auth/organization/list 200 in 88ms (next.js: 51ms, proxy.ts: 13ms, application-code: 25ms)
 GET /insights?client=80000000-0000-4000-8000-000000000005 200 in 258ms (next.js: 2ms, proxy.ts: 2ms, application-code: 254ms)
 GET /api/auth/get-session 200 in 82ms (next.js: 46ms, proxy.ts: 15ms, application-code: 21ms)
 GET /api/auth/organization/list 200 in 88ms (next.js: 49ms, proxy.ts: 15ms, application-code: 24ms)
 GET /dashboard?client=80000000-0000-4000-8000-000000000005 200 in 236ms (next.js: 2ms, proxy.ts: 2ms, application-code: 231ms)
 GET /api/auth/get-session 200 in 20ms (next.js: 3ms, proxy.ts: 3ms, application-code: 14ms)
 GET /api/auth/organization/list 200 in 22ms (next.js: 6ms, proxy.ts: 3ms, application-code: 13ms)
 GET /analysis?client=80000000-0000-4000-8000-000000000005 200 in 195ms (next.js: 2ms, proxy.ts: 4ms, application-code: 189ms)
 GET /api/auth/get-session 200 in 87ms (next.js: 49ms, proxy.ts: 18ms, application-code: 21ms)
 GET /api/auth/organization/list 200 in 91ms (next.js: 52ms, proxy.ts: 17ms, application-code: 22ms)
 GET /insights?client=80000000-0000-4000-8000-000000000005 200 in 261ms (next.js: 4ms, proxy.ts: 2ms, application-code: 254ms)
 GET /api/auth/get-session 200 in 82ms (next.js: 45ms, proxy.ts: 15ms, application-code: 22ms)
 GET /api/auth/organization/list 200 in 86ms (next.js: 48ms, proxy.ts: 16ms, application-code: 22ms)
 GET /insights?client=80000000-0000-4000-8000-000000000005 200 in 265ms (next.js: 2ms, proxy.ts: 2ms, application-code: 261ms)
 GET /api/auth/get-session 200 in 23ms (next.js: 6ms, proxy.ts: 3ms, application-code: 14ms)
 GET /api/auth/organization/list 200 in 25ms (next.js: 11ms, proxy.ts: 3ms, application-code: 11ms)
 POST /insights?client=80000000-0000-4000-8000-000000000005 200 in 87ms (next.js: 2ms, proxy.ts: 3ms, application-code: 82ms)
  └─ ƒ setCookieConsent({}) in 2ms src/app/preferences-actions.ts
  ✓  46 [chromium] › e2e/prod-ready-local.spec.ts:128:44 › local production readiness regression journeys › stored analytics remain available without Google and during grace in en (3.2s)
 GET /dashboard?client=80000000-0000-4000-8000-000000000006 200 in 191ms (next.js: 2ms, proxy.ts: 3ms, application-code: 186ms)
 GET /api/auth/get-session 200 in 22ms (next.js: 6ms, proxy.ts: 3ms, application-code: 13ms)
 GET /api/auth/organization/list 200 in 26ms (next.js: 11ms, proxy.ts: 3ms, application-code: 12ms)
 POST /dashboard?client=80000000-0000-4000-8000-000000000006 200 in 99ms (next.js: 2ms, proxy.ts: 2ms, application-code: 94ms)
  └─ ƒ setCookieConsent({}) in 2ms src/app/preferences-actions.ts
 GET /dashboard?client=80000000-0000-4000-8000-000000000006&sync=queued 200 in 81ms (next.js: 1.8ms, proxy.ts: 1.6ms, application-code: 78ms)
 POST /dashboard?client=80000000-0000-4000-8000-000000000006 200 in 105ms (next.js: 2ms, proxy.ts: 3ms, application-code: 100ms)
  └─ ƒ refreshAnalyticalData({}) in 12ms src/app/analytical-actions.ts
 GET /dashboard?client=80000000-0000-4000-8000-000000000006&sync=pending 200 in 90ms (next.js: 10ms, proxy.ts: 1.7ms, application-code: 78ms)
 POST /dashboard?client=80000000-0000-4000-8000-000000000006&sync=queued 200 in 109ms (next.js: 2ms, proxy.ts: 3ms, application-code: 104ms)
  └─ ƒ refreshAnalyticalData({}) in 8ms src/app/analytical-actions.ts
 GET /dashboard?client=80000000-0000-4000-8000-000000000006 200 in 162ms (next.js: 2ms, proxy.ts: 2ms, application-code: 158ms)
 GET /dashboard?client=80000000-0000-4000-8000-000000000006 200 in 170ms (next.js: 2ms, proxy.ts: 1.9ms, application-code: 166ms)
 GET /api/auth/get-session 200 in 19ms (next.js: 6ms, proxy.ts: 2ms, application-code: 11ms)
 GET /api/auth/organization/list 200 in 22ms (next.js: 10ms, proxy.ts: 2ms, application-code: 10ms)
 GET /dashboard?client=80000000-0000-4000-8000-000000000006&sync=unavailable 200 in 90ms (next.js: 1.8ms, proxy.ts: 1.7ms, application-code: 86ms)
 POST /dashboard?client=80000000-0000-4000-8000-000000000006 200 in 107ms (next.js: 2ms, proxy.ts: 2ms, application-code: 103ms)
  └─ ƒ refreshAnalyticalData({}) in 8ms src/app/analytical-actions.ts
  ✓  47 [chromium] › e2e/prod-ready-local.spec.ts:180:99 › local production readiness regression journeys › analytical refresh enqueues once and handles revoked connections in fr (2.1s)
 GET /dashboard?client=80000000-0000-4000-8000-000000000006 200 in 180ms (next.js: 2ms, proxy.ts: 2.0ms, application-code: 176ms)
 GET /api/auth/get-session 200 in 33ms (next.js: 6ms, proxy.ts: 3ms, application-code: 23ms)
 GET /api/auth/organization/list 200 in 35ms (next.js: 16ms, proxy.ts: 3ms, application-code: 16ms)
 POST /dashboard?client=80000000-0000-4000-8000-000000000006 200 in 104ms (next.js: 2ms, proxy.ts: 4ms, application-code: 99ms)
  └─ ƒ setCookieConsent({}) in 2ms src/app/preferences-actions.ts
 GET /dashboard?client=80000000-0000-4000-8000-000000000006&sync=queued 200 in 83ms (next.js: 1.8ms, proxy.ts: 1.6ms, application-code: 80ms)
 POST /dashboard?client=80000000-0000-4000-8000-000000000006 200 in 105ms (next.js: 2ms, proxy.ts: 3ms, application-code: 100ms)
  └─ ƒ refreshAnalyticalData({}) in 11ms src/app/analytical-actions.ts
 GET /dashboard?client=80000000-0000-4000-8000-000000000006&sync=pending 200 in 82ms (next.js: 1.8ms, proxy.ts: 1.9ms, application-code: 79ms)
 POST /dashboard?client=80000000-0000-4000-8000-000000000006&sync=queued 200 in 107ms (next.js: 2ms, proxy.ts: 2ms, application-code: 102ms)
  └─ ƒ refreshAnalyticalData({}) in 14ms src/app/analytical-actions.ts
 GET /dashboard?client=80000000-0000-4000-8000-000000000006 200 in 164ms (next.js: 3ms, proxy.ts: 1.9ms, application-code: 159ms)
 GET /dashboard?client=80000000-0000-4000-8000-000000000006 200 in 170ms (next.js: 1.9ms, proxy.ts: 1.7ms, application-code: 166ms)
 GET /api/auth/get-session 200 in 21ms (next.js: 5ms, proxy.ts: 2ms, application-code: 13ms)
 GET /api/auth/organization/list 200 in 22ms (next.js: 10ms, proxy.ts: 2ms, application-code: 10ms)
 GET /dashboard?client=80000000-0000-4000-8000-000000000006&sync=unavailable 200 in 93ms (next.js: 3ms, proxy.ts: 1.9ms, application-code: 88ms)
 POST /dashboard?client=80000000-0000-4000-8000-000000000006 200 in 114ms (next.js: 4ms, proxy.ts: 2ms, application-code: 108ms)
  └─ ƒ refreshAnalyticalData({}) in 7ms src/app/analytical-actions.ts
  ✓  48 [chromium] › e2e/prod-ready-local.spec.ts:180:99 › local production readiness regression journeys › analytical refresh enqueues once and handles revoked connections in en (2.1s)
 GET /accounts 200 in 105ms (next.js: 4ms, proxy.ts: 3ms, application-code: 98ms)
 GET /api/auth/get-session 200 in 68ms (next.js: 32ms, proxy.ts: 5ms, application-code: 31ms)
 GET /api/auth/organization/list 200 in 145ms (next.js: 53ms, proxy.ts: 4ms, application-code: 88ms)
 GET /history 200 in 165ms (next.js: 6ms, proxy.ts: 5ms, application-code: 154ms)
 GET /api/auth/get-session 200 in 83ms (next.js: 44ms, proxy.ts: 5ms, application-code: 34ms)
 GET /api/auth/organization/list 200 in 119ms (next.js: 48ms, proxy.ts: 5ms, application-code: 66ms)
 GET /alerts 200 in 160ms (next.js: 5ms, proxy.ts: 5ms, application-code: 150ms)
 GET /api/auth/get-session 200 in 75ms (next.js: 47ms, proxy.ts: 5ms, application-code: 23ms)
 GET /api/auth/organization/list 200 in 110ms (next.js: 53ms, proxy.ts: 6ms, application-code: 51ms)
 GET /tasks 200 in 165ms (next.js: 8ms, proxy.ts: 4ms, application-code: 152ms)
 GET /api/auth/get-session 200 in 72ms (next.js: 53ms, proxy.ts: 5ms, application-code: 14ms)
 GET /api/auth/organization/list 200 in 112ms (next.js: 56ms, proxy.ts: 5ms, application-code: 52ms)
 GET /approvals 200 in 150ms (next.js: 7ms, proxy.ts: 5ms, application-code: 139ms)
 GET /api/auth/get-session 200 in 82ms (next.js: 54ms, proxy.ts: 4ms, application-code: 24ms)
 GET /api/auth/organization/list 200 in 118ms (next.js: 62ms, proxy.ts: 3ms, application-code: 52ms)
 GET /reports 200 in 151ms (next.js: 6ms, proxy.ts: 3ms, application-code: 142ms)
 GET /api/auth/get-session 200 in 82ms (next.js: 47ms, proxy.ts: 3ms, application-code: 32ms)
 GET /api/auth/organization/list 200 in 118ms (next.js: 56ms, proxy.ts: 4ms, application-code: 59ms)
 GET /audit 200 in 191ms (next.js: 5ms, proxy.ts: 4ms, application-code: 182ms)
 GET /accounts 200 in 111ms (next.js: 1.9ms, proxy.ts: 3ms, application-code: 106ms)
 GET /api/auth/get-session 200 in 547ms (next.js: 412ms, proxy.ts: 93ms, application-code: 41ms)
 GET /api/auth/organization/list 200 in 540ms (next.js: 42ms, proxy.ts: 464ms, application-code: 34ms)
 GET /history 200 in 560ms (next.js: 4ms, proxy.ts: 423ms, application-code: 133ms)
 GET /api/auth/get-session 200 in 20ms (next.js: 4ms, proxy.ts: 2ms, application-code: 13ms)
 GET /api/auth/organization/list 200 in 25ms (next.js: 10ms, proxy.ts: 2ms, application-code: 13ms)
 GET /alerts 200 in 125ms (next.js: 4ms, proxy.ts: 3ms, application-code: 119ms)
 GET /api/auth/get-session 200 in 33ms (next.js: 10ms, proxy.ts: 3ms, application-code: 20ms)
 GET /api/auth/organization/list 200 in 35ms (next.js: 17ms, proxy.ts: 5ms, application-code: 13ms)
 GET /tasks 200 in 155ms (next.js: 6ms, proxy.ts: 3ms, application-code: 146ms)
 GET /api/auth/get-session 200 in 26ms (next.js: 8ms, proxy.ts: 3ms, application-code: 15ms)
 GET /api/auth/organization/list 200 in 28ms (next.js: 14ms, proxy.ts: 3ms, application-code: 11ms)
 GET /approvals 200 in 115ms (next.js: 5ms, proxy.ts: 4ms, application-code: 106ms)
 GET /api/auth/get-session 200 in 28ms (next.js: 4ms, proxy.ts: 4ms, application-code: 20ms)
 GET /api/auth/organization/list 200 in 29ms (next.js: 16ms, proxy.ts: 3ms, application-code: 10ms)
 GET /reports 200 in 104ms (next.js: 5ms, proxy.ts: 3ms, application-code: 96ms)
  ✓  49 [chromium] › e2e/prod-ready-local.spec.ts:227:9 › local production readiness regression journeys › grace permits stored views while hiding mutations (4.5s)
 GET /api/auth/get-session 200 in 18ms (next.js: 5ms, proxy.ts: 3ms, application-code: 10ms)
 GET /api/auth/organization/list 200 in 18ms (next.js: 11ms, proxy.ts: 3ms, application-code: 3ms)
 GET /dashboard 307 in 93ms (next.js: 2ms, proxy.ts: 1.7ms, application-code: 89ms)
 GET /billing?notice=Your%20current%20access%20is%20limited%20to%20billing%20and%20stored%20data. 200 in 131ms (next.js: 3ms, proxy.ts: 3ms, application-code: 125ms)
 GET /dashboard 307 in 101ms (next.js: 4ms, proxy.ts: 3ms, application-code: 94ms)
 GET /support?notice=Your%20current%20access%20is%20limited%20to%20billing%20and%20stored%20data. 200 in 109ms (next.js: 3ms, proxy.ts: 1.7ms, application-code: 104ms)
 GET /dashboard 307 in 79ms (next.js: 1.9ms, proxy.ts: 1.8ms, application-code: 75ms)
 GET /support?notice=Your%20current%20access%20is%20limited%20to%20billing%20and%20stored%20data. 200 in 106ms (next.js: 1.9ms, proxy.ts: 2ms, application-code: 102ms)
  ✓  50 [chromium] › e2e/prod-ready-local.spec.ts:242:9 › local production readiness regression journeys › suspended members have an accessible recovery destination without redirect loops (1.5s)
 GET /dashboard 200 in 130ms (next.js: 4ms, proxy.ts: 4ms, application-code: 122ms)
 GET /api/auth/get-session 200 in 27ms (next.js: 9ms, proxy.ts: 3ms, application-code: 15ms)
 GET /api/auth/organization/list 200 in 32ms (next.js: 13ms, proxy.ts: 3ms, application-code: 15ms)
 POST /dashboard 200 in 94ms (next.js: 3ms, proxy.ts: 4ms, application-code: 87ms)
  └─ ƒ setCookieConsent({}) in 12ms src/app/preferences-actions.ts
 GET /settings 200 in 87ms (next.js: 4ms, proxy.ts: 3ms, application-code: 80ms)
  ✓  51 [chromium] › e2e/prod-ready-local.spec.ts:254:11 › local production readiness regression journeys › full navigation and workspace selection work at 390px in fr (944ms)
 GET /dashboard 200 in 158ms (next.js: 3ms, proxy.ts: 3ms, application-code: 152ms)
 GET /api/auth/get-session 200 in 26ms (next.js: 7ms, proxy.ts: 4ms, application-code: 14ms)
 GET /api/auth/organization/list 200 in 28ms (next.js: 13ms, proxy.ts: 4ms, application-code: 11ms)
 POST /dashboard 200 in 78ms (next.js: 3ms, proxy.ts: 2ms, application-code: 72ms)
  └─ ƒ setCookieConsent({}) in 1ms src/app/preferences-actions.ts
 GET /settings 200 in 88ms (next.js: 2ms, proxy.ts: 3ms, application-code: 83ms)
  ✓  52 [chromium] › e2e/prod-ready-local.spec.ts:254:11 › local production readiness regression journeys › full navigation and workspace selection work at 768px in fr (973ms)
 GET /dashboard 200 in 141ms (next.js: 3ms, proxy.ts: 5ms, application-code: 133ms)
 GET /api/auth/get-session 200 in 52ms (next.js: 10ms, proxy.ts: 6ms, application-code: 35ms)
 GET /api/auth/organization/list 200 in 58ms (next.js: 16ms, proxy.ts: 7ms, application-code: 35ms)
 POST /dashboard 200 in 99ms (next.js: 7ms, proxy.ts: 9ms, application-code: 83ms)
  └─ ƒ setCookieConsent({}) in 3ms src/app/preferences-actions.ts
 GET /settings 200 in 81ms (next.js: 3ms, proxy.ts: 3ms, application-code: 75ms)
  ✓  53 [chromium] › e2e/prod-ready-local.spec.ts:254:11 › local production readiness regression journeys › full navigation and workspace selection work at 390px in en (966ms)
 GET /dashboard 200 in 174ms (next.js: 3ms, proxy.ts: 4ms, application-code: 167ms)
 GET /api/auth/get-session 200 in 24ms (next.js: 7ms, proxy.ts: 4ms, application-code: 14ms)
 GET /api/auth/organization/list 200 in 26ms (next.js: 11ms, proxy.ts: 5ms, application-code: 11ms)
 POST /dashboard 200 in 89ms (next.js: 2ms, proxy.ts: 3ms, application-code: 84ms)
  └─ ƒ setCookieConsent({}) in 2ms src/app/preferences-actions.ts
 GET /settings 200 in 89ms (next.js: 2ms, proxy.ts: 3ms, application-code: 84ms)
  ✓  54 [chromium] › e2e/prod-ready-local.spec.ts:254:11 › local production readiness regression journeys › full navigation and workspace selection work at 768px in en (1.0s)
 GET /dashboard 200 in 136ms (next.js: 3ms, proxy.ts: 2ms, application-code: 130ms)
 GET /api/auth/get-session 200 in 24ms (next.js: 7ms, proxy.ts: 3ms, application-code: 14ms)
 GET /api/auth/organization/list 200 in 26ms (next.js: 12ms, proxy.ts: 3ms, application-code: 11ms)
 POST /dashboard 200 in 72ms (next.js: 3ms, proxy.ts: 2ms, application-code: 67ms)
  └─ ƒ setCookieConsent({}) in 1ms src/app/preferences-actions.ts
 POST /api/auth/organization/set-active 200 in 14ms (next.js: 3ms, proxy.ts: 3ms, application-code: 8ms)
 GET /api/auth/get-session 200 in 60ms (next.js: 34ms, proxy.ts: 10ms, application-code: 16ms)
 GET /dashboard 307 in 95ms (next.js: 1.8ms, proxy.ts: 1.8ms, application-code: 91ms)
 GET /support?error=Vous%20n%E2%80%99avez%20plus%20acc%C3%A8s%20%C3%A0%20cette%20page.%20Choisissez%20une%20rubrique%20disponible%20ou%20contactez%20un%20administrateur. 200 in 97ms (next.js: 3ms, proxy.ts: 3ms, application-code: 91ms)
 GET /api/auth/get-session 200 in 20ms (next.js: 5ms, proxy.ts: 3ms, application-code: 13ms)
 GET /api/auth/organization/list 200 in 22ms (next.js: 9ms, proxy.ts: 3ms, application-code: 11ms)
 POST /api/auth/organization/set-active 200 in 17ms (next.js: 4ms, proxy.ts: 3ms, application-code: 10ms)
 GET /api/auth/get-session 200 in 84ms (next.js: 46ms, proxy.ts: 20ms, application-code: 19ms)
 GET /dashboard 200 in 147ms (next.js: 2ms, proxy.ts: 1.6ms, application-code: 144ms)
 GET /api/auth/get-session 200 in 19ms (next.js: 4ms, proxy.ts: 3ms, application-code: 12ms)
 GET /api/auth/organization/list 200 in 20ms (next.js: 7ms, proxy.ts: 3ms, application-code: 10ms)
  ✓  55 [chromium] › e2e/prod-ready-local.spec.ts:279:9 › local production readiness regression journeys › workspace selection switches context and permissions on mobile (1.4s)
 GET /agents 200 in 136ms (next.js: 4ms, proxy.ts: 1.9ms, application-code: 130ms)
  ✓  56 [chromium] › e2e/prod-ready-local.spec.ts:301:9 › local production readiness regression journeys › analysts do not see monitoring controls denied by their role (388ms)
 GET /status 200 in 61ms (next.js: 4ms, proxy.ts: 2.0ms, application-code: 55ms)
 GET /status 200 in 175ms (next.js: 1.6ms, proxy.ts: 1.8ms, application-code: 171ms)
 GET /status?status=active 200 in 38ms (next.js: 1.8ms, proxy.ts: 2ms, application-code: 34ms)
 GET /status/e6861980-c80d-4f19-b32a-f3bf6f63b75d 200 in 429ms (next.js: 385ms, proxy.ts: 2.0ms, application-code: 42ms)
 GET /status/e6861980-c80d-4f19-b32a-f3bf6f63b75d?cursor=eyJ2IjoxLCJpdiI6IkRLZDgwNS1ocFc2X2hzaG8iLCJ0YWciOiJXSHVUSmNwdEw4TU9zeUtKOG9EZkFnIiwiZGF0YSI6IjdfajByUXE3MnJ5Yjl3dEd4Vmhaa2cyV3BaSGlzTXA3T3JQT3lEVlRucXhIYWIxY3NhTGZZSmZSRnJzOThKUnY2azNSaTJBbWlVMnUzQXpCa1FkRGhTaEVEcGdvaTc1LUJ5dUptUER0czNxSW9TUG1IS1lfa3BvMHNvMEdkcjBUUTJOTFFZRVVaeGQ2SVktUkFYaGVFa2NKa1hucjBLRV8xbENiTGhjSFB4TUl2ZVBseGJDQU5jWGMtbVp0ekJFR2dwS1FZNllRSm9PT1FOcXBoYUZRbGlIRzVsVWJteEJSY09WQWIzYVZkaXZjT1AxXzRXRTNWTllMclpENVFER1ptcVVKdHdkSTdIZXFYQ3FKR0szNGhSY3doYWlJUXhNRGRoTElUYVBpQmJsUURwRDZUc2VIdkEifQ 200 in 31ms (next.js: 4ms, proxy.ts: 2ms, application-code: 24ms)
 GET /status?cursor=forged 200 in 58ms (next.js: 1.7ms, proxy.ts: 1.9ms, application-code: 54ms)
 GET /status/36f0142d-83b4-4656-86e5-cfa308b03acd 404 in 53ms (next.js: 4ms, proxy.ts: 3ms, application-code: 47ms)
 GET /status/invalid 404 in 80ms (next.js: 6ms, proxy.ts: 4ms, application-code: 70ms)
  ✓  57 [chromium] › e2e/public-status-local.spec.ts:13:53 › truthful public status › shows unknown health and complete incident history in fr (2.4s)
 GET /status 200 in 64ms (next.js: 2ms, proxy.ts: 4ms, application-code: 59ms)
 GET /status 200 in 181ms (next.js: 2.0ms, proxy.ts: 1.7ms, application-code: 178ms)
 GET /status?status=active 200 in 37ms (next.js: 2ms, proxy.ts: 2ms, application-code: 33ms)
 GET /status/06a06c95-1060-46ae-863c-555e59732465 200 in 35ms (next.js: 5ms, proxy.ts: 3ms, application-code: 28ms)
 GET /status/06a06c95-1060-46ae-863c-555e59732465?cursor=eyJ2IjoxLCJpdiI6IjhEQk1HeDJidVY3ZGpId0ciLCJ0YWciOiJlNXhWNlFZdXowc29yVHh3SWRGdU13IiwiZGF0YSI6InVSZUxwUks0TWxxcFl3SlQ4RXNCLURLQ3Q0U0NMX3R1NEYySkRyS3Q4UFV1N09DODlmaDJyQlRxRDlLQ2F1RllpVlVtLTIyYnJDX2tWSEdpRHQ1NGptczZZakdtYVVaZVVxNDhvbEFfUjd5cGRUa0NZSlc2bGdGNExfbDZLMkNMcW5mS0o4S2JYZ3R6NXBudDhzQ0dyTTRIY0ZDOVpZVldyMERFZGp0eFlJS3lUaFVXcm5TWlBEUF9mUjZsYWNXTkx6dFZLR0ZYeW9uOFJXdE5lNXVzb1pLYUJvSkJiQ2Z1ejMzNU5Qc3U1WjV4anFRaExmS2pHMkgtbGE1d3kyQUZJeVoyYmw1ZDgzZktQUUZpckxvdjV5eUJPNnVxbzNqbWNuX2xXQVV0MzZ1YkJFZUpoRWFQU2cifQ 200 in 36ms (next.js: 3ms, proxy.ts: 3ms, application-code: 29ms)
 GET /status?cursor=forged 200 in 319ms (next.js: 3ms, proxy.ts: 2ms, application-code: 314ms)
 GET /status/b3506de0-8b54-4852-b729-1db563c576de 404 in 52ms (next.js: 5ms, proxy.ts: 2ms, application-code: 45ms)
 GET /status/invalid 404 in 64ms (next.js: 5ms, proxy.ts: 3ms, application-code: 57ms)
  ✓  58 [chromium] › e2e/public-status-local.spec.ts:13:53 › truthful public status › shows unknown health and complete incident history in en (2.0s)
 GET / 200 in 88ms (next.js: 3ms, proxy.ts: 1.7ms, application-code: 83ms)
  ✓  59 [chromium] › e2e/public.spec.ts:3:5 › public landing exposes the product proposition and account creation (704ms)
 GET /dashboard 307 in 46ms (next.js: 2ms, proxy.ts: 1.8ms, application-code: 43ms)
 GET /sign-in 200 in 37ms (next.js: 5ms, proxy.ts: 2ms, application-code: 30ms)
  ✓  60 [chromium] › e2e/public.spec.ts:24:5 › authenticated areas redirect anonymous visitors to sign-in (159ms)
 GET /privacy 200 in 46ms (next.js: 3ms, proxy.ts: 2ms, application-code: 41ms)
 GET /terms 200 in 51ms (next.js: 3ms, proxy.ts: 3ms, application-code: 45ms)
  ✓  61 [chromium] › e2e/public.spec.ts:30:5 › privacy and terms pages are public (502ms)
 GET /subprocessors 200 in 47ms (next.js: 3ms, proxy.ts: 2ms, application-code: 42ms)
  ✓  62 [chromium] › e2e/public.spec.ts:37:5 › the subprocessor register and change-notice policy are public (293ms)
 GET / 200 in 76ms (next.js: 1.6ms, proxy.ts: 1.9ms, application-code: 72ms)
 GET /privacy 200 in 53ms (next.js: 1.8ms, proxy.ts: 1.9ms, application-code: 49ms)
  ✓  63 [chromium] › e2e/public.spec.ts:44:5 › the public product and legal surface honor the English locale (894ms)
 GET /status 200 in 65ms (next.js: 2ms, proxy.ts: 2ms, application-code: 61ms)
  ✓  64 [chromium] › e2e/public.spec.ts:60:5 › public status page never claims operational health when status storage is unavailable (327ms)
 GET /reports 200 in 159ms (next.js: 4ms, proxy.ts: 2ms, application-code: 153ms)
 GET /api/auth/get-session 200 in 27ms (next.js: 7ms, proxy.ts: 3ms, application-code: 17ms)
 GET /api/auth/organization/list 200 in 29ms (next.js: 11ms, proxy.ts: 3ms, application-code: 15ms)
  ✘  65 [chromium] › e2e/report-editions-local.spec.ts:16:53 › published report editions › creates every period and preserves HTML PDF CSV through revision in fr (15.4s)
  -  66 [chromium] › e2e/report-editions-local.spec.ts:16:53 › published report editions › creates every period and preserves HTML PDF CSV through revision in en
(node:50139) Warning: The 'NO_COLOR' env is ignored due to the 'FORCE_COLOR' env being set.
(Use `node --trace-warnings ...` to show where the warning was created)
 GET /settings 200 in 408ms (next.js: 148ms, proxy.ts: 2ms, application-code: 257ms)
 GET /api/auth/get-session 200 in 52ms (next.js: 36ms, proxy.ts: 3ms, application-code: 12ms)
 GET /api/auth/organization/list 200 in 54ms (next.js: 30ms, proxy.ts: 4ms, application-code: 20ms)
 GET /settings?notice=Cl%C3%A9+cr%C3%A9%C3%A9e.+R%C3%A9v%C3%A9lez-la+une+seule+fois+dans+les+cinq+prochaines+minutes.&reveal=api-key 200 in 112ms (next.js: 2ms, proxy.ts: 1.9ms, application-code: 108ms)
 POST /settings 200 in 140ms (next.js: 1.9ms, proxy.ts: 3ms, application-code: 135ms)
  └─ ƒ createAgencyApiKey({}) in 17ms src/app/actions.ts
 POST /api/secret-revelation 200 in 112ms (next.js: 83ms, proxy.ts: 4ms, application-code: 25ms)
 POST /api/secret-revelation 404 in 26ms (next.js: 3ms, proxy.ts: 6ms, application-code: 17ms)
 GET /settings 200 in 229ms (next.js: 3ms, proxy.ts: 3ms, application-code: 223ms)
 GET /api/auth/get-session 200 in 24ms (next.js: 6ms, proxy.ts: 3ms, application-code: 16ms)
 GET /api/auth/organization/list 200 in 26ms (next.js: 10ms, proxy.ts: 3ms, application-code: 13ms)
 GET /settings?notice=Cl%C3%A9+API+r%C3%A9voqu%C3%A9e. 200 in 143ms (next.js: 1.9ms, proxy.ts: 1.6ms, application-code: 139ms)
 POST /settings 200 in 171ms (next.js: 2ms, proxy.ts: 4ms, application-code: 164ms)
  └─ ƒ revokeAgencyApiKey({}) in 8ms src/app/actions.ts
 GET /settings?notice=Canal+de+notification+ajout%C3%A9. 200 in 177ms (next.js: 5ms, proxy.ts: 4ms, application-code: 168ms)
 POST /settings?notice=Cl%C3%A9%20API%20r%C3%A9voqu%C3%A9e. 200 in 219ms (next.js: 4ms, proxy.ts: 4ms, application-code: 211ms)
  └─ ƒ createNotificationChannel({}) in 21ms src/app/actions.ts
 GET /settings?notice=Canal+d%C3%A9sactiv%C3%A9. 200 in 92ms (next.js: 2ms, proxy.ts: 4ms, application-code: 86ms)
 POST /settings?notice=Canal%20de%20notification%20ajout%C3%A9. 200 in 118ms (next.js: 2ms, proxy.ts: 3ms, application-code: 114ms)
  └─ ƒ disableNotificationChannel({}) in 11ms src/app/actions.ts
 GET /settings?notice=R%C3%A8gles+de+s%C3%A9curit%C3%A9+enregistr%C3%A9es. 200 in 88ms (next.js: 2ms, proxy.ts: 1.9ms, application-code: 83ms)
 POST /settings?notice=Canal%20d%C3%A9sactiv%C3%A9. 200 in 115ms (next.js: 2ms, proxy.ts: 2ms, application-code: 110ms)
  └─ ƒ updateSafetyRules({}) in 18ms src/app/actions.ts
 GET /settings?notice=Le+job+sera+r%C3%A9ex%C3%A9cut%C3%A9+par+le+prochain+worker+disponible. 200 in 110ms (next.js: 2ms, proxy.ts: 1.9ms, application-code: 106ms)
 POST /settings?notice=R%C3%A8gles%20de%20s%C3%A9curit%C3%A9%20enregistr%C3%A9es. 200 in 131ms (next.js: 2ms, proxy.ts: 4ms, application-code: 126ms)
  └─ ƒ retryDeadLetterJob({}) in 10ms src/app/actions.ts
 GET /settings 200 in 213ms (next.js: 2.0ms, proxy.ts: 1.8ms, application-code: 209ms)
 GET /api/auth/get-session 200 in 22ms (next.js: 5ms, proxy.ts: 3ms, application-code: 14ms)
 GET /api/auth/organization/list 200 in 24ms (next.js: 10ms, proxy.ts: 3ms, application-code: 10ms)
 GET /settings?error=Permission+required%3A+workspace%3Aadmin 200 in 53ms (next.js: 2ms, proxy.ts: 1.7ms, application-code: 49ms)
 POST /settings 200 in 77ms (next.js: 3ms, proxy.ts: 5ms, application-code: 69ms)
  └─ ƒ createNotificationChannel({}) in 9ms src/app/actions.ts
 GET /support?error=Vous+n%E2%80%99avez+plus+acc%C3%A8s+%C3%A0+cette+page.+Choisissez+une+rubrique+disponible+ou+contactez+un+administrateur. 200 in 147ms (next.js: 60ms, proxy.ts: 3ms, application-code: 85ms)
 GET /support?error=Vous+n%E2%80%99avez+plus+acc%C3%A8s+%C3%A0+cette+page.+Choisissez+une+rubrique+disponible+ou+contactez+un+administrateur. 200 in 68ms (next.js: 7ms, proxy.ts: 4ms, application-code: 57ms)
  ✓  67 [chromium] › e2e/security-actors-local.spec.ts:6:7 › security actor fr manages resources and rejects obsolete authority (4.2s)
 GET /settings 200 in 218ms (next.js: 2ms, proxy.ts: 2ms, application-code: 214ms)
 GET /api/auth/get-session 200 in 21ms (next.js: 5ms, proxy.ts: 4ms, application-code: 12ms)
 GET /api/auth/organization/list 200 in 22ms (next.js: 8ms, proxy.ts: 3ms, application-code: 10ms)
 GET /settings?notice=Cl%C3%A9+cr%C3%A9%C3%A9e.+R%C3%A9v%C3%A9lez-la+une+seule+fois+dans+les+cinq+prochaines+minutes.&reveal=api-key 200 in 103ms (next.js: 2ms, proxy.ts: 2ms, application-code: 99ms)
 POST /settings 200 in 127ms (next.js: 2ms, proxy.ts: 3ms, application-code: 122ms)
  └─ ƒ createAgencyApiKey({}) in 13ms src/app/actions.ts
 POST /api/secret-revelation 200 in 27ms (next.js: 1.9ms, proxy.ts: 4ms, application-code: 22ms)
 POST /api/secret-revelation 404 in 14ms (next.js: 1.9ms, proxy.ts: 2ms, application-code: 10ms)
 GET /settings 200 in 249ms (next.js: 2ms, proxy.ts: 1.6ms, application-code: 245ms)
 GET /api/auth/get-session 200 in 19ms (next.js: 5ms, proxy.ts: 3ms, application-code: 12ms)
 GET /api/auth/organization/list 200 in 21ms (next.js: 8ms, proxy.ts: 3ms, application-code: 10ms)
 GET /settings?notice=Cl%C3%A9+API+r%C3%A9voqu%C3%A9e. 200 in 97ms (next.js: 2ms, proxy.ts: 1.9ms, application-code: 93ms)
 POST /settings 200 in 119ms (next.js: 2ms, proxy.ts: 5ms, application-code: 112ms)
  └─ ƒ revokeAgencyApiKey({}) in 9ms src/app/actions.ts
 GET /settings?notice=Canal+de+notification+ajout%C3%A9. 200 in 101ms (next.js: 1.9ms, proxy.ts: 1.8ms, application-code: 97ms)
 POST /settings?notice=Cl%C3%A9%20API%20r%C3%A9voqu%C3%A9e. 200 in 129ms (next.js: 2ms, proxy.ts: 3ms, application-code: 124ms)
  └─ ƒ createNotificationChannel({}) in 18ms src/app/actions.ts
 GET /settings?notice=Canal+d%C3%A9sactiv%C3%A9. 200 in 103ms (next.js: 2.0ms, proxy.ts: 2ms, application-code: 99ms)
 POST /settings?notice=Canal%20de%20notification%20ajout%C3%A9. 200 in 126ms (next.js: 2ms, proxy.ts: 3ms, application-code: 121ms)
  └─ ƒ disableNotificationChannel({}) in 12ms src/app/actions.ts
 GET /settings?notice=R%C3%A8gles+de+s%C3%A9curit%C3%A9+enregistr%C3%A9es. 200 in 92ms (next.js: 2ms, proxy.ts: 2ms, application-code: 88ms)
 POST /settings?notice=Canal%20d%C3%A9sactiv%C3%A9. 200 in 118ms (next.js: 2ms, proxy.ts: 3ms, application-code: 113ms)
  └─ ƒ updateSafetyRules({}) in 15ms src/app/actions.ts
 GET /settings?notice=Le+job+sera+r%C3%A9ex%C3%A9cut%C3%A9+par+le+prochain+worker+disponible. 200 in 93ms (next.js: 3ms, proxy.ts: 1.7ms, application-code: 89ms)
 POST /settings?notice=R%C3%A8gles%20de%20s%C3%A9curit%C3%A9%20enregistr%C3%A9es. 200 in 111ms (next.js: 2ms, proxy.ts: 3ms, application-code: 106ms)
  └─ ƒ retryDeadLetterJob({}) in 7ms src/app/actions.ts
 GET /settings 200 in 201ms (next.js: 3ms, proxy.ts: 1.7ms, application-code: 196ms)
 GET /api/auth/get-session 200 in 20ms (next.js: 5ms, proxy.ts: 2ms, application-code: 12ms)
 GET /api/auth/organization/list 200 in 21ms (next.js: 10ms, proxy.ts: 2ms, application-code: 9ms)
 GET /settings?error=Permission+required%3A+workspace%3Aadmin 200 in 70ms (next.js: 1.9ms, proxy.ts: 3ms, application-code: 65ms)
 POST /settings 200 in 85ms (next.js: 2ms, proxy.ts: 2ms, application-code: 80ms)
  └─ ƒ createNotificationChannel({}) in 5ms src/app/actions.ts
 GET /support?error=You+no+longer+have+access+to+this+page.+Choose+an+available+section+or+contact+an+administrator. 200 in 63ms (next.js: 2ms, proxy.ts: 2ms, application-code: 59ms)
 GET /support?error=You+no+longer+have+access+to+this+page.+Choose+an+available+section+or+contact+an+administrator. 200 in 53ms (next.js: 5ms, proxy.ts: 7ms, application-code: 41ms)
  ✓  68 [chromium] › e2e/security-actors-local.spec.ts:6:7 › security actor en manages resources and rejects obsolete authority (3.2s)
 GET /settings 200 in 202ms (next.js: 2ms, proxy.ts: 1.9ms, application-code: 198ms)
 GET /api/auth/get-session 200 in 19ms (next.js: 5ms, proxy.ts: 3ms, application-code: 11ms)
 GET /api/auth/organization/list 200 in 21ms (next.js: 9ms, proxy.ts: 3ms, application-code: 9ms)
 GET /settings?notice=Workspace+language+updated. 200 in 131ms (next.js: 2ms, proxy.ts: 2ms, application-code: 126ms)
 POST /settings 200 in 161ms (next.js: 3ms, proxy.ts: 3ms, application-code: 155ms)
  └─ ƒ updateWorkspaceLocale({}) in 16ms src/app/actions.ts
 GET /settings?notice=Langue+de+l%E2%80%99espace+mise+%C3%A0+jour. 200 in 103ms (next.js: 1.8ms, proxy.ts: 1.9ms, application-code: 99ms)
 POST /settings?notice=Workspace%20language%20updated. 200 in 126ms (next.js: 2ms, proxy.ts: 3ms, application-code: 121ms)
  └─ ƒ updateWorkspaceLocale({}) in 12ms src/app/actions.ts
 GET /settings?notice=Politique+d%E2%80%99approbation+mise+%C3%A0+jour. 200 in 93ms (next.js: 1.9ms, proxy.ts: 1.8ms, application-code: 90ms)
 POST /settings?notice=Langue%20de%20l%E2%80%99espace%20mise%20%C3%A0%20jour. 200 in 114ms (next.js: 2ms, proxy.ts: 3ms, application-code: 109ms)
  └─ ƒ updateApprovalPolicy({}) in 10ms src/app/actions.ts
 GET /settings?notice=Identit%C3%A9+de+marque+enregistr%C3%A9e. 200 in 90ms (next.js: 1.8ms, proxy.ts: 1.9ms, application-code: 86ms)
 POST /settings?notice=Politique%20d%E2%80%99approbation%20mise%20%C3%A0%20jour. 200 in 108ms (next.js: 2ms, proxy.ts: 3ms, application-code: 102ms)
  └─ ƒ updateBranding({}) in 8ms src/app/actions.ts
 GET /settings?error=Capability+required%3A+approvals.dual 200 in 83ms (next.js: 3ms, proxy.ts: 1.9ms, application-code: 78ms)
 POST /settings?notice=Identit%C3%A9%20de%20marque%20enregistr%C3%A9e. 200 in 98ms (next.js: 2ms, proxy.ts: 3ms, application-code: 93ms)
  └─ ƒ updateApprovalPolicy({}) in 4ms src/app/actions.ts
 GET /settings 200 in 201ms (next.js: 2ms, proxy.ts: 2ms, application-code: 196ms)
 GET /api/auth/get-session 200 in 30ms (next.js: 7ms, proxy.ts: 9ms, application-code: 13ms)
 GET /api/auth/organization/list 200 in 26ms (next.js: 9ms, proxy.ts: 4ms, application-code: 13ms)
 GET /settings?error=Permission+required%3A+workspace%3Aadmin 200 in 52ms (next.js: 2ms, proxy.ts: 1.8ms, application-code: 48ms)
 POST /settings 200 in 69ms (next.js: 2ms, proxy.ts: 2ms, application-code: 65ms)
  └─ ƒ updateBranding({}) in 7ms src/app/actions.ts
 GET /support?error=Vous+n%E2%80%99avez+plus+acc%C3%A8s+%C3%A0+cette+page.+Choisissez+une+rubrique+disponible+ou+contactez+un+administrateur. 200 in 128ms (next.js: 2ms, proxy.ts: 1.9ms, application-code: 124ms)
 GET /support?error=Vous+n%E2%80%99avez+plus+acc%C3%A8s+%C3%A0+cette+page.+Choisissez+une+rubrique+disponible+ou+contactez+un+administrateur. 200 in 108ms (next.js: 6ms, proxy.ts: 6ms, application-code: 97ms)
 GET /settings 307 in 104ms (next.js: 2ms, proxy.ts: 3ms, application-code: 100ms)
 GET /portfolio 200 in 239ms (next.js: 86ms, proxy.ts: 1.7ms, application-code: 152ms)
 GET /api/auth/get-session 200 in 20ms (next.js: 6ms, proxy.ts: 4ms, application-code: 11ms)
 GET /api/auth/organization/list 200 in 22ms (next.js: 9ms, proxy.ts: 4ms, application-code: 8ms)
 GET /portfolio?view_notice=unavailable 200 in 44ms (next.js: 2ms, proxy.ts: 1.7ms, application-code: 40ms)
 POST /portfolio 200 in 61ms (next.js: 2ms, proxy.ts: 3ms, application-code: 56ms)
  └─ ƒ storePortfolioView({}) in 6ms src/app/portfolio-actions.ts
 GET /support?error=Vous+n%E2%80%99avez+plus+acc%C3%A8s+%C3%A0+cette+page.+Choisissez+une+rubrique+disponible+ou+contactez+un+administrateur. 200 in 61ms (next.js: 3ms, proxy.ts: 3ms, application-code: 56ms)
 GET /support?error=Vous+n%E2%80%99avez+plus+acc%C3%A8s+%C3%A0+cette+page.+Choisissez+une+rubrique+disponible+ou+contactez+un+administrateur. 200 in 59ms (next.js: 4ms, proxy.ts: 5ms, application-code: 50ms)
 GET /portfolio 307 in 71ms (next.js: 1.7ms, proxy.ts: 1.7ms, application-code: 68ms)
  ✓  69 [chromium] › e2e/settings-actors-local.spec.ts:6:7 › settings actor fr saves current policy and rejects downgraded or revoked forms (3.5s)
 GET /settings 200 in 205ms (next.js: 1.9ms, proxy.ts: 1.8ms, application-code: 201ms)
 GET /api/auth/get-session 200 in 20ms (next.js: 5ms, proxy.ts: 3ms, application-code: 12ms)
 GET /api/auth/organization/list 200 in 21ms (next.js: 8ms, proxy.ts: 3ms, application-code: 9ms)
 GET /settings?notice=Langue+de+l%E2%80%99espace+mise+%C3%A0+jour. 200 in 108ms (next.js: 3ms, proxy.ts: 2.0ms, application-code: 103ms)
 POST /settings 200 in 130ms (next.js: 2ms, proxy.ts: 3ms, application-code: 124ms)
  └─ ƒ updateWorkspaceLocale({}) in 11ms src/app/actions.ts
 GET /settings?notice=Workspace+language+updated. 200 in 96ms (next.js: 2.0ms, proxy.ts: 2ms, application-code: 92ms)
 POST /settings?notice=Langue%20de%20l%E2%80%99espace%20mise%20%C3%A0%20jour. 200 in 117ms (next.js: 3ms, proxy.ts: 3ms, application-code: 111ms)
  └─ ƒ updateWorkspaceLocale({}) in 9ms src/app/actions.ts
 GET /settings?notice=Approval+policy+updated. 200 in 148ms (next.js: 3ms, proxy.ts: 3ms, application-code: 143ms)
 POST /settings?notice=Workspace%20language%20updated. 200 in 171ms (next.js: 2ms, proxy.ts: 3ms, application-code: 167ms)
  └─ ƒ updateApprovalPolicy({}) in 11ms src/app/actions.ts
 GET /settings?notice=Identit%C3%A9+de+marque+enregistr%C3%A9e. 200 in 90ms (next.js: 2ms, proxy.ts: 1.7ms, application-code: 86ms)
 POST /settings?notice=Approval%20policy%20updated. 200 in 114ms (next.js: 3ms, proxy.ts: 3ms, application-code: 108ms)
  └─ ƒ updateBranding({}) in 13ms src/app/actions.ts
 GET /settings?error=Capability+required%3A+approvals.dual 200 in 107ms (next.js: 2ms, proxy.ts: 2ms, application-code: 103ms)
 POST /settings?notice=Identit%C3%A9%20de%20marque%20enregistr%C3%A9e. 200 in 123ms (next.js: 2ms, proxy.ts: 3ms, application-code: 118ms)
  └─ ƒ updateApprovalPolicy({}) in 5ms src/app/actions.ts
 GET /settings 200 in 200ms (next.js: 2ms, proxy.ts: 1.8ms, application-code: 196ms)
 GET /api/auth/get-session 200 in 20ms (next.js: 5ms, proxy.ts: 3ms, application-code: 12ms)
 GET /api/auth/organization/list 200 in 21ms (next.js: 8ms, proxy.ts: 3ms, application-code: 9ms)
 GET /settings?error=Permission+required%3A+workspace%3Aadmin 200 in 71ms (next.js: 2ms, proxy.ts: 2ms, application-code: 66ms)
 POST /settings 200 in 88ms (next.js: 2ms, proxy.ts: 2ms, application-code: 83ms)
  └─ ƒ updateBranding({}) in 6ms src/app/actions.ts
 GET /support?error=You+no+longer+have+access+to+this+page.+Choose+an+available+section+or+contact+an+administrator. 200 in 70ms (next.js: 3ms, proxy.ts: 3ms, application-code: 64ms)
 GET /support?error=You+no+longer+have+access+to+this+page.+Choose+an+available+section+or+contact+an+administrator. 200 in 51ms (next.js: 5ms, proxy.ts: 4ms, application-code: 41ms)
 GET /settings 307 in 104ms (next.js: 3ms, proxy.ts: 2ms, application-code: 99ms)
 GET /portfolio 200 in 144ms (next.js: 1.8ms, proxy.ts: 1.8ms, application-code: 140ms)
 GET /api/auth/get-session 200 in 21ms (next.js: 6ms, proxy.ts: 3ms, application-code: 12ms)
 GET /api/auth/organization/list 200 in 22ms (next.js: 9ms, proxy.ts: 3ms, application-code: 10ms)
 GET /portfolio?view_notice=unavailable 200 in 48ms (next.js: 2ms, proxy.ts: 1.6ms, application-code: 44ms)
 POST /portfolio 200 in 73ms (next.js: 2ms, proxy.ts: 3ms, application-code: 68ms)
  └─ ƒ storePortfolioView({}) in 14ms src/app/portfolio-actions.ts
 GET /support?error=You+no+longer+have+access+to+this+page.+Choose+an+available+section+or+contact+an+administrator. 200 in 68ms (next.js: 4ms, proxy.ts: 1.9ms, application-code: 62ms)
 GET /support?error=You+no+longer+have+access+to+this+page.+Choose+an+available+section+or+contact+an+administrator. 200 in 61ms (next.js: 5ms, proxy.ts: 4ms, application-code: 52ms)
 GET /portfolio 307 in 85ms (next.js: 3ms, proxy.ts: 1.9ms, application-code: 81ms)
  ✓  70 [chromium] › e2e/settings-actors-local.spec.ts:6:7 › settings actor en saves current policy and rejects downgraded or revoked forms (3.4s)
 GET /tasks 200 in 190ms (next.js: 53ms, proxy.ts: 1.8ms, application-code: 135ms)
 GET /api/auth/get-session 200 in 20ms (next.js: 5ms, proxy.ts: 2ms, application-code: 13ms)
 GET /api/auth/organization/list 200 in 22ms (next.js: 9ms, proxy.ts: 2ms, application-code: 10ms)
 GET /tasks?notice=T%C3%A2che+cr%C3%A9%C3%A9e. 200 in 67ms (next.js: 2ms, proxy.ts: 2ms, application-code: 63ms)
 POST /tasks 200 in 95ms (next.js: 10ms, proxy.ts: 2ms, application-code: 83ms)
  └─ ƒ createWorkspaceTask({}) in 9ms src/app/actions.ts
 GET /tasks?id=637f7346-12d7-4fd8-a650-b837c66ff7f5 200 in 153ms (next.js: 2ms, proxy.ts: 2ms, application-code: 148ms)
 GET /api/auth/get-session 200 in 23ms (next.js: 7ms, proxy.ts: 3ms, application-code: 13ms)
 GET /api/auth/organization/list 200 in 26ms (next.js: 12ms, proxy.ts: 3ms, application-code: 10ms)
 GET /tasks?notice=T%C3%A2che+mise+%C3%A0+jour.&id=637f7346-12d7-4fd8-a650-b837c66ff7f5 200 in 69ms (next.js: 1.9ms, proxy.ts: 1.7ms, application-code: 65ms)
 POST /tasks?id=637f7346-12d7-4fd8-a650-b837c66ff7f5 200 in 88ms (next.js: 1.8ms, proxy.ts: 3ms, application-code: 84ms)
  └─ ƒ updateWorkspaceTask({}) in 10ms src/app/actions.ts
 GET /tasks?notice=T%C3%A2che+mise+%C3%A0+jour.&id=637f7346-12d7-4fd8-a650-b837c66ff7f5 200 in 70ms (next.js: 2ms, proxy.ts: 1.5ms, application-code: 66ms)
 POST /tasks?notice=T%C3%A2che%20mise%20%C3%A0%20jour.&id=637f7346-12d7-4fd8-a650-b837c66ff7f5 200 in 87ms (next.js: 3ms, proxy.ts: 2ms, application-code: 82ms)
  └─ ƒ updateWorkspaceTask({}) in 8ms src/app/actions.ts
 GET /tasks?notice=T%C3%A2che+mise+%C3%A0+jour.&id=637f7346-12d7-4fd8-a650-b837c66ff7f5 200 in 77ms (next.js: 2ms, proxy.ts: 1.8ms, application-code: 73ms)
 POST /tasks?notice=T%C3%A2che%20mise%20%C3%A0%20jour.&id=637f7346-12d7-4fd8-a650-b837c66ff7f5 200 in 95ms (next.js: 2ms, proxy.ts: 3ms, application-code: 90ms)
  └─ ƒ updateWorkspaceTask({}) in 8ms src/app/actions.ts
 GET /tasks?notice=T%C3%A2che+mise+%C3%A0+jour.&id=637f7346-12d7-4fd8-a650-b837c66ff7f5 200 in 78ms (next.js: 1.9ms, proxy.ts: 1.9ms, application-code: 75ms)
 POST /tasks?notice=T%C3%A2che%20mise%20%C3%A0%20jour.&id=637f7346-12d7-4fd8-a650-b837c66ff7f5 200 in 98ms (next.js: 3ms, proxy.ts: 2ms, application-code: 93ms)
  └─ ƒ updateWorkspaceTask({}) in 8ms src/app/actions.ts
 GET /tasks?notice=T%C3%A2che+mise+%C3%A0+jour.&id=637f7346-12d7-4fd8-a650-b837c66ff7f5 200 in 95ms (next.js: 2ms, proxy.ts: 1.6ms, application-code: 91ms)
 POST /tasks?notice=T%C3%A2che%20mise%20%C3%A0%20jour.&id=637f7346-12d7-4fd8-a650-b837c66ff7f5 200 in 113ms (next.js: 2.0ms, proxy.ts: 3ms, application-code: 108ms)
  └─ ƒ updateWorkspaceTask({}) in 7ms src/app/actions.ts
 GET /tasks?notice=T%C3%A2che+mise+%C3%A0+jour.&id=637f7346-12d7-4fd8-a650-b837c66ff7f5 200 in 73ms (next.js: 2ms, proxy.ts: 1.5ms, application-code: 69ms)
 POST /tasks?notice=T%C3%A2che%20mise%20%C3%A0%20jour.&id=637f7346-12d7-4fd8-a650-b837c66ff7f5 200 in 90ms (next.js: 2ms, proxy.ts: 3ms, application-code: 85ms)
  └─ ƒ updateWorkspaceTask({}) in 8ms src/app/actions.ts
 GET /tasks?notice=T%C3%A2che+mise+%C3%A0+jour.&id=637f7346-12d7-4fd8-a650-b837c66ff7f5 200 in 60ms (next.js: 2ms, proxy.ts: 1.6ms, application-code: 57ms)
 POST /tasks?notice=T%C3%A2che%20mise%20%C3%A0%20jour.&id=637f7346-12d7-4fd8-a650-b837c66ff7f5 200 in 77ms (next.js: 2ms, proxy.ts: 2.0ms, application-code: 72ms)
  └─ ƒ updateWorkspaceTask({}) in 7ms src/app/actions.ts
 GET /tasks?error=Transition+de+t%C3%A2che+interdite+%3A+done+%E2%86%92+start.&id=637f7346-12d7-4fd8-a650-b837c66ff7f5 200 in 72ms (next.js: 2ms, proxy.ts: 1.8ms, application-code: 68ms)
 POST /tasks?notice=T%C3%A2che%20mise%20%C3%A0%20jour.&id=637f7346-12d7-4fd8-a650-b837c66ff7f5 200 in 89ms (next.js: 3ms, proxy.ts: 2ms, application-code: 83ms)
  └─ ƒ updateWorkspaceTask({}) in 6ms src/app/actions.ts
 GET /tasks?error=Permission+required%3A+tasks%3Amanage&id=637f7346-12d7-4fd8-a650-b837c66ff7f5 200 in 62ms (next.js: 2ms, proxy.ts: 1.7ms, application-code: 57ms)
 POST /tasks?error=Transition%20de%20t%C3%A2che%20interdite%20%3A%20done%20%E2%86%92%20start.&id=637f7346-12d7-4fd8-a650-b837c66ff7f5 200 in 77ms (next.js: 2ms, proxy.ts: 3ms, application-code: 72ms)
  └─ ƒ updateWorkspaceTask({}) in 6ms src/app/actions.ts
 GET /tasks?notice=Commentaire+ajout%C3%A9.&id=637f7346-12d7-4fd8-a650-b837c66ff7f5 200 in 73ms (next.js: 2ms, proxy.ts: 2ms, application-code: 68ms)
 POST /tasks?error=Permission%20required%3A%20tasks%3Amanage&id=637f7346-12d7-4fd8-a650-b837c66ff7f5 200 in 97ms (next.js: 3ms, proxy.ts: 4ms, application-code: 90ms)
  └─ ƒ addWorkspaceTaskComment({}) in 10ms src/app/actions.ts
 GET /tasks?error=Workspace+access+state+does+not+allow%3A+tasks%3Acomment&id=637f7346-12d7-4fd8-a650-b837c66ff7f5 200 in 59ms (next.js: 1.8ms, proxy.ts: 1.6ms, application-code: 56ms)
 POST /tasks?notice=Commentaire%20ajout%C3%A9.&id=637f7346-12d7-4fd8-a650-b837c66ff7f5 200 in 73ms (next.js: 2ms, proxy.ts: 3ms, application-code: 67ms)
  └─ ƒ addWorkspaceTaskComment({}) in 4ms src/app/actions.ts
 GET /tasks?id=637f7346-12d7-4fd8-a650-b837c66ff7f5 200 in 143ms (next.js: 2ms, proxy.ts: 2ms, application-code: 139ms)
 GET /api/auth/get-session 200 in 23ms (next.js: 6ms, proxy.ts: 3ms, application-code: 14ms)
 GET /api/auth/organization/list 200 in 25ms (next.js: 10ms, proxy.ts: 3ms, application-code: 12ms)
  ✓  71 [chromium] › e2e/task-actors-local.spec.ts:6:7 › task actor fr creates, transitions, comments and rejects stale controls (3.7s)
 GET /tasks 200 in 124ms (next.js: 3ms, proxy.ts: 1.7ms, application-code: 120ms)
 GET /api/auth/get-session 200 in 23ms (next.js: 5ms, proxy.ts: 3ms, application-code: 15ms)
 GET /api/auth/organization/list 200 in 26ms (next.js: 11ms, proxy.ts: 3ms, application-code: 11ms)
 GET /tasks?notice=T%C3%A2che+cr%C3%A9%C3%A9e. 200 in 73ms (next.js: 2ms, proxy.ts: 2ms, application-code: 69ms)
 POST /tasks 200 in 91ms (next.js: 2ms, proxy.ts: 3ms, application-code: 87ms)
  └─ ƒ createWorkspaceTask({}) in 8ms src/app/actions.ts
 GET /tasks?id=e1a3251c-9fc6-4be2-b945-e0d01b597936 200 in 138ms (next.js: 2ms, proxy.ts: 1.9ms, application-code: 133ms)
 GET /api/auth/get-session 200 in 20ms (next.js: 5ms, proxy.ts: 2ms, application-code: 13ms)
 GET /api/auth/organization/list 200 in 22ms (next.js: 10ms, proxy.ts: 2ms, application-code: 10ms)
 GET /tasks?notice=T%C3%A2che+mise+%C3%A0+jour.&id=e1a3251c-9fc6-4be2-b945-e0d01b597936 200 in 85ms (next.js: 1.9ms, proxy.ts: 1.9ms, application-code: 81ms)
 POST /tasks?id=e1a3251c-9fc6-4be2-b945-e0d01b597936 200 in 105ms (next.js: 1.9ms, proxy.ts: 3ms, application-code: 99ms)
  └─ ƒ updateWorkspaceTask({}) in 9ms src/app/actions.ts
 GET /tasks?notice=T%C3%A2che+mise+%C3%A0+jour.&id=e1a3251c-9fc6-4be2-b945-e0d01b597936 200 in 68ms (next.js: 2ms, proxy.ts: 2.0ms, application-code: 64ms)
 POST /tasks?notice=T%C3%A2che%20mise%20%C3%A0%20jour.&id=e1a3251c-9fc6-4be2-b945-e0d01b597936 200 in 86ms (next.js: 2ms, proxy.ts: 3ms, application-code: 81ms)
  └─ ƒ updateWorkspaceTask({}) in 8ms src/app/actions.ts
 GET /tasks?notice=T%C3%A2che+mise+%C3%A0+jour.&id=e1a3251c-9fc6-4be2-b945-e0d01b597936 200 in 76ms (next.js: 3ms, proxy.ts: 1.9ms, application-code: 71ms)
 POST /tasks?notice=T%C3%A2che%20mise%20%C3%A0%20jour.&id=e1a3251c-9fc6-4be2-b945-e0d01b597936 200 in 92ms (next.js: 2ms, proxy.ts: 3ms, application-code: 87ms)
  └─ ƒ updateWorkspaceTask({}) in 6ms src/app/actions.ts
 GET /tasks?notice=T%C3%A2che+mise+%C3%A0+jour.&id=e1a3251c-9fc6-4be2-b945-e0d01b597936 200 in 69ms (next.js: 2.0ms, proxy.ts: 1.6ms, application-code: 65ms)
 POST /tasks?notice=T%C3%A2che%20mise%20%C3%A0%20jour.&id=e1a3251c-9fc6-4be2-b945-e0d01b597936 200 in 85ms (next.js: 2ms, proxy.ts: 2ms, application-code: 81ms)
  └─ ƒ updateWorkspaceTask({}) in 7ms src/app/actions.ts
 GET /tasks?notice=T%C3%A2che+mise+%C3%A0+jour.&id=e1a3251c-9fc6-4be2-b945-e0d01b597936 200 in 69ms (next.js: 2ms, proxy.ts: 1.8ms, application-code: 65ms)
 POST /tasks?notice=T%C3%A2che%20mise%20%C3%A0%20jour.&id=e1a3251c-9fc6-4be2-b945-e0d01b597936 200 in 87ms (next.js: 2.0ms, proxy.ts: 2ms, application-code: 82ms)
  └─ ƒ updateWorkspaceTask({}) in 8ms src/app/actions.ts
 GET /tasks?notice=T%C3%A2che+mise+%C3%A0+jour.&id=e1a3251c-9fc6-4be2-b945-e0d01b597936 200 in 62ms (next.js: 1.8ms, proxy.ts: 1.5ms, application-code: 59ms)
 POST /tasks?notice=T%C3%A2che%20mise%20%C3%A0%20jour.&id=e1a3251c-9fc6-4be2-b945-e0d01b597936 200 in 76ms (next.js: 2ms, proxy.ts: 2ms, application-code: 71ms)
  └─ ƒ updateWorkspaceTask({}) in 5ms src/app/actions.ts
 GET /tasks?notice=T%C3%A2che+mise+%C3%A0+jour.&id=e1a3251c-9fc6-4be2-b945-e0d01b597936 200 in 70ms (next.js: 2.0ms, proxy.ts: 1.5ms, application-code: 66ms)
 POST /tasks?notice=T%C3%A2che%20mise%20%C3%A0%20jour.&id=e1a3251c-9fc6-4be2-b945-e0d01b597936 200 in 87ms (next.js: 2ms, proxy.ts: 2ms, application-code: 83ms)
  └─ ƒ updateWorkspaceTask({}) in 8ms src/app/actions.ts
 GET /tasks?error=Transition+de+t%C3%A2che+interdite+%3A+done+%E2%86%92+start.&id=e1a3251c-9fc6-4be2-b945-e0d01b597936 200 in 62ms (next.js: 3ms, proxy.ts: 1.8ms, application-code: 58ms)
 POST /tasks?notice=T%C3%A2che%20mise%20%C3%A0%20jour.&id=e1a3251c-9fc6-4be2-b945-e0d01b597936 200 in 80ms (next.js: 3ms, proxy.ts: 2ms, application-code: 74ms)
  └─ ƒ updateWorkspaceTask({}) in 8ms src/app/actions.ts
 GET /tasks?error=Permission+required%3A+tasks%3Amanage&id=e1a3251c-9fc6-4be2-b945-e0d01b597936 200 in 66ms (next.js: 1.7ms, proxy.ts: 1.5ms, application-code: 63ms)
 POST /tasks?error=Transition%20de%20t%C3%A2che%20interdite%20%3A%20done%20%E2%86%92%20start.&id=e1a3251c-9fc6-4be2-b945-e0d01b597936 200 in 81ms (next.js: 2ms, proxy.ts: 3ms, application-code: 76ms)
  └─ ƒ updateWorkspaceTask({}) in 5ms src/app/actions.ts
 GET /tasks?notice=Commentaire+ajout%C3%A9.&id=e1a3251c-9fc6-4be2-b945-e0d01b597936 200 in 60ms (next.js: 2.0ms, proxy.ts: 2ms, application-code: 56ms)
 POST /tasks?error=Permission%20required%3A%20tasks%3Amanage&id=e1a3251c-9fc6-4be2-b945-e0d01b597936 200 in 79ms (next.js: 3ms, proxy.ts: 4ms, application-code: 73ms)
  └─ ƒ addWorkspaceTaskComment({}) in 8ms src/app/actions.ts
 GET /tasks?error=Workspace+access+state+does+not+allow%3A+tasks%3Acomment&id=e1a3251c-9fc6-4be2-b945-e0d01b597936 200 in 71ms (next.js: 2ms, proxy.ts: 1.9ms, application-code: 67ms)
 POST /tasks?notice=Commentaire%20ajout%C3%A9.&id=e1a3251c-9fc6-4be2-b945-e0d01b597936 200 in 87ms (next.js: 3ms, proxy.ts: 3ms, application-code: 82ms)
  └─ ƒ addWorkspaceTaskComment({}) in 6ms src/app/actions.ts
 GET /tasks?id=e1a3251c-9fc6-4be2-b945-e0d01b597936 200 in 177ms (next.js: 2ms, proxy.ts: 2ms, application-code: 173ms)
 GET /api/auth/get-session 200 in 35ms (next.js: 6ms, proxy.ts: 3ms, application-code: 26ms)
 GET /api/auth/organization/list 200 in 36ms (next.js: 21ms, proxy.ts: 3ms, application-code: 12ms)
  ✓  72 [chromium] › e2e/task-actors-local.spec.ts:6:7 › task actor en creates, transitions, comments and rejects stale controls (3.4s)
 GET /tasks?workspace=80000000-0000-4000-8000-000000000001&assignee=local-browser-fixture-analyst&status=open 200 in 296ms (next.js: 2.0ms, proxy.ts: 2ms, application-code: 292ms)
 GET /api/auth/get-session 200 in 18ms (next.js: 5ms, proxy.ts: 2ms, application-code: 10ms)
 GET /api/auth/organization/list 200 in 19ms (next.js: 9ms, proxy.ts: 2ms, application-code: 7ms)
 GET /tasks?workspace=80000000-0000-4000-8000-000000000001&assignee=local-browser-fixture-analyst&status=open&cursor=eyJ2IjoxLCJpdiI6InNSTktvamdfY0ZEUlhHcFUiLCJ0YWciOiJZdHBPX0VySXhWYjZXM3l4Wm1mTjFBIiwiZGF0YSI6IlB4RXNBaE9VNWlOOWh6Y3ZQM3lnb0Y3akM0cTZtblYyZnBZOEdjNUJwTVBTNlUzdHY5U0dValZELUlTSE1aM0xsV1ZpYkhham1sWU5fLXhVWUhNc0hSSEJrSU45VURJekpkRVZ6Z1ZraldKWG1oY3lfQmhGUy1WMzFCM0hDVXZMTHVmdWxyRzNBY0FreUc2NEo0bEZ6SlB1MUVaakl4eW5jd0JGV19qWDUzS0I2UUxvbXZwTWEwYXpHQ205NVFlN1NYZ2Roak9jYXItVUpXNk53ZWVBTUthOGFTemZfc0Zxdko5bEFsYnlRTTFrZzNKR0M3SzZ6X2V3aGdRQVVtQ2VZWkxBYjFOUEI2RncxSWhuU2ZvelVsTnFHV1J4a1NuSTF5LVh0aWFPRDRpZkFIQkZ3dGNOS0EifQ 200 in 102ms (next.js: 2ms, proxy.ts: 2ms, application-code: 98ms)
 GET /tasks?workspace=80000000-0000-4000-8000-000000000001&assignee=local-browser-fixture-analyst&status=open&cursor=eyJ2IjoxLCJpdiI6ImhPMXFtN2xrTkJXWklHd2EiLCJ0YWciOiI4TVVXb1J4UmdLZEFhaFNwTXVTaHdnIiwiZGF0YSI6IlVDRDY3dlFuV0hqdGcwVWlDQ1lNaXZpUFRxREFfMC1iY1BNOFlkd2taR1lHLTRlZElEVTFJLUh3cUs0U01KRmQ0ZlpQclZ2aEtSaVN1NG5WV1F5cWdpTnI5Tng5ZTA4eHN1ckZ3VGJUb0g1eFlUSHhWdWVrTnRLNlJpU2laOTNUMXpOM1pkdjl6blNzYnhMOW5FTVJjU29xRlNkei1uaE5td0txVlV0bmtfQ1V2dGNDQl9WSGtUZjEtc3lvaE9peUV6TEhOTmJfN2l0S3pMdG9hNFU3TXk4Mkl0cGlTM3YyRW4wcU92N0g3NDJhd0tGa3BTQ21RNlFtZGRIck9mMjlRR0w2OE45WHdaTUxiM0M1MjFIbzh2VDUzVXNqNGo2RzBObGMtZUJsSnN3WUIxS24xc01RTWcifQ 200 in 53ms (next.js: 3ms, proxy.ts: 3ms, application-code: 47ms)
 GET /tasks?workspace=80000000-0000-4000-8000-000000000002 200 in 98ms (next.js: 2ms, proxy.ts: 2ms, application-code: 94ms)
 GET /api/auth/get-session 200 in 19ms (next.js: 6ms, proxy.ts: 3ms, application-code: 11ms)
 GET /api/auth/organization/list 200 in 21ms (next.js: 9ms, proxy.ts: 3ms, application-code: 9ms)
 GET /tasks 200 in 8ms (next.js: 2ms, proxy.ts: 3ms, application-code: 3ms)
 GET /tasks 200 in 86ms (next.js: 3ms, proxy.ts: 3ms, application-code: 80ms)
 GET /tasks 200 in 435ms (next.js: 2ms, proxy.ts: 1.9ms, application-code: 430ms)
 GET /api/auth/get-session 200 in 14ms (next.js: 4ms, proxy.ts: 3ms, application-code: 7ms)
 GET /api/auth/organization/list 200 in 14ms (next.js: 3ms, proxy.ts: 3ms, application-code: 8ms)
 GET /tasks?error=Date+d%E2%80%99%C3%A9ch%C3%A9ance+invalide. 200 in 167ms (next.js: 3ms, proxy.ts: 5ms, application-code: 159ms)
 POST /tasks 200 in 191ms (next.js: 2ms, proxy.ts: 3ms, application-code: 186ms)
  └─ ƒ createWorkspaceTask({}) in 8ms src/app/actions.ts
  ✓  73 [chromium] › e2e/task-digest-local.spec.ts:5:7 › task digest fr opens the complete assigned collection and rejects impossible deadlines (3.0s)
 GET /tasks?workspace=80000000-0000-4000-8000-000000000001&assignee=local-browser-fixture-analyst&status=open 200 in 313ms (next.js: 2ms, proxy.ts: 2ms, application-code: 309ms)
 GET /api/auth/get-session 200 in 20ms (next.js: 7ms, proxy.ts: 3ms, application-code: 10ms)
 GET /api/auth/organization/list 200 in 19ms (next.js: 8ms, proxy.ts: 3ms, application-code: 8ms)
 GET /tasks?workspace=80000000-0000-4000-8000-000000000001&assignee=local-browser-fixture-analyst&status=open&cursor=eyJ2IjoxLCJpdiI6InpoNTdxM3F5eWQycHdKMjQiLCJ0YWciOiI1QVRtMi1YeDNXazRoSjNlTEpUZnR3IiwiZGF0YSI6Inp5bDFhT0gwd0UySFZxNUZTSURoVUFVZHJtazRWU3RrN05aLXpVNHY4cTlfYVpvcS1ZeXZ5TFVHVlpFUFVVbjRkRTU5a0Z0Wk9QRFdtTEpwY3NUN1FHWXFFTFo3Q2l0Tk1HeVhNME5sRFpXQXBRNmwxdDZ1a2t2RTQwQjU4YlpQRTJiRFpTLWV5M1NvekhhdlFMRzh4YUl4eDRPTmk4Uk5UTkZ5MlJ6OU5yV2swVHpHQ0l1Ui14WGo3a3NjN2oxVkJXYVI2Sll0VWRtMTZ3amxIQ05RcWpaV1h0ZUtyOGVtNUVsWjdKaFotR01ONDBGZWRuNElKT3QxNU9VXzEzSy1JRXM0ck5kNW9XOXNTUTNRNlVHcFV4bFEyR2pTT21ucWluN1VSR1hIQ1EyQm83dk5qWTJ2UVEifQ 200 in 94ms (next.js: 3ms, proxy.ts: 3ms, application-code: 89ms)
 GET /tasks?workspace=80000000-0000-4000-8000-000000000001&assignee=local-browser-fixture-analyst&status=open&cursor=eyJ2IjoxLCJpdiI6IlJ1YWFJaEVKZmVSSTM5WVQiLCJ0YWciOiJNd2JWR252Y1dvQVpFbHp4VnR6Q2VRIiwiZGF0YSI6ImZqVmtEZUFUdjlPWDFJNXVwUkVPMktJQVVOUlJkSUFEczNtOVVWWTlWbHQybTZMZVV4RE5aZmFKZUNoNWRXcWVnM1BJUWoyU2dBZzZJblZYU01OaHJiRlIxTm5TejByY2JVLXh4QTQtQXUwYjJiZ1loRjNTOXZDX2FpNXo5cjZjLXlaWXd5Q0tDUWdETzJEOEQtRXlHeEo0VHJ2MFp1b3FWWks4dXR1d0M3c3haUDJFYllOTE9GX0NsaUxuN0lINlNmODdPekpzX0FUV0xtanNUdkN1dnhleFdjdEtLajNMdXluZy1wbURHczI3SGp6Umpab2oyT1F6SVVLUjBaWlptYi1WNWh4UmcxU3lJaUdDVGduY0hFMHVwMlowQVJUVG02d200bHRBU3BscXVvMUFJTnNPdkEifQ 200 in 51ms (next.js: 3ms, proxy.ts: 4ms, application-code: 45ms)
 GET /tasks?workspace=80000000-0000-4000-8000-000000000002 200 in 97ms (next.js: 2ms, proxy.ts: 1.7ms, application-code: 93ms)
 GET /api/auth/get-session 200 in 21ms (next.js: 6ms, proxy.ts: 4ms, application-code: 11ms)
 GET /api/auth/organization/list 200 in 22ms (next.js: 11ms, proxy.ts: 4ms, application-code: 8ms)
 GET /tasks 200 in 9ms (next.js: 3ms, proxy.ts: 3ms, application-code: 3ms)
 GET /tasks 200 in 90ms (next.js: 4ms, proxy.ts: 1.9ms, application-code: 84ms)
 GET /tasks 200 in 465ms (next.js: 1.9ms, proxy.ts: 1.7ms, application-code: 461ms)
 GET /api/auth/get-session 200 in 12ms (next.js: 4ms, proxy.ts: 2.0ms, application-code: 7ms)
 GET /api/auth/organization/list 200 in 15ms (next.js: 3ms, proxy.ts: 2ms, application-code: 10ms)
 GET /tasks?error=Date+d%E2%80%99%C3%A9ch%C3%A9ance+invalide. 200 in 155ms (next.js: 3ms, proxy.ts: 3ms, application-code: 149ms)
 POST /tasks 200 in 175ms (next.js: 2ms, proxy.ts: 3ms, application-code: 170ms)
  └─ ƒ createWorkspaceTask({}) in 7ms src/app/actions.ts
  ✓  74 [chromium] › e2e/task-digest-local.spec.ts:5:7 › task digest en opens the complete assigned collection and rejects impossible deadlines (2.9s)
 GET /audit?q=COLL_AUDIT_ 200 in 193ms (next.js: 43ms, proxy.ts: 3ms, application-code: 147ms)
 GET /api/auth/get-session 200 in 38ms (next.js: 7ms, proxy.ts: 18ms, application-code: 13ms)
 GET /api/auth/organization/list 200 in 27ms (next.js: 11ms, proxy.ts: 3ms, application-code: 13ms)
 POST /audit?q=COLL_AUDIT_ 200 in 100ms (next.js: 3ms, proxy.ts: 4ms, application-code: 93ms)
  └─ ƒ setCookieConsent({}) in 2ms src/app/preferences-actions.ts
 GET /audit?q=COLL_AUDIT_&cursor=eyJ2IjoxLCJpdiI6IkpMX3VfR1BiNngzMkc5dTYiLCJ0YWciOiI2bDlyQmdrUVNxUDNybjk2bDFLMHFBIiwiZGF0YSI6InltMFZGdDFKRWhzNGZpdHVlai1LY21hRFF4Y1Z1VzVNamc2bnZWNFowcWgxcHVDN2NTc3RGaUdKeFhHQXBTdGI5c25SVFZJbkJNMFQ5V1dJMGdHUzQ2NmQyOGJ5dnlESjR4dzZBbVlhd2t0akNtSU0yOVJ3RFpLZV9FQXQzQUZoTEtlYWRad0xNY1JQR3BQWWxVcWpsc0NwOG9PTkx2VzZJNUFNeHJqUFpEbnUzLVpBdllkcU1zbGFOMm1aeWt4MUktUm9BWXRKajZhOHUwR2Y5WFR3Zk9QYU4yWTZ0N0VoNVdFakppZUYzdmI4bjlUek16WThLWmlDZzhab0VWOTZKV1dtRWg3VWFoZEFncXE1eDdMTFFjc3hTalBuN1RkOVJ4czVWeVRVWTFBZTNITFdmOHFaeVEifQ 200 in 45ms (next.js: 3ms, proxy.ts: 2ms, application-code: 40ms)
 GET /audit?q=COLL_AUDIT_001 200 in 109ms (next.js: 2ms, proxy.ts: 1.9ms, application-code: 105ms)
 GET /api/auth/get-session 200 in 95ms (next.js: 49ms, proxy.ts: 12ms, application-code: 34ms)
 GET /api/auth/organization/list 200 in 387ms (next.js: 52ms, proxy.ts: 12ms, application-code: 323ms)
 GET /tasks?q=COLL_TASK_ 200 in 456ms (next.js: 3ms, proxy.ts: 4ms, application-code: 448ms)
 GET /api/auth/get-session 200 in 17ms (next.js: 5ms, proxy.ts: 3ms, application-code: 9ms)
 GET /api/auth/organization/list 200 in 19ms (next.js: 9ms, proxy.ts: 3ms, application-code: 8ms)
 GET /tasks?q=COLL_TASK_&status=open&cursor=eyJ2IjoxLCJpdiI6IkhDTDlhSVdnenVFS0dvQ1ciLCJ0YWciOiJYV2F6VHNFU2FWZHJNR2VlamNCNjVnIiwiZGF0YSI6IkIxUTBqblQ2YmRabU8xcV9QdXhuQVJoVUNhcjRJT2hvazFhMHhBdVc1RFNpdDE4MXhZUHVlV2d4VmNWNGk5TXdxaV9NYVNNaEc3TDhDRXJ3WGdTNEV0Uk5nUzBBbmJiY3NSejVtNVU0d2x3bmp1RU8wZXJQQ09zQU5BaThXWERqMDBXbE5SWHRGbTJfczRPTjc0WS0wQ0dnZHNYaVFnOVRObkVGZmZfY3FVOWUxSWsyTWZLOHdqR0dCOGZ5dURmd3h2anBCZmNhRHFqMG9VRURJUG4xcXJLNVh0M25IV0tIeTB2aHRidVMzWFlDRFk2V201N1RrMlVIdzRFTzV3REd0LVZBeG10c2w3SlA0Qi0xcDVlVTFub1pPZ0x4eWtUZGk1dWRzZXFtblcwYTRqaGw5blMzaEEifQ 200 in 125ms (next.js: 2ms, proxy.ts: 3ms, application-code: 120ms)
 GET /tasks?q=COLL_TASK_001&status=open 200 in 164ms (next.js: 3ms, proxy.ts: 2ms, application-code: 159ms)
 GET /api/auth/get-session 200 in 23ms (next.js: 6ms, proxy.ts: 7ms, application-code: 10ms)
 GET /api/auth/organization/list 200 in 22ms (next.js: 8ms, proxy.ts: 5ms, application-code: 8ms)
 GET /tasks?notice=Commentaire+ajout%C3%A9.&id=5d7c0c96-1c21-4e37-b7fe-4c2211e20f90 200 in 70ms (next.js: 1.9ms, proxy.ts: 1.8ms, application-code: 66ms)
 POST /tasks?q=COLL_TASK_001&status=open 200 in 89ms (next.js: 2ms, proxy.ts: 3ms, application-code: 83ms)
  └─ ƒ addWorkspaceTaskComment({}) in 8ms src/app/actions.ts
 GET /discussions/tasks/5d7c0c96-1c21-4e37-b7fe-4c2211e20f90 200 in 133ms (next.js: 69ms, proxy.ts: 2ms, application-code: 62ms)
 GET /discussions/tasks/5d7c0c96-1c21-4e37-b7fe-4c2211e20f90?cursor=eyJ2IjoxLCJpdiI6ImxldWVBeHpSamg3dzNIakIiLCJ0YWciOiJuS1hXTzFJWExGaTJqNmF2QzZuaExRIiwiZGF0YSI6InZNQ0pnbEFWWGltNDJtclVRQ2ZLQ1FNU3huZG5ab193MEx6TE92aERGZWxyX3pWZTUzaENXQkdXaF9YNkJNV1V1RXd5VlNNYXhiS3RhMVA3MnYwVThPVm9UbGdnUFNrbXVyMWNlOGgxcWxCVWN2eC1Kd25yMjkwTmpOaXd1OG4wenl0Wi00N3RwLWNJSFJwN2xwR0lLZU9idVZGTUducTJXTFI3Z3VadHVDQXFzSU42bW9LcXY0WkJVWEhYTlVxQVZnR2V1cWZ5amV6YVJtWmxVY25ENTZlUzNQS1lXTURwenl5MjFoNWl2WkVoRURRR2pfcGw4Q2kxTW04aHBqQl85R0RsWUpjOVcwTU51SU9YZWVGd2lRNlVKLXY4a3BxNzRwZzBCYmJFcUd0a3dsV3plOTBDLXcifQ 200 in 48ms (next.js: 4ms, proxy.ts: 3ms, application-code: 41ms)
 GET /discussions/tasks/5d7c0c96-1c21-4e37-b7fe-4c2211e20f90?q=COLL_MESSAGE_001 200 in 126ms (next.js: 4ms, proxy.ts: 2ms, application-code: 120ms)
 GET /api/auth/get-session 200 in 104ms (next.js: 20ms, proxy.ts: 27ms, application-code: 57ms)
 GET /api/auth/organization/list 200 in 101ms (next.js: 30ms, proxy.ts: 26ms, application-code: 45ms)
 GET /alerts?q=COLL_ALERT_ 200 in 528ms (next.js: 47ms, proxy.ts: 2ms, application-code: 479ms)
 GET /api/auth/get-session 200 in 18ms (next.js: 5ms, proxy.ts: 3ms, application-code: 10ms)
 GET /api/auth/organization/list 200 in 19ms (next.js: 8ms, proxy.ts: 3ms, application-code: 8ms)
 GET /alerts?q=COLL_ALERT_&cursor=eyJ2IjoxLCJpdiI6IjBlcHhVNG1VVGRubEZBaTkiLCJ0YWciOiJxd2xIS1ZLLWRORzFrYm95LUYwMWtBIiwiZGF0YSI6Ii10NTItVkgyekNNRlpFUV8yYTdqYTl4aHVJbEM2eDJ1ZnBrcU94QmNVTzBLT2xYTDVqN2pjb2VCb1hxTGNfSVZFNXAxanlTbWV5OXpoWUZRc2NzR2tBMjdmMDZIekFmU0FjNWJTQWF6aDZLU2tZbXRyclY4ZFhCejBheWpGTEtKcWdoeWtqNWtUcklUOHplY0twOWZQdnA4OWFXeTR4bFdTLXltbk9MNm9CaThFZmQzelM1eVlYUjVRNjYteUFPLUo4MU1jM0pfdFgxLU1mUzdRZzZnaDZFcVQwNnotdklvVUNzVV9Od3k5OG8yLVlYVlNHMDVrQ0k3SVhHT0pkMVBoV3JEMG9sc2VTUktRUVlfelpxU0hINEd2ZXlKVE5qdVkzcS1GdG95ODhrUWJ1Qm1jZlJYWUEifQ 200 in 132ms (next.js: 3ms, proxy.ts: 3ms, application-code: 126ms)
 GET /alerts?q=COLL_ALERT_001&status= 200 in 139ms (next.js: 3ms, proxy.ts: 2ms, application-code: 134ms)
 GET /api/auth/get-session 200 in 62ms (next.js: 5ms, proxy.ts: 3ms, application-code: 54ms)
 GET /api/auth/organization/list 200 in 71ms (next.js: 10ms, proxy.ts: 3ms, application-code: 59ms)
 GET /approvals?q=COLL_APPROVAL_ 200 in 441ms (next.js: 51ms, proxy.ts: 4ms, application-code: 386ms)
 GET /api/auth/get-session 200 in 18ms (next.js: 4ms, proxy.ts: 3ms, application-code: 11ms)
 GET /api/auth/organization/list 200 in 19ms (next.js: 6ms, proxy.ts: 3ms, application-code: 10ms)
 GET /approvals?q=COLL_APPROVAL_&cursor=eyJ2IjoxLCJpdiI6ImpFLW5GWGh3aHNNaDRYejYiLCJ0YWciOiJ1LXhkYVNUdjkybDB5M0YyRGltNEhnIiwiZGF0YSI6IkxrMlBHbm9hNURoMnZEVWVVeFFfOGkxT1EydF9vQU9EZHAzQVNOU2k5U0IzMjY1b0dZbGZ4WWdFa29GMkt1M2pmRVRYczJBWXNBMDJnTEVYX3dZUW91ajhWdWdMUHNkSTZQaTdVajJ0dFFxcE9rN0JNSlFNX1JpS1I2WVJkNk5MejEwejhPdFJPR2xqM3BnMUFMRE11MTBEM1BaYS03amRSZWh3MlZiNjg5THZSQ0YzSTBxTEJDeExSa2JWQ0g5LWlpb0kzckFtWkVkbmVEN2xvLWZJdkgzbllxaXFqaVFzQzRCMDdSanVrWEFZNzdiMVdLU2lPcHVFY0RoZHdaTlE4eHBuNDZaUkdRczFrRlhnLTktcThVdjRtSWRxYVc5OUFMMmwyZXl1MWhJZWtyOXMzVmJwZncifQ 200 in 94ms (next.js: 3ms, proxy.ts: 3ms, application-code: 88ms)
 GET /approvals?q=COLL_APPROVAL_001&status= 200 in 125ms (next.js: 3ms, proxy.ts: 2ms, application-code: 120ms)
 GET /api/auth/get-session 200 in 83ms (next.js: 43ms, proxy.ts: 12ms, application-code: 28ms)
 GET /api/auth/organization/list 200 in 251ms (next.js: 46ms, proxy.ts: 12ms, application-code: 193ms)
 GET /support?q=COLL_SUPPORT_ 200 in 320ms (next.js: 4ms, proxy.ts: 1.8ms, application-code: 314ms)
 GET /api/auth/get-session 200 in 20ms (next.js: 5ms, proxy.ts: 2ms, application-code: 12ms)
 GET /api/auth/organization/list 200 in 21ms (next.js: 10ms, proxy.ts: 2ms, application-code: 8ms)
 GET /support?q=COLL_SUPPORT_&cursor=eyJ2IjoxLCJpdiI6IjZrUG9LdmYtTGhRNkRhZWkiLCJ0YWciOiJlR1NNa0JzZnd0eE44VFc4Qzd0VGpnIiwiZGF0YSI6IkpDR1FkcmN5REtCcFozQVFCRTAyc0Z6QVFXYWN6ODlocUJFeUVFcER1RFQ3NndhRHlHMEJPaFV4QTNYLU5tS0VqR2ROV0RGcExfRmtMWlA3WXBFQzNJdXZvOUM5SlBfSlQ2Y2I2VjJEc1BBU1BrOFZ3RllLeFctSzJwT0RqVFZDQ2s5SWJleG4zNmduZmxCS0tIV19ScDBObmhOdnc0UkVONWxCRWJSb05TQW95bTBPY0tPZFllSk5qb2ZWbktvTDhzdlh0ZEJBMlBZMUJiV2dJWlBwRXpiQTRFbm5zSjAxNW8yb0pzQzctdzJiLXI1QWxtTXhKY1dXRUxiRVNYaTU0SkJDdUd2bTFTZ1BZNWQzT2psam94TjJLSUxYQlNvQ0E5bEVOb1VrbDhOeXd3cGV1VjJmTkEifQ 200 in 76ms (next.js: 3ms, proxy.ts: 3ms, application-code: 70ms)
 GET /support?q=COLL_SUPPORT_001&status= 200 in 135ms (next.js: 2ms, proxy.ts: 1.9ms, application-code: 131ms)
 GET /api/auth/get-session 200 in 28ms (next.js: 7ms, proxy.ts: 3ms, application-code: 18ms)
 GET /api/auth/organization/list 200 in 30ms (next.js: 13ms, proxy.ts: 3ms, application-code: 15ms)
 GET /tasks?cursor=forged 200 in 148ms (next.js: 4ms, proxy.ts: 2.0ms, application-code: 142ms)
 GET /api/auth/get-session 200 in 31ms (next.js: 6ms, proxy.ts: 3ms, application-code: 21ms)
 GET /api/auth/organization/list 200 in 33ms (next.js: 12ms, proxy.ts: 3ms, application-code: 18ms)
 GET /support?q=COLL_SUPPORT_ 200 in 109ms (next.js: 3ms, proxy.ts: 3ms, application-code: 103ms)
 GET /api/auth/get-session 200 in 103ms (next.js: 65ms, proxy.ts: 4ms, application-code: 34ms)
 GET /api/auth/organization/list 200 in 109ms (next.js: 68ms, proxy.ts: 4ms, application-code: 36ms)
 GET /discussions/support/26096e57-9c40-42cf-9185-5ab8fce43ee6 404 in 142ms (next.js: 12ms, proxy.ts: 6ms, application-code: 125ms)
  ✓  75 [chromium] › e2e/workspace-collections-local.spec.ts:14:53 › workspace collection navigation › searches older records and conversations in fr (7.9s)
 GET /audit?q=COLL_AUDIT_ 200 in 165ms (next.js: 2ms, proxy.ts: 2ms, application-code: 161ms)
 GET /api/auth/get-session 200 in 23ms (next.js: 6ms, proxy.ts: 2ms, application-code: 14ms)
 GET /api/auth/organization/list 200 in 26ms (next.js: 11ms, proxy.ts: 3ms, application-code: 12ms)
 POST /audit?q=COLL_AUDIT_ 200 in 106ms (next.js: 2ms, proxy.ts: 3ms, application-code: 101ms)
  └─ ƒ setCookieConsent({}) in 2ms src/app/preferences-actions.ts
 GET /audit?q=COLL_AUDIT_&cursor=eyJ2IjoxLCJpdiI6ImRfUm5FOWtVQlNQc0ZZU04iLCJ0YWciOiJaVVIybXBkZHk3NVJycS1ULURwcmxRIiwiZGF0YSI6IkpwRHF3MDJjRDBBSDJzWTBRTGJfMDlsd2J6UHMxSzVDSFBLdEhRajdxdWFBZk0weHlsWjVvQ3FZNjk4U1JWTFJacHhIUWZlWGY2dThFZXl0WFF6TWFUYm1jRF9xU1ZXcUlRWkVpYUpwYzlrNl93QXVLM1NILTVxY00wSHhkZ0xSZ2hNbjlKS0hScFpPMHpza1IyYklSWExsaEhXQktDdjVXMTNPVWs0R20wMDN3RUtfTU5ZSGVvYkNQXy1fREdDOUNid3FMenBVdXprcUVhbjIwMGQwNi02Z1FVdk41SUkweThBT05QVk1SQ0VjaEJ1cXdFTFhzVG5SVjFqdnFZSjk2VUVsUkxhei00RXZ6ZlRtTXJKaXJHaEZnczV4X0RGckFJLTVTMWhOZmJ1WDl2dnFIUUJ4Y1EifQ 200 in 51ms (next.js: 3ms, proxy.ts: 3ms, application-code: 45ms)
 GET /audit?q=COLL_AUDIT_001 200 in 107ms (next.js: 2ms, proxy.ts: 2ms, application-code: 102ms)
 GET /api/auth/get-session 200 in 92ms (next.js: 49ms, proxy.ts: 18ms, application-code: 25ms)
 GET /api/auth/organization/list 200 in 400ms (next.js: 61ms, proxy.ts: 17ms, application-code: 322ms)
 GET /tasks?q=COLL_TASK_ 200 in 462ms (next.js: 3ms, proxy.ts: 2ms, application-code: 457ms)
 GET /api/auth/get-session 200 in 18ms (next.js: 5ms, proxy.ts: 3ms, application-code: 10ms)
 GET /api/auth/organization/list 200 in 19ms (next.js: 8ms, proxy.ts: 3ms, application-code: 8ms)
 GET /tasks?q=COLL_TASK_&status=open&cursor=eyJ2IjoxLCJpdiI6IlZBaWRhTXFMQ1lFa1hYdFciLCJ0YWciOiIyUkktVER3aUNqQnZTRndrYnFFT2RBIiwiZGF0YSI6IlgwTThYRjFhMWlYSWtnRUQ2ZkFiRTNxeGxPamhjcklXVWRVWFpONWZPd2VRY2I2MDlQRlRWbFpfMklFSUxqWEprbGlXM2laMHpHT2F5LWdJZGhpRDhqd2hyd1hHdVJjbmNXS1pqdnpHYmU4aTRDc3B1dHJUZDc5U2xUTTE4QzBIS3ZsaFFsaHVjamJfa1VUS1ZEbG9Dc3F0VzE0bHR0a0dSRTVBNWhGUmt4aGlLT1FxQ25rVWlGNVpYd2lWclVDZFdzNG91RnZhZHBpZFdIcTBUR2JSaGc0cjZ0U19nQWhwb0F3WTZJb0tOVEtHMVcyV3lWUmp0ejhkZnJUc09aNnNJUG9ZMGx6WkhsNEtvVVBYQUZtSFFQSkF1N21BaF9hWnNnSXlhLWhNaDBxbmVGYjJZbmZwYncifQ 200 in 122ms (next.js: 2ms, proxy.ts: 3ms, application-code: 117ms)
 GET /tasks?q=COLL_TASK_001&status=open 200 in 159ms (next.js: 3ms, proxy.ts: 2ms, application-code: 154ms)
 GET /api/auth/get-session 200 in 25ms (next.js: 7ms, proxy.ts: 3ms, application-code: 15ms)
 GET /api/auth/organization/list 200 in 27ms (next.js: 11ms, proxy.ts: 3ms, application-code: 13ms)
 GET /tasks?notice=Commentaire+ajout%C3%A9.&id=53feebcf-36a8-4a8c-b02c-a85011d10c3e 200 in 84ms (next.js: 2ms, proxy.ts: 2.0ms, application-code: 80ms)
 POST /tasks?q=COLL_TASK_001&status=open 200 in 109ms (next.js: 2ms, proxy.ts: 8ms, application-code: 98ms)
  └─ ƒ addWorkspaceTaskComment({}) in 7ms src/app/actions.ts
 GET /discussions/tasks/53feebcf-36a8-4a8c-b02c-a85011d10c3e 200 in 44ms (next.js: 5ms, proxy.ts: 2ms, application-code: 36ms)
 GET /discussions/tasks/53feebcf-36a8-4a8c-b02c-a85011d10c3e?cursor=eyJ2IjoxLCJpdiI6InU5eVFaQk9mSi15SnJnOHAiLCJ0YWciOiJBOXg1Qm9VVlZHSGtHcFRpR21uZFhnIiwiZGF0YSI6Ik55d2lJN0FYZnQ3dy14ZDlqLUJSRmhVRUFRcDB0dUVZSS0wUkE0cVJpZ2lZZG8tanEyWjI1bXI3dXdBbzZzUU1hbVRlM3hKUXdlSkp1OGJLV0VIZjVEWE12dTR2R3dNZk9NT1J0NGJsbXVjT0hUVkFYdWJMMzVqZ1dQZkliLWtFYzhJamxuSWM1LXRNeVo1cmVZaUJxZWZLZkVmT3NoN1JYTkdualVxWU1jZlFpMlJFeW1LZFFnV0o4UGp5dmd4emxTRzBjSTgwNkswbEJTZ24zUHh5eVNVQVVVOEZLbXBISHdickJRa0o0cjBsbzFhX2J4ekZKU2V1XzlBLXlXd3VtS05ZaFZMR3A2VGQ4cFk0WXFmZnpoV09FYmp5Ty10d0E2U1RfclFiSHhkV1kyeE13TXhXblEifQ 200 in 44ms (next.js: 4ms, proxy.ts: 3ms, application-code: 37ms)
 GET /discussions/tasks/53feebcf-36a8-4a8c-b02c-a85011d10c3e?q=COLL_MESSAGE_001 200 in 126ms (next.js: 4ms, proxy.ts: 2.0ms, application-code: 120ms)
 GET /api/auth/get-session 200 in 27ms (next.js: 7ms, proxy.ts: 3ms, application-code: 17ms)
 GET /api/auth/organization/list 200 in 30ms (next.js: 12ms, proxy.ts: 3ms, application-code: 15ms)
 GET /alerts?q=COLL_ALERT_ 200 in 461ms (next.js: 6ms, proxy.ts: 5ms, application-code: 450ms)
 GET /api/auth/get-session 200 in 27ms (next.js: 13ms, proxy.ts: 4ms, application-code: 10ms)
 GET /api/auth/organization/list 200 in 29ms (next.js: 9ms, proxy.ts: 12ms, application-code: 8ms)
 GET /alerts?q=COLL_ALERT_&cursor=eyJ2IjoxLCJpdiI6IjU0a0FpT2lPRU52N1QxU1MiLCJ0YWciOiJUWGpjQ0xhM2k2VUc0WUU1bFk3M3RBIiwiZGF0YSI6InVWX29YV1EtTDRPN3MyWGZRMzZzdUpsM0UwaVN5SzJFSXZEdjFLeDh6U3VlY0xqYnNESjBrX1lKSndISUNNb3owZzA2OWk0RU5SV3ZZN25BMEQ1NEw3REo1Qk1GbFg0UDZNSzhUUHVBc2RDZTBEc1JBU3FtOVp1cXRPZ3ZOb0VHN0JsLXdVY2R5T05pZUpZYU1jeXBOQzVyN0xOTkJReXNjYjYwek1Qdnd2eUotd0Q3YTM1N1BkakQwdnFwUmV2UjVYN0VMdldMQ3VCcnFUc0lOZ0swZm1GVmxuODBVdEIxSTI1NVFnOUw3Nnp3akd2X3ZUQVY5cklzT0RTd3JQQnJ0X3dBSWxXRDlCVW9IYmxuSnBCTHJwUTV2RjZ2VFVjZ0swRTBTNVhMbC0tNjF2QUoySm41T3cifQ 200 in 109ms (next.js: 3ms, proxy.ts: 5ms, application-code: 101ms)
 GET /alerts?q=COLL_ALERT_001&status= 200 in 156ms (next.js: 2ms, proxy.ts: 2ms, application-code: 151ms)
 GET /api/auth/get-session 200 in 84ms (next.js: 44ms, proxy.ts: 11ms, application-code: 29ms)
 GET /api/auth/organization/list 200 in 86ms (next.js: 47ms, proxy.ts: 11ms, application-code: 29ms)
 GET /approvals?q=COLL_APPROVAL_ 200 in 421ms (next.js: 2ms, proxy.ts: 2ms, application-code: 417ms)
 GET /api/auth/get-session 200 in 17ms (next.js: 4ms, proxy.ts: 3ms, application-code: 10ms)
 GET /api/auth/organization/list 200 in 18ms (next.js: 7ms, proxy.ts: 4ms, application-code: 8ms)
 GET /approvals?q=COLL_APPROVAL_&cursor=eyJ2IjoxLCJpdiI6IlJiMDV1a3N4N1I1NGFTVUEiLCJ0YWciOiJPNnNvVTRWVXpxV3JiUHhmdGRRSXpBIiwiZGF0YSI6IjdwVjBmWjdIRm9lWVpXZk1wVHpLVFRDSnFXb0JPSXE1cFhCR2M0S3gxSWFRbmFrWEpkR29lbXF1ZWFvLUNpM0gyUllRQzJEMlhSZUJZVjcySGhPVk9DbGRRVzAzclBpTkFteURieHdleDJkLUh2TF9iQXZyRHFrdjBKR0lLeThucTBQSW9MMzB2dERvb2VzSEM2d1RKQlJ6ZERXVk05QU05TW1ac2lNblQ5aTUwdDN3TzF0a1UwbjBUc2pNZzg2anZHSFJiOUNmbWtrdzRlUWhDUTE3bUhYMy1SaGlQcjBBdDRpNmJqaWdVMFBSLXYyeEZOYlRFSkY5eFpMNkxPNGlkS1FDZE9rWjVnQXlEZ2h3b01ZUkZDd1ByNkVVV1g4c2tVdS02UFE4WFI4RWdKYnVvY1NDbWcifQ 200 in 111ms (next.js: 2ms, proxy.ts: 2ms, application-code: 106ms)
 GET /approvals?q=COLL_APPROVAL_001&status= 200 in 116ms (next.js: 2ms, proxy.ts: 1.8ms, application-code: 112ms)
 GET /api/auth/get-session 200 in 82ms (next.js: 43ms, proxy.ts: 19ms, application-code: 21ms)
 GET /api/auth/organization/list 200 in 94ms (next.js: 46ms, proxy.ts: 19ms, application-code: 30ms)
 GET /support?q=COLL_SUPPORT_ 200 in 312ms (next.js: 2ms, proxy.ts: 2ms, application-code: 308ms)
 GET /api/auth/get-session 200 in 21ms (next.js: 8ms, proxy.ts: 3ms, application-code: 11ms)
 GET /api/auth/organization/list 200 in 24ms (next.js: 11ms, proxy.ts: 3ms, application-code: 10ms)
 GET /support?q=COLL_SUPPORT_&cursor=eyJ2IjoxLCJpdiI6IjRiY29yNVJEeGFyaEs4ZFoiLCJ0YWciOiJrSW95SXdod3BOcWlycnZHN2RHWFZnIiwiZGF0YSI6IldCLTY4OXlvMVZ0RFMtMTR5RDBuZWo4T2kySWVjSUdaQV9tUndoQURjQTdDMFhtRmdqZDdmMEJkYXdnLW5mdERLdmdmWGxKUUp2RWhtMzBzTjhPS3hmX2c4YmlGREMtblYyYU10UHlQTDZvcU12ak5MTlE0UHcyRnNtb0FYTzBBVDhNeEh5SnhsMllMRzZJamVpQjdLb0xLdG95Qm9lVlI5SjZyN0JZNUNMcFhfX19CVHNxVVNEN2V1SW96R0p5M1l3X09QZGdMX0RicnNnc3c5ekNWcmhPWWNubmxuTWRSeFdrTm5QMWwtdEJQeWZ1aFNlSXhLbXpOUm1vRGtDMkZJRHN6Rkprd0hQaDQ5UXlhU3RUQXhJNk9kczlmMWtPYlhkRHFzVFpQY0FZUFdBVzVFTHphcGcifQ 200 in 77ms (next.js: 2ms, proxy.ts: 2ms, application-code: 72ms)
 GET /support?q=COLL_SUPPORT_001&status= 200 in 148ms (next.js: 3ms, proxy.ts: 2ms, application-code: 143ms)
 GET /api/auth/get-session 200 in 20ms (next.js: 6ms, proxy.ts: 3ms, application-code: 12ms)
 GET /api/auth/organization/list 200 in 22ms (next.js: 11ms, proxy.ts: 3ms, application-code: 8ms)
 GET /tasks?cursor=forged 200 in 129ms (next.js: 2.0ms, proxy.ts: 3ms, application-code: 125ms)
 GET /api/auth/get-session 200 in 28ms (next.js: 5ms, proxy.ts: 4ms, application-code: 19ms)
 GET /api/auth/organization/list 200 in 33ms (next.js: 11ms, proxy.ts: 4ms, application-code: 17ms)
 GET /support?q=COLL_SUPPORT_ 200 in 107ms (next.js: 3ms, proxy.ts: 2.0ms, application-code: 102ms)
 GET /api/auth/get-session 200 in 71ms (next.js: 27ms, proxy.ts: 5ms, application-code: 40ms)
 GET /api/auth/organization/list 200 in 104ms (next.js: 44ms, proxy.ts: 5ms, application-code: 55ms)
 GET /discussions/support/13c62816-8390-4921-97a7-cf5e2ce41061 404 in 131ms (next.js: 10ms, proxy.ts: 5ms, application-code: 116ms)
  ✓  76 [chromium] › e2e/workspace-collections-local.spec.ts:14:53 › workspace collection navigation › searches older records and conversations in en (7.7s)


  1) [chromium] › e2e/report-editions-local.spec.ts:16:53 › published report editions › creates every period and preserves HTML PDF CSV through revision in fr 

    Error: expect(locator).toHaveCount(expected) failed

    Locator:  getByRole('button', { name: /Create schedule|Créer la planification/ })
    Expected: 0
    Received: 1
    Timeout:  15000ms

    Call log:
      - Expect "toHaveCount" with timeout 15000ms
      - waiting for getByRole('button', { name: /Create schedule|Créer la planification/ })
        34 × locator resolved to 1 element
           - unexpected value "1"


      36 |       try {
      37 |         await page.goto('/reports')
    > 38 |         await expect(page.getByRole('button', { name: /Create schedule|Créer la planification/ })).toHaveCount(0)
         |                                                                                                    ^
      39 |         const consent = page.getByRole('button', { name: /Continuer sans mesure|Continue without/ })
      40 |         if (await consent.isVisible()) { await consent.click(); await expect(consent).toBeHidden() }
      41 |         for (const period of periods) {
        at /Users/yoannandrieux/Projets/yodev-ads/web/e2e/report-editions-local.spec.ts:38:100

    Error Context: test-results/report-editions-local-publ-9c220--CSV-through-revision-in-fr-chromium/error-context.md

    Error Context: test-results/report-editions-local-publ-9c220--CSV-through-revision-in-fr-chromium/error-context.md

  1 failed
    [chromium] › e2e/report-editions-local.spec.ts:16:53 › published report editions › creates every period and preserves HTML PDF CSV through revision in fr 
  1 did not run
  74 passed (3.6m)
{"ok":true,"cleaned":"local-browser-fixtures"}
[?25h
