
> @yodev/ads@0.1.0 test:e2e:local
> node scripts/verify-local-browser.mjs

{"ok":true,"fixtureRoles":["owner","admin","strategist","analyst","client"],"foreignExportId":"80000000-0000-4000-8000-000000000003"}

> @yodev/ads@0.1.0 dev
> next dev --hostname 127.0.0.1 --port 3017

▲ Next.js 16.3.0 (Turbopack)
- Local:         http://127.0.0.1:3017
- Network:       http://127.0.0.1:3017
- Environments: .env.local
✓ Ready in 279ms
✓ Running next.config.ts took 402ms
- Experiments (use with caution):
  · clientTraceMetadata

 GET /sign-in 200 in 943ms (next.js: 479ms, proxy.ts: 173ms, application-code: 291ms)
 POST /api/auth/sign-in/email 200 in 894ms (next.js: 725ms, proxy.ts: 4ms, application-code: 166ms)
 POST /api/auth/sign-in/email 200 in 88ms (next.js: 4ms, proxy.ts: 3ms, application-code: 82ms)
 POST /api/auth/sign-in/email 200 in 98ms (next.js: 3ms, proxy.ts: 2ms, application-code: 93ms)
 POST /api/auth/sign-in/email 200 in 81ms (next.js: 1.9ms, proxy.ts: 2ms, application-code: 77ms)
 POST /api/auth/sign-in/email 200 in 83ms (next.js: 2ms, proxy.ts: 2ms, application-code: 78ms)
 GET /dashboard 200 in 490ms (next.js: 189ms, proxy.ts: 2ms, application-code: 299ms)
 GET /settings 200 in 267ms (next.js: 30ms, proxy.ts: 2ms, application-code: 235ms)
 GET /billing 200 in 176ms (next.js: 18ms, proxy.ts: 3ms, application-code: 155ms)
 GET /support 200 in 146ms (next.js: 14ms, proxy.ts: 2ms, application-code: 130ms)
 GET /accounts 200 in 130ms (next.js: 16ms, proxy.ts: 1.9ms, application-code: 112ms)
 GET /history 200 in 134ms (next.js: 21ms, proxy.ts: 1.8ms, application-code: 112ms)
 GET /alerts 200 in 142ms (next.js: 19ms, proxy.ts: 2ms, application-code: 121ms)
 GET /tasks 200 in 151ms (next.js: 20ms, proxy.ts: 1.7ms, application-code: 130ms)
 GET /approvals 200 in 124ms (next.js: 22ms, proxy.ts: 1.9ms, application-code: 101ms)
 GET /reports 200 in 208ms (next.js: 20ms, proxy.ts: 2ms, application-code: 187ms)
 GET /audit 200 in 134ms (next.js: 20ms, proxy.ts: 2ms, application-code: 112ms)
 GET /agents 200 in 189ms (next.js: 18ms, proxy.ts: 2ms, application-code: 169ms)
 GET / 200 in 100ms (next.js: 19ms, proxy.ts: 2ms, application-code: 80ms)
 GET /privacy 200 in 52ms (next.js: 14ms, proxy.ts: 1.8ms, application-code: 36ms)
 GET /terms 200 in 48ms (next.js: 13ms, proxy.ts: 1.7ms, application-code: 33ms)
 GET /subprocessors 200 in 99ms (next.js: 40ms, proxy.ts: 2.0ms, application-code: 57ms)
 GET /status 200 in 103ms (next.js: 32ms, proxy.ts: 1.8ms, application-code: 69ms)
 GET /sign-in 200 in 34ms (next.js: 4ms, proxy.ts: 3ms, application-code: 27ms)
 GET /sign-up 200 in 315ms (next.js: 285ms, proxy.ts: 2ms, application-code: 28ms)
Local browser states ready in /var/folders/9h/sbxl7zl90j9_wc743xft5j8h0000gn/T/yodev-ads-browser-xaVlci

Running 76 tests using 1 worker

(node:53282) Warning: The 'NO_COLOR' env is ignored due to the 'FORCE_COLOR' env being set.
(Use `node --trace-warnings ...` to show where the warning was created)
 GET /accounts 200 in 108ms (next.js: 2ms, proxy.ts: 2ms, application-code: 104ms)
 GET /api/auth/get-session 200 in 24ms (next.js: 6ms, proxy.ts: 3ms, application-code: 16ms)
 GET /api/auth/organization/list 200 in 28ms (next.js: 10ms, proxy.ts: 3ms, application-code: 15ms)
 GET /accounts?selection=saved 200 in 62ms (next.js: 1.9ms, proxy.ts: 3ms, application-code: 57ms)
 POST /accounts 200 in 94ms (next.js: 2ms, proxy.ts: 3ms, application-code: 88ms)
  └─ ƒ updateManagedAccounts({}) in 15ms src/app/account-selection-actions.ts
 GET /accounts?selection=workspace_changed 200 in 60ms (next.js: 4ms, proxy.ts: 3ms, application-code: 53ms)
 POST /accounts?selection=saved 200 in 81ms (next.js: 2ms, proxy.ts: 3ms, application-code: 76ms)
  └─ ƒ updateManagedAccounts({}) in 11ms src/app/account-selection-actions.ts
 GET /accounts?selection=unavailable 200 in 61ms (next.js: 3ms, proxy.ts: 2ms, application-code: 56ms)
 POST /accounts?selection=workspace_changed 200 in 80ms (next.js: 3ms, proxy.ts: 4ms, application-code: 73ms)
  └─ ƒ updateManagedAccounts({}) in 7ms src/app/account-selection-actions.ts
 GET /accounts 200 in 112ms (next.js: 2ms, proxy.ts: 2ms, application-code: 108ms)
 GET /api/auth/get-session 200 in 25ms (next.js: 7ms, proxy.ts: 3ms, application-code: 15ms)
 GET /api/auth/organization/list 200 in 28ms (next.js: 10ms, proxy.ts: 4ms, application-code: 14ms)
 POST /accounts 200 in 11ms (next.js: 4ms, proxy.ts: 3ms, application-code: 4ms)
  ✓   1 [chromium] › e2e/account-selection-actors-local.spec.ts:6:7 › account selection actor fr saves and refuses stale workspace, role and grace forms (1.6s)
 GET /accounts?selection=conflict 200 in 165ms (next.js: 1.8ms, proxy.ts: 2ms, application-code: 161ms)
 GET /accounts 200 in 114ms (next.js: 5ms, proxy.ts: 6ms, application-code: 103ms)
 GET /api/auth/get-session 200 in 23ms (next.js: 4ms, proxy.ts: 4ms, application-code: 15ms)
 GET /api/auth/organization/list 200 in 25ms (next.js: 9ms, proxy.ts: 4ms, application-code: 12ms)
 GET /accounts?selection=saved 200 in 77ms (next.js: 2.0ms, proxy.ts: 2ms, application-code: 73ms)
 POST /accounts 200 in 110ms (next.js: 2.0ms, proxy.ts: 5ms, application-code: 103ms)
  └─ ƒ updateManagedAccounts({}) in 11ms src/app/account-selection-actions.ts
 GET /accounts?selection=workspace_changed 200 in 87ms (next.js: 2ms, proxy.ts: 3ms, application-code: 81ms)
 POST /accounts?selection=saved 200 in 110ms (next.js: 4ms, proxy.ts: 7ms, application-code: 99ms)
  └─ ƒ updateManagedAccounts({}) in 6ms src/app/account-selection-actions.ts
 GET /accounts?selection=unavailable 200 in 54ms (next.js: 1.5ms, proxy.ts: 2ms, application-code: 50ms)
 POST /accounts?selection=workspace_changed 200 in 70ms (next.js: 1.7ms, proxy.ts: 3ms, application-code: 65ms)
  └─ ƒ updateManagedAccounts({}) in 6ms src/app/account-selection-actions.ts
 GET /accounts 200 in 103ms (next.js: 1.7ms, proxy.ts: 2ms, application-code: 99ms)
 GET /api/auth/get-session 200 in 23ms (next.js: 6ms, proxy.ts: 4ms, application-code: 13ms)
 GET /api/auth/organization/list 200 in 25ms (next.js: 9ms, proxy.ts: 4ms, application-code: 12ms)
 POST /accounts 200 in 11ms (next.js: 4ms, proxy.ts: 3ms, application-code: 5ms)
  ✓   2 [chromium] › e2e/account-selection-actors-local.spec.ts:6:7 › account selection actor en saves and refuses stale workspace, role and grace forms (1.6s)
(node:53282) DeprecationWarning: Calling client.query() when the client is already executing a query is deprecated and will be removed in pg@9.0. Use async/await or an external async flow control mechanism instead.
 GET /accounts?selection=conflict 200 in 76ms (next.js: 1.8ms, proxy.ts: 2ms, application-code: 72ms)
 GET /operations 200 in 299ms (next.js: 30ms, proxy.ts: 13ms, application-code: 256ms)
 GET /api/auth/get-session 200 in 39ms (next.js: 9ms, proxy.ts: 5ms, application-code: 25ms)
 GET /api/auth/organization/list 200 in 40ms (next.js: 16ms, proxy.ts: 3ms, application-code: 21ms)
  ✓   3 [chromium] › e2e/activation-local.spec.ts:7:7 › operations counts published reports and excludes legacy or future activation (963ms)
 GET /alerts?id=65ab7491-94a1-4fb1-8bfb-116b9faf7023 200 in 153ms (next.js: 1.9ms, proxy.ts: 2ms, application-code: 148ms)
 GET /api/auth/get-session 200 in 23ms (next.js: 7ms, proxy.ts: 3ms, application-code: 13ms)
 GET /api/auth/organization/list 200 in 25ms (next.js: 11ms, proxy.ts: 3ms, application-code: 10ms)
 GET /alerts?notice=Avis+sur+la+qualit%C3%A9+de+l%E2%80%99alerte+enregistr%C3%A9.&id=65ab7491-94a1-4fb1-8bfb-116b9faf7023 200 in 81ms (next.js: 2ms, proxy.ts: 3ms, application-code: 76ms)
 POST /alerts?id=65ab7491-94a1-4fb1-8bfb-116b9faf7023 200 in 101ms (next.js: 3ms, proxy.ts: 3ms, application-code: 95ms)
  └─ ƒ reviewWorkspaceAlertQuality({}) in 8ms src/app/actions.ts
 GET /alerts?error=Cette+observation+ou+cet+avis+a+chang%C3%A9.+Actualisez+la+page+avant+de+l%E2%80%99%C3%A9valuer+%C3%A0+nouveau.&id=65ab7491-94a1-4fb1-8bfb-116b9faf7023 200 in 60ms (next.js: 1.6ms, proxy.ts: 2ms, application-code: 56ms)
 POST /alerts?notice=Avis%20sur%20la%20qualit%C3%A9%20de%20l%E2%80%99alerte%20enregistr%C3%A9.&id=65ab7491-94a1-4fb1-8bfb-116b9faf7023 200 in 78ms (next.js: 1.9ms, proxy.ts: 3ms, application-code: 74ms)
  └─ ƒ reviewWorkspaceAlertQuality({}) in 7ms src/app/actions.ts
 GET /alerts?notice=Avis+sur+la+qualit%C3%A9+de+l%E2%80%99alerte+enregistr%C3%A9.&id=65ab7491-94a1-4fb1-8bfb-116b9faf7023 200 in 101ms (next.js: 1.9ms, proxy.ts: 1.7ms, application-code: 98ms)
 POST /alerts?error=Cette%20observation%20ou%20cet%20avis%20a%20chang%C3%A9.%20Actualisez%20la%20page%20avant%20de%20l%E2%80%99%C3%A9valuer%20%C3%A0%20nouveau.&id=65ab7491-94a1-4fb1-8bfb-116b9faf7023 200 in 120ms (next.js: 2ms, proxy.ts: 3ms, application-code: 115ms)
  └─ ƒ reviewWorkspaceAlertQuality({}) in 9ms src/app/actions.ts
 GET /alerts?q=QUALITY_fbb40143-f2fe-4f61-a9d4-47ed56100692 200 in 438ms (next.js: 1.8ms, proxy.ts: 2ms, application-code: 434ms)
 GET /api/auth/get-session 200 in 127ms (next.js: 44ms, proxy.ts: 4ms, application-code: 79ms)
 GET /api/auth/organization/list 200 in 134ms (next.js: 49ms, proxy.ts: 3ms, application-code: 82ms)
 GET /alerts?id=65ab7491-94a1-4fb1-8bfb-116b9faf7023 200 in 177ms (next.js: 4ms, proxy.ts: 4ms, application-code: 170ms)
 GET /api/auth/get-session 200 in 21ms (next.js: 4ms, proxy.ts: 3ms, application-code: 14ms)
 GET /api/auth/organization/list 200 in 23ms (next.js: 7ms, proxy.ts: 3ms, application-code: 13ms)
 GET /alerts?notice=Avis+sur+la+qualit%C3%A9+de+l%E2%80%99alerte+enregistr%C3%A9.&id=65ab7491-94a1-4fb1-8bfb-116b9faf7023 200 in 67ms (next.js: 1.6ms, proxy.ts: 1.9ms, application-code: 63ms)
 POST /alerts?id=65ab7491-94a1-4fb1-8bfb-116b9faf7023 200 in 86ms (next.js: 3ms, proxy.ts: 3ms, application-code: 80ms)
  └─ ƒ reviewWorkspaceAlertQuality({}) in 8ms src/app/actions.ts
 GET /alerts?id=65ab7491-94a1-4fb1-8bfb-116b9faf7023 200 in 118ms (next.js: 1.6ms, proxy.ts: 8ms, application-code: 109ms)
 GET /api/auth/get-session 200 in 112ms (next.js: 50ms, proxy.ts: 6ms, application-code: 56ms)
 GET /api/auth/organization/list 200 in 115ms (next.js: 37ms, proxy.ts: 23ms, application-code: 55ms)
 GET /alerts?notice=Avis%20sur%20la%20qualit%C3%A9%20de%20l%E2%80%99alerte%20enregistr%C3%A9.&id=65ab7491-94a1-4fb1-8bfb-116b9faf7023 200 in 155ms (next.js: 4ms, proxy.ts: 3ms, application-code: 148ms)
  ✓   4 [chromium] › e2e/alert-quality-local.spec.ts:6:7 › alert quality fr reviews a specific observation without changing workflow (3.1s)
 GET /alerts?id=23cae496-1f97-44fd-bd2f-e55ff75f2ee5 200 in 138ms (next.js: 1.8ms, proxy.ts: 3ms, application-code: 134ms)
 GET /api/auth/get-session 200 in 27ms (next.js: 9ms, proxy.ts: 5ms, application-code: 13ms)
 GET /api/auth/organization/list 200 in 30ms (next.js: 12ms, proxy.ts: 6ms, application-code: 12ms)
 GET /alerts?notice=Alert+quality+review+saved.&id=23cae496-1f97-44fd-bd2f-e55ff75f2ee5 200 in 77ms (next.js: 3ms, proxy.ts: 2ms, application-code: 73ms)
 POST /alerts?id=23cae496-1f97-44fd-bd2f-e55ff75f2ee5 200 in 96ms (next.js: 3ms, proxy.ts: 3ms, application-code: 90ms)
  └─ ƒ reviewWorkspaceAlertQuality({}) in 7ms src/app/actions.ts
 GET /alerts?error=This+observation+or+review+has+changed.+Refresh+the+page+before+reviewing+it+again.&id=23cae496-1f97-44fd-bd2f-e55ff75f2ee5 200 in 73ms (next.js: 1.7ms, proxy.ts: 2ms, application-code: 69ms)
 POST /alerts?notice=Alert%20quality%20review%20saved.&id=23cae496-1f97-44fd-bd2f-e55ff75f2ee5 200 in 93ms (next.js: 1.8ms, proxy.ts: 3ms, application-code: 88ms)
  └─ ƒ reviewWorkspaceAlertQuality({}) in 9ms src/app/actions.ts
 GET /alerts?notice=Alert+quality+review+saved.&id=23cae496-1f97-44fd-bd2f-e55ff75f2ee5 200 in 94ms (next.js: 5ms, proxy.ts: 3ms, application-code: 87ms)
 POST /alerts?error=This%20observation%20or%20review%20has%20changed.%20Refresh%20the%20page%20before%20reviewing%20it%20again.&id=23cae496-1f97-44fd-bd2f-e55ff75f2ee5 200 in 129ms (next.js: 3ms, proxy.ts: 7ms, application-code: 120ms)
  └─ ƒ reviewWorkspaceAlertQuality({}) in 17ms src/app/actions.ts
 GET /alerts?q=QUALITY_775b56da-8cad-4e58-bf84-9aaafda99f82 200 in 436ms (next.js: 1.8ms, proxy.ts: 3ms, application-code: 432ms)
 GET /api/auth/get-session 200 in 89ms (next.js: 55ms, proxy.ts: 3ms, application-code: 31ms)
 GET /api/auth/organization/list 200 in 126ms (next.js: 60ms, proxy.ts: 4ms, application-code: 63ms)
 GET /alerts?id=23cae496-1f97-44fd-bd2f-e55ff75f2ee5 200 in 186ms (next.js: 12ms, proxy.ts: 3ms, application-code: 171ms)
 GET /api/auth/get-session 200 in 18ms (next.js: 9ms, proxy.ts: 3ms, application-code: 7ms)
 GET /api/auth/organization/list 200 in 20ms (next.js: 4ms, proxy.ts: 3ms, application-code: 13ms)
 GET /alerts?notice=Alert+quality+review+saved.&id=23cae496-1f97-44fd-bd2f-e55ff75f2ee5 200 in 72ms (next.js: 2ms, proxy.ts: 1.9ms, application-code: 68ms)
 POST /alerts?id=23cae496-1f97-44fd-bd2f-e55ff75f2ee5 200 in 92ms (next.js: 2ms, proxy.ts: 3ms, application-code: 87ms)
  └─ ƒ reviewWorkspaceAlertQuality({}) in 8ms src/app/actions.ts
 GET /alerts?id=23cae496-1f97-44fd-bd2f-e55ff75f2ee5 200 in 125ms (next.js: 3ms, proxy.ts: 3ms, application-code: 119ms)
 GET /api/auth/get-session 200 in 89ms (next.js: 16ms, proxy.ts: 23ms, application-code: 50ms)
 GET /api/auth/organization/list 200 in 115ms (next.js: 25ms, proxy.ts: 21ms, application-code: 70ms)
 GET /alerts?notice=Alert%20quality%20review%20saved.&id=23cae496-1f97-44fd-bd2f-e55ff75f2ee5 200 in 154ms (next.js: 2ms, proxy.ts: 2ms, application-code: 150ms)
  ✓   5 [chromium] › e2e/alert-quality-local.spec.ts:6:7 › alert quality en reviews a specific observation without changing workflow (3.1s)
 GET /analysis?client=82e10f1b-b62c-40f4-9a9a-58b8e8988912 200 in 174ms (next.js: 29ms, proxy.ts: 2ms, application-code: 143ms)
 GET /api/auth/get-session 200 in 79ms (next.js: 44ms, proxy.ts: 11ms, application-code: 23ms)
 GET /api/auth/organization/list 200 in 82ms (next.js: 48ms, proxy.ts: 11ms, application-code: 23ms)
 GET /analysis?client=82e10f1b-b62c-40f4-9a9a-58b8e8988912 200 in 228ms (next.js: 1.9ms, proxy.ts: 2.0ms, application-code: 224ms)
 GET /api/auth/get-session 200 in 88ms (next.js: 49ms, proxy.ts: 16ms, application-code: 24ms)
 GET /api/auth/organization/list 200 in 92ms (next.js: 52ms, proxy.ts: 15ms, application-code: 25ms)
 GET /analysis?client=82e10f1b-b62c-40f4-9a9a-58b8e8988912 200 in 232ms (next.js: 3ms, proxy.ts: 3ms, application-code: 226ms)
 GET /api/auth/get-session 200 in 82ms (next.js: 46ms, proxy.ts: 13ms, application-code: 22ms)
 GET /api/auth/organization/list 200 in 85ms (next.js: 49ms, proxy.ts: 13ms, application-code: 23ms)
 GET /analysis?client=82e10f1b-b62c-40f4-9a9a-58b8e8988912 200 in 213ms (next.js: 1.9ms, proxy.ts: 1.8ms, application-code: 210ms)
 GET /api/auth/get-session 200 in 81ms (next.js: 46ms, proxy.ts: 14ms, application-code: 22ms)
 GET /api/auth/organization/list 200 in 85ms (next.js: 49ms, proxy.ts: 14ms, application-code: 22ms)
 GET /analysis?client=82e10f1b-b62c-40f4-9a9a-58b8e8988912 200 in 220ms (next.js: 1.9ms, proxy.ts: 2ms, application-code: 216ms)
 GET /api/auth/get-session 200 in 141ms (next.js: 35ms, proxy.ts: 35ms, application-code: 70ms)
 GET /api/auth/organization/list 200 in 145ms (next.js: 40ms, proxy.ts: 37ms, application-code: 69ms)
 GET /analysis?client=82e10f1b-b62c-40f4-9a9a-58b8e8988912 200 in 255ms (next.js: 6ms, proxy.ts: 6ms, application-code: 244ms)
 GET /api/auth/get-session 200 in 18ms (next.js: 4ms, proxy.ts: 3ms, application-code: 11ms)
 GET /api/auth/organization/list 200 in 21ms (next.js: 8ms, proxy.ts: 3ms, application-code: 10ms)
 GET /analysis?client=82e10f1b-b62c-40f4-9a9a-58b8e8988912 200 in 183ms (next.js: 1.7ms, proxy.ts: 2ms, application-code: 179ms)
  ✓   6 [chromium] › e2e/analysis-evidence-local.spec.ts:7:7 › analysis evidence fr excludes empty and unqualified sources before first activation (2.6s)
 GET /analysis?client=89884526-c4ca-41a3-9628-3753e4b1b269 200 in 131ms (next.js: 1.9ms, proxy.ts: 2ms, application-code: 127ms)
 GET /api/auth/get-session 200 in 94ms (next.js: 17ms, proxy.ts: 22ms, application-code: 55ms)
 GET /api/auth/organization/list 200 in 94ms (next.js: 25ms, proxy.ts: 20ms, application-code: 48ms)
 GET /analysis?client=89884526-c4ca-41a3-9628-3753e4b1b269 200 in 217ms (next.js: 9ms, proxy.ts: 4ms, application-code: 204ms)
 GET /api/auth/get-session 200 in 85ms (next.js: 21ms, proxy.ts: 16ms, application-code: 48ms)
 GET /api/auth/organization/list 200 in 88ms (next.js: 25ms, proxy.ts: 16ms, application-code: 47ms)
 GET /analysis?client=89884526-c4ca-41a3-9628-3753e4b1b269 200 in 220ms (next.js: 2.0ms, proxy.ts: 3ms, application-code: 215ms)
 GET /api/auth/get-session 200 in 85ms (next.js: 46ms, proxy.ts: 13ms, application-code: 26ms)
 GET /api/auth/organization/list 200 in 90ms (next.js: 49ms, proxy.ts: 13ms, application-code: 28ms)
 GET /analysis?client=89884526-c4ca-41a3-9628-3753e4b1b269 200 in 240ms (next.js: 3ms, proxy.ts: 2ms, application-code: 235ms)
 GET /api/auth/get-session 200 in 86ms (next.js: 23ms, proxy.ts: 13ms, application-code: 50ms)
 GET /api/auth/organization/list 200 in 90ms (next.js: 26ms, proxy.ts: 13ms, application-code: 51ms)
 GET /analysis?client=89884526-c4ca-41a3-9628-3753e4b1b269 200 in 247ms (next.js: 3ms, proxy.ts: 4ms, application-code: 240ms)
 GET /api/auth/get-session 200 in 192ms (next.js: 67ms, proxy.ts: 12ms, application-code: 113ms)
 GET /api/auth/organization/list 200 in 199ms (next.js: 73ms, proxy.ts: 12ms, application-code: 114ms)
 GET /analysis?client=89884526-c4ca-41a3-9628-3753e4b1b269 200 in 313ms (next.js: 6ms, proxy.ts: 7ms, application-code: 300ms)
 GET /api/auth/get-session 200 in 23ms (next.js: 6ms, proxy.ts: 3ms, application-code: 14ms)
 GET /api/auth/organization/list 200 in 24ms (next.js: 12ms, proxy.ts: 3ms, application-code: 10ms)
 GET /analysis?client=89884526-c4ca-41a3-9628-3753e4b1b269 200 in 175ms (next.js: 2.0ms, proxy.ts: 2ms, application-code: 171ms)
  ✓   7 [chromium] › e2e/analysis-evidence-local.spec.ts:7:7 › analysis evidence en excludes empty and unqualified sources before first activation (2.7s)
 GET /insights?client=80000000-0000-4000-8000-000000000091 200 in 407ms (next.js: 58ms, proxy.ts: 2ms, application-code: 347ms)
 GET /api/auth/get-session 200 in 21ms (next.js: 5ms, proxy.ts: 3ms, application-code: 13ms)
 GET /api/auth/organization/list 200 in 23ms (next.js: 10ms, proxy.ts: 3ms, application-code: 10ms)
 POST /insights?client=80000000-0000-4000-8000-000000000091 200 in 176ms (next.js: 3ms, proxy.ts: 5ms, application-code: 168ms)
  └─ ƒ setCookieConsent({}) in 3ms src/app/preferences-actions.ts
 GET /insights/devices?client=80000000-0000-4000-8000-000000000091 200 in 659ms (next.js: 549ms, proxy.ts: 7ms, application-code: 102ms)
 GET /insights/devices?client=80000000-0000-4000-8000-000000000091&cursor=eyJ2IjoxLCJpdiI6InNEZW1Zb1NiQm9oS2VxcW4iLCJ0YWciOiJ6M2FLb1lnTGNGUVV4S3Z2Z21FYVRnIiwiZGF0YSI6Ilh2V296cWFsZVRHLTN3UjBiT2ZaU2RTOFZkOGtVcS1LcVU2a2dsLTA4YUpDZWo1TDh0TEpXemRYX1ZzV1RaTEJHODF4dXA5Q3FLbU5fcGdmUkY4c2lpOHFrcmlNR2pGTldQSjR3TDRqbmZTeG13WDJUTmFBXy1tS1dBYUxPb3RjWDc5NnV2VnJDSWhMbF9iZ2JmYU1SaTFiZnowNmhaUi1Nb0JPeWRUYVlvR2p2WWlmU3I0QkJjSURWa1R3NWtNNDlzZjlPSkpWYUR4QVdXQXNQU0dtNFBjd3RkY2xjRFZXMm51OTdxQ3MtU2l6eE5zUTlSbzRIZDhSWl92TFVVYm1fZ05DQzl4dXNiN0kifQ 200 in 115ms (next.js: 5ms, proxy.ts: 3ms, application-code: 108ms)
 GET /insights/devices?client=80000000-0000-4000-8000-000000000091&q=%25_ 200 in 143ms (next.js: 2ms, proxy.ts: 2ms, application-code: 139ms)
 GET /api/auth/get-session 200 in 33ms (next.js: 6ms, proxy.ts: 3ms, application-code: 25ms)
 GET /api/auth/organization/list 200 in 35ms (next.js: 11ms, proxy.ts: 3ms, application-code: 21ms)
 GET /insights/devices/export?client=80000000-0000-4000-8000-000000000091&version=3414c983-2dda-4c70-87c1-4ba95593df7a 200 in 736ms (next.js: 703ms, proxy.ts: 2ms, application-code: 31ms)
 GET /insights/devices?client=80000000-0000-4000-8000-000000000091&cursor=eyJ2IjoxLCJpdiI6InNEZW1Zb1NiQm9oS2VxcW4iLCJ0YWciOiJ6M2FLb1lnTGNGUVV4S3Z2Z21FYVRnIiwiZGF0YSI6Ilh2V296cWFsZVRHLTN3UjBiT2ZaU2RTOFZkOGtVcS1LcVU2a2dsLTA4YUpDZWo1TDh0TEpXemRYX1ZzV1RaTEJHODF4dXA5Q3FLbU5fcGdmUkY4c2lpOHFrcmlNR2pGTldQSjR3TDRqbmZTeG13WDJUTmFBXy1tS1dBYUxPb3RjWDc5NnV2VnJDSWhMbF9iZ2JmYU1SaTFiZnowNmhaUi1Nb0JPeWRUYVlvR2p2WWlmU3I0QkJjSURWa1R3NWtNNDlzZjlPSkpWYUR4QVdXQXNQU0dtNFBjd3RkY2xjRFZXMm51OTdxQ3MtU2l6eE5zUTlSbzRIZDhSWl92TFVVYm1fZ05DQzl4dXNiN0kifQ 200 in 136ms (next.js: 4ms, proxy.ts: 1.9ms, application-code: 130ms)
 GET /api/auth/get-session 200 in 40ms (next.js: 8ms, proxy.ts: 14ms, application-code: 18ms)
 GET /api/auth/organization/list 200 in 44ms (next.js: 13ms, proxy.ts: 15ms, application-code: 16ms)
 GET /insights/devices/export?client=80000000-0000-4000-8000-000000000091&version=3414c983-2dda-4c70-87c1-4ba95593df7a 409 in 18ms (next.js: 5ms, proxy.ts: 2ms, application-code: 11ms)
 GET /insights/devices?client=80000000-0000-4000-8000-000000000091&cursor=forged 200 in 160ms (next.js: 4ms, proxy.ts: 1.9ms, application-code: 154ms)
 GET /api/auth/get-session 200 in 148ms (next.js: 57ms, proxy.ts: 5ms, application-code: 85ms)
 GET /api/auth/organization/list 200 in 167ms (next.js: 64ms, proxy.ts: 5ms, application-code: 98ms)
 GET /insights/devices?client=80000000-0000-4000-8000-000000000099 404 in 197ms (next.js: 12ms, proxy.ts: 4ms, application-code: 181ms)
 GET /insights/devices/export?client=80000000-0000-4000-8000-000000000099&version=3414c983-2dda-4c70-87c1-4ba95593df7a 404 in 38ms (next.js: 7ms, proxy.ts: 10ms, application-code: 20ms)
 GET /insights/devices/export?client=80000000-0000-4000-8000-000000000091&version=3414c983-2dda-4c70-87c1-4ba95593df7a 403 in 54ms (next.js: 28ms, proxy.ts: 17ms, application-code: 9ms)
 GET /api/auth/get-session 200 in 65ms (next.js: 20ms, proxy.ts: 10ms, application-code: 35ms)
 GET /api/auth/organization/list 200 in 68ms (next.js: 26ms, proxy.ts: 10ms, application-code: 32ms)
  ✓   8 [chromium] › e2e/analytical-pages-local.spec.ts:15:53 › complete analytical collections › browses, searches and exports all stored rows in fr (4.6s)
 GET /insights?client=80000000-0000-4000-8000-000000000091 200 in 459ms (next.js: 6ms, proxy.ts: 7ms, application-code: 446ms)
 GET /api/auth/get-session 200 in 31ms (next.js: 5ms, proxy.ts: 3ms, application-code: 23ms)
 GET /api/auth/organization/list 200 in 32ms (next.js: 9ms, proxy.ts: 3ms, application-code: 20ms)
 POST /insights?client=80000000-0000-4000-8000-000000000091 200 in 183ms (next.js: 2ms, proxy.ts: 3ms, application-code: 178ms)
  └─ ƒ setCookieConsent({}) in 2ms src/app/preferences-actions.ts
 GET /insights/devices?client=80000000-0000-4000-8000-000000000091 200 in 147ms (next.js: 5ms, proxy.ts: 4ms, application-code: 138ms)
 GET /insights/devices?client=80000000-0000-4000-8000-000000000091&cursor=eyJ2IjoxLCJpdiI6InR1am9aaHd0OTIxMmlpSVMiLCJ0YWciOiI1UHFsUGx2WUZSMXNPR3RUVm5lTlhRIiwiZGF0YSI6Ik8ySHNTWHA0MUM5cmJzQ2t5VWxSNjFyblo0TmZGZkppZ3g2Z3ViTGJJY211ZThvZUtiaTFfY2tBVnpkNWwxOElzazBNVFBXSi0xMEl1bHNrWmkwcVdnR3l3dHZTTkc0UzVtWmRzWV91OXIzVl9xeHBRT0RZWk5yOWpjTjlQY0RqdlppTDBXYlZLN0ZsQ3ZtcHpyMmxiNDVrSDZkb2RFTy05bXF6UXBUVkl6ZUNiRE1fbFFkMFJoWVlFaUc2LWZPNjhrd0ZlbG1KYkVVUkEzZEFoeXBCcUwybTk0ejlhX253cUlITTcwSURDTksybWN0ME1zYVRBUms0U1ppMXZGLWRzRHVmdUpTcUp1V0EifQ 200 in 119ms (next.js: 6ms, proxy.ts: 4ms, application-code: 109ms)
 GET /insights/devices?client=80000000-0000-4000-8000-000000000091&q=%25_ 200 in 156ms (next.js: 3ms, proxy.ts: 3ms, application-code: 150ms)
 GET /api/auth/get-session 200 in 21ms (next.js: 6ms, proxy.ts: 3ms, application-code: 12ms)
 GET /api/auth/organization/list 200 in 22ms (next.js: 10ms, proxy.ts: 3ms, application-code: 9ms)
 GET /insights/devices/export?client=80000000-0000-4000-8000-000000000091&version=296186be-d8f5-4891-a2d1-ed16a7eae8a1 200 in 19ms (next.js: 4ms, proxy.ts: 2ms, application-code: 13ms)
 GET /insights/devices?client=80000000-0000-4000-8000-000000000091&cursor=eyJ2IjoxLCJpdiI6InR1am9aaHd0OTIxMmlpSVMiLCJ0YWciOiI1UHFsUGx2WUZSMXNPR3RUVm5lTlhRIiwiZGF0YSI6Ik8ySHNTWHA0MUM5cmJzQ2t5VWxSNjFyblo0TmZGZkppZ3g2Z3ViTGJJY211ZThvZUtiaTFfY2tBVnpkNWwxOElzazBNVFBXSi0xMEl1bHNrWmkwcVdnR3l3dHZTTkc0UzVtWmRzWV91OXIzVl9xeHBRT0RZWk5yOWpjTjlQY0RqdlppTDBXYlZLN0ZsQ3ZtcHpyMmxiNDVrSDZkb2RFTy05bXF6UXBUVkl6ZUNiRE1fbFFkMFJoWVlFaUc2LWZPNjhrd0ZlbG1KYkVVUkEzZEFoeXBCcUwybTk0ejlhX253cUlITTcwSURDTksybWN0ME1zYVRBUms0U1ppMXZGLWRzRHVmdUpTcUp1V0EifQ 200 in 146ms (next.js: 4ms, proxy.ts: 2ms, application-code: 141ms)
 GET /api/auth/get-session 200 in 57ms (next.js: 22ms, proxy.ts: 13ms, application-code: 21ms)
 GET /api/auth/organization/list 200 in 60ms (next.js: 24ms, proxy.ts: 14ms, application-code: 23ms)
 GET /insights/devices/export?client=80000000-0000-4000-8000-000000000091&version=296186be-d8f5-4891-a2d1-ed16a7eae8a1 409 in 72ms (next.js: 24ms, proxy.ts: 4ms, application-code: 45ms)
 GET /insights/devices?client=80000000-0000-4000-8000-000000000091&cursor=forged 200 in 222ms (next.js: 4ms, proxy.ts: 4ms, application-code: 214ms)
 GET /api/auth/get-session 200 in 110ms (next.js: 53ms, proxy.ts: 18ms, application-code: 39ms)
 GET /api/auth/organization/list 200 in 114ms (next.js: 56ms, proxy.ts: 18ms, application-code: 40ms)
 GET /insights/devices?client=80000000-0000-4000-8000-000000000099 404 in 153ms (next.js: 4ms, proxy.ts: 2ms, application-code: 147ms)
 GET /insights/devices/export?client=80000000-0000-4000-8000-000000000099&version=296186be-d8f5-4891-a2d1-ed16a7eae8a1 404 in 26ms (next.js: 5ms, proxy.ts: 3ms, application-code: 18ms)
 GET /insights/devices/export?client=80000000-0000-4000-8000-000000000091&version=296186be-d8f5-4891-a2d1-ed16a7eae8a1 403 in 21ms (next.js: 6ms, proxy.ts: 6ms, application-code: 9ms)
  ✓   9 [chromium] › e2e/analytical-pages-local.spec.ts:15:53 › complete analytical collections › browses, searches and exports all stored rows in en (3.1s)
 GET /account 307 in 104ms (next.js: 53ms, proxy.ts: 3ms, application-code: 48ms)
 GET /sign-in?returnTo=%2Faccount 200 in 64ms (next.js: 5ms, proxy.ts: 2ms, application-code: 57ms)
 GET /account 200 in 78ms (next.js: 2ms, proxy.ts: 3ms, application-code: 73ms)
 GET /api/auth/get-session 200 in 25ms (next.js: 7ms, proxy.ts: 4ms, application-code: 13ms)
 GET /api/auth/organization/list 200 in 28ms (next.js: 11ms, proxy.ts: 4ms, application-code: 13ms)
 GET /api/auth/passkey/list-user-passkeys 200 in 30ms (next.js: 13ms, proxy.ts: 4ms, application-code: 13ms)
 GET /account 200 in 40ms (next.js: 1.9ms, proxy.ts: 2ms, application-code: 36ms)
 GET /api/auth/get-session 200 in 25ms (next.js: 5ms, proxy.ts: 5ms, application-code: 14ms)
 GET /api/auth/passkey/list-user-passkeys 200 in 26ms (next.js: 11ms, proxy.ts: 6ms, application-code: 9ms)
 GET /api/auth/organization/list 200 in 27ms (next.js: 8ms, proxy.ts: 6ms, application-code: 14ms)
 GET /account 200 in 47ms (next.js: 1.8ms, proxy.ts: 11ms, application-code: 34ms)
 GET /api/auth/get-session 200 in 34ms (next.js: 7ms, proxy.ts: 4ms, application-code: 22ms)
 GET /api/auth/organization/list 200 in 36ms (next.js: 12ms, proxy.ts: 4ms, application-code: 20ms)
 GET /api/auth/passkey/list-user-passkeys 200 in 37ms (next.js: 17ms, proxy.ts: 5ms, application-code: 14ms)
 GET /account 200 in 36ms (next.js: 1.7ms, proxy.ts: 1.9ms, application-code: 33ms)
 GET /api/auth/get-session 200 in 35ms (next.js: 7ms, proxy.ts: 4ms, application-code: 25ms)
 GET /api/auth/passkey/list-user-passkeys 200 in 38ms (next.js: 14ms, proxy.ts: 4ms, application-code: 20ms)
 GET /api/auth/organization/list 200 in 40ms (next.js: 12ms, proxy.ts: 4ms, application-code: 24ms)
 GET /account 200 in 52ms (next.js: 2ms, proxy.ts: 13ms, application-code: 37ms)
 GET /api/auth/get-session 200 in 25ms (next.js: 7ms, proxy.ts: 4ms, application-code: 14ms)
 GET /api/auth/passkey/list-user-passkeys 200 in 27ms (next.js: 11ms, proxy.ts: 6ms, application-code: 10ms)
 GET /api/auth/organization/list 200 in 29ms (next.js: 10ms, proxy.ts: 5ms, application-code: 14ms)
  ✓  10 [chromium] › e2e/auth-lifecycle-local.spec.ts:58:7 › personal account security is available to all five workspace roles (2.3s)
 GET /sign-up 200 in 36ms (next.js: 6ms, proxy.ts: 2ms, application-code: 28ms)
 POST /api/auth/sign-up/email 200 in 99ms (next.js: 5ms, proxy.ts: 3ms, application-code: 91ms)
 GET /api/auth/get-session 200 in 8ms (next.js: 2ms, proxy.ts: 2ms, application-code: 4ms)
 GET /sign-in 200 in 41ms (next.js: 4ms, proxy.ts: 11ms, application-code: 27ms)
 POST /api/auth/sign-in/email 403 in 104ms (next.js: 4ms, proxy.ts: 4ms, application-code: 96ms)
 GET /api/auth/get-session 200 in 12ms (next.js: 5ms, proxy.ts: 3ms, application-code: 5ms)
 GET /api/auth/verify-email?token=[REDACTED]&callbackURL=%2Fdashboard 302 in 13ms (next.js: 3ms, proxy.ts: 1.8ms, application-code: 8ms)
 GET /dashboard 307 in 50ms (next.js: 4ms, proxy.ts: 1.7ms, application-code: 45ms)
 GET /sign-in 200 in 34ms (next.js: 4ms, proxy.ts: 2.0ms, application-code: 28ms)
 GET /sign-in 200 in 54ms (next.js: 4ms, proxy.ts: 4ms, application-code: 46ms)
 POST /api/auth/sign-in/email 200 in 88ms (next.js: 2ms, proxy.ts: 3ms, application-code: 83ms)
 GET /dashboard 307 in 58ms (next.js: 2ms, proxy.ts: 3ms, application-code: 53ms)
 GET /onboarding 200 in 95ms (next.js: 31ms, proxy.ts: 2ms, application-code: 61ms)
 GET /settings 200 in 106ms (next.js: 4ms, proxy.ts: 1.8ms, application-code: 100ms)
 POST /onboarding 200 in 129ms (next.js: 1.9ms, proxy.ts: 2ms, application-code: 125ms)
  └─ ƒ createWorkspace({}) in 10ms src/app/onboarding/actions.ts
 GET /api/auth/get-session 200 in 32ms (next.js: 9ms, proxy.ts: 3ms, application-code: 19ms)
 GET /api/auth/organization/list 200 in 41ms (next.js: 13ms, proxy.ts: 5ms, application-code: 23ms)
 GET /api/auth/get-session 200 in 26ms (next.js: 14ms, proxy.ts: 6ms, application-code: 5ms)
 GET /sign-in 200 in 39ms (next.js: 4ms, proxy.ts: 3ms, application-code: 32ms)
 POST /api/auth/sign-in/magic-link 200 in 24ms (next.js: 3ms, proxy.ts: 2ms, application-code: 19ms)
 GET /api/auth/magic-link/verify?token=[REDACTED]&callbackURL=%2Fdashboard&errorCallbackURL=http%3A%2F%2Flocalhost%3A3017%2Fsign-in 302 in 15ms (next.js: 2ms, proxy.ts: 2ms, application-code: 11ms)
 GET /dashboard 200 in 107ms (next.js: 1.8ms, proxy.ts: 1.7ms, application-code: 103ms)
 GET /api/auth/get-session 200 in 18ms (next.js: 5ms, proxy.ts: 4ms, application-code: 9ms)
 GET /api/auth/get-session 200 in 33ms (next.js: 7ms, proxy.ts: 5ms, application-code: 21ms)
 GET /api/auth/organization/list 200 in 37ms (next.js: 14ms, proxy.ts: 6ms, application-code: 17ms)
 GET /api/auth/magic-link/verify?token=[REDACTED]&callbackURL=%2Fdashboard&errorCallbackURL=http%3A%2F%2Flocalhost%3A3017%2Fsign-in 302 in 19ms (next.js: 12ms, proxy.ts: 1.7ms, application-code: 5ms)
 GET /sign-in?error=INVALID_TOKEN 200 in 34ms (next.js: 4ms, proxy.ts: 2ms, application-code: 28ms)
 GET /api/auth/get-session 200 in 12ms (next.js: 3ms, proxy.ts: 1.9ms, application-code: 7ms)
 GET /forgot-password 200 in 72ms (next.js: 20ms, proxy.ts: 2ms, application-code: 50ms)
 POST /api/auth/request-password-reset 200 in 15ms (next.js: 3ms, proxy.ts: 3ms, application-code: 10ms)
 GET /api/auth/reset-password/[REDACTED]?callbackURL=%2Freset-password 302 in 14ms (next.js: 4ms, proxy.ts: 2ms, application-code: 8ms)
 GET /reset-password?token=[REDACTED] 200 in 47ms (next.js: 17ms, proxy.ts: 1.5ms, application-code: 29ms)
 POST /api/auth/reset-password 200 in 92ms (next.js: 11ms, proxy.ts: 3ms, application-code: 78ms)
 GET /api/auth/get-session 200 in 11ms (next.js: 2ms, proxy.ts: 2ms, application-code: 6ms)
 GET /api/auth/get-session 200 in 10ms (next.js: 1.9ms, proxy.ts: 1.7ms, application-code: 6ms)
 GET /api/auth/reset-password/[REDACTED]?callbackURL=%2Freset-password 302 in 9ms (next.js: 2.0ms, proxy.ts: 1.5ms, application-code: 6ms)
 GET /reset-password?error=INVALID_TOKEN 200 in 38ms (next.js: 1.7ms, proxy.ts: 2ms, application-code: 34ms)
 GET /sign-in 200 in 48ms (next.js: 4ms, proxy.ts: 3ms, application-code: 41ms)
2026-09-07T12:22:58.115Z WARN [Better Auth]: Invalid password
 POST /api/auth/sign-in/email 401 in 89ms (next.js: 5ms, proxy.ts: 3ms, application-code: 80ms)
 GET /api/auth/get-session 200 in 9ms (next.js: 2ms, proxy.ts: 2ms, application-code: 5ms)
 GET /sign-in 200 in 45ms (next.js: 3ms, proxy.ts: 1.6ms, application-code: 40ms)
 POST /api/auth/sign-in/email 200 in 93ms (next.js: 3ms, proxy.ts: 3ms, application-code: 87ms)
 GET /dashboard 200 in 113ms (next.js: 3ms, proxy.ts: 3ms, application-code: 107ms)
 GET /sign-in 200 in 64ms (next.js: 5ms, proxy.ts: 1.9ms, application-code: 58ms)
 GET /api/auth/get-session 200 in 38ms (next.js: 14ms, proxy.ts: 9ms, application-code: 15ms)
 GET /api/auth/organization/list 200 in 44ms (next.js: 17ms, proxy.ts: 10ms, application-code: 17ms)
 POST /api/auth/sign-in/email 200 in 84ms (next.js: 2ms, proxy.ts: 3ms, application-code: 80ms)
 GET /dashboard 200 in 104ms (next.js: 1.9ms, proxy.ts: 3ms, application-code: 99ms)
 GET /account 200 in 82ms (next.js: 2ms, proxy.ts: 2ms, application-code: 78ms)
 GET /api/auth/get-session 200 in 42ms (next.js: 8ms, proxy.ts: 13ms, application-code: 20ms)
 GET /api/auth/organization/list 200 in 47ms (next.js: 12ms, proxy.ts: 14ms, application-code: 22ms)
 GET /api/auth/passkey/list-user-passkeys 200 in 36ms (next.js: 11ms, proxy.ts: 7ms, application-code: 19ms)
 GET /api/auth/get-session 200 in 40ms (next.js: 8ms, proxy.ts: 5ms, application-code: 26ms)
 GET /api/auth/organization/list 200 in 42ms (next.js: 15ms, proxy.ts: 7ms, application-code: 20ms)
 POST /api/auth/revoke-other-sessions 200 in 27ms (next.js: 6ms, proxy.ts: 10ms, application-code: 10ms)
 GET /api/auth/get-session 200 in 11ms (next.js: 2.0ms, proxy.ts: 2ms, application-code: 7ms)
 GET /api/auth/get-session 200 in 11ms (next.js: 2.0ms, proxy.ts: 2ms, application-code: 6ms)
 GET /api/auth/get-session 200 in 10ms (next.js: 2.0ms, proxy.ts: 1.5ms, application-code: 6ms)
 GET /api/auth/passkey/generate-register-options?authenticatorAttachment=platform&name=Passkey%20Ads%20by%20Yodev 200 in 15ms (next.js: 2ms, proxy.ts: 2ms, application-code: 10ms)
 POST /api/auth/passkey/verify-registration 200 in 14ms (next.js: 2ms, proxy.ts: 2ms, application-code: 9ms)
 GET /api/auth/passkey/list-user-passkeys 200 in 17ms (next.js: 1.9ms, proxy.ts: 10ms, application-code: 5ms)
 GET /api/auth/passkey/list-user-passkeys 200 in 10ms (next.js: 2ms, proxy.ts: 1.8ms, application-code: 5ms)
 POST /api/auth/passkey/delete-passkey 401 in 9ms (next.js: 1.7ms, proxy.ts: 1.8ms, application-code: 5ms)
 POST /api/auth/sign-out 200 in 9ms (next.js: 1.7ms, proxy.ts: 1.5ms, application-code: 6ms)
 GET /sign-in 200 in 34ms (next.js: 3ms, proxy.ts: 1.5ms, application-code: 29ms)
 GET /api/auth/passkey/generate-authenticate-options 200 in 14ms (next.js: 3ms, proxy.ts: 3ms, application-code: 7ms)
 POST /api/auth/passkey/verify-authentication 200 in 22ms (next.js: 5ms, proxy.ts: 4ms, application-code: 13ms)
 GET /dashboard 200 in 116ms (next.js: 2ms, proxy.ts: 2ms, application-code: 112ms)
 GET /api/auth/get-session 200 in 14ms (next.js: 4ms, proxy.ts: 2ms, application-code: 9ms)
 GET /api/auth/organization/list 200 in 32ms (next.js: 14ms, proxy.ts: 14ms, application-code: 4ms)
 GET /api/auth/get-session 200 in 48ms (next.js: 8ms, proxy.ts: 28ms, application-code: 12ms)
 GET /account 200 in 86ms (next.js: 3ms, proxy.ts: 2.0ms, application-code: 81ms)
 GET /api/auth/organization/list 200 in 32ms (next.js: 5ms, proxy.ts: 5ms, application-code: 22ms)
 GET /api/auth/get-session 200 in 35ms (next.js: 11ms, proxy.ts: 4ms, application-code: 20ms)
 GET /api/auth/passkey/list-user-passkeys 200 in 31ms (next.js: 12ms, proxy.ts: 3ms, application-code: 16ms)
 POST /api/auth/passkey/delete-passkey 200 in 12ms (next.js: 2ms, proxy.ts: 3ms, application-code: 8ms)
 POST /api/auth/sign-out 200 in 15ms (next.js: 3ms, proxy.ts: 3ms, application-code: 9ms)
 GET /api/auth/passkey/list-user-passkeys 200 in 16ms (next.js: 6ms, proxy.ts: 3ms, application-code: 7ms)
 GET /sign-in 200 in 35ms (next.js: 4ms, proxy.ts: 1.6ms, application-code: 30ms)
 GET /api/auth/passkey/generate-authenticate-options 200 in 14ms (next.js: 3ms, proxy.ts: 3ms, application-code: 8ms)
 POST /api/auth/passkey/verify-authentication 401 in 20ms (next.js: 4ms, proxy.ts: 5ms, application-code: 11ms)
 GET /api/auth/get-session 200 in 9ms (next.js: 2ms, proxy.ts: 2ms, application-code: 5ms)
 POST /api/auth/sign-in/magic-link 200 in 18ms (next.js: 4ms, proxy.ts: 3ms, application-code: 11ms)
 GET /api/auth/magic-link/verify?token=[REDACTED]&callbackURL=%2Fdashboard&errorCallbackURL=http%3A%2F%2Flocalhost%3A3017%2Fsign-in 302 in 12ms (next.js: 2.0ms, proxy.ts: 2ms, application-code: 8ms)
 GET /dashboard 200 in 116ms (next.js: 1.7ms, proxy.ts: 1.7ms, application-code: 113ms)
 GET /api/auth/get-session 200 in 25ms (next.js: 5ms, proxy.ts: 4ms, application-code: 16ms)
 GET /api/auth/organization/list 200 in 27ms (next.js: 11ms, proxy.ts: 4ms, application-code: 12ms)
 GET /invitation?id=2671aac3-2045-4cca-8377-ca7c32921d0e 200 in 79ms (next.js: 30ms, proxy.ts: 4ms, application-code: 45ms)
 GET /api/auth/get-session 200 in 20ms (next.js: 1.9ms, proxy.ts: 3ms, application-code: 15ms)
 POST /api/auth/organization/accept-invitation 403 in 17ms (next.js: 3ms, proxy.ts: 4ms, application-code: 10ms)
 POST /invitation?id=2671aac3-2045-4cca-8377-ca7c32921d0e 200 in 95ms (next.js: 60ms, proxy.ts: 2ms, application-code: 33ms)
  └─ ƒ recoverAcceptedInvitation("2671aac3-2045-4cca-8377-ca7c32921d0e") in 15ms src/app/invitation/actions.ts
 GET /invitation?id=5543e92c-7745-4c72-8c95-bcad25fe4dba 200 in 64ms (next.js: 3ms, proxy.ts: 6ms, application-code: 55ms)
 GET /api/auth/get-session 200 in 42ms (next.js: 10ms, proxy.ts: 12ms, application-code: 20ms)
 POST /api/auth/organization/accept-invitation 400 in 44ms (next.js: 9ms, proxy.ts: 7ms, application-code: 28ms)
 POST /invitation?id=5543e92c-7745-4c72-8c95-bcad25fe4dba 200 in 36ms (next.js: 9ms, proxy.ts: 6ms, application-code: 22ms)
  └─ ƒ recoverAcceptedInvitation("5543e92c-7745-4c72-8c95-bcad25fe4dba") in 12ms src/app/invitation/actions.ts
 GET /sign-in 200 in 195ms (next.js: 21ms, proxy.ts: 11ms, application-code: 163ms)
 GET /invitation?id=ecc97f18-e340-4556-bf1f-8293f8dad568 200 in 103ms (next.js: 7ms, proxy.ts: 13ms, application-code: 83ms)
 GET /api/auth/get-session 200 in 22ms (next.js: 6ms, proxy.ts: 5ms, application-code: 12ms)
 GET /icon?a62dacc6b033a714 200 in 190ms (next.js: 79ms, proxy.ts: 11ms, application-code: 101ms)
 POST /api/auth/organization/accept-invitation 400 in 193ms (next.js: 27ms, proxy.ts: 152ms, application-code: 13ms)
 POST /invitation?id=ecc97f18-e340-4556-bf1f-8293f8dad568 200 in 15ms (next.js: 2ms, proxy.ts: 3ms, application-code: 9ms)
  └─ ƒ recoverAcceptedInvitation("ecc97f18-e340-4556-bf1f-8293f8dad568") in 4ms src/app/invitation/actions.ts
 GET /invitation?id=0df0c78c-50d1-4b42-87f3-799b6cd11ff7 200 in 36ms (next.js: 2ms, proxy.ts: 1.8ms, application-code: 32ms)
 GET /api/auth/get-session 200 in 11ms (next.js: 4ms, proxy.ts: 3ms, application-code: 5ms)
 GET /sign-in?returnTo=%2Finvitation%3Fid%3D0df0c78c-50d1-4b42-87f3-799b6cd11ff7 200 in 22ms (next.js: 5ms, proxy.ts: 2ms, application-code: 15ms)
 POST /api/auth/sign-in/magic-link 200 in 16ms (next.js: 3ms, proxy.ts: 3ms, application-code: 10ms)
 GET /api/auth/magic-link/verify?token=[REDACTED]&callbackURL=%2Finvitation%3Fid%3D0df0c78c-50d1-4b42-87f3-799b6cd11ff7&errorCallbackURL=http%3A%2F%2Flocalhost%3A3017%2Fsign-in%3FreturnTo%3D%252Finvitation%253Fid%253D0df0c78c-50d1-4b42-87f3-799b6cd11ff7 302 in 15ms (next.js: 2ms, proxy.ts: 3ms, application-code: 10ms)
 GET /invitation?id=0df0c78c-50d1-4b42-87f3-799b6cd11ff7 200 in 30ms (next.js: 2ms, proxy.ts: 1.9ms, application-code: 26ms)
 GET /api/auth/get-session 200 in 12ms (next.js: 2ms, proxy.ts: 2ms, application-code: 7ms)
 POST /api/auth/organization/accept-invitation 403 in 35ms (next.js: 3ms, proxy.ts: 2ms, application-code: 29ms)
 POST /invitation?id=0df0c78c-50d1-4b42-87f3-799b6cd11ff7 200 in 15ms (next.js: 1.8ms, proxy.ts: 3ms, application-code: 10ms)
  └─ ƒ recoverAcceptedInvitation("0df0c78c-50d1-4b42-87f3-799b6cd11ff7") in 5ms src/app/invitation/actions.ts
 POST /api/auth/organization/accept-invitation 200 in 18ms (next.js: 2ms, proxy.ts: 2ms, application-code: 13ms)
 POST /invitation?id=0df0c78c-50d1-4b42-87f3-799b6cd11ff7 200 in 13ms (next.js: 1.8ms, proxy.ts: 3ms, application-code: 9ms)
  └─ ƒ recoverAcceptedInvitation("0df0c78c-50d1-4b42-87f3-799b6cd11ff7") in 4ms src/app/invitation/actions.ts
 POST /api/auth/organization/set-active 200 in 12ms (next.js: 2ms, proxy.ts: 2ms, application-code: 7ms)
 GET /api/auth/get-session 200 in 70ms (next.js: 22ms, proxy.ts: 12ms, application-code: 36ms)
 GET /dashboard 200 in 120ms (next.js: 2ms, proxy.ts: 1.7ms, application-code: 117ms)
 GET /api/auth/get-session 200 in 10ms (next.js: 2ms, proxy.ts: 2ms, application-code: 6ms)
 GET /api/auth/get-session 200 in 19ms (next.js: 3ms, proxy.ts: 3ms, application-code: 13ms)
 GET /api/auth/organization/list 200 in 20ms (next.js: 7ms, proxy.ts: 3ms, application-code: 11ms)
 GET /invitation?id=0df0c78c-50d1-4b42-87f3-799b6cd11ff7 200 in 27ms (next.js: 1.6ms, proxy.ts: 2ms, application-code: 23ms)
 GET /api/auth/get-session 200 in 11ms (next.js: 2ms, proxy.ts: 2ms, application-code: 6ms)
 POST /api/auth/organization/accept-invitation 400 in 11ms (next.js: 2ms, proxy.ts: 1.9ms, application-code: 7ms)
 POST /invitation?id=0df0c78c-50d1-4b42-87f3-799b6cd11ff7 200 in 14ms (next.js: 1.7ms, proxy.ts: 1.8ms, application-code: 11ms)
  └─ ƒ recoverAcceptedInvitation("0df0c78c-50d1-4b42-87f3-799b6cd11ff7") in 6ms src/app/invitation/actions.ts
 POST /api/auth/organization/set-active 200 in 12ms (next.js: 2ms, proxy.ts: 1.8ms, application-code: 8ms)
 GET /api/auth/get-session 200 in 79ms (next.js: 52ms, proxy.ts: 11ms, application-code: 17ms)
 GET /dashboard 200 in 128ms (next.js: 1.8ms, proxy.ts: 1.8ms, application-code: 124ms)
 GET /invitation?id=0df0c78c-50d1-4b42-87f3-799b6cd11ff7 200 in 50ms (next.js: 2ms, proxy.ts: 3ms, application-code: 45ms)
 GET /api/auth/get-session 200 in 13ms (next.js: 4ms, proxy.ts: 2ms, application-code: 7ms)
 POST /api/auth/organization/accept-invitation 400 in 14ms (next.js: 3ms, proxy.ts: 2ms, application-code: 9ms)
 POST /invitation?id=0df0c78c-50d1-4b42-87f3-799b6cd11ff7 200 in 15ms (next.js: 1.6ms, proxy.ts: 1.7ms, application-code: 11ms)
  └─ ƒ recoverAcceptedInvitation("0df0c78c-50d1-4b42-87f3-799b6cd11ff7") in 5ms src/app/invitation/actions.ts
 GET /dashboard 307 in 70ms (next.js: 1.7ms, proxy.ts: 1.9ms, application-code: 66ms)
 GET /onboarding 307 in 46ms (next.js: 1.8ms, proxy.ts: 1.6ms, application-code: 43ms)
 GET /dashboard 200 in 109ms (next.js: 1.8ms, proxy.ts: 2ms, application-code: 105ms)
 GET /api/auth/get-session 200 in 12ms (next.js: 3ms, proxy.ts: 3ms, application-code: 7ms)
 GET /api/auth/get-session 200 in 49ms (next.js: 26ms, proxy.ts: 12ms, application-code: 11ms)
 GET /api/auth/organization/list 200 in 52ms (next.js: 29ms, proxy.ts: 12ms, application-code: 11ms)
 GET /dashboard 307 in 101ms (next.js: 2ms, proxy.ts: 2ms, application-code: 96ms)
 GET /onboarding 200 in 57ms (next.js: 2ms, proxy.ts: 4ms, application-code: 50ms)
 GET /api/auth/get-session 200 in 13ms (next.js: 5ms, proxy.ts: 2ms, application-code: 6ms)
 GET /account 200 in 40ms (next.js: 1.7ms, proxy.ts: 1.9ms, application-code: 36ms)
 GET /api/auth/organization/list 200 in 27ms (next.js: 10ms, proxy.ts: 5ms, application-code: 11ms)
 GET /api/auth/get-session 200 in 29ms (next.js: 8ms, proxy.ts: 4ms, application-code: 17ms)
 GET /api/auth/passkey/list-user-passkeys 200 in 26ms (next.js: 14ms, proxy.ts: 3ms, application-code: 9ms)
 POST /api/auth/sign-out 200 in 11ms (next.js: 3ms, proxy.ts: 2ms, application-code: 6ms)
 GET /api/auth/passkey/list-user-passkeys 200 in 21ms (next.js: 13ms, proxy.ts: 5ms, application-code: 3ms)
 GET /api/auth/get-session 200 in 22ms (next.js: 7ms, proxy.ts: 5ms, application-code: 9ms)
 GET /sign-in 200 in 53ms (next.js: 3ms, proxy.ts: 1.6ms, application-code: 48ms)
 GET /api/auth/get-session 200 in 12ms (next.js: 3ms, proxy.ts: 2ms, application-code: 6ms)
  ✓  11 [chromium] › e2e/auth-lifecycle-local.spec.ts:85:9 › auth lifecycle fr: verification, magic link, reset, sessions and passkey (13.1s)
 GET /sign-up 200 in 38ms (next.js: 4ms, proxy.ts: 2ms, application-code: 31ms)
 POST /api/auth/sign-up/email 200 in 98ms (next.js: 6ms, proxy.ts: 3ms, application-code: 88ms)
 GET /api/auth/get-session 200 in 9ms (next.js: 1.9ms, proxy.ts: 2ms, application-code: 4ms)
 GET /sign-in 200 in 33ms (next.js: 4ms, proxy.ts: 1.6ms, application-code: 28ms)
 POST /api/auth/sign-in/email 403 in 89ms (next.js: 3ms, proxy.ts: 3ms, application-code: 84ms)
 GET /api/auth/get-session 200 in 11ms (next.js: 3ms, proxy.ts: 2ms, application-code: 6ms)
 GET /api/auth/verify-email?token=[REDACTED]&callbackURL=%2Fdashboard 302 in 12ms (next.js: 4ms, proxy.ts: 2ms, application-code: 6ms)
 GET /dashboard 307 in 55ms (next.js: 2ms, proxy.ts: 1.9ms, application-code: 51ms)
 GET /sign-in 200 in 34ms (next.js: 3ms, proxy.ts: 2ms, application-code: 28ms)
 GET /sign-in 200 in 38ms (next.js: 4ms, proxy.ts: 2ms, application-code: 32ms)
 POST /api/auth/sign-in/email 200 in 83ms (next.js: 2ms, proxy.ts: 3ms, application-code: 78ms)
 GET /dashboard 307 in 70ms (next.js: 2ms, proxy.ts: 4ms, application-code: 64ms)
 GET /onboarding 200 in 50ms (next.js: 1.9ms, proxy.ts: 2ms, application-code: 46ms)
 GET /settings 200 in 79ms (next.js: 3ms, proxy.ts: 1.8ms, application-code: 74ms)
 POST /onboarding 200 in 99ms (next.js: 1.5ms, proxy.ts: 2ms, application-code: 96ms)
  └─ ƒ createWorkspace({}) in 10ms src/app/onboarding/actions.ts
 GET /api/auth/get-session 200 in 40ms (next.js: 5ms, proxy.ts: 3ms, application-code: 32ms)
 GET /api/auth/organization/list 200 in 41ms (next.js: 19ms, proxy.ts: 3ms, application-code: 19ms)
 GET /api/auth/get-session 200 in 21ms (next.js: 6ms, proxy.ts: 9ms, application-code: 6ms)
 GET /sign-in 200 in 34ms (next.js: 3ms, proxy.ts: 1.9ms, application-code: 29ms)
 POST /api/auth/sign-in/magic-link 200 in 15ms (next.js: 3ms, proxy.ts: 3ms, application-code: 9ms)
 GET /api/auth/magic-link/verify?token=[REDACTED]&callbackURL=%2Fdashboard&errorCallbackURL=http%3A%2F%2Flocalhost%3A3017%2Fsign-in 302 in 12ms (next.js: 2ms, proxy.ts: 2ms, application-code: 8ms)
 GET /dashboard 200 in 116ms (next.js: 2ms, proxy.ts: 1.3ms, application-code: 113ms)
 GET /api/auth/get-session 200 in 14ms (next.js: 4ms, proxy.ts: 2ms, application-code: 8ms)
 GET /api/auth/get-session 200 in 28ms (next.js: 11ms, proxy.ts: 6ms, application-code: 11ms)
 GET /api/auth/organization/list 200 in 31ms (next.js: 12ms, proxy.ts: 7ms, application-code: 11ms)
 GET /api/auth/magic-link/verify?token=[REDACTED]&callbackURL=%2Fdashboard&errorCallbackURL=http%3A%2F%2Flocalhost%3A3017%2Fsign-in 302 in 14ms (next.js: 4ms, proxy.ts: 4ms, application-code: 6ms)
 GET /sign-in?error=INVALID_TOKEN 200 in 35ms (next.js: 3ms, proxy.ts: 1.6ms, application-code: 30ms)
 GET /api/auth/get-session 200 in 10ms (next.js: 2ms, proxy.ts: 3ms, application-code: 5ms)
 GET /forgot-password 200 in 29ms (next.js: 3ms, proxy.ts: 1.7ms, application-code: 24ms)
 POST /api/auth/request-password-reset 200 in 14ms (next.js: 2ms, proxy.ts: 2ms, application-code: 9ms)
 GET /api/auth/reset-password/[REDACTED]?callbackURL=%2Freset-password 302 in 10ms (next.js: 2ms, proxy.ts: 1.9ms, application-code: 6ms)
 GET /reset-password?token=[REDACTED] 200 in 34ms (next.js: 4ms, proxy.ts: 1.9ms, application-code: 29ms)
 POST /api/auth/reset-password 200 in 89ms (next.js: 4ms, proxy.ts: 3ms, application-code: 82ms)
 GET /api/auth/get-session 200 in 10ms (next.js: 1.8ms, proxy.ts: 1.9ms, application-code: 6ms)
 GET /api/auth/get-session 200 in 7ms (next.js: 1.7ms, proxy.ts: 1.6ms, application-code: 4ms)
 GET /api/auth/reset-password/[REDACTED]?callbackURL=%2Freset-password 302 in 9ms (next.js: 2ms, proxy.ts: 1.6ms, application-code: 5ms)
 GET /reset-password?error=INVALID_TOKEN 200 in 26ms (next.js: 1.4ms, proxy.ts: 1.2ms, application-code: 24ms)
 GET /sign-in 200 in 46ms (next.js: 4ms, proxy.ts: 4ms, application-code: 38ms)
2026-09-07T12:23:11.156Z WARN [Better Auth]: Invalid password
 POST /api/auth/sign-in/email 401 in 97ms (next.js: 3ms, proxy.ts: 4ms, application-code: 91ms)
 GET /api/auth/get-session 200 in 12ms (next.js: 4ms, proxy.ts: 3ms, application-code: 5ms)
 GET /sign-in 200 in 39ms (next.js: 5ms, proxy.ts: 1.4ms, application-code: 33ms)
 POST /api/auth/sign-in/email 200 in 87ms (next.js: 2ms, proxy.ts: 3ms, application-code: 82ms)
 GET /dashboard 200 in 123ms (next.js: 2.0ms, proxy.ts: 3ms, application-code: 118ms)
 GET /sign-in 200 in 65ms (next.js: 5ms, proxy.ts: 2ms, application-code: 58ms)
 GET /api/auth/get-session 200 in 37ms (next.js: 13ms, proxy.ts: 9ms, application-code: 15ms)
 GET /api/auth/organization/list 200 in 41ms (next.js: 16ms, proxy.ts: 9ms, application-code: 16ms)
 POST /api/auth/sign-in/email 200 in 87ms (next.js: 4ms, proxy.ts: 3ms, application-code: 80ms)
 GET /dashboard 200 in 114ms (next.js: 1.9ms, proxy.ts: 3ms, application-code: 109ms)
 GET /account 200 in 57ms (next.js: 2ms, proxy.ts: 2ms, application-code: 53ms)
 GET /api/auth/get-session 200 in 36ms (next.js: 14ms, proxy.ts: 6ms, application-code: 16ms)
 GET /api/auth/organization/list 200 in 37ms (next.js: 17ms, proxy.ts: 5ms, application-code: 15ms)
 GET /api/auth/get-session 200 in 30ms (next.js: 9ms, proxy.ts: 4ms, application-code: 17ms)
 GET /api/auth/organization/list 200 in 33ms (next.js: 13ms, proxy.ts: 5ms, application-code: 15ms)
 GET /api/auth/passkey/list-user-passkeys 200 in 30ms (next.js: 15ms, proxy.ts: 4ms, application-code: 12ms)
 POST /api/auth/revoke-other-sessions 200 in 21ms (next.js: 2ms, proxy.ts: 3ms, application-code: 16ms)
 GET /api/auth/get-session 200 in 11ms (next.js: 2ms, proxy.ts: 2ms, application-code: 7ms)
 GET /api/auth/get-session 200 in 15ms (next.js: 3ms, proxy.ts: 5ms, application-code: 7ms)
 GET /api/auth/get-session 200 in 18ms (next.js: 5ms, proxy.ts: 6ms, application-code: 7ms)
 GET /api/auth/passkey/generate-register-options?authenticatorAttachment=platform&name=Ads%20by%20Yodev%20passkey 200 in 15ms (next.js: 3ms, proxy.ts: 3ms, application-code: 10ms)
 POST /api/auth/passkey/verify-registration 200 in 31ms (next.js: 15ms, proxy.ts: 2ms, application-code: 13ms)
 GET /api/auth/passkey/list-user-passkeys 200 in 11ms (next.js: 3ms, proxy.ts: 2ms, application-code: 7ms)
 GET /api/auth/passkey/list-user-passkeys 200 in 10ms (next.js: 2ms, proxy.ts: 1.7ms, application-code: 6ms)
 POST /api/auth/passkey/delete-passkey 401 in 9ms (next.js: 1.9ms, proxy.ts: 1.8ms, application-code: 6ms)
 POST /api/auth/sign-out 200 in 11ms (next.js: 3ms, proxy.ts: 2ms, application-code: 5ms)
 GET /sign-in 200 in 36ms (next.js: 4ms, proxy.ts: 1.5ms, application-code: 30ms)
 GET /api/auth/passkey/generate-authenticate-options 200 in 13ms (next.js: 2ms, proxy.ts: 3ms, application-code: 7ms)
 POST /api/auth/passkey/verify-authentication 200 in 29ms (next.js: 14ms, proxy.ts: 4ms, application-code: 12ms)
 GET /dashboard 200 in 115ms (next.js: 1.8ms, proxy.ts: 2ms, application-code: 111ms)
 GET /api/auth/get-session 200 in 18ms (next.js: 4ms, proxy.ts: 2ms, application-code: 11ms)
 GET /api/auth/organization/list 200 in 40ms (next.js: 16ms, proxy.ts: 20ms, application-code: 4ms)
 GET /api/auth/get-session 200 in 41ms (next.js: 9ms, proxy.ts: 20ms, application-code: 11ms)
 GET /account 200 in 87ms (next.js: 2.0ms, proxy.ts: 2ms, application-code: 82ms)
 GET /api/auth/get-session 200 in 25ms (next.js: 8ms, proxy.ts: 3ms, application-code: 14ms)
 GET /api/auth/organization/list 200 in 34ms (next.js: 13ms, proxy.ts: 4ms, application-code: 17ms)
 GET /api/auth/passkey/list-user-passkeys 200 in 33ms (next.js: 20ms, proxy.ts: 2ms, application-code: 11ms)
 POST /api/auth/passkey/delete-passkey 200 in 15ms (next.js: 4ms, proxy.ts: 3ms, application-code: 9ms)
 GET /api/auth/passkey/list-user-passkeys 200 in 21ms (next.js: 4ms, proxy.ts: 3ms, application-code: 14ms)
 POST /api/auth/sign-out 200 in 20ms (next.js: 8ms, proxy.ts: 2ms, application-code: 9ms)
 GET /sign-in 200 in 35ms (next.js: 5ms, proxy.ts: 2ms, application-code: 28ms)
 GET /api/auth/passkey/generate-authenticate-options 200 in 15ms (next.js: 3ms, proxy.ts: 3ms, application-code: 9ms)
 POST /api/auth/passkey/verify-authentication 401 in 33ms (next.js: 4ms, proxy.ts: 4ms, application-code: 24ms)
 GET /api/auth/get-session 200 in 10ms (next.js: 2ms, proxy.ts: 2ms, application-code: 6ms)
 POST /api/auth/sign-in/magic-link 200 in 20ms (next.js: 2ms, proxy.ts: 3ms, application-code: 15ms)
 GET /api/auth/magic-link/verify?token=[REDACTED]&callbackURL=%2Fdashboard&errorCallbackURL=http%3A%2F%2Flocalhost%3A3017%2Fsign-in 302 in 14ms (next.js: 3ms, proxy.ts: 2ms, application-code: 9ms)
 GET /dashboard 200 in 109ms (next.js: 1.8ms, proxy.ts: 1.7ms, application-code: 106ms)
 GET /api/auth/get-session 200 in 31ms (next.js: 16ms, proxy.ts: 2ms, application-code: 12ms)
 GET /api/auth/organization/list 200 in 33ms (next.js: 20ms, proxy.ts: 3ms, application-code: 9ms)
 GET /invitation?id=c69b8bd9-d925-48f0-99db-785ae3a20bf2 200 in 29ms (next.js: 2ms, proxy.ts: 3ms, application-code: 25ms)
 GET /api/auth/get-session 200 in 10ms (next.js: 2ms, proxy.ts: 2ms, application-code: 6ms)
 POST /api/auth/organization/accept-invitation 403 in 12ms (next.js: 2ms, proxy.ts: 3ms, application-code: 8ms)
 POST /invitation?id=c69b8bd9-d925-48f0-99db-785ae3a20bf2 200 in 14ms (next.js: 1.7ms, proxy.ts: 1.9ms, application-code: 10ms)
  └─ ƒ recoverAcceptedInvitation("c69b8bd9-d925-48f0-99db-785ae3a20bf2") in 5ms src/app/invitation/actions.ts
 GET /invitation?id=9ff208be-85fe-480a-b2d1-e1b44a4ba958 200 in 29ms (next.js: 1.7ms, proxy.ts: 2.0ms, application-code: 25ms)
 GET /api/auth/get-session 200 in 14ms (next.js: 2.0ms, proxy.ts: 5ms, application-code: 7ms)
 POST /api/auth/organization/accept-invitation 400 in 13ms (next.js: 3ms, proxy.ts: 2ms, application-code: 8ms)
 POST /invitation?id=9ff208be-85fe-480a-b2d1-e1b44a4ba958 200 in 14ms (next.js: 1.8ms, proxy.ts: 1.8ms, application-code: 10ms)
  └─ ƒ recoverAcceptedInvitation("9ff208be-85fe-480a-b2d1-e1b44a4ba958") in 5ms src/app/invitation/actions.ts
 GET /invitation?id=4fd1ea5f-5177-4425-9f1b-d98cdf78674e 200 in 34ms (next.js: 1.8ms, proxy.ts: 2ms, application-code: 30ms)
 GET /api/auth/get-session 200 in 14ms (next.js: 4ms, proxy.ts: 2ms, application-code: 7ms)
 POST /api/auth/organization/accept-invitation 400 in 12ms (next.js: 2ms, proxy.ts: 3ms, application-code: 7ms)
 POST /invitation?id=4fd1ea5f-5177-4425-9f1b-d98cdf78674e 200 in 15ms (next.js: 1.9ms, proxy.ts: 2ms, application-code: 11ms)
  └─ ƒ recoverAcceptedInvitation("4fd1ea5f-5177-4425-9f1b-d98cdf78674e") in 5ms src/app/invitation/actions.ts
 GET /invitation?id=8b68cea8-d4da-4d89-b5c9-4a2b8e099ae2 200 in 27ms (next.js: 1.6ms, proxy.ts: 1.7ms, application-code: 23ms)
 GET /api/auth/get-session 200 in 11ms (next.js: 2ms, proxy.ts: 3ms, application-code: 6ms)
 GET /sign-in?returnTo=%2Finvitation%3Fid%3D8b68cea8-d4da-4d89-b5c9-4a2b8e099ae2 200 in 41ms (next.js: 6ms, proxy.ts: 3ms, application-code: 32ms)
 POST /api/auth/sign-in/magic-link 200 in 17ms (next.js: 2ms, proxy.ts: 4ms, application-code: 10ms)
 GET /api/auth/magic-link/verify?token=[REDACTED]&callbackURL=%2Finvitation%3Fid%3D8b68cea8-d4da-4d89-b5c9-4a2b8e099ae2&errorCallbackURL=http%3A%2F%2Flocalhost%3A3017%2Fsign-in%3FreturnTo%3D%252Finvitation%253Fid%253D8b68cea8-d4da-4d89-b5c9-4a2b8e099ae2 302 in 17ms (next.js: 4ms, proxy.ts: 3ms, application-code: 9ms)
 GET /invitation?id=8b68cea8-d4da-4d89-b5c9-4a2b8e099ae2 200 in 43ms (next.js: 2ms, proxy.ts: 2ms, application-code: 39ms)
 GET /api/auth/get-session 200 in 10ms (next.js: 1.9ms, proxy.ts: 2ms, application-code: 6ms)
 POST /api/auth/organization/accept-invitation 403 in 12ms (next.js: 1.8ms, proxy.ts: 1.9ms, application-code: 8ms)
 POST /invitation?id=8b68cea8-d4da-4d89-b5c9-4a2b8e099ae2 200 in 12ms (next.js: 1.8ms, proxy.ts: 1.8ms, application-code: 9ms)
  └─ ƒ recoverAcceptedInvitation("8b68cea8-d4da-4d89-b5c9-4a2b8e099ae2") in 5ms src/app/invitation/actions.ts
 POST /api/auth/organization/accept-invitation 200 in 14ms (next.js: 1.9ms, proxy.ts: 1.9ms, application-code: 10ms)
 POST /invitation?id=8b68cea8-d4da-4d89-b5c9-4a2b8e099ae2 200 in 12ms (next.js: 1.5ms, proxy.ts: 1.7ms, application-code: 9ms)
  └─ ƒ recoverAcceptedInvitation("8b68cea8-d4da-4d89-b5c9-4a2b8e099ae2") in 4ms src/app/invitation/actions.ts
 POST /api/auth/organization/set-active 200 in 11ms (next.js: 1.9ms, proxy.ts: 2.0ms, application-code: 7ms)
 GET /api/auth/get-session 200 in 75ms (next.js: 40ms, proxy.ts: 11ms, application-code: 24ms)
 GET /dashboard 200 in 124ms (next.js: 1.7ms, proxy.ts: 1.6ms, application-code: 121ms)
 GET /api/auth/get-session 200 in 21ms (next.js: 3ms, proxy.ts: 4ms, application-code: 15ms)
 GET /api/auth/get-session 200 in 28ms (next.js: 8ms, proxy.ts: 5ms, application-code: 15ms)
 GET /api/auth/organization/list 200 in 29ms (next.js: 12ms, proxy.ts: 5ms, application-code: 12ms)
 GET /invitation?id=8b68cea8-d4da-4d89-b5c9-4a2b8e099ae2 200 in 32ms (next.js: 1.9ms, proxy.ts: 2ms, application-code: 28ms)
 GET /api/auth/get-session 200 in 11ms (next.js: 2ms, proxy.ts: 3ms, application-code: 6ms)
 POST /api/auth/organization/accept-invitation 400 in 10ms (next.js: 1.9ms, proxy.ts: 1.8ms, application-code: 6ms)
 POST /invitation?id=8b68cea8-d4da-4d89-b5c9-4a2b8e099ae2 200 in 12ms (next.js: 1.6ms, proxy.ts: 1.7ms, application-code: 8ms)
  └─ ƒ recoverAcceptedInvitation("8b68cea8-d4da-4d89-b5c9-4a2b8e099ae2") in 4ms src/app/invitation/actions.ts
 POST /api/auth/organization/set-active 200 in 18ms (next.js: 1.8ms, proxy.ts: 1.8ms, application-code: 14ms)
 GET /api/auth/get-session 200 in 64ms (next.js: 38ms, proxy.ts: 11ms, application-code: 16ms)
 GET /dashboard 200 in 112ms (next.js: 1.5ms, proxy.ts: 1.6ms, application-code: 109ms)
 GET /invitation?id=8b68cea8-d4da-4d89-b5c9-4a2b8e099ae2 200 in 36ms (next.js: 2.0ms, proxy.ts: 2ms, application-code: 32ms)
 GET /api/auth/get-session 200 in 19ms (next.js: 3ms, proxy.ts: 2ms, application-code: 13ms)
 POST /api/auth/organization/accept-invitation 400 in 15ms (next.js: 4ms, proxy.ts: 3ms, application-code: 8ms)
 POST /invitation?id=8b68cea8-d4da-4d89-b5c9-4a2b8e099ae2 200 in 14ms (next.js: 1.7ms, proxy.ts: 1.7ms, application-code: 11ms)
  └─ ƒ recoverAcceptedInvitation("8b68cea8-d4da-4d89-b5c9-4a2b8e099ae2") in 5ms src/app/invitation/actions.ts
 GET /dashboard 307 in 58ms (next.js: 1.9ms, proxy.ts: 1.8ms, application-code: 54ms)
 GET /onboarding 307 in 44ms (next.js: 1.8ms, proxy.ts: 1.7ms, application-code: 41ms)
 GET /dashboard 200 in 114ms (next.js: 1.8ms, proxy.ts: 2ms, application-code: 110ms)
 GET /api/auth/get-session 200 in 16ms (next.js: 5ms, proxy.ts: 2ms, application-code: 9ms)
 GET /api/auth/get-session 200 in 50ms (next.js: 24ms, proxy.ts: 12ms, application-code: 14ms)
 GET /api/auth/organization/list 200 in 51ms (next.js: 28ms, proxy.ts: 12ms, application-code: 11ms)
 GET /dashboard 307 in 90ms (next.js: 2ms, proxy.ts: 1.6ms, application-code: 87ms)
 GET /onboarding 200 in 62ms (next.js: 3ms, proxy.ts: 4ms, application-code: 55ms)
 GET /api/auth/get-session 200 in 15ms (next.js: 6ms, proxy.ts: 3ms, application-code: 6ms)
 GET /account 200 in 40ms (next.js: 1.6ms, proxy.ts: 2.0ms, application-code: 36ms)
 GET /api/auth/get-session 200 in 24ms (next.js: 9ms, proxy.ts: 3ms, application-code: 12ms)
 GET /api/auth/organization/list 200 in 26ms (next.js: 11ms, proxy.ts: 3ms, application-code: 12ms)
 GET /api/auth/passkey/list-user-passkeys 200 in 23ms (next.js: 11ms, proxy.ts: 4ms, application-code: 8ms)
 POST /api/auth/sign-out 200 in 9ms (next.js: 1.8ms, proxy.ts: 1.7ms, application-code: 5ms)
 GET /sign-in 200 in 56ms (next.js: 3ms, proxy.ts: 1.6ms, application-code: 51ms)
 GET /api/auth/get-session 200 in 13ms (next.js: 5ms, proxy.ts: 3ms, application-code: 5ms)
  ✓  12 [chromium] › e2e/auth-lifecycle-local.spec.ts:85:9 › auth lifecycle en: verification, magic link, reset, sessions and passkey (11.5s)
 GET /dashboard 200 in 120ms (next.js: 2ms, proxy.ts: 2ms, application-code: 115ms)
 GET /api/auth/get-session 200 in 117ms (next.js: 20ms, proxy.ts: 32ms, application-code: 65ms)
 GET /api/auth/organization/list 200 in 209ms (next.js: 31ms, proxy.ts: 22ms, application-code: 155ms)
 GET /settings 200 in 261ms (next.js: 4ms, proxy.ts: 2ms, application-code: 255ms)
 GET /api/auth/get-session 200 in 100ms (next.js: 27ms, proxy.ts: 29ms, application-code: 44ms)
 GET /api/auth/organization/list 200 in 104ms (next.js: 24ms, proxy.ts: 30ms, application-code: 50ms)
 GET /billing 200 in 199ms (next.js: 4ms, proxy.ts: 3ms, application-code: 192ms)
 GET /api/auth/get-session 200 in 123ms (next.js: 51ms, proxy.ts: 9ms, application-code: 63ms)
 GET /api/auth/organization/list 200 in 126ms (next.js: 37ms, proxy.ts: 27ms, application-code: 62ms)
 GET /support 200 in 174ms (next.js: 5ms, proxy.ts: 5ms, application-code: 163ms)
  ✓  13 [chromium] › e2e/authenticated-rbac.spec.ts:55:9 › authenticated five-role route matrix › owner has only its server-authorized product surface (1.4s)
 GET /dashboard 200 in 107ms (next.js: 1.8ms, proxy.ts: 1.8ms, application-code: 104ms)
 GET /api/auth/get-session 200 in 117ms (next.js: 20ms, proxy.ts: 27ms, application-code: 70ms)
 GET /api/auth/organization/list 200 in 195ms (next.js: 41ms, proxy.ts: 24ms, application-code: 129ms)
 GET /settings 200 in 233ms (next.js: 2ms, proxy.ts: 2ms, application-code: 229ms)
 GET /api/auth/get-session 200 in 114ms (next.js: 18ms, proxy.ts: 39ms, application-code: 58ms)
 GET /api/auth/organization/list 200 in 106ms (next.js: 27ms, proxy.ts: 29ms, application-code: 50ms)
 GET /support 200 in 174ms (next.js: 2ms, proxy.ts: 2ms, application-code: 170ms)
 GET /api/auth/get-session 200 in 105ms (next.js: 25ms, proxy.ts: 25ms, application-code: 54ms)
 GET /api/auth/organization/list 200 in 103ms (next.js: 34ms, proxy.ts: 24ms, application-code: 46ms)
 GET /billing 307 in 127ms (next.js: 3ms, proxy.ts: 2ms, application-code: 123ms)
 GET /support?error=You%20no%20longer%20have%20access%20to%20this%20page.%20Choose%20an%20available%20section%20or%20contact%20an%20administrator. 200 in 130ms (next.js: 2.0ms, proxy.ts: 3ms, application-code: 125ms)
  ✓  14 [chromium] › e2e/authenticated-rbac.spec.ts:55:9 › authenticated five-role route matrix › admin has only its server-authorized product surface (1.4s)
 GET /dashboard 200 in 99ms (next.js: 1.9ms, proxy.ts: 3ms, application-code: 93ms)
 GET /api/auth/get-session 200 in 99ms (next.js: 25ms, proxy.ts: 24ms, application-code: 50ms)
 GET /api/auth/organization/list 200 in 96ms (next.js: 33ms, proxy.ts: 24ms, application-code: 40ms)
 GET /tasks 200 in 170ms (next.js: 5ms, proxy.ts: 4ms, application-code: 161ms)
 GET /api/auth/get-session 200 in 93ms (next.js: 14ms, proxy.ts: 26ms, application-code: 53ms)
 GET /api/auth/organization/list 200 in 114ms (next.js: 23ms, proxy.ts: 24ms, application-code: 68ms)
 GET /support 200 in 144ms (next.js: 2ms, proxy.ts: 2ms, application-code: 140ms)
 GET /api/auth/get-session 200 in 108ms (next.js: 19ms, proxy.ts: 26ms, application-code: 63ms)
 GET /api/auth/organization/list 200 in 104ms (next.js: 28ms, proxy.ts: 23ms, application-code: 53ms)
 GET /settings 307 in 133ms (next.js: 3ms, proxy.ts: 2ms, application-code: 128ms)
 GET /support?error=You%20no%20longer%20have%20access%20to%20this%20page.%20Choose%20an%20available%20section%20or%20contact%20an%20administrator. 200 in 108ms (next.js: 1.9ms, proxy.ts: 3ms, application-code: 104ms)
 GET /api/auth/get-session 200 in 112ms (next.js: 28ms, proxy.ts: 29ms, application-code: 55ms)
 GET /api/auth/organization/list 200 in 107ms (next.js: 37ms, proxy.ts: 24ms, application-code: 46ms)
 GET /billing 307 in 139ms (next.js: 3ms, proxy.ts: 3ms, application-code: 133ms)
 GET /support?error=You%20no%20longer%20have%20access%20to%20this%20page.%20Choose%20an%20available%20section%20or%20contact%20an%20administrator. 200 in 126ms (next.js: 3ms, proxy.ts: 3ms, application-code: 120ms)
  ✓  15 [chromium] › e2e/authenticated-rbac.spec.ts:55:9 › authenticated five-role route matrix › strategist has only its server-authorized product surface (1.7s)
 GET /dashboard 200 in 105ms (next.js: 2ms, proxy.ts: 3ms, application-code: 99ms)
 GET /api/auth/get-session 200 in 101ms (next.js: 24ms, proxy.ts: 24ms, application-code: 52ms)
 GET /api/auth/organization/list 200 in 141ms (next.js: 34ms, proxy.ts: 22ms, application-code: 85ms)
 GET /reports 200 in 173ms (next.js: 5ms, proxy.ts: 2ms, application-code: 166ms)
 GET /api/auth/get-session 200 in 96ms (next.js: 21ms, proxy.ts: 29ms, application-code: 46ms)
 GET /api/auth/organization/list 200 in 95ms (next.js: 29ms, proxy.ts: 25ms, application-code: 40ms)
 GET /support 200 in 152ms (next.js: 3ms, proxy.ts: 2ms, application-code: 146ms)
 GET /api/auth/get-session 200 in 110ms (next.js: 19ms, proxy.ts: 27ms, application-code: 64ms)
 GET /api/auth/organization/list 200 in 108ms (next.js: 29ms, proxy.ts: 25ms, application-code: 53ms)
 GET /settings 307 in 136ms (next.js: 3ms, proxy.ts: 3ms, application-code: 130ms)
 GET /support?error=You%20no%20longer%20have%20access%20to%20this%20page.%20Choose%20an%20available%20section%20or%20contact%20an%20administrator. 200 in 119ms (next.js: 1.7ms, proxy.ts: 3ms, application-code: 114ms)
 GET /api/auth/get-session 200 in 104ms (next.js: 19ms, proxy.ts: 33ms, application-code: 52ms)
 GET /api/auth/organization/list 200 in 104ms (next.js: 28ms, proxy.ts: 32ms, application-code: 45ms)
 GET /billing 307 in 129ms (next.js: 2ms, proxy.ts: 1.9ms, application-code: 125ms)
 GET /support?error=You%20no%20longer%20have%20access%20to%20this%20page.%20Choose%20an%20available%20section%20or%20contact%20an%20administrator. 200 in 124ms (next.js: 1.9ms, proxy.ts: 4ms, application-code: 119ms)
  ✓  16 [chromium] › e2e/authenticated-rbac.spec.ts:55:9 › authenticated five-role route matrix › analyst has only its server-authorized product surface (1.7s)
 GET /support 200 in 94ms (next.js: 1.8ms, proxy.ts: 2.0ms, application-code: 90ms)
 GET /api/auth/get-session 200 in 79ms (next.js: 46ms, proxy.ts: 4ms, application-code: 29ms)
 GET /api/auth/organization/list 200 in 106ms (next.js: 49ms, proxy.ts: 4ms, application-code: 53ms)
 GET /dashboard 307 in 111ms (next.js: 5ms, proxy.ts: 3ms, application-code: 102ms)
 GET /support?error=You%20no%20longer%20have%20access%20to%20this%20page.%20Choose%20an%20available%20section%20or%20contact%20an%20administrator. 200 in 95ms (next.js: 1.9ms, proxy.ts: 2ms, application-code: 91ms)
 GET /api/auth/get-session 200 in 75ms (next.js: 48ms, proxy.ts: 3ms, application-code: 24ms)
 GET /api/auth/organization/list 200 in 101ms (next.js: 54ms, proxy.ts: 4ms, application-code: 43ms)
 GET /settings 307 in 106ms (next.js: 4ms, proxy.ts: 3ms, application-code: 99ms)
 GET /support?error=You%20no%20longer%20have%20access%20to%20this%20page.%20Choose%20an%20available%20section%20or%20contact%20an%20administrator. 200 in 99ms (next.js: 2ms, proxy.ts: 2ms, application-code: 95ms)
 GET /api/auth/get-session 200 in 74ms (next.js: 50ms, proxy.ts: 5ms, application-code: 19ms)
 GET /api/auth/organization/list 200 in 100ms (next.js: 52ms, proxy.ts: 5ms, application-code: 43ms)
 GET /billing 307 in 105ms (next.js: 5ms, proxy.ts: 4ms, application-code: 97ms)
 GET /support?error=You%20no%20longer%20have%20access%20to%20this%20page.%20Choose%20an%20available%20section%20or%20contact%20an%20administrator. 200 in 95ms (next.js: 2.0ms, proxy.ts: 3ms, application-code: 90ms)
  ✓  17 [chromium] › e2e/authenticated-rbac.spec.ts:55:9 › authenticated five-role route matrix › client has only its server-authorized product surface (1.4s)
 GET /api/exports/80000000-0000-4000-8000-000000000003 404 in 769ms (next.js: 745ms, proxy.ts: 1.8ms, application-code: 21ms)
  ✓  18 [chromium] › e2e/authenticated-rbac.spec.ts:75:9 › authenticated five-role route matrix › owner cannot cross the direct export API boundary (1.1s)
 GET /api/exports/80000000-0000-4000-8000-000000000003 403 in 13ms (next.js: 3ms, proxy.ts: 1.9ms, application-code: 8ms)
  ✓  19 [chromium] › e2e/authenticated-rbac.spec.ts:75:9 › authenticated five-role route matrix › admin cannot cross the direct export API boundary (49ms)
 GET /api/exports/80000000-0000-4000-8000-000000000003 403 in 12ms (next.js: 1.9ms, proxy.ts: 2ms, application-code: 8ms)
  ✓  20 [chromium] › e2e/authenticated-rbac.spec.ts:75:9 › authenticated five-role route matrix › strategist cannot cross the direct export API boundary (48ms)
 GET /api/exports/80000000-0000-4000-8000-000000000003 403 in 12ms (next.js: 2ms, proxy.ts: 3ms, application-code: 7ms)
  ✓  21 [chromium] › e2e/authenticated-rbac.spec.ts:75:9 › authenticated five-role route matrix › analyst cannot cross the direct export API boundary (51ms)
 GET /api/exports/80000000-0000-4000-8000-000000000003 403 in 12ms (next.js: 2ms, proxy.ts: 3ms, application-code: 7ms)
  ✓  22 [chromium] › e2e/authenticated-rbac.spec.ts:75:9 › authenticated five-role route matrix › client cannot cross the direct export API boundary (51ms)
 GET /settings 200 in 212ms (next.js: 2.0ms, proxy.ts: 1.9ms, application-code: 208ms)
 GET /api/auth/get-session 200 in 27ms (next.js: 5ms, proxy.ts: 5ms, application-code: 18ms)
 GET /api/auth/organization/list 200 in 28ms (next.js: 10ms, proxy.ts: 3ms, application-code: 15ms)
 POST /settings 200 in 67ms (next.js: 3ms, proxy.ts: 4ms, application-code: 60ms)
  └─ ƒ updateWorkspaceLocale({}) in 13ms src/app/actions.ts
 GET /settings?notice=Workspace+language+updated. 200 in 102ms (next.js: 2ms, proxy.ts: 2ms, application-code: 97ms)
 GET /settings?notice=Workspace+language+updated. 200 in 85ms (next.js: 1.7ms, proxy.ts: 1.5ms, application-code: 82ms)
 POST /settings 200 in 147ms (next.js: 15ms, proxy.ts: 11ms, application-code: 121ms)
  └─ ƒ updateWorkspaceLocale({}) in 32ms src/app/actions.ts
 GET /settings?notice=Workspace+language+updated. 200 in 87ms (next.js: 1.5ms, proxy.ts: 1.5ms, application-code: 84ms)
 POST /settings 200 in 103ms (next.js: 1.8ms, proxy.ts: 1.7ms, application-code: 99ms)
  └─ ƒ updateWorkspaceLocale({}) in 8ms src/app/actions.ts
 GET /settings?error=Permission+required%3A+workspace%3Aadmin 200 in 44ms (next.js: 1.7ms, proxy.ts: 1.7ms, application-code: 41ms)
 POST /settings 200 in 57ms (next.js: 2.0ms, proxy.ts: 1.8ms, application-code: 53ms)
  └─ ƒ updateWorkspaceLocale({}) in 5ms src/app/actions.ts
 GET /settings?error=Permission+required%3A+workspace%3Aadmin 200 in 44ms (next.js: 1.6ms, proxy.ts: 1.4ms, application-code: 41ms)
 POST /settings 200 in 55ms (next.js: 1.9ms, proxy.ts: 2ms, application-code: 51ms)
  └─ ƒ updateWorkspaceLocale({}) in 4ms src/app/actions.ts
 GET /settings?error=Permission+required%3A+workspace%3Aadmin 200 in 47ms (next.js: 1.9ms, proxy.ts: 1.9ms, application-code: 44ms)
 POST /settings 200 in 60ms (next.js: 1.7ms, proxy.ts: 1.8ms, application-code: 56ms)
  └─ ƒ updateWorkspaceLocale({}) in 5ms src/app/actions.ts
  ✓  23 [chromium] › e2e/authenticated-rbac.spec.ts:93:7 › authenticated Server Action authorization matrix › re-authorizes workspace administration for every session (1.1s)
 GET /dashboard?client=80000000-0000-4000-8000-000000000092 200 in 192ms (next.js: 2ms, proxy.ts: 3ms, application-code: 187ms)
 GET /api/auth/get-session 200 in 20ms (next.js: 6ms, proxy.ts: 3ms, application-code: 11ms)
 GET /api/auth/organization/list 200 in 21ms (next.js: 9ms, proxy.ts: 3ms, application-code: 9ms)
 POST /dashboard?client=80000000-0000-4000-8000-000000000092 200 in 279ms (next.js: 2ms, proxy.ts: 4ms, application-code: 273ms)
  └─ ƒ setCookieConsent({}) in 2ms src/app/preferences-actions.ts
 GET /dashboard?client=80000000-0000-4000-8000-000000000092 200 in 247ms (next.js: 6ms, proxy.ts: 10ms, application-code: 231ms)
 GET /api/auth/get-session 200 in 69ms (next.js: 39ms, proxy.ts: 3ms, application-code: 27ms)
 GET /api/auth/organization/list 200 in 123ms (next.js: 50ms, proxy.ts: 4ms, application-code: 69ms)
 GET /dashboard?client=80000000-0000-4000-8000-000000000092 200 in 223ms (next.js: 3ms, proxy.ts: 4ms, application-code: 216ms)
 GET /api/auth/get-session 200 in 70ms (next.js: 45ms, proxy.ts: 3ms, application-code: 21ms)
 GET /api/auth/organization/list 200 in 113ms (next.js: 48ms, proxy.ts: 3ms, application-code: 62ms)
 GET /dashboard?client=80000000-0000-4000-8000-000000000092 200 in 218ms (next.js: 4ms, proxy.ts: 3ms, application-code: 211ms)
 GET /api/auth/get-session 200 in 76ms (next.js: 40ms, proxy.ts: 3ms, application-code: 32ms)
 GET /api/auth/organization/list 200 in 112ms (next.js: 44ms, proxy.ts: 3ms, application-code: 64ms)
 GET /dashboard?client=80000000-0000-4000-8000-000000000092 200 in 197ms (next.js: 3ms, proxy.ts: 3ms, application-code: 191ms)
 GET /api/auth/get-session 200 in 21ms (next.js: 5ms, proxy.ts: 3ms, application-code: 13ms)
 GET /api/auth/organization/list 200 in 23ms (next.js: 10ms, proxy.ts: 3ms, application-code: 11ms)
 GET /dashboard?client=80000000-0000-4000-8000-000000000093 200 in 167ms (next.js: 2ms, proxy.ts: 3ms, application-code: 162ms)
  ✓  24 [chromium] › e2e/dashboard-health-local.spec.ts:15:53 › qualified cockpit health › counts all alerts and refuses unqualified scores in fr (2.5s)
 GET /dashboard?client=80000000-0000-4000-8000-000000000092 200 in 190ms (next.js: 1.9ms, proxy.ts: 1.8ms, application-code: 186ms)
 GET /api/auth/get-session 200 in 24ms (next.js: 5ms, proxy.ts: 3ms, application-code: 16ms)
 GET /api/auth/organization/list 200 in 26ms (next.js: 11ms, proxy.ts: 3ms, application-code: 11ms)
 POST /dashboard?client=80000000-0000-4000-8000-000000000092 200 in 287ms (next.js: 2ms, proxy.ts: 2ms, application-code: 282ms)
  └─ ƒ setCookieConsent({}) in 2ms src/app/preferences-actions.ts
 GET /dashboard?client=80000000-0000-4000-8000-000000000092 200 in 279ms (next.js: 11ms, proxy.ts: 23ms, application-code: 245ms)
 GET /api/auth/get-session 200 in 74ms (next.js: 39ms, proxy.ts: 4ms, application-code: 31ms)
 GET /api/auth/organization/list 200 in 118ms (next.js: 50ms, proxy.ts: 4ms, application-code: 64ms)
 GET /dashboard?client=80000000-0000-4000-8000-000000000092 200 in 216ms (next.js: 3ms, proxy.ts: 4ms, application-code: 209ms)
 GET /api/auth/get-session 200 in 71ms (next.js: 46ms, proxy.ts: 3ms, application-code: 22ms)
 GET /api/auth/organization/list 200 in 116ms (next.js: 49ms, proxy.ts: 4ms, application-code: 64ms)
 GET /dashboard?client=80000000-0000-4000-8000-000000000092 200 in 217ms (next.js: 3ms, proxy.ts: 4ms, application-code: 210ms)
 GET /api/auth/get-session 200 in 69ms (next.js: 42ms, proxy.ts: 3ms, application-code: 23ms)
 GET /api/auth/organization/list 200 in 105ms (next.js: 44ms, proxy.ts: 4ms, application-code: 57ms)
 GET /dashboard?client=80000000-0000-4000-8000-000000000092 200 in 201ms (next.js: 4ms, proxy.ts: 4ms, application-code: 194ms)
 GET /api/auth/get-session 200 in 20ms (next.js: 5ms, proxy.ts: 3ms, application-code: 13ms)
 GET /api/auth/organization/list 200 in 22ms (next.js: 10ms, proxy.ts: 3ms, application-code: 9ms)
 GET /dashboard?client=80000000-0000-4000-8000-000000000093 200 in 170ms (next.js: 2ms, proxy.ts: 2ms, application-code: 166ms)
  ✓  25 [chromium] › e2e/dashboard-health-local.spec.ts:15:53 › qualified cockpit health › counts all alerts and refuses unqualified scores in en (2.5s)
 POST /api/auth/organization/set-active 200 in 11ms (next.js: 2ms, proxy.ts: 1.8ms, application-code: 7ms)
 GET /getting-started 200 in 177ms (next.js: 23ms, proxy.ts: 3ms, application-code: 152ms)
 GET /api/auth/get-session 200 in 22ms (next.js: 5ms, proxy.ts: 2ms, application-code: 15ms)
 GET /api/auth/organization/list 200 in 29ms (next.js: 10ms, proxy.ts: 2ms, application-code: 17ms)
 GET /getting-started 200 in 150ms (next.js: 3ms, proxy.ts: 5ms, application-code: 143ms)
 GET /api/auth/get-session 200 in 19ms (next.js: 3ms, proxy.ts: 2ms, application-code: 14ms)
 GET /api/auth/organization/list 200 in 23ms (next.js: 6ms, proxy.ts: 2ms, application-code: 14ms)
 GET /getting-started 200 in 147ms (next.js: 4ms, proxy.ts: 3ms, application-code: 140ms)
 GET /api/auth/get-session 200 in 22ms (next.js: 5ms, proxy.ts: 2ms, application-code: 14ms)
 GET /api/auth/organization/list 200 in 25ms (next.js: 10ms, proxy.ts: 2ms, application-code: 13ms)
 GET /getting-started 200 in 157ms (next.js: 3ms, proxy.ts: 4ms, application-code: 149ms)
 GET /api/auth/get-session 200 in 30ms (next.js: 15ms, proxy.ts: 4ms, application-code: 12ms)
 GET /api/auth/organization/list 200 in 32ms (next.js: 18ms, proxy.ts: 3ms, application-code: 11ms)
 GET /getting-started 200 in 136ms (next.js: 1.9ms, proxy.ts: 2.0ms, application-code: 132ms)
 GET /api/auth/get-session 200 in 21ms (next.js: 5ms, proxy.ts: 3ms, application-code: 13ms)
 GET /api/auth/organization/list 200 in 31ms (next.js: 11ms, proxy.ts: 3ms, application-code: 17ms)
 GET /getting-started 200 in 125ms (next.js: 1.6ms, proxy.ts: 1.8ms, application-code: 122ms)
  ✓  26 [chromium] › e2e/getting-started-local.spec.ts:6:7 › guided setup fr requires selected accounts and qualified milestones (2.1s)
 POST /api/auth/organization/set-active 200 in 10ms (next.js: 1.8ms, proxy.ts: 1.9ms, application-code: 7ms)
 GET /getting-started 200 in 150ms (next.js: 1.8ms, proxy.ts: 1.9ms, application-code: 146ms)
 GET /api/auth/get-session 200 in 23ms (next.js: 5ms, proxy.ts: 3ms, application-code: 15ms)
 GET /api/auth/organization/list 200 in 27ms (next.js: 11ms, proxy.ts: 3ms, application-code: 13ms)
 GET /getting-started 200 in 170ms (next.js: 5ms, proxy.ts: 5ms, application-code: 160ms)
 GET /api/auth/get-session 200 in 22ms (next.js: 10ms, proxy.ts: 3ms, application-code: 9ms)
 GET /api/auth/organization/list 200 in 26ms (next.js: 3ms, proxy.ts: 3ms, application-code: 20ms)
 GET /getting-started 200 in 157ms (next.js: 2ms, proxy.ts: 5ms, application-code: 150ms)
 GET /api/auth/get-session 200 in 29ms (next.js: 10ms, proxy.ts: 4ms, application-code: 15ms)
 GET /api/auth/organization/list 200 in 30ms (next.js: 3ms, proxy.ts: 5ms, application-code: 21ms)
 GET /getting-started 200 in 155ms (next.js: 6ms, proxy.ts: 4ms, application-code: 145ms)
 GET /api/auth/get-session 200 in 20ms (next.js: 6ms, proxy.ts: 2ms, application-code: 12ms)
 GET /api/auth/organization/list 200 in 23ms (next.js: 10ms, proxy.ts: 3ms, application-code: 11ms)
 GET /getting-started 200 in 131ms (next.js: 1.9ms, proxy.ts: 2.0ms, application-code: 127ms)
 GET /api/auth/get-session 200 in 20ms (next.js: 4ms, proxy.ts: 3ms, application-code: 13ms)
 GET /api/auth/organization/list 200 in 22ms (next.js: 8ms, proxy.ts: 3ms, application-code: 12ms)
 GET /getting-started 200 in 130ms (next.js: 1.7ms, proxy.ts: 1.6ms, application-code: 126ms)
  ✓  27 [chromium] › e2e/getting-started-local.spec.ts:6:7 › guided setup en requires selected accounts and qualified milestones (2.2s)
 GET /settings 200 in 198ms (next.js: 1.9ms, proxy.ts: 2ms, application-code: 194ms)
 GET /api/auth/get-session 200 in 21ms (next.js: 6ms, proxy.ts: 3ms, application-code: 12ms)
 GET /api/auth/organization/list 200 in 22ms (next.js: 8ms, proxy.ts: 4ms, application-code: 10ms)
 GET /settings?notice=Pr%C3%A9f%C3%A9rences+personnelles+de+t%C3%A2ches+enregistr%C3%A9es. 200 in 91ms (next.js: 2ms, proxy.ts: 1.8ms, application-code: 87ms)
 POST /settings 200 in 115ms (next.js: 3ms, proxy.ts: 3ms, application-code: 110ms)
  └─ ƒ updateMyTaskNotificationPreferences({}) in 13ms src/app/actions.ts
 GET /settings?notice=Pr%C3%A9f%C3%A9rences%20personnelles%20de%20t%C3%A2ches%20enregistr%C3%A9es. 200 in 219ms (next.js: 1.8ms, proxy.ts: 2ms, application-code: 215ms)
 GET /api/auth/get-session 200 in 76ms (next.js: 20ms, proxy.ts: 43ms, application-code: 13ms)
 GET /api/auth/organization/list 200 in 76ms (next.js: 8ms, proxy.ts: 43ms, application-code: 25ms)
 GET /settings?error=Workspace+access+state+does+not+allow%3A+workspace%3Aread 200 in 52ms (next.js: 1.9ms, proxy.ts: 2ms, application-code: 48ms)
 POST /settings?notice=Pr%C3%A9f%C3%A9rences%20personnelles%20de%20t%C3%A2ches%20enregistr%C3%A9es. 200 in 69ms (next.js: 3ms, proxy.ts: 2ms, application-code: 64ms)
  └─ ƒ updateMyTaskNotificationPreferences({}) in 7ms src/app/actions.ts
 GET /support?notice=Votre+acc%C3%A8s+actuel+est+limit%C3%A9+%C3%A0+la+facturation+et+aux+donn%C3%A9es+stock%C3%A9es. 200 in 67ms (next.js: 3ms, proxy.ts: 2ms, application-code: 62ms)
 GET /support?notice=Votre+acc%C3%A8s+actuel+est+limit%C3%A9+%C3%A0+la+facturation+et+aux+donn%C3%A9es+stock%C3%A9es. 200 in 48ms (next.js: 5ms, proxy.ts: 4ms, application-code: 39ms)
  ✓  28 [chromium] › e2e/member-preferences-local.spec.ts:6:7 › member preferences fr persist personal settings and refuse a stale grace form (1.6s)
 GET /settings 200 in 203ms (next.js: 2ms, proxy.ts: 2ms, application-code: 198ms)
 GET /api/auth/get-session 200 in 22ms (next.js: 6ms, proxy.ts: 3ms, application-code: 12ms)
 GET /api/auth/organization/list 200 in 24ms (next.js: 10ms, proxy.ts: 4ms, application-code: 10ms)
 GET /settings?notice=Pr%C3%A9f%C3%A9rences+personnelles+de+t%C3%A2ches+enregistr%C3%A9es. 200 in 91ms (next.js: 1.9ms, proxy.ts: 2.0ms, application-code: 87ms)
 POST /settings 200 in 115ms (next.js: 3ms, proxy.ts: 3ms, application-code: 109ms)
  └─ ƒ updateMyTaskNotificationPreferences({}) in 12ms src/app/actions.ts
 GET /settings?notice=Pr%C3%A9f%C3%A9rences%20personnelles%20de%20t%C3%A2ches%20enregistr%C3%A9es. 200 in 254ms (next.js: 2ms, proxy.ts: 2ms, application-code: 249ms)
 GET /api/auth/get-session 200 in 29ms (next.js: 5ms, proxy.ts: 11ms, application-code: 13ms)
 GET /api/auth/organization/list 200 in 31ms (next.js: 9ms, proxy.ts: 11ms, application-code: 11ms)
 GET /settings?error=Workspace+access+state+does+not+allow%3A+workspace%3Aread 200 in 53ms (next.js: 3ms, proxy.ts: 3ms, application-code: 48ms)
 POST /settings?notice=Pr%C3%A9f%C3%A9rences%20personnelles%20de%20t%C3%A2ches%20enregistr%C3%A9es. 200 in 76ms (next.js: 2ms, proxy.ts: 3ms, application-code: 70ms)
  └─ ƒ updateMyTaskNotificationPreferences({}) in 10ms src/app/actions.ts
 GET /support?notice=Your+current+access+is+limited+to+billing+and+stored+data. 200 in 69ms (next.js: 2.0ms, proxy.ts: 2ms, application-code: 65ms)
 GET /support?notice=Your+current+access+is+limited+to+billing+and+stored+data. 200 in 51ms (next.js: 4ms, proxy.ts: 6ms, application-code: 42ms)
  ✓  29 [chromium] › e2e/member-preferences-local.spec.ts:6:7 › member preferences en persist personal settings and refuse a stale grace form (1.6s)
 GET /agents 200 in 168ms (next.js: 3ms, proxy.ts: 1.6ms, application-code: 163ms)
 GET /api/auth/get-session 200 in 28ms (next.js: 5ms, proxy.ts: 3ms, application-code: 20ms)
 GET /api/auth/organization/list 200 in 31ms (next.js: 8ms, proxy.ts: 2ms, application-code: 21ms)
 GET /agents?notice=Vigie+activ%C3%A9e.+Elle+sera+ex%C3%A9cut%C3%A9e+chaque+jour. 200 in 78ms (next.js: 3ms, proxy.ts: 2ms, application-code: 73ms)
 POST /agents 200 in 98ms (next.js: 1.8ms, proxy.ts: 2ms, application-code: 94ms)
  └─ ƒ createMonitoringAgent({}) in 9ms src/app/actions.ts
 GET /agents?notice=Vigie+mise+en+pause. 200 in 77ms (next.js: 1.8ms, proxy.ts: 1.9ms, application-code: 74ms)
 POST /agents?notice=Vigie%20activ%C3%A9e.%20Elle%20sera%20ex%C3%A9cut%C3%A9e%20chaque%20jour. 200 in 95ms (next.js: 2ms, proxy.ts: 3ms, application-code: 90ms)
  └─ ƒ toggleMonitoringAgent({}) in 8ms src/app/actions.ts
 GET /agents?notice=Vigie+activ%C3%A9e. 200 in 74ms (next.js: 2ms, proxy.ts: 2ms, application-code: 69ms)
 POST /agents?notice=Vigie%20mise%20en%20pause. 200 in 96ms (next.js: 1.8ms, proxy.ts: 2ms, application-code: 91ms)
  └─ ƒ toggleMonitoringAgent({}) in 13ms src/app/actions.ts
 GET /alerts?notice=Analyse+planifi%C3%A9e.+Les+signalements+seront+actualis%C3%A9s+apr%C3%A8s+son+traitement. 200 in 62ms (next.js: 3ms, proxy.ts: 1.6ms, application-code: 57ms)
 POST /agents?notice=Vigie%20activ%C3%A9e. 200 in 79ms (next.js: 1.9ms, proxy.ts: 2ms, application-code: 75ms)
  └─ ƒ runMonitoringScan({}) in 9ms src/app/actions.ts
 GET /alerts?id=279e56a7-6cab-42c0-8591-648d69ac00a4 200 in 132ms (next.js: 2ms, proxy.ts: 2ms, application-code: 128ms)
 GET /api/auth/get-session 200 in 23ms (next.js: 5ms, proxy.ts: 4ms, application-code: 13ms)
 GET /api/auth/organization/list 200 in 25ms (next.js: 9ms, proxy.ts: 5ms, application-code: 12ms)
 GET /alerts?notice=Workflow+de+l%E2%80%99alerte+mis+%C3%A0+jour.&id=279e56a7-6cab-42c0-8591-648d69ac00a4 200 in 82ms (next.js: 2ms, proxy.ts: 11ms, application-code: 69ms)
 POST /alerts?id=279e56a7-6cab-42c0-8591-648d69ac00a4 200 in 102ms (next.js: 1.9ms, proxy.ts: 2ms, application-code: 98ms)
  └─ ƒ updateAlertWorkflow({}) in 10ms src/app/actions.ts
 GET /alerts?notice=Workflow+de+l%E2%80%99alerte+mis+%C3%A0+jour.&id=279e56a7-6cab-42c0-8591-648d69ac00a4 200 in 65ms (next.js: 1.4ms, proxy.ts: 1.8ms, application-code: 62ms)
 POST /alerts?notice=Workflow%20de%20l%E2%80%99alerte%20mis%20%C3%A0%20jour.&id=279e56a7-6cab-42c0-8591-648d69ac00a4 200 in 83ms (next.js: 2ms, proxy.ts: 2ms, application-code: 79ms)
  └─ ƒ updateAlertWorkflow({}) in 9ms src/app/actions.ts
 GET /alerts?notice=Workflow+de+l%E2%80%99alerte+mis+%C3%A0+jour.&id=279e56a7-6cab-42c0-8591-648d69ac00a4 200 in 73ms (next.js: 1.8ms, proxy.ts: 1.6ms, application-code: 70ms)
 POST /alerts?notice=Workflow%20de%20l%E2%80%99alerte%20mis%20%C3%A0%20jour.&id=279e56a7-6cab-42c0-8591-648d69ac00a4 200 in 91ms (next.js: 1.8ms, proxy.ts: 2ms, application-code: 87ms)
  └─ ƒ updateAlertWorkflow({}) in 9ms src/app/actions.ts
 GET /alerts?error=Permission+required%3A+alerts%3Amanage&id=279e56a7-6cab-42c0-8591-648d69ac00a4 200 in 67ms (next.js: 2.0ms, proxy.ts: 1.6ms, application-code: 63ms)
 POST /alerts?notice=Workflow%20de%20l%E2%80%99alerte%20mis%20%C3%A0%20jour.&id=279e56a7-6cab-42c0-8591-648d69ac00a4 200 in 83ms (next.js: 3ms, proxy.ts: 3ms, application-code: 78ms)
  └─ ƒ updateAlertWorkflow({}) in 7ms src/app/actions.ts
 GET /alerts?error=Permission%20required%3A%20alerts%3Amanage&id=279e56a7-6cab-42c0-8591-648d69ac00a4 200 in 128ms (next.js: 1.9ms, proxy.ts: 1.9ms, application-code: 124ms)
 GET /api/auth/get-session 200 in 22ms (next.js: 12ms, proxy.ts: 3ms, application-code: 7ms)
 GET /api/auth/organization/list 200 in 23ms (next.js: 5ms, proxy.ts: 3ms, application-code: 16ms)
  ✓  30 [chromium] › e2e/monitoring-actors-local.spec.ts:6:7 › monitoring actor fr preserves authorized controls and rejects a revoked form (2.7s)
 GET /agents 200 in 165ms (next.js: 3ms, proxy.ts: 2ms, application-code: 160ms)
 GET /api/auth/get-session 200 in 36ms (next.js: 12ms, proxy.ts: 4ms, application-code: 20ms)
 GET /api/auth/organization/list 200 in 38ms (next.js: 23ms, proxy.ts: 4ms, application-code: 11ms)
 GET /agents?notice=Vigie+activ%C3%A9e.+Elle+sera+ex%C3%A9cut%C3%A9e+chaque+jour. 200 in 90ms (next.js: 2.0ms, proxy.ts: 2ms, application-code: 86ms)
 POST /agents 200 in 115ms (next.js: 2ms, proxy.ts: 2ms, application-code: 111ms)
  └─ ƒ createMonitoringAgent({}) in 13ms src/app/actions.ts
 GET /agents?notice=Vigie+mise+en+pause. 200 in 69ms (next.js: 1.9ms, proxy.ts: 1.6ms, application-code: 66ms)
 POST /agents?notice=Vigie%20activ%C3%A9e.%20Elle%20sera%20ex%C3%A9cut%C3%A9e%20chaque%20jour. 200 in 87ms (next.js: 1.7ms, proxy.ts: 2ms, application-code: 82ms)
  └─ ƒ toggleMonitoringAgent({}) in 9ms src/app/actions.ts
 GET /agents?notice=Vigie+activ%C3%A9e. 200 in 69ms (next.js: 1.8ms, proxy.ts: 1.5ms, application-code: 65ms)
 POST /agents?notice=Vigie%20mise%20en%20pause. 200 in 85ms (next.js: 1.6ms, proxy.ts: 1.9ms, application-code: 82ms)
  └─ ƒ toggleMonitoringAgent({}) in 9ms src/app/actions.ts
 GET /alerts?notice=Analyse+planifi%C3%A9e.+Les+signalements+seront+actualis%C3%A9s+apr%C3%A8s+son+traitement. 200 in 67ms (next.js: 3ms, proxy.ts: 3ms, application-code: 61ms)
 POST /agents?notice=Vigie%20activ%C3%A9e. 200 in 90ms (next.js: 2ms, proxy.ts: 3ms, application-code: 85ms)
  └─ ƒ runMonitoringScan({}) in 14ms src/app/actions.ts
 GET /alerts?id=5c52cd52-4cb6-4b74-a85f-530ed72a052c 200 in 121ms (next.js: 2ms, proxy.ts: 1.9ms, application-code: 117ms)
 GET /api/auth/get-session 200 in 25ms (next.js: 7ms, proxy.ts: 3ms, application-code: 14ms)
 GET /api/auth/organization/list 200 in 26ms (next.js: 12ms, proxy.ts: 4ms, application-code: 11ms)
 GET /alerts?notice=Workflow+de+l%E2%80%99alerte+mis+%C3%A0+jour.&id=5c52cd52-4cb6-4b74-a85f-530ed72a052c 200 in 63ms (next.js: 2ms, proxy.ts: 3ms, application-code: 58ms)
 POST /alerts?id=5c52cd52-4cb6-4b74-a85f-530ed72a052c 200 in 86ms (next.js: 1.8ms, proxy.ts: 2ms, application-code: 82ms)
  └─ ƒ updateAlertWorkflow({}) in 14ms src/app/actions.ts
 GET /alerts?notice=Workflow+de+l%E2%80%99alerte+mis+%C3%A0+jour.&id=5c52cd52-4cb6-4b74-a85f-530ed72a052c 200 in 54ms (next.js: 1.5ms, proxy.ts: 1.5ms, application-code: 51ms)
 POST /alerts?notice=Workflow%20de%20l%E2%80%99alerte%20mis%20%C3%A0%20jour.&id=5c52cd52-4cb6-4b74-a85f-530ed72a052c 200 in 69ms (next.js: 1.6ms, proxy.ts: 1.8ms, application-code: 65ms)
  └─ ƒ updateAlertWorkflow({}) in 7ms src/app/actions.ts
 GET /alerts?notice=Workflow+de+l%E2%80%99alerte+mis+%C3%A0+jour.&id=5c52cd52-4cb6-4b74-a85f-530ed72a052c 200 in 70ms (next.js: 1.8ms, proxy.ts: 1.6ms, application-code: 67ms)
 POST /alerts?notice=Workflow%20de%20l%E2%80%99alerte%20mis%20%C3%A0%20jour.&id=5c52cd52-4cb6-4b74-a85f-530ed72a052c 200 in 88ms (next.js: 1.9ms, proxy.ts: 2ms, application-code: 84ms)
  └─ ƒ updateAlertWorkflow({}) in 10ms src/app/actions.ts
 GET /alerts?error=Permission+required%3A+alerts%3Amanage&id=5c52cd52-4cb6-4b74-a85f-530ed72a052c 200 in 59ms (next.js: 1.8ms, proxy.ts: 1.5ms, application-code: 55ms)
 POST /alerts?notice=Workflow%20de%20l%E2%80%99alerte%20mis%20%C3%A0%20jour.&id=5c52cd52-4cb6-4b74-a85f-530ed72a052c 200 in 75ms (next.js: 2ms, proxy.ts: 2ms, application-code: 70ms)
  └─ ƒ updateAlertWorkflow({}) in 7ms src/app/actions.ts
 GET /alerts?error=Permission%20required%3A%20alerts%3Amanage&id=5c52cd52-4cb6-4b74-a85f-530ed72a052c 200 in 135ms (next.js: 1.8ms, proxy.ts: 1.9ms, application-code: 131ms)
 GET /api/auth/get-session 200 in 31ms (next.js: 6ms, proxy.ts: 4ms, application-code: 21ms)
 GET /api/auth/organization/list 200 in 34ms (next.js: 11ms, proxy.ts: 4ms, application-code: 19ms)
  ✓  31 [chromium] › e2e/monitoring-actors-local.spec.ts:6:7 › monitoring actor en preserves authorized controls and rejects a revoked form (3.1s)
 GET /insights/devices?client=80000000-0000-4000-8000-000000000094 200 in 132ms (next.js: 5ms, proxy.ts: 1.8ms, application-code: 125ms)
 GET /api/auth/get-session 200 in 24ms (next.js: 7ms, proxy.ts: 3ms, application-code: 14ms)
 GET /api/auth/organization/list 200 in 25ms (next.js: 11ms, proxy.ts: 3ms, application-code: 11ms)
 GET /tasks 200 in 56ms (next.js: 3ms, proxy.ts: 4ms, application-code: 49ms)
 GET /discussions/tasks/4e1190b5-6411-4b7e-a8d7-1304b084951a 200 in 525ms (next.js: 413ms, proxy.ts: 1.8ms, application-code: 110ms)
 GET /api/auth/get-session 200 in 21ms (next.js: 5ms, proxy.ts: 3ms, application-code: 12ms)
 GET /api/auth/organization/list 200 in 22ms (next.js: 11ms, proxy.ts: 3ms, application-code: 8ms)
 GET /dashboard 200 in 61ms (next.js: 4ms, proxy.ts: 4ms, application-code: 53ms)
 GET /tasks 200 in 56ms (next.js: 2ms, proxy.ts: 2ms, application-code: 52ms)
 GET /dashboard 200 in 57ms (next.js: 3ms, proxy.ts: 3ms, application-code: 52ms)
 GET /tasks 200 in 54ms (next.js: 2ms, proxy.ts: 3ms, application-code: 48ms)
 GET /dashboard?client=invalid 404 in 117ms (next.js: 3ms, proxy.ts: 3ms, application-code: 111ms)
 GET /dashboard?client= 404 in 99ms (next.js: 1.8ms, proxy.ts: 1.6ms, application-code: 95ms)
 GET /dashboard?client=80000000-0000-4000-8000-000000000095 404 in 109ms (next.js: 1.7ms, proxy.ts: 1.4ms, application-code: 106ms)
 GET /dashboard?client=80000000-0000-4000-8000-000000000094&client=80000000-0000-4000-8000-000000000095 404 in 104ms (next.js: 1.6ms, proxy.ts: 1.7ms, application-code: 101ms)
 GET /analysis?client=invalid 404 in 100ms (next.js: 3ms, proxy.ts: 1.6ms, application-code: 95ms)
 GET /analysis?client= 404 in 105ms (next.js: 1.6ms, proxy.ts: 1.7ms, application-code: 102ms)
 GET /analysis?client=80000000-0000-4000-8000-000000000095 404 in 109ms (next.js: 1.7ms, proxy.ts: 1.8ms, application-code: 105ms)
 GET /analysis?client=80000000-0000-4000-8000-000000000094&client=80000000-0000-4000-8000-000000000095 404 in 115ms (next.js: 2ms, proxy.ts: 1.6ms, application-code: 111ms)
 GET /insights?client=invalid 404 in 100ms (next.js: 2.0ms, proxy.ts: 1.4ms, application-code: 96ms)
 GET /insights?client= 404 in 106ms (next.js: 1.8ms, proxy.ts: 1.6ms, application-code: 103ms)
 GET /insights?client=80000000-0000-4000-8000-000000000095 404 in 112ms (next.js: 1.7ms, proxy.ts: 1.9ms, application-code: 108ms)
 GET /insights?client=80000000-0000-4000-8000-000000000094&client=80000000-0000-4000-8000-000000000095 404 in 102ms (next.js: 1.7ms, proxy.ts: 1.7ms, application-code: 99ms)
 GET /history?client=invalid 404 in 106ms (next.js: 3ms, proxy.ts: 1.6ms, application-code: 102ms)
 GET /history?client= 404 in 99ms (next.js: 2ms, proxy.ts: 1.4ms, application-code: 95ms)
 GET /history?client=80000000-0000-4000-8000-000000000095 404 in 105ms (next.js: 1.9ms, proxy.ts: 1.5ms, application-code: 102ms)
 GET /history?client=80000000-0000-4000-8000-000000000094&client=80000000-0000-4000-8000-000000000095 404 in 100ms (next.js: 1.6ms, proxy.ts: 1.5ms, application-code: 97ms)
 GET /dashboard?client=80000000-0000-4000-8000-000000000094 404 in 115ms (next.js: 1.8ms, proxy.ts: 1.5ms, application-code: 112ms)
  ✓  32 [chromium] › e2e/navigation-state-local.spec.ts:14:53 › live navigation state › follows client navigation, keyboard and invalid accounts in fr (4.1s)
 GET /insights/devices?client=80000000-0000-4000-8000-000000000094 200 in 126ms (next.js: 4ms, proxy.ts: 1.8ms, application-code: 121ms)
 GET /api/auth/get-session 200 in 23ms (next.js: 5ms, proxy.ts: 2ms, application-code: 15ms)
 GET /api/auth/organization/list 200 in 25ms (next.js: 12ms, proxy.ts: 2ms, application-code: 11ms)
 GET /tasks 200 in 56ms (next.js: 4ms, proxy.ts: 5ms, application-code: 47ms)
 GET /discussions/tasks/a635c560-c8a3-4278-b449-d7d28ef262f9 200 in 121ms (next.js: 3ms, proxy.ts: 1.6ms, application-code: 116ms)
 GET /api/auth/get-session 200 in 28ms (next.js: 6ms, proxy.ts: 6ms, application-code: 17ms)
 GET /api/auth/organization/list 200 in 31ms (next.js: 11ms, proxy.ts: 6ms, application-code: 13ms)
 GET /dashboard 200 in 68ms (next.js: 3ms, proxy.ts: 3ms, application-code: 61ms)
 GET /tasks 200 in 46ms (next.js: 2ms, proxy.ts: 2ms, application-code: 41ms)
 GET /dashboard 200 in 66ms (next.js: 2ms, proxy.ts: 1.9ms, application-code: 61ms)
 GET /tasks 200 in 122ms (next.js: 2ms, proxy.ts: 2ms, application-code: 118ms)
 GET /dashboard?client=invalid 404 in 123ms (next.js: 3ms, proxy.ts: 11ms, application-code: 109ms)
 GET /dashboard?client= 404 in 99ms (next.js: 1.8ms, proxy.ts: 1.5ms, application-code: 96ms)
 GET /dashboard?client=80000000-0000-4000-8000-000000000095 404 in 119ms (next.js: 2ms, proxy.ts: 1.4ms, application-code: 115ms)
 GET /dashboard?client=80000000-0000-4000-8000-000000000094&client=80000000-0000-4000-8000-000000000095 404 in 107ms (next.js: 1.7ms, proxy.ts: 1.8ms, application-code: 104ms)
 GET /analysis?client=invalid 404 in 105ms (next.js: 1.8ms, proxy.ts: 1.6ms, application-code: 102ms)
 GET /analysis?client= 404 in 99ms (next.js: 1.7ms, proxy.ts: 1.6ms, application-code: 95ms)
 GET /analysis?client=80000000-0000-4000-8000-000000000095 404 in 108ms (next.js: 1.8ms, proxy.ts: 1.5ms, application-code: 105ms)
 GET /analysis?client=80000000-0000-4000-8000-000000000094&client=80000000-0000-4000-8000-000000000095 404 in 108ms (next.js: 1.8ms, proxy.ts: 1.9ms, application-code: 105ms)
 GET /insights?client=invalid 404 in 98ms (next.js: 1.8ms, proxy.ts: 1.6ms, application-code: 94ms)
 GET /insights?client= 404 in 111ms (next.js: 1.6ms, proxy.ts: 1.4ms, application-code: 108ms)
 GET /insights?client=80000000-0000-4000-8000-000000000095 404 in 104ms (next.js: 1.7ms, proxy.ts: 1.6ms, application-code: 101ms)
 GET /insights?client=80000000-0000-4000-8000-000000000094&client=80000000-0000-4000-8000-000000000095 404 in 110ms (next.js: 1.7ms, proxy.ts: 1.8ms, application-code: 107ms)
 GET /history?client=invalid 404 in 103ms (next.js: 1.6ms, proxy.ts: 1.5ms, application-code: 100ms)
 GET /history?client= 404 in 106ms (next.js: 1.7ms, proxy.ts: 1.7ms, application-code: 103ms)
 GET /history?client=80000000-0000-4000-8000-000000000095 404 in 104ms (next.js: 1.7ms, proxy.ts: 1.7ms, application-code: 101ms)
 GET /history?client=80000000-0000-4000-8000-000000000094&client=80000000-0000-4000-8000-000000000095 404 in 97ms (next.js: 1.7ms, proxy.ts: 1.5ms, application-code: 94ms)
 GET /dashboard?client=80000000-0000-4000-8000-000000000094 404 in 109ms (next.js: 1.7ms, proxy.ts: 1.5ms, application-code: 106ms)
  ✓  33 [chromium] › e2e/navigation-state-local.spec.ts:14:53 › live navigation state › follows client navigation, keyboard and invalid accounts in en (3.4s)
 GET /operations/costs?month=2001-03 200 in 182ms (next.js: 25ms, proxy.ts: 1.7ms, application-code: 156ms)
 GET /api/auth/get-session 200 in 21ms (next.js: 5ms, proxy.ts: 3ms, application-code: 13ms)
 GET /api/auth/organization/list 200 in 22ms (next.js: 9ms, proxy.ts: 2ms, application-code: 10ms)
 GET /operations/costs?month=2001-03&notice=Observation+enregistr%C3%A9e+avec+sa+version+et+son+audit. 200 in 92ms (next.js: 5ms, proxy.ts: 4ms, application-code: 83ms)
 POST /operations/costs?month=2001-03 200 in 120ms (next.js: 3ms, proxy.ts: 3ms, application-code: 114ms)
  └─ ƒ recordOperatingCost({}) in 13ms src/app/(app)/operations/costs/actions.ts
 GET /operations/costs?month=2001-03&error=Cette+r%C3%A9f%C3%A9rence+a+%C3%A9t%C3%A9+modifi%C3%A9e.+Rechargez+sa+version+courante. 200 in 70ms (next.js: 1.8ms, proxy.ts: 1.6ms, application-code: 67ms)
 POST /operations/costs?month=2001-03&notice=Observation+enregistr%C3%A9e+avec+sa+version+et+son+audit. 200 in 87ms (next.js: 2ms, proxy.ts: 2ms, application-code: 83ms)
  └─ ƒ recordOperatingCost({}) in 7ms src/app/(app)/operations/costs/actions.ts
 GET /operations/costs?month=2001-03&notice=Observation+enregistr%C3%A9e+avec+sa+version+et+son+audit. 200 in 75ms (next.js: 1.8ms, proxy.ts: 1.7ms, application-code: 71ms)
 POST /operations/costs?month=2001-03&error=Cette+r%C3%A9f%C3%A9rence+a+%C3%A9t%C3%A9+modifi%C3%A9e.+Rechargez+sa+version+courante. 200 in 94ms (next.js: 1.8ms, proxy.ts: 2ms, application-code: 90ms)
  └─ ƒ recordOperatingCost({}) in 9ms src/app/(app)/operations/costs/actions.ts
 GET /operations/costs?month=2001-03&notice=Observation+enregistr%C3%A9e+avec+sa+version+et+son+audit. 200 in 507ms (next.js: 2.0ms, proxy.ts: 1.8ms, application-code: 504ms)
 GET /api/auth/get-session 200 in 19ms (next.js: 4ms, proxy.ts: 2ms, application-code: 12ms)
 GET /api/auth/organization/list 200 in 20ms (next.js: 10ms, proxy.ts: 2ms, application-code: 8ms)
 GET /operations/costs?month=2001-03&after=browser-cost-4a4a9a01-40aa-4a9a-80ad-90c9fade4007-24 200 in 63ms (next.js: 1.5ms, proxy.ts: 6ms, application-code: 56ms)
 GET /operations/costs?month=2001-03 200 in 110ms (next.js: 2ms, proxy.ts: 2ms, application-code: 106ms)
 GET /operations/costs?month=2001-03&notice=Observation+enregistr%C3%A9e+avec+sa+version+et+son+audit. 200 in 175ms (next.js: 1.6ms, proxy.ts: 1.7ms, application-code: 172ms)
 POST /operations/costs?month=2001-03 200 in 197ms (next.js: 2ms, proxy.ts: 2ms, application-code: 192ms)
  └─ ƒ recordOperatingCost({}) in 9ms src/app/(app)/operations/costs/actions.ts
 GET /operations/costs?month=2001-03 404 in 93ms (next.js: 1.8ms, proxy.ts: 1.7ms, application-code: 90ms)
 GET /operations 404 in 134ms (next.js: 4ms, proxy.ts: 2ms, application-code: 127ms)
 GET /api/auth/get-session 200 in 22ms (next.js: 5ms, proxy.ts: 3ms, application-code: 14ms)
 GET /api/auth/organization/list 200 in 35ms (next.js: 8ms, proxy.ts: 3ms, application-code: 24ms)
 GET /operations/costs?month=2001-03 404 in 112ms (next.js: 3ms, proxy.ts: 9ms, application-code: 100ms)
 GET /api/auth/organization/list 200 in 18ms (next.js: 4ms, proxy.ts: 4ms, application-code: 11ms)
 GET /api/auth/get-session 200 in 20ms (next.js: 13ms, proxy.ts: 3ms, application-code: 4ms)
  ✓  34 [chromium] › e2e/operating-costs-local.spec.ts:5:55 › operating costs preserve evidence, corrections, pagination and operator access (4.0s)
 GET /settings 200 in 214ms (next.js: 5ms, proxy.ts: 1.6ms, application-code: 208ms)
 GET /api/auth/get-session 200 in 25ms (next.js: 5ms, proxy.ts: 5ms, application-code: 16ms)
 GET /api/auth/organization/list 200 in 27ms (next.js: 9ms, proxy.ts: 4ms, application-code: 14ms)
 GET /settings?error=La+confirmation+ne+correspond+pas+%C3%A0+l%E2%80%99identifiant+de+l%E2%80%99espace. 200 in 104ms (next.js: 1.8ms, proxy.ts: 2ms, application-code: 100ms)
 POST /settings 200 in 124ms (next.js: 2ms, proxy.ts: 2ms, application-code: 119ms)
  └─ ƒ transferWorkspaceOwnership({}) in 8ms src/app/actions.ts
 GET /settings?notice=Propri%C3%A9t%C3%A9+de+l%E2%80%99espace+transf%C3%A9r%C3%A9e. 200 in 123ms (next.js: 2ms, proxy.ts: 2ms, application-code: 119ms)
 POST /settings?error=La%20confirmation%20ne%20correspond%20pas%20%C3%A0%20l%E2%80%99identifiant%20de%20l%E2%80%99espace. 200 in 184ms (next.js: 2ms, proxy.ts: 2ms, application-code: 179ms)
  └─ ƒ transferWorkspaceOwnership({}) in 11ms src/app/actions.ts
 GET /settings?error=Seul+le+propri%C3%A9taire+peut+transf%C3%A9rer+la+propri%C3%A9t%C3%A9. 200 in 96ms (next.js: 2ms, proxy.ts: 2ms, application-code: 91ms)
 POST /settings?error=La%20confirmation%20ne%20correspond%20pas%20%C3%A0%20l%E2%80%99identifiant%20de%20l%E2%80%99espace. 200 in 119ms (next.js: 2ms, proxy.ts: 3ms, application-code: 113ms)
  └─ ƒ transferWorkspaceOwnership({}) in 9ms src/app/actions.ts
 GET /settings 200 in 224ms (next.js: 1.9ms, proxy.ts: 1.6ms, application-code: 220ms)
 GET /api/auth/get-session 200 in 22ms (next.js: 6ms, proxy.ts: 3ms, application-code: 13ms)
 GET /api/auth/organization/list 200 in 25ms (next.js: 10ms, proxy.ts: 3ms, application-code: 12ms)
  ✓  35 [chromium] › e2e/ownership-local.spec.ts:5:61 › ownership transfer fr rechecks old owner authority and preserves other agencies (1.8s)
 GET /settings 200 in 202ms (next.js: 1.8ms, proxy.ts: 1.8ms, application-code: 199ms)
 GET /api/auth/get-session 200 in 20ms (next.js: 3ms, proxy.ts: 3ms, application-code: 14ms)
 GET /api/auth/organization/list 200 in 22ms (next.js: 7ms, proxy.ts: 2ms, application-code: 12ms)
 GET /settings?error=La+confirmation+ne+correspond+pas+%C3%A0+l%E2%80%99identifiant+de+l%E2%80%99espace. 200 in 103ms (next.js: 2.0ms, proxy.ts: 2ms, application-code: 99ms)
 POST /settings 200 in 118ms (next.js: 2ms, proxy.ts: 2ms, application-code: 114ms)
  └─ ƒ transferWorkspaceOwnership({}) in 5ms src/app/actions.ts
 GET /settings?notice=Workspace+ownership+transferred. 200 in 81ms (next.js: 1.7ms, proxy.ts: 1.5ms, application-code: 78ms)
 POST /settings?error=La%20confirmation%20ne%20correspond%20pas%20%C3%A0%20l%E2%80%99identifiant%20de%20l%E2%80%99espace. 200 in 100ms (next.js: 2ms, proxy.ts: 2ms, application-code: 96ms)
  └─ ƒ transferWorkspaceOwnership({}) in 10ms src/app/actions.ts
 GET /settings?error=Seul+le+propri%C3%A9taire+peut+transf%C3%A9rer+la+propri%C3%A9t%C3%A9. 200 in 85ms (next.js: 1.9ms, proxy.ts: 1.6ms, application-code: 81ms)
 POST /settings?error=La%20confirmation%20ne%20correspond%20pas%20%C3%A0%20l%E2%80%99identifiant%20de%20l%E2%80%99espace. 200 in 100ms (next.js: 2ms, proxy.ts: 2ms, application-code: 95ms)
  └─ ƒ transferWorkspaceOwnership({}) in 6ms src/app/actions.ts
 GET /settings 200 in 204ms (next.js: 1.9ms, proxy.ts: 1.8ms, application-code: 201ms)
 GET /api/auth/get-session 200 in 21ms (next.js: 4ms, proxy.ts: 3ms, application-code: 14ms)
 GET /api/auth/organization/list 200 in 24ms (next.js: 8ms, proxy.ts: 3ms, application-code: 12ms)
  ✓  36 [chromium] › e2e/ownership-local.spec.ts:5:61 › ownership transfer en rechecks old owner authority and preserves other agencies (1.7s)
 GET /account 200 in 42ms (next.js: 2ms, proxy.ts: 1.9ms, application-code: 37ms)
 GET /api/auth/get-session 200 in 21ms (next.js: 4ms, proxy.ts: 4ms, application-code: 13ms)
 GET /api/auth/organization/list 200 in 22ms (next.js: 7ms, proxy.ts: 4ms, application-code: 11ms)
 GET /api/auth/passkey/list-user-passkeys 200 in 25ms (next.js: 10ms, proxy.ts: 4ms, application-code: 11ms)
 GET /account/notifications 200 in 175ms (next.js: 141ms, proxy.ts: 1.9ms, application-code: 32ms)
 GET /account/notifications?notice=Pr%C3%A9f%C3%A9rences+personnelles+de+t%C3%A2ches+enregistr%C3%A9es. 200 in 35ms (next.js: 1.9ms, proxy.ts: 1.6ms, application-code: 31ms)
 POST /account/notifications 200 in 56ms (next.js: 2ms, proxy.ts: 2ms, application-code: 52ms)
  └─ ƒ updateMyTaskNotificationPreferences({}) in 12ms src/app/actions.ts
 GET /account/notifications?notice=Pr%C3%A9f%C3%A9rences%20personnelles%20de%20t%C3%A2ches%20enregistr%C3%A9es. 200 in 67ms (next.js: 1.7ms, proxy.ts: 1.7ms, application-code: 64ms)
 GET /api/auth/get-session 200 in 22ms (next.js: 5ms, proxy.ts: 3ms, application-code: 14ms)
 GET /api/auth/organization/list 200 in 24ms (next.js: 10ms, proxy.ts: 3ms, application-code: 11ms)
 GET /account/notifications?error=L%E2%80%99espace+actif+a+chang%C3%A9.+Rechargez+la+page+avant+d%E2%80%99enregistrer. 200 in 44ms (next.js: 2.0ms, proxy.ts: 1.8ms, application-code: 40ms)
 POST /account/notifications?notice=Pr%C3%A9f%C3%A9rences%20personnelles%20de%20t%C3%A2ches%20enregistr%C3%A9es. 200 in 60ms (next.js: 2ms, proxy.ts: 2ms, application-code: 55ms)
  └─ ƒ updateMyTaskNotificationPreferences({}) in 6ms src/app/actions.ts
 GET /account/notifications 200 in 56ms (next.js: 3ms, proxy.ts: 2ms, application-code: 51ms)
 GET /api/auth/get-session 200 in 67ms (next.js: 34ms, proxy.ts: 5ms, application-code: 28ms)
 GET /api/auth/organization/list 200 in 79ms (next.js: 48ms, proxy.ts: 4ms, application-code: 27ms)
 GET /account/notifications 307 in 83ms (next.js: 4ms, proxy.ts: 4ms, application-code: 75ms)
 GET /support?notice=Votre%20acc%C3%A8s%20actuel%20est%20limit%C3%A9%20%C3%A0%20la%20facturation%20et%20aux%20donn%C3%A9es%20stock%C3%A9es. 200 in 125ms (next.js: 3ms, proxy.ts: 3ms, application-code: 119ms)
 GET /api/auth/get-session 200 in 52ms (next.js: 14ms, proxy.ts: 30ms, application-code: 8ms)
 GET /api/auth/organization/list 200 in 36ms (next.js: 15ms, proxy.ts: 18ms, application-code: 3ms)
 GET /account 200 in 75ms (next.js: 2ms, proxy.ts: 1.8ms, application-code: 71ms)
 GET /api/auth/get-session 200 in 25ms (next.js: 7ms, proxy.ts: 3ms, application-code: 15ms)
 GET /api/auth/organization/list 200 in 24ms (next.js: 15ms, proxy.ts: 3ms, application-code: 6ms)
  ✓  37 [chromium] › e2e/personal-notifications-local.spec.ts:6:7 › personal notifications fr accessible to analyst, tenant bound, and explicit for client (2.0s)
 GET /account 200 in 37ms (next.js: 1.8ms, proxy.ts: 1.9ms, application-code: 34ms)
 GET /api/auth/get-session 200 in 38ms (next.js: 5ms, proxy.ts: 4ms, application-code: 28ms)
 GET /api/auth/organization/list 200 in 44ms (next.js: 11ms, proxy.ts: 4ms, application-code: 29ms)
 GET /api/auth/passkey/list-user-passkeys 200 in 45ms (next.js: 14ms, proxy.ts: 4ms, application-code: 27ms)
 GET /account/notifications 200 in 53ms (next.js: 3ms, proxy.ts: 7ms, application-code: 42ms)
 GET /account/notifications?notice=Pr%C3%A9f%C3%A9rences+personnelles+de+t%C3%A2ches+enregistr%C3%A9es. 200 in 37ms (next.js: 1.8ms, proxy.ts: 1.5ms, application-code: 34ms)
 POST /account/notifications 200 in 57ms (next.js: 3ms, proxy.ts: 3ms, application-code: 52ms)
  └─ ƒ updateMyTaskNotificationPreferences({}) in 9ms src/app/actions.ts
 GET /account/notifications?notice=Pr%C3%A9f%C3%A9rences%20personnelles%20de%20t%C3%A2ches%20enregistr%C3%A9es. 200 in 55ms (next.js: 3ms, proxy.ts: 2ms, application-code: 50ms)
 GET /api/auth/get-session 200 in 23ms (next.js: 6ms, proxy.ts: 4ms, application-code: 13ms)
 GET /api/auth/organization/list 200 in 24ms (next.js: 10ms, proxy.ts: 4ms, application-code: 10ms)
 GET /account/notifications?error=L%E2%80%99espace+actif+a+chang%C3%A9.+Rechargez+la+page+avant+d%E2%80%99enregistrer. 200 in 43ms (next.js: 1.7ms, proxy.ts: 1.6ms, application-code: 40ms)
 POST /account/notifications?notice=Pr%C3%A9f%C3%A9rences%20personnelles%20de%20t%C3%A2ches%20enregistr%C3%A9es. 200 in 65ms (next.js: 2ms, proxy.ts: 2ms, application-code: 60ms)
  └─ ƒ updateMyTaskNotificationPreferences({}) in 12ms src/app/actions.ts
 GET /account/notifications 200 in 52ms (next.js: 1.7ms, proxy.ts: 1.7ms, application-code: 49ms)
 GET /api/auth/get-session 200 in 78ms (next.js: 37ms, proxy.ts: 4ms, application-code: 37ms)
 GET /api/auth/organization/list 200 in 83ms (next.js: 41ms, proxy.ts: 4ms, application-code: 38ms)
 GET /account/notifications 307 in 87ms (next.js: 4ms, proxy.ts: 4ms, application-code: 79ms)
 GET /support?notice=Your%20current%20access%20is%20limited%20to%20billing%20and%20stored%20data. 200 in 118ms (next.js: 2ms, proxy.ts: 1.8ms, application-code: 114ms)
 GET /api/auth/get-session 200 in 69ms (next.js: 23ms, proxy.ts: 34ms, application-code: 11ms)
 GET /account 200 in 88ms (next.js: 4ms, proxy.ts: 4ms, application-code: 79ms)
  ✓  38 [chromium] › e2e/personal-notifications-local.spec.ts:6:7 › personal notifications en accessible to analyst, tenant bound, and explicit for client (1.8s)
 GET /portfolio?q=PORTFOLIO_ 200 in 359ms (next.js: 26ms, proxy.ts: 3ms, application-code: 331ms)
 GET /api/auth/get-session 200 in 36ms (next.js: 7ms, proxy.ts: 3ms, application-code: 26ms)
 GET /api/auth/organization/list 200 in 39ms (next.js: 12ms, proxy.ts: 3ms, application-code: 24ms)
 GET /portfolio?q=PORTFOLIO_&cursor=eyJ2IjoxLCJpdiI6IjdsX1lwYWd4V241bnpRdzIiLCJ0YWciOiJiWlVWS3dtM0dUaGh0WlFqUmRRSi1RIiwiZGF0YSI6IlBnSkxiS1RManUySmtjeHMxX2hQc2JMeVhQUjBJeGpUSmRtODA2M0cyNF9GdjBFeGY2c2dYS21sVlJTQVdXbjJfMXV0Snc0dWpQYlJvU3hRWHRRVFBzbm9EM0l2OFEtT2FabFdOaHhsSFU3VVBEVm40TXBsWGpMRjdIeXZ5NEhmZUdBb0ZWSWo5cWRoOWZQQ2RiQ1dnaU1JUlZudk9teDBFRU5oY0FjSmJJM0stV0pkblFWOVlNT3pUWXB3R2F0X1pmWWN5aWxiX3E5c1B5aUY0QnR3SHAwZ05nb1VrVWVfTExDQ0Zrdjl0d3BWNFBhaTY2N1Z4eFljeG5tMkUzaU5QNHFVRV9XOTZpZGUwWDJYby1mZnBlbEtKdnQ0Tll2blV0c1Z6NWdUcVFnRnBXSmpsOExfQVEifQ 200 in 203ms (next.js: 3ms, proxy.ts: 13ms, application-code: 186ms)
 GET /portfolio?q=PORTFOLIO_&attention=missing_data&currency=&assignee= 200 in 184ms (next.js: 1.8ms, proxy.ts: 1.9ms, application-code: 180ms)
 GET /api/auth/get-session 200 in 26ms (next.js: 8ms, proxy.ts: 7ms, application-code: 10ms)
 GET /api/auth/organization/list 200 in 27ms (next.js: 12ms, proxy.ts: 6ms, application-code: 10ms)
 GET /portfolio?q=PORTFOLIO_&attention=missing_data&view_notice=saved 200 in 93ms (next.js: 3ms, proxy.ts: 1.5ms, application-code: 89ms)
 POST /portfolio?q=PORTFOLIO_&attention=missing_data&currency=&assignee= 200 in 114ms (next.js: 2ms, proxy.ts: 2ms, application-code: 110ms)
  └─ ƒ storePortfolioView({}) in 12ms src/app/portfolio-actions.ts
 GET /portfolio?q=PORTFOLIO_&attention=missing_data&view_notice=saved 200 in 94ms (next.js: 1.7ms, proxy.ts: 1.7ms, application-code: 90ms)
 POST /portfolio?q=PORTFOLIO_&attention=missing_data&view_notice=saved 200 in 112ms (next.js: 2ms, proxy.ts: 2ms, application-code: 108ms)
  └─ ƒ storePortfolioView({}) in 8ms src/app/portfolio-actions.ts
 GET /portfolio?q=PORTFOLIO_ 200 in 337ms (next.js: 2ms, proxy.ts: 3ms, application-code: 332ms)
 GET /api/auth/get-session 200 in 19ms (next.js: 5ms, proxy.ts: 3ms, application-code: 12ms)
 GET /api/auth/organization/list 200 in 21ms (next.js: 9ms, proxy.ts: 2ms, application-code: 9ms)
 GET /portfolio?view_notice=conflict 200 in 120ms (next.js: 2ms, proxy.ts: 2ms, application-code: 115ms)
 POST /portfolio?q=PORTFOLIO_ 200 in 141ms (next.js: 2ms, proxy.ts: 2ms, application-code: 136ms)
  └─ ƒ removePortfolioView({}) in 10ms src/app/portfolio-actions.ts
 GET /portfolio?q=PORTFOLIO_ 200 in 329ms (next.js: 1.8ms, proxy.ts: 1.6ms, application-code: 326ms)
 GET /api/auth/get-session 200 in 19ms (next.js: 5ms, proxy.ts: 4ms, application-code: 11ms)
 GET /api/auth/organization/list 200 in 21ms (next.js: 9ms, proxy.ts: 3ms, application-code: 9ms)
 GET /portfolio?view_notice=deleted 200 in 118ms (next.js: 1.8ms, proxy.ts: 2ms, application-code: 114ms)
 POST /portfolio?q=PORTFOLIO_ 200 in 140ms (next.js: 2ms, proxy.ts: 3ms, application-code: 135ms)
  └─ ƒ removePortfolioView({}) in 12ms src/app/portfolio-actions.ts
 GET /tasks?status=open&assignee=unassigned 200 in 56ms (next.js: 4ms, proxy.ts: 2.0ms, application-code: 50ms)
 GET /portfolio?assignee=local-browser-fixture-owner 200 in 182ms (next.js: 1.7ms, proxy.ts: 1.9ms, application-code: 178ms)
 GET /api/auth/get-session 200 in 103ms (next.js: 17ms, proxy.ts: 23ms, application-code: 64ms)
 GET /api/auth/organization/list 200 in 128ms (next.js: 25ms, proxy.ts: 22ms, application-code: 80ms)
 GET /portfolio?assignee=local-browser-fixture-owner 200 in 179ms (next.js: 3ms, proxy.ts: 1.7ms, application-code: 175ms)
 GET /api/auth/get-session 200 in 83ms (next.js: 43ms, proxy.ts: 11ms, application-code: 29ms)
 GET /api/auth/organization/list 200 in 87ms (next.js: 46ms, proxy.ts: 11ms, application-code: 30ms)
 GET /portfolio?q=PORTFOLIO_ 200 in 342ms (next.js: 3ms, proxy.ts: 4ms, application-code: 334ms)
 GET /api/auth/get-session 200 in 24ms (next.js: 6ms, proxy.ts: 3ms, application-code: 16ms)
 GET /api/auth/organization/list 200 in 27ms (next.js: 10ms, proxy.ts: 3ms, application-code: 14ms)
 GET /portfolio?q=PORTFOLIO_ 200 in 329ms (next.js: 2.0ms, proxy.ts: 2ms, application-code: 325ms)
 GET /api/auth/get-session 200 in 22ms (next.js: 6ms, proxy.ts: 5ms, application-code: 11ms)
 GET /api/auth/organization/list 200 in 24ms (next.js: 9ms, proxy.ts: 6ms, application-code: 10ms)
 GET /portfolio?q=PORTFOLIO_ 307 in 92ms (next.js: 1.9ms, proxy.ts: 1.9ms, application-code: 88ms)
 GET /support?error=Vous%20n%E2%80%99avez%20plus%20acc%C3%A8s%20%C3%A0%20cette%20page.%20Choisissez%20une%20rubrique%20disponible%20ou%20contactez%20un%20administrateur. 200 in 92ms (next.js: 2.0ms, proxy.ts: 3ms, application-code: 88ms)
 GET /portfolio?q=PORTFOLIO_ 307 in 52ms (next.js: 2.0ms, proxy.ts: 1.6ms, application-code: 49ms)
 GET /sign-in 200 in 44ms (next.js: 6ms, proxy.ts: 2ms, application-code: 36ms)
{"locale":"fr","developmentStyleViolations":232,"applicationErrors":0}
  ✓  39 [chromium] › e2e/portfolio-local.spec.ts:13:53 › agency portfolio › reviews 50 accounts, personal views and team workload in fr (7.1s)
 GET /portfolio?q=PORTFOLIO_ 200 in 329ms (next.js: 1.9ms, proxy.ts: 3ms, application-code: 324ms)
 GET /api/auth/get-session 200 in 20ms (next.js: 6ms, proxy.ts: 3ms, application-code: 11ms)
 GET /api/auth/organization/list 200 in 23ms (next.js: 10ms, proxy.ts: 3ms, application-code: 10ms)
 GET /portfolio?q=PORTFOLIO_&cursor=eyJ2IjoxLCJpdiI6IjVTaG5kMGdSWjFjYUZhVk4iLCJ0YWciOiJiTWVsMVh0ZWRzRkFwRlMxY2FfU09BIiwiZGF0YSI6Il93ak5JYi1VOENsaE05VGRfNGNyN1VtdEZwUHdfMzhldi1ZM2ZNbktWYlpZWm9FVFpHU2dOSWE3WU9vS0ZiakdXeFFDNzh1MGxCdC1oVzRVd1dzYWlGUlZfVmtjTVQzYkRSdVp5YXR6RmVOVmh3aVJZWnpid2U3SHphU1g2SEtyRGQtRmRReFdRMVdqRjNMdTBEc1piSndzQ1g3dXJZeC1rNVpwcDJUY1hfQlV6WkdrbHZackFSUmQ1VG1tQWxPeEE4NDNHVnk5ckszY2tHcFN2WkJHeTFiaHdQZi0yc1RBNmVaMWNtQ2JVUGRQdHNZYmZubWltX2x2bW41MFhRV0cyVGpxMjR1cjBVTTJfWUkxb2pGeFM3T0xCOHlJaGFEY2xwdkJEWWY3RXo4QkMzd1BhcWlsVlEifQ 200 in 109ms (next.js: 3ms, proxy.ts: 3ms, application-code: 104ms)
 GET /portfolio?q=PORTFOLIO_&attention=missing_data&currency=&assignee= 200 in 167ms (next.js: 1.7ms, proxy.ts: 1.8ms, application-code: 164ms)
 GET /api/auth/get-session 200 in 29ms (next.js: 7ms, proxy.ts: 3ms, application-code: 19ms)
 GET /api/auth/organization/list 200 in 31ms (next.js: 13ms, proxy.ts: 3ms, application-code: 15ms)
 GET /portfolio?q=PORTFOLIO_&attention=missing_data&view_notice=saved 200 in 83ms (next.js: 3ms, proxy.ts: 1.8ms, application-code: 79ms)
 POST /portfolio?q=PORTFOLIO_&attention=missing_data&currency=&assignee= 200 in 107ms (next.js: 2ms, proxy.ts: 3ms, application-code: 101ms)
  └─ ƒ storePortfolioView({}) in 9ms src/app/portfolio-actions.ts
 GET /portfolio?q=PORTFOLIO_&attention=missing_data&view_notice=saved 200 in 79ms (next.js: 2.0ms, proxy.ts: 1.6ms, application-code: 76ms)
 POST /portfolio?q=PORTFOLIO_&attention=missing_data&view_notice=saved 200 in 98ms (next.js: 2ms, proxy.ts: 3ms, application-code: 93ms)
  └─ ƒ storePortfolioView({}) in 9ms src/app/portfolio-actions.ts
 GET /portfolio?q=PORTFOLIO_ 200 in 309ms (next.js: 1.7ms, proxy.ts: 1.6ms, application-code: 306ms)
 GET /api/auth/get-session 200 in 19ms (next.js: 5ms, proxy.ts: 3ms, application-code: 11ms)
 GET /api/auth/organization/list 200 in 20ms (next.js: 9ms, proxy.ts: 2ms, application-code: 9ms)
 GET /portfolio?view_notice=conflict 200 in 128ms (next.js: 2ms, proxy.ts: 1.6ms, application-code: 124ms)
 POST /portfolio?q=PORTFOLIO_ 200 in 148ms (next.js: 2ms, proxy.ts: 2ms, application-code: 143ms)
  └─ ƒ removePortfolioView({}) in 10ms src/app/portfolio-actions.ts
 GET /portfolio?q=PORTFOLIO_ 200 in 311ms (next.js: 1.9ms, proxy.ts: 3ms, application-code: 307ms)
 GET /api/auth/get-session 200 in 21ms (next.js: 5ms, proxy.ts: 4ms, application-code: 12ms)
 GET /api/auth/organization/list 200 in 22ms (next.js: 9ms, proxy.ts: 3ms, application-code: 10ms)
 GET /portfolio?view_notice=deleted 200 in 123ms (next.js: 4ms, proxy.ts: 2ms, application-code: 116ms)
 POST /portfolio?q=PORTFOLIO_ 200 in 143ms (next.js: 2ms, proxy.ts: 3ms, application-code: 138ms)
  └─ ƒ removePortfolioView({}) in 9ms src/app/portfolio-actions.ts
 GET /tasks?status=open&assignee=unassigned 200 in 55ms (next.js: 3ms, proxy.ts: 2ms, application-code: 49ms)
 GET /portfolio?assignee=local-browser-fixture-owner 200 in 168ms (next.js: 1.7ms, proxy.ts: 1.9ms, application-code: 164ms)
 GET /api/auth/get-session 200 in 106ms (next.js: 17ms, proxy.ts: 24ms, application-code: 65ms)
 GET /api/auth/organization/list 200 in 130ms (next.js: 26ms, proxy.ts: 22ms, application-code: 81ms)
 GET /portfolio?assignee=local-browser-fixture-owner 200 in 186ms (next.js: 2ms, proxy.ts: 1.8ms, application-code: 183ms)
 GET /api/auth/get-session 200 in 80ms (next.js: 43ms, proxy.ts: 10ms, application-code: 27ms)
 GET /api/auth/organization/list 200 in 83ms (next.js: 45ms, proxy.ts: 10ms, application-code: 28ms)
 GET /portfolio?q=PORTFOLIO_ 200 in 339ms (next.js: 5ms, proxy.ts: 1.9ms, application-code: 333ms)
 GET /api/auth/get-session 200 in 17ms (next.js: 5ms, proxy.ts: 3ms, application-code: 9ms)
 GET /api/auth/organization/list 200 in 21ms (next.js: 9ms, proxy.ts: 3ms, application-code: 10ms)
 GET /portfolio?q=PORTFOLIO_ 200 in 299ms (next.js: 1.9ms, proxy.ts: 3ms, application-code: 294ms)
 GET /api/auth/get-session 200 in 20ms (next.js: 5ms, proxy.ts: 2ms, application-code: 13ms)
 GET /api/auth/organization/list 200 in 22ms (next.js: 12ms, proxy.ts: 2ms, application-code: 8ms)
 GET /portfolio?q=PORTFOLIO_ 307 in 83ms (next.js: 2ms, proxy.ts: 2ms, application-code: 78ms)
 GET /support?error=You%20no%20longer%20have%20access%20to%20this%20page.%20Choose%20an%20available%20section%20or%20contact%20an%20administrator. 200 in 88ms (next.js: 2ms, proxy.ts: 2ms, application-code: 84ms)
 GET /portfolio?q=PORTFOLIO_ 307 in 87ms (next.js: 2ms, proxy.ts: 14ms, application-code: 70ms)
 GET /sign-in 200 in 59ms (next.js: 6ms, proxy.ts: 4ms, application-code: 50ms)
{"locale":"en","developmentStyleViolations":231,"applicationErrors":0}
  ✓  40 [chromium] › e2e/portfolio-local.spec.ts:13:53 › agency portfolio › reviews 50 accounts, personal views and team workload in en (6.7s)
 GET /billing 200 in 157ms (next.js: 3ms, proxy.ts: 2.0ms, application-code: 151ms)
 GET /api/auth/get-session 200 in 96ms (next.js: 42ms, proxy.ts: 11ms, application-code: 43ms)
 GET /api/auth/organization/list 200 in 101ms (next.js: 45ms, proxy.ts: 11ms, application-code: 45ms)
 GET /accounts 200 in 154ms (next.js: 4ms, proxy.ts: 2ms, application-code: 149ms)
 GET /api/auth/get-session 200 in 16ms (next.js: 4ms, proxy.ts: 2ms, application-code: 10ms)
 GET /api/auth/organization/list 200 in 18ms (next.js: 6ms, proxy.ts: 2ms, application-code: 9ms)
 POST /accounts 200 in 56ms (next.js: 2ms, proxy.ts: 1.9ms, application-code: 51ms)
  └─ ƒ setCookieConsent({}) in 2ms src/app/preferences-actions.ts
 GET /accounts?selection=saved 200 in 70ms (next.js: 1.9ms, proxy.ts: 1.6ms, application-code: 67ms)
 POST /accounts 200 in 93ms (next.js: 2ms, proxy.ts: 2ms, application-code: 89ms)
  └─ ƒ updateManagedAccounts({}) in 13ms src/app/account-selection-actions.ts
 GET /accounts?selection=saved 200 in 49ms (next.js: 1.6ms, proxy.ts: 1.7ms, application-code: 46ms)
 POST /accounts?selection=saved 200 in 69ms (next.js: 2ms, proxy.ts: 2ms, application-code: 65ms)
  └─ ƒ updateManagedAccounts({}) in 11ms src/app/account-selection-actions.ts
 GET /accounts?selection=conflict 200 in 57ms (next.js: 1.8ms, proxy.ts: 1.7ms, application-code: 53ms)
 POST /accounts?selection=saved 200 in 78ms (next.js: 4ms, proxy.ts: 3ms, application-code: 71ms)
  └─ ƒ updateManagedAccounts({}) in 10ms src/app/account-selection-actions.ts
 GET /accounts?selection=saved 200 in 51ms (next.js: 2ms, proxy.ts: 1.6ms, application-code: 47ms)
 POST /accounts?selection=conflict 200 in 77ms (next.js: 2ms, proxy.ts: 2ms, application-code: 73ms)
  └─ ƒ updateManagedAccounts({}) in 17ms src/app/account-selection-actions.ts
 GET /accounts 200 in 105ms (next.js: 6ms, proxy.ts: 1.9ms, application-code: 98ms)
  ✓  41 [chromium] › e2e/prod-ready-local.spec.ts:26:44 › local production readiness regression journeys › managed account selection preserves priorities and enforces quota in fr (2.5s)
 GET /billing 200 in 148ms (next.js: 1.8ms, proxy.ts: 2ms, application-code: 145ms)
 GET /api/auth/get-session 200 in 102ms (next.js: 23ms, proxy.ts: 24ms, application-code: 54ms)
 GET /api/auth/organization/list 200 in 95ms (next.js: 47ms, proxy.ts: 11ms, application-code: 36ms)
 GET /accounts 200 in 153ms (next.js: 2ms, proxy.ts: 2ms, application-code: 149ms)
 GET /api/auth/get-session 200 in 17ms (next.js: 5ms, proxy.ts: 3ms, application-code: 10ms)
 GET /api/auth/organization/list 200 in 19ms (next.js: 7ms, proxy.ts: 3ms, application-code: 9ms)
 POST /accounts 200 in 62ms (next.js: 1.8ms, proxy.ts: 2ms, application-code: 58ms)
  └─ ƒ setCookieConsent({}) in 2ms src/app/preferences-actions.ts
 GET /accounts?selection=saved 200 in 69ms (next.js: 1.7ms, proxy.ts: 1.7ms, application-code: 65ms)
 POST /accounts 200 in 91ms (next.js: 2ms, proxy.ts: 2ms, application-code: 86ms)
  └─ ƒ updateManagedAccounts({}) in 11ms src/app/account-selection-actions.ts
 GET /accounts?selection=saved 200 in 58ms (next.js: 1.7ms, proxy.ts: 1.5ms, application-code: 55ms)
 POST /accounts?selection=saved 200 in 77ms (next.js: 2ms, proxy.ts: 2ms, application-code: 73ms)
  └─ ƒ updateManagedAccounts({}) in 10ms src/app/account-selection-actions.ts
 GET /accounts?selection=conflict 200 in 52ms (next.js: 1.8ms, proxy.ts: 1.6ms, application-code: 48ms)
 POST /accounts?selection=saved 200 in 70ms (next.js: 2ms, proxy.ts: 2ms, application-code: 66ms)
  └─ ƒ updateManagedAccounts({}) in 8ms src/app/account-selection-actions.ts
 GET /accounts?selection=saved 200 in 51ms (next.js: 1.9ms, proxy.ts: 1.8ms, application-code: 47ms)
 POST /accounts?selection=conflict 200 in 71ms (next.js: 2ms, proxy.ts: 2ms, application-code: 67ms)
  └─ ƒ updateManagedAccounts({}) in 10ms src/app/account-selection-actions.ts
 GET /accounts 200 in 113ms (next.js: 1.7ms, proxy.ts: 1.9ms, application-code: 109ms)
  ✓  42 [chromium] › e2e/prod-ready-local.spec.ts:26:44 › local production readiness regression journeys › managed account selection preserves priorities and enforces quota in en (2.4s)
 GET /dashboard?client=80000000-0000-4000-8000-000000000004 200 in 175ms (next.js: 3ms, proxy.ts: 1.8ms, application-code: 170ms)
 GET /api/auth/get-session 200 in 21ms (next.js: 6ms, proxy.ts: 3ms, application-code: 12ms)
 GET /api/auth/organization/list 200 in 24ms (next.js: 10ms, proxy.ts: 3ms, application-code: 11ms)
 POST /dashboard?client=80000000-0000-4000-8000-000000000004 200 in 97ms (next.js: 2ms, proxy.ts: 4ms, application-code: 92ms)
  └─ ƒ setCookieConsent({}) in 0ms src/app/preferences-actions.ts
 GET /dashboard?client=80000000-0000-4000-8000-000000000004 200 in 202ms (next.js: 2ms, proxy.ts: 2ms, application-code: 198ms)
 GET /api/auth/get-session 200 in 31ms (next.js: 4ms, proxy.ts: 3ms, application-code: 24ms)
 GET /api/auth/organization/list 200 in 33ms (next.js: 12ms, proxy.ts: 3ms, application-code: 18ms)
  ✓  43 [chromium] › e2e/prod-ready-local.spec.ts:91:44 › local production readiness regression journeys › pacing uses covered completed days and hides forecasts with a gap in fr (1.2s)
 GET /dashboard?client=80000000-0000-4000-8000-000000000004 200 in 173ms (next.js: 2ms, proxy.ts: 1.9ms, application-code: 169ms)
 GET /api/auth/get-session 200 in 19ms (next.js: 5ms, proxy.ts: 3ms, application-code: 11ms)
 GET /api/auth/organization/list 200 in 21ms (next.js: 10ms, proxy.ts: 3ms, application-code: 8ms)
 POST /dashboard?client=80000000-0000-4000-8000-000000000004 200 in 101ms (next.js: 3ms, proxy.ts: 2ms, application-code: 96ms)
  └─ ƒ setCookieConsent({}) in 2ms src/app/preferences-actions.ts
 GET /dashboard?client=80000000-0000-4000-8000-000000000004 200 in 176ms (next.js: 2ms, proxy.ts: 1.6ms, application-code: 173ms)
 GET /api/auth/get-session 200 in 20ms (next.js: 4ms, proxy.ts: 2ms, application-code: 13ms)
 GET /api/auth/organization/list 200 in 22ms (next.js: 7ms, proxy.ts: 3ms, application-code: 11ms)
  ✓  44 [chromium] › e2e/prod-ready-local.spec.ts:91:44 › local production readiness regression journeys › pacing uses covered completed days and hides forecasts with a gap in en (1.1s)
 GET /dashboard?client=80000000-0000-4000-8000-000000000005 200 in 181ms (next.js: 3ms, proxy.ts: 2ms, application-code: 176ms)
 GET /api/auth/get-session 200 in 24ms (next.js: 5ms, proxy.ts: 3ms, application-code: 16ms)
 GET /api/auth/organization/list 200 in 31ms (next.js: 11ms, proxy.ts: 3ms, application-code: 18ms)
 GET /analysis?client=80000000-0000-4000-8000-000000000005 200 in 202ms (next.js: 9ms, proxy.ts: 6ms, application-code: 187ms)
 GET /api/auth/get-session 200 in 80ms (next.js: 44ms, proxy.ts: 14ms, application-code: 22ms)
 GET /api/auth/organization/list 200 in 83ms (next.js: 47ms, proxy.ts: 14ms, application-code: 22ms)
 GET /insights?client=80000000-0000-4000-8000-000000000005 200 in 245ms (next.js: 3ms, proxy.ts: 3ms, application-code: 239ms)
 GET /api/auth/get-session 200 in 76ms (next.js: 42ms, proxy.ts: 14ms, application-code: 21ms)
 GET /api/auth/organization/list 200 in 82ms (next.js: 45ms, proxy.ts: 14ms, application-code: 23ms)
 GET /dashboard?client=80000000-0000-4000-8000-000000000005 200 in 223ms (next.js: 2.0ms, proxy.ts: 1.7ms, application-code: 219ms)
 GET /api/auth/get-session 200 in 18ms (next.js: 4ms, proxy.ts: 3ms, application-code: 11ms)
 GET /api/auth/organization/list 200 in 20ms (next.js: 7ms, proxy.ts: 3ms, application-code: 10ms)
 GET /analysis?client=80000000-0000-4000-8000-000000000005 200 in 182ms (next.js: 2ms, proxy.ts: 3ms, application-code: 177ms)
 GET /api/auth/get-session 200 in 85ms (next.js: 55ms, proxy.ts: 14ms, application-code: 16ms)
 GET /api/auth/organization/list 200 in 88ms (next.js: 57ms, proxy.ts: 14ms, application-code: 16ms)
 GET /insights?client=80000000-0000-4000-8000-000000000005 200 in 251ms (next.js: 2ms, proxy.ts: 1.8ms, application-code: 247ms)
 GET /api/auth/get-session 200 in 76ms (next.js: 41ms, proxy.ts: 15ms, application-code: 19ms)
 GET /api/auth/organization/list 200 in 79ms (next.js: 44ms, proxy.ts: 15ms, application-code: 20ms)
 GET /insights?client=80000000-0000-4000-8000-000000000005 200 in 234ms (next.js: 2ms, proxy.ts: 1.8ms, application-code: 230ms)
 GET /api/auth/get-session 200 in 22ms (next.js: 7ms, proxy.ts: 3ms, application-code: 12ms)
 GET /api/auth/organization/list 200 in 24ms (next.js: 10ms, proxy.ts: 3ms, application-code: 11ms)
 POST /insights?client=80000000-0000-4000-8000-000000000005 200 in 81ms (next.js: 2ms, proxy.ts: 1.9ms, application-code: 76ms)
  └─ ƒ setCookieConsent({}) in 2ms src/app/preferences-actions.ts
  ✓  45 [chromium] › e2e/prod-ready-local.spec.ts:128:44 › local production readiness regression journeys › stored analytics remain available without Google and during grace in fr (3.0s)
 GET /dashboard?client=80000000-0000-4000-8000-000000000005 200 in 190ms (next.js: 1.8ms, proxy.ts: 1.9ms, application-code: 186ms)
 GET /api/auth/get-session 200 in 28ms (next.js: 6ms, proxy.ts: 3ms, application-code: 18ms)
 GET /api/auth/organization/list 200 in 31ms (next.js: 13ms, proxy.ts: 3ms, application-code: 16ms)
 GET /analysis?client=80000000-0000-4000-8000-000000000005 200 in 230ms (next.js: 8ms, proxy.ts: 5ms, application-code: 216ms)
 GET /api/auth/get-session 200 in 100ms (next.js: 22ms, proxy.ts: 30ms, application-code: 48ms)
 GET /api/auth/organization/list 200 in 104ms (next.js: 25ms, proxy.ts: 30ms, application-code: 49ms)
 GET /insights?client=80000000-0000-4000-8000-000000000005 200 in 255ms (next.js: 3ms, proxy.ts: 1.9ms, application-code: 250ms)
 GET /api/auth/get-session 200 in 76ms (next.js: 42ms, proxy.ts: 14ms, application-code: 20ms)
 GET /api/auth/organization/list 200 in 82ms (next.js: 45ms, proxy.ts: 14ms, application-code: 22ms)
 GET /dashboard?client=80000000-0000-4000-8000-000000000005 200 in 225ms (next.js: 2ms, proxy.ts: 1.7ms, application-code: 221ms)
 GET /api/auth/get-session 200 in 18ms (next.js: 3ms, proxy.ts: 3ms, application-code: 11ms)
 GET /api/auth/organization/list 200 in 21ms (next.js: 7ms, proxy.ts: 3ms, application-code: 11ms)
 GET /analysis?client=80000000-0000-4000-8000-000000000005 200 in 182ms (next.js: 2ms, proxy.ts: 3ms, application-code: 177ms)
 GET /api/auth/get-session 200 in 82ms (next.js: 48ms, proxy.ts: 13ms, application-code: 21ms)
 GET /api/auth/organization/list 200 in 85ms (next.js: 51ms, proxy.ts: 12ms, application-code: 22ms)
 GET /insights?client=80000000-0000-4000-8000-000000000005 200 in 236ms (next.js: 2ms, proxy.ts: 2ms, application-code: 232ms)
 GET /api/auth/get-session 200 in 79ms (next.js: 44ms, proxy.ts: 15ms, application-code: 20ms)
 GET /api/auth/organization/list 200 in 83ms (next.js: 46ms, proxy.ts: 16ms, application-code: 22ms)
 GET /insights?client=80000000-0000-4000-8000-000000000005 200 in 252ms (next.js: 2ms, proxy.ts: 1.8ms, application-code: 248ms)
 GET /api/auth/get-session 200 in 16ms (next.js: 4ms, proxy.ts: 3ms, application-code: 9ms)
 GET /api/auth/organization/list 200 in 19ms (next.js: 6ms, proxy.ts: 3ms, application-code: 10ms)
 POST /insights?client=80000000-0000-4000-8000-000000000005 200 in 84ms (next.js: 2ms, proxy.ts: 2ms, application-code: 80ms)
  └─ ƒ setCookieConsent({}) in 2ms src/app/preferences-actions.ts
  ✓  46 [chromium] › e2e/prod-ready-local.spec.ts:128:44 › local production readiness regression journeys › stored analytics remain available without Google and during grace in en (3.1s)
 GET /dashboard?client=80000000-0000-4000-8000-000000000006 200 in 164ms (next.js: 1.9ms, proxy.ts: 2.0ms, application-code: 160ms)
 GET /api/auth/get-session 200 in 30ms (next.js: 8ms, proxy.ts: 3ms, application-code: 20ms)
 GET /api/auth/organization/list 200 in 34ms (next.js: 16ms, proxy.ts: 3ms, application-code: 16ms)
 POST /dashboard?client=80000000-0000-4000-8000-000000000006 200 in 103ms (next.js: 2ms, proxy.ts: 4ms, application-code: 97ms)
  └─ ƒ setCookieConsent({}) in 2ms src/app/preferences-actions.ts
 GET /dashboard?client=80000000-0000-4000-8000-000000000006&sync=queued 200 in 83ms (next.js: 2ms, proxy.ts: 1.5ms, application-code: 80ms)
 POST /dashboard?client=80000000-0000-4000-8000-000000000006 200 in 105ms (next.js: 2ms, proxy.ts: 2ms, application-code: 100ms)
  └─ ƒ refreshAnalyticalData({}) in 12ms src/app/analytical-actions.ts
 GET /dashboard?client=80000000-0000-4000-8000-000000000006&sync=pending 200 in 89ms (next.js: 1.8ms, proxy.ts: 1.7ms, application-code: 86ms)
 POST /dashboard?client=80000000-0000-4000-8000-000000000006&sync=queued 200 in 109ms (next.js: 3ms, proxy.ts: 4ms, application-code: 102ms)
  └─ ƒ refreshAnalyticalData({}) in 7ms src/app/analytical-actions.ts
 GET /dashboard?client=80000000-0000-4000-8000-000000000006 200 in 155ms (next.js: 2ms, proxy.ts: 3ms, application-code: 150ms)
 GET /dashboard?client=80000000-0000-4000-8000-000000000006 200 in 171ms (next.js: 1.9ms, proxy.ts: 1.9ms, application-code: 167ms)
 GET /api/auth/get-session 200 in 21ms (next.js: 5ms, proxy.ts: 3ms, application-code: 13ms)
 GET /api/auth/organization/list 200 in 22ms (next.js: 10ms, proxy.ts: 2ms, application-code: 10ms)
 GET /dashboard?client=80000000-0000-4000-8000-000000000006&sync=unavailable 200 in 89ms (next.js: 2ms, proxy.ts: 1.5ms, application-code: 85ms)
 POST /dashboard?client=80000000-0000-4000-8000-000000000006 200 in 108ms (next.js: 2ms, proxy.ts: 2ms, application-code: 104ms)
  └─ ƒ refreshAnalyticalData({}) in 7ms src/app/analytical-actions.ts
  ✓  47 [chromium] › e2e/prod-ready-local.spec.ts:180:99 › local production readiness regression journeys › analytical refresh enqueues once and handles revoked connections in fr (2.0s)
 GET /dashboard?client=80000000-0000-4000-8000-000000000006 200 in 165ms (next.js: 1.7ms, proxy.ts: 1.8ms, application-code: 162ms)
 GET /api/auth/get-session 200 in 31ms (next.js: 10ms, proxy.ts: 5ms, application-code: 17ms)
 GET /api/auth/organization/list 200 in 34ms (next.js: 15ms, proxy.ts: 5ms, application-code: 14ms)
 POST /dashboard?client=80000000-0000-4000-8000-000000000006 200 in 99ms (next.js: 4ms, proxy.ts: 5ms, application-code: 90ms)
  └─ ƒ setCookieConsent({}) in 2ms src/app/preferences-actions.ts
 GET /dashboard?client=80000000-0000-4000-8000-000000000006&sync=queued 200 in 105ms (next.js: 1.7ms, proxy.ts: 1.6ms, application-code: 101ms)
 POST /dashboard?client=80000000-0000-4000-8000-000000000006 200 in 126ms (next.js: 2ms, proxy.ts: 2.0ms, application-code: 121ms)
  └─ ƒ refreshAnalyticalData({}) in 12ms src/app/analytical-actions.ts
 GET /dashboard?client=80000000-0000-4000-8000-000000000006&sync=pending 200 in 84ms (next.js: 1.9ms, proxy.ts: 1.6ms, application-code: 81ms)
 POST /dashboard?client=80000000-0000-4000-8000-000000000006&sync=queued 200 in 108ms (next.js: 2ms, proxy.ts: 2ms, application-code: 103ms)
  └─ ƒ refreshAnalyticalData({}) in 14ms src/app/analytical-actions.ts
 GET /dashboard?client=80000000-0000-4000-8000-000000000006 200 in 153ms (next.js: 2ms, proxy.ts: 2ms, application-code: 149ms)
 GET /dashboard?client=80000000-0000-4000-8000-000000000006 200 in 164ms (next.js: 2.0ms, proxy.ts: 1.8ms, application-code: 160ms)
 GET /api/auth/get-session 200 in 19ms (next.js: 6ms, proxy.ts: 2ms, application-code: 11ms)
 GET /api/auth/organization/list 200 in 21ms (next.js: 10ms, proxy.ts: 2ms, application-code: 10ms)
 GET /dashboard?client=80000000-0000-4000-8000-000000000006&sync=unavailable 200 in 92ms (next.js: 3ms, proxy.ts: 1.8ms, application-code: 87ms)
 POST /dashboard?client=80000000-0000-4000-8000-000000000006 200 in 111ms (next.js: 3ms, proxy.ts: 2ms, application-code: 106ms)
  └─ ƒ refreshAnalyticalData({}) in 7ms src/app/analytical-actions.ts
  ✓  48 [chromium] › e2e/prod-ready-local.spec.ts:180:99 › local production readiness regression journeys › analytical refresh enqueues once and handles revoked connections in en (2.0s)
 GET /accounts 200 in 95ms (next.js: 3ms, proxy.ts: 2.0ms, application-code: 90ms)
 GET /api/auth/get-session 200 in 686ms (next.js: 11ms, proxy.ts: 656ms, application-code: 19ms)
 GET /api/auth/organization/list 200 in 649ms (next.js: 18ms, proxy.ts: 619ms, application-code: 12ms)
 GET /history 200 in 135ms (next.js: 5ms, proxy.ts: 4ms, application-code: 126ms)
 GET /api/auth/get-session 200 in 120ms (next.js: 42ms, proxy.ts: 5ms, application-code: 73ms)
 GET /api/auth/organization/list 200 in 124ms (next.js: 49ms, proxy.ts: 6ms, application-code: 69ms)
 GET /alerts 200 in 160ms (next.js: 5ms, proxy.ts: 5ms, application-code: 149ms)
 GET /api/auth/get-session 200 in 74ms (next.js: 48ms, proxy.ts: 3ms, application-code: 23ms)
 GET /api/auth/organization/list 200 in 128ms (next.js: 50ms, proxy.ts: 4ms, application-code: 74ms)
 GET /tasks 200 in 155ms (next.js: 5ms, proxy.ts: 4ms, application-code: 146ms)
 GET /api/auth/get-session 200 in 74ms (next.js: 43ms, proxy.ts: 3ms, application-code: 29ms)
 GET /api/auth/organization/list 200 in 105ms (next.js: 50ms, proxy.ts: 3ms, application-code: 51ms)
 GET /approvals 200 in 150ms (next.js: 6ms, proxy.ts: 3ms, application-code: 142ms)
 GET /api/auth/get-session 200 in 25ms (next.js: 6ms, proxy.ts: 3ms, application-code: 16ms)
 GET /api/auth/organization/list 200 in 25ms (next.js: 9ms, proxy.ts: 4ms, application-code: 12ms)
 GET /reports 200 in 119ms (next.js: 12ms, proxy.ts: 4ms, application-code: 103ms)
 GET /api/auth/get-session 200 in 124ms (next.js: 65ms, proxy.ts: 3ms, application-code: 56ms)
 GET /api/auth/organization/list 200 in 129ms (next.js: 69ms, proxy.ts: 4ms, application-code: 56ms)
 GET /audit 200 in 186ms (next.js: 6ms, proxy.ts: 3ms, application-code: 177ms)
 GET /accounts 200 in 97ms (next.js: 1.8ms, proxy.ts: 1.9ms, application-code: 93ms)
 GET /api/auth/get-session 200 in 85ms (next.js: 43ms, proxy.ts: 3ms, application-code: 39ms)
 GET /api/auth/organization/list 200 in 117ms (next.js: 53ms, proxy.ts: 4ms, application-code: 61ms)
 GET /history 200 in 169ms (next.js: 5ms, proxy.ts: 3ms, application-code: 160ms)
 GET /api/auth/get-session 200 in 70ms (next.js: 38ms, proxy.ts: 4ms, application-code: 28ms)
 GET /api/auth/organization/list 200 in 90ms (next.js: 44ms, proxy.ts: 4ms, application-code: 42ms)
 GET /alerts 200 in 133ms (next.js: 6ms, proxy.ts: 3ms, application-code: 125ms)
 GET /api/auth/get-session 200 in 93ms (next.js: 63ms, proxy.ts: 4ms, application-code: 26ms)
 GET /api/auth/organization/list 200 in 131ms (next.js: 70ms, proxy.ts: 5ms, application-code: 56ms)
 GET /tasks 200 in 180ms (next.js: 5ms, proxy.ts: 4ms, application-code: 171ms)
 GET /api/auth/get-session 200 in 88ms (next.js: 42ms, proxy.ts: 3ms, application-code: 43ms)
 GET /api/auth/organization/list 200 in 115ms (next.js: 46ms, proxy.ts: 4ms, application-code: 66ms)
 GET /approvals 200 in 142ms (next.js: 3ms, proxy.ts: 4ms, application-code: 134ms)
 GET /api/auth/get-session 200 in 85ms (next.js: 43ms, proxy.ts: 4ms, application-code: 37ms)
 GET /api/auth/organization/list 200 in 123ms (next.js: 48ms, proxy.ts: 4ms, application-code: 71ms)
 GET /reports 200 in 147ms (next.js: 4ms, proxy.ts: 4ms, application-code: 139ms)
  ✓  49 [chromium] › e2e/prod-ready-local.spec.ts:227:9 › local production readiness regression journeys › grace permits stored views while hiding mutations (4.8s)
 GET /dashboard 307 in 82ms (next.js: 2ms, proxy.ts: 3ms, application-code: 77ms)
 GET /billing?notice=Your%20current%20access%20is%20limited%20to%20billing%20and%20stored%20data. 200 in 134ms (next.js: 4ms, proxy.ts: 1.8ms, application-code: 128ms)
 GET /dashboard 307 in 92ms (next.js: 12ms, proxy.ts: 1.7ms, application-code: 78ms)
 GET /support?notice=Your%20current%20access%20is%20limited%20to%20billing%20and%20stored%20data. 200 in 108ms (next.js: 3ms, proxy.ts: 1.7ms, application-code: 103ms)
 GET /dashboard 307 in 81ms (next.js: 4ms, proxy.ts: 1.9ms, application-code: 76ms)
 GET /support?notice=Your%20current%20access%20is%20limited%20to%20billing%20and%20stored%20data. 200 in 111ms (next.js: 1.9ms, proxy.ts: 1.8ms, application-code: 107ms)
  ✓  50 [chromium] › e2e/prod-ready-local.spec.ts:242:9 › local production readiness regression journeys › suspended members have an accessible recovery destination without redirect loops (1.4s)
 GET /dashboard 200 in 148ms (next.js: 3ms, proxy.ts: 2ms, application-code: 144ms)
 GET /api/auth/get-session 200 in 23ms (next.js: 6ms, proxy.ts: 4ms, application-code: 13ms)
 GET /api/auth/organization/list 200 in 25ms (next.js: 10ms, proxy.ts: 4ms, application-code: 11ms)
 POST /dashboard 200 in 70ms (next.js: 2ms, proxy.ts: 2ms, application-code: 65ms)
  └─ ƒ setCookieConsent({}) in 2ms src/app/preferences-actions.ts
 GET /settings 200 in 75ms (next.js: 4ms, proxy.ts: 2ms, application-code: 69ms)
  ✓  51 [chromium] › e2e/prod-ready-local.spec.ts:254:11 › local production readiness regression journeys › full navigation and workspace selection work at 390px in fr (867ms)
 GET /dashboard 200 in 123ms (next.js: 3ms, proxy.ts: 1.9ms, application-code: 119ms)
 GET /api/auth/get-session 200 in 23ms (next.js: 7ms, proxy.ts: 3ms, application-code: 14ms)
 GET /api/auth/organization/list 200 in 25ms (next.js: 11ms, proxy.ts: 3ms, application-code: 11ms)
 POST /dashboard 200 in 77ms (next.js: 2ms, proxy.ts: 2ms, application-code: 73ms)
  └─ ƒ setCookieConsent({}) in 2ms src/app/preferences-actions.ts
 GET /settings 200 in 74ms (next.js: 3ms, proxy.ts: 3ms, application-code: 69ms)
  ✓  52 [chromium] › e2e/prod-ready-local.spec.ts:254:11 › local production readiness regression journeys › full navigation and workspace selection work at 768px in fr (944ms)
 GET /dashboard 200 in 123ms (next.js: 2ms, proxy.ts: 1.8ms, application-code: 120ms)
 GET /api/auth/get-session 200 in 29ms (next.js: 7ms, proxy.ts: 4ms, application-code: 18ms)
 GET /api/auth/organization/list 200 in 31ms (next.js: 13ms, proxy.ts: 4ms, application-code: 15ms)
 POST /dashboard 200 in 72ms (next.js: 3ms, proxy.ts: 3ms, application-code: 67ms)
  └─ ƒ setCookieConsent({}) in 2ms src/app/preferences-actions.ts
 GET /settings 200 in 79ms (next.js: 2ms, proxy.ts: 2ms, application-code: 74ms)
  ✓  53 [chromium] › e2e/prod-ready-local.spec.ts:254:11 › local production readiness regression journeys › full navigation and workspace selection work at 390px in en (846ms)
 GET /dashboard 200 in 115ms (next.js: 3ms, proxy.ts: 2ms, application-code: 110ms)
 GET /api/auth/get-session 200 in 23ms (next.js: 6ms, proxy.ts: 3ms, application-code: 14ms)
 GET /api/auth/organization/list 200 in 24ms (next.js: 11ms, proxy.ts: 3ms, application-code: 10ms)
 POST /dashboard 200 in 95ms (next.js: 2ms, proxy.ts: 2ms, application-code: 90ms)
  └─ ƒ setCookieConsent({}) in 2ms src/app/preferences-actions.ts
 GET /settings 200 in 76ms (next.js: 2ms, proxy.ts: 2ms, application-code: 71ms)
  ✓  54 [chromium] › e2e/prod-ready-local.spec.ts:254:11 › local production readiness regression journeys › full navigation and workspace selection work at 768px in en (946ms)
 GET /dashboard 200 in 131ms (next.js: 3ms, proxy.ts: 1.9ms, application-code: 126ms)
 GET /api/auth/get-session 200 in 31ms (next.js: 8ms, proxy.ts: 3ms, application-code: 20ms)
 GET /api/auth/organization/list 200 in 34ms (next.js: 12ms, proxy.ts: 4ms, application-code: 18ms)
 POST /dashboard 200 in 75ms (next.js: 1.9ms, proxy.ts: 3ms, application-code: 70ms)
  └─ ƒ setCookieConsent({}) in 2ms src/app/preferences-actions.ts
 POST /api/auth/organization/set-active 200 in 16ms (next.js: 3ms, proxy.ts: 2ms, application-code: 11ms)
 GET /api/auth/get-session 200 in 63ms (next.js: 36ms, proxy.ts: 20ms, application-code: 8ms)
 GET /dashboard 307 in 100ms (next.js: 2ms, proxy.ts: 1.7ms, application-code: 96ms)
 GET /support?error=Vous%20n%E2%80%99avez%20plus%20acc%C3%A8s%20%C3%A0%20cette%20page.%20Choisissez%20une%20rubrique%20disponible%20ou%20contactez%20un%20administrateur. 200 in 101ms (next.js: 3ms, proxy.ts: 5ms, application-code: 93ms)
 GET /api/auth/get-session 200 in 22ms (next.js: 4ms, proxy.ts: 3ms, application-code: 15ms)
 GET /api/auth/organization/list 200 in 23ms (next.js: 10ms, proxy.ts: 3ms, application-code: 11ms)
 POST /api/auth/organization/set-active 200 in 16ms (next.js: 5ms, proxy.ts: 1.9ms, application-code: 9ms)
 GET /api/auth/get-session 200 in 76ms (next.js: 44ms, proxy.ts: 12ms, application-code: 20ms)
 GET /dashboard 200 in 127ms (next.js: 1.8ms, proxy.ts: 1.5ms, application-code: 124ms)
 GET /api/auth/get-session 200 in 19ms (next.js: 4ms, proxy.ts: 4ms, application-code: 11ms)
 GET /api/auth/organization/list 200 in 21ms (next.js: 7ms, proxy.ts: 4ms, application-code: 9ms)
  ✓  55 [chromium] › e2e/prod-ready-local.spec.ts:279:9 › local production readiness regression journeys › workspace selection switches context and permissions on mobile (1.5s)
 GET /agents 200 in 149ms (next.js: 4ms, proxy.ts: 2ms, application-code: 143ms)
  ✓  56 [chromium] › e2e/prod-ready-local.spec.ts:301:9 › local production readiness regression journeys › analysts do not see monitoring controls denied by their role (402ms)
 GET /status 200 in 65ms (next.js: 3ms, proxy.ts: 1.7ms, application-code: 61ms)
 GET /status 200 in 180ms (next.js: 1.8ms, proxy.ts: 1.8ms, application-code: 176ms)
 GET /status?status=active 200 in 35ms (next.js: 2ms, proxy.ts: 2ms, application-code: 30ms)
 GET /status/b9ab9313-7c05-475b-b8f8-bd1bdd5c88ff 200 in 402ms (next.js: 364ms, proxy.ts: 2ms, application-code: 36ms)
 GET /status/b9ab9313-7c05-475b-b8f8-bd1bdd5c88ff?cursor=eyJ2IjoxLCJpdiI6Ilo3dVpwZjF3dUo4VnVLd0ciLCJ0YWciOiJLc1I0TDk0aGtUbURLblRhUVB5am9nIiwiZGF0YSI6ImFoNzJPNDVnSHo5RUZFVExSbnBUUnNjQlhNUVdlbU5OeGo2NzJnS19MRmlneWN0UHR2cUV0aFpiQmJ4ZU85c2k1UWtDTVJ6YlBjTHVDUGxUN0ZHSDc0ci1OMHNLaUYtRFlPNjlSRGtIdlF3VW1ScU9EeXZqbUNVUVJNMGRreDNsUVdnTVZON05icUJ6RUE5ZUlzQ2hzcGkwVWoxZnVBOXR1cmZOQ2tJeFVYdEVDN016ZW1HRlQ1UGpUU252TXVLNDhOVDFLNThmLXlkNjN2Y3lNNTlCRGZMcFdUdDZNd0JuZnRENnV1MWdkSVhXRFliS0ZPbjY3TkF0RzRDWE85bXpLS1c0OGNsVHMwRE1aVWdzMnNwY0Y5OHM0djdMSUlKcmlCY0VUcEwxTmM3WG5nTWNUU3M5YkEifQ 200 in 51ms (next.js: 7ms, proxy.ts: 2ms, application-code: 42ms)
 GET /status?cursor=forged 200 in 61ms (next.js: 2ms, proxy.ts: 2ms, application-code: 56ms)
 GET /status/cfdfeba9-34fd-4ef8-b1ef-421a6727cad8 404 in 57ms (next.js: 3ms, proxy.ts: 3ms, application-code: 50ms)
 GET /status/invalid 404 in 48ms (next.js: 4ms, proxy.ts: 2ms, application-code: 42ms)
  ✓  57 [chromium] › e2e/public-status-local.spec.ts:13:53 › truthful public status › shows unknown health and complete incident history in fr (2.4s)
 GET /status 200 in 61ms (next.js: 2ms, proxy.ts: 1.7ms, application-code: 57ms)
 GET /status 200 in 173ms (next.js: 1.7ms, proxy.ts: 2ms, application-code: 170ms)
 GET /status?status=active 200 in 41ms (next.js: 2ms, proxy.ts: 2ms, application-code: 37ms)
 GET /status/16e536b4-220c-4c61-abb6-21bf0ae5da78 200 in 35ms (next.js: 5ms, proxy.ts: 2ms, application-code: 28ms)
 GET /status/16e536b4-220c-4c61-abb6-21bf0ae5da78?cursor=eyJ2IjoxLCJpdiI6IkVxNUY0TGU4LUU4R1BINGgiLCJ0YWciOiJZUkNZeEZBMzJWTUFubThfSldpTkt3IiwiZGF0YSI6InNLeW1hVFFxc0JCTWh4RkV1SG95SGJFVjVKWGZZSFN6OGNFNEFSeWZ1Nk1NaHZGOVdMcTNZa2liWkJUVTNjVGpDTVZ5Q1p2c0JjOS1hcWdJOFZnWkFFbEp3SXNWcVNYZ3JRWXVNUjVJbDlTbEpNWWNEcmNOMEQtLVZ3V2dTYjVTUGRDOVF1TUVyczFqY1F2SnF5ZG5YSUxwSTdFanktUXVUYndwWU9Bb0hpU1p2UGdmMXF3ODVGOVRJWDBRYkxaMXdzSko2SDlELWxHY3hlTEluS3l0Wk94d1VhTVVwRFVwNEQycTNpVFdxdTFhdDY1SmF2emdreXEzZzNjZHNXUVpTRXc4ZDNsN282aUQxdmlablkyX1UyWnlFZ2tvNW5CVTNQbUplVmdpRFhjTnpEeFk2SnRIY0EifQ 200 in 50ms (next.js: 17ms, proxy.ts: 4ms, application-code: 28ms)
 GET /status?cursor=forged 200 in 58ms (next.js: 1.9ms, proxy.ts: 2ms, application-code: 54ms)
 GET /status/64f1063f-9061-4e7e-8a97-bff8d059602d 404 in 47ms (next.js: 4ms, proxy.ts: 2ms, application-code: 40ms)
 GET /status/invalid 404 in 58ms (next.js: 13ms, proxy.ts: 2ms, application-code: 43ms)
  ✓  58 [chromium] › e2e/public-status-local.spec.ts:13:53 › truthful public status › shows unknown health and complete incident history in en (1.7s)
 GET / 200 in 76ms (next.js: 3ms, proxy.ts: 1.9ms, application-code: 71ms)
  ✓  59 [chromium] › e2e/public.spec.ts:3:5 › public landing exposes the product proposition and account creation (673ms)
 GET /dashboard 307 in 52ms (next.js: 2.0ms, proxy.ts: 1.9ms, application-code: 48ms)
 GET /sign-in 200 in 37ms (next.js: 5ms, proxy.ts: 1.5ms, application-code: 30ms)
  ✓  60 [chromium] › e2e/public.spec.ts:24:5 › authenticated areas redirect anonymous visitors to sign-in (164ms)
 GET /privacy 200 in 44ms (next.js: 3ms, proxy.ts: 2ms, application-code: 38ms)
 GET /terms 200 in 39ms (next.js: 4ms, proxy.ts: 1.9ms, application-code: 34ms)
  ✓  61 [chromium] › e2e/public.spec.ts:30:5 › privacy and terms pages are public (489ms)
 GET /subprocessors 200 in 49ms (next.js: 3ms, proxy.ts: 1.8ms, application-code: 45ms)
  ✓  62 [chromium] › e2e/public.spec.ts:37:5 › the subprocessor register and change-notice policy are public (299ms)
 GET / 200 in 76ms (next.js: 2ms, proxy.ts: 1.8ms, application-code: 72ms)
 GET /privacy 200 in 38ms (next.js: 1.6ms, proxy.ts: 1.6ms, application-code: 35ms)
  ✓  63 [chromium] › e2e/public.spec.ts:44:5 › the public product and legal surface honor the English locale (843ms)
 GET /status 200 in 66ms (next.js: 1.7ms, proxy.ts: 1.6ms, application-code: 63ms)
  ✓  64 [chromium] › e2e/public.spec.ts:60:5 › public status page never claims operational health when status storage is unavailable (315ms)
 GET /reports 200 in 144ms (next.js: 4ms, proxy.ts: 1.8ms, application-code: 138ms)
 GET /api/auth/get-session 200 in 20ms (next.js: 6ms, proxy.ts: 2ms, application-code: 12ms)
 GET /api/auth/organization/list 200 in 22ms (next.js: 11ms, proxy.ts: 2ms, application-code: 9ms)
 POST /reports 200 in 87ms (next.js: 3ms, proxy.ts: 2ms, application-code: 82ms)
  └─ ƒ setCookieConsent({}) in 2ms src/app/preferences-actions.ts
 GET /reports?notice=Rapport+cr%C3%A9%C3%A9.+R%C3%A9v%C3%A9lez+son+URL+dans+les+cinq+prochaines+minutes.&reveal=report-url&revealId=52892160-b686-4f1b-baa0-0ee7e11cb83d 200 in 81ms (next.js: 2ms, proxy.ts: 1.8ms, application-code: 77ms)
 POST /reports 200 in 116ms (next.js: 2ms, proxy.ts: 2ms, application-code: 112ms)
  └─ ƒ createShareLink({}) in 24ms src/app/actions.ts
 POST /api/secret-revelation 200 in 93ms (next.js: 71ms, proxy.ts: 3ms, application-code: 18ms)
 GET /r/[REDACTED]?edition=6a852c9c-faf6-4fb7-b0ed-1e7d4f14dbf3 200 in 817ms (next.js: 690ms, proxy.ts: 2ms, application-code: 125ms)
 GET /r/[REDACTED]/csv?edition=6a852c9c-faf6-4fb7-b0ed-1e7d4f14dbf3 200 in 653ms (next.js: 629ms, proxy.ts: 5ms, application-code: 19ms)
 GET /r/[REDACTED]/pdf?edition=6a852c9c-faf6-4fb7-b0ed-1e7d4f14dbf3 200 in 1041ms (next.js: 759ms, proxy.ts: 1.7ms, application-code: 281ms)
 GET /r/[REDACTED]?error=L%E2%80%99envoi+de+codes+email+n%E2%80%99est+pas+configur%C3%A9.&edition=6a852c9c-faf6-4fb7-b0ed-1e7d4f14dbf3 200 in 52ms (next.js: 3ms, proxy.ts: 1.7ms, application-code: 47ms)
 POST /r/[REDACTED]?edition=6a852c9c-faf6-4fb7-b0ed-1e7d4f14dbf3 200 in 75ms (next.js: 4ms, proxy.ts: 2ms, application-code: 68ms)
  └─ ƒ requestReportFeedbackOtp({}) in 9ms src/app/actions.ts
 GET /r/[REDACTED]?edition=6a852c9c-faf6-4fb7-b0ed-1e7d4f14dbf3&otp=1 200 in 107ms (next.js: 3ms, proxy.ts: 2ms, application-code: 102ms)
 GET /r/[REDACTED]?error=Demandez+un+nouveau+code.&otp=1&edition=6a852c9c-faf6-4fb7-b0ed-1e7d4f14dbf3 200 in 53ms (next.js: 3ms, proxy.ts: 1.7ms, application-code: 49ms)
 POST /r/[REDACTED]?edition=6a852c9c-faf6-4fb7-b0ed-1e7d4f14dbf3&otp=1 200 in 72ms (next.js: 5ms, proxy.ts: 2ms, application-code: 64ms)
  └─ ƒ verifyReportFeedbackOtp({}) in 4ms src/app/actions.ts
 GET /reports?notice=Rapport+cr%C3%A9%C3%A9.+R%C3%A9v%C3%A9lez+son+URL+dans+les+cinq+prochaines+minutes.&reveal=report-url&revealId=105a6733-e976-4f65-a762-de36c7f7649b 200 in 98ms (next.js: 3ms, proxy.ts: 2ms, application-code: 93ms)
 POST /reports?notice=Rapport%20cr%C3%A9%C3%A9.%20R%C3%A9v%C3%A9lez%20son%20URL%20dans%20les%20cinq%20prochaines%20minutes.&reveal=report-url&revealId=52892160-b686-4f1b-baa0-0ee7e11cb83d 200 in 160ms (next.js: 3ms, proxy.ts: 3ms, application-code: 154ms)
  └─ ƒ createShareLink({}) in 23ms src/app/actions.ts
 POST /api/secret-revelation 200 in 19ms (next.js: 2ms, proxy.ts: 3ms, application-code: 14ms)
 GET /r/[REDACTED]?edition=50ffd923-5930-4ce6-bb3b-aba7f3f1a5d0 200 in 78ms (next.js: 4ms, proxy.ts: 1.5ms, application-code: 72ms)
 GET /r/[REDACTED]/csv?edition=50ffd923-5930-4ce6-bb3b-aba7f3f1a5d0 200 in 17ms (next.js: 5ms, proxy.ts: 3ms, application-code: 9ms)
 GET /r/[REDACTED]/pdf?edition=50ffd923-5930-4ce6-bb3b-aba7f3f1a5d0 200 in 89ms (next.js: 4ms, proxy.ts: 1.6ms, application-code: 83ms)
 GET /reports?notice=Rapport+cr%C3%A9%C3%A9.+R%C3%A9v%C3%A9lez+son+URL+dans+les+cinq+prochaines+minutes.&reveal=report-url&revealId=899a7748-5bec-4e39-a256-223ccc1ccf0f 200 in 87ms (next.js: 2ms, proxy.ts: 1.9ms, application-code: 83ms)
 POST /reports?notice=Rapport%20cr%C3%A9%C3%A9.%20R%C3%A9v%C3%A9lez%20son%20URL%20dans%20les%20cinq%20prochaines%20minutes.&reveal=report-url&revealId=105a6733-e976-4f65-a762-de36c7f7649b 200 in 134ms (next.js: 4ms, proxy.ts: 5ms, application-code: 126ms)
  └─ ƒ createShareLink({}) in 31ms src/app/actions.ts
 POST /api/secret-revelation 200 in 16ms (next.js: 1.6ms, proxy.ts: 3ms, application-code: 12ms)
 GET /r/[REDACTED]?edition=2c8f9f07-308b-4f80-bf83-1e6b153574aa 200 in 140ms (next.js: 4ms, proxy.ts: 3ms, application-code: 133ms)
 GET /r/[REDACTED]/csv?edition=2c8f9f07-308b-4f80-bf83-1e6b153574aa 200 in 26ms (next.js: 3ms, proxy.ts: 4ms, application-code: 19ms)
 GET /r/[REDACTED]/pdf?edition=2c8f9f07-308b-4f80-bf83-1e6b153574aa 200 in 85ms (next.js: 2ms, proxy.ts: 2ms, application-code: 80ms)
 GET /reports?notice=Rapport+cr%C3%A9%C3%A9.+R%C3%A9v%C3%A9lez+son+URL+dans+les+cinq+prochaines+minutes.&reveal=report-url&revealId=35f71892-e85d-45b6-b5ba-0ceda4130c27 200 in 73ms (next.js: 1.8ms, proxy.ts: 1.6ms, application-code: 69ms)
 POST /reports?notice=Rapport%20cr%C3%A9%C3%A9.%20R%C3%A9v%C3%A9lez%20son%20URL%20dans%20les%20cinq%20prochaines%20minutes.&reveal=report-url&revealId=899a7748-5bec-4e39-a256-223ccc1ccf0f 200 in 100ms (next.js: 2ms, proxy.ts: 2ms, application-code: 95ms)
  └─ ƒ createShareLink({}) in 17ms src/app/actions.ts
 POST /api/secret-revelation 200 in 15ms (next.js: 1.6ms, proxy.ts: 3ms, application-code: 10ms)
 GET /r/[REDACTED]?edition=7f6978c2-6249-4bc3-a695-42bb8b415077 200 in 91ms (next.js: 12ms, proxy.ts: 1.9ms, application-code: 77ms)
 GET /r/[REDACTED]/csv?edition=7f6978c2-6249-4bc3-a695-42bb8b415077 200 in 16ms (next.js: 3ms, proxy.ts: 1.8ms, application-code: 11ms)
 GET /r/[REDACTED]/pdf?edition=7f6978c2-6249-4bc3-a695-42bb8b415077 200 in 92ms (next.js: 3ms, proxy.ts: 1.6ms, application-code: 87ms)
 GET /reports?notice=Rapport+cr%C3%A9%C3%A9.+R%C3%A9v%C3%A9lez+son+URL+dans+les+cinq+prochaines+minutes.&reveal=report-url&revealId=55e0f9fb-78c9-4194-beba-5d43287dbce1 200 in 113ms (next.js: 3ms, proxy.ts: 3ms, application-code: 107ms)
 POST /reports?notice=Rapport%20cr%C3%A9%C3%A9.%20R%C3%A9v%C3%A9lez%20son%20URL%20dans%20les%20cinq%20prochaines%20minutes.&reveal=report-url&revealId=35f71892-e85d-45b6-b5ba-0ceda4130c27 200 in 155ms (next.js: 3ms, proxy.ts: 3ms, application-code: 149ms)
  └─ ƒ createShareLink({}) in 24ms src/app/actions.ts
 POST /api/secret-revelation 200 in 43ms (next.js: 2ms, proxy.ts: 4ms, application-code: 37ms)
 GET /r/[REDACTED]?edition=6b08b072-c8be-4c40-804f-d23d7003617f 200 in 159ms (next.js: 13ms, proxy.ts: 10ms, application-code: 136ms)
 GET /r/[REDACTED]/csv?edition=6b08b072-c8be-4c40-804f-d23d7003617f 200 in 18ms (next.js: 5ms, proxy.ts: 4ms, application-code: 10ms)
 GET /r/[REDACTED]/pdf?edition=6b08b072-c8be-4c40-804f-d23d7003617f 200 in 77ms (next.js: 2ms, proxy.ts: 1.6ms, application-code: 73ms)
 GET /r/[REDACTED]?edition=6a852c9c-faf6-4fb7-b0ed-1e7d4f14dbf3 200 in 85ms (next.js: 4ms, proxy.ts: 1.8ms, application-code: 79ms)
 GET /r/[REDACTED]/csv?edition=6a852c9c-faf6-4fb7-b0ed-1e7d4f14dbf3 200 in 23ms (next.js: 3ms, proxy.ts: 4ms, application-code: 16ms)
 GET /r/[REDACTED]/pdf?edition=6a852c9c-faf6-4fb7-b0ed-1e7d4f14dbf3 200 in 239ms (next.js: 3ms, proxy.ts: 1.8ms, application-code: 233ms)
 GET /reports?notice=R%C3%A9vision+publi%C3%A9e.+Les+%C3%A9ditions+pr%C3%A9c%C3%A9dentes+restent+inchang%C3%A9es.&reveal=report-url&revealId=ec52a4da-1b80-4a3d-98b2-a128b7c4e8d3 200 in 110ms (next.js: 2.0ms, proxy.ts: 2ms, application-code: 106ms)
 POST /reports?notice=Rapport%20cr%C3%A9%C3%A9.%20R%C3%A9v%C3%A9lez%20son%20URL%20dans%20les%20cinq%20prochaines%20minutes.&reveal=report-url&revealId=55e0f9fb-78c9-4194-beba-5d43287dbce1 200 in 148ms (next.js: 2ms, proxy.ts: 3ms, application-code: 142ms)
  └─ ƒ reviseReportEdition({}) in 21ms src/app/actions.ts
 POST /api/secret-revelation 200 in 15ms (next.js: 1.7ms, proxy.ts: 2ms, application-code: 11ms)
 GET /r/[REDACTED]?edition=1ab27cb6-63a9-4de7-a472-7bf8cd0642ed 200 in 89ms (next.js: 4ms, proxy.ts: 1.9ms, application-code: 83ms)
 GET /r/[REDACTED]/csv?edition=1ab27cb6-63a9-4de7-a472-7bf8cd0642ed 200 in 18ms (next.js: 4ms, proxy.ts: 3ms, application-code: 12ms)
 GET /reports?error=Les+donn%C3%A9es+compl%C3%A8tes+de+cette+p%C3%A9riode+ne+sont+pas+disponibles.+Actualisez+l%E2%80%99historique+du+compte+avant+de+publier+ce+bilan. 200 in 114ms (next.js: 3ms, proxy.ts: 2ms, application-code: 109ms)
 POST /reports?notice=R%C3%A9vision%20publi%C3%A9e.%20Les%20%C3%A9ditions%20pr%C3%A9c%C3%A9dentes%20restent%20inchang%C3%A9es.&reveal=report-url&revealId=ec52a4da-1b80-4a3d-98b2-a128b7c4e8d3 200 in 139ms (next.js: 2ms, proxy.ts: 3ms, application-code: 134ms)
  └─ ƒ createShareLink({}) in 13ms src/app/actions.ts
 GET /r/[REDACTED]?edition=6a852c9c-faf6-4fb7-b0ed-1e7d4f14dbf3 200 in 133ms (next.js: 3ms, proxy.ts: 2.0ms, application-code: 128ms)
 GET /r/[REDACTED]/pdf?edition=6a852c9c-faf6-4fb7-b0ed-1e7d4f14dbf3 429 in 13ms (next.js: 3ms, proxy.ts: 3ms, application-code: 6ms)
 GET /r/[REDACTED]/csv?edition=6a852c9c-faf6-4fb7-b0ed-1e7d4f14dbf3 404 in 10ms (next.js: 3ms, proxy.ts: 1.4ms, application-code: 5ms)
 GET /reports 200 in 153ms (next.js: 2ms, proxy.ts: 2ms, application-code: 148ms)
  ✓  65 [chromium] › e2e/report-editions-local.spec.ts:16:53 › published report editions › creates every period and preserves HTML PDF CSV through revision in fr (9.6s)
 GET /reports 200 in 183ms (next.js: 3ms, proxy.ts: 2ms, application-code: 178ms)
 GET /api/auth/get-session 200 in 22ms (next.js: 6ms, proxy.ts: 3ms, application-code: 13ms)
 GET /api/auth/organization/list 200 in 23ms (next.js: 12ms, proxy.ts: 2ms, application-code: 9ms)
 POST /reports 200 in 87ms (next.js: 3ms, proxy.ts: 2ms, application-code: 81ms)
  └─ ƒ setCookieConsent({}) in 2ms src/app/preferences-actions.ts
 GET /reports?notice=Report+created.+Reveal+its+URL+within+the+next+five+minutes.&reveal=report-url&revealId=47e7543e-faf7-4d14-8cef-cd74f515d3a7 200 in 67ms (next.js: 1.9ms, proxy.ts: 1.6ms, application-code: 63ms)
 POST /reports 200 in 106ms (next.js: 2.0ms, proxy.ts: 2ms, application-code: 102ms)
  └─ ƒ createShareLink({}) in 30ms src/app/actions.ts
 POST /api/secret-revelation 200 in 18ms (next.js: 1.8ms, proxy.ts: 3ms, application-code: 13ms)
 GET /r/[REDACTED]?edition=97cd7728-5a27-4505-adaa-f58b629ced56 200 in 96ms (next.js: 4ms, proxy.ts: 2ms, application-code: 89ms)
 GET /r/[REDACTED]/csv?edition=97cd7728-5a27-4505-adaa-f58b629ced56 200 in 17ms (next.js: 4ms, proxy.ts: 1.8ms, application-code: 11ms)
 GET /r/[REDACTED]/pdf?edition=97cd7728-5a27-4505-adaa-f58b629ced56 200 in 207ms (next.js: 4ms, proxy.ts: 1.9ms, application-code: 201ms)
 GET /r/[REDACTED]?error=Email+code+delivery+is+not+configured.&edition=97cd7728-5a27-4505-adaa-f58b629ced56 200 in 69ms (next.js: 5ms, proxy.ts: 2.0ms, application-code: 62ms)
 POST /r/[REDACTED]?edition=97cd7728-5a27-4505-adaa-f58b629ced56 200 in 116ms (next.js: 3ms, proxy.ts: 3ms, application-code: 110ms)
  └─ ƒ requestReportFeedbackOtp({}) in 31ms src/app/actions.ts
 GET /r/[REDACTED]?edition=97cd7728-5a27-4505-adaa-f58b629ced56&otp=1 200 in 115ms (next.js: 5ms, proxy.ts: 4ms, application-code: 106ms)
 GET /r/[REDACTED]?error=Request+a+new+code.&otp=1&edition=97cd7728-5a27-4505-adaa-f58b629ced56 200 in 58ms (next.js: 3ms, proxy.ts: 1.8ms, application-code: 53ms)
 POST /r/[REDACTED]?edition=97cd7728-5a27-4505-adaa-f58b629ced56&otp=1 200 in 79ms (next.js: 3ms, proxy.ts: 3ms, application-code: 73ms)
  └─ ƒ verifyReportFeedbackOtp({}) in 4ms src/app/actions.ts
 GET /reports?notice=Report+created.+Reveal+its+URL+within+the+next+five+minutes.&reveal=report-url&revealId=40a181d0-866f-4fa1-97be-c40dc80a295c 200 in 80ms (next.js: 3ms, proxy.ts: 1.9ms, application-code: 75ms)
 POST /reports?notice=Report%20created.%20Reveal%20its%20URL%20within%20the%20next%20five%20minutes.&reveal=report-url&revealId=47e7543e-faf7-4d14-8cef-cd74f515d3a7 200 in 107ms (next.js: 2ms, proxy.ts: 2ms, application-code: 102ms)
  └─ ƒ createShareLink({}) in 17ms src/app/actions.ts
 POST /api/secret-revelation 200 in 16ms (next.js: 1.7ms, proxy.ts: 3ms, application-code: 11ms)
 GET /r/[REDACTED]?edition=2b0a200e-dec0-439e-bec7-5061a9c23353 200 in 79ms (next.js: 4ms, proxy.ts: 1.8ms, application-code: 73ms)
 GET /r/[REDACTED]/csv?edition=2b0a200e-dec0-439e-bec7-5061a9c23353 200 in 17ms (next.js: 4ms, proxy.ts: 2ms, application-code: 11ms)
 GET /r/[REDACTED]/pdf?edition=2b0a200e-dec0-439e-bec7-5061a9c23353 200 in 81ms (next.js: 6ms, proxy.ts: 1.9ms, application-code: 73ms)
 GET /reports?notice=Report+created.+Reveal+its+URL+within+the+next+five+minutes.&reveal=report-url&revealId=161686a5-4e66-4cbd-a359-d4d5e755f3c2 200 in 85ms (next.js: 2.0ms, proxy.ts: 1.8ms, application-code: 81ms)
 POST /reports?notice=Report%20created.%20Reveal%20its%20URL%20within%20the%20next%20five%20minutes.&reveal=report-url&revealId=40a181d0-866f-4fa1-97be-c40dc80a295c 200 in 140ms (next.js: 4ms, proxy.ts: 4ms, application-code: 133ms)
  └─ ƒ createShareLink({}) in 37ms src/app/actions.ts
 POST /api/secret-revelation 200 in 19ms (next.js: 3ms, proxy.ts: 3ms, application-code: 14ms)
 GET /r/[REDACTED]?edition=7e0953f5-64bd-449e-a956-68c09204fbcc 200 in 153ms (next.js: 5ms, proxy.ts: 4ms, application-code: 145ms)
 GET /r/[REDACTED]/csv?edition=7e0953f5-64bd-449e-a956-68c09204fbcc 200 in 31ms (next.js: 4ms, proxy.ts: 2ms, application-code: 25ms)
 GET /r/[REDACTED]/pdf?edition=7e0953f5-64bd-449e-a956-68c09204fbcc 200 in 81ms (next.js: 3ms, proxy.ts: 1.8ms, application-code: 77ms)
 GET /reports?notice=Report+created.+Reveal+its+URL+within+the+next+five+minutes.&reveal=report-url&revealId=856e4764-8787-4239-b0d0-cde2819e6968 200 in 74ms (next.js: 2ms, proxy.ts: 2ms, application-code: 70ms)
 POST /reports?notice=Report%20created.%20Reveal%20its%20URL%20within%20the%20next%20five%20minutes.&reveal=report-url&revealId=161686a5-4e66-4cbd-a359-d4d5e755f3c2 200 in 106ms (next.js: 3ms, proxy.ts: 3ms, application-code: 100ms)
  └─ ƒ createShareLink({}) in 16ms src/app/actions.ts
 POST /api/secret-revelation 200 in 16ms (next.js: 1.7ms, proxy.ts: 2ms, application-code: 12ms)
 GET /r/[REDACTED]?edition=118662e8-38d8-4d0d-b862-3274e771df83 200 in 90ms (next.js: 5ms, proxy.ts: 2ms, application-code: 83ms)
 GET /r/[REDACTED]/csv?edition=118662e8-38d8-4d0d-b862-3274e771df83 200 in 19ms (next.js: 4ms, proxy.ts: 1.8ms, application-code: 13ms)
 GET /r/[REDACTED]/pdf?edition=118662e8-38d8-4d0d-b862-3274e771df83 200 in 115ms (next.js: 6ms, proxy.ts: 1.9ms, application-code: 107ms)
 GET /reports?notice=Report+created.+Reveal+its+URL+within+the+next+five+minutes.&reveal=report-url&revealId=4be9e7e0-2c4d-40b2-94c4-43fb21af6840 200 in 92ms (next.js: 2ms, proxy.ts: 6ms, application-code: 84ms)
 POST /reports?notice=Report%20created.%20Reveal%20its%20URL%20within%20the%20next%20five%20minutes.&reveal=report-url&revealId=856e4764-8787-4239-b0d0-cde2819e6968 200 in 132ms (next.js: 4ms, proxy.ts: 6ms, application-code: 122ms)
  └─ ƒ createShareLink({}) in 21ms src/app/actions.ts
 POST /api/secret-revelation 200 in 39ms (next.js: 9ms, proxy.ts: 7ms, application-code: 23ms)
 GET /r/[REDACTED]?edition=d416f591-245d-48d2-8562-2153444f51bc 200 in 173ms (next.js: 10ms, proxy.ts: 4ms, application-code: 160ms)
 GET /r/[REDACTED]/csv?edition=d416f591-245d-48d2-8562-2153444f51bc 200 in 27ms (next.js: 5ms, proxy.ts: 4ms, application-code: 19ms)
 GET /r/[REDACTED]/pdf?edition=d416f591-245d-48d2-8562-2153444f51bc 200 in 91ms (next.js: 3ms, proxy.ts: 3ms, application-code: 85ms)
 GET /r/[REDACTED]?edition=97cd7728-5a27-4505-adaa-f58b629ced56 200 in 136ms (next.js: 5ms, proxy.ts: 2ms, application-code: 128ms)
 GET /r/[REDACTED]/csv?edition=97cd7728-5a27-4505-adaa-f58b629ced56 200 in 17ms (next.js: 3ms, proxy.ts: 3ms, application-code: 11ms)
 GET /r/[REDACTED]/pdf?edition=97cd7728-5a27-4505-adaa-f58b629ced56 200 in 341ms (next.js: 14ms, proxy.ts: 3ms, application-code: 324ms)
 GET /reports?notice=Revision+published.+Previous+editions+remain+unchanged.&reveal=report-url&revealId=8331fc78-9bde-4ce4-ac62-4af2dcb52830 200 in 111ms (next.js: 1.9ms, proxy.ts: 3ms, application-code: 106ms)
 POST /reports?notice=Report%20created.%20Reveal%20its%20URL%20within%20the%20next%20five%20minutes.&reveal=report-url&revealId=4be9e7e0-2c4d-40b2-94c4-43fb21af6840 200 in 146ms (next.js: 2ms, proxy.ts: 3ms, application-code: 141ms)
  └─ ƒ reviseReportEdition({}) in 19ms src/app/actions.ts
 POST /api/secret-revelation 200 in 16ms (next.js: 1.8ms, proxy.ts: 2ms, application-code: 12ms)
 GET /r/[REDACTED]?edition=a4a26a62-0c64-4f65-adc3-fefa7d17b6cc 200 in 102ms (next.js: 4ms, proxy.ts: 2ms, application-code: 96ms)
 GET /r/[REDACTED]/csv?edition=a4a26a62-0c64-4f65-adc3-fefa7d17b6cc 200 in 17ms (next.js: 4ms, proxy.ts: 2ms, application-code: 11ms)
 GET /reports?error=Les+donn%C3%A9es+compl%C3%A8tes+de+cette+p%C3%A9riode+ne+sont+pas+disponibles.+Actualisez+l%E2%80%99historique+du+compte+avant+de+publier+ce+bilan. 200 in 112ms (next.js: 3ms, proxy.ts: 3ms, application-code: 107ms)
 POST /reports?notice=Revision%20published.%20Previous%20editions%20remain%20unchanged.&reveal=report-url&revealId=8331fc78-9bde-4ce4-ac62-4af2dcb52830 200 in 143ms (next.js: 2ms, proxy.ts: 2ms, application-code: 138ms)
  └─ ƒ createShareLink({}) in 18ms src/app/actions.ts
 GET /r/[REDACTED]?edition=97cd7728-5a27-4505-adaa-f58b629ced56 200 in 93ms (next.js: 5ms, proxy.ts: 2ms, application-code: 85ms)
 GET /r/[REDACTED]/pdf?edition=97cd7728-5a27-4505-adaa-f58b629ced56 429 in 14ms (next.js: 4ms, proxy.ts: 3ms, application-code: 7ms)
 GET /r/[REDACTED]/csv?edition=97cd7728-5a27-4505-adaa-f58b629ced56 404 in 11ms (next.js: 3ms, proxy.ts: 1.7ms, application-code: 6ms)
 GET /reports 200 in 186ms (next.js: 2ms, proxy.ts: 1.8ms, application-code: 182ms)
  ✓  66 [chromium] › e2e/report-editions-local.spec.ts:16:53 › published report editions › creates every period and preserves HTML PDF CSV through revision in en (7.6s)
 GET /settings 200 in 276ms (next.js: 7ms, proxy.ts: 5ms, application-code: 265ms)
 GET /api/auth/get-session 200 in 29ms (next.js: 7ms, proxy.ts: 4ms, application-code: 18ms)
 GET /api/auth/organization/list 200 in 33ms (next.js: 13ms, proxy.ts: 4ms, application-code: 16ms)
 GET /settings?notice=Cl%C3%A9+cr%C3%A9%C3%A9e.+R%C3%A9v%C3%A9lez-la+une+seule+fois+dans+les+cinq+prochaines+minutes.&reveal=api-key 200 in 107ms (next.js: 1.9ms, proxy.ts: 3ms, application-code: 103ms)
 POST /settings 200 in 135ms (next.js: 2ms, proxy.ts: 3ms, application-code: 130ms)
  └─ ƒ createAgencyApiKey({}) in 15ms src/app/actions.ts
 POST /api/secret-revelation 200 in 18ms (next.js: 1.9ms, proxy.ts: 3ms, application-code: 13ms)
 POST /api/secret-revelation 404 in 13ms (next.js: 1.8ms, proxy.ts: 2ms, application-code: 9ms)
 GET /settings 200 in 228ms (next.js: 2.0ms, proxy.ts: 1.6ms, application-code: 225ms)
 GET /api/auth/get-session 200 in 21ms (next.js: 5ms, proxy.ts: 2ms, application-code: 13ms)
 GET /api/auth/organization/list 200 in 23ms (next.js: 10ms, proxy.ts: 2ms, application-code: 10ms)
 GET /settings?notice=Cl%C3%A9+API+r%C3%A9voqu%C3%A9e. 200 in 111ms (next.js: 2ms, proxy.ts: 1.7ms, application-code: 107ms)
 POST /settings 200 in 148ms (next.js: 4ms, proxy.ts: 2ms, application-code: 141ms)
  └─ ƒ revokeAgencyApiKey({}) in 23ms src/app/actions.ts
 GET /settings?notice=Canal+de+notification+ajout%C3%A9. 200 in 111ms (next.js: 2.0ms, proxy.ts: 3ms, application-code: 105ms)
 POST /settings?notice=Cl%C3%A9%20API%20r%C3%A9voqu%C3%A9e. 200 in 140ms (next.js: 3ms, proxy.ts: 2ms, application-code: 134ms)
  └─ ƒ createNotificationChannel({}) in 16ms src/app/actions.ts
 GET /settings?notice=Canal+d%C3%A9sactiv%C3%A9. 200 in 113ms (next.js: 3ms, proxy.ts: 3ms, application-code: 108ms)
 POST /settings?notice=Canal%20de%20notification%20ajout%C3%A9. 200 in 135ms (next.js: 2ms, proxy.ts: 4ms, application-code: 129ms)
  └─ ƒ disableNotificationChannel({}) in 10ms src/app/actions.ts
 GET /settings?notice=R%C3%A8gles+de+s%C3%A9curit%C3%A9+enregistr%C3%A9es. 200 in 90ms (next.js: 1.7ms, proxy.ts: 1.5ms, application-code: 87ms)
 POST /settings?notice=Canal%20d%C3%A9sactiv%C3%A9. 200 in 112ms (next.js: 2ms, proxy.ts: 2ms, application-code: 108ms)
  └─ ƒ updateSafetyRules({}) in 12ms src/app/actions.ts
 GET /settings?notice=Le+job+sera+r%C3%A9ex%C3%A9cut%C3%A9+par+le+prochain+worker+disponible. 200 in 89ms (next.js: 2ms, proxy.ts: 2.0ms, application-code: 84ms)
 POST /settings?notice=R%C3%A8gles%20de%20s%C3%A9curit%C3%A9%20enregistr%C3%A9es. 200 in 115ms (next.js: 2ms, proxy.ts: 2ms, application-code: 111ms)
  └─ ƒ retryDeadLetterJob({}) in 17ms src/app/actions.ts
 GET /settings 200 in 216ms (next.js: 2.0ms, proxy.ts: 1.7ms, application-code: 212ms)
 GET /api/auth/get-session 200 in 19ms (next.js: 5ms, proxy.ts: 2ms, application-code: 12ms)
 GET /api/auth/organization/list 200 in 22ms (next.js: 9ms, proxy.ts: 2ms, application-code: 11ms)
 GET /settings?error=Permission+required%3A+workspace%3Aadmin 200 in 55ms (next.js: 1.8ms, proxy.ts: 1.9ms, application-code: 51ms)
 POST /settings 200 in 72ms (next.js: 4ms, proxy.ts: 3ms, application-code: 65ms)
  └─ ƒ createNotificationChannel({}) in 6ms src/app/actions.ts
 GET /support?error=Vous+n%E2%80%99avez+plus+acc%C3%A8s+%C3%A0+cette+page.+Choisissez+une+rubrique+disponible+ou+contactez+un+administrateur. 200 in 64ms (next.js: 3ms, proxy.ts: 3ms, application-code: 58ms)
 GET /support?error=Vous+n%E2%80%99avez+plus+acc%C3%A8s+%C3%A0+cette+page.+Choisissez+une+rubrique+disponible+ou+contactez+un+administrateur. 200 in 55ms (next.js: 4ms, proxy.ts: 6ms, application-code: 46ms)
  ✓  67 [chromium] › e2e/security-actors-local.spec.ts:6:7 › security actor fr manages resources and rejects obsolete authority (3.3s)
 GET /settings 200 in 224ms (next.js: 2ms, proxy.ts: 2ms, application-code: 219ms)
 GET /api/auth/organization/list 200 in 470ms (next.js: 370ms, proxy.ts: 84ms, application-code: 17ms)
 GET /api/auth/get-session 200 in 493ms (next.js: 389ms, proxy.ts: 80ms, application-code: 24ms)
 GET /settings?notice=Cl%C3%A9+cr%C3%A9%C3%A9e.+R%C3%A9v%C3%A9lez-la+une+seule+fois+dans+les+cinq+prochaines+minutes.&reveal=api-key 200 in 133ms (next.js: 2ms, proxy.ts: 2ms, application-code: 128ms)
 POST /settings 200 in 511ms (next.js: 10ms, proxy.ts: 345ms, application-code: 156ms)
  └─ ƒ createAgencyApiKey({}) in 17ms src/app/actions.ts
 POST /api/secret-revelation 200 in 19ms (next.js: 2ms, proxy.ts: 3ms, application-code: 13ms)
 POST /api/secret-revelation 404 in 14ms (next.js: 1.6ms, proxy.ts: 2ms, application-code: 10ms)
 GET /settings 200 in 227ms (next.js: 2ms, proxy.ts: 1.6ms, application-code: 223ms)
 GET /api/auth/get-session 200 in 36ms (next.js: 6ms, proxy.ts: 3ms, application-code: 27ms)
 GET /api/auth/organization/list 200 in 39ms (next.js: 24ms, proxy.ts: 3ms, application-code: 12ms)
 GET /settings?notice=Cl%C3%A9+API+r%C3%A9voqu%C3%A9e. 200 in 100ms (next.js: 2ms, proxy.ts: 1.7ms, application-code: 97ms)
 POST /settings 200 in 122ms (next.js: 2ms, proxy.ts: 2ms, application-code: 117ms)
  └─ ƒ revokeAgencyApiKey({}) in 11ms src/app/actions.ts
 GET /settings?notice=Canal+de+notification+ajout%C3%A9. 200 in 114ms (next.js: 1.9ms, proxy.ts: 1.6ms, application-code: 110ms)
 POST /settings?notice=Cl%C3%A9%20API%20r%C3%A9voqu%C3%A9e. 200 in 138ms (next.js: 3ms, proxy.ts: 2ms, application-code: 133ms)
  └─ ƒ createNotificationChannel({}) in 14ms src/app/actions.ts
 GET /settings?notice=Canal+d%C3%A9sactiv%C3%A9. 200 in 93ms (next.js: 1.9ms, proxy.ts: 1.8ms, application-code: 89ms)
 POST /settings?notice=Canal%20de%20notification%20ajout%C3%A9. 200 in 114ms (next.js: 2ms, proxy.ts: 2ms, application-code: 109ms)
  └─ ƒ disableNotificationChannel({}) in 10ms src/app/actions.ts
 GET /settings?notice=R%C3%A8gles+de+s%C3%A9curit%C3%A9+enregistr%C3%A9es. 200 in 95ms (next.js: 2ms, proxy.ts: 1.6ms, application-code: 91ms)
 POST /settings?notice=Canal%20d%C3%A9sactiv%C3%A9. 200 in 128ms (next.js: 2ms, proxy.ts: 2ms, application-code: 123ms)
  └─ ƒ updateSafetyRules({}) in 22ms src/app/actions.ts
 GET /settings?notice=Le+job+sera+r%C3%A9ex%C3%A9cut%C3%A9+par+le+prochain+worker+disponible. 200 in 131ms (next.js: 13ms, proxy.ts: 5ms, application-code: 113ms)
 POST /settings?notice=R%C3%A8gles%20de%20s%C3%A9curit%C3%A9%20enregistr%C3%A9es. 200 in 169ms (next.js: 5ms, proxy.ts: 4ms, application-code: 160ms)
  └─ ƒ retryDeadLetterJob({}) in 16ms src/app/actions.ts
 GET /settings 200 in 239ms (next.js: 2ms, proxy.ts: 1.9ms, application-code: 235ms)
 GET /api/auth/get-session 200 in 21ms (next.js: 5ms, proxy.ts: 2ms, application-code: 14ms)
 GET /api/auth/organization/list 200 in 22ms (next.js: 9ms, proxy.ts: 2ms, application-code: 11ms)
 GET /settings?error=Permission+required%3A+workspace%3Aadmin 200 in 50ms (next.js: 2ms, proxy.ts: 2ms, application-code: 46ms)
 POST /settings 200 in 66ms (next.js: 2ms, proxy.ts: 2ms, application-code: 62ms)
  └─ ƒ createNotificationChannel({}) in 7ms src/app/actions.ts
 GET /support?error=You+no+longer+have+access+to+this+page.+Choose+an+available+section+or+contact+an+administrator. 200 in 75ms (next.js: 3ms, proxy.ts: 1.8ms, application-code: 70ms)
 GET /support?error=You+no+longer+have+access+to+this+page.+Choose+an+available+section+or+contact+an+administrator. 200 in 66ms (next.js: 5ms, proxy.ts: 5ms, application-code: 56ms)
  ✓  68 [chromium] › e2e/security-actors-local.spec.ts:6:7 › security actor en manages resources and rejects obsolete authority (4.1s)
 GET /settings 200 in 217ms (next.js: 2ms, proxy.ts: 1.7ms, application-code: 213ms)
 GET /api/auth/get-session 200 in 19ms (next.js: 5ms, proxy.ts: 3ms, application-code: 11ms)
 GET /api/auth/organization/list 200 in 20ms (next.js: 8ms, proxy.ts: 3ms, application-code: 9ms)
 GET /settings?notice=Workspace+language+updated. 200 in 100ms (next.js: 2ms, proxy.ts: 1.7ms, application-code: 96ms)
 POST /settings 200 in 120ms (next.js: 3ms, proxy.ts: 2ms, application-code: 115ms)
  └─ ƒ updateWorkspaceLocale({}) in 10ms src/app/actions.ts
 GET /settings?notice=Langue+de+l%E2%80%99espace+mise+%C3%A0+jour. 200 in 92ms (next.js: 2ms, proxy.ts: 3ms, application-code: 87ms)
 POST /settings?notice=Workspace%20language%20updated. 200 in 122ms (next.js: 3ms, proxy.ts: 3ms, application-code: 117ms)
  └─ ƒ updateWorkspaceLocale({}) in 10ms src/app/actions.ts
 GET /settings?notice=Politique+d%E2%80%99approbation+mise+%C3%A0+jour. 200 in 131ms (next.js: 2ms, proxy.ts: 3ms, application-code: 125ms)
 POST /settings?notice=Langue%20de%20l%E2%80%99espace%20mise%20%C3%A0%20jour. 200 in 182ms (next.js: 4ms, proxy.ts: 7ms, application-code: 171ms)
  └─ ƒ updateApprovalPolicy({}) in 20ms src/app/actions.ts
 GET /settings?notice=Identit%C3%A9+de+marque+enregistr%C3%A9e. 200 in 94ms (next.js: 3ms, proxy.ts: 3ms, application-code: 88ms)
 POST /settings?notice=Politique%20d%E2%80%99approbation%20mise%20%C3%A0%20jour. 200 in 122ms (next.js: 4ms, proxy.ts: 4ms, application-code: 114ms)
  └─ ƒ updateBranding({}) in 9ms src/app/actions.ts
 GET /settings?error=Capability+required%3A+approvals.dual 200 in 118ms (next.js: 2.0ms, proxy.ts: 1.8ms, application-code: 115ms)
 POST /settings?notice=Identit%C3%A9%20de%20marque%20enregistr%C3%A9e. 200 in 137ms (next.js: 3ms, proxy.ts: 3ms, application-code: 132ms)
  └─ ƒ updateApprovalPolicy({}) in 7ms src/app/actions.ts
 GET /settings 200 in 241ms (next.js: 2ms, proxy.ts: 2.0ms, application-code: 237ms)
 GET /api/auth/get-session 200 in 22ms (next.js: 6ms, proxy.ts: 3ms, application-code: 13ms)
 GET /api/auth/organization/list 200 in 26ms (next.js: 11ms, proxy.ts: 3ms, application-code: 13ms)
 GET /settings?error=Permission+required%3A+workspace%3Aadmin 200 in 65ms (next.js: 3ms, proxy.ts: 2ms, application-code: 59ms)
 POST /settings 200 in 88ms (next.js: 4ms, proxy.ts: 3ms, application-code: 82ms)
  └─ ƒ updateBranding({}) in 6ms src/app/actions.ts
 GET /support?error=Vous+n%E2%80%99avez+plus+acc%C3%A8s+%C3%A0+cette+page.+Choisissez+une+rubrique+disponible+ou+contactez+un+administrateur. 200 in 99ms (next.js: 2ms, proxy.ts: 3ms, application-code: 94ms)
 GET /support?error=Vous+n%E2%80%99avez+plus+acc%C3%A8s+%C3%A0+cette+page.+Choisissez+une+rubrique+disponible+ou+contactez+un+administrateur. 200 in 82ms (next.js: 7ms, proxy.ts: 6ms, application-code: 69ms)
 GET /settings 307 in 169ms (next.js: 3ms, proxy.ts: 1.9ms, application-code: 164ms)
 GET /portfolio 200 in 167ms (next.js: 4ms, proxy.ts: 3ms, application-code: 160ms)
 GET /api/auth/get-session 200 in 26ms (next.js: 7ms, proxy.ts: 5ms, application-code: 15ms)
 GET /api/auth/organization/list 200 in 28ms (next.js: 12ms, proxy.ts: 5ms, application-code: 11ms)
 GET /portfolio?view_notice=unavailable 200 in 80ms (next.js: 2ms, proxy.ts: 1.8ms, application-code: 76ms)
 POST /portfolio 200 in 101ms (next.js: 3ms, proxy.ts: 3ms, application-code: 95ms)
  └─ ƒ storePortfolioView({}) in 8ms src/app/portfolio-actions.ts
 GET /support?error=Vous+n%E2%80%99avez+plus+acc%C3%A8s+%C3%A0+cette+page.+Choisissez+une+rubrique+disponible+ou+contactez+un+administrateur. 200 in 86ms (next.js: 5ms, proxy.ts: 5ms, application-code: 77ms)
 GET /support?error=Vous+n%E2%80%99avez+plus+acc%C3%A8s+%C3%A0+cette+page.+Choisissez+une+rubrique+disponible+ou+contactez+un+administrateur. 200 in 66ms (next.js: 7ms, proxy.ts: 6ms, application-code: 53ms)
 GET /portfolio 307 in 77ms (next.js: 1.9ms, proxy.ts: 1.9ms, application-code: 73ms)
  ✓  69 [chromium] › e2e/settings-actors-local.spec.ts:6:7 › settings actor fr saves current policy and rejects downgraded or revoked forms (3.7s)
 GET /settings 200 in 224ms (next.js: 2ms, proxy.ts: 1.8ms, application-code: 220ms)
 GET /api/auth/get-session 200 in 20ms (next.js: 6ms, proxy.ts: 2ms, application-code: 12ms)
 GET /api/auth/organization/list 200 in 21ms (next.js: 10ms, proxy.ts: 3ms, application-code: 8ms)
 GET /settings?notice=Langue+de+l%E2%80%99espace+mise+%C3%A0+jour. 200 in 109ms (next.js: 3ms, proxy.ts: 2ms, application-code: 104ms)
 POST /settings 200 in 132ms (next.js: 3ms, proxy.ts: 3ms, application-code: 126ms)
  └─ ƒ updateWorkspaceLocale({}) in 10ms src/app/actions.ts
 GET /settings?notice=Workspace+language+updated. 200 in 101ms (next.js: 2ms, proxy.ts: 1.7ms, application-code: 98ms)
 POST /settings?notice=Langue%20de%20l%E2%80%99espace%20mise%20%C3%A0%20jour. 200 in 121ms (next.js: 2ms, proxy.ts: 2ms, application-code: 117ms)
  └─ ƒ updateWorkspaceLocale({}) in 9ms src/app/actions.ts
 GET /settings?notice=Approval+policy+updated. 200 in 129ms (next.js: 6ms, proxy.ts: 3ms, application-code: 120ms)
 POST /settings?notice=Workspace%20language%20updated. 200 in 153ms (next.js: 3ms, proxy.ts: 2ms, application-code: 147ms)
  └─ ƒ updateApprovalPolicy({}) in 11ms src/app/actions.ts
 GET /settings?notice=Identit%C3%A9+de+marque+enregistr%C3%A9e. 200 in 88ms (next.js: 1.8ms, proxy.ts: 1.5ms, application-code: 84ms)
 POST /settings?notice=Approval%20policy%20updated. 200 in 108ms (next.js: 3ms, proxy.ts: 4ms, application-code: 101ms)
  └─ ƒ updateBranding({}) in 9ms src/app/actions.ts
 GET /settings?error=Capability+required%3A+approvals.dual 200 in 92ms (next.js: 1.6ms, proxy.ts: 3ms, application-code: 88ms)
 POST /settings?notice=Identit%C3%A9%20de%20marque%20enregistr%C3%A9e. 200 in 107ms (next.js: 2ms, proxy.ts: 3ms, application-code: 102ms)
  └─ ƒ updateApprovalPolicy({}) in 5ms src/app/actions.ts
 GET /settings 200 in 211ms (next.js: 2ms, proxy.ts: 1.9ms, application-code: 206ms)
 GET /api/auth/get-session 200 in 20ms (next.js: 5ms, proxy.ts: 3ms, application-code: 12ms)
 GET /api/auth/organization/list 200 in 21ms (next.js: 9ms, proxy.ts: 3ms, application-code: 10ms)
 GET /settings?error=Permission+required%3A+workspace%3Aadmin 200 in 57ms (next.js: 3ms, proxy.ts: 3ms, application-code: 51ms)
 POST /settings 200 in 77ms (next.js: 2ms, proxy.ts: 2ms, application-code: 73ms)
  └─ ƒ updateBranding({}) in 11ms src/app/actions.ts
 GET /support?error=You+no+longer+have+access+to+this+page.+Choose+an+available+section+or+contact+an+administrator. 200 in 81ms (next.js: 2ms, proxy.ts: 1.9ms, application-code: 77ms)
 GET /support?error=You+no+longer+have+access+to+this+page.+Choose+an+available+section+or+contact+an+administrator. 200 in 64ms (next.js: 6ms, proxy.ts: 6ms, application-code: 52ms)
 GET /settings 307 in 100ms (next.js: 3ms, proxy.ts: 3ms, application-code: 94ms)
 GET /portfolio 200 in 159ms (next.js: 2ms, proxy.ts: 1.6ms, application-code: 155ms)
 GET /api/auth/get-session 200 in 22ms (next.js: 6ms, proxy.ts: 3ms, application-code: 14ms)
 GET /api/auth/organization/list 200 in 23ms (next.js: 12ms, proxy.ts: 3ms, application-code: 8ms)
 GET /portfolio?view_notice=unavailable 200 in 47ms (next.js: 1.8ms, proxy.ts: 1.6ms, application-code: 43ms)
 POST /portfolio 200 in 66ms (next.js: 3ms, proxy.ts: 2ms, application-code: 60ms)
  └─ ƒ storePortfolioView({}) in 8ms src/app/portfolio-actions.ts
 GET /support?error=You+no+longer+have+access+to+this+page.+Choose+an+available+section+or+contact+an+administrator. 200 in 79ms (next.js: 2ms, proxy.ts: 2ms, application-code: 75ms)
 GET /support?error=You+no+longer+have+access+to+this+page.+Choose+an+available+section+or+contact+an+administrator. 200 in 59ms (next.js: 5ms, proxy.ts: 4ms, application-code: 50ms)
 GET /portfolio 307 in 73ms (next.js: 2ms, proxy.ts: 1.7ms, application-code: 69ms)
  ✓  70 [chromium] › e2e/settings-actors-local.spec.ts:6:7 › settings actor en saves current policy and rejects downgraded or revoked forms (3.4s)
 GET /tasks 200 in 144ms (next.js: 3ms, proxy.ts: 1.7ms, application-code: 140ms)
 GET /api/auth/get-session 200 in 21ms (next.js: 6ms, proxy.ts: 3ms, application-code: 13ms)
 GET /api/auth/organization/list 200 in 23ms (next.js: 11ms, proxy.ts: 3ms, application-code: 10ms)
 GET /tasks?notice=T%C3%A2che+cr%C3%A9%C3%A9e. 200 in 72ms (next.js: 2ms, proxy.ts: 1.8ms, application-code: 68ms)
 POST /tasks 200 in 93ms (next.js: 3ms, proxy.ts: 2ms, application-code: 88ms)
  └─ ƒ createWorkspaceTask({}) in 9ms src/app/actions.ts
 GET /tasks?id=995db31f-166a-4120-852c-a792fc5cc204 200 in 153ms (next.js: 10ms, proxy.ts: 2.0ms, application-code: 142ms)
 GET /api/auth/get-session 200 in 27ms (next.js: 6ms, proxy.ts: 3ms, application-code: 18ms)
 GET /api/auth/organization/list 200 in 35ms (next.js: 12ms, proxy.ts: 3ms, application-code: 21ms)
 GET /tasks?notice=T%C3%A2che+mise+%C3%A0+jour.&id=995db31f-166a-4120-852c-a792fc5cc204 200 in 79ms (next.js: 2ms, proxy.ts: 1.8ms, application-code: 75ms)
 POST /tasks?id=995db31f-166a-4120-852c-a792fc5cc204 200 in 112ms (next.js: 2ms, proxy.ts: 14ms, application-code: 95ms)
  └─ ƒ updateWorkspaceTask({}) in 10ms src/app/actions.ts
 GET /tasks?notice=T%C3%A2che+mise+%C3%A0+jour.&id=995db31f-166a-4120-852c-a792fc5cc204 200 in 64ms (next.js: 1.8ms, proxy.ts: 1.7ms, application-code: 60ms)
 POST /tasks?notice=T%C3%A2che%20mise%20%C3%A0%20jour.&id=995db31f-166a-4120-852c-a792fc5cc204 200 in 82ms (next.js: 2ms, proxy.ts: 2ms, application-code: 78ms)
  └─ ƒ updateWorkspaceTask({}) in 8ms src/app/actions.ts
 GET /tasks?notice=T%C3%A2che+mise+%C3%A0+jour.&id=995db31f-166a-4120-852c-a792fc5cc204 200 in 75ms (next.js: 2ms, proxy.ts: 1.7ms, application-code: 71ms)
 POST /tasks?notice=T%C3%A2che%20mise%20%C3%A0%20jour.&id=995db31f-166a-4120-852c-a792fc5cc204 200 in 108ms (next.js: 2ms, proxy.ts: 3ms, application-code: 103ms)
  └─ ƒ updateWorkspaceTask({}) in 22ms src/app/actions.ts
 GET /tasks?notice=T%C3%A2che+mise+%C3%A0+jour.&id=995db31f-166a-4120-852c-a792fc5cc204 200 in 84ms (next.js: 2ms, proxy.ts: 1.8ms, application-code: 80ms)
 POST /tasks?notice=T%C3%A2che%20mise%20%C3%A0%20jour.&id=995db31f-166a-4120-852c-a792fc5cc204 200 in 103ms (next.js: 2ms, proxy.ts: 3ms, application-code: 98ms)
  └─ ƒ updateWorkspaceTask({}) in 9ms src/app/actions.ts
 GET /tasks?notice=T%C3%A2che+mise+%C3%A0+jour.&id=995db31f-166a-4120-852c-a792fc5cc204 200 in 72ms (next.js: 8ms, proxy.ts: 1.8ms, application-code: 62ms)
 POST /tasks?notice=T%C3%A2che%20mise%20%C3%A0%20jour.&id=995db31f-166a-4120-852c-a792fc5cc204 200 in 96ms (next.js: 1.9ms, proxy.ts: 2ms, application-code: 92ms)
  └─ ƒ updateWorkspaceTask({}) in 15ms src/app/actions.ts
 GET /tasks?notice=T%C3%A2che+mise+%C3%A0+jour.&id=995db31f-166a-4120-852c-a792fc5cc204 200 in 62ms (next.js: 1.8ms, proxy.ts: 1.5ms, application-code: 59ms)
 POST /tasks?notice=T%C3%A2che%20mise%20%C3%A0%20jour.&id=995db31f-166a-4120-852c-a792fc5cc204 200 in 80ms (next.js: 1.9ms, proxy.ts: 2ms, application-code: 75ms)
  └─ ƒ updateWorkspaceTask({}) in 8ms src/app/actions.ts
 GET /tasks?notice=T%C3%A2che+mise+%C3%A0+jour.&id=995db31f-166a-4120-852c-a792fc5cc204 200 in 70ms (next.js: 3ms, proxy.ts: 2ms, application-code: 65ms)
 POST /tasks?notice=T%C3%A2che%20mise%20%C3%A0%20jour.&id=995db31f-166a-4120-852c-a792fc5cc204 200 in 97ms (next.js: 2ms, proxy.ts: 2ms, application-code: 93ms)
  └─ ƒ updateWorkspaceTask({}) in 17ms src/app/actions.ts
 GET /tasks?error=Transition+de+t%C3%A2che+interdite+%3A+done+%E2%86%92+start.&id=995db31f-166a-4120-852c-a792fc5cc204 200 in 63ms (next.js: 1.8ms, proxy.ts: 1.8ms, application-code: 59ms)
 POST /tasks?notice=T%C3%A2che%20mise%20%C3%A0%20jour.&id=995db31f-166a-4120-852c-a792fc5cc204 200 in 81ms (next.js: 2ms, proxy.ts: 3ms, application-code: 75ms)
  └─ ƒ updateWorkspaceTask({}) in 8ms src/app/actions.ts
 GET /tasks?error=Permission+required%3A+tasks%3Amanage&id=995db31f-166a-4120-852c-a792fc5cc204 200 in 63ms (next.js: 1.8ms, proxy.ts: 1.8ms, application-code: 59ms)
 POST /tasks?error=Transition%20de%20t%C3%A2che%20interdite%20%3A%20done%20%E2%86%92%20start.&id=995db31f-166a-4120-852c-a792fc5cc204 200 in 86ms (next.js: 2ms, proxy.ts: 2ms, application-code: 82ms)
  └─ ƒ updateWorkspaceTask({}) in 14ms src/app/actions.ts
 GET /tasks?notice=Commentaire+ajout%C3%A9.&id=995db31f-166a-4120-852c-a792fc5cc204 200 in 67ms (next.js: 2ms, proxy.ts: 2ms, application-code: 63ms)
 POST /tasks?error=Permission%20required%3A%20tasks%3Amanage&id=995db31f-166a-4120-852c-a792fc5cc204 200 in 87ms (next.js: 2ms, proxy.ts: 2ms, application-code: 82ms)
  └─ ƒ addWorkspaceTaskComment({}) in 10ms src/app/actions.ts
 GET /tasks?error=Workspace+access+state+does+not+allow%3A+tasks%3Acomment&id=995db31f-166a-4120-852c-a792fc5cc204 200 in 74ms (next.js: 2ms, proxy.ts: 1.9ms, application-code: 70ms)
 POST /tasks?notice=Commentaire%20ajout%C3%A9.&id=995db31f-166a-4120-852c-a792fc5cc204 200 in 91ms (next.js: 3ms, proxy.ts: 2ms, application-code: 87ms)
  └─ ƒ addWorkspaceTaskComment({}) in 7ms src/app/actions.ts
 GET /tasks?id=995db31f-166a-4120-852c-a792fc5cc204 200 in 139ms (next.js: 1.8ms, proxy.ts: 1.6ms, application-code: 136ms)
 GET /api/auth/get-session 200 in 30ms (next.js: 10ms, proxy.ts: 3ms, application-code: 18ms)
 GET /api/auth/organization/list 200 in 31ms (next.js: 18ms, proxy.ts: 3ms, application-code: 10ms)
  ✓  71 [chromium] › e2e/task-actors-local.spec.ts:6:7 › task actor fr creates, transitions, comments and rejects stale controls (3.6s)
 GET /tasks 200 in 120ms (next.js: 2ms, proxy.ts: 1.7ms, application-code: 117ms)
 GET /api/auth/get-session 200 in 31ms (next.js: 15ms, proxy.ts: 3ms, application-code: 13ms)
 GET /api/auth/organization/list 200 in 34ms (next.js: 19ms, proxy.ts: 3ms, application-code: 12ms)
 GET /tasks?notice=T%C3%A2che+cr%C3%A9%C3%A9e. 200 in 97ms (next.js: 4ms, proxy.ts: 4ms, application-code: 89ms)
 POST /tasks 200 in 115ms (next.js: 2ms, proxy.ts: 2ms, application-code: 111ms)
  └─ ƒ createWorkspaceTask({}) in 8ms src/app/actions.ts
 GET /tasks?id=fc3df6f9-7a14-4155-b660-b41f95793e50 200 in 138ms (next.js: 2ms, proxy.ts: 1.8ms, application-code: 134ms)
 GET /api/auth/get-session 200 in 20ms (next.js: 5ms, proxy.ts: 3ms, application-code: 13ms)
 GET /api/auth/organization/list 200 in 22ms (next.js: 9ms, proxy.ts: 3ms, application-code: 10ms)
 GET /tasks?notice=T%C3%A2che+mise+%C3%A0+jour.&id=fc3df6f9-7a14-4155-b660-b41f95793e50 200 in 89ms (next.js: 1.9ms, proxy.ts: 1.9ms, application-code: 85ms)
 POST /tasks?id=fc3df6f9-7a14-4155-b660-b41f95793e50 200 in 116ms (next.js: 5ms, proxy.ts: 3ms, application-code: 109ms)
  └─ ƒ updateWorkspaceTask({}) in 10ms src/app/actions.ts
 GET /tasks?notice=T%C3%A2che+mise+%C3%A0+jour.&id=fc3df6f9-7a14-4155-b660-b41f95793e50 200 in 68ms (next.js: 2ms, proxy.ts: 3ms, application-code: 63ms)
 POST /tasks?notice=T%C3%A2che%20mise%20%C3%A0%20jour.&id=fc3df6f9-7a14-4155-b660-b41f95793e50 200 in 81ms (next.js: 1.9ms, proxy.ts: 2ms, application-code: 77ms)
  └─ ƒ updateWorkspaceTask({}) in 5ms src/app/actions.ts
 GET /tasks?notice=T%C3%A2che+mise+%C3%A0+jour.&id=fc3df6f9-7a14-4155-b660-b41f95793e50 200 in 81ms (next.js: 2.0ms, proxy.ts: 2ms, application-code: 76ms)
 POST /tasks?notice=T%C3%A2che%20mise%20%C3%A0%20jour.&id=fc3df6f9-7a14-4155-b660-b41f95793e50 200 in 99ms (next.js: 2ms, proxy.ts: 2ms, application-code: 94ms)
  └─ ƒ updateWorkspaceTask({}) in 8ms src/app/actions.ts
 GET /tasks?notice=T%C3%A2che+mise+%C3%A0+jour.&id=fc3df6f9-7a14-4155-b660-b41f95793e50 200 in 84ms (next.js: 2ms, proxy.ts: 1.9ms, application-code: 80ms)
 POST /tasks?notice=T%C3%A2che%20mise%20%C3%A0%20jour.&id=fc3df6f9-7a14-4155-b660-b41f95793e50 200 in 103ms (next.js: 2ms, proxy.ts: 2ms, application-code: 98ms)
  └─ ƒ updateWorkspaceTask({}) in 9ms src/app/actions.ts
 GET /tasks?notice=T%C3%A2che+mise+%C3%A0+jour.&id=fc3df6f9-7a14-4155-b660-b41f95793e50 200 in 76ms (next.js: 2ms, proxy.ts: 1.9ms, application-code: 72ms)
 POST /tasks?notice=T%C3%A2che%20mise%20%C3%A0%20jour.&id=fc3df6f9-7a14-4155-b660-b41f95793e50 200 in 94ms (next.js: 2ms, proxy.ts: 2ms, application-code: 90ms)
  └─ ƒ updateWorkspaceTask({}) in 9ms src/app/actions.ts
 GET /tasks?notice=T%C3%A2che+mise+%C3%A0+jour.&id=fc3df6f9-7a14-4155-b660-b41f95793e50 200 in 69ms (next.js: 1.8ms, proxy.ts: 2ms, application-code: 66ms)
 POST /tasks?notice=T%C3%A2che%20mise%20%C3%A0%20jour.&id=fc3df6f9-7a14-4155-b660-b41f95793e50 200 in 85ms (next.js: 1.8ms, proxy.ts: 2ms, application-code: 81ms)
  └─ ƒ updateWorkspaceTask({}) in 7ms src/app/actions.ts
 GET /tasks?notice=T%C3%A2che+mise+%C3%A0+jour.&id=fc3df6f9-7a14-4155-b660-b41f95793e50 200 in 81ms (next.js: 2ms, proxy.ts: 2ms, application-code: 77ms)
 POST /tasks?notice=T%C3%A2che%20mise%20%C3%A0%20jour.&id=fc3df6f9-7a14-4155-b660-b41f95793e50 200 in 96ms (next.js: 2ms, proxy.ts: 2ms, application-code: 92ms)
  └─ ƒ updateWorkspaceTask({}) in 6ms src/app/actions.ts
 GET /tasks?error=Transition+de+t%C3%A2che+interdite+%3A+done+%E2%86%92+start.&id=fc3df6f9-7a14-4155-b660-b41f95793e50 200 in 62ms (next.js: 1.7ms, proxy.ts: 2ms, application-code: 58ms)
 POST /tasks?notice=T%C3%A2che%20mise%20%C3%A0%20jour.&id=fc3df6f9-7a14-4155-b660-b41f95793e50 200 in 77ms (next.js: 2ms, proxy.ts: 2ms, application-code: 73ms)
  └─ ƒ updateWorkspaceTask({}) in 7ms src/app/actions.ts
 GET /tasks?error=Permission+required%3A+tasks%3Amanage&id=fc3df6f9-7a14-4155-b660-b41f95793e50 200 in 60ms (next.js: 2ms, proxy.ts: 2ms, application-code: 56ms)
 POST /tasks?error=Transition%20de%20t%C3%A2che%20interdite%20%3A%20done%20%E2%86%92%20start.&id=fc3df6f9-7a14-4155-b660-b41f95793e50 200 in 74ms (next.js: 2ms, proxy.ts: 2ms, application-code: 69ms)
  └─ ƒ updateWorkspaceTask({}) in 5ms src/app/actions.ts
 GET /tasks?notice=Commentaire+ajout%C3%A9.&id=fc3df6f9-7a14-4155-b660-b41f95793e50 200 in 64ms (next.js: 3ms, proxy.ts: 1.6ms, application-code: 60ms)
 POST /tasks?error=Permission%20required%3A%20tasks%3Amanage&id=fc3df6f9-7a14-4155-b660-b41f95793e50 200 in 90ms (next.js: 3ms, proxy.ts: 2ms, application-code: 85ms)
  └─ ƒ addWorkspaceTaskComment({}) in 16ms src/app/actions.ts
 GET /tasks?error=Workspace+access+state+does+not+allow%3A+tasks%3Acomment&id=fc3df6f9-7a14-4155-b660-b41f95793e50 200 in 58ms (next.js: 1.8ms, proxy.ts: 1.7ms, application-code: 55ms)
 POST /tasks?notice=Commentaire%20ajout%C3%A9.&id=fc3df6f9-7a14-4155-b660-b41f95793e50 200 in 75ms (next.js: 2ms, proxy.ts: 2ms, application-code: 70ms)
  └─ ƒ addWorkspaceTaskComment({}) in 6ms src/app/actions.ts
 GET /tasks?id=fc3df6f9-7a14-4155-b660-b41f95793e50 200 in 143ms (next.js: 3ms, proxy.ts: 2ms, application-code: 138ms)
 GET /api/auth/get-session 200 in 27ms (next.js: 8ms, proxy.ts: 3ms, application-code: 15ms)
 GET /api/auth/organization/list 200 in 28ms (next.js: 11ms, proxy.ts: 5ms, application-code: 12ms)
  ✓  72 [chromium] › e2e/task-actors-local.spec.ts:6:7 › task actor en creates, transitions, comments and rejects stale controls (3.3s)
 GET /tasks?workspace=80000000-0000-4000-8000-000000000001&assignee=local-browser-fixture-analyst&status=open 200 in 313ms (next.js: 2ms, proxy.ts: 2.0ms, application-code: 309ms)
 GET /api/auth/get-session 200 in 18ms (next.js: 5ms, proxy.ts: 3ms, application-code: 10ms)
 GET /api/auth/organization/list 200 in 19ms (next.js: 9ms, proxy.ts: 3ms, application-code: 8ms)
 GET /tasks?workspace=80000000-0000-4000-8000-000000000001&assignee=local-browser-fixture-analyst&status=open&cursor=eyJ2IjoxLCJpdiI6Ik5yX2U4blJQb2xDR1dzUWMiLCJ0YWciOiJ3cDlUa1daMDJ0LVNKWVZhTzJ6Z2RnIiwiZGF0YSI6Im9XS1VLMXZZbjBranR6TGVtOTlDOGNpWmF1a2xBZll1clZMNnA4dERhN19mUkJULURiRUVRQ2VMRDdqU2Qzc2MxaDRXX09CeHNNZzU4OUxFV3NSU24tVWVzZUVyRDd0WHZOSW5HdGtIdXFYNWJQelNqajRPaDR3WlZwZ04tajBXZ3RXNC04UVphSDJOd2M4N01pZEw4UmlNNzVIdHkxakRBNmN6S3pYbVg0YXE0cWtsZ0hZcEEzM2hsOXJSbVd2QmM0dEFoYzNnVE1VUW55Y1diOTNZOWdMTUFmTkpOSmE0a21JVGllMTQ5WDExSmFMQjdpOGM4aFNmSVhTUnBCM2Y5T3ByREQyNlJLZ2xqcFFsRFlLWC1OREYxcU5Ea3BZa2IyLUdYMlhralZNWkdkUk1fa3hySFEifQ 200 in 96ms (next.js: 2ms, proxy.ts: 1.9ms, application-code: 92ms)
 GET /tasks?workspace=80000000-0000-4000-8000-000000000001&assignee=local-browser-fixture-analyst&status=open&cursor=eyJ2IjoxLCJpdiI6Im94RmloNkk4b24zNGhYWHgiLCJ0YWciOiJnQ29za09ESzZJSjBNcG42VkNZNE1nIiwiZGF0YSI6Iko2bTFxU1NicDN1RVJsVlpUOVhubW42UG5aOThRaTR1Zld0Tmh5TFJlNE1BaGg2LTR5WUdNMjJSMUVxeDRBQ1REZTdXQ0lfNnJhUXBUVDBKUldUNjZrUjZpRXl1WjU0Q3FOVjVHOVV4NDcxNFhucVZ1REZ5bXNMN25nNUlFbmZmclI5cG1nNk96Y2xLcFhrRzVtRnZmXzIxTEloVHFFSGpGODFKQkZNamxrT2J2ODBnV0xBV0dVdGVRQkx1X2FZdHZqbkR2TmtOQ2d0ZG9Kbjg5MVdtc19mUXV6QjJXMkU0eVZ3UWdGR3ZBYlRLZklGakRZVHhvS2NtUU1YbjVWT1JLWGdIRkhiUDZscEFiZm1LMmhwUXBsM1MxSlVyd0p0VndTcDNQSFZYMktoVHI2alFDdnRoWkEifQ 200 in 52ms (next.js: 3ms, proxy.ts: 3ms, application-code: 46ms)
 GET /tasks?workspace=80000000-0000-4000-8000-000000000002 200 in 106ms (next.js: 2ms, proxy.ts: 2ms, application-code: 102ms)
 GET /api/auth/get-session 200 in 22ms (next.js: 6ms, proxy.ts: 3ms, application-code: 12ms)
 GET /api/auth/organization/list 200 in 23ms (next.js: 12ms, proxy.ts: 3ms, application-code: 8ms)
 GET /tasks 200 in 11ms (next.js: 2ms, proxy.ts: 3ms, application-code: 5ms)
 GET /tasks 200 in 94ms (next.js: 4ms, proxy.ts: 1.8ms, application-code: 89ms)
 GET /tasks 200 in 437ms (next.js: 2.0ms, proxy.ts: 1.9ms, application-code: 433ms)
 GET /api/auth/get-session 200 in 16ms (next.js: 4ms, proxy.ts: 3ms, application-code: 9ms)
 GET /api/auth/organization/list 200 in 16ms (next.js: 3ms, proxy.ts: 3ms, application-code: 11ms)
 GET /tasks?error=Date+d%E2%80%99%C3%A9ch%C3%A9ance+invalide. 200 in 145ms (next.js: 2ms, proxy.ts: 1.8ms, application-code: 141ms)
 POST /tasks 200 in 166ms (next.js: 2ms, proxy.ts: 3ms, application-code: 161ms)
  └─ ƒ createWorkspaceTask({}) in 6ms src/app/actions.ts
  ✓  73 [chromium] › e2e/task-digest-local.spec.ts:5:7 › task digest fr opens the complete assigned collection and rejects impossible deadlines (3.0s)
 GET /tasks?workspace=80000000-0000-4000-8000-000000000001&assignee=local-browser-fixture-analyst&status=open 200 in 334ms (next.js: 2ms, proxy.ts: 1.8ms, application-code: 330ms)
 GET /api/auth/get-session 200 in 20ms (next.js: 5ms, proxy.ts: 4ms, application-code: 11ms)
 GET /api/auth/organization/list 200 in 21ms (next.js: 8ms, proxy.ts: 4ms, application-code: 8ms)
 GET /tasks?workspace=80000000-0000-4000-8000-000000000001&assignee=local-browser-fixture-analyst&status=open&cursor=eyJ2IjoxLCJpdiI6InJhZUZ0aEVfSXpfbHkyaXQiLCJ0YWciOiJYaVFnUU9jTUNzWFRsbGc5cUVnZmtBIiwiZGF0YSI6ImxqREVIQXVRQXpYUDlWYnFtVG5yc25mQ1REUXJvZTh0bkpFTUFxZE1ESVE0UVd6WDdwVmtpNkhabWRzcHhVUTB5Vkw3NXlEZjNqeVkxNTFJX0FBNGVUUmRiZWdIdnBNOGxseVk1X1FoN3gwZTRhbThtaU9SdzJUMm1fVVVRYzhKXzBaZDBFTWxHZmFhaXNJbVJQTHZFTTltZnR3MUhOU0hMQll2VGp2YW0xWTZkVVA3VmRGdHBEbHJ5NTVRb2VjZU9JUVJQdlVCWVZBTVlHdjBjWUIzYkZSV1h2Z2hmX0lxS1habEdmZHVadUZCVTJZb3VlZzZ4SlFCSEJIZGpkRGpUZVU0aDZYRENBd3BVUENnQUk0RWVXTF9kekk3OWxNVG40aUJyNUFENE1uYm1CSkpqRklCX3cifQ 200 in 104ms (next.js: 2ms, proxy.ts: 2ms, application-code: 99ms)
 GET /tasks?workspace=80000000-0000-4000-8000-000000000001&assignee=local-browser-fixture-analyst&status=open&cursor=eyJ2IjoxLCJpdiI6IkFwT3pzZUx0aG9oeGhyZ3YiLCJ0YWciOiJJOWtQZ3Zvckh1RDRKdUhGUjJFNTVRIiwiZGF0YSI6IndYeWw4NE5DcFRDNVU3QzVnRVc5a2s5NmR6UE5VejVDa0lLeFdENjlreFNYMjhaTnZwMmFDb0ZONmZpc0FXVXlqMDYtX05LY0tRYlFaZVkzYWN1ZVltVllaNnZhRk5aOC1UeWdLbmtaRDlhVmNSLVhLbWtkRXlveFVtZk5MejlveTc3RXJTakplYjFwVFVaNDhib0dVWlVTY2V3UWl1cWhxdjNOUm1admtGOEJMQ084U19uSDVSX2NRVDBTdmkzek1yT0ZoVERPVUpCZG5zbmRrdENhazZzUmlBcXpEa1FPSGMweHl0R016YnplRUoxMGlyX0NvZjVYcV8yVG5VLWN1R0ZnWlBjUFptWnlqSTJkM0hVRUFjOUN3NjRnUzVoUV9yN3g3VFFDUnp0Z1E3NmpEbWxYQkEifQ 200 in 48ms (next.js: 3ms, proxy.ts: 2ms, application-code: 43ms)
 GET /tasks?workspace=80000000-0000-4000-8000-000000000002 200 in 99ms (next.js: 2ms, proxy.ts: 1.9ms, application-code: 95ms)
 GET /api/auth/get-session 200 in 21ms (next.js: 7ms, proxy.ts: 3ms, application-code: 11ms)
 GET /api/auth/organization/list 200 in 34ms (next.js: 12ms, proxy.ts: 3ms, application-code: 19ms)
 GET /tasks 200 in 11ms (next.js: 4ms, proxy.ts: 2ms, application-code: 4ms)
 GET /tasks 200 in 90ms (next.js: 3ms, proxy.ts: 2.0ms, application-code: 85ms)
 GET /tasks 200 in 432ms (next.js: 1.9ms, proxy.ts: 2ms, application-code: 428ms)
 GET /api/auth/get-session 200 in 31ms (next.js: 6ms, proxy.ts: 3ms, application-code: 22ms)
 GET /api/auth/organization/list 200 in 33ms (next.js: 10ms, proxy.ts: 3ms, application-code: 20ms)
 GET /tasks?error=Date+d%E2%80%99%C3%A9ch%C3%A9ance+invalide. 200 in 148ms (next.js: 2ms, proxy.ts: 2ms, application-code: 143ms)
 POST /tasks 200 in 167ms (next.js: 3ms, proxy.ts: 2ms, application-code: 162ms)
  └─ ƒ createWorkspaceTask({}) in 7ms src/app/actions.ts
  ✓  74 [chromium] › e2e/task-digest-local.spec.ts:5:7 › task digest en opens the complete assigned collection and rejects impossible deadlines (2.9s)
 GET /audit?q=COLL_AUDIT_ 200 in 168ms (next.js: 3ms, proxy.ts: 2ms, application-code: 162ms)
 GET /api/auth/get-session 200 in 22ms (next.js: 5ms, proxy.ts: 3ms, application-code: 13ms)
 GET /api/auth/organization/list 200 in 24ms (next.js: 10ms, proxy.ts: 3ms, application-code: 12ms)
 POST /audit?q=COLL_AUDIT_ 200 in 126ms (next.js: 2ms, proxy.ts: 12ms, application-code: 112ms)
  └─ ƒ setCookieConsent({}) in 2ms src/app/preferences-actions.ts
 GET /audit?q=COLL_AUDIT_&cursor=eyJ2IjoxLCJpdiI6ImZ4dHdpUElfQkdTWjlHWjQiLCJ0YWciOiJtTV93QURWV3BjQzNqS1dHcjVLRjR3IiwiZGF0YSI6IjF1OHFTQ0w5TzEtYm1QU05fZy0waWpGTFdLdHZoNDcxY2FmWWVDWnhob1Vqanp0SXdwczZkLU5IWG5xcXU3cVFZRDc0X2tYZ0E5N2J2bXhpeEwzZUNubEFBY2dkNUFNSUNOeTBibHJvNTVaLWd6U1dfQnhqSzFYdWV2aGRxcnhsUG50Y01hby1XMjlGM3JrMG01TzkyTnZaWGhoMUFVTTJRREpsbnZIMk9qZ2NOVU1kQjRUNk9ubEY2MVZsUnk5MEdvN2pmUlo4UHYyU05lbV9jQzhMNTVneTF5QXRmLW1kM21iaDFaZVBhSmdTczdvYVh4ZVVlcm5HaGlLaVNteVN4aWlDVDJFU0d3UEZQamY0bU5QQkFUTGkzQm9id2tFTTlzaFlUdDVXMUtqQ3I2czJnOFlBQ1EifQ 200 in 62ms (next.js: 4ms, proxy.ts: 5ms, application-code: 53ms)
 GET /audit?q=COLL_AUDIT_001 200 in 123ms (next.js: 2ms, proxy.ts: 2ms, application-code: 118ms)
 GET /api/auth/get-session 200 in 82ms (next.js: 45ms, proxy.ts: 13ms, application-code: 24ms)
 GET /api/auth/organization/list 200 in 395ms (next.js: 49ms, proxy.ts: 12ms, application-code: 333ms)
 GET /tasks?q=COLL_TASK_ 200 in 462ms (next.js: 3ms, proxy.ts: 2ms, application-code: 456ms)
 GET /api/auth/get-session 200 in 19ms (next.js: 3ms, proxy.ts: 3ms, application-code: 13ms)
 GET /api/auth/organization/list 200 in 20ms (next.js: 8ms, proxy.ts: 3ms, application-code: 9ms)
 GET /tasks?q=COLL_TASK_&status=open&cursor=eyJ2IjoxLCJpdiI6IkFxdWttSlFSMUFxUjRMQWwiLCJ0YWciOiJheVd6Wlo5MElhMHVVcEJVcUgzOXF3IiwiZGF0YSI6IkxxdmpaUlBqS0xqcFdtal9XX243a1dPMjNqM1lLdWoyMUI4VU1acFFiUzlFN0c0RjBndUE4MWNxYjNadHJMSFRhVXNPeHl5SmZJMjVCYkM4OVBBaVFBaVZLX3JUYmV0S1pLd1FiQ0ZKNGtBVXEzclYxRjQ2ZUNwMFdqV2drZEtaQUZUTGNkbF8yU1JMQ2M5TzB6TlljMV9BLUhCMGRmUW5pYjJranA0NF9iV01PLUxObWFWVDlPRmM2Q243NFFzc0RHZ3RvV0piNW9yd0dzUVpCRlFGc29KdkRlVGViX1ZBX2tYU3U1UnZ5SEtwM0hmdG0tMkFOVDkyRHVEYXF2UXlEMTJnQXRtZnk5cXhkdk9KcHhVSGpjcUpBcVlhZFM0VTlxZUxuZlZHVUtKXzI1NFF6QjhIdlEifQ 200 in 126ms (next.js: 3ms, proxy.ts: 2ms, application-code: 121ms)
 GET /tasks?q=COLL_TASK_001&status=open 200 in 139ms (next.js: 2ms, proxy.ts: 1.9ms, application-code: 135ms)
 GET /api/auth/get-session 200 in 40ms (next.js: 6ms, proxy.ts: 3ms, application-code: 30ms)
 GET /api/auth/organization/list 200 in 42ms (next.js: 13ms, proxy.ts: 3ms, application-code: 26ms)
 GET /tasks?notice=Commentaire+ajout%C3%A9.&id=37fda15d-fdb7-488b-b843-465a7b7c2313 200 in 78ms (next.js: 2ms, proxy.ts: 2ms, application-code: 74ms)
 POST /tasks?q=COLL_TASK_001&status=open 200 in 103ms (next.js: 3ms, proxy.ts: 3ms, application-code: 97ms)
  └─ ƒ addWorkspaceTaskComment({}) in 8ms src/app/actions.ts
 GET /discussions/tasks/37fda15d-fdb7-488b-b843-465a7b7c2313 200 in 54ms (next.js: 7ms, proxy.ts: 2ms, application-code: 45ms)
 GET /discussions/tasks/37fda15d-fdb7-488b-b843-465a7b7c2313?cursor=eyJ2IjoxLCJpdiI6Ikw5VEN1elFMdHN6alFrUHMiLCJ0YWciOiJlblltVmJQS1BhcnBFaUFxRHczSEd3IiwiZGF0YSI6InZhQ19GLVE0ZmttVmVjVzVuWE8zX1owSVY5X0JlNG83OGFfQkktYXNwSGZiNzdNTjNQUWVjaUJxUkpneWY5cDBQZXdYOU1WbzI0NjdqOUxmcVpoY1JwTWVKT2UtejRWcEVwZklPcngwVEpGOUtzMkFvU1dtMnZYV0JMWFgteFYwS3FlWWN2NlJHV1B1UkFtekZjQUVlTTMzRmFVUVNBQ0JvZUdKUFFaNUhLOTR6RnJoczYzNXF2OUZjTHB2bzhIOGFVOXBCZF9MT09POWhNWlJTWldZYjdyaDRvUmU0SWNYTWcwV1JRdGh5ZVdyZlNTdFVlNWV0VDJGMGdpRGhoaG04eVgxVFlxNDRIaWR2ejJCMVY1SUlGRXNDVFN6VVBZZzR0ZzBPSTEtN3hrSVFIeE1OUnI0UGcifQ 200 in 81ms (next.js: 4ms, proxy.ts: 3ms, application-code: 74ms)
 GET /discussions/tasks/37fda15d-fdb7-488b-b843-465a7b7c2313?q=COLL_MESSAGE_001 200 in 146ms (next.js: 4ms, proxy.ts: 4ms, application-code: 138ms)
 GET /api/auth/get-session 200 in 26ms (next.js: 11ms, proxy.ts: 3ms, application-code: 13ms)
 GET /api/auth/organization/list 200 in 29ms (next.js: 16ms, proxy.ts: 3ms, application-code: 10ms)
 GET /alerts?q=COLL_ALERT_ 200 in 470ms (next.js: 5ms, proxy.ts: 1.8ms, application-code: 464ms)
 GET /api/auth/get-session 200 in 24ms (next.js: 5ms, proxy.ts: 3ms, application-code: 15ms)
 GET /api/auth/organization/list 200 in 26ms (next.js: 10ms, proxy.ts: 3ms, application-code: 13ms)
 GET /alerts?q=COLL_ALERT_&cursor=eyJ2IjoxLCJpdiI6IktqWi1zWWRJdDgwdFA3RW0iLCJ0YWciOiJNY21FY0FKYXVwUHNsOXdvRHBZeVhRIiwiZGF0YSI6IlBXdHIxSVR1bVhLc29TQUFPYWxySE10V1ZWcFVpVEFmaHJWQ0N4T0FmMW1TNS0zazNrSUxaZjZuTmYzQjZwTXNNVjlheEticmJhWHlwanZTZWg3RDN1aW9jd05rNll3R1VLeEh5UHBZYzZxQ3RTcmVaQnNPTzBnbXAwbVM3ZUtoQk5HcS00QjJ5TXFmOWk1NFh3RkNySnlHMGNVYWZTY2FIYzBnckQ3RWtYd3FkV1o3MlhJTm9lQlB1amthdHpoUWx4LUYwZlljMjVkXzZYRkRCa1EtVjVGbWs0U2lGTW83U0NTRnBQZG1ZVXRQZk9IZk1zdEhJT0hYcFk4Z0VYSVhJMUFRMnVXam1wZGVKcFhxNzdZRm9DWUxWWExXUkVBbnczdHYxaGthZ3FJUXhRSERTQ2ZMc1EifQ 200 in 113ms (next.js: 3ms, proxy.ts: 3ms, application-code: 108ms)
 GET /alerts?q=COLL_ALERT_001&status= 200 in 153ms (next.js: 2ms, proxy.ts: 2ms, application-code: 149ms)
 GET /api/auth/get-session 200 in 85ms (next.js: 60ms, proxy.ts: 11ms, application-code: 13ms)
 GET /api/auth/organization/list 200 in 88ms (next.js: 64ms, proxy.ts: 11ms, application-code: 13ms)
 GET /approvals?q=COLL_APPROVAL_ 200 in 419ms (next.js: 4ms, proxy.ts: 2ms, application-code: 412ms)
 GET /api/auth/get-session 200 in 35ms (next.js: 5ms, proxy.ts: 5ms, application-code: 25ms)
 GET /api/auth/organization/list 200 in 38ms (next.js: 9ms, proxy.ts: 5ms, application-code: 23ms)
 GET /approvals?q=COLL_APPROVAL_&cursor=eyJ2IjoxLCJpdiI6IkppS3NLRnh2Y2MyLUJrb0giLCJ0YWciOiJiQTIzbS1MdWVzMGNFM3pweTIzbU1nIiwiZGF0YSI6InNGMjB3Nm53cnJ3dHVSN2NvSTZHSnR4aWxXYUxIUnd2Y2NfWmlORzc3cFpIUy14ZDdNdGVpWXNTdHl2MmpzZDdwdThhZF9ubEJBWFM2LUFweVJHUHVCN1NielhKYnJXNmFKeUhqMEE2alJ5cmdjaUE5RF96R3Y1MDdCS00yM1RKVEZzMC1YeF9ocWFuazZ1b1V1cFk5VEtDN0l1RmFkYmUzcWhGZEp3c2pZMXY4YUNCcFh0WE5SaElsWk1lM1M1a2U5OE9McVB6UlVLU3FSRkVYVjNPUjJtY1E2aUpYQTB0OUNONnV1MUJwR0oxdGJ0Z3k4d0lfY01EbXlUdDhXczBHN3o5b0F4NDJqNXh6YThRY0dVejdrSFBhcUNuTW9JTUFRNWdTOE9TSDdFZVozaGdhTVdidWcifQ 200 in 122ms (next.js: 3ms, proxy.ts: 3ms, application-code: 117ms)
 GET /approvals?q=COLL_APPROVAL_001&status= 200 in 139ms (next.js: 2ms, proxy.ts: 3ms, application-code: 134ms)
 GET /api/auth/get-session 200 in 81ms (next.js: 44ms, proxy.ts: 11ms, application-code: 25ms)
 GET /api/auth/organization/list 200 in 280ms (next.js: 48ms, proxy.ts: 11ms, application-code: 221ms)
 GET /support?q=COLL_SUPPORT_ 200 in 344ms (next.js: 4ms, proxy.ts: 1.9ms, application-code: 339ms)
 GET /api/auth/get-session 200 in 31ms (next.js: 15ms, proxy.ts: 6ms, application-code: 9ms)
 GET /api/auth/organization/list 200 in 54ms (next.js: 9ms, proxy.ts: 7ms, application-code: 38ms)
 GET /support?q=COLL_SUPPORT_&cursor=eyJ2IjoxLCJpdiI6IjkyVzhtbkIwYmQzRVVFckMiLCJ0YWciOiJuY1Q2Uy1wcENqNTlCWDRlUDVlN21BIiwiZGF0YSI6IkFDLVc2TGlsa1g3akItQ1RndWVUNVdINklTLXZ6UnpReTJ2bG9BeDZjcDBub0pGNS1MTDRMVllLenRfcWdyTVl1b3YzYVJ1QlR4QW1HZkpVbzNiUExUOG5MVUtxNktLN0FXcnJpM1M5V1lJWmNkekxveVA3NlNPMWZGWkxYSzJ1NWRvTURibVF6V3hzQ3JCY0Z3QkUzOVVieFFHQkFsaDlyejJVQVV1UFJJYlhCd2ZBQ0JrRjRFTkZDSTVnZms2Qk5ycUlTT1VSWnBiVEpjQnBCaFNFWFFOa0xVclpxR3FYUzR3QzkxZU82a3QwemJkbHdoT01WeU5QUkhCOUw4RFZJcXdnZ1dYdzhienRPUlFJaUI0U25fZ1NHY0pZbGJsU3duMG1OS0tqTDJmcDVEbExhTDNIUEEifQ 200 in 109ms (next.js: 5ms, proxy.ts: 10ms, application-code: 94ms)
 GET /support?q=COLL_SUPPORT_001&status= 200 in 145ms (next.js: 2ms, proxy.ts: 2ms, application-code: 140ms)
 GET /api/auth/get-session 200 in 24ms (next.js: 6ms, proxy.ts: 3ms, application-code: 14ms)
 GET /api/auth/organization/list 200 in 25ms (next.js: 12ms, proxy.ts: 4ms, application-code: 10ms)
 GET /tasks?cursor=forged 200 in 134ms (next.js: 2ms, proxy.ts: 1.7ms, application-code: 130ms)
 GET /api/auth/get-session 200 in 34ms (next.js: 17ms, proxy.ts: 5ms, application-code: 12ms)
 GET /api/auth/organization/list 200 in 37ms (next.js: 20ms, proxy.ts: 5ms, application-code: 11ms)
 GET /support?q=COLL_SUPPORT_ 200 in 98ms (next.js: 2ms, proxy.ts: 2.0ms, application-code: 94ms)
 GET /api/auth/get-session 200 in 99ms (next.js: 37ms, proxy.ts: 32ms, application-code: 30ms)
 GET /api/auth/organization/list 200 in 93ms (next.js: 33ms, proxy.ts: 29ms, application-code: 31ms)
 GET /discussions/support/8ef6562c-322b-4a9b-bba5-8a8a8d45bee6 404 in 130ms (next.js: 5ms, proxy.ts: 2ms, application-code: 123ms)
  ✓  75 [chromium] › e2e/workspace-collections-local.spec.ts:14:53 › workspace collection navigation › searches older records and conversations in fr (8.1s)
 GET /audit?q=COLL_AUDIT_ 200 in 162ms (next.js: 2ms, proxy.ts: 2ms, application-code: 158ms)
 GET /api/auth/get-session 200 in 23ms (next.js: 6ms, proxy.ts: 3ms, application-code: 14ms)
 GET /api/auth/organization/list 200 in 26ms (next.js: 11ms, proxy.ts: 3ms, application-code: 12ms)
 POST /audit?q=COLL_AUDIT_ 200 in 134ms (next.js: 2ms, proxy.ts: 4ms, application-code: 128ms)
  └─ ƒ setCookieConsent({}) in 2ms src/app/preferences-actions.ts
 GET /audit?q=COLL_AUDIT_&cursor=eyJ2IjoxLCJpdiI6InM0Z0ZKVEVwSG5HdmZPN3giLCJ0YWciOiJfeXloLWkyVFlueTBla2ZVODlfTmZBIiwiZGF0YSI6IlpfQ01XOW1DVHZtX09BcmRpbHlkYkN4MVJBb3ExNlpsT0tQSzdOaGxMSTRzMlZwaU5DSEVjNVVjSzJscy1vcXFwbU5haDhLUnZNWmI3RUtKcnVULUZtRGxhU3lIcE1FZlVhcFdfeG9GUVlRRUhuU1FHd2ItVy0tOGNZbUc5Z0xWRkpMMkQ5Skd4NmZMaUl2X0RLa2JqeGNnN1RHLUgtcm5xZ1hKYlhiXzZldmdxemVEazhpXy11YVc4MHcxUW56UHkwT3hXTzRQUlEzN2F4M0dBSGhfZF8tNzdNSV9IOHVPYmF2YnRvS3pxUmlwTHlWSWZudE4tR3BMS1I5cU1ZV0dHaTVtaGlBemhrbG51UWxVa0p2ZC11NkxySURlNDFnMkd2QUpaamhkeF9SQTQzQW5vRE5obHcifQ 200 in 75ms (next.js: 15ms, proxy.ts: 3ms, application-code: 57ms)
 GET /audit?q=COLL_AUDIT_001 200 in 126ms (next.js: 1.9ms, proxy.ts: 2ms, application-code: 122ms)
 GET /api/auth/get-session 200 in 93ms (next.js: 56ms, proxy.ts: 13ms, application-code: 24ms)
 GET /api/auth/organization/list 200 in 396ms (next.js: 59ms, proxy.ts: 13ms, application-code: 324ms)
 GET /tasks?q=COLL_TASK_ 200 in 465ms (next.js: 2ms, proxy.ts: 2ms, application-code: 460ms)
 GET /api/auth/get-session 200 in 17ms (next.js: 3ms, proxy.ts: 3ms, application-code: 11ms)
 GET /api/auth/organization/list 200 in 18ms (next.js: 7ms, proxy.ts: 2ms, application-code: 8ms)
 GET /tasks?q=COLL_TASK_&status=open&cursor=eyJ2IjoxLCJpdiI6IjExVFduRzNUS21oY1I0YjIiLCJ0YWciOiJkTEtVMW9EeU14WDdqa1BXVkhhTmp3IiwiZGF0YSI6InVnbzV3R0RUdTl5dGtCelZGazhtTHdHcmxYSTBveGd6WVdHeTA4QTliLUdEeWlCMUQ4LUhpTENNX21NeWFPOF9nWmhsVHNRbHFuOFZwSTJ4N24zU1puWldObWROdW1CWjNvS3BpZkRzSzBUQkVkMUlQSVJFNmstLXdRYTI1aU82XzJESTd3Zmg3M3pFVmVCQVdRb09heFlBUkZadk1HeFhRZmlfVFgybXJGaEV3OFJicGRjUXRFVE9SOU9LQWNFdXFVTDQxbDM1TlFJb3V1NEZ1ZDhjWlB5QWcxOXoxWFFLVUI1aGhNUWlxRWM0TEdMM3V0TGJvRDY3ZDBQLU5zdkFYSFdwZTFjNFd0YmNFeFRiUVhpbzBFcU9kMkQ0TE1oYW5WMTNkSkE2am1uTy1kYkpHMGs0MncifQ 200 in 130ms (next.js: 2ms, proxy.ts: 3ms, application-code: 126ms)
 GET /tasks?q=COLL_TASK_001&status=open 200 in 154ms (next.js: 2ms, proxy.ts: 3ms, application-code: 149ms)
 GET /api/auth/get-session 200 in 24ms (next.js: 7ms, proxy.ts: 6ms, application-code: 11ms)
 GET /api/auth/organization/list 200 in 26ms (next.js: 10ms, proxy.ts: 6ms, application-code: 9ms)
 GET /tasks?notice=Commentaire+ajout%C3%A9.&id=2e7c61c2-f3ad-4eca-9e50-40b46573d989 200 in 86ms (next.js: 2ms, proxy.ts: 1.9ms, application-code: 81ms)
 POST /tasks?q=COLL_TASK_001&status=open 200 in 108ms (next.js: 2ms, proxy.ts: 3ms, application-code: 103ms)
  └─ ƒ addWorkspaceTaskComment({}) in 11ms src/app/actions.ts
 GET /discussions/tasks/2e7c61c2-f3ad-4eca-9e50-40b46573d989 200 in 51ms (next.js: 5ms, proxy.ts: 2ms, application-code: 44ms)
 GET /discussions/tasks/2e7c61c2-f3ad-4eca-9e50-40b46573d989?cursor=eyJ2IjoxLCJpdiI6ImU3V3NId01qQXVqTlQ1blYiLCJ0YWciOiJoUWRpZjFORVV0NUtFZEliS0xyc1pBIiwiZGF0YSI6IkpiRHRNazlYU1BjN3lHM0ZneXNDdDhWVlAyRlJKX3Y2VzA0MzgwTXlCUk11cEdRQzlWVEllUV9TOS1rUXdUX2FZTER6bDJHR1BoeWpLYUxVUjBSZUFaMmxEX3lFSk1uY0ZFX29iWTV0RE5fZ1dycGR2cktOOWV4Y1l2RDQxLUJHd0FLSU9QQUoyeVhrYUxOWEVOZVgtVW43U0w2SzltVzZJbjREOHBXd1M1cllUMTBUa3A4TC1jNEllOVZ5Vmctd1lYdjVmdEt0Y0VNNE9iZDZIdEU4R1FsX1M2V19lUXdnNDlWSUY3OU5xelozVnFSTjY1bUkxVVgzOEFxckZiM240MEtkc0daNUQwbGR4SFdiTzZ6SG1GdXB1MlpiZFhIdUVEUnlLYXVORE5IUGUtdFNtZWVaU0EifQ 200 in 54ms (next.js: 4ms, proxy.ts: 3ms, application-code: 48ms)
 GET /discussions/tasks/2e7c61c2-f3ad-4eca-9e50-40b46573d989?q=COLL_MESSAGE_001 200 in 142ms (next.js: 4ms, proxy.ts: 4ms, application-code: 135ms)
 GET /api/auth/get-session 200 in 29ms (next.js: 6ms, proxy.ts: 5ms, application-code: 19ms)
 GET /api/auth/organization/list 200 in 33ms (next.js: 14ms, proxy.ts: 5ms, application-code: 14ms)
 GET /alerts?q=COLL_ALERT_ 200 in 486ms (next.js: 4ms, proxy.ts: 5ms, application-code: 476ms)
 GET /api/auth/get-session 200 in 27ms (next.js: 6ms, proxy.ts: 3ms, application-code: 19ms)
 GET /api/auth/organization/list 200 in 29ms (next.js: 9ms, proxy.ts: 3ms, application-code: 18ms)
 GET /alerts?q=COLL_ALERT_&cursor=eyJ2IjoxLCJpdiI6IldHd1VEcG5VZFNRX21tZGciLCJ0YWciOiJWeENtZHhYYjc0d1QyT3BFQjJJMExRIiwiZGF0YSI6ImJjdXV5ZmR0djhVRUZUc3FjcVRMeHJlZmNhM0RpYi1NY2N2X2d1RXZZcmdMamZnYXVuWFc3b21ScE5lenBuejZSeTBReTNJYUFkY2FDcFRaekNLRmFRZ3pkdGJzR0ZIbU8zRFo4ZjVQNlFVWHZXY0UtZTN2bmpnR2gxcXFWYXZ0bERYUmdVQ2VDWkxGUlVxUjA4dTRoYzRRQldjWU44cVdDUzI1dlhlSUdhOUtzZGdRTmhkRTU1UHBBZHJMa2dzZER1Vmk0MUZ4dkxOUU5hMTU4dWtFYml4ZUwySXZ0MzFRRGc1X3JEWmlUQVd4TWUzallmWVZ4dFdzRGdWcUtNSUNmOVFha0dTRldIQTRobGxMZUVyeTlHUnRYS0RnMklOMVZwT1B2Ymozamxpc0txQnpGdGZmaXcifQ 200 in 110ms (next.js: 3ms, proxy.ts: 5ms, application-code: 103ms)
 GET /alerts?q=COLL_ALERT_001&status= 200 in 165ms (next.js: 2ms, proxy.ts: 2ms, application-code: 161ms)
 GET /api/auth/get-session 200 in 109ms (next.js: 23ms, proxy.ts: 28ms, application-code: 58ms)
 GET /api/auth/organization/list 200 in 103ms (next.js: 51ms, proxy.ts: 12ms, application-code: 39ms)
 GET /approvals?q=COLL_APPROVAL_ 200 in 486ms (next.js: 3ms, proxy.ts: 4ms, application-code: 479ms)
 GET /api/auth/get-session 200 in 21ms (next.js: 4ms, proxy.ts: 4ms, application-code: 13ms)
 GET /api/auth/organization/list 200 in 23ms (next.js: 8ms, proxy.ts: 4ms, application-code: 10ms)
 GET /approvals?q=COLL_APPROVAL_&cursor=eyJ2IjoxLCJpdiI6IlduWW1hMmcxVHZER2lkNnMiLCJ0YWciOiJWQ3g2bGtWSTJ4YnZaNVFESVlFbXZRIiwiZGF0YSI6IkVKaHNiVUhQR1ptazQtLVZUNU1lV3A3blhhQk42aUVfczFyckFUZmRCM2VJblVQa2dTSmtMRExuc3VORC1VaGlaWWxrNHAwN2tNdk5WS1o2c1M3S2t0UldJeDU3LUhVNGUwTE1kZE4xTHY2Y253TTktal9xSlhoZ0U0RVVSMlBTSWFUN2N0eWFTWWFudDJzbURQM1ZRcmh6ZGxsY05zZ2xKczRFcFhhMFdHR2wzc29DZlJ4NXN4Yy1ld0xSMWxHb0lfYi1BTTZpYTFmanpXNDQ2ejdjcUNubjlETnAtaldwdmZONHpSSXV2bkV5Q1ltQjhTTnhab3cwemxRM1JYcmVkVFhiUjBOSUdrNDNfcE54RHBDWnlYMEpQbzlZbTg1S09YVm5DMlU3TTVEQ2xISlBWRzhoU3cifQ 200 in 144ms (next.js: 3ms, proxy.ts: 3ms, application-code: 138ms)
 GET /approvals?q=COLL_APPROVAL_001&status= 200 in 118ms (next.js: 2ms, proxy.ts: 2ms, application-code: 113ms)
 GET /api/auth/get-session 200 in 74ms (next.js: 43ms, proxy.ts: 9ms, application-code: 22ms)
 GET /api/auth/organization/list 200 in 257ms (next.js: 54ms, proxy.ts: 8ms, application-code: 195ms)
 GET /support?q=COLL_SUPPORT_ 200 in 320ms (next.js: 2ms, proxy.ts: 3ms, application-code: 315ms)
 GET /api/auth/get-session 200 in 22ms (next.js: 4ms, proxy.ts: 2ms, application-code: 16ms)
 GET /api/auth/organization/list 200 in 24ms (next.js: 12ms, proxy.ts: 2ms, application-code: 9ms)
 GET /support?q=COLL_SUPPORT_&cursor=eyJ2IjoxLCJpdiI6ImZNUjRGUlRBeV9GNmU1V3MiLCJ0YWciOiIxYWZvSDA3aWxQb0xLX2xRZzBTckxBIiwiZGF0YSI6Ink5VGVsTGY3NEJVelNxc0pGMFpBYS1XbFJBMzdNamNhVXBiTXhURFFIQzVDbzNkM0VSZ0lKX0ZaYjJoa1BhdWtVTngtUXhSdmNTNWVnTnc4SDFjZ19Hd2xCVUdkZlFaSjJKVU42ZEFRLURiZDdoNE5LTF80TWhEQmkyeGpsYUo1VnMwbWhQcmZMX0dkTk1UeGJZdjNFNGV0ZllCa1ZpZW1mWGFPREdTcG9Hdm1OTVlUVEFtMWFSdzZoSG9aRVN4ZEFvTkNuUlNPT1BjTjF6ZkUtQW93b1gxQjZBU2RHRDNRdmhIVVpJb1cyaVZKSEdoMGtpZU5Ea2UzNVgxZjdPbDI0X0FCM1QxbGw3aUpnYm5GUnFJVVJ1Nlp2WHV0bEtycTlvYWJpZWl0cEFSX0R4b3cxQUVGRGcifQ 200 in 164ms (next.js: 4ms, proxy.ts: 3ms, application-code: 157ms)
 GET /support?q=COLL_SUPPORT_001&status= 200 in 125ms (next.js: 2ms, proxy.ts: 2ms, application-code: 120ms)
 GET /api/auth/get-session 200 in 23ms (next.js: 6ms, proxy.ts: 3ms, application-code: 14ms)
 GET /api/auth/organization/list 200 in 25ms (next.js: 9ms, proxy.ts: 4ms, application-code: 13ms)
 GET /tasks?cursor=forged 200 in 135ms (next.js: 2ms, proxy.ts: 3ms, application-code: 130ms)
 GET /api/auth/get-session 200 in 31ms (next.js: 12ms, proxy.ts: 3ms, application-code: 15ms)
 GET /api/auth/organization/list 200 in 35ms (next.js: 6ms, proxy.ts: 3ms, application-code: 26ms)
 GET /support?q=COLL_SUPPORT_ 200 in 125ms (next.js: 2ms, proxy.ts: 1.9ms, application-code: 120ms)
 GET /api/auth/get-session 200 in 132ms (next.js: 29ms, proxy.ts: 33ms, application-code: 70ms)
 GET /api/auth/organization/list 200 in 121ms (next.js: 32ms, proxy.ts: 22ms, application-code: 67ms)
 GET /discussions/support/f991f118-783e-45f3-8bcb-69459f5e8c14 404 in 172ms (next.js: 5ms, proxy.ts: 1.8ms, application-code: 165ms)
 GET /api/auth/organization/list 200 in 21ms (next.js: 14ms, proxy.ts: 3ms, application-code: 4ms)
 GET /api/auth/get-session 200 in 22ms (next.js: 8ms, proxy.ts: 3ms, application-code: 10ms)
  ✓  76 [chromium] › e2e/workspace-collections-local.spec.ts:14:53 › workspace collection navigation › searches older records and conversations in en (8.1s)

  76 passed (3.5m)
{"ok":true,"cleaned":"local-browser-fixtures"}
[?25h
