
> @yodev/ads@0.1.0 test:e2e:local
> node scripts/verify-local-browser.mjs

{"ok":true,"fixtureRoles":["owner","admin","strategist","analyst","client"],"foreignExportId":"80000000-0000-4000-8000-000000000003"}

> @yodev/ads@0.1.0 dev
> next dev --hostname 127.0.0.1 --port 3017

▲ Next.js 16.3.0 (Turbopack)
- Local:         http://127.0.0.1:3017
- Network:       http://127.0.0.1:3017
- Environments: .env.local
✓ Ready in 270ms
✓ Running next.config.ts took 402ms
- Experiments (use with caution):
  · clientTraceMetadata

 GET /sign-in 200 in 2.2s (next.js: 1678ms, proxy.ts: 160ms, application-code: 343ms)
 POST /api/auth/sign-in/email 200 in 912ms (next.js: 739ms, proxy.ts: 4ms, application-code: 169ms)
 POST /api/auth/sign-in/email 200 in 83ms (next.js: 4ms, proxy.ts: 2ms, application-code: 77ms)
 POST /api/auth/sign-in/email 200 in 79ms (next.js: 2ms, proxy.ts: 2ms, application-code: 74ms)
 POST /api/auth/sign-in/email 200 in 77ms (next.js: 1.9ms, proxy.ts: 2ms, application-code: 73ms)
 POST /api/auth/sign-in/email 200 in 89ms (next.js: 11ms, proxy.ts: 2ms, application-code: 76ms)
 GET /dashboard 200 in 551ms (next.js: 192ms, proxy.ts: 2ms, application-code: 356ms)
 GET /settings 200 in 227ms (next.js: 29ms, proxy.ts: 2ms, application-code: 195ms)
 GET /billing 200 in 153ms (next.js: 13ms, proxy.ts: 2ms, application-code: 138ms)
 GET /support 200 in 129ms (next.js: 14ms, proxy.ts: 2ms, application-code: 113ms)
 GET /accounts 200 in 119ms (next.js: 14ms, proxy.ts: 1.8ms, application-code: 104ms)
 GET /history 200 in 122ms (next.js: 14ms, proxy.ts: 1.8ms, application-code: 106ms)
 GET /alerts 200 in 135ms (next.js: 21ms, proxy.ts: 2ms, application-code: 112ms)
 GET /tasks 200 in 148ms (next.js: 21ms, proxy.ts: 1.9ms, application-code: 125ms)
 GET /approvals 200 in 126ms (next.js: 21ms, proxy.ts: 1.8ms, application-code: 103ms)
 GET /reports 200 in 176ms (next.js: 19ms, proxy.ts: 1.9ms, application-code: 155ms)
 GET /audit 200 in 120ms (next.js: 19ms, proxy.ts: 1.9ms, application-code: 99ms)
 GET /agents 200 in 172ms (next.js: 17ms, proxy.ts: 1.8ms, application-code: 153ms)
 GET / 200 in 96ms (next.js: 17ms, proxy.ts: 1.8ms, application-code: 77ms)
 GET /privacy 200 in 48ms (next.js: 12ms, proxy.ts: 1.7ms, application-code: 34ms)
 GET /terms 200 in 47ms (next.js: 12ms, proxy.ts: 1.6ms, application-code: 33ms)
 GET /subprocessors 200 in 102ms (next.js: 41ms, proxy.ts: 1.9ms, application-code: 59ms)
 GET /status 200 in 95ms (next.js: 34ms, proxy.ts: 2ms, application-code: 58ms)
 GET /sign-in 200 in 35ms (next.js: 5ms, proxy.ts: 3ms, application-code: 27ms)
 GET /sign-up 200 in 300ms (next.js: 271ms, proxy.ts: 1.7ms, application-code: 27ms)
Local browser states ready in /var/folders/9h/sbxl7zl90j9_wc743xft5j8h0000gn/T/yodev-ads-browser-BOhcaK

Running 53 tests using 1 worker

(node:81254) Warning: The 'NO_COLOR' env is ignored due to the 'FORCE_COLOR' env being set.
(Use `node --trace-warnings ...` to show where the warning was created)
 GET /operations 200 in 319ms (next.js: 23ms, proxy.ts: 2ms, application-code: 294ms)
 GET /api/auth/get-session 200 in 25ms (next.js: 5ms, proxy.ts: 3ms, application-code: 16ms)
 GET /api/auth/organization/list 200 in 27ms (next.js: 11ms, proxy.ts: 3ms, application-code: 13ms)
  ✓   1 [chromium] › e2e/activation-local.spec.ts:6:7 › operations counts published reports and excludes legacy or future activation (949ms)
 GET /insights?client=80000000-0000-4000-8000-000000000091 200 in 416ms (next.js: 51ms, proxy.ts: 3ms, application-code: 363ms)
 GET /api/auth/get-session 200 in 20ms (next.js: 5ms, proxy.ts: 3ms, application-code: 12ms)
 GET /api/auth/organization/list 200 in 22ms (next.js: 9ms, proxy.ts: 3ms, application-code: 10ms)
 POST /insights?client=80000000-0000-4000-8000-000000000091 200 in 157ms (next.js: 2.0ms, proxy.ts: 3ms, application-code: 152ms)
  └─ ƒ setCookieConsent({}) in 2ms src/app/preferences-actions.ts
 GET /insights/devices?client=80000000-0000-4000-8000-000000000091 200 in 533ms (next.js: 436ms, proxy.ts: 3ms, application-code: 94ms)
 GET /insights/devices?client=80000000-0000-4000-8000-000000000091&cursor=eyJ2IjoxLCJpdiI6IkZCZHF2Sl9ta2ZwMWZtcEciLCJ0YWciOiJrQ24zaTdUaU5tcm81bngzTzY1YTd3IiwiZGF0YSI6IjF5bHhxOUVpbG10Y2F5RWtCUzRjWWQzVWRJcFB6UWpEemRWeXlYTFQxaGRsWGFkYVFVSm1kelBBSlRJYkpBWWhaLWpTbzd1U3QxVWxxcnVTLWJjS29US3JTWm91bF9Tbnl2OVE4ODFld09pekZ4OTlpOXlycXNhNGg5MVdXZ2xvR0w0YVp2NUhDNXJ2enZIX3JWeFBObmtoUl93OGhXUzhDWlFkQldMNWNyOUhmNS1RWHJraUJoVGFpVS1ZS25JeVVENWdJaE5lclZqU1hBQXRwNHNWRUxOend1UGdFZGszYWliMVFVUUJveS1xZ0t4dTJhME9qTjNSMzRlcVpVWUwtUjg0SkVNZWJvbVkifQ 200 in 96ms (next.js: 5ms, proxy.ts: 3ms, application-code: 88ms)
 GET /insights/devices?client=80000000-0000-4000-8000-000000000091&q=%25_ 200 in 145ms (next.js: 3ms, proxy.ts: 2ms, application-code: 140ms)
 GET /api/auth/get-session 200 in 24ms (next.js: 6ms, proxy.ts: 3ms, application-code: 15ms)
 GET /api/auth/organization/list 200 in 26ms (next.js: 10ms, proxy.ts: 3ms, application-code: 12ms)
 GET /insights/devices/export?client=80000000-0000-4000-8000-000000000091&version=ddaef59f-450e-456c-903a-66795d3e8c95 200 in 724ms (next.js: 698ms, proxy.ts: 2ms, application-code: 24ms)
 GET /insights/devices?client=80000000-0000-4000-8000-000000000091&cursor=eyJ2IjoxLCJpdiI6IkZCZHF2Sl9ta2ZwMWZtcEciLCJ0YWciOiJrQ24zaTdUaU5tcm81bngzTzY1YTd3IiwiZGF0YSI6IjF5bHhxOUVpbG10Y2F5RWtCUzRjWWQzVWRJcFB6UWpEemRWeXlYTFQxaGRsWGFkYVFVSm1kelBBSlRJYkpBWWhaLWpTbzd1U3QxVWxxcnVTLWJjS29US3JTWm91bF9Tbnl2OVE4ODFld09pekZ4OTlpOXlycXNhNGg5MVdXZ2xvR0w0YVp2NUhDNXJ2enZIX3JWeFBObmtoUl93OGhXUzhDWlFkQldMNWNyOUhmNS1RWHJraUJoVGFpVS1ZS25JeVVENWdJaE5lclZqU1hBQXRwNHNWRUxOend1UGdFZGszYWliMVFVUUJveS1xZ0t4dTJhME9qTjNSMzRlcVpVWUwtUjg0SkVNZWJvbVkifQ 200 in 142ms (next.js: 6ms, proxy.ts: 2ms, application-code: 134ms)
 GET /api/auth/get-session 200 in 30ms (next.js: 19ms, proxy.ts: 4ms, application-code: 6ms)
 GET /api/auth/organization/list 200 in 31ms (next.js: 13ms, proxy.ts: 5ms, application-code: 13ms)
 GET /insights/devices/export?client=80000000-0000-4000-8000-000000000091&version=ddaef59f-450e-456c-903a-66795d3e8c95 409 in 21ms (next.js: 5ms, proxy.ts: 3ms, application-code: 12ms)
 GET /insights/devices?client=80000000-0000-4000-8000-000000000091&cursor=forged 200 in 143ms (next.js: 4ms, proxy.ts: 2ms, application-code: 137ms)
 GET /api/auth/get-session 200 in 117ms (next.js: 57ms, proxy.ts: 6ms, application-code: 54ms)
 GET /api/auth/organization/list 200 in 150ms (next.js: 61ms, proxy.ts: 6ms, application-code: 83ms)
 GET /insights/devices?client=80000000-0000-4000-8000-000000000099 404 in 188ms (next.js: 12ms, proxy.ts: 6ms, application-code: 170ms)
 GET /insights/devices/export?client=80000000-0000-4000-8000-000000000099&version=ddaef59f-450e-456c-903a-66795d3e8c95 404 in 20ms (next.js: 4ms, proxy.ts: 3ms, application-code: 13ms)
 GET /insights/devices/export?client=80000000-0000-4000-8000-000000000091&version=ddaef59f-450e-456c-903a-66795d3e8c95 403 in 20ms (next.js: 7ms, proxy.ts: 5ms, application-code: 8ms)
  ✓   2 [chromium] › e2e/analytical-pages-local.spec.ts:15:53 › complete analytical collections › browses, searches and exports all stored rows in fr (4.4s)
 GET /insights?client=80000000-0000-4000-8000-000000000091 200 in 338ms (next.js: 1.8ms, proxy.ts: 2ms, application-code: 334ms)
 GET /api/auth/get-session 200 in 18ms (next.js: 5ms, proxy.ts: 3ms, application-code: 10ms)
 GET /api/auth/organization/list 200 in 19ms (next.js: 7ms, proxy.ts: 3ms, application-code: 9ms)
 POST /insights?client=80000000-0000-4000-8000-000000000091 200 in 230ms (next.js: 3ms, proxy.ts: 3ms, application-code: 224ms)
  └─ ƒ setCookieConsent({}) in 2ms src/app/preferences-actions.ts
 GET /insights/devices?client=80000000-0000-4000-8000-000000000091 200 in 175ms (next.js: 62ms, proxy.ts: 9ms, application-code: 104ms)
 GET /insights/devices?client=80000000-0000-4000-8000-000000000091&cursor=eyJ2IjoxLCJpdiI6IlpuX1MwblEwcFRSOGJITlQiLCJ0YWciOiJyQS1MeWl5a0ZJZ3J0anVobnBlQ2VnIiwiZGF0YSI6Ilc0YjhSMnZ3VXFkdnplZlJRdUE3T09vZFFuRUFCZDFPWnNKYzBSRzNBcG9PSDcyTHZOQnNPdkJ4WnV2b3lOc0JRVmhZWUhiWlJwXzRxdkh0WlI1dzAyRVlKbDUtWXFna3kwTWljcTNhYThXTkpWQVBOdzNKQVFHeGkxbjJfMjVGYUFOWktkemJ3MUJPTjZUcFRhaWFlV1c5MTB4MW8tS09hSkgySldKYVhsRFUxTVM2SUtGQWpfV0xEMHpxbHg0VHE0eUI2QXJ0MHlaR0FsTlJ1RlBLQkdFc2otUmlyc0ZpQUFZUzMzTXNldmdpbFdYU3hVUm9Ual9TU0QtdWpZLWx0NHJLS1FWZ2VkaXkifQ 200 in 125ms (next.js: 5ms, proxy.ts: 5ms, application-code: 115ms)
 GET /insights/devices?client=80000000-0000-4000-8000-000000000091&q=%25_ 200 in 137ms (next.js: 3ms, proxy.ts: 3ms, application-code: 131ms)
 GET /api/auth/get-session 200 in 30ms (next.js: 13ms, proxy.ts: 3ms, application-code: 14ms)
 GET /api/auth/organization/list 200 in 32ms (next.js: 18ms, proxy.ts: 3ms, application-code: 11ms)
 GET /insights/devices/export?client=80000000-0000-4000-8000-000000000091&version=f8e68ea8-cb8c-4b5b-8e18-8c24cf74f4f9 200 in 24ms (next.js: 3ms, proxy.ts: 2ms, application-code: 18ms)
 GET /insights/devices?client=80000000-0000-4000-8000-000000000091&cursor=eyJ2IjoxLCJpdiI6IlpuX1MwblEwcFRSOGJITlQiLCJ0YWciOiJyQS1MeWl5a0ZJZ3J0anVobnBlQ2VnIiwiZGF0YSI6Ilc0YjhSMnZ3VXFkdnplZlJRdUE3T09vZFFuRUFCZDFPWnNKYzBSRzNBcG9PSDcyTHZOQnNPdkJ4WnV2b3lOc0JRVmhZWUhiWlJwXzRxdkh0WlI1dzAyRVlKbDUtWXFna3kwTWljcTNhYThXTkpWQVBOdzNKQVFHeGkxbjJfMjVGYUFOWktkemJ3MUJPTjZUcFRhaWFlV1c5MTB4MW8tS09hSkgySldKYVhsRFUxTVM2SUtGQWpfV0xEMHpxbHg0VHE0eUI2QXJ0MHlaR0FsTlJ1RlBLQkdFc2otUmlyc0ZpQUFZUzMzTXNldmdpbFdYU3hVUm9Ual9TU0QtdWpZLWx0NHJLS1FWZ2VkaXkifQ 200 in 151ms (next.js: 6ms, proxy.ts: 3ms, application-code: 142ms)
 GET /api/auth/get-session 200 in 80ms (next.js: 25ms, proxy.ts: 28ms, application-code: 27ms)
 GET /api/auth/organization/list 200 in 83ms (next.js: 16ms, proxy.ts: 29ms, application-code: 38ms)
 GET /insights/devices/export?client=80000000-0000-4000-8000-000000000091&version=f8e68ea8-cb8c-4b5b-8e18-8c24cf74f4f9 409 in 106ms (next.js: 11ms, proxy.ts: 4ms, application-code: 92ms)
 GET /insights/devices?client=80000000-0000-4000-8000-000000000091&cursor=forged 200 in 354ms (next.js: 7ms, proxy.ts: 5ms, application-code: 342ms)
 GET /api/auth/get-session 200 in 43ms (next.js: 7ms, proxy.ts: 3ms, application-code: 33ms)
 GET /api/auth/organization/list 200 in 45ms (next.js: 26ms, proxy.ts: 4ms, application-code: 16ms)
 GET /insights/devices?client=80000000-0000-4000-8000-000000000099 404 in 230ms (next.js: 10ms, proxy.ts: 5ms, application-code: 215ms)
 GET /api/auth/get-session 200 in 77ms (next.js: 21ms, proxy.ts: 12ms, application-code: 43ms)
 GET /api/auth/organization/list 200 in 120ms (next.js: 31ms, proxy.ts: 14ms, application-code: 75ms)
 GET /insights/devices/export?client=80000000-0000-4000-8000-000000000099&version=f8e68ea8-cb8c-4b5b-8e18-8c24cf74f4f9 404 in 124ms (next.js: 66ms, proxy.ts: 17ms, application-code: 41ms)
 GET /insights/devices/export?client=80000000-0000-4000-8000-000000000091&version=f8e68ea8-cb8c-4b5b-8e18-8c24cf74f4f9 403 in 44ms (next.js: 11ms, proxy.ts: 7ms, application-code: 26ms)
  ✓   3 [chromium] › e2e/analytical-pages-local.spec.ts:15:53 › complete analytical collections › browses, searches and exports all stored rows in en (3.3s)
 GET /sign-in 200 in 132ms (next.js: 24ms, proxy.ts: 11ms, application-code: 97ms)
 GET /account 307 in 173ms (next.js: 76ms, proxy.ts: 5ms, application-code: 91ms)
 GET /sign-in?returnTo=%2Faccount 200 in 93ms (next.js: 24ms, proxy.ts: 11ms, application-code: 58ms)
 GET /icon?a62dacc6b033a714 200 in 159ms (next.js: 63ms, proxy.ts: 5ms, application-code: 91ms)
 GET /account 200 in 56ms (next.js: 2ms, proxy.ts: 3ms, application-code: 51ms)
 GET /api/auth/get-session 200 in 24ms (next.js: 7ms, proxy.ts: 4ms, application-code: 13ms)
 GET /api/auth/organization/list 200 in 26ms (next.js: 11ms, proxy.ts: 4ms, application-code: 12ms)
 GET /api/auth/passkey/list-user-passkeys 200 in 27ms (next.js: 12ms, proxy.ts: 4ms, application-code: 11ms)
 GET /account 200 in 39ms (next.js: 2ms, proxy.ts: 2ms, application-code: 34ms)
 GET /api/auth/get-session 200 in 32ms (next.js: 15ms, proxy.ts: 4ms, application-code: 14ms)
 GET /api/auth/organization/list 200 in 33ms (next.js: 17ms, proxy.ts: 4ms, application-code: 12ms)
 GET /api/auth/passkey/list-user-passkeys 200 in 34ms (next.js: 19ms, proxy.ts: 4ms, application-code: 10ms)
 GET /account 200 in 38ms (next.js: 2ms, proxy.ts: 2ms, application-code: 34ms)
 GET /api/auth/organization/list 200 in 26ms (next.js: 12ms, proxy.ts: 5ms, application-code: 9ms)
 GET /api/auth/get-session 200 in 29ms (next.js: 8ms, proxy.ts: 6ms, application-code: 15ms)
 GET /api/auth/passkey/list-user-passkeys 200 in 29ms (next.js: 13ms, proxy.ts: 5ms, application-code: 10ms)
 GET /account 200 in 37ms (next.js: 2ms, proxy.ts: 2ms, application-code: 33ms)
 GET /api/auth/organization/list 200 in 29ms (next.js: 7ms, proxy.ts: 13ms, application-code: 9ms)
 GET /api/auth/get-session 200 in 31ms (next.js: 5ms, proxy.ts: 13ms, application-code: 14ms)
 GET /api/auth/passkey/list-user-passkeys 200 in 32ms (next.js: 9ms, proxy.ts: 13ms, application-code: 9ms)
 GET /account 200 in 37ms (next.js: 1.9ms, proxy.ts: 2ms, application-code: 33ms)
 GET /api/auth/get-session 200 in 25ms (next.js: 7ms, proxy.ts: 4ms, application-code: 13ms)
 GET /api/auth/passkey/list-user-passkeys 200 in 26ms (next.js: 13ms, proxy.ts: 5ms, application-code: 8ms)
 GET /api/auth/organization/list 200 in 28ms (next.js: 11ms, proxy.ts: 4ms, application-code: 12ms)
  ✓   4 [chromium] › e2e/auth-lifecycle-local.spec.ts:58:7 › personal account security is available to all five workspace roles (2.5s)
 GET /sign-up 200 in 36ms (next.js: 6ms, proxy.ts: 2ms, application-code: 28ms)
 POST /api/auth/sign-up/email 200 in 111ms (next.js: 2ms, proxy.ts: 16ms, application-code: 92ms)
 GET /api/auth/get-session 200 in 12ms (next.js: 4ms, proxy.ts: 3ms, application-code: 5ms)
 GET /sign-in 200 in 35ms (next.js: 3ms, proxy.ts: 1.5ms, application-code: 30ms)
 POST /api/auth/sign-in/email 403 in 82ms (next.js: 3ms, proxy.ts: 3ms, application-code: 76ms)
 GET /api/auth/get-session 200 in 9ms (next.js: 2ms, proxy.ts: 2ms, application-code: 4ms)
 GET /api/auth/verify-email?token=[REDACTED]&callbackURL=%2Fdashboard 302 in 11ms (next.js: 2ms, proxy.ts: 1.8ms, application-code: 7ms)
 GET /dashboard 307 in 47ms (next.js: 3ms, proxy.ts: 1.8ms, application-code: 41ms)
 GET /sign-in 200 in 46ms (next.js: 3ms, proxy.ts: 1.8ms, application-code: 41ms)
 GET /sign-in 200 in 37ms (next.js: 4ms, proxy.ts: 2ms, application-code: 31ms)
 POST /api/auth/sign-in/email 200 in 85ms (next.js: 4ms, proxy.ts: 3ms, application-code: 79ms)
 GET /dashboard 307 in 55ms (next.js: 2.0ms, proxy.ts: 4ms, application-code: 49ms)
 GET /onboarding 200 in 76ms (next.js: 22ms, proxy.ts: 4ms, application-code: 50ms)
 GET /settings 200 in 83ms (next.js: 3ms, proxy.ts: 2ms, application-code: 78ms)
 POST /onboarding 200 in 108ms (next.js: 1.7ms, proxy.ts: 2ms, application-code: 104ms)
  └─ ƒ createWorkspace({}) in 13ms src/app/onboarding/actions.ts
 GET /api/auth/get-session 200 in 32ms (next.js: 5ms, proxy.ts: 7ms, application-code: 20ms)
 GET /api/auth/organization/list 200 in 36ms (next.js: 9ms, proxy.ts: 7ms, application-code: 19ms)
 GET /api/auth/get-session 200 in 23ms (next.js: 8ms, proxy.ts: 7ms, application-code: 8ms)
 GET /sign-in 200 in 45ms (next.js: 5ms, proxy.ts: 3ms, application-code: 38ms)
 POST /api/auth/sign-in/magic-link 200 in 17ms (next.js: 4ms, proxy.ts: 3ms, application-code: 11ms)
 GET /api/auth/magic-link/verify?token=[REDACTED]&callbackURL=%2Fdashboard&errorCallbackURL=http%3A%2F%2Flocalhost%3A3017%2Fsign-in 302 in 16ms (next.js: 3ms, proxy.ts: 2ms, application-code: 12ms)
 GET /dashboard 200 in 107ms (next.js: 2.0ms, proxy.ts: 2ms, application-code: 103ms)
 GET /api/auth/get-session 200 in 26ms (next.js: 4ms, proxy.ts: 5ms, application-code: 18ms)
 GET /api/auth/get-session 200 in 41ms (next.js: 6ms, proxy.ts: 17ms, application-code: 19ms)
 GET /api/auth/organization/list 200 in 44ms (next.js: 8ms, proxy.ts: 18ms, application-code: 19ms)
 GET /api/auth/magic-link/verify?token=[REDACTED]&callbackURL=%2Fdashboard&errorCallbackURL=http%3A%2F%2Flocalhost%3A3017%2Fsign-in 302 in 13ms (next.js: 2ms, proxy.ts: 3ms, application-code: 7ms)
 GET /sign-in?error=INVALID_TOKEN 200 in 36ms (next.js: 4ms, proxy.ts: 1.7ms, application-code: 30ms)
 GET /api/auth/get-session 200 in 19ms (next.js: 4ms, proxy.ts: 6ms, application-code: 9ms)
 GET /forgot-password 200 in 61ms (next.js: 19ms, proxy.ts: 4ms, application-code: 38ms)
 POST /api/auth/request-password-reset 200 in 16ms (next.js: 4ms, proxy.ts: 2ms, application-code: 10ms)
 GET /api/auth/reset-password/[REDACTED]?callbackURL=%2Freset-password 302 in 10ms (next.js: 2ms, proxy.ts: 2ms, application-code: 6ms)
 GET /reset-password?token=[REDACTED] 200 in 50ms (next.js: 13ms, proxy.ts: 1.7ms, application-code: 35ms)
 POST /api/auth/reset-password 200 in 80ms (next.js: 2ms, proxy.ts: 3ms, application-code: 76ms)
 GET /api/auth/get-session 200 in 9ms (next.js: 1.8ms, proxy.ts: 1.9ms, application-code: 5ms)
 GET /api/auth/get-session 200 in 9ms (next.js: 1.9ms, proxy.ts: 1.4ms, application-code: 5ms)
 GET /api/auth/reset-password/[REDACTED]?callbackURL=%2Freset-password 302 in 9ms (next.js: 2ms, proxy.ts: 1.6ms, application-code: 5ms)
 GET /reset-password?error=INVALID_TOKEN 200 in 28ms (next.js: 1.5ms, proxy.ts: 1.5ms, application-code: 25ms)
 GET /sign-in 200 in 37ms (next.js: 5ms, proxy.ts: 3ms, application-code: 29ms)
2026-09-07T07:39:03.641Z WARN [Better Auth]: Invalid password
 POST /api/auth/sign-in/email 401 in 84ms (next.js: 4ms, proxy.ts: 3ms, application-code: 77ms)
 GET /api/auth/get-session 200 in 16ms (next.js: 2ms, proxy.ts: 2ms, application-code: 11ms)
 GET /sign-in 200 in 39ms (next.js: 4ms, proxy.ts: 1.6ms, application-code: 34ms)
 POST /api/auth/sign-in/email 200 in 95ms (next.js: 3ms, proxy.ts: 3ms, application-code: 89ms)
 GET /dashboard 200 in 112ms (next.js: 3ms, proxy.ts: 3ms, application-code: 105ms)
 GET /sign-in 200 in 46ms (next.js: 4ms, proxy.ts: 2ms, application-code: 40ms)
 GET /api/auth/get-session 200 in 38ms (next.js: 16ms, proxy.ts: 8ms, application-code: 14ms)
 GET /api/auth/organization/list 200 in 42ms (next.js: 19ms, proxy.ts: 8ms, application-code: 15ms)
 POST /api/auth/sign-in/email 200 in 88ms (next.js: 3ms, proxy.ts: 9ms, application-code: 76ms)
 GET /dashboard 200 in 108ms (next.js: 1.9ms, proxy.ts: 2ms, application-code: 104ms)
 GET /account 200 in 63ms (next.js: 1.8ms, proxy.ts: 2ms, application-code: 59ms)
 GET /api/auth/get-session 200 in 38ms (next.js: 13ms, proxy.ts: 7ms, application-code: 19ms)
 GET /api/auth/organization/list 200 in 39ms (next.js: 16ms, proxy.ts: 6ms, application-code: 17ms)
 GET /api/auth/get-session 200 in 25ms (next.js: 6ms, proxy.ts: 4ms, application-code: 15ms)
 GET /api/auth/passkey/list-user-passkeys 200 in 26ms (next.js: 9ms, proxy.ts: 4ms, application-code: 13ms)
 GET /api/auth/organization/list 200 in 28ms (next.js: 11ms, proxy.ts: 5ms, application-code: 12ms)
 POST /api/auth/revoke-other-sessions 200 in 18ms (next.js: 5ms, proxy.ts: 5ms, application-code: 8ms)
 GET /api/auth/get-session 200 in 10ms (next.js: 2ms, proxy.ts: 1.9ms, application-code: 6ms)
 GET /api/auth/get-session 200 in 14ms (next.js: 3ms, proxy.ts: 4ms, application-code: 7ms)
 GET /api/auth/get-session 200 in 15ms (next.js: 5ms, proxy.ts: 5ms, application-code: 5ms)
 GET /api/auth/passkey/generate-register-options?authenticatorAttachment=platform&name=Passkey%20Ads%20by%20Yodev 200 in 21ms (next.js: 11ms, proxy.ts: 2ms, application-code: 8ms)
 POST /api/auth/passkey/verify-registration 200 in 14ms (next.js: 2ms, proxy.ts: 2ms, application-code: 10ms)
 GET /api/auth/passkey/list-user-passkeys 200 in 9ms (next.js: 2.0ms, proxy.ts: 2ms, application-code: 5ms)
 GET /api/auth/passkey/list-user-passkeys 200 in 9ms (next.js: 2ms, proxy.ts: 2ms, application-code: 5ms)
 POST /api/auth/passkey/delete-passkey 401 in 9ms (next.js: 1.6ms, proxy.ts: 1.6ms, application-code: 5ms)
 POST /api/auth/sign-out 200 in 7ms (next.js: 1.6ms, proxy.ts: 1.4ms, application-code: 4ms)
 GET /sign-in 200 in 31ms (next.js: 3ms, proxy.ts: 1.4ms, application-code: 26ms)
 GET /api/auth/passkey/generate-authenticate-options 200 in 13ms (next.js: 2ms, proxy.ts: 2ms, application-code: 8ms)
 POST /api/auth/passkey/verify-authentication 200 in 25ms (next.js: 5ms, proxy.ts: 5ms, application-code: 15ms)
 GET /dashboard 200 in 120ms (next.js: 2ms, proxy.ts: 2ms, application-code: 115ms)
 GET /api/auth/get-session 200 in 12ms (next.js: 3ms, proxy.ts: 2ms, application-code: 6ms)
 GET /api/auth/get-session 200 in 45ms (next.js: 9ms, proxy.ts: 26ms, application-code: 11ms)
 GET /api/auth/organization/list 200 in 37ms (next.js: 13ms, proxy.ts: 20ms, application-code: 4ms)
 GET /account 200 in 74ms (next.js: 3ms, proxy.ts: 2.0ms, application-code: 70ms)
 GET /api/auth/get-session 200 in 31ms (next.js: 6ms, proxy.ts: 13ms, application-code: 12ms)
 GET /api/auth/organization/list 200 in 25ms (next.js: 7ms, proxy.ts: 7ms, application-code: 11ms)
 GET /api/auth/passkey/list-user-passkeys 200 in 23ms (next.js: 9ms, proxy.ts: 6ms, application-code: 8ms)
 POST /api/auth/passkey/delete-passkey 200 in 12ms (next.js: 2ms, proxy.ts: 3ms, application-code: 7ms)
 GET /api/auth/passkey/list-user-passkeys 200 in 12ms (next.js: 2ms, proxy.ts: 3ms, application-code: 7ms)
 POST /api/auth/sign-out 200 in 11ms (next.js: 4ms, proxy.ts: 2ms, application-code: 5ms)
 GET /sign-in 200 in 31ms (next.js: 3ms, proxy.ts: 1.4ms, application-code: 27ms)
 GET /api/auth/passkey/generate-authenticate-options 200 in 17ms (next.js: 4ms, proxy.ts: 3ms, application-code: 9ms)
 POST /api/auth/passkey/verify-authentication 401 in 20ms (next.js: 4ms, proxy.ts: 4ms, application-code: 13ms)
 GET /api/auth/get-session 200 in 9ms (next.js: 2ms, proxy.ts: 2ms, application-code: 4ms)
 POST /api/auth/sign-in/magic-link 200 in 16ms (next.js: 4ms, proxy.ts: 3ms, application-code: 9ms)
 GET /api/auth/magic-link/verify?token=[REDACTED]&callbackURL=%2Fdashboard&errorCallbackURL=http%3A%2F%2Flocalhost%3A3017%2Fsign-in 302 in 12ms (next.js: 2ms, proxy.ts: 2ms, application-code: 8ms)
 GET /dashboard 200 in 110ms (next.js: 2.0ms, proxy.ts: 1.6ms, application-code: 107ms)
 GET /api/auth/get-session 200 in 19ms (next.js: 9ms, proxy.ts: 3ms, application-code: 7ms)
 GET /api/auth/organization/list 200 in 20ms (next.js: 4ms, proxy.ts: 3ms, application-code: 13ms)
 GET /invitation?id=babd1ef6-e0ff-43e3-bbdb-c377cff27802 200 in 69ms (next.js: 22ms, proxy.ts: 1.8ms, application-code: 46ms)
 GET /api/auth/get-session 200 in 15ms (next.js: 1.9ms, proxy.ts: 2ms, application-code: 11ms)
 POST /api/auth/organization/accept-invitation 403 in 13ms (next.js: 2ms, proxy.ts: 3ms, application-code: 8ms)
 POST /invitation?id=babd1ef6-e0ff-43e3-bbdb-c377cff27802 200 in 15ms (next.js: 2.0ms, proxy.ts: 1.9ms, application-code: 11ms)
  └─ ƒ recoverAcceptedInvitation("babd1ef6-e0ff-43e3-bbdb-c377cff27802") in 5ms src/app/invitation/actions.ts
 GET /invitation?id=bee5c01d-1d7e-4c0a-bcac-1987bb197b2d 200 in 27ms (next.js: 1.8ms, proxy.ts: 2ms, application-code: 23ms)
 GET /api/auth/get-session 200 in 12ms (next.js: 4ms, proxy.ts: 3ms, application-code: 6ms)
 POST /api/auth/organization/accept-invitation 400 in 12ms (next.js: 2ms, proxy.ts: 3ms, application-code: 7ms)
 POST /invitation?id=bee5c01d-1d7e-4c0a-bcac-1987bb197b2d 200 in 14ms (next.js: 1.7ms, proxy.ts: 2ms, application-code: 10ms)
  └─ ƒ recoverAcceptedInvitation("bee5c01d-1d7e-4c0a-bcac-1987bb197b2d") in 5ms src/app/invitation/actions.ts
 GET /invitation?id=b92f7345-482a-4d5c-b7de-e96e4ca2e33a 200 in 28ms (next.js: 2ms, proxy.ts: 1.9ms, application-code: 24ms)
 GET /api/auth/get-session 200 in 13ms (next.js: 2ms, proxy.ts: 5ms, application-code: 6ms)
 POST /api/auth/organization/accept-invitation 400 in 19ms (next.js: 2ms, proxy.ts: 3ms, application-code: 14ms)
 POST /invitation?id=b92f7345-482a-4d5c-b7de-e96e4ca2e33a 200 in 13ms (next.js: 1.6ms, proxy.ts: 2ms, application-code: 9ms)
  └─ ƒ recoverAcceptedInvitation("b92f7345-482a-4d5c-b7de-e96e4ca2e33a") in 4ms src/app/invitation/actions.ts
 GET /invitation?id=6fb871b5-dd7d-41fd-bd18-5d8f220b03cd 200 in 32ms (next.js: 1.9ms, proxy.ts: 3ms, application-code: 27ms)
 GET /api/auth/get-session 200 in 18ms (next.js: 4ms, proxy.ts: 4ms, application-code: 10ms)
 GET /sign-in?returnTo=%2Finvitation%3Fid%3D6fb871b5-dd7d-41fd-bd18-5d8f220b03cd 200 in 40ms (next.js: 12ms, proxy.ts: 3ms, application-code: 26ms)
 POST /api/auth/sign-in/magic-link 200 in 22ms (next.js: 5ms, proxy.ts: 5ms, application-code: 13ms)
 GET /api/auth/magic-link/verify?token=[REDACTED]&callbackURL=%2Finvitation%3Fid%3D6fb871b5-dd7d-41fd-bd18-5d8f220b03cd&errorCallbackURL=http%3A%2F%2Flocalhost%3A3017%2Fsign-in%3FreturnTo%3D%252Finvitation%253Fid%253D6fb871b5-dd7d-41fd-bd18-5d8f220b03cd 302 in 16ms (next.js: 4ms, proxy.ts: 2ms, application-code: 9ms)
 GET /invitation?id=6fb871b5-dd7d-41fd-bd18-5d8f220b03cd 200 in 31ms (next.js: 1.8ms, proxy.ts: 3ms, application-code: 26ms)
 GET /api/auth/get-session 200 in 12ms (next.js: 3ms, proxy.ts: 3ms, application-code: 7ms)
 POST /api/auth/organization/accept-invitation 403 in 27ms (next.js: 13ms, proxy.ts: 3ms, application-code: 11ms)
 POST /invitation?id=6fb871b5-dd7d-41fd-bd18-5d8f220b03cd 200 in 14ms (next.js: 1.9ms, proxy.ts: 3ms, application-code: 10ms)
  └─ ƒ recoverAcceptedInvitation("6fb871b5-dd7d-41fd-bd18-5d8f220b03cd") in 5ms src/app/invitation/actions.ts
 POST /api/auth/organization/accept-invitation 200 in 18ms (next.js: 3ms, proxy.ts: 2ms, application-code: 13ms)
 POST /invitation?id=6fb871b5-dd7d-41fd-bd18-5d8f220b03cd 200 in 14ms (next.js: 2ms, proxy.ts: 2ms, application-code: 9ms)
  └─ ƒ recoverAcceptedInvitation("6fb871b5-dd7d-41fd-bd18-5d8f220b03cd") in 3ms src/app/invitation/actions.ts
 POST /api/auth/organization/set-active 200 in 12ms (next.js: 2ms, proxy.ts: 2ms, application-code: 8ms)
 GET /api/auth/get-session 200 in 81ms (next.js: 43ms, proxy.ts: 21ms, application-code: 17ms)
 GET /dashboard 200 in 148ms (next.js: 3ms, proxy.ts: 2ms, application-code: 144ms)
 GET /api/auth/get-session 200 in 10ms (next.js: 1.9ms, proxy.ts: 3ms, application-code: 6ms)
 GET /api/auth/get-session 200 in 19ms (next.js: 4ms, proxy.ts: 3ms, application-code: 13ms)
 GET /api/auth/organization/list 200 in 22ms (next.js: 9ms, proxy.ts: 3ms, application-code: 11ms)
 GET /invitation?id=6fb871b5-dd7d-41fd-bd18-5d8f220b03cd 200 in 29ms (next.js: 2ms, proxy.ts: 2ms, application-code: 24ms)
 GET /api/auth/get-session 200 in 10ms (next.js: 2ms, proxy.ts: 3ms, application-code: 6ms)
 POST /api/auth/organization/accept-invitation 400 in 10ms (next.js: 2ms, proxy.ts: 2ms, application-code: 6ms)
 POST /invitation?id=6fb871b5-dd7d-41fd-bd18-5d8f220b03cd 200 in 14ms (next.js: 1.7ms, proxy.ts: 1.8ms, application-code: 10ms)
  └─ ƒ recoverAcceptedInvitation("6fb871b5-dd7d-41fd-bd18-5d8f220b03cd") in 6ms src/app/invitation/actions.ts
 POST /api/auth/organization/set-active 200 in 12ms (next.js: 2ms, proxy.ts: 2ms, application-code: 7ms)
 GET /api/auth/get-session 200 in 90ms (next.js: 25ms, proxy.ts: 22ms, application-code: 42ms)
 GET /dashboard 200 in 138ms (next.js: 1.8ms, proxy.ts: 1.6ms, application-code: 135ms)
 GET /invitation?id=6fb871b5-dd7d-41fd-bd18-5d8f220b03cd 200 in 31ms (next.js: 1.6ms, proxy.ts: 2ms, application-code: 27ms)
 GET /api/auth/get-session 200 in 12ms (next.js: 3ms, proxy.ts: 2ms, application-code: 6ms)
 POST /api/auth/organization/accept-invitation 400 in 14ms (next.js: 3ms, proxy.ts: 3ms, application-code: 8ms)
 POST /invitation?id=6fb871b5-dd7d-41fd-bd18-5d8f220b03cd 200 in 15ms (next.js: 2ms, proxy.ts: 2ms, application-code: 11ms)
  └─ ƒ recoverAcceptedInvitation("6fb871b5-dd7d-41fd-bd18-5d8f220b03cd") in 5ms src/app/invitation/actions.ts
 GET /dashboard 307 in 64ms (next.js: 2ms, proxy.ts: 2ms, application-code: 59ms)
 GET /onboarding 307 in 45ms (next.js: 1.7ms, proxy.ts: 1.8ms, application-code: 41ms)
 GET /dashboard 200 in 109ms (next.js: 1.6ms, proxy.ts: 1.8ms, application-code: 106ms)
 GET /api/auth/get-session 200 in 17ms (next.js: 3ms, proxy.ts: 4ms, application-code: 10ms)
 GET /api/auth/get-session 200 in 47ms (next.js: 24ms, proxy.ts: 12ms, application-code: 11ms)
 GET /api/auth/organization/list 200 in 49ms (next.js: 26ms, proxy.ts: 12ms, application-code: 11ms)
 GET /dashboard 307 in 86ms (next.js: 2ms, proxy.ts: 2.0ms, application-code: 82ms)
 GET /onboarding 200 in 59ms (next.js: 4ms, proxy.ts: 6ms, application-code: 48ms)
 GET /api/auth/get-session 200 in 15ms (next.js: 7ms, proxy.ts: 2ms, application-code: 6ms)
 GET /account 200 in 40ms (next.js: 2ms, proxy.ts: 1.8ms, application-code: 36ms)
 GET /api/auth/organization/list 200 in 21ms (next.js: 9ms, proxy.ts: 5ms, application-code: 7ms)
 GET /api/auth/get-session 200 in 23ms (next.js: 7ms, proxy.ts: 4ms, application-code: 13ms)
 GET /api/auth/passkey/list-user-passkeys 200 in 21ms (next.js: 7ms, proxy.ts: 10ms, application-code: 5ms)
 POST /api/auth/sign-out 200 in 9ms (next.js: 2ms, proxy.ts: 1.8ms, application-code: 5ms)
 GET /api/auth/get-session 200 in 24ms (next.js: 6ms, proxy.ts: 8ms, application-code: 11ms)
 GET /api/auth/passkey/list-user-passkeys 200 in 24ms (next.js: 13ms, proxy.ts: 8ms, application-code: 3ms)
 GET /sign-in 200 in 74ms (next.js: 3ms, proxy.ts: 1.5ms, application-code: 69ms)
 GET /api/auth/get-session 200 in 25ms (next.js: 4ms, proxy.ts: 15ms, application-code: 6ms)
  ✓   5 [chromium] › e2e/auth-lifecycle-local.spec.ts:85:9 › auth lifecycle fr: verification, magic link, reset, sessions and passkey (11.6s)
 GET /sign-up 200 in 35ms (next.js: 5ms, proxy.ts: 3ms, application-code: 28ms)
 POST /api/auth/sign-up/email 200 in 91ms (next.js: 4ms, proxy.ts: 5ms, application-code: 82ms)
 GET /api/auth/get-session 200 in 8ms (next.js: 2.0ms, proxy.ts: 2.0ms, application-code: 4ms)
 GET /sign-in 200 in 30ms (next.js: 3ms, proxy.ts: 1.5ms, application-code: 25ms)
 POST /api/auth/sign-in/email 403 in 90ms (next.js: 3ms, proxy.ts: 4ms, application-code: 83ms)
 GET /api/auth/get-session 200 in 10ms (next.js: 3ms, proxy.ts: 2ms, application-code: 5ms)
 GET /api/auth/verify-email?token=[REDACTED]&callbackURL=%2Fdashboard 302 in 10ms (next.js: 2ms, proxy.ts: 1.6ms, application-code: 6ms)
 GET /dashboard 307 in 52ms (next.js: 1.7ms, proxy.ts: 1.6ms, application-code: 48ms)
 GET /sign-in 200 in 32ms (next.js: 4ms, proxy.ts: 2.0ms, application-code: 26ms)
 GET /sign-in 200 in 37ms (next.js: 2ms, proxy.ts: 2ms, application-code: 32ms)
 POST /api/auth/sign-in/email 200 in 82ms (next.js: 2ms, proxy.ts: 3ms, application-code: 77ms)
 GET /dashboard 307 in 63ms (next.js: 2ms, proxy.ts: 3ms, application-code: 58ms)
 GET /onboarding 200 in 47ms (next.js: 1.9ms, proxy.ts: 2ms, application-code: 43ms)
 GET /settings 200 in 74ms (next.js: 4ms, proxy.ts: 1.8ms, application-code: 68ms)
 POST /onboarding 200 in 97ms (next.js: 1.6ms, proxy.ts: 3ms, application-code: 93ms)
  └─ ƒ createWorkspace({}) in 11ms src/app/onboarding/actions.ts
 GET /api/auth/get-session 200 in 44ms (next.js: 8ms, proxy.ts: 4ms, application-code: 31ms)
 GET /api/auth/organization/list 200 in 45ms (next.js: 12ms, proxy.ts: 4ms, application-code: 28ms)
 GET /api/auth/get-session 200 in 33ms (next.js: 17ms, proxy.ts: 10ms, application-code: 6ms)
 GET /sign-in 200 in 40ms (next.js: 4ms, proxy.ts: 3ms, application-code: 32ms)
 POST /api/auth/sign-in/magic-link 200 in 14ms (next.js: 2ms, proxy.ts: 4ms, application-code: 9ms)
 GET /api/auth/magic-link/verify?token=[REDACTED]&callbackURL=%2Fdashboard&errorCallbackURL=http%3A%2F%2Flocalhost%3A3017%2Fsign-in 302 in 13ms (next.js: 2ms, proxy.ts: 2ms, application-code: 9ms)
 GET /dashboard 200 in 111ms (next.js: 2.0ms, proxy.ts: 1.8ms, application-code: 107ms)
 GET /api/auth/get-session 200 in 13ms (next.js: 4ms, proxy.ts: 2ms, application-code: 7ms)
 GET /api/auth/get-session 200 in 37ms (next.js: 12ms, proxy.ts: 11ms, application-code: 14ms)
 GET /api/auth/organization/list 200 in 39ms (next.js: 14ms, proxy.ts: 11ms, application-code: 13ms)
 GET /api/auth/magic-link/verify?token=[REDACTED]&callbackURL=%2Fdashboard&errorCallbackURL=http%3A%2F%2Flocalhost%3A3017%2Fsign-in 302 in 30ms (next.js: 10ms, proxy.ts: 13ms, application-code: 7ms)
 GET /sign-in?error=INVALID_TOKEN 200 in 45ms (next.js: 4ms, proxy.ts: 3ms, application-code: 38ms)
 GET /api/auth/get-session 200 in 17ms (next.js: 6ms, proxy.ts: 4ms, application-code: 7ms)
 GET /forgot-password 200 in 29ms (next.js: 3ms, proxy.ts: 2.0ms, application-code: 25ms)
 POST /api/auth/request-password-reset 200 in 23ms (next.js: 2ms, proxy.ts: 4ms, application-code: 17ms)
 GET /api/auth/reset-password/[REDACTED]?callbackURL=%2Freset-password 302 in 12ms (next.js: 4ms, proxy.ts: 2ms, application-code: 6ms)
 GET /reset-password?token=[REDACTED] 200 in 33ms (next.js: 1.8ms, proxy.ts: 1.9ms, application-code: 29ms)
 POST /api/auth/reset-password 200 in 85ms (next.js: 3ms, proxy.ts: 3ms, application-code: 79ms)
 GET /api/auth/get-session 200 in 9ms (next.js: 2ms, proxy.ts: 1.6ms, application-code: 5ms)
 GET /api/auth/get-session 200 in 9ms (next.js: 1.9ms, proxy.ts: 1.5ms, application-code: 5ms)
 GET /api/auth/reset-password/[REDACTED]?callbackURL=%2Freset-password 302 in 9ms (next.js: 2.0ms, proxy.ts: 1.8ms, application-code: 5ms)
 GET /reset-password?error=INVALID_TOKEN 200 in 29ms (next.js: 1.5ms, proxy.ts: 1.6ms, application-code: 26ms)
 GET /sign-in 200 in 39ms (next.js: 5ms, proxy.ts: 4ms, application-code: 29ms)
2026-09-07T07:39:15.309Z WARN [Better Auth]: Invalid password
 POST /api/auth/sign-in/email 401 in 86ms (next.js: 4ms, proxy.ts: 4ms, application-code: 79ms)
 GET /api/auth/get-session 200 in 9ms (next.js: 2ms, proxy.ts: 1.8ms, application-code: 5ms)
 GET /sign-in 200 in 34ms (next.js: 3ms, proxy.ts: 1.6ms, application-code: 29ms)
 POST /api/auth/sign-in/email 200 in 85ms (next.js: 1.9ms, proxy.ts: 3ms, application-code: 80ms)
 GET /dashboard 200 in 129ms (next.js: 3ms, proxy.ts: 3ms, application-code: 124ms)
 GET /sign-in 200 in 61ms (next.js: 5ms, proxy.ts: 2ms, application-code: 54ms)
 GET /api/auth/get-session 200 in 42ms (next.js: 16ms, proxy.ts: 11ms, application-code: 16ms)
 GET /api/auth/organization/list 200 in 49ms (next.js: 19ms, proxy.ts: 11ms, application-code: 19ms)
 POST /api/auth/sign-in/email 200 in 81ms (next.js: 1.8ms, proxy.ts: 3ms, application-code: 76ms)
 GET /dashboard 200 in 111ms (next.js: 1.8ms, proxy.ts: 2ms, application-code: 107ms)
 GET /account 200 in 60ms (next.js: 1.8ms, proxy.ts: 2ms, application-code: 56ms)
 GET /api/auth/get-session 200 in 31ms (next.js: 12ms, proxy.ts: 6ms, application-code: 12ms)
 GET /api/auth/organization/list 200 in 37ms (next.js: 13ms, proxy.ts: 8ms, application-code: 16ms)
 GET /api/auth/get-session 200 in 29ms (next.js: 8ms, proxy.ts: 3ms, application-code: 18ms)
 GET /api/auth/organization/list 200 in 33ms (next.js: 10ms, proxy.ts: 5ms, application-code: 19ms)
 GET /api/auth/passkey/list-user-passkeys 200 in 36ms (next.js: 13ms, proxy.ts: 3ms, application-code: 19ms)
 POST /api/auth/revoke-other-sessions 200 in 14ms (next.js: 3ms, proxy.ts: 3ms, application-code: 9ms)
 GET /api/auth/get-session 200 in 24ms (next.js: 4ms, proxy.ts: 2ms, application-code: 18ms)
 GET /api/auth/get-session 200 in 24ms (next.js: 6ms, proxy.ts: 1.9ms, application-code: 16ms)
 GET /api/auth/get-session 200 in 9ms (next.js: 2ms, proxy.ts: 2.0ms, application-code: 5ms)
 GET /api/auth/passkey/generate-register-options?authenticatorAttachment=platform&name=Ads%20by%20Yodev%20passkey 200 in 13ms (next.js: 2ms, proxy.ts: 3ms, application-code: 8ms)
 POST /api/auth/passkey/verify-registration 200 in 14ms (next.js: 2ms, proxy.ts: 3ms, application-code: 9ms)
 GET /api/auth/passkey/list-user-passkeys 200 in 9ms (next.js: 1.9ms, proxy.ts: 1.8ms, application-code: 5ms)
 GET /api/auth/passkey/list-user-passkeys 200 in 9ms (next.js: 2ms, proxy.ts: 1.7ms, application-code: 5ms)
 POST /api/auth/passkey/delete-passkey 401 in 8ms (next.js: 1.6ms, proxy.ts: 1.5ms, application-code: 5ms)
 POST /api/auth/sign-out 200 in 8ms (next.js: 1.6ms, proxy.ts: 1.7ms, application-code: 4ms)
 GET /sign-in 200 in 30ms (next.js: 3ms, proxy.ts: 1.3ms, application-code: 25ms)
 GET /api/auth/passkey/generate-authenticate-options 200 in 15ms (next.js: 2ms, proxy.ts: 4ms, application-code: 9ms)
 POST /api/auth/passkey/verify-authentication 200 in 32ms (next.js: 4ms, proxy.ts: 3ms, application-code: 25ms)
 GET /dashboard 200 in 132ms (next.js: 5ms, proxy.ts: 3ms, application-code: 124ms)
 GET /api/auth/get-session 200 in 13ms (next.js: 3ms, proxy.ts: 3ms, application-code: 7ms)
 GET /api/auth/get-session 200 in 38ms (next.js: 8ms, proxy.ts: 23ms, application-code: 6ms)
 GET /api/auth/organization/list 200 in 40ms (next.js: 13ms, proxy.ts: 17ms, application-code: 10ms)
 GET /account 200 in 79ms (next.js: 4ms, proxy.ts: 2ms, application-code: 73ms)
 GET /api/auth/get-session 200 in 18ms (next.js: 4ms, proxy.ts: 2ms, application-code: 11ms)
 GET /api/auth/organization/list 200 in 19ms (next.js: 7ms, proxy.ts: 3ms, application-code: 9ms)
 GET /api/auth/passkey/list-user-passkeys 200 in 13ms (next.js: 5ms, proxy.ts: 3ms, application-code: 5ms)
 POST /api/auth/passkey/delete-passkey 200 in 11ms (next.js: 2ms, proxy.ts: 3ms, application-code: 6ms)
 GET /api/auth/passkey/list-user-passkeys 200 in 15ms (next.js: 4ms, proxy.ts: 2ms, application-code: 9ms)
 POST /api/auth/sign-out 200 in 14ms (next.js: 6ms, proxy.ts: 1.8ms, application-code: 6ms)
 GET /sign-in 200 in 34ms (next.js: 4ms, proxy.ts: 1.6ms, application-code: 28ms)
 GET /api/auth/passkey/generate-authenticate-options 200 in 19ms (next.js: 4ms, proxy.ts: 4ms, application-code: 10ms)
 POST /api/auth/passkey/verify-authentication 401 in 23ms (next.js: 5ms, proxy.ts: 4ms, application-code: 14ms)
 GET /api/auth/get-session 200 in 13ms (next.js: 4ms, proxy.ts: 4ms, application-code: 5ms)
 POST /api/auth/sign-in/magic-link 200 in 13ms (next.js: 3ms, proxy.ts: 2ms, application-code: 8ms)
 GET /api/auth/magic-link/verify?token=[REDACTED]&callbackURL=%2Fdashboard&errorCallbackURL=http%3A%2F%2Flocalhost%3A3017%2Fsign-in 302 in 20ms (next.js: 11ms, proxy.ts: 1.8ms, application-code: 8ms)
 GET /dashboard 200 in 103ms (next.js: 1.7ms, proxy.ts: 1.6ms, application-code: 99ms)
 GET /api/auth/get-session 200 in 26ms (next.js: 7ms, proxy.ts: 5ms, application-code: 15ms)
 GET /api/auth/organization/list 200 in 29ms (next.js: 11ms, proxy.ts: 5ms, application-code: 13ms)
 GET /invitation?id=cc33e404-7212-4873-b03c-27430edc9bd2 200 in 39ms (next.js: 3ms, proxy.ts: 4ms, application-code: 32ms)
 GET /api/auth/get-session 200 in 13ms (next.js: 2ms, proxy.ts: 3ms, application-code: 8ms)
 POST /api/auth/organization/accept-invitation 403 in 11ms (next.js: 2ms, proxy.ts: 3ms, application-code: 6ms)
 POST /invitation?id=cc33e404-7212-4873-b03c-27430edc9bd2 200 in 14ms (next.js: 1.8ms, proxy.ts: 1.8ms, application-code: 10ms)
  └─ ƒ recoverAcceptedInvitation("cc33e404-7212-4873-b03c-27430edc9bd2") in 5ms src/app/invitation/actions.ts
 GET /invitation?id=98984710-a807-4266-a131-d30da90a86ab 200 in 27ms (next.js: 1.6ms, proxy.ts: 1.8ms, application-code: 23ms)
 GET /api/auth/get-session 200 in 11ms (next.js: 3ms, proxy.ts: 2ms, application-code: 6ms)
 POST /api/auth/organization/accept-invitation 400 in 13ms (next.js: 2ms, proxy.ts: 4ms, application-code: 7ms)
 POST /invitation?id=98984710-a807-4266-a131-d30da90a86ab 200 in 14ms (next.js: 2ms, proxy.ts: 2.0ms, application-code: 10ms)
  └─ ƒ recoverAcceptedInvitation("98984710-a807-4266-a131-d30da90a86ab") in 5ms src/app/invitation/actions.ts
 GET /invitation?id=e70d9e5c-34a2-4cd3-8782-905198771941 200 in 30ms (next.js: 1.8ms, proxy.ts: 3ms, application-code: 26ms)
 GET /api/auth/get-session 200 in 15ms (next.js: 2.0ms, proxy.ts: 7ms, application-code: 6ms)
 POST /api/auth/organization/accept-invitation 400 in 19ms (next.js: 9ms, proxy.ts: 4ms, application-code: 7ms)
 POST /invitation?id=e70d9e5c-34a2-4cd3-8782-905198771941 200 in 14ms (next.js: 1.7ms, proxy.ts: 1.9ms, application-code: 11ms)
  └─ ƒ recoverAcceptedInvitation("e70d9e5c-34a2-4cd3-8782-905198771941") in 4ms src/app/invitation/actions.ts
 GET /invitation?id=e7b952c8-1e2c-4d44-aa73-075f44c44f3f 200 in 32ms (next.js: 1.9ms, proxy.ts: 3ms, application-code: 28ms)
 GET /api/auth/get-session 200 in 11ms (next.js: 3ms, proxy.ts: 3ms, application-code: 5ms)
 GET /sign-in?returnTo=%2Finvitation%3Fid%3De7b952c8-1e2c-4d44-aa73-075f44c44f3f 200 in 22ms (next.js: 4ms, proxy.ts: 2ms, application-code: 16ms)
 POST /api/auth/sign-in/magic-link 200 in 14ms (next.js: 3ms, proxy.ts: 2ms, application-code: 9ms)
 GET /api/auth/magic-link/verify?token=[REDACTED]&callbackURL=%2Finvitation%3Fid%3De7b952c8-1e2c-4d44-aa73-075f44c44f3f&errorCallbackURL=http%3A%2F%2Flocalhost%3A3017%2Fsign-in%3FreturnTo%3D%252Finvitation%253Fid%253De7b952c8-1e2c-4d44-aa73-075f44c44f3f 302 in 18ms (next.js: 4ms, proxy.ts: 2ms, application-code: 13ms)
 GET /invitation?id=e7b952c8-1e2c-4d44-aa73-075f44c44f3f 200 in 30ms (next.js: 2.0ms, proxy.ts: 2ms, application-code: 26ms)
 GET /api/auth/get-session 200 in 10ms (next.js: 2ms, proxy.ts: 1.8ms, application-code: 6ms)
 POST /api/auth/organization/accept-invitation 403 in 20ms (next.js: 2ms, proxy.ts: 10ms, application-code: 8ms)
 POST /invitation?id=e7b952c8-1e2c-4d44-aa73-075f44c44f3f 200 in 14ms (next.js: 1.7ms, proxy.ts: 2ms, application-code: 9ms)
  └─ ƒ recoverAcceptedInvitation("e7b952c8-1e2c-4d44-aa73-075f44c44f3f") in 4ms src/app/invitation/actions.ts
 POST /api/auth/organization/accept-invitation 200 in 16ms (next.js: 3ms, proxy.ts: 2ms, application-code: 11ms)
 POST /invitation?id=e7b952c8-1e2c-4d44-aa73-075f44c44f3f 200 in 12ms (next.js: 1.8ms, proxy.ts: 2ms, application-code: 8ms)
  └─ ƒ recoverAcceptedInvitation("e7b952c8-1e2c-4d44-aa73-075f44c44f3f") in 3ms src/app/invitation/actions.ts
 POST /api/auth/organization/set-active 200 in 11ms (next.js: 1.9ms, proxy.ts: 1.7ms, application-code: 7ms)
 GET /api/auth/get-session 200 in 65ms (next.js: 39ms, proxy.ts: 11ms, application-code: 15ms)
 GET /dashboard 200 in 125ms (next.js: 3ms, proxy.ts: 2ms, application-code: 120ms)
 GET /api/auth/get-session 200 in 10ms (next.js: 3ms, proxy.ts: 1.8ms, application-code: 6ms)
 GET /api/auth/get-session 200 in 18ms (next.js: 3ms, proxy.ts: 2ms, application-code: 12ms)
 GET /api/auth/organization/list 200 in 19ms (next.js: 7ms, proxy.ts: 2ms, application-code: 10ms)
 GET /invitation?id=e7b952c8-1e2c-4d44-aa73-075f44c44f3f 200 in 27ms (next.js: 1.6ms, proxy.ts: 1.7ms, application-code: 24ms)
 GET /api/auth/get-session 200 in 11ms (next.js: 2ms, proxy.ts: 3ms, application-code: 6ms)
 POST /api/auth/organization/accept-invitation 400 in 10ms (next.js: 2.0ms, proxy.ts: 2.0ms, application-code: 6ms)
 POST /invitation?id=e7b952c8-1e2c-4d44-aa73-075f44c44f3f 200 in 16ms (next.js: 1.9ms, proxy.ts: 1.7ms, application-code: 13ms)
  └─ ƒ recoverAcceptedInvitation("e7b952c8-1e2c-4d44-aa73-075f44c44f3f") in 5ms src/app/invitation/actions.ts
 POST /api/auth/organization/set-active 200 in 14ms (next.js: 2ms, proxy.ts: 2ms, application-code: 10ms)
 GET /api/auth/get-session 200 in 84ms (next.js: 43ms, proxy.ts: 23ms, application-code: 18ms)
 GET /dashboard 200 in 146ms (next.js: 2ms, proxy.ts: 1.9ms, application-code: 142ms)
 GET /invitation?id=e7b952c8-1e2c-4d44-aa73-075f44c44f3f 200 in 33ms (next.js: 2ms, proxy.ts: 2ms, application-code: 28ms)
 GET /api/auth/get-session 200 in 11ms (next.js: 3ms, proxy.ts: 2ms, application-code: 6ms)
 POST /api/auth/organization/accept-invitation 400 in 11ms (next.js: 3ms, proxy.ts: 3ms, application-code: 6ms)
 POST /invitation?id=e7b952c8-1e2c-4d44-aa73-075f44c44f3f 200 in 13ms (next.js: 1.6ms, proxy.ts: 1.8ms, application-code: 10ms)
  └─ ƒ recoverAcceptedInvitation("e7b952c8-1e2c-4d44-aa73-075f44c44f3f") in 5ms src/app/invitation/actions.ts
 GET /dashboard 307 in 67ms (next.js: 2ms, proxy.ts: 2ms, application-code: 62ms)
 GET /onboarding 307 in 44ms (next.js: 1.7ms, proxy.ts: 1.5ms, application-code: 41ms)
 GET /dashboard 200 in 104ms (next.js: 1.7ms, proxy.ts: 1.8ms, application-code: 101ms)
 GET /api/auth/get-session 200 in 19ms (next.js: 2ms, proxy.ts: 2ms, application-code: 14ms)
 GET /api/auth/get-session 200 in 49ms (next.js: 26ms, proxy.ts: 12ms, application-code: 11ms)
 GET /api/auth/organization/list 200 in 51ms (next.js: 28ms, proxy.ts: 13ms, application-code: 11ms)
 GET /dashboard 307 in 100ms (next.js: 3ms, proxy.ts: 2ms, application-code: 95ms)
 GET /onboarding 200 in 53ms (next.js: 3ms, proxy.ts: 6ms, application-code: 44ms)
 GET /api/auth/get-session 200 in 23ms (next.js: 7ms, proxy.ts: 3ms, application-code: 14ms)
 GET /account 200 in 40ms (next.js: 2ms, proxy.ts: 1.8ms, application-code: 36ms)
 GET /api/auth/get-session 200 in 23ms (next.js: 7ms, proxy.ts: 3ms, application-code: 12ms)
 GET /api/auth/organization/list 200 in 24ms (next.js: 10ms, proxy.ts: 4ms, application-code: 11ms)
 GET /api/auth/passkey/list-user-passkeys 200 in 21ms (next.js: 11ms, proxy.ts: 3ms, application-code: 7ms)
 POST /api/auth/sign-out 200 in 9ms (next.js: 1.9ms, proxy.ts: 1.8ms, application-code: 6ms)
 GET /api/auth/get-session 200 in 21ms (next.js: 6ms, proxy.ts: 6ms, application-code: 10ms)
 GET /api/auth/passkey/list-user-passkeys 200 in 21ms (next.js: 13ms, proxy.ts: 6ms, application-code: 3ms)
 GET /sign-in 200 in 51ms (next.js: 3ms, proxy.ts: 1.5ms, application-code: 47ms)
 GET /api/auth/get-session 200 in 13ms (next.js: 3ms, proxy.ts: 2ms, application-code: 8ms)
  ✓   6 [chromium] › e2e/auth-lifecycle-local.spec.ts:85:9 › auth lifecycle en: verification, magic link, reset, sessions and passkey (11.4s)
 GET /dashboard 200 in 117ms (next.js: 3ms, proxy.ts: 2ms, application-code: 112ms)
 GET /api/auth/get-session 200 in 110ms (next.js: 33ms, proxy.ts: 25ms, application-code: 52ms)
 GET /api/auth/organization/list 200 in 168ms (next.js: 56ms, proxy.ts: 24ms, application-code: 88ms)
 GET /settings 200 in 224ms (next.js: 4ms, proxy.ts: 2ms, application-code: 217ms)
 GET /api/auth/get-session 200 in 102ms (next.js: 12ms, proxy.ts: 33ms, application-code: 57ms)
 GET /api/auth/organization/list 200 in 101ms (next.js: 14ms, proxy.ts: 32ms, application-code: 55ms)
 GET /billing 200 in 186ms (next.js: 5ms, proxy.ts: 1.9ms, application-code: 180ms)
 GET /api/auth/get-session 200 in 115ms (next.js: 41ms, proxy.ts: 18ms, application-code: 56ms)
 GET /api/auth/organization/list 200 in 118ms (next.js: 39ms, proxy.ts: 23ms, application-code: 56ms)
 GET /support 200 in 169ms (next.js: 4ms, proxy.ts: 4ms, application-code: 161ms)
  ✓   7 [chromium] › e2e/authenticated-rbac.spec.ts:55:9 › authenticated five-role route matrix › owner has only its server-authorized product surface (1.3s)
 GET /dashboard 200 in 110ms (next.js: 1.7ms, proxy.ts: 1.9ms, application-code: 107ms)
 GET /api/auth/get-session 200 in 108ms (next.js: 26ms, proxy.ts: 25ms, application-code: 57ms)
 GET /api/auth/organization/list 200 in 181ms (next.js: 36ms, proxy.ts: 23ms, application-code: 123ms)
 GET /settings 200 in 218ms (next.js: 2ms, proxy.ts: 3ms, application-code: 213ms)
 GET /api/auth/get-session 200 in 92ms (next.js: 15ms, proxy.ts: 27ms, application-code: 50ms)
 GET /api/auth/organization/list 200 in 119ms (next.js: 21ms, proxy.ts: 27ms, application-code: 70ms)
 GET /support 200 in 155ms (next.js: 1.9ms, proxy.ts: 1.9ms, application-code: 152ms)
⨯ Error [PermissionDeniedError]: Permission required: billing:manage
    at requirePermission (src/lib/permissions.ts:79:19)
    at requireWorkspacePermission (src/lib/workspace.ts:164:73)
    at async BillingPage (src/app/(app)/billing/page.tsx:23:40)
  77 | export function requirePermission(role: WorkspaceRole, permission: Permission) {
  78 |   if (!rolePermissions[role].has(permission)) {
> 79 |     const error = new Error(`Permission required: ${permission}`)
     |                   ^
  80 |     error.name = 'PermissionDeniedError'
  81 |     throw error
  82 |   } {
  digest: '2922099099'
}
 GET /api/auth/get-session 200 in 88ms (next.js: 33ms, proxy.ts: 28ms, application-code: 27ms)
 GET /api/auth/organization/list 200 in 90ms (next.js: 36ms, proxy.ts: 26ms, application-code: 28ms)
 GET /billing 307 in 123ms (next.js: 2ms, proxy.ts: 2ms, application-code: 118ms)
 GET /support?error=Acc%C3%A8s%20non%20autoris%C3%A9 200 in 149ms (next.js: 7ms, proxy.ts: 12ms, application-code: 130ms)
  ✓   8 [chromium] › e2e/authenticated-rbac.spec.ts:55:9 › authenticated five-role route matrix › admin has only its server-authorized product surface (1.4s)
 GET /dashboard 200 in 99ms (next.js: 2.0ms, proxy.ts: 1.7ms, application-code: 96ms)
 GET /api/auth/get-session 200 in 87ms (next.js: 25ms, proxy.ts: 23ms, application-code: 40ms)
 GET /api/auth/organization/list 200 in 86ms (next.js: 43ms, proxy.ts: 23ms, application-code: 20ms)
 GET /tasks 200 in 159ms (next.js: 5ms, proxy.ts: 3ms, application-code: 152ms)
 GET /api/auth/get-session 200 in 96ms (next.js: 17ms, proxy.ts: 31ms, application-code: 49ms)
 GET /api/auth/organization/list 200 in 121ms (next.js: 24ms, proxy.ts: 29ms, application-code: 67ms)
 GET /support 200 in 156ms (next.js: 1.8ms, proxy.ts: 1.9ms, application-code: 152ms)
⨯ Error [PermissionDeniedError]: Permission required: workspace:admin
    at requirePermission (src/lib/permissions.ts:79:19)
    at requireWorkspacePermission (src/lib/workspace.ts:164:73)
    at async SettingsPage (src/app/(app)/settings/page.tsx:51:57)
  77 | export function requirePermission(role: WorkspaceRole, permission: Permission) {
  78 |   if (!rolePermissions[role].has(permission)) {
> 79 |     const error = new Error(`Permission required: ${permission}`)
     |                   ^
  80 |     error.name = 'PermissionDeniedError'
  81 |     throw error
  82 |   } {
  digest: '2300119437'
}
 GET /api/auth/get-session 200 in 63ms (next.js: 37ms, proxy.ts: 12ms, application-code: 14ms)
 GET /api/auth/organization/list 200 in 68ms (next.js: 40ms, proxy.ts: 12ms, application-code: 16ms)
 GET /settings 307 in 109ms (next.js: 2ms, proxy.ts: 1.9ms, application-code: 105ms)
 GET /support?error=Acc%C3%A8s%20non%20autoris%C3%A9 200 in 116ms (next.js: 3ms, proxy.ts: 6ms, application-code: 107ms)
⨯ Error [PermissionDeniedError]: Permission required: billing:manage
    at requirePermission (src/lib/permissions.ts:79:19)
    at requireWorkspacePermission (src/lib/workspace.ts:164:73)
    at async BillingPage (src/app/(app)/billing/page.tsx:23:40)
  77 | export function requirePermission(role: WorkspaceRole, permission: Permission) {
  78 |   if (!rolePermissions[role].has(permission)) {
> 79 |     const error = new Error(`Permission required: ${permission}`)
     |                   ^
  80 |     error.name = 'PermissionDeniedError'
  81 |     throw error
  82 |   } {
  digest: '2922099099'
}
 GET /api/auth/get-session 200 in 75ms (next.js: 19ms, proxy.ts: 31ms, application-code: 24ms)
 GET /api/auth/organization/list 200 in 74ms (next.js: 24ms, proxy.ts: 30ms, application-code: 21ms)
 GET /billing 307 in 99ms (next.js: 2ms, proxy.ts: 2ms, application-code: 95ms)
 GET /support?error=Acc%C3%A8s%20non%20autoris%C3%A9 200 in 123ms (next.js: 2ms, proxy.ts: 3ms, application-code: 117ms)
  ✓   9 [chromium] › e2e/authenticated-rbac.spec.ts:55:9 › authenticated five-role route matrix › strategist has only its server-authorized product surface (1.6s)
 GET /dashboard 200 in 104ms (next.js: 1.8ms, proxy.ts: 1.8ms, application-code: 101ms)
 GET /api/auth/get-session 200 in 98ms (next.js: 24ms, proxy.ts: 24ms, application-code: 50ms)
 GET /api/auth/organization/list 200 in 127ms (next.js: 33ms, proxy.ts: 23ms, application-code: 71ms)
 GET /reports 200 in 166ms (next.js: 5ms, proxy.ts: 3ms, application-code: 158ms)
 GET /api/auth/get-session 200 in 137ms (next.js: 28ms, proxy.ts: 27ms, application-code: 83ms)
 GET /api/auth/organization/list 200 in 162ms (next.js: 61ms, proxy.ts: 26ms, application-code: 75ms)
 GET /support 200 in 201ms (next.js: 3ms, proxy.ts: 2ms, application-code: 196ms)
⨯ Error [PermissionDeniedError]: Permission required: workspace:admin
    at requirePermission (src/lib/permissions.ts:79:19)
    at requireWorkspacePermission (src/lib/workspace.ts:164:73)
    at async SettingsPage (src/app/(app)/settings/page.tsx:51:57)
  77 | export function requirePermission(role: WorkspaceRole, permission: Permission) {
  78 |   if (!rolePermissions[role].has(permission)) {
> 79 |     const error = new Error(`Permission required: ${permission}`)
     |                   ^
  80 |     error.name = 'PermissionDeniedError'
  81 |     throw error
  82 |   } {
  digest: '2300119437'
}
 GET /api/auth/get-session 200 in 74ms (next.js: 22ms, proxy.ts: 25ms, application-code: 27ms)
 GET /api/auth/organization/list 200 in 74ms (next.js: 27ms, proxy.ts: 23ms, application-code: 24ms)
 GET /settings 307 in 106ms (next.js: 4ms, proxy.ts: 3ms, application-code: 98ms)
 GET /support?error=Acc%C3%A8s%20non%20autoris%C3%A9 200 in 132ms (next.js: 2ms, proxy.ts: 4ms, application-code: 125ms)
⨯ Error [PermissionDeniedError]: Permission required: billing:manage
    at requirePermission (src/lib/permissions.ts:79:19)
    at requireWorkspacePermission (src/lib/workspace.ts:164:73)
    at async BillingPage (src/app/(app)/billing/page.tsx:23:40)
  77 | export function requirePermission(role: WorkspaceRole, permission: Permission) {
  78 |   if (!rolePermissions[role].has(permission)) {
> 79 |     const error = new Error(`Permission required: ${permission}`)
     |                   ^
  80 |     error.name = 'PermissionDeniedError'
  81 |     throw error
  82 |   } {
  digest: '2922099099'
}
 GET /api/auth/get-session 200 in 57ms (next.js: 27ms, proxy.ts: 11ms, application-code: 19ms)
 GET /api/auth/organization/list 200 in 61ms (next.js: 30ms, proxy.ts: 11ms, application-code: 21ms)
 GET /billing 307 in 99ms (next.js: 2.0ms, proxy.ts: 1.9ms, application-code: 95ms)
 GET /support?error=Acc%C3%A8s%20non%20autoris%C3%A9 200 in 119ms (next.js: 4ms, proxy.ts: 3ms, application-code: 112ms)
  ✓  10 [chromium] › e2e/authenticated-rbac.spec.ts:55:9 › authenticated five-role route matrix › analyst has only its server-authorized product surface (1.7s)
 GET /support 200 in 97ms (next.js: 2ms, proxy.ts: 1.6ms, application-code: 93ms)
 GET /api/auth/get-session 200 in 116ms (next.js: 95ms, proxy.ts: 4ms, application-code: 17ms)
⨯ Error [PermissionDeniedError]: Permission required: portfolio:read
    at requirePermission (src/lib/permissions.ts:79:19)
    at requireWorkspacePermission (src/lib/workspace.ts:164:73)
    at async DashboardPage (src/app/(app)/dashboard/page.tsx:27:54)
  77 | export function requirePermission(role: WorkspaceRole, permission: Permission) {
  78 |   if (!rolePermissions[role].has(permission)) {
> 79 |     const error = new Error(`Permission required: ${permission}`)
     |                   ^
  80 |     error.name = 'PermissionDeniedError'
  81 |     throw error
  82 |   } {
  digest: '2806879052'
}
 GET /api/auth/organization/list 200 in 146ms (next.js: 98ms, proxy.ts: 5ms, application-code: 44ms)
 GET /dashboard 307 in 154ms (next.js: 54ms, proxy.ts: 4ms, application-code: 95ms)
 GET /support?error=Acc%C3%A8s%20non%20autoris%C3%A9 200 in 102ms (next.js: 1.9ms, proxy.ts: 2ms, application-code: 98ms)
⨯ Error [PermissionDeniedError]: Permission required: workspace:admin
    at requirePermission (src/lib/permissions.ts:79:19)
    at requireWorkspacePermission (src/lib/workspace.ts:164:73)
    at async SettingsPage (src/app/(app)/settings/page.tsx:51:57)
  77 | export function requirePermission(role: WorkspaceRole, permission: Permission) {
  78 |   if (!rolePermissions[role].has(permission)) {
> 79 |     const error = new Error(`Permission required: ${permission}`)
     |                   ^
  80 |     error.name = 'PermissionDeniedError'
  81 |     throw error
  82 |   } {
  digest: '2300119437'
}
 GET /api/auth/get-session 200 in 67ms (next.js: 40ms, proxy.ts: 3ms, application-code: 24ms)
 GET /api/auth/organization/list 200 in 83ms (next.js: 45ms, proxy.ts: 4ms, application-code: 33ms)
 GET /settings 307 in 97ms (next.js: 4ms, proxy.ts: 3ms, application-code: 90ms)
 GET /support?error=Acc%C3%A8s%20non%20autoris%C3%A9 200 in 91ms (next.js: 2ms, proxy.ts: 1.8ms, application-code: 87ms)
⨯ Error [PermissionDeniedError]: Permission required: billing:manage
    at requirePermission (src/lib/permissions.ts:79:19)
    at requireWorkspacePermission (src/lib/workspace.ts:164:73)
    at async BillingPage (src/app/(app)/billing/page.tsx:23:40)
  77 | export function requirePermission(role: WorkspaceRole, permission: Permission) {
  78 |   if (!rolePermissions[role].has(permission)) {
> 79 |     const error = new Error(`Permission required: ${permission}`)
     |                   ^
  80 |     error.name = 'PermissionDeniedError'
  81 |     throw error
  82 |   } {
  digest: '2922099099'
}
 GET /api/auth/get-session 200 in 64ms (next.js: 42ms, proxy.ts: 3ms, application-code: 19ms)
 GET /api/auth/organization/list 200 in 89ms (next.js: 44ms, proxy.ts: 3ms, application-code: 41ms)
 GET /billing 307 in 95ms (next.js: 4ms, proxy.ts: 3ms, application-code: 88ms)
 GET /support?error=Acc%C3%A8s%20non%20autoris%C3%A9 200 in 91ms (next.js: 2ms, proxy.ts: 1.5ms, application-code: 87ms)
  ✓  11 [chromium] › e2e/authenticated-rbac.spec.ts:55:9 › authenticated five-role route matrix › client has only its server-authorized product surface (1.4s)
 GET /api/exports/80000000-0000-4000-8000-000000000003 404 in 769ms (next.js: 743ms, proxy.ts: 1.9ms, application-code: 24ms)
  ✓  12 [chromium] › e2e/authenticated-rbac.spec.ts:75:9 › authenticated five-role route matrix › owner cannot cross the direct export API boundary (1.1s)
 GET /api/exports/80000000-0000-4000-8000-000000000003 403 in 13ms (next.js: 4ms, proxy.ts: 2.0ms, application-code: 7ms)
  ✓  13 [chromium] › e2e/authenticated-rbac.spec.ts:75:9 › authenticated five-role route matrix › admin cannot cross the direct export API boundary (51ms)
 GET /api/exports/80000000-0000-4000-8000-000000000003 403 in 11ms (next.js: 2ms, proxy.ts: 1.6ms, application-code: 7ms)
  ✓  14 [chromium] › e2e/authenticated-rbac.spec.ts:75:9 › authenticated five-role route matrix › strategist cannot cross the direct export API boundary (48ms)
 GET /api/exports/80000000-0000-4000-8000-000000000003 403 in 11ms (next.js: 2ms, proxy.ts: 1.9ms, application-code: 7ms)
  ✓  15 [chromium] › e2e/authenticated-rbac.spec.ts:75:9 › authenticated five-role route matrix › analyst cannot cross the direct export API boundary (48ms)
 GET /api/exports/80000000-0000-4000-8000-000000000003 403 in 9ms (next.js: 2ms, proxy.ts: 1.7ms, application-code: 5ms)
  ✓  16 [chromium] › e2e/authenticated-rbac.spec.ts:75:9 › authenticated five-role route matrix › client cannot cross the direct export API boundary (46ms)
 GET /settings 200 in 171ms (next.js: 1.7ms, proxy.ts: 1.6ms, application-code: 167ms)
 GET /api/auth/get-session 200 in 27ms (next.js: 8ms, proxy.ts: 4ms, application-code: 15ms)
 GET /api/auth/organization/list 200 in 29ms (next.js: 13ms, proxy.ts: 4ms, application-code: 11ms)
 POST /settings 200 in 88ms (next.js: 3ms, proxy.ts: 3ms, application-code: 82ms)
  └─ ƒ updateWorkspaceLocale({}) in 11ms src/app/actions.ts
 GET /settings?notice=Workspace+language+updated. 200 in 116ms (next.js: 6ms, proxy.ts: 3ms, application-code: 107ms)
 GET /settings?notice=Workspace+language+updated. 200 in 69ms (next.js: 2ms, proxy.ts: 1.9ms, application-code: 65ms)
 POST /settings 200 in 118ms (next.js: 11ms, proxy.ts: 9ms, application-code: 97ms)
  └─ ƒ updateWorkspaceLocale({}) in 24ms src/app/actions.ts
 GET /settings?notice=Workspace+language+updated. 200 in 80ms (next.js: 1.8ms, proxy.ts: 1.7ms, application-code: 76ms)
 POST /settings 200 in 98ms (next.js: 1.7ms, proxy.ts: 2ms, application-code: 94ms)
  └─ ƒ updateWorkspaceLocale({}) in 9ms src/app/actions.ts
⨯ Error [PermissionDeniedError]: Permission required: workspace:admin
    at requirePermission (src/lib/permissions.ts:79:19)
    at requireWorkspacePermission (src/lib/workspace.ts:164:73)
    at async SettingsPage (src/app/(app)/settings/page.tsx:51:57)
  77 | export function requirePermission(role: WorkspaceRole, permission: Permission) {
  78 |   if (!rolePermissions[role].has(permission)) {
> 79 |     const error = new Error(`Permission required: ${permission}`)
     |                   ^
  80 |     error.name = 'PermissionDeniedError'
  81 |     throw error
  82 |   } {
  digest: '2300119437'
}
 GET /settings?error=Permission+required%3A+workspace%3Aadmin 200 in 44ms (next.js: 2.0ms, proxy.ts: 1.6ms, application-code: 41ms)
 POST /settings 200 in 58ms (next.js: 2ms, proxy.ts: 1.9ms, application-code: 54ms)
  └─ ƒ updateWorkspaceLocale({}) in 5ms src/app/actions.ts
⨯ Error [PermissionDeniedError]: Permission required: workspace:admin
    at requirePermission (src/lib/permissions.ts:79:19)
    at requireWorkspacePermission (src/lib/workspace.ts:164:73)
    at async SettingsPage (src/app/(app)/settings/page.tsx:51:57)
  77 | export function requirePermission(role: WorkspaceRole, permission: Permission) {
  78 |   if (!rolePermissions[role].has(permission)) {
> 79 |     const error = new Error(`Permission required: ${permission}`)
     |                   ^
  80 |     error.name = 'PermissionDeniedError'
  81 |     throw error
  82 |   } {
  digest: '2300119437'
}
 GET /settings?error=Permission+required%3A+workspace%3Aadmin 200 in 48ms (next.js: 1.7ms, proxy.ts: 1.5ms, application-code: 45ms)
 POST /settings 200 in 62ms (next.js: 1.7ms, proxy.ts: 1.8ms, application-code: 58ms)
  └─ ƒ updateWorkspaceLocale({}) in 5ms src/app/actions.ts
⨯ Error [PermissionDeniedError]: Permission required: workspace:admin
    at requirePermission (src/lib/permissions.ts:79:19)
    at requireWorkspacePermission (src/lib/workspace.ts:164:73)
    at async SettingsPage (src/app/(app)/settings/page.tsx:51:57)
  77 | export function requirePermission(role: WorkspaceRole, permission: Permission) {
  78 |   if (!rolePermissions[role].has(permission)) {
> 79 |     const error = new Error(`Permission required: ${permission}`)
     |                   ^
  80 |     error.name = 'PermissionDeniedError'
  81 |     throw error
  82 |   } {
  digest: '2300119437'
}
 GET /settings?error=Permission+required%3A+workspace%3Aadmin 200 in 41ms (next.js: 1.5ms, proxy.ts: 1.4ms, application-code: 38ms)
 POST /settings 200 in 53ms (next.js: 1.8ms, proxy.ts: 1.8ms, application-code: 50ms)
  └─ ƒ updateWorkspaceLocale({}) in 5ms src/app/actions.ts
  ✓  17 [chromium] › e2e/authenticated-rbac.spec.ts:93:7 › authenticated Server Action authorization matrix › re-authorizes workspace administration for every session (1.0s)
 GET /dashboard?client=80000000-0000-4000-8000-000000000092 200 in 186ms (next.js: 1.8ms, proxy.ts: 2ms, application-code: 182ms)
 GET /api/auth/get-session 200 in 20ms (next.js: 5ms, proxy.ts: 3ms, application-code: 12ms)
 GET /api/auth/organization/list 200 in 22ms (next.js: 9ms, proxy.ts: 3ms, application-code: 9ms)
 POST /dashboard?client=80000000-0000-4000-8000-000000000092 200 in 289ms (next.js: 2ms, proxy.ts: 2ms, application-code: 285ms)
  └─ ƒ setCookieConsent({}) in 2ms src/app/preferences-actions.ts
 GET /dashboard?client=80000000-0000-4000-8000-000000000092 200 in 287ms (next.js: 10ms, proxy.ts: 21ms, application-code: 256ms)
 GET /api/auth/get-session 200 in 62ms (next.js: 29ms, proxy.ts: 3ms, application-code: 30ms)
 GET /api/auth/organization/list 200 in 116ms (next.js: 44ms, proxy.ts: 4ms, application-code: 68ms)
 GET /dashboard?client=80000000-0000-4000-8000-000000000092 200 in 218ms (next.js: 3ms, proxy.ts: 4ms, application-code: 211ms)
 GET /api/auth/get-session 200 in 61ms (next.js: 25ms, proxy.ts: 3ms, application-code: 32ms)
 GET /api/auth/organization/list 200 in 68ms (next.js: 39ms, proxy.ts: 3ms, application-code: 26ms)
 GET /dashboard?client=80000000-0000-4000-8000-000000000092 200 in 209ms (next.js: 3ms, proxy.ts: 3ms, application-code: 203ms)
 GET /api/auth/get-session 200 in 78ms (next.js: 40ms, proxy.ts: 4ms, application-code: 34ms)
 GET /api/auth/organization/list 200 in 116ms (next.js: 45ms, proxy.ts: 3ms, application-code: 67ms)
 GET /dashboard?client=80000000-0000-4000-8000-000000000092 200 in 205ms (next.js: 3ms, proxy.ts: 3ms, application-code: 198ms)
 GET /api/auth/get-session 200 in 19ms (next.js: 5ms, proxy.ts: 3ms, application-code: 11ms)
 GET /api/auth/organization/list 200 in 20ms (next.js: 8ms, proxy.ts: 2ms, application-code: 9ms)
 GET /dashboard?client=80000000-0000-4000-8000-000000000093 200 in 158ms (next.js: 2ms, proxy.ts: 1.7ms, application-code: 154ms)
  ✓  18 [chromium] › e2e/dashboard-health-local.spec.ts:15:53 › qualified cockpit health › counts all alerts and refuses unqualified scores in fr (2.4s)
 GET /dashboard?client=80000000-0000-4000-8000-000000000092 200 in 179ms (next.js: 1.9ms, proxy.ts: 2ms, application-code: 175ms)
 GET /api/auth/get-session 200 in 29ms (next.js: 13ms, proxy.ts: 7ms, application-code: 9ms)
 GET /api/auth/organization/list 200 in 30ms (next.js: 9ms, proxy.ts: 7ms, application-code: 15ms)
 POST /dashboard?client=80000000-0000-4000-8000-000000000092 200 in 278ms (next.js: 3ms, proxy.ts: 3ms, application-code: 272ms)
  └─ ƒ setCookieConsent({}) in 1ms src/app/preferences-actions.ts
 GET /dashboard?client=80000000-0000-4000-8000-000000000092 200 in 259ms (next.js: 10ms, proxy.ts: 13ms, application-code: 236ms)
 GET /api/auth/get-session 200 in 60ms (next.js: 26ms, proxy.ts: 3ms, application-code: 31ms)
 GET /api/auth/organization/list 200 in 122ms (next.js: 41ms, proxy.ts: 3ms, application-code: 78ms)
 GET /dashboard?client=80000000-0000-4000-8000-000000000092 200 in 219ms (next.js: 3ms, proxy.ts: 3ms, application-code: 213ms)
 GET /api/auth/get-session 200 in 87ms (next.js: 44ms, proxy.ts: 3ms, application-code: 40ms)
 GET /api/auth/organization/list 200 in 163ms (next.js: 48ms, proxy.ts: 4ms, application-code: 111ms)
 GET /dashboard?client=80000000-0000-4000-8000-000000000092 200 in 278ms (next.js: 3ms, proxy.ts: 4ms, application-code: 271ms)
 GET /api/auth/get-session 200 in 80ms (next.js: 31ms, proxy.ts: 4ms, application-code: 45ms)
 GET /api/auth/organization/list 200 in 84ms (next.js: 37ms, proxy.ts: 4ms, application-code: 43ms)
 GET /dashboard?client=80000000-0000-4000-8000-000000000092 200 in 208ms (next.js: 3ms, proxy.ts: 4ms, application-code: 201ms)
 GET /api/auth/get-session 200 in 20ms (next.js: 6ms, proxy.ts: 2ms, application-code: 11ms)
 GET /api/auth/organization/list 200 in 21ms (next.js: 8ms, proxy.ts: 4ms, application-code: 9ms)
 GET /dashboard?client=80000000-0000-4000-8000-000000000093 200 in 158ms (next.js: 1.9ms, proxy.ts: 2ms, application-code: 154ms)
  ✓  19 [chromium] › e2e/dashboard-health-local.spec.ts:15:53 › qualified cockpit health › counts all alerts and refuses unqualified scores in en (3.1s)
 GET /insights/devices?client=80000000-0000-4000-8000-000000000094 200 in 139ms (next.js: 6ms, proxy.ts: 2ms, application-code: 130ms)
 GET /api/auth/get-session 200 in 27ms (next.js: 7ms, proxy.ts: 3ms, application-code: 16ms)
 GET /api/auth/organization/list 200 in 29ms (next.js: 14ms, proxy.ts: 3ms, application-code: 13ms)
 GET /tasks 200 in 61ms (next.js: 5ms, proxy.ts: 4ms, application-code: 53ms)
 GET /discussions/tasks/faecb681-7800-4823-9634-fa628012a417 200 in 593ms (next.js: 446ms, proxy.ts: 1.7ms, application-code: 146ms)
 GET /api/auth/get-session 200 in 21ms (next.js: 6ms, proxy.ts: 3ms, application-code: 12ms)
 GET /api/auth/organization/list 200 in 22ms (next.js: 10ms, proxy.ts: 3ms, application-code: 9ms)
 GET /dashboard 200 in 69ms (next.js: 3ms, proxy.ts: 3ms, application-code: 63ms)
 GET /tasks 200 in 46ms (next.js: 3ms, proxy.ts: 2ms, application-code: 41ms)
 GET /dashboard 200 in 55ms (next.js: 3ms, proxy.ts: 3ms, application-code: 50ms)
 GET /tasks 200 in 68ms (next.js: 2ms, proxy.ts: 3ms, application-code: 63ms)
 GET /dashboard?client=invalid 404 in 101ms (next.js: 2ms, proxy.ts: 1.9ms, application-code: 97ms)
 GET /dashboard?client= 404 in 103ms (next.js: 1.7ms, proxy.ts: 1.7ms, application-code: 100ms)
 GET /dashboard?client=80000000-0000-4000-8000-000000000095 404 in 100ms (next.js: 1.7ms, proxy.ts: 1.6ms, application-code: 97ms)
 GET /dashboard?client=80000000-0000-4000-8000-000000000094&client=80000000-0000-4000-8000-000000000095 404 in 104ms (next.js: 1.8ms, proxy.ts: 1.6ms, application-code: 101ms)
 GET /analysis?client=invalid 404 in 125ms (next.js: 23ms, proxy.ts: 1.9ms, application-code: 101ms)
 GET /analysis?client= 404 in 103ms (next.js: 8ms, proxy.ts: 1.7ms, application-code: 93ms)
 GET /analysis?client=80000000-0000-4000-8000-000000000095 404 in 109ms (next.js: 1.6ms, proxy.ts: 1.7ms, application-code: 106ms)
 GET /analysis?client=80000000-0000-4000-8000-000000000094&client=80000000-0000-4000-8000-000000000095 404 in 101ms (next.js: 1.9ms, proxy.ts: 1.7ms, application-code: 97ms)
 GET /insights?client=invalid 404 in 118ms (next.js: 4ms, proxy.ts: 3ms, application-code: 111ms)
 GET /insights?client= 404 in 100ms (next.js: 1.8ms, proxy.ts: 1.6ms, application-code: 97ms)
 GET /insights?client=80000000-0000-4000-8000-000000000095 404 in 111ms (next.js: 1.7ms, proxy.ts: 1.7ms, application-code: 108ms)
 GET /insights?client=80000000-0000-4000-8000-000000000094&client=80000000-0000-4000-8000-000000000095 404 in 103ms (next.js: 1.6ms, proxy.ts: 1.5ms, application-code: 100ms)
 GET /history?client=invalid 404 in 98ms (next.js: 3ms, proxy.ts: 1.8ms, application-code: 93ms)
 GET /history?client= 404 in 105ms (next.js: 1.7ms, proxy.ts: 1.6ms, application-code: 102ms)
 GET /history?client=80000000-0000-4000-8000-000000000095 404 in 100ms (next.js: 1.8ms, proxy.ts: 1.6ms, application-code: 97ms)
 GET /history?client=80000000-0000-4000-8000-000000000094&client=80000000-0000-4000-8000-000000000095 404 in 101ms (next.js: 1.6ms, proxy.ts: 1.6ms, application-code: 98ms)
 GET /dashboard?client=80000000-0000-4000-8000-000000000094 404 in 106ms (next.js: 1.9ms, proxy.ts: 1.5ms, application-code: 103ms)
  ✓  20 [chromium] › e2e/navigation-state-local.spec.ts:14:53 › live navigation state › follows client navigation, keyboard and invalid accounts in fr (4.1s)
 GET /insights/devices?client=80000000-0000-4000-8000-000000000094 200 in 138ms (next.js: 4ms, proxy.ts: 2ms, application-code: 132ms)
 GET /api/auth/get-session 200 in 25ms (next.js: 6ms, proxy.ts: 2ms, application-code: 17ms)
 GET /api/auth/organization/list 200 in 28ms (next.js: 10ms, proxy.ts: 2ms, application-code: 15ms)
 GET /tasks 200 in 65ms (next.js: 3ms, proxy.ts: 3ms, application-code: 59ms)
 GET /discussions/tasks/6f59028b-e27a-4334-a5c6-a0247548cc84 200 in 115ms (next.js: 4ms, proxy.ts: 1.8ms, application-code: 109ms)
 GET /api/auth/get-session 200 in 36ms (next.js: 12ms, proxy.ts: 5ms, application-code: 19ms)
 GET /api/auth/organization/list 200 in 40ms (next.js: 15ms, proxy.ts: 6ms, application-code: 20ms)
 GET /dashboard 200 in 93ms (next.js: 4ms, proxy.ts: 4ms, application-code: 85ms)
 GET /tasks 200 in 50ms (next.js: 2ms, proxy.ts: 3ms, application-code: 45ms)
 GET /dashboard 200 in 53ms (next.js: 3ms, proxy.ts: 2ms, application-code: 48ms)
 GET /tasks 200 in 157ms (next.js: 2ms, proxy.ts: 2ms, application-code: 152ms)
 GET /dashboard?client=invalid 404 in 127ms (next.js: 3ms, proxy.ts: 4ms, application-code: 120ms)
 GET /dashboard?client= 404 in 105ms (next.js: 2ms, proxy.ts: 1.6ms, application-code: 102ms)
 GET /dashboard?client=80000000-0000-4000-8000-000000000095 404 in 101ms (next.js: 1.8ms, proxy.ts: 1.6ms, application-code: 97ms)
 GET /dashboard?client=80000000-0000-4000-8000-000000000094&client=80000000-0000-4000-8000-000000000095 404 in 108ms (next.js: 1.8ms, proxy.ts: 1.6ms, application-code: 105ms)
 GET /analysis?client=invalid 404 in 103ms (next.js: 1.9ms, proxy.ts: 1.8ms, application-code: 100ms)
 GET /analysis?client= 404 in 105ms (next.js: 1.7ms, proxy.ts: 1.6ms, application-code: 102ms)
 GET /analysis?client=80000000-0000-4000-8000-000000000095 404 in 103ms (next.js: 1.8ms, proxy.ts: 1.6ms, application-code: 99ms)
 GET /analysis?client=80000000-0000-4000-8000-000000000094&client=80000000-0000-4000-8000-000000000095 404 in 112ms (next.js: 1.9ms, proxy.ts: 1.6ms, application-code: 109ms)
 GET /insights?client=invalid 404 in 109ms (next.js: 1.8ms, proxy.ts: 1.6ms, application-code: 106ms)
 GET /insights?client= 404 in 100ms (next.js: 1.8ms, proxy.ts: 1.7ms, application-code: 97ms)
 GET /insights?client=80000000-0000-4000-8000-000000000095 404 in 108ms (next.js: 1.8ms, proxy.ts: 1.8ms, application-code: 105ms)
 GET /insights?client=80000000-0000-4000-8000-000000000094&client=80000000-0000-4000-8000-000000000095 404 in 96ms (next.js: 1.6ms, proxy.ts: 1.7ms, application-code: 93ms)
 GET /history?client=invalid 404 in 103ms (next.js: 1.6ms, proxy.ts: 1.7ms, application-code: 100ms)
 GET /history?client= 404 in 99ms (next.js: 1.7ms, proxy.ts: 1.6ms, application-code: 95ms)
 GET /history?client=80000000-0000-4000-8000-000000000095 404 in 105ms (next.js: 1.7ms, proxy.ts: 1.6ms, application-code: 102ms)
 GET /history?client=80000000-0000-4000-8000-000000000094&client=80000000-0000-4000-8000-000000000095 404 in 102ms (next.js: 1.6ms, proxy.ts: 1.7ms, application-code: 99ms)
 GET /dashboard?client=80000000-0000-4000-8000-000000000094 404 in 99ms (next.js: 1.6ms, proxy.ts: 1.6ms, application-code: 96ms)
  ✓  21 [chromium] › e2e/navigation-state-local.spec.ts:14:53 › live navigation state › follows client navigation, keyboard and invalid accounts in en (3.5s)
 GET /settings 200 in 176ms (next.js: 3ms, proxy.ts: 1.8ms, application-code: 171ms)
 GET /api/auth/get-session 200 in 20ms (next.js: 5ms, proxy.ts: 2ms, application-code: 12ms)
 GET /api/auth/organization/list 200 in 21ms (next.js: 9ms, proxy.ts: 2ms, application-code: 10ms)
 GET /settings?error=La+confirmation+ne+correspond+pas+%C3%A0+l%E2%80%99identifiant+de+l%E2%80%99espace. 200 in 96ms (next.js: 2ms, proxy.ts: 1.8ms, application-code: 92ms)
 POST /settings 200 in 118ms (next.js: 3ms, proxy.ts: 3ms, application-code: 113ms)
  └─ ƒ transferWorkspaceOwnership({}) in 8ms src/app/actions.ts
 GET /settings?notice=Propri%C3%A9t%C3%A9+de+l%E2%80%99espace+transf%C3%A9r%C3%A9e. 200 in 84ms (next.js: 2ms, proxy.ts: 2.0ms, application-code: 80ms)
 POST /settings?error=La%20confirmation%20ne%20correspond%20pas%20%C3%A0%20l%E2%80%99identifiant%20de%20l%E2%80%99espace. 200 in 115ms (next.js: 3ms, proxy.ts: 4ms, application-code: 107ms)
  └─ ƒ transferWorkspaceOwnership({}) in 14ms src/app/actions.ts
 GET /settings?error=Seul+le+propri%C3%A9taire+peut+transf%C3%A9rer+la+propri%C3%A9t%C3%A9. 200 in 86ms (next.js: 2.0ms, proxy.ts: 1.7ms, application-code: 83ms)
 POST /settings?error=La%20confirmation%20ne%20correspond%20pas%20%C3%A0%20l%E2%80%99identifiant%20de%20l%E2%80%99espace. 200 in 101ms (next.js: 2ms, proxy.ts: 2ms, application-code: 97ms)
  └─ ƒ transferWorkspaceOwnership({}) in 5ms src/app/actions.ts
 GET /settings 200 in 179ms (next.js: 1.9ms, proxy.ts: 1.9ms, application-code: 175ms)
 GET /api/auth/get-session 200 in 49ms (next.js: 7ms, proxy.ts: 15ms, application-code: 26ms)
 GET /api/auth/organization/list 200 in 53ms (next.js: 22ms, proxy.ts: 15ms, application-code: 16ms)
  ✓  22 [chromium] › e2e/ownership-local.spec.ts:5:61 › ownership transfer fr rechecks old owner authority and preserves other agencies (1.6s)
 GET /settings 200 in 185ms (next.js: 2ms, proxy.ts: 2ms, application-code: 180ms)
 GET /api/auth/get-session 200 in 21ms (next.js: 7ms, proxy.ts: 2ms, application-code: 11ms)
 GET /api/auth/organization/list 200 in 22ms (next.js: 11ms, proxy.ts: 3ms, application-code: 8ms)
 GET /settings?error=La+confirmation+ne+correspond+pas+%C3%A0+l%E2%80%99identifiant+de+l%E2%80%99espace. 200 in 73ms (next.js: 2.0ms, proxy.ts: 1.8ms, application-code: 69ms)
 POST /settings 200 in 92ms (next.js: 2.0ms, proxy.ts: 2ms, application-code: 88ms)
  └─ ƒ transferWorkspaceOwnership({}) in 7ms src/app/actions.ts
 GET /settings?notice=Workspace+ownership+transferred. 200 in 72ms (next.js: 1.8ms, proxy.ts: 1.6ms, application-code: 69ms)
 POST /settings?error=La%20confirmation%20ne%20correspond%20pas%20%C3%A0%20l%E2%80%99identifiant%20de%20l%E2%80%99espace. 200 in 99ms (next.js: 2ms, proxy.ts: 3ms, application-code: 94ms)
  └─ ƒ transferWorkspaceOwnership({}) in 16ms src/app/actions.ts
 GET /settings?error=Seul+le+propri%C3%A9taire+peut+transf%C3%A9rer+la+propri%C3%A9t%C3%A9. 200 in 73ms (next.js: 2ms, proxy.ts: 1.4ms, application-code: 70ms)
 POST /settings?error=La%20confirmation%20ne%20correspond%20pas%20%C3%A0%20l%E2%80%99identifiant%20de%20l%E2%80%99espace. 200 in 88ms (next.js: 1.9ms, proxy.ts: 2ms, application-code: 84ms)
  └─ ƒ transferWorkspaceOwnership({}) in 5ms src/app/actions.ts
 GET /settings 200 in 167ms (next.js: 1.8ms, proxy.ts: 1.6ms, application-code: 164ms)
 GET /api/auth/get-session 200 in 21ms (next.js: 6ms, proxy.ts: 3ms, application-code: 13ms)
 GET /api/auth/organization/list 200 in 23ms (next.js: 11ms, proxy.ts: 3ms, application-code: 10ms)
  ✓  23 [chromium] › e2e/ownership-local.spec.ts:5:61 › ownership transfer en rechecks old owner authority and preserves other agencies (1.6s)
 GET /portfolio?q=PORTFOLIO_ 200 in 330ms (next.js: 24ms, proxy.ts: 1.8ms, application-code: 304ms)
 GET /api/auth/get-session 200 in 19ms (next.js: 5ms, proxy.ts: 3ms, application-code: 12ms)
 GET /api/auth/organization/list 200 in 20ms (next.js: 10ms, proxy.ts: 3ms, application-code: 8ms)
 GET /portfolio?q=PORTFOLIO_&cursor=eyJ2IjoxLCJpdiI6Il91eWV0TGY2ZUpxZlltYmQiLCJ0YWciOiJLQ0wwbHhsMU5ES3ZsdjBUQ0UzQjNnIiwiZGF0YSI6IlAtRkU4X2hJOWs4YnFubm1PMlJhSHhOYzIxTml5bXhPbW1uMGtOTW4yTkpmQzk0cDBzZzJFTi1tTlFNRVFxa3FGYnRuME02Qkh4VFo3YndCUW5JVWxJVldqUENtb0VLNVU3WkJiTXBIVExlX3ZGNlR5eHIzbXNPb19jZXV1TDRlajU5NE8xR1dLMnFTVUpzTU8wNXM1aHpzQUdsQ09XUHhFNTJGLVFrZU84U250N3dHb1Qyem1Hc0VjRWNNRS00YzJjNmhoZFF0SjJuQzJEa2VGZDJLbnFIWEVYTzJyeVNvTjNxOE0tWTZUM2wteE1xUHZpMDZicHIwNmZ0MmNmbFpaRlJ2aHdDVUVJYW9XZGhYMm5VZkViSXR5NkRHMlRPQlpRS1dzZ2FwTkxjQy1rMWlSNURhaGcifQ 200 in 90ms (next.js: 2ms, proxy.ts: 3ms, application-code: 85ms)
 GET /portfolio?q=PORTFOLIO_&attention=missing_data&currency=&assignee= 200 in 171ms (next.js: 1.9ms, proxy.ts: 2ms, application-code: 167ms)
 GET /api/auth/get-session 200 in 29ms (next.js: 4ms, proxy.ts: 3ms, application-code: 22ms)
 GET /api/auth/organization/list 200 in 30ms (next.js: 6ms, proxy.ts: 3ms, application-code: 21ms)
 GET /portfolio?q=PORTFOLIO_&attention=missing_data&view_notice=saved 200 in 88ms (next.js: 1.7ms, proxy.ts: 1.6ms, application-code: 85ms)
 POST /portfolio?q=PORTFOLIO_&attention=missing_data&currency=&assignee= 200 in 112ms (next.js: 2ms, proxy.ts: 3ms, application-code: 107ms)
  └─ ƒ storePortfolioView({}) in 12ms src/app/portfolio-actions.ts
 GET /portfolio?q=PORTFOLIO_&attention=missing_data&view_notice=saved 200 in 70ms (next.js: 1.7ms, proxy.ts: 2ms, application-code: 66ms)
 POST /portfolio?q=PORTFOLIO_&attention=missing_data&view_notice=saved 200 in 86ms (next.js: 1.9ms, proxy.ts: 2ms, application-code: 82ms)
  └─ ƒ storePortfolioView({}) in 7ms src/app/portfolio-actions.ts
 GET /portfolio?q=PORTFOLIO_ 200 in 293ms (next.js: 1.9ms, proxy.ts: 2ms, application-code: 289ms)
 GET /api/auth/get-session 200 in 25ms (next.js: 9ms, proxy.ts: 3ms, application-code: 13ms)
 GET /api/auth/organization/list 200 in 26ms (next.js: 15ms, proxy.ts: 3ms, application-code: 9ms)
 GET /portfolio?view_notice=conflict 200 in 129ms (next.js: 2ms, proxy.ts: 3ms, application-code: 124ms)
 POST /portfolio?q=PORTFOLIO_ 200 in 156ms (next.js: 3ms, proxy.ts: 3ms, application-code: 149ms)
  └─ ƒ removePortfolioView({}) in 11ms src/app/portfolio-actions.ts
 GET /portfolio?q=PORTFOLIO_ 200 in 306ms (next.js: 2.0ms, proxy.ts: 1.8ms, application-code: 302ms)
 GET /api/auth/get-session 200 in 18ms (next.js: 5ms, proxy.ts: 3ms, application-code: 10ms)
 GET /api/auth/organization/list 200 in 20ms (next.js: 9ms, proxy.ts: 3ms, application-code: 8ms)
 GET /portfolio?view_notice=deleted 200 in 122ms (next.js: 3ms, proxy.ts: 2ms, application-code: 116ms)
 POST /portfolio?q=PORTFOLIO_ 200 in 141ms (next.js: 1.9ms, proxy.ts: 2ms, application-code: 136ms)
  └─ ƒ removePortfolioView({}) in 9ms src/app/portfolio-actions.ts
 GET /tasks?status=open&assignee=unassigned 200 in 49ms (next.js: 3ms, proxy.ts: 2ms, application-code: 44ms)
 GET /portfolio?assignee=local-browser-fixture-owner 200 in 165ms (next.js: 1.7ms, proxy.ts: 2ms, application-code: 161ms)
 GET /api/auth/get-session 200 in 104ms (next.js: 16ms, proxy.ts: 22ms, application-code: 66ms)
 GET /api/auth/organization/list 200 in 103ms (next.js: 25ms, proxy.ts: 20ms, application-code: 58ms)
 GET /portfolio?assignee=local-browser-fixture-owner 200 in 181ms (next.js: 2.0ms, proxy.ts: 1.7ms, application-code: 178ms)
 GET /api/auth/get-session 200 in 94ms (next.js: 46ms, proxy.ts: 17ms, application-code: 32ms)
 GET /api/auth/organization/list 200 in 97ms (next.js: 49ms, proxy.ts: 17ms, application-code: 32ms)
 GET /portfolio?q=PORTFOLIO_ 200 in 353ms (next.js: 1.9ms, proxy.ts: 2.0ms, application-code: 349ms)
 GET /api/auth/get-session 200 in 19ms (next.js: 5ms, proxy.ts: 3ms, application-code: 11ms)
 GET /api/auth/organization/list 200 in 20ms (next.js: 9ms, proxy.ts: 3ms, application-code: 8ms)
 GET /portfolio?q=PORTFOLIO_ 200 in 306ms (next.js: 1.8ms, proxy.ts: 2ms, application-code: 303ms)
 GET /api/auth/get-session 200 in 19ms (next.js: 9ms, proxy.ts: 3ms, application-code: 7ms)
 GET /api/auth/organization/list 200 in 20ms (next.js: 5ms, proxy.ts: 2ms, application-code: 13ms)
⨯ Error [PermissionDeniedError]: Permission required: portfolio:read
    at requirePermission (src/lib/permissions.ts:79:19)
    at requireWorkspacePermission (src/lib/workspace.ts:164:73)
    at async PortfolioPage (src/app/(app)/portfolio/page.tsx:16:40)
  77 | export function requirePermission(role: WorkspaceRole, permission: Permission) {
  78 |   if (!rolePermissions[role].has(permission)) {
> 79 |     const error = new Error(`Permission required: ${permission}`)
     |                   ^
  80 |     error.name = 'PermissionDeniedError'
  81 |     throw error
  82 |   } {
  digest: '2800845125'
}
 GET /portfolio?q=PORTFOLIO_ 307 in 89ms (next.js: 1.9ms, proxy.ts: 1.8ms, application-code: 85ms)
 GET /support?error=Acc%C3%A8s%20non%20autoris%C3%A9 200 in 94ms (next.js: 3ms, proxy.ts: 4ms, application-code: 87ms)
 GET /api/auth/organization/list 200 in 50ms (next.js: 14ms, proxy.ts: 8ms, application-code: 28ms)
 GET /api/auth/get-session 200 in 51ms (next.js: 25ms, proxy.ts: 6ms, application-code: 19ms)
 GET /portfolio?q=PORTFOLIO_ 307 in 54ms (next.js: 2ms, proxy.ts: 2ms, application-code: 50ms)
 GET /sign-in 200 in 54ms (next.js: 7ms, proxy.ts: 3ms, application-code: 44ms)
{"locale":"fr","developmentStyleViolations":231,"applicationErrors":0}
  ✓  24 [chromium] › e2e/portfolio-local.spec.ts:13:53 › agency portfolio › reviews 50 accounts, personal views and team workload in fr (6.7s)
 GET /portfolio?q=PORTFOLIO_ 200 in 315ms (next.js: 1.8ms, proxy.ts: 1.8ms, application-code: 312ms)
 GET /api/auth/get-session 200 in 19ms (next.js: 6ms, proxy.ts: 3ms, application-code: 10ms)
 GET /api/auth/organization/list 200 in 21ms (next.js: 9ms, proxy.ts: 3ms, application-code: 10ms)
 GET /portfolio?q=PORTFOLIO_&cursor=eyJ2IjoxLCJpdiI6IkNwWEJzWi0tSVZBbjhvZzciLCJ0YWciOiJYdjhVZWFKZ2ptclUzVEt0cWNZSk1BIiwiZGF0YSI6ImNnTTlNMmVnd3R6U2Z5UzY2TGpUQl9UcVFDcGtzelhscWZmbnM4VWtOSFpXMFFYNi1CakxXU0VMQ3NJRk5TVkZWYkhoT1YxUHBhRDh2aXZTRXNQQjA3dm52aVZ5MkUtZ250c1oxZG5jXzZfMU9MNkhoYmlKMnVhT3hnMzF3M05YQkFnTzdWTUJ4U3VTdkxPcGNXWTM3UlFibHhLaVc4aWNqamxLVXMwZ3lHS0E1eFpFSFdxSmZsaUhoZkYyNHRRTXpFaEhpaUtfTkRuS3RCQmZRMjRBeTBTaGsteExsWXRLcGZ2N1VuaTkxQUhXM09YSVBzU0hqMVN0c293RVZMdWdoZFFNUGNNOW9RdS1qSUUybXcxSDZ2OEFfMi1GakJENExERmJlMFVXYzFlT1RFTXpjSnRmWncifQ 200 in 141ms (next.js: 1.8ms, proxy.ts: 3ms, application-code: 137ms)
 GET /portfolio?q=PORTFOLIO_&attention=missing_data&currency=&assignee= 200 in 172ms (next.js: 2.0ms, proxy.ts: 1.7ms, application-code: 169ms)
 GET /api/auth/get-session 200 in 13ms (next.js: 3ms, proxy.ts: 3ms, application-code: 8ms)
 GET /api/auth/organization/list 200 in 14ms (next.js: 3ms, proxy.ts: 3ms, application-code: 8ms)
 GET /portfolio?q=PORTFOLIO_&attention=missing_data&view_notice=saved 200 in 85ms (next.js: 1.8ms, proxy.ts: 1.5ms, application-code: 82ms)
 POST /portfolio?q=PORTFOLIO_&attention=missing_data&currency=&assignee= 200 in 105ms (next.js: 2ms, proxy.ts: 4ms, application-code: 99ms)
  └─ ƒ storePortfolioView({}) in 7ms src/app/portfolio-actions.ts
 GET /portfolio?q=PORTFOLIO_&attention=missing_data&view_notice=saved 200 in 79ms (next.js: 1.7ms, proxy.ts: 1.6ms, application-code: 75ms)
 POST /portfolio?q=PORTFOLIO_&attention=missing_data&view_notice=saved 200 in 96ms (next.js: 2ms, proxy.ts: 2ms, application-code: 92ms)
  └─ ƒ storePortfolioView({}) in 8ms src/app/portfolio-actions.ts
 GET /portfolio?q=PORTFOLIO_ 200 in 312ms (next.js: 1.7ms, proxy.ts: 2ms, application-code: 308ms)
 GET /api/auth/get-session 200 in 19ms (next.js: 5ms, proxy.ts: 3ms, application-code: 11ms)
 GET /api/auth/organization/list 200 in 20ms (next.js: 10ms, proxy.ts: 3ms, application-code: 8ms)
 GET /portfolio?view_notice=conflict 200 in 127ms (next.js: 2ms, proxy.ts: 2ms, application-code: 123ms)
 POST /portfolio?q=PORTFOLIO_ 200 in 147ms (next.js: 4ms, proxy.ts: 2ms, application-code: 141ms)
  └─ ƒ removePortfolioView({}) in 8ms src/app/portfolio-actions.ts
 GET /portfolio?q=PORTFOLIO_ 200 in 393ms (next.js: 3ms, proxy.ts: 3ms, application-code: 388ms)
 GET /api/auth/get-session 200 in 18ms (next.js: 5ms, proxy.ts: 3ms, application-code: 10ms)
 GET /api/auth/organization/list 200 in 20ms (next.js: 9ms, proxy.ts: 3ms, application-code: 8ms)
 GET /portfolio?view_notice=deleted 200 in 136ms (next.js: 4ms, proxy.ts: 3ms, application-code: 130ms)
 POST /portfolio?q=PORTFOLIO_ 200 in 155ms (next.js: 2ms, proxy.ts: 3ms, application-code: 150ms)
  └─ ƒ removePortfolioView({}) in 8ms src/app/portfolio-actions.ts
 GET /tasks?status=open&assignee=unassigned 200 in 53ms (next.js: 3ms, proxy.ts: 2ms, application-code: 48ms)
 GET /portfolio?assignee=local-browser-fixture-owner 200 in 192ms (next.js: 1.9ms, proxy.ts: 2ms, application-code: 188ms)
 GET /api/auth/get-session 200 in 102ms (next.js: 17ms, proxy.ts: 23ms, application-code: 63ms)
 GET /api/auth/organization/list 200 in 102ms (next.js: 26ms, proxy.ts: 21ms, application-code: 55ms)
 GET /portfolio?assignee=local-browser-fixture-owner 200 in 186ms (next.js: 1.9ms, proxy.ts: 1.9ms, application-code: 183ms)
 GET /api/auth/get-session 200 in 83ms (next.js: 43ms, proxy.ts: 11ms, application-code: 30ms)
 GET /api/auth/organization/list 200 in 86ms (next.js: 46ms, proxy.ts: 11ms, application-code: 30ms)
 GET /portfolio?q=PORTFOLIO_ 200 in 382ms (next.js: 1.9ms, proxy.ts: 1.9ms, application-code: 378ms)
 GET /api/auth/get-session 200 in 18ms (next.js: 5ms, proxy.ts: 3ms, application-code: 11ms)
 GET /api/auth/organization/list 200 in 20ms (next.js: 8ms, proxy.ts: 3ms, application-code: 9ms)
 GET /portfolio?q=PORTFOLIO_ 200 in 300ms (next.js: 2ms, proxy.ts: 1.9ms, application-code: 296ms)
 GET /api/auth/get-session 200 in 20ms (next.js: 6ms, proxy.ts: 3ms, application-code: 11ms)
 GET /api/auth/organization/list 200 in 22ms (next.js: 9ms, proxy.ts: 3ms, application-code: 10ms)
⨯ Error [PermissionDeniedError]: Permission required: portfolio:read
    at requirePermission (src/lib/permissions.ts:79:19)
    at requireWorkspacePermission (src/lib/workspace.ts:164:73)
    at async PortfolioPage (src/app/(app)/portfolio/page.tsx:16:40)
  77 | export function requirePermission(role: WorkspaceRole, permission: Permission) {
  78 |   if (!rolePermissions[role].has(permission)) {
> 79 |     const error = new Error(`Permission required: ${permission}`)
     |                   ^
  80 |     error.name = 'PermissionDeniedError'
  81 |     throw error
  82 |   } {
  digest: '2800845125'
}
 GET /portfolio?q=PORTFOLIO_ 307 in 82ms (next.js: 3ms, proxy.ts: 2ms, application-code: 78ms)
 GET /support?error=Acc%C3%A8s%20non%20autoris%C3%A9 200 in 88ms (next.js: 3ms, proxy.ts: 3ms, application-code: 83ms)
 GET /portfolio?q=PORTFOLIO_ 307 in 52ms (next.js: 2.0ms, proxy.ts: 2ms, application-code: 48ms)
 GET /sign-in 200 in 38ms (next.js: 5ms, proxy.ts: 1.5ms, application-code: 32ms)
{"locale":"en","developmentStyleViolations":231,"applicationErrors":0}
  ✓  25 [chromium] › e2e/portfolio-local.spec.ts:13:53 › agency portfolio › reviews 50 accounts, personal views and team workload in en (6.7s)
 GET /billing 200 in 149ms (next.js: 4ms, proxy.ts: 2ms, application-code: 144ms)
 GET /api/auth/get-session 200 in 82ms (next.js: 42ms, proxy.ts: 11ms, application-code: 29ms)
 GET /api/auth/organization/list 200 in 91ms (next.js: 45ms, proxy.ts: 11ms, application-code: 35ms)
 GET /accounts 200 in 137ms (next.js: 3ms, proxy.ts: 2ms, application-code: 132ms)
 GET /api/auth/get-session 200 in 25ms (next.js: 3ms, proxy.ts: 3ms, application-code: 19ms)
 GET /api/auth/organization/list 200 in 26ms (next.js: 6ms, proxy.ts: 2ms, application-code: 18ms)
 POST /accounts 200 in 51ms (next.js: 2ms, proxy.ts: 1.8ms, application-code: 47ms)
  └─ ƒ setCookieConsent({}) in 2ms src/app/preferences-actions.ts
 GET /accounts?selection=saved 200 in 59ms (next.js: 2ms, proxy.ts: 1.8ms, application-code: 55ms)
 POST /accounts 200 in 84ms (next.js: 3ms, proxy.ts: 3ms, application-code: 78ms)
  └─ ƒ updateManagedAccounts({}) in 13ms src/app/account-selection-actions.ts
 GET /accounts?selection=saved 200 in 56ms (next.js: 1.8ms, proxy.ts: 1.6ms, application-code: 53ms)
 POST /accounts?selection=saved 200 in 75ms (next.js: 2ms, proxy.ts: 2ms, application-code: 70ms)
  └─ ƒ updateManagedAccounts({}) in 9ms src/app/account-selection-actions.ts
 GET /accounts?selection=conflict 200 in 51ms (next.js: 1.9ms, proxy.ts: 1.9ms, application-code: 48ms)
 POST /accounts?selection=saved 200 in 71ms (next.js: 2ms, proxy.ts: 3ms, application-code: 66ms)
  └─ ƒ updateManagedAccounts({}) in 9ms src/app/account-selection-actions.ts
 GET /accounts?selection=saved 200 in 62ms (next.js: 2ms, proxy.ts: 1.8ms, application-code: 58ms)
 POST /accounts?selection=conflict 200 in 83ms (next.js: 2ms, proxy.ts: 3ms, application-code: 78ms)
  └─ ƒ updateManagedAccounts({}) in 10ms src/app/account-selection-actions.ts
 GET /accounts 200 in 102ms (next.js: 2ms, proxy.ts: 3ms, application-code: 97ms)
  ✓  26 [chromium] › e2e/prod-ready-local.spec.ts:26:44 › local production readiness regression journeys › managed account selection preserves priorities and enforces quota in fr (2.4s)
 GET /billing 200 in 142ms (next.js: 2.0ms, proxy.ts: 1.7ms, application-code: 138ms)
 GET /api/auth/get-session 200 in 87ms (next.js: 40ms, proxy.ts: 12ms, application-code: 36ms)
 GET /api/auth/organization/list 200 in 96ms (next.js: 43ms, proxy.ts: 12ms, application-code: 42ms)
 GET /accounts 200 in 139ms (next.js: 1.9ms, proxy.ts: 2ms, application-code: 135ms)
 GET /api/auth/get-session 200 in 16ms (next.js: 3ms, proxy.ts: 2ms, application-code: 10ms)
 GET /api/auth/organization/list 200 in 18ms (next.js: 6ms, proxy.ts: 2ms, application-code: 10ms)
 POST /accounts 200 in 57ms (next.js: 1.9ms, proxy.ts: 2ms, application-code: 53ms)
  └─ ƒ setCookieConsent({}) in 2ms src/app/preferences-actions.ts
 GET /accounts?selection=saved 200 in 65ms (next.js: 1.8ms, proxy.ts: 1.8ms, application-code: 61ms)
 POST /accounts 200 in 85ms (next.js: 2ms, proxy.ts: 2ms, application-code: 80ms)
  └─ ƒ updateManagedAccounts({}) in 9ms src/app/account-selection-actions.ts
 GET /accounts?selection=saved 200 in 46ms (next.js: 1.6ms, proxy.ts: 1.7ms, application-code: 43ms)
 POST /accounts?selection=saved 200 in 66ms (next.js: 2ms, proxy.ts: 3ms, application-code: 61ms)
  └─ ƒ updateManagedAccounts({}) in 9ms src/app/account-selection-actions.ts
 GET /accounts?selection=conflict 200 in 66ms (next.js: 1.6ms, proxy.ts: 1.6ms, application-code: 63ms)
 POST /accounts?selection=saved 200 in 82ms (next.js: 1.9ms, proxy.ts: 2ms, application-code: 77ms)
  └─ ƒ updateManagedAccounts({}) in 7ms src/app/account-selection-actions.ts
 GET /accounts?selection=saved 200 in 54ms (next.js: 1.7ms, proxy.ts: 1.8ms, application-code: 50ms)
 POST /accounts?selection=conflict 200 in 80ms (next.js: 1.9ms, proxy.ts: 2ms, application-code: 76ms)
  └─ ƒ updateManagedAccounts({}) in 16ms src/app/account-selection-actions.ts
 GET /accounts 200 in 95ms (next.js: 1.6ms, proxy.ts: 1.6ms, application-code: 92ms)
  ✓  27 [chromium] › e2e/prod-ready-local.spec.ts:26:44 › local production readiness regression journeys › managed account selection preserves priorities and enforces quota in en (2.3s)
 GET /dashboard?client=80000000-0000-4000-8000-000000000004 200 in 180ms (next.js: 4ms, proxy.ts: 1.6ms, application-code: 175ms)
 GET /api/auth/get-session 200 in 23ms (next.js: 6ms, proxy.ts: 3ms, application-code: 14ms)
 GET /api/auth/organization/list 200 in 25ms (next.js: 10ms, proxy.ts: 3ms, application-code: 12ms)
 POST /dashboard?client=80000000-0000-4000-8000-000000000004 200 in 85ms (next.js: 2ms, proxy.ts: 2ms, application-code: 81ms)
  └─ ƒ setCookieConsent({}) in 0ms src/app/preferences-actions.ts
 GET /dashboard?client=80000000-0000-4000-8000-000000000004 200 in 176ms (next.js: 1.8ms, proxy.ts: 1.6ms, application-code: 173ms)
 GET /api/auth/get-session 200 in 22ms (next.js: 4ms, proxy.ts: 4ms, application-code: 14ms)
 GET /api/auth/organization/list 200 in 23ms (next.js: 8ms, proxy.ts: 4ms, application-code: 11ms)
  ✓  28 [chromium] › e2e/prod-ready-local.spec.ts:91:44 › local production readiness regression journeys › pacing uses covered completed days and hides forecasts with a gap in fr (1.1s)
 GET /dashboard?client=80000000-0000-4000-8000-000000000004 200 in 171ms (next.js: 2ms, proxy.ts: 2ms, application-code: 167ms)
 GET /api/auth/get-session 200 in 31ms (next.js: 5ms, proxy.ts: 3ms, application-code: 22ms)
 GET /api/auth/organization/list 200 in 33ms (next.js: 9ms, proxy.ts: 3ms, application-code: 20ms)
 POST /dashboard?client=80000000-0000-4000-8000-000000000004 200 in 86ms (next.js: 2ms, proxy.ts: 1.9ms, application-code: 82ms)
  └─ ƒ setCookieConsent({}) in 2ms src/app/preferences-actions.ts
 GET /dashboard?client=80000000-0000-4000-8000-000000000004 200 in 205ms (next.js: 2ms, proxy.ts: 2ms, application-code: 201ms)
 GET /api/auth/get-session 200 in 29ms (next.js: 4ms, proxy.ts: 3ms, application-code: 22ms)
 GET /api/auth/organization/list 200 in 30ms (next.js: 15ms, proxy.ts: 3ms, application-code: 13ms)
  ✓  29 [chromium] › e2e/prod-ready-local.spec.ts:91:44 › local production readiness regression journeys › pacing uses covered completed days and hides forecasts with a gap in en (1.1s)
 GET /dashboard?client=80000000-0000-4000-8000-000000000005 200 in 206ms (next.js: 12ms, proxy.ts: 2.0ms, application-code: 192ms)
 GET /api/auth/get-session 200 in 21ms (next.js: 5ms, proxy.ts: 3ms, application-code: 13ms)
 GET /api/auth/organization/list 200 in 24ms (next.js: 9ms, proxy.ts: 2ms, application-code: 12ms)
 GET /analysis?client=80000000-0000-4000-8000-000000000005 200 in 202ms (next.js: 5ms, proxy.ts: 4ms, application-code: 193ms)
 GET /api/auth/get-session 200 in 105ms (next.js: 22ms, proxy.ts: 36ms, application-code: 47ms)
 GET /api/auth/organization/list 200 in 108ms (next.js: 25ms, proxy.ts: 36ms, application-code: 47ms)
 GET /insights?client=80000000-0000-4000-8000-000000000005 200 in 260ms (next.js: 5ms, proxy.ts: 5ms, application-code: 251ms)
 GET /api/auth/get-session 200 in 69ms (next.js: 40ms, proxy.ts: 12ms, application-code: 17ms)
 GET /api/auth/organization/list 200 in 76ms (next.js: 42ms, proxy.ts: 13ms, application-code: 22ms)
 GET /dashboard?client=80000000-0000-4000-8000-000000000005 200 in 210ms (next.js: 2ms, proxy.ts: 2ms, application-code: 206ms)
 GET /api/auth/get-session 200 in 20ms (next.js: 3ms, proxy.ts: 3ms, application-code: 13ms)
 GET /api/auth/organization/list 200 in 25ms (next.js: 7ms, proxy.ts: 3ms, application-code: 15ms)
 GET /analysis?client=80000000-0000-4000-8000-000000000005 200 in 182ms (next.js: 4ms, proxy.ts: 5ms, application-code: 173ms)
 GET /api/auth/get-session 200 in 76ms (next.js: 45ms, proxy.ts: 14ms, application-code: 17ms)
 GET /api/auth/organization/list 200 in 80ms (next.js: 48ms, proxy.ts: 14ms, application-code: 19ms)
 GET /insights?client=80000000-0000-4000-8000-000000000005 200 in 242ms (next.js: 2ms, proxy.ts: 2ms, application-code: 237ms)
 GET /api/auth/get-session 200 in 75ms (next.js: 43ms, proxy.ts: 14ms, application-code: 18ms)
 GET /api/auth/organization/list 200 in 79ms (next.js: 46ms, proxy.ts: 14ms, application-code: 19ms)
 GET /insights?client=80000000-0000-4000-8000-000000000005 200 in 231ms (next.js: 2ms, proxy.ts: 1.9ms, application-code: 227ms)
 GET /api/auth/get-session 200 in 22ms (next.js: 3ms, proxy.ts: 3ms, application-code: 16ms)
 GET /api/auth/organization/list 200 in 25ms (next.js: 7ms, proxy.ts: 3ms, application-code: 16ms)
 POST /insights?client=80000000-0000-4000-8000-000000000005 200 in 76ms (next.js: 2ms, proxy.ts: 2ms, application-code: 71ms)
  └─ ƒ setCookieConsent({}) in 2ms src/app/preferences-actions.ts
  ✓  30 [chromium] › e2e/prod-ready-local.spec.ts:128:44 › local production readiness regression journeys › stored analytics remain available without Google and during grace in fr (3.0s)
 GET /dashboard?client=80000000-0000-4000-8000-000000000005 200 in 186ms (next.js: 2ms, proxy.ts: 1.8ms, application-code: 182ms)
 GET /api/auth/get-session 200 in 27ms (next.js: 5ms, proxy.ts: 4ms, application-code: 18ms)
 GET /api/auth/organization/list 200 in 31ms (next.js: 11ms, proxy.ts: 3ms, application-code: 17ms)
 GET /analysis?client=80000000-0000-4000-8000-000000000005 200 in 197ms (next.js: 5ms, proxy.ts: 7ms, application-code: 186ms)
 GET /api/auth/get-session 200 in 96ms (next.js: 22ms, proxy.ts: 27ms, application-code: 46ms)
 GET /api/auth/organization/list 200 in 83ms (next.js: 47ms, proxy.ts: 12ms, application-code: 23ms)
 GET /insights?client=80000000-0000-4000-8000-000000000005 200 in 265ms (next.js: 2ms, proxy.ts: 2ms, application-code: 260ms)
 GET /api/auth/get-session 200 in 69ms (next.js: 39ms, proxy.ts: 12ms, application-code: 17ms)
 GET /api/auth/organization/list 200 in 76ms (next.js: 42ms, proxy.ts: 12ms, application-code: 22ms)
 GET /dashboard?client=80000000-0000-4000-8000-000000000005 200 in 211ms (next.js: 2ms, proxy.ts: 3ms, application-code: 206ms)
 GET /api/auth/get-session 200 in 24ms (next.js: 4ms, proxy.ts: 7ms, application-code: 13ms)
 GET /api/auth/organization/list 200 in 23ms (next.js: 8ms, proxy.ts: 3ms, application-code: 12ms)
 GET /analysis?client=80000000-0000-4000-8000-000000000005 200 in 192ms (next.js: 4ms, proxy.ts: 6ms, application-code: 183ms)
 GET /api/auth/get-session 200 in 104ms (next.js: 22ms, proxy.ts: 31ms, application-code: 52ms)
 GET /api/auth/organization/list 200 in 103ms (next.js: 33ms, proxy.ts: 29ms, application-code: 41ms)
 GET /insights?client=80000000-0000-4000-8000-000000000005 200 in 247ms (next.js: 3ms, proxy.ts: 3ms, application-code: 241ms)
 GET /api/auth/get-session 200 in 80ms (next.js: 42ms, proxy.ts: 18ms, application-code: 20ms)
 GET /api/auth/organization/list 200 in 85ms (next.js: 45ms, proxy.ts: 18ms, application-code: 21ms)
 GET /insights?client=80000000-0000-4000-8000-000000000005 200 in 247ms (next.js: 2ms, proxy.ts: 2ms, application-code: 242ms)
 GET /api/auth/get-session 200 in 19ms (next.js: 5ms, proxy.ts: 2ms, application-code: 11ms)
 GET /api/auth/organization/list 200 in 20ms (next.js: 9ms, proxy.ts: 2ms, application-code: 9ms)
 POST /insights?client=80000000-0000-4000-8000-000000000005 200 in 81ms (next.js: 2ms, proxy.ts: 2ms, application-code: 77ms)
  └─ ƒ setCookieConsent({}) in 2ms src/app/preferences-actions.ts
  ✓  31 [chromium] › e2e/prod-ready-local.spec.ts:128:44 › local production readiness regression journeys › stored analytics remain available without Google and during grace in en (3.0s)
 GET /dashboard?client=80000000-0000-4000-8000-000000000006 200 in 185ms (next.js: 2ms, proxy.ts: 2ms, application-code: 181ms)
 GET /api/auth/get-session 200 in 20ms (next.js: 6ms, proxy.ts: 3ms, application-code: 12ms)
 GET /api/auth/organization/list 200 in 21ms (next.js: 9ms, proxy.ts: 3ms, application-code: 9ms)
 POST /dashboard?client=80000000-0000-4000-8000-000000000006 200 in 91ms (next.js: 2ms, proxy.ts: 2ms, application-code: 87ms)
  └─ ƒ setCookieConsent({}) in 2ms src/app/preferences-actions.ts
 GET /dashboard?client=80000000-0000-4000-8000-000000000006&sync=queued 200 in 74ms (next.js: 1.7ms, proxy.ts: 1.5ms, application-code: 71ms)
 POST /dashboard?client=80000000-0000-4000-8000-000000000006 200 in 96ms (next.js: 2ms, proxy.ts: 2ms, application-code: 92ms)
  └─ ƒ refreshAnalyticalData({}) in 11ms src/app/analytical-actions.ts
 GET /dashboard?client=80000000-0000-4000-8000-000000000006&sync=pending 200 in 88ms (next.js: 1.7ms, proxy.ts: 1.7ms, application-code: 84ms)
 POST /dashboard?client=80000000-0000-4000-8000-000000000006&sync=queued 200 in 106ms (next.js: 3ms, proxy.ts: 2ms, application-code: 101ms)
  └─ ƒ refreshAnalyticalData({}) in 7ms src/app/analytical-actions.ts
 GET /dashboard?client=80000000-0000-4000-8000-000000000006 200 in 154ms (next.js: 2ms, proxy.ts: 2ms, application-code: 150ms)
 GET /dashboard?client=80000000-0000-4000-8000-000000000006 200 in 156ms (next.js: 1.8ms, proxy.ts: 1.9ms, application-code: 152ms)
 GET /api/auth/get-session 200 in 18ms (next.js: 5ms, proxy.ts: 2ms, application-code: 11ms)
 GET /api/auth/organization/list 200 in 20ms (next.js: 8ms, proxy.ts: 2ms, application-code: 9ms)
 GET /dashboard?client=80000000-0000-4000-8000-000000000006&sync=unavailable 200 in 82ms (next.js: 2ms, proxy.ts: 1.5ms, application-code: 78ms)
 POST /dashboard?client=80000000-0000-4000-8000-000000000006 200 in 100ms (next.js: 2ms, proxy.ts: 2ms, application-code: 95ms)
  └─ ƒ refreshAnalyticalData({}) in 7ms src/app/analytical-actions.ts
  ✓  32 [chromium] › e2e/prod-ready-local.spec.ts:180:99 › local production readiness regression journeys › analytical refresh enqueues once and handles revoked connections in fr (2.0s)
 GET /dashboard?client=80000000-0000-4000-8000-000000000006 200 in 173ms (next.js: 1.9ms, proxy.ts: 1.9ms, application-code: 169ms)
 GET /api/auth/get-session 200 in 20ms (next.js: 7ms, proxy.ts: 3ms, application-code: 10ms)
 GET /api/auth/organization/list 200 in 21ms (next.js: 10ms, proxy.ts: 3ms, application-code: 9ms)
 POST /dashboard?client=80000000-0000-4000-8000-000000000006 200 in 93ms (next.js: 2ms, proxy.ts: 3ms, application-code: 88ms)
  └─ ƒ setCookieConsent({}) in 0ms src/app/preferences-actions.ts
 GET /dashboard?client=80000000-0000-4000-8000-000000000006&sync=queued 200 in 74ms (next.js: 2ms, proxy.ts: 1.7ms, application-code: 70ms)
 POST /dashboard?client=80000000-0000-4000-8000-000000000006 200 in 95ms (next.js: 2ms, proxy.ts: 3ms, application-code: 90ms)
  └─ ƒ refreshAnalyticalData({}) in 11ms src/app/analytical-actions.ts
 GET /dashboard?client=80000000-0000-4000-8000-000000000006&sync=pending 200 in 76ms (next.js: 2ms, proxy.ts: 2ms, application-code: 72ms)
 POST /dashboard?client=80000000-0000-4000-8000-000000000006&sync=queued 200 in 101ms (next.js: 3ms, proxy.ts: 2ms, application-code: 96ms)
  └─ ƒ refreshAnalyticalData({}) in 15ms src/app/analytical-actions.ts
 GET /dashboard?client=80000000-0000-4000-8000-000000000006 200 in 175ms (next.js: 5ms, proxy.ts: 5ms, application-code: 165ms)
 GET /dashboard?client=80000000-0000-4000-8000-000000000006 200 in 161ms (next.js: 3ms, proxy.ts: 1.9ms, application-code: 156ms)
 GET /api/auth/get-session 200 in 19ms (next.js: 5ms, proxy.ts: 2ms, application-code: 12ms)
 GET /api/auth/organization/list 200 in 21ms (next.js: 9ms, proxy.ts: 2ms, application-code: 9ms)
 GET /dashboard?client=80000000-0000-4000-8000-000000000006&sync=unavailable 200 in 92ms (next.js: 1.8ms, proxy.ts: 2ms, application-code: 88ms)
 POST /dashboard?client=80000000-0000-4000-8000-000000000006 200 in 112ms (next.js: 2ms, proxy.ts: 4ms, application-code: 106ms)
  └─ ƒ refreshAnalyticalData({}) in 7ms src/app/analytical-actions.ts
  ✓  33 [chromium] › e2e/prod-ready-local.spec.ts:180:99 › local production readiness regression journeys › analytical refresh enqueues once and handles revoked connections in en (2.1s)
 GET /accounts 200 in 207ms (next.js: 3ms, proxy.ts: 1.8ms, application-code: 202ms)
 GET /api/auth/get-session 200 in 95ms (next.js: 48ms, proxy.ts: 5ms, application-code: 42ms)
 GET /api/auth/organization/list 200 in 134ms (next.js: 51ms, proxy.ts: 4ms, application-code: 79ms)
 GET /history 200 in 159ms (next.js: 7ms, proxy.ts: 4ms, application-code: 147ms)
 GET /api/auth/get-session 200 in 77ms (next.js: 43ms, proxy.ts: 5ms, application-code: 29ms)
 GET /api/auth/organization/list 200 in 113ms (next.js: 51ms, proxy.ts: 5ms, application-code: 57ms)
 GET /alerts 200 in 144ms (next.js: 5ms, proxy.ts: 5ms, application-code: 134ms)
 GET /api/auth/get-session 200 in 70ms (next.js: 22ms, proxy.ts: 6ms, application-code: 43ms)
 GET /api/auth/organization/list 200 in 96ms (next.js: 30ms, proxy.ts: 8ms, application-code: 59ms)
 GET /tasks 200 in 195ms (next.js: 15ms, proxy.ts: 31ms, application-code: 148ms)
 GET /api/auth/get-session 200 in 83ms (next.js: 43ms, proxy.ts: 4ms, application-code: 35ms)
 GET /api/auth/organization/list 200 in 114ms (next.js: 47ms, proxy.ts: 4ms, application-code: 63ms)
 GET /approvals 200 in 146ms (next.js: 6ms, proxy.ts: 4ms, application-code: 136ms)
 GET /api/auth/get-session 200 in 86ms (next.js: 30ms, proxy.ts: 6ms, application-code: 50ms)
 GET /api/auth/organization/list 200 in 93ms (next.js: 35ms, proxy.ts: 6ms, application-code: 52ms)
 GET /reports 200 in 174ms (next.js: 10ms, proxy.ts: 6ms, application-code: 159ms)
 GET /api/auth/get-session 200 in 115ms (next.js: 68ms, proxy.ts: 9ms, application-code: 38ms)
 GET /api/auth/organization/list 200 in 155ms (next.js: 70ms, proxy.ts: 9ms, application-code: 76ms)
 GET /audit 200 in 218ms (next.js: 6ms, proxy.ts: 8ms, application-code: 203ms)
 GET /accounts 200 in 84ms (next.js: 1.8ms, proxy.ts: 2ms, application-code: 80ms)
 GET /api/auth/get-session 200 in 71ms (next.js: 44ms, proxy.ts: 13ms, application-code: 14ms)
 GET /api/auth/organization/list 200 in 107ms (next.js: 47ms, proxy.ts: 13ms, application-code: 48ms)
 GET /history 200 in 130ms (next.js: 4ms, proxy.ts: 13ms, application-code: 114ms)
 GET /api/auth/get-session 200 in 23ms (next.js: 5ms, proxy.ts: 3ms, application-code: 14ms)
 GET /api/auth/organization/list 200 in 24ms (next.js: 10ms, proxy.ts: 3ms, application-code: 11ms)
 GET /alerts 200 in 123ms (next.js: 4ms, proxy.ts: 4ms, application-code: 114ms)
 GET /api/auth/get-session 200 in 69ms (next.js: 45ms, proxy.ts: 5ms, application-code: 19ms)
 GET /api/auth/organization/list 200 in 102ms (next.js: 47ms, proxy.ts: 5ms, application-code: 50ms)
 GET /tasks 200 in 153ms (next.js: 4ms, proxy.ts: 4ms, application-code: 144ms)
 GET /api/auth/get-session 200 in 59ms (next.js: 39ms, proxy.ts: 3ms, application-code: 16ms)
 GET /api/auth/organization/list 200 in 98ms (next.js: 42ms, proxy.ts: 3ms, application-code: 52ms)
 GET /approvals 200 in 130ms (next.js: 4ms, proxy.ts: 3ms, application-code: 123ms)
 GET /api/auth/get-session 200 in 226ms (next.js: 87ms, proxy.ts: 16ms, application-code: 123ms)
 GET /api/auth/organization/list 200 in 304ms (next.js: 95ms, proxy.ts: 33ms, application-code: 176ms)
 GET /reports 200 in 408ms (next.js: 6ms, proxy.ts: 26ms, application-code: 375ms)
  ✓  34 [chromium] › e2e/prod-ready-local.spec.ts:227:9 › local production readiness regression journeys › grace permits stored views while hiding mutations (4.4s)
⨯ Error [WorkspaceAccessRestrictedError]: Workspace access state does not allow: portfolio:read
    at requireWorkspacePermission (src/lib/workspace.ts:166:19)
    at async DashboardPage (src/app/(app)/dashboard/page.tsx:27:54)
  164 |   if (!decision.allowed && decision.reason === 'role') requirePermission(context.role, permission)
  165 |   if (!decision.allowed) {
> 166 |     const error = new Error(`Workspace access state does not allow: ${permission}`)
      |                   ^
  167 |     error.name = 'WorkspaceAccessRestrictedError'
  168 |     throw error
  169 |   } {
  digest: '2109181567'
}
 GET /dashboard 307 in 85ms (next.js: 3ms, proxy.ts: 2.0ms, application-code: 80ms)
 GET /billing?notice=Your%20current%20access%20is%20limited%20to%20billing%20and%20stored%20data. 200 in 115ms (next.js: 4ms, proxy.ts: 1.9ms, application-code: 109ms)
⨯ Error [WorkspaceAccessRestrictedError]: Workspace access state does not allow: portfolio:read
    at requireWorkspacePermission (src/lib/workspace.ts:166:19)
    at async DashboardPage (src/app/(app)/dashboard/page.tsx:27:54)
  164 |   if (!decision.allowed && decision.reason === 'role') requirePermission(context.role, permission)
  165 |   if (!decision.allowed) {
> 166 |     const error = new Error(`Workspace access state does not allow: ${permission}`)
      |                   ^
  167 |     error.name = 'WorkspaceAccessRestrictedError'
  168 |     throw error
  169 |   } {
  digest: '2109181567'
}
 GET /dashboard 307 in 126ms (next.js: 1.8ms, proxy.ts: 2.0ms, application-code: 122ms)
 GET /support?notice=Your%20current%20access%20is%20limited%20to%20billing%20and%20stored%20data. 200 in 107ms (next.js: 4ms, proxy.ts: 3ms, application-code: 100ms)
⨯ Error [PermissionDeniedError]: Permission required: portfolio:read
    at requirePermission (src/lib/permissions.ts:79:19)
    at requireWorkspacePermission (src/lib/workspace.ts:164:73)
    at async DashboardPage (src/app/(app)/dashboard/page.tsx:27:54)
  77 | export function requirePermission(role: WorkspaceRole, permission: Permission) {
  78 |   if (!rolePermissions[role].has(permission)) {
> 79 |     const error = new Error(`Permission required: ${permission}`)
     |                   ^
  80 |     error.name = 'PermissionDeniedError'
  81 |     throw error
  82 |   } {
  digest: '2806879052'
}
 GET /dashboard 307 in 71ms (next.js: 2ms, proxy.ts: 2ms, application-code: 67ms)
 GET /support?notice=Your%20current%20access%20is%20limited%20to%20billing%20and%20stored%20data. 200 in 91ms (next.js: 1.7ms, proxy.ts: 1.6ms, application-code: 87ms)
  ✓  35 [chromium] › e2e/prod-ready-local.spec.ts:242:9 › local production readiness regression journeys › suspended members have an accessible recovery destination without redirect loops (1.4s)
 GET /dashboard 200 in 107ms (next.js: 1.9ms, proxy.ts: 1.8ms, application-code: 103ms)
 GET /api/auth/get-session 200 in 24ms (next.js: 6ms, proxy.ts: 3ms, application-code: 15ms)
 GET /api/auth/organization/list 200 in 25ms (next.js: 11ms, proxy.ts: 3ms, application-code: 12ms)
 POST /dashboard 200 in 73ms (next.js: 3ms, proxy.ts: 3ms, application-code: 68ms)
  └─ ƒ setCookieConsent({}) in 2ms src/app/preferences-actions.ts
 GET /settings 200 in 71ms (next.js: 7ms, proxy.ts: 3ms, application-code: 61ms)
  ✓  36 [chromium] › e2e/prod-ready-local.spec.ts:254:11 › local production readiness regression journeys › full navigation and workspace selection work at 390px in fr (972ms)
 GET /dashboard 200 in 119ms (next.js: 2ms, proxy.ts: 1.7ms, application-code: 115ms)
 GET /api/auth/get-session 200 in 19ms (next.js: 5ms, proxy.ts: 3ms, application-code: 11ms)
 GET /api/auth/organization/list 200 in 21ms (next.js: 9ms, proxy.ts: 3ms, application-code: 9ms)
 POST /dashboard 200 in 78ms (next.js: 3ms, proxy.ts: 2ms, application-code: 74ms)
  └─ ƒ setCookieConsent({}) in 2ms src/app/preferences-actions.ts
 GET /settings 200 in 66ms (next.js: 3ms, proxy.ts: 2ms, application-code: 61ms)
  ✓  37 [chromium] › e2e/prod-ready-local.spec.ts:254:11 › local production readiness regression journeys › full navigation and workspace selection work at 768px in fr (895ms)
 GET /dashboard 200 in 119ms (next.js: 3ms, proxy.ts: 2ms, application-code: 114ms)
 GET /api/auth/get-session 200 in 28ms (next.js: 6ms, proxy.ts: 3ms, application-code: 19ms)
 GET /api/auth/organization/list 200 in 31ms (next.js: 14ms, proxy.ts: 3ms, application-code: 13ms)
 POST /dashboard 200 in 111ms (next.js: 3ms, proxy.ts: 3ms, application-code: 105ms)
  └─ ƒ setCookieConsent({}) in 2ms src/app/preferences-actions.ts
 GET /settings 200 in 55ms (next.js: 2ms, proxy.ts: 2ms, application-code: 50ms)
  ✓  38 [chromium] › e2e/prod-ready-local.spec.ts:254:11 › local production readiness regression journeys › full navigation and workspace selection work at 390px in en (785ms)
 GET /dashboard 200 in 129ms (next.js: 12ms, proxy.ts: 2ms, application-code: 114ms)
 GET /api/auth/get-session 200 in 19ms (next.js: 5ms, proxy.ts: 3ms, application-code: 11ms)
 GET /api/auth/organization/list 200 in 20ms (next.js: 9ms, proxy.ts: 3ms, application-code: 9ms)
 POST /dashboard 200 in 65ms (next.js: 3ms, proxy.ts: 2ms, application-code: 59ms)
  └─ ƒ setCookieConsent({}) in 2ms src/app/preferences-actions.ts
 GET /settings 200 in 473ms (next.js: 8ms, proxy.ts: 4ms, application-code: 461ms)
  ✓  39 [chromium] › e2e/prod-ready-local.spec.ts:254:11 › local production readiness regression journeys › full navigation and workspace selection work at 768px in en (1.4s)
 GET /dashboard 200 in 137ms (next.js: 8ms, proxy.ts: 2ms, application-code: 126ms)
 GET /api/auth/get-session 200 in 23ms (next.js: 12ms, proxy.ts: 2ms, application-code: 8ms)
 GET /api/auth/organization/list 200 in 24ms (next.js: 6ms, proxy.ts: 3ms, application-code: 15ms)
 POST /dashboard 200 in 78ms (next.js: 3ms, proxy.ts: 5ms, application-code: 70ms)
  └─ ƒ setCookieConsent({}) in 2ms src/app/preferences-actions.ts
 POST /api/auth/organization/set-active 200 in 12ms (next.js: 2ms, proxy.ts: 2ms, application-code: 8ms)
⨯ Error [PermissionDeniedError]: Permission required: portfolio:read
    at requirePermission (src/lib/permissions.ts:79:19)
    at requireWorkspacePermission (src/lib/workspace.ts:164:73)
    at async DashboardPage (src/app/(app)/dashboard/page.tsx:27:54)
  77 | export function requirePermission(role: WorkspaceRole, permission: Permission) {
  78 |   if (!rolePermissions[role].has(permission)) {
> 79 |     const error = new Error(`Permission required: ${permission}`)
     |                   ^
  80 |     error.name = 'PermissionDeniedError'
  81 |     throw error
  82 |   } {
  digest: '2806879052'
}
 GET /api/auth/get-session 200 in 42ms (next.js: 23ms, proxy.ts: 10ms, application-code: 9ms)
 GET /dashboard 307 in 79ms (next.js: 2ms, proxy.ts: 1.5ms, application-code: 75ms)
 GET /support?error=Acc%C3%A8s%20non%20autoris%C3%A9 200 in 104ms (next.js: 2ms, proxy.ts: 3ms, application-code: 99ms)
 GET /api/auth/get-session 200 in 22ms (next.js: 3ms, proxy.ts: 4ms, application-code: 15ms)
 GET /api/auth/organization/list 200 in 23ms (next.js: 9ms, proxy.ts: 3ms, application-code: 11ms)
 POST /api/auth/organization/set-active 200 in 23ms (next.js: 12ms, proxy.ts: 3ms, application-code: 8ms)
 GET /api/auth/get-session 200 in 77ms (next.js: 50ms, proxy.ts: 15ms, application-code: 12ms)
 GET /dashboard 200 in 127ms (next.js: 2ms, proxy.ts: 1.6ms, application-code: 123ms)
 GET /api/auth/get-session 200 in 16ms (next.js: 3ms, proxy.ts: 2ms, application-code: 10ms)
 GET /api/auth/organization/list 200 in 17ms (next.js: 6ms, proxy.ts: 2ms, application-code: 8ms)
  ✓  40 [chromium] › e2e/prod-ready-local.spec.ts:279:9 › local production readiness regression journeys › workspace selection switches context and permissions on mobile (1.7s)
 GET /agents 200 in 114ms (next.js: 3ms, proxy.ts: 1.7ms, application-code: 110ms)
  ✓  41 [chromium] › e2e/prod-ready-local.spec.ts:301:9 › local production readiness regression journeys › analysts do not see monitoring controls denied by their role (364ms)
 GET /status 200 in 79ms (next.js: 6ms, proxy.ts: 5ms, application-code: 69ms)
 GET /status 200 in 190ms (next.js: 2.0ms, proxy.ts: 2ms, application-code: 186ms)
 GET /status?status=active 200 in 26ms (next.js: 2.0ms, proxy.ts: 1.9ms, application-code: 22ms)
 GET /status/612e1445-03f0-47b3-ae01-a07d1d37c577 200 in 412ms (next.js: 372ms, proxy.ts: 2ms, application-code: 38ms)
 GET /status/612e1445-03f0-47b3-ae01-a07d1d37c577?cursor=eyJ2IjoxLCJpdiI6ImR4ZGF1eGNXYmtORjZUdEkiLCJ0YWciOiI3WjdRT3pMR19XRER6NmpYY2haUFlnIiwiZGF0YSI6InczXzBSdUVLV0FTRUxsaVlveE5JMWF0dzQ2ejQwa1VQNURITFRnVUYwZjRJTEpIYXBiTEQ4RE14WW5Rc0RhOXJ3cGZsVXZ1RFdmTFVFYzVsQnVMV2NhbmNSRnJESVd6TXBoSVMxOUEtQTRQWGlmbzYxMnEydWYyRXoxSDdKY0taa1pNeTQ4ZmVCOEJocDYxMWRySTcydHB3bnRQVWxXckpmMEZ1akotTElwdzdHdkZyTXVkdjNZMC1senRGYlhLb2FwR21PMWRLZy1KRjEzRGZfRHphZ09NdThMSXpaRWt0eFR1V2JtS185cDNDSXBUNFFUSkFtNEQ5eDVzTUxPOElEWXFnXzBzeUx4ODRmRjNIOGdiWWtuV3A0cmduNFltXzMwem56NmFFSXA5U0lsTDVnUHpEQWcifQ 200 in 56ms (next.js: 8ms, proxy.ts: 4ms, application-code: 44ms)
 GET /status?cursor=forged 200 in 59ms (next.js: 2.0ms, proxy.ts: 2.0ms, application-code: 55ms)
 GET /status/df435c16-e9be-4161-87ae-764bb5e92733 404 in 67ms (next.js: 18ms, proxy.ts: 2ms, application-code: 46ms)
 GET /status/invalid 404 in 45ms (next.js: 3ms, proxy.ts: 1.8ms, application-code: 40ms)
  ✓  42 [chromium] › e2e/public-status-local.spec.ts:13:53 › truthful public status › shows unknown health and complete incident history in fr (2.4s)
 GET /status 200 in 67ms (next.js: 12ms, proxy.ts: 1.7ms, application-code: 53ms)
 GET /status 200 in 171ms (next.js: 1.8ms, proxy.ts: 1.7ms, application-code: 168ms)
 GET /status?status=active 200 in 39ms (next.js: 2.0ms, proxy.ts: 2ms, application-code: 35ms)
 GET /status/e7499b8d-deef-40cf-a599-65ef4bc18ef6 200 in 31ms (next.js: 4ms, proxy.ts: 2ms, application-code: 25ms)
 GET /status/e7499b8d-deef-40cf-a599-65ef4bc18ef6?cursor=eyJ2IjoxLCJpdiI6IldDU2FtN2FkTl9fWFk4ZlMiLCJ0YWciOiJMdllNUVQ2TWRCcXljYXZ0NVRPX3l3IiwiZGF0YSI6Imwzc0pRTXptYWRteUw5WVFNV3hqRWFqLTdVdkIyOEoyQzMtaFNpd1BVbVlXX0VSWUJ0eDdEc1oxc201SzJCWTNoN2NNOFpCQi1MRkRzVVpnSWNzLXdDY3lWR29yTmQ5cW5hYUhlYmhYS19OVmpKbGJJUUx0NzNUVjVDX1RJZzM1RGlPZ0tRS2hGTVFzbDN4WENMemNzSmJHUE5PQkVTaUhkRWV4eDBCekJ5cVJnbW1ubDFhd3hqTWZQQUZSUnBRdzRUd09LN3hhS2s1OGk0N0JKRDRGNFkyd25HTzNzdDJwS2pERHA0YnEwdTlTWml4RGp5empFNEpkc2c5bnc1MWRUTVRCQ3YxWTNLeWdwa3FFenloZkhWY3F6MWlqdUtoT1JDZ2ZKaS1vdmlIT09oODNaX0I2dlEifQ 200 in 31ms (next.js: 3ms, proxy.ts: 2ms, application-code: 25ms)
 GET /status?cursor=forged 200 in 59ms (next.js: 1.7ms, proxy.ts: 1.7ms, application-code: 55ms)
 GET /status/56ca997c-2408-4951-8dfc-0be4f327036a 404 in 70ms (next.js: 5ms, proxy.ts: 9ms, application-code: 56ms)
 GET /status/invalid 404 in 64ms (next.js: 13ms, proxy.ts: 2ms, application-code: 49ms)
  ✓  43 [chromium] › e2e/public-status-local.spec.ts:13:53 › truthful public status › shows unknown health and complete incident history in en (1.7s)
 GET / 200 in 77ms (next.js: 5ms, proxy.ts: 1.8ms, application-code: 71ms)
  ✓  44 [chromium] › e2e/public.spec.ts:3:5 › public landing exposes the product proposition and account creation (349ms)
 GET /dashboard 307 in 53ms (next.js: 2ms, proxy.ts: 1.8ms, application-code: 49ms)
 GET /sign-in 200 in 36ms (next.js: 5ms, proxy.ts: 1.7ms, application-code: 30ms)
  ✓  45 [chromium] › e2e/public.spec.ts:15:5 › authenticated areas redirect anonymous visitors to sign-in (160ms)
 GET /privacy 200 in 40ms (next.js: 2ms, proxy.ts: 1.9ms, application-code: 36ms)
 GET /terms 200 in 42ms (next.js: 3ms, proxy.ts: 2ms, application-code: 36ms)
  ✓  46 [chromium] › e2e/public.spec.ts:21:5 › privacy and terms pages are public (465ms)
 GET /subprocessors 200 in 43ms (next.js: 3ms, proxy.ts: 1.7ms, application-code: 38ms)
  ✓  47 [chromium] › e2e/public.spec.ts:28:5 › the subprocessor register and change-notice policy are public (287ms)
 GET / 200 in 72ms (next.js: 2ms, proxy.ts: 2.0ms, application-code: 68ms)
 GET /privacy 200 in 43ms (next.js: 2ms, proxy.ts: 2ms, application-code: 38ms)
  ✓  48 [chromium] › e2e/public.spec.ts:35:5 › the public product and legal surface honor the English locale (500ms)
 GET /status 200 in 62ms (next.js: 1.8ms, proxy.ts: 1.7ms, application-code: 59ms)
  ✓  49 [chromium] › e2e/public.spec.ts:46:5 › public status page never claims operational health when status storage is unavailable (318ms)
 GET /reports 200 in 127ms (next.js: 5ms, proxy.ts: 1.7ms, application-code: 120ms)
 GET /api/auth/get-session 200 in 33ms (next.js: 5ms, proxy.ts: 2ms, application-code: 26ms)
 GET /api/auth/organization/list 200 in 35ms (next.js: 20ms, proxy.ts: 2ms, application-code: 12ms)
 POST /reports 200 in 72ms (next.js: 3ms, proxy.ts: 3ms, application-code: 67ms)
  └─ ƒ setCookieConsent({}) in 2ms src/app/preferences-actions.ts
 GET /reports?notice=Rapport+cr%C3%A9%C3%A9.+R%C3%A9v%C3%A9lez+son+URL+dans+les+cinq+prochaines+minutes.&reveal=report-url&revealId=0e056f2f-defe-4002-9dae-9378c33c08f2 200 in 80ms (next.js: 3ms, proxy.ts: 2ms, application-code: 75ms)
 POST /reports 200 in 122ms (next.js: 1.9ms, proxy.ts: 2ms, application-code: 117ms)
  └─ ƒ createShareLink({}) in 28ms src/app/actions.ts
 POST /api/secret-revelation 200 in 90ms (next.js: 73ms, proxy.ts: 3ms, application-code: 14ms)
 GET /r/[REDACTED]?edition=99029ff5-f824-498c-b8de-21e61f4da114 200 in 842ms (next.js: 724ms, proxy.ts: 2ms, application-code: 116ms)
 GET /r/[REDACTED]/csv?edition=99029ff5-f824-498c-b8de-21e61f4da114 200 in 647ms (next.js: 622ms, proxy.ts: 8ms, application-code: 18ms)
 GET /r/[REDACTED]/pdf?edition=99029ff5-f824-498c-b8de-21e61f4da114 200 in 1009ms (next.js: 731ms, proxy.ts: 1.4ms, application-code: 276ms)
 GET /r/[REDACTED]?error=L%E2%80%99envoi+de+codes+email+n%E2%80%99est+pas+configur%C3%A9.&edition=99029ff5-f824-498c-b8de-21e61f4da114 200 in 49ms (next.js: 3ms, proxy.ts: 1.8ms, application-code: 44ms)
 POST /r/[REDACTED]?edition=99029ff5-f824-498c-b8de-21e61f4da114 200 in 72ms (next.js: 4ms, proxy.ts: 2ms, application-code: 65ms)
  └─ ƒ requestReportFeedbackOtp({}) in 10ms src/app/actions.ts
 GET /r/[REDACTED]?edition=99029ff5-f824-498c-b8de-21e61f4da114&otp=1 200 in 94ms (next.js: 3ms, proxy.ts: 2ms, application-code: 89ms)
 GET /r/[REDACTED]?error=Demandez+un+nouveau+code.&otp=1&edition=99029ff5-f824-498c-b8de-21e61f4da114 200 in 56ms (next.js: 3ms, proxy.ts: 3ms, application-code: 50ms)
 POST /r/[REDACTED]?edition=99029ff5-f824-498c-b8de-21e61f4da114&otp=1 200 in 78ms (next.js: 5ms, proxy.ts: 3ms, application-code: 70ms)
  └─ ƒ verifyReportFeedbackOtp({}) in 6ms src/app/actions.ts
 GET /reports?notice=Rapport+cr%C3%A9%C3%A9.+R%C3%A9v%C3%A9lez+son+URL+dans+les+cinq+prochaines+minutes.&reveal=report-url&revealId=29361671-6e52-403e-be96-3af3ca1d24e4 200 in 76ms (next.js: 2ms, proxy.ts: 3ms, application-code: 70ms)
 POST /reports?notice=Rapport%20cr%C3%A9%C3%A9.%20R%C3%A9v%C3%A9lez%20son%20URL%20dans%20les%20cinq%20prochaines%20minutes.&reveal=report-url&revealId=0e056f2f-defe-4002-9dae-9378c33c08f2 200 in 120ms (next.js: 9ms, proxy.ts: 5ms, application-code: 106ms)
  └─ ƒ createShareLink({}) in 23ms src/app/actions.ts
 POST /api/secret-revelation 200 in 23ms (next.js: 1.7ms, proxy.ts: 2ms, application-code: 19ms)
 GET /r/[REDACTED]?edition=8fa5a8e1-9aa6-4834-af11-eecbee0bd0a7 200 in 91ms (next.js: 4ms, proxy.ts: 1.7ms, application-code: 85ms)
 GET /r/[REDACTED]/csv?edition=8fa5a8e1-9aa6-4834-af11-eecbee0bd0a7 200 in 17ms (next.js: 4ms, proxy.ts: 3ms, application-code: 10ms)
 GET /r/[REDACTED]/pdf?edition=8fa5a8e1-9aa6-4834-af11-eecbee0bd0a7 200 in 110ms (next.js: 4ms, proxy.ts: 3ms, application-code: 103ms)
 GET /reports?notice=Rapport+cr%C3%A9%C3%A9.+R%C3%A9v%C3%A9lez+son+URL+dans+les+cinq+prochaines+minutes.&reveal=report-url&revealId=0adc6b5f-bbae-4c7b-9c02-f845bafd4a0c 200 in 96ms (next.js: 2ms, proxy.ts: 2ms, application-code: 92ms)
 POST /reports?notice=Rapport%20cr%C3%A9%C3%A9.%20R%C3%A9v%C3%A9lez%20son%20URL%20dans%20les%20cinq%20prochaines%20minutes.&reveal=report-url&revealId=29361671-6e52-403e-be96-3af3ca1d24e4 200 in 139ms (next.js: 4ms, proxy.ts: 4ms, application-code: 131ms)
  └─ ƒ createShareLink({}) in 26ms src/app/actions.ts
 POST /api/secret-revelation 200 in 34ms (next.js: 4ms, proxy.ts: 6ms, application-code: 24ms)
 GET /r/[REDACTED]?edition=ba99ba5d-535b-41d8-8218-3cc7bebfd130 200 in 150ms (next.js: 8ms, proxy.ts: 4ms, application-code: 138ms)
 GET /r/[REDACTED]/csv?edition=ba99ba5d-535b-41d8-8218-3cc7bebfd130 200 in 28ms (next.js: 4ms, proxy.ts: 5ms, application-code: 19ms)
 GET /r/[REDACTED]/pdf?edition=ba99ba5d-535b-41d8-8218-3cc7bebfd130 200 in 86ms (next.js: 4ms, proxy.ts: 3ms, application-code: 79ms)
 GET /reports?notice=Rapport+cr%C3%A9%C3%A9.+R%C3%A9v%C3%A9lez+son+URL+dans+les+cinq+prochaines+minutes.&reveal=report-url&revealId=30ca9272-dbc6-426a-98a6-1240be648be8 200 in 77ms (next.js: 2.0ms, proxy.ts: 2ms, application-code: 73ms)
 POST /reports?notice=Rapport%20cr%C3%A9%C3%A9.%20R%C3%A9v%C3%A9lez%20son%20URL%20dans%20les%20cinq%20prochaines%20minutes.&reveal=report-url&revealId=0adc6b5f-bbae-4c7b-9c02-f845bafd4a0c 200 in 109ms (next.js: 3ms, proxy.ts: 3ms, application-code: 104ms)
  └─ ƒ createShareLink({}) in 19ms src/app/actions.ts
 POST /api/secret-revelation 200 in 22ms (next.js: 2ms, proxy.ts: 3ms, application-code: 17ms)
 GET /r/[REDACTED]?edition=ec82c07a-128c-4d59-9da5-0abfd046efd9 200 in 88ms (next.js: 3ms, proxy.ts: 4ms, application-code: 80ms)
 GET /r/[REDACTED]/csv?edition=ec82c07a-128c-4d59-9da5-0abfd046efd9 200 in 24ms (next.js: 4ms, proxy.ts: 8ms, application-code: 12ms)
 GET /r/[REDACTED]/pdf?edition=ec82c07a-128c-4d59-9da5-0abfd046efd9 200 in 80ms (next.js: 3ms, proxy.ts: 3ms, application-code: 73ms)
 GET /reports?notice=Rapport+cr%C3%A9%C3%A9.+R%C3%A9v%C3%A9lez+son+URL+dans+les+cinq+prochaines+minutes.&reveal=report-url&revealId=5cfabd00-a71b-4f90-b9f1-2c22e3a4c582 200 in 80ms (next.js: 2ms, proxy.ts: 2ms, application-code: 75ms)
 POST /reports?notice=Rapport%20cr%C3%A9%C3%A9.%20R%C3%A9v%C3%A9lez%20son%20URL%20dans%20les%20cinq%20prochaines%20minutes.&reveal=report-url&revealId=30ca9272-dbc6-426a-98a6-1240be648be8 200 in 112ms (next.js: 3ms, proxy.ts: 3ms, application-code: 106ms)
  └─ ƒ createShareLink({}) in 19ms src/app/actions.ts
 POST /api/secret-revelation 200 in 17ms (next.js: 2ms, proxy.ts: 3ms, application-code: 11ms)
 GET /r/[REDACTED]?edition=3f1178ff-900e-4022-b133-03cfaec4d5c3 200 in 92ms (next.js: 4ms, proxy.ts: 3ms, application-code: 85ms)
 GET /r/[REDACTED]/csv?edition=3f1178ff-900e-4022-b133-03cfaec4d5c3 200 in 16ms (next.js: 3ms, proxy.ts: 3ms, application-code: 9ms)
 GET /r/[REDACTED]/pdf?edition=3f1178ff-900e-4022-b133-03cfaec4d5c3 200 in 84ms (next.js: 3ms, proxy.ts: 1.8ms, application-code: 78ms)
 GET /r/[REDACTED]?edition=99029ff5-f824-498c-b8de-21e61f4da114 200 in 83ms (next.js: 3ms, proxy.ts: 2ms, application-code: 78ms)
 GET /r/[REDACTED]/csv?edition=99029ff5-f824-498c-b8de-21e61f4da114 200 in 18ms (next.js: 4ms, proxy.ts: 4ms, application-code: 10ms)
 GET /r/[REDACTED]/pdf?edition=99029ff5-f824-498c-b8de-21e61f4da114 200 in 260ms (next.js: 2ms, proxy.ts: 1.9ms, application-code: 256ms)
 GET /reports?notice=R%C3%A9vision+publi%C3%A9e.+Les+%C3%A9ditions+pr%C3%A9c%C3%A9dentes+restent+inchang%C3%A9es.&reveal=report-url&revealId=894868b1-3ae5-45f3-a47c-c449ef58c2b3 200 in 99ms (next.js: 2ms, proxy.ts: 3ms, application-code: 94ms)
 POST /reports?notice=Rapport%20cr%C3%A9%C3%A9.%20R%C3%A9v%C3%A9lez%20son%20URL%20dans%20les%20cinq%20prochaines%20minutes.&reveal=report-url&revealId=5cfabd00-a71b-4f90-b9f1-2c22e3a4c582 200 in 144ms (next.js: 3ms, proxy.ts: 4ms, application-code: 137ms)
  └─ ƒ reviseReportEdition({}) in 24ms src/app/actions.ts
 POST /api/secret-revelation 200 in 13ms (next.js: 1.7ms, proxy.ts: 2ms, application-code: 9ms)
 GET /r/[REDACTED]?edition=0b8233a0-60aa-4acf-86a1-8bbbf78e3bda 200 in 92ms (next.js: 5ms, proxy.ts: 2ms, application-code: 85ms)
 GET /r/[REDACTED]/csv?edition=0b8233a0-60aa-4acf-86a1-8bbbf78e3bda 200 in 18ms (next.js: 4ms, proxy.ts: 1.8ms, application-code: 13ms)
 GET /reports?error=Les+donn%C3%A9es+compl%C3%A8tes+de+cette+p%C3%A9riode+ne+sont+pas+disponibles.+Actualisez+l%E2%80%99historique+du+compte+avant+de+publier+ce+bilan. 200 in 139ms (next.js: 4ms, proxy.ts: 3ms, application-code: 132ms)
 POST /reports?notice=R%C3%A9vision%20publi%C3%A9e.%20Les%20%C3%A9ditions%20pr%C3%A9c%C3%A9dentes%20restent%20inchang%C3%A9es.&reveal=report-url&revealId=894868b1-3ae5-45f3-a47c-c449ef58c2b3 200 in 174ms (next.js: 3ms, proxy.ts: 4ms, application-code: 166ms)
  └─ ƒ createShareLink({}) in 13ms src/app/actions.ts
 GET /r/[REDACTED]?edition=99029ff5-f824-498c-b8de-21e61f4da114 200 in 204ms (next.js: 7ms, proxy.ts: 4ms, application-code: 192ms)
 GET /r/[REDACTED]/pdf?edition=99029ff5-f824-498c-b8de-21e61f4da114 429 in 11ms (next.js: 4ms, proxy.ts: 2ms, application-code: 6ms)
 GET /r/[REDACTED]/csv?edition=99029ff5-f824-498c-b8de-21e61f4da114 404 in 8ms (next.js: 3ms, proxy.ts: 1.5ms, application-code: 4ms)
 GET /reports 200 in 144ms (next.js: 2ms, proxy.ts: 1.8ms, application-code: 140ms)
  ✓  50 [chromium] › e2e/report-editions-local.spec.ts:16:53 › published report editions › creates every period and preserves HTML PDF CSV through revision in fr (9.7s)
 GET /reports 200 in 154ms (next.js: 2ms, proxy.ts: 3ms, application-code: 149ms)
 GET /api/auth/get-session 200 in 34ms (next.js: 6ms, proxy.ts: 3ms, application-code: 26ms)
 GET /api/auth/organization/list 200 in 37ms (next.js: 21ms, proxy.ts: 2ms, application-code: 14ms)
 POST /reports 200 in 82ms (next.js: 3ms, proxy.ts: 5ms, application-code: 74ms)
  └─ ƒ setCookieConsent({}) in 1ms src/app/preferences-actions.ts
 GET /reports?notice=Report+created.+Reveal+its+URL+within+the+next+five+minutes.&reveal=report-url&revealId=e4aa69b6-c192-482d-9269-ec469be01a0e 200 in 62ms (next.js: 2ms, proxy.ts: 1.6ms, application-code: 59ms)
 POST /reports 200 in 90ms (next.js: 1.9ms, proxy.ts: 2ms, application-code: 86ms)
  └─ ƒ createShareLink({}) in 17ms src/app/actions.ts
 POST /api/secret-revelation 200 in 23ms (next.js: 10ms, proxy.ts: 3ms, application-code: 11ms)
 GET /r/[REDACTED]?edition=dc4c746e-7b1f-4998-ae08-cb9b818c7a4d 200 in 102ms (next.js: 6ms, proxy.ts: 3ms, application-code: 93ms)
 GET /r/[REDACTED]/csv?edition=dc4c746e-7b1f-4998-ae08-cb9b818c7a4d 200 in 16ms (next.js: 4ms, proxy.ts: 1.8ms, application-code: 11ms)
 GET /r/[REDACTED]/pdf?edition=dc4c746e-7b1f-4998-ae08-cb9b818c7a4d 200 in 208ms (next.js: 4ms, proxy.ts: 2ms, application-code: 202ms)
 GET /r/[REDACTED]?error=Email+code+delivery+is+not+configured.&edition=dc4c746e-7b1f-4998-ae08-cb9b818c7a4d 200 in 71ms (next.js: 4ms, proxy.ts: 5ms, application-code: 62ms)
 POST /r/[REDACTED]?edition=dc4c746e-7b1f-4998-ae08-cb9b818c7a4d 200 in 107ms (next.js: 6ms, proxy.ts: 4ms, application-code: 97ms)
  └─ ƒ requestReportFeedbackOtp({}) in 18ms src/app/actions.ts
 GET /r/[REDACTED]?edition=dc4c746e-7b1f-4998-ae08-cb9b818c7a4d&otp=1 200 in 99ms (next.js: 3ms, proxy.ts: 2ms, application-code: 93ms)
 GET /r/[REDACTED]?error=Request+a+new+code.&otp=1&edition=dc4c746e-7b1f-4998-ae08-cb9b818c7a4d 200 in 61ms (next.js: 3ms, proxy.ts: 2ms, application-code: 55ms)
 POST /r/[REDACTED]?edition=dc4c746e-7b1f-4998-ae08-cb9b818c7a4d&otp=1 200 in 83ms (next.js: 5ms, proxy.ts: 3ms, application-code: 75ms)
  └─ ƒ verifyReportFeedbackOtp({}) in 6ms src/app/actions.ts
 GET /reports?notice=Report+created.+Reveal+its+URL+within+the+next+five+minutes.&reveal=report-url&revealId=3a720194-009f-4de6-806c-0e307bd6283a 200 in 66ms (next.js: 3ms, proxy.ts: 3ms, application-code: 60ms)
 POST /reports?notice=Report%20created.%20Reveal%20its%20URL%20within%20the%20next%20five%20minutes.&reveal=report-url&revealId=e4aa69b6-c192-482d-9269-ec469be01a0e 200 in 94ms (next.js: 2ms, proxy.ts: 2ms, application-code: 89ms)
  └─ ƒ createShareLink({}) in 17ms src/app/actions.ts
 POST /api/secret-revelation 200 in 17ms (next.js: 1.7ms, proxy.ts: 2ms, application-code: 13ms)
 GET /r/[REDACTED]?edition=096a8aee-122b-4600-ba4f-13d3e9ad15b7 200 in 86ms (next.js: 4ms, proxy.ts: 2ms, application-code: 80ms)
 GET /r/[REDACTED]/csv?edition=096a8aee-122b-4600-ba4f-13d3e9ad15b7 200 in 16ms (next.js: 5ms, proxy.ts: 1.9ms, application-code: 10ms)
 GET /r/[REDACTED]/pdf?edition=096a8aee-122b-4600-ba4f-13d3e9ad15b7 200 in 78ms (next.js: 5ms, proxy.ts: 1.6ms, application-code: 71ms)
 GET /reports?notice=Report+created.+Reveal+its+URL+within+the+next+five+minutes.&reveal=report-url&revealId=18493a2d-b97b-4720-bfc3-19932d25c4ef 200 in 72ms (next.js: 2ms, proxy.ts: 1.9ms, application-code: 68ms)
 POST /reports?notice=Report%20created.%20Reveal%20its%20URL%20within%20the%20next%20five%20minutes.&reveal=report-url&revealId=3a720194-009f-4de6-806c-0e307bd6283a 200 in 126ms (next.js: 6ms, proxy.ts: 5ms, application-code: 115ms)
  └─ ƒ createShareLink({}) in 36ms src/app/actions.ts
 POST /api/secret-revelation 200 in 38ms (next.js: 6ms, proxy.ts: 5ms, application-code: 28ms)
 GET /r/[REDACTED]?edition=be6f15a3-7d40-46b4-87f4-30977d6df4c7 200 in 130ms (next.js: 6ms, proxy.ts: 3ms, application-code: 120ms)
 GET /r/[REDACTED]/csv?edition=be6f15a3-7d40-46b4-87f4-30977d6df4c7 200 in 19ms (next.js: 4ms, proxy.ts: 3ms, application-code: 11ms)
 GET /r/[REDACTED]/pdf?edition=be6f15a3-7d40-46b4-87f4-30977d6df4c7 200 in 76ms (next.js: 2ms, proxy.ts: 2.0ms, application-code: 72ms)
 GET /reports?notice=Report+created.+Reveal+its+URL+within+the+next+five+minutes.&reveal=report-url&revealId=ca1e85ff-aa44-4fd1-aa69-0500abc7debe 200 in 73ms (next.js: 1.9ms, proxy.ts: 1.7ms, application-code: 69ms)
 POST /reports?notice=Report%20created.%20Reveal%20its%20URL%20within%20the%20next%20five%20minutes.&reveal=report-url&revealId=18493a2d-b97b-4720-bfc3-19932d25c4ef 200 in 102ms (next.js: 3ms, proxy.ts: 2ms, application-code: 97ms)
  └─ ƒ createShareLink({}) in 18ms src/app/actions.ts
 POST /api/secret-revelation 200 in 18ms (next.js: 3ms, proxy.ts: 2ms, application-code: 12ms)
 GET /r/[REDACTED]?edition=75697792-4b75-49b9-8d87-8fe0ea626f7d 200 in 79ms (next.js: 4ms, proxy.ts: 1.8ms, application-code: 72ms)
 GET /r/[REDACTED]/csv?edition=75697792-4b75-49b9-8d87-8fe0ea626f7d 200 in 18ms (next.js: 2ms, proxy.ts: 3ms, application-code: 12ms)
 GET /r/[REDACTED]/pdf?edition=75697792-4b75-49b9-8d87-8fe0ea626f7d 200 in 73ms (next.js: 4ms, proxy.ts: 4ms, application-code: 65ms)
 GET /reports?notice=Report+created.+Reveal+its+URL+within+the+next+five+minutes.&reveal=report-url&revealId=0b627dcc-a27a-44b7-8888-56b5f7f20555 200 in 82ms (next.js: 2ms, proxy.ts: 1.7ms, application-code: 78ms)
 POST /reports?notice=Report%20created.%20Reveal%20its%20URL%20within%20the%20next%20five%20minutes.&reveal=report-url&revealId=ca1e85ff-aa44-4fd1-aa69-0500abc7debe 200 in 123ms (next.js: 5ms, proxy.ts: 3ms, application-code: 115ms)
  └─ ƒ createShareLink({}) in 23ms src/app/actions.ts
 POST /api/secret-revelation 200 in 22ms (next.js: 3ms, proxy.ts: 3ms, application-code: 16ms)
 GET /r/[REDACTED]?edition=6a02cc1e-7443-4f80-8c79-a69f35fdb1a7 200 in 82ms (next.js: 3ms, proxy.ts: 3ms, application-code: 76ms)
 GET /r/[REDACTED]/csv?edition=6a02cc1e-7443-4f80-8c79-a69f35fdb1a7 200 in 18ms (next.js: 3ms, proxy.ts: 1.9ms, application-code: 13ms)
 GET /r/[REDACTED]/pdf?edition=6a02cc1e-7443-4f80-8c79-a69f35fdb1a7 200 in 73ms (next.js: 2ms, proxy.ts: 1.6ms, application-code: 69ms)
 GET /r/[REDACTED]?edition=dc4c746e-7b1f-4998-ae08-cb9b818c7a4d 200 in 95ms (next.js: 4ms, proxy.ts: 1.9ms, application-code: 89ms)
 GET /r/[REDACTED]/csv?edition=dc4c746e-7b1f-4998-ae08-cb9b818c7a4d 200 in 17ms (next.js: 3ms, proxy.ts: 5ms, application-code: 9ms)
 GET /r/[REDACTED]/pdf?edition=dc4c746e-7b1f-4998-ae08-cb9b818c7a4d 200 in 229ms (next.js: 4ms, proxy.ts: 1.6ms, application-code: 223ms)
 GET /reports?notice=Revision+published.+Previous+editions+remain+unchanged.&reveal=report-url&revealId=eaa82493-7dce-4504-a3a5-0a0a897b6b32 200 in 78ms (next.js: 3ms, proxy.ts: 2ms, application-code: 72ms)
 POST /reports?notice=Report%20created.%20Reveal%20its%20URL%20within%20the%20next%20five%20minutes.&reveal=report-url&revealId=0b627dcc-a27a-44b7-8888-56b5f7f20555 200 in 117ms (next.js: 3ms, proxy.ts: 4ms, application-code: 111ms)
  └─ ƒ reviseReportEdition({}) in 25ms src/app/actions.ts
 POST /api/secret-revelation 200 in 21ms (next.js: 1.9ms, proxy.ts: 7ms, application-code: 12ms)
 GET /r/[REDACTED]?edition=eb2e305a-c023-4d5e-96bf-51d66ebae8ed 200 in 83ms (next.js: 4ms, proxy.ts: 2ms, application-code: 77ms)
 GET /r/[REDACTED]/csv?edition=eb2e305a-c023-4d5e-96bf-51d66ebae8ed 200 in 21ms (next.js: 5ms, proxy.ts: 2ms, application-code: 14ms)
 GET /reports?error=Les+donn%C3%A9es+compl%C3%A8tes+de+cette+p%C3%A9riode+ne+sont+pas+disponibles.+Actualisez+l%E2%80%99historique+du+compte+avant+de+publier+ce+bilan. 200 in 123ms (next.js: 2ms, proxy.ts: 1.9ms, application-code: 118ms)
 POST /reports?notice=Revision%20published.%20Previous%20editions%20remain%20unchanged.&reveal=report-url&revealId=eaa82493-7dce-4504-a3a5-0a0a897b6b32 200 in 148ms (next.js: 2ms, proxy.ts: 2ms, application-code: 143ms)
  └─ ƒ createShareLink({}) in 13ms src/app/actions.ts
 GET /r/[REDACTED]?edition=dc4c746e-7b1f-4998-ae08-cb9b818c7a4d 200 in 109ms (next.js: 4ms, proxy.ts: 2.0ms, application-code: 102ms)
 GET /r/[REDACTED]/pdf?edition=dc4c746e-7b1f-4998-ae08-cb9b818c7a4d 429 in 14ms (next.js: 4ms, proxy.ts: 2.0ms, application-code: 8ms)
 GET /r/[REDACTED]/csv?edition=dc4c746e-7b1f-4998-ae08-cb9b818c7a4d 404 in 10ms (next.js: 3ms, proxy.ts: 2ms, application-code: 4ms)
 GET /reports 200 in 160ms (next.js: 4ms, proxy.ts: 3ms, application-code: 153ms)
  ✓  51 [chromium] › e2e/report-editions-local.spec.ts:16:53 › published report editions › creates every period and preserves HTML PDF CSV through revision in en (7.0s)
 GET /audit?q=COLL_AUDIT_ 200 in 184ms (next.js: 4ms, proxy.ts: 2ms, application-code: 178ms)
 GET /api/auth/get-session 200 in 23ms (next.js: 6ms, proxy.ts: 2ms, application-code: 14ms)
 GET /api/auth/organization/list 200 in 24ms (next.js: 11ms, proxy.ts: 2ms, application-code: 10ms)
 POST /audit?q=COLL_AUDIT_ 200 in 67ms (next.js: 2ms, proxy.ts: 2ms, application-code: 63ms)
  └─ ƒ setCookieConsent({}) in 1ms src/app/preferences-actions.ts
 GET /audit?q=COLL_AUDIT_&cursor=eyJ2IjoxLCJpdiI6IndMeTllTXo1X1hqNHZhNVkiLCJ0YWciOiIwMHI0Y0ctRTVla3R4aTJhcmZseldnIiwiZGF0YSI6InlfdnA5S1ZRVFlOSDdYX1JMSzk0eEtZbGJaYjdsdzY3TDd2c01aamw3eDkwX0tOSW5hSTA0YjhKMTljWF92UzBJSUNzMFgzLWtoRUpRWmZhMmRpUkpHT3dZWVFoa1RBSTZ3UTVPdy1UMEZJWXZLSGtwSVBtOXJud3B5Z2xYek9vSkJVckctMHVETzZQWWQtalROYk5zeEdSRV8wZzN6SEYxRUhpSjNCdmhBNVVDOExOMWd2d1J4ZkRDamV2dmczeFFVX2pBSEIwMDczalVJN285TFlsSUNvSjlncVd2SzRfTlZuU0EyYS1WNmZVLXBqT2JTRlF6VVJUQnI4Njl4NzVqc0FjOXN1cE0xQzJKNUNEbHBtQVRVMGs1eUhBZnFnZk1xUlE5WGRDOGVDcV8wbnpoc1dhWWcifQ 200 in 52ms (next.js: 3ms, proxy.ts: 2ms, application-code: 47ms)
 GET /audit?q=COLL_AUDIT_001 200 in 103ms (next.js: 2ms, proxy.ts: 1.8ms, application-code: 100ms)
 GET /api/auth/get-session 200 in 87ms (next.js: 46ms, proxy.ts: 19ms, application-code: 22ms)
 GET /api/auth/organization/list 200 in 89ms (next.js: 49ms, proxy.ts: 19ms, application-code: 22ms)
 GET /tasks?q=COLL_TASK_ 200 in 449ms (next.js: 6ms, proxy.ts: 3ms, application-code: 440ms)
 GET /api/auth/get-session 200 in 19ms (next.js: 5ms, proxy.ts: 3ms, application-code: 12ms)
 GET /api/auth/organization/list 200 in 21ms (next.js: 8ms, proxy.ts: 3ms, application-code: 9ms)
 GET /tasks?q=COLL_TASK_&status=open&cursor=eyJ2IjoxLCJpdiI6IndBbVhOeUNhMWJHOHpmTTciLCJ0YWciOiJtZE1rU3h6V2RqelBOVkYyLS15eGx3IiwiZGF0YSI6IlpsamZlT0QzdjZ0NndnbC1CMm5ndThhWWJWdFQtUmhKWldwN1p2NzNtU3lub0JQUTBwa1BMc1BUazd5Mlk5eUhXNUMtb0dfUXVGLWFXcWVhUUY5Q3JqTEs4WmtVYV9WaDZ3a0dBWDczTkJma1d5aTQxYmhTcnRkbHppLWVRSnVkZ3gxaGVvUTMwZS1aSC0zQ3ptWVFIS2tHN25jdlZST1A3U01TOU1qSEpJd3JzajZjQllEdE1lX3BtcEU1SHR2bzdUQ05ZRWo1aTB6WHMxczVGVHdNMXVUTFJ2eWQ2NE1ob2k2QnlJY0VwcF91c1pLdXo5QnJ1U3FOb1dxeXRFNU1OVHhMX2lfRkZPOFJpWWxDU0gyb3hxSzJSdGwtV21LZDJRQnY0TXpIcHNVUHQ5UURyZ3hlVHcifQ 200 in 119ms (next.js: 3ms, proxy.ts: 3ms, application-code: 114ms)
 GET /tasks?q=COLL_TASK_001&status=open 200 in 156ms (next.js: 2.0ms, proxy.ts: 1.9ms, application-code: 152ms)
 GET /api/auth/get-session 200 in 24ms (next.js: 6ms, proxy.ts: 4ms, application-code: 14ms)
 GET /api/auth/organization/list 200 in 27ms (next.js: 11ms, proxy.ts: 4ms, application-code: 12ms)
 GET /tasks?notice=Commentaire+ajout%C3%A9.&id=f8f3f94f-11ba-4d13-910f-e1ab136c6e4c 200 in 521ms (next.js: 47ms, proxy.ts: 50ms, application-code: 424ms)
 POST /tasks?q=COLL_TASK_001&status=open 200 in 595ms (next.js: 2ms, proxy.ts: 3ms, application-code: 590ms)
  └─ ƒ addWorkspaceTaskComment({}) in 8ms src/app/actions.ts
 GET /discussions/tasks/f8f3f94f-11ba-4d13-910f-e1ab136c6e4c 200 in 58ms (next.js: 7ms, proxy.ts: 2ms, application-code: 48ms)
 GET /discussions/tasks/f8f3f94f-11ba-4d13-910f-e1ab136c6e4c?cursor=eyJ2IjoxLCJpdiI6IkNyNjB6TW1pS01KaGRpVGEiLCJ0YWciOiI1d3IwTzZhbkU4Q1dJQzZWbF9BV0ZBIiwiZGF0YSI6ImFjd04tQ202czVuaHdTODdsLTcwVEdZNVYyZlFId3RDZWdjSFRrNmM0Z05qUnFfWjdUWWwwNkp1RTY5b25zdzROa0JYRVpiLWtFWk91SDlReVgzZWU5Wnk4NnRxdXNpSGl4UnNHb3dQLUxjcTZnZHdBTDJSdDI1dWUzNjlXRzh5cGlEYUtZOWIwdHlXai1aa0lEa0VGbGRPcUJsSUFOd1JtYk1JNGJXSHZIRG9PQ19RUjhCQ0ZyZFlKTjdSVFlnM2J3cHltVTg1VzJWRHpTNHprWW05SU5fdDNLQ2FBWjdLMkthVkFYc05fS0pORTB4Rm15T3NmWkJLQ2tFUmFKUmQ2bmFCU2plS3lFNTc4T0drOUI4aG5ianFhRUdfWWN4UzlwZkZ0cXdfN3phRFo2VlI3bzEtcXcifQ 200 in 38ms (next.js: 3ms, proxy.ts: 1.9ms, application-code: 33ms)
 GET /discussions/tasks/f8f3f94f-11ba-4d13-910f-e1ab136c6e4c?q=COLL_MESSAGE_001 200 in 121ms (next.js: 2ms, proxy.ts: 1.8ms, application-code: 117ms)
 GET /api/auth/get-session 200 in 100ms (next.js: 23ms, proxy.ts: 31ms, application-code: 46ms)
 GET /api/auth/organization/list 200 in 294ms (next.js: 48ms, proxy.ts: 13ms, application-code: 233ms)
 GET /alerts?q=COLL_ALERT_ 200 in 398ms (next.js: 6ms, proxy.ts: 4ms, application-code: 388ms)
 GET /api/auth/get-session 200 in 18ms (next.js: 9ms, proxy.ts: 2ms, application-code: 7ms)
 GET /api/auth/organization/list 200 in 20ms (next.js: 3ms, proxy.ts: 4ms, application-code: 13ms)
 GET /alerts?q=COLL_ALERT_&cursor=eyJ2IjoxLCJpdiI6Ilpkc1MzdFZ0cFBURi1aQTYiLCJ0YWciOiJ4b01oTGpfT28zaXpNb25kTTJ5a19nIiwiZGF0YSI6IkstajVLZzA5MHVjZHJLY2Y1RV91ZHdQUF8ta2gtbElJZzgteFd6RXZscHFmSjhkend4dUlHU1JHMFU5WU1aaEtkVnIwbEx2VWFVRzZyaXZZREItVmJCV2ExN1R5V3AxZlVicUZVQXhFZmxkOThyYmxNRGd2bnpKakRIZ1RqZmk1VHg4Nnd1QWx6OUhNTEFMaDlBaFI5czJ6a2NtY3dPcXgwVHhHV1B2eWpVaXZ3RlJ5ZThFS2ZhSzBxdlJEUGZyMnlVMGxweW1pdFBLa080dHhNcTVLdmdLOER6TlhMR24yZHRmZHpiSkZGczhsRzZjZHRvMXdWU25oUDR2Y1RfZE9kMVlJMUZQbnlhaW1ieXRRTzFNMmc2N3lHc0h1ckFUX0p6cmdJY0RKRVVaMFViVzl0TG12dEEifQ 200 in 92ms (next.js: 3ms, proxy.ts: 3ms, application-code: 86ms)
 GET /alerts?q=COLL_ALERT_001&status= 200 in 126ms (next.js: 1.9ms, proxy.ts: 1.9ms, application-code: 122ms)
 GET /api/auth/get-session 200 in 81ms (next.js: 41ms, proxy.ts: 10ms, application-code: 29ms)
 GET /api/auth/organization/list 200 in 93ms (next.js: 58ms, proxy.ts: 10ms, application-code: 25ms)
 GET /approvals?q=COLL_APPROVAL_ 200 in 399ms (next.js: 4ms, proxy.ts: 2ms, application-code: 393ms)
 GET /api/auth/get-session 200 in 19ms (next.js: 3ms, proxy.ts: 3ms, application-code: 13ms)
 GET /api/auth/organization/list 200 in 21ms (next.js: 7ms, proxy.ts: 2ms, application-code: 11ms)
 GET /approvals?q=COLL_APPROVAL_&cursor=eyJ2IjoxLCJpdiI6ImZwSlBqRld3cFBaNm91LVkiLCJ0YWciOiJiblpfU2pINHlLdzZscFJFMDlfTFhnIiwiZGF0YSI6InNzbG8ya0VoZkRqUVM5UVZ3M3E1QTJvbndtbEtyNWtOZWdBWnc2Q3d0aVVydmRKQVFYb3daTnhGdWpLWkNpM2hqRzFZMlhybUhSR1VfNEw5MkdUa0hQZ2hFYlJZSklRcnRac29xOFRSYUowSEdMSXhUY0swQjB2S205ZFYwWmZZUjkzeDlnTU1YaVZYcm1IY2Vmc05taFE0OGVJNUppdEV5XzE2SW1JN1J4NlozZGRfT0RzdmtORHVCVlpvZUw2VHpGbDR0eVhTOTYxWUxkNFdHQWhZNF9qeXdENlM1RmFhbnVjR1pNem1hbGljRDFOMGpZS2tqZFVzaHAyV0FtZEZnRWRET2xobHRrUGV1Rk9zcDFTb2M2YlQ3WG80dFU5V2p2QUUzTmVrb3R4TERNaTJnQTY4ekEifQ 200 in 184ms (next.js: 3ms, proxy.ts: 4ms, application-code: 177ms)
 GET /approvals?q=COLL_APPROVAL_001&status= 200 in 120ms (next.js: 3ms, proxy.ts: 1.8ms, application-code: 116ms)
 GET /api/auth/get-session 200 in 73ms (next.js: 40ms, proxy.ts: 11ms, application-code: 22ms)
 GET /api/auth/organization/list 200 in 84ms (next.js: 43ms, proxy.ts: 11ms, application-code: 30ms)
 GET /support?q=COLL_SUPPORT_ 200 in 317ms (next.js: 4ms, proxy.ts: 2ms, application-code: 310ms)
 GET /api/auth/get-session 200 in 18ms (next.js: 7ms, proxy.ts: 4ms, application-code: 7ms)
 GET /api/auth/organization/list 200 in 21ms (next.js: 4ms, proxy.ts: 4ms, application-code: 13ms)
 GET /support?q=COLL_SUPPORT_&cursor=eyJ2IjoxLCJpdiI6Ilo3RzZ6UTdtejA4V1MyYUQiLCJ0YWciOiJOVjdWdUlCRkdHSjdmUlUzUlVMUkd3IiwiZGF0YSI6IkZHUUtYU3lDX2FHWDhGdTR2UTVmbWdsMzZQRVpUOXBrbVhKU2hpZWx5R0ZJZ0oyaUFQbHNIMkJjWFJfZUM0TmdBN2lPbXFheWUzVUw4bWxaS2ZYVThzblpqVWd2TGFwQUZjdHlWdllieTRPWmhIa291bTR3QU04bEczZ3Rmd2ZLSDJVRmUteTU1LXlkVWIzUWNtQUFSMjlBMXNfNU9GeVhfR3A4N0h4WnE2WlNId05XYV9lUG5sSXhucWlVRllJb1EyWkk5alNsamZOeGlUX3FoVTBFUFlQdEp2NVJucWNGSllqZHNvSzFzbnBlWFlidTdfS0xyYm5neVhLN0RjTDRISHFFVW9aWkpNNTdtdkJhcFRibzBDYW10N19CVURnUjhqaGNfYlFya3RZVWh2R1IyTDd2V2cifQ 200 in 80ms (next.js: 3ms, proxy.ts: 4ms, application-code: 73ms)
 GET /support?q=COLL_SUPPORT_001&status= 200 in 122ms (next.js: 2ms, proxy.ts: 1.8ms, application-code: 118ms)
 GET /api/auth/get-session 200 in 19ms (next.js: 5ms, proxy.ts: 2ms, application-code: 12ms)
 GET /api/auth/organization/list 200 in 22ms (next.js: 9ms, proxy.ts: 3ms, application-code: 11ms)
 GET /tasks?cursor=forged 200 in 139ms (next.js: 2ms, proxy.ts: 1.9ms, application-code: 135ms)
 GET /api/auth/get-session 200 in 28ms (next.js: 4ms, proxy.ts: 3ms, application-code: 21ms)
 GET /api/auth/organization/list 200 in 31ms (next.js: 9ms, proxy.ts: 3ms, application-code: 19ms)
 GET /support?q=COLL_SUPPORT_ 200 in 101ms (next.js: 2ms, proxy.ts: 1.9ms, application-code: 97ms)
 GET /api/auth/get-session 200 in 87ms (next.js: 27ms, proxy.ts: 31ms, application-code: 29ms)
 GET /api/auth/organization/list 200 in 91ms (next.js: 31ms, proxy.ts: 21ms, application-code: 39ms)
 GET /discussions/support/6ccb29b8-7d9d-4293-8b9a-5b7d0550b5c8 404 in 132ms (next.js: 5ms, proxy.ts: 1.8ms, application-code: 126ms)
  ✓  52 [chromium] › e2e/workspace-collections-local.spec.ts:14:53 › workspace collection navigation › searches older records and conversations in fr (8.2s)
 GET /audit?q=COLL_AUDIT_ 200 in 156ms (next.js: 3ms, proxy.ts: 3ms, application-code: 150ms)
 GET /api/auth/get-session 200 in 19ms (next.js: 5ms, proxy.ts: 3ms, application-code: 11ms)
 GET /api/auth/organization/list 200 in 21ms (next.js: 10ms, proxy.ts: 3ms, application-code: 9ms)
 POST /audit?q=COLL_AUDIT_ 200 in 71ms (next.js: 2ms, proxy.ts: 2ms, application-code: 66ms)
  └─ ƒ setCookieConsent({}) in 2ms src/app/preferences-actions.ts
 GET /audit?q=COLL_AUDIT_&cursor=eyJ2IjoxLCJpdiI6IjZEZnA4TENvU3FaN0IzUG0iLCJ0YWciOiJ6YUFaRmp6Q01YaG5MOEg2bzJGamR3IiwiZGF0YSI6IlJ1Q3pQSlFSTzBnNHdGdXk4TmlEaDZWUk41MXZremFYVGlCN3VUS3FFWlZSNC16THZmUThzTGF1cUZkckdCc1VEdlNsWm9SX0NLbGJNTmpWN0xQellxQXBTNG1KS3dGLThmRDFydFo5a2w1RmJqSG5jLWFKRmtIcHBxMEVCREFNcFBKWkpLdTZLTVVjYWVLV1RMMnJvUm9DR0pkMTFkZWVNRU1iZmdtRnlyOVJpTWh6MHJJYlh0NVJPU0M3cFJwc3JpbGx1YUN3MXdiNExzdlZaMGx4ZG51M1BxdlZTREdtUC1WUE52a1lJaEJPS0Q4cEJXTmJqdENIdHNTQVdqMU12WEJ5bVJFOGc1UnFWc1RpRGVrV0tzd1N0ZFQ1cktncXMzMUF3d1A3bUFDbXU1ZmIyY2ZOX0EifQ 200 in 40ms (next.js: 3ms, proxy.ts: 2ms, application-code: 35ms)
 GET /audit?q=COLL_AUDIT_001 200 in 113ms (next.js: 1.9ms, proxy.ts: 1.8ms, application-code: 109ms)
 GET /api/auth/get-session 200 in 93ms (next.js: 49ms, proxy.ts: 11ms, application-code: 32ms)
 GET /api/auth/organization/list 200 in 366ms (next.js: 60ms, proxy.ts: 10ms, application-code: 295ms)
 GET /tasks?q=COLL_TASK_ 200 in 440ms (next.js: 3ms, proxy.ts: 2ms, application-code: 435ms)
 GET /api/auth/get-session 200 in 16ms (next.js: 4ms, proxy.ts: 2ms, application-code: 10ms)
 GET /api/auth/organization/list 200 in 18ms (next.js: 8ms, proxy.ts: 2ms, application-code: 8ms)
 GET /tasks?q=COLL_TASK_&status=open&cursor=eyJ2IjoxLCJpdiI6IjYtbmV2VmM0V3F4RDJROTciLCJ0YWciOiJXXzVNMkJLN0FMYjBLRWh3SlFuRlpnIiwiZGF0YSI6ImlKTjdKY09RTHBSWURLM3gycGtHVkdJOHp0MFNxU3NDR1EzWmRBUFFDY0lpbUFValNNaTRVUE4zRlZhTEd0OVhSWEdUODVRRmo2bTY1VVV4QjhZSmU0SU1yWElmckZpSlF4QUhNZVZBY1p6bWNrRTRRa2FMM1U1RXRqX1NKWnBVY2xzeUlhMnktV010bm9QZmpOUTFHcFQxWGJIZTl6QjExWnpOTTFsU1FJa2xmekFqcVlMc2Qtc19hX0xxN0FrR0hqVy1WblJpblVQVDBLeHplWVVwYmJOQUpfMmJSeGJXMmEwMW5pZ1dhWFlGQnhEQWxvVDc3bjg2Wjgwd3kyS2FjYldHWWNDUTdlSl9nM09hVnBlc3BYQ2dLeGRiUWp3QkJGQVgwUGFRVk1OLVhXWF96VFNhR3cifQ 200 in 120ms (next.js: 2ms, proxy.ts: 2ms, application-code: 115ms)
 GET /tasks?q=COLL_TASK_001&status=open 200 in 157ms (next.js: 2.0ms, proxy.ts: 2ms, application-code: 153ms)
 GET /api/auth/get-session 200 in 20ms (next.js: 8ms, proxy.ts: 3ms, application-code: 9ms)
 GET /api/auth/organization/list 200 in 22ms (next.js: 8ms, proxy.ts: 6ms, application-code: 8ms)
 GET /tasks?notice=Commentaire+ajout%C3%A9.&id=4a46acc4-af6b-458b-b71b-a133c3249811 200 in 73ms (next.js: 1.8ms, proxy.ts: 1.6ms, application-code: 70ms)
 POST /tasks?q=COLL_TASK_001&status=open 200 in 94ms (next.js: 1.9ms, proxy.ts: 2ms, application-code: 90ms)
  └─ ƒ addWorkspaceTaskComment({}) in 8ms src/app/actions.ts
 GET /discussions/tasks/4a46acc4-af6b-458b-b71b-a133c3249811 200 in 45ms (next.js: 4ms, proxy.ts: 2ms, application-code: 38ms)
 GET /discussions/tasks/4a46acc4-af6b-458b-b71b-a133c3249811?cursor=eyJ2IjoxLCJpdiI6Im9BUDJxZUFoajhsZTNrSEoiLCJ0YWciOiJ3anlqZnhnUE9LQ1BnbDZOdmlKMmF3IiwiZGF0YSI6IlZGR182eFJiUWVrVm5RaWlvdTY5UU94R2RGUFFRcDNSQzN4elp6NnBZTjY2eTEtTnozN3ZYbmlGbnVYY1JVb0dpbkdJYTVJQTlJMGlaUVZ2X1p6aThTUUJyZ1BkeXktSjE2blVZY3RUVVQ3dU9jY1FqejBRTU5CR1owcnR4QU0wcEhXcXFRZmVCSG93RjBJX1l0N1ppaGtUTjZEWXdKaGZsd1J1ckxrY20zZnRpZ0ZESzNIQjMwWnVZV2R6UDVVS1RTdURvMWxrVUtPNmlaYTQ1RFR3S1Z2UTRxendDVlBrMkZ1X2cwSVhQbDJJYU5QVWJBNmdoZVRLbl9Rc3lQaTB5V2s0blZ4UzBtc00xa1lkYy1iMTViVVdMSkpDY0c0TjhLUmdRUkV6YWtyU1I0ckx0V0RocmcifQ 200 in 57ms (next.js: 14ms, proxy.ts: 3ms, application-code: 41ms)
 GET /discussions/tasks/4a46acc4-af6b-458b-b71b-a133c3249811?q=COLL_MESSAGE_001 200 in 120ms (next.js: 3ms, proxy.ts: 1.8ms, application-code: 116ms)
 GET /api/auth/get-session 200 in 28ms (next.js: 7ms, proxy.ts: 3ms, application-code: 18ms)
 GET /api/auth/organization/list 200 in 43ms (next.js: 13ms, proxy.ts: 3ms, application-code: 27ms)
 GET /alerts?q=COLL_ALERT_ 200 in 331ms (next.js: 2ms, proxy.ts: 4ms, application-code: 325ms)
 GET /api/auth/get-session 200 in 15ms (next.js: 3ms, proxy.ts: 2ms, application-code: 9ms)
 GET /api/auth/organization/list 200 in 17ms (next.js: 6ms, proxy.ts: 2ms, application-code: 8ms)
 GET /alerts?q=COLL_ALERT_&cursor=eyJ2IjoxLCJpdiI6ImtHTE5yUWFZNkFPQ09JbnIiLCJ0YWciOiJ4LU1lV1MtNzBKMzhucU9MdzZUSVZRIiwiZGF0YSI6Il9yWGRYd3NYS0R4eVBJdkFpUnNrQ193bkxKQjRmZk9YX0xVcVlGdS1JSk45V2RvXzBONVc2SjZmYWY3eWtwRXMxT3FudzU4RTI1UXRNUEJxc1ZZM1FVVzJWRkdVSmxLZ24wUElEOVNpS3UxYXhXbDBuVkFUeUNyX3RnOU40cnVYWmJKRTFpek1wQWRmYzJKLU10UWE1VkJ1c1cwM05JNDJISWRJUy16bmhCRGh1Z0paT1pZQnZ5MlpvUk1qaUJsTVA2a3dBTGhiMUI0b1gwY1QtVjNTMEliUTJJUi1YMkx6bHR5eHp0NVRKZ0owb0p3NGdvemhZYmFuY0o2eHNiaGZrY1o0Tm9ENkQySllRLTM3bHRBa3VxMVp0WnBiQkFxejBUemY1MFhQaENMNndJc3NTWjVLR2cifQ 200 in 87ms (next.js: 3ms, proxy.ts: 2ms, application-code: 82ms)
 GET /alerts?q=COLL_ALERT_001&status= 200 in 135ms (next.js: 2ms, proxy.ts: 2ms, application-code: 131ms)
 GET /api/auth/get-session 200 in 73ms (next.js: 42ms, proxy.ts: 11ms, application-code: 20ms)
 GET /api/auth/organization/list 200 in 87ms (next.js: 52ms, proxy.ts: 10ms, application-code: 25ms)
 GET /approvals?q=COLL_APPROVAL_ 200 in 398ms (next.js: 1.9ms, proxy.ts: 2.0ms, application-code: 394ms)
 GET /api/auth/get-session 200 in 21ms (next.js: 3ms, proxy.ts: 6ms, application-code: 11ms)
 GET /api/auth/organization/list 200 in 22ms (next.js: 6ms, proxy.ts: 6ms, application-code: 10ms)
 GET /approvals?q=COLL_APPROVAL_&cursor=eyJ2IjoxLCJpdiI6IjRDSllTMWE4TW1PckdsWk0iLCJ0YWciOiJkWXhQblZfNDNGcXVIam9tTTV6TmNBIiwiZGF0YSI6Ik5wamtyTzk1V0tsemY5ZlJvdWNoeUdzbzZ5QlE0TmFDbmdMZWZfM1ZrcnJKWERuS25EWEJ2SXRVbndOMzZXaTVnRUhwMktDY1dTVzdRWm9TU3doeGxBblo1SUZUOTFWZlcxQ3pET3dkNWVDbUowMlNBSGJLOW5HUUtZRE9xNGxOZnhmaXNGTl9FLUxWMnk0SDJDWk1oNURUUEgyRDluR0JKUjl0c05Xd01LWDhTZTdvYUNpdldhTFpsOGdGbm9BWXBHR2liaFY4TWRDbDRoMjZiUXdhYURDeXBuS3pXOTBsMHhDWmNjdnM3MmZRVWVLanN6NnhuLVM0c0M2ODZTckxZTldNdW1uYmY1QmxpdEVGOExwWkxCTG5neG51R2oxOVB5UVVWWV8tVjkwTko0MXZsM2lBLVEifQ 200 in 136ms (next.js: 6ms, proxy.ts: 2ms, application-code: 128ms)
 GET /approvals?q=COLL_APPROVAL_001&status= 200 in 124ms (next.js: 2ms, proxy.ts: 2.0ms, application-code: 120ms)
 GET /support?q=COLL_SUPPORT_ 200 in 316ms (next.js: 2ms, proxy.ts: 2.0ms, application-code: 312ms)
 GET /api/auth/get-session 200 in 16ms (next.js: 8ms, proxy.ts: 2ms, application-code: 6ms)
 GET /api/auth/organization/list 200 in 17ms (next.js: 4ms, proxy.ts: 2ms, application-code: 11ms)
 GET /support?q=COLL_SUPPORT_&cursor=eyJ2IjoxLCJpdiI6IjRxVG9PZU1ia3NFZTNSdzAiLCJ0YWciOiJXUlBFMm0yRFZWWFQzMFN2YWVhaUdnIiwiZGF0YSI6IkZKOVl2REh2LWpKVGJtRXdRNm1lOVNwam4tZGZpS3RPc1B0cXJCcWw5VnowMHJKMEg2RWZJVU1HQ3pMZ2I3UHN6VWJoenlUbzQxM28yUi1oRWJkVjIzX3dDSjFrekl3NHNNTWRVTHc3MnpIZi1wamRGQU12cEZUMzNlNUxaTU5udlhGdjIyb3AxYTVoVzZFSzlseWVZRFVpU2F1UHczVHFDMTc0OGY1ZGphYnlpYTZkTjY1Ny1wRzV6TTMxSHBSRXBXMTNyd2VlWG1YcV9DWkZPXzVKQUJwSGlqTG1Tb3B2cW8yR2RQQmxMeHFDNm5WaWxBamJjdUZBSFFORmcxdnhGTXMyWWRONlBBNGVHRVZZYjQ1V2dFX0VmNS1IbDIwOTZqLUVIQ0t2dXVjRmRYZ1ZvVUxfeUEifQ 200 in 64ms (next.js: 2ms, proxy.ts: 2.0ms, application-code: 60ms)
 GET /support?q=COLL_SUPPORT_001&status= 200 in 151ms (next.js: 2.0ms, proxy.ts: 2ms, application-code: 147ms)
 GET /api/auth/get-session 200 in 25ms (next.js: 9ms, proxy.ts: 2ms, application-code: 14ms)
 GET /api/auth/organization/list 200 in 27ms (next.js: 12ms, proxy.ts: 5ms, application-code: 9ms)
 GET /tasks?cursor=forged 200 in 131ms (next.js: 1.8ms, proxy.ts: 1.7ms, application-code: 127ms)
 GET /api/auth/get-session 200 in 22ms (next.js: 4ms, proxy.ts: 2ms, application-code: 16ms)
 GET /api/auth/organization/list 200 in 25ms (next.js: 8ms, proxy.ts: 2ms, application-code: 14ms)
 GET /support?q=COLL_SUPPORT_ 200 in 105ms (next.js: 2ms, proxy.ts: 1.6ms, application-code: 102ms)
 GET /api/auth/get-session 200 in 102ms (next.js: 32ms, proxy.ts: 35ms, application-code: 35ms)
 GET /api/auth/organization/list 200 in 96ms (next.js: 36ms, proxy.ts: 26ms, application-code: 34ms)
 GET /discussions/support/81e265d9-6cb3-4610-aa0e-46409bd624f3 404 in 139ms (next.js: 5ms, proxy.ts: 3ms, application-code: 132ms)
  ✓  53 [chromium] › e2e/workspace-collections-local.spec.ts:14:53 › workspace collection navigation › searches older records and conversations in en (7.4s)

  53 passed (2.4m)
{"ok":true,"cleaned":"local-browser-fixtures"}
[?25h
