
> @yodev/ads@0.1.0 test:e2e:local
> node scripts/verify-local-browser.mjs

{"ok":true,"fixtureRoles":["owner","admin","strategist","analyst","client"],"foreignExportId":"80000000-0000-4000-8000-000000000003"}

> @yodev/ads@0.1.0 dev
> next dev --hostname 127.0.0.1 --port 3017

▲ Next.js 16.3.0 (Turbopack)
- Local:         http://127.0.0.1:3017
- Network:       http://127.0.0.1:3017
- Environments: .env.local
✓ Ready in 306ms
✓ Running next.config.ts took 463ms
- Experiments (use with caution):
  · clientTraceMetadata

 GET /sign-in 200 in 2.6s (next.js: 2.2s, proxy.ts: 185ms, application-code: 188ms)
 GET / 200 in 2.6s (next.js: 1911ms, proxy.ts: 184ms, application-code: 497ms)
 GET /icon?a62dacc6b033a714 200 in 255ms (next.js: 62ms, proxy.ts: 8ms, application-code: 186ms)
 POST /api/auth/sign-in/email 200 in 1063ms (next.js: 879ms, proxy.ts: 3ms, application-code: 182ms)
 POST /api/auth/sign-in/email 200 in 88ms (next.js: 4ms, proxy.ts: 3ms, application-code: 81ms)
 POST /api/auth/sign-in/email 200 in 84ms (next.js: 2ms, proxy.ts: 3ms, application-code: 79ms)
 POST /api/auth/sign-in/email 200 in 79ms (next.js: 2.0ms, proxy.ts: 2ms, application-code: 75ms)
 POST /api/auth/sign-in/email 200 in 83ms (next.js: 2ms, proxy.ts: 2ms, application-code: 79ms)
 GET /dashboard 200 in 485ms (next.js: 207ms, proxy.ts: 3ms, application-code: 276ms)
 GET /settings 200 in 239ms (next.js: 31ms, proxy.ts: 2ms, application-code: 207ms)
 GET /billing 200 in 168ms (next.js: 13ms, proxy.ts: 2ms, application-code: 153ms)
 GET /support 200 in 141ms (next.js: 16ms, proxy.ts: 2ms, application-code: 123ms)
 GET /accounts 200 in 122ms (next.js: 12ms, proxy.ts: 1.9ms, application-code: 108ms)
 GET /history 200 in 133ms (next.js: 18ms, proxy.ts: 1.9ms, application-code: 113ms)
 GET /alerts 200 in 156ms (next.js: 15ms, proxy.ts: 1.9ms, application-code: 139ms)
 GET /tasks 200 in 157ms (next.js: 23ms, proxy.ts: 2ms, application-code: 132ms)
 GET /approvals 200 in 139ms (next.js: 23ms, proxy.ts: 2ms, application-code: 113ms)
 GET /reports 200 in 196ms (next.js: 22ms, proxy.ts: 2ms, application-code: 171ms)
 GET /audit 200 in 128ms (next.js: 22ms, proxy.ts: 1.9ms, application-code: 104ms)
 GET /agents 200 in 183ms (next.js: 19ms, proxy.ts: 1.9ms, application-code: 163ms)
 GET / 200 in 89ms (next.js: 3ms, proxy.ts: 2.0ms, application-code: 83ms)
 GET /privacy 200 in 63ms (next.js: 17ms, proxy.ts: 3ms, application-code: 42ms)
 GET /terms 200 in 52ms (next.js: 13ms, proxy.ts: 2ms, application-code: 36ms)
 GET /subprocessors 200 in 104ms (next.js: 41ms, proxy.ts: 2ms, application-code: 61ms)
 GET /status 200 in 106ms (next.js: 34ms, proxy.ts: 2ms, application-code: 70ms)
 GET /sign-in 200 in 35ms (next.js: 6ms, proxy.ts: 1.8ms, application-code: 28ms)
 GET /sign-up 200 in 322ms (next.js: 289ms, proxy.ts: 2ms, application-code: 31ms)
Local browser states ready in /var/folders/9h/sbxl7zl90j9_wc743xft5j8h0000gn/T/yodev-ads-browser-4fFBkb

Running 66 tests using 1 worker

(node:55201) Warning: The 'NO_COLOR' env is ignored due to the 'FORCE_COLOR' env being set.
(Use `node --trace-warnings ...` to show where the warning was created)
(node:55201) DeprecationWarning: Calling client.query() when the client is already executing a query is deprecated and will be removed in pg@9.0. Use async/await or an external async flow control mechanism instead.
 GET /operations 200 in 405ms (next.js: 29ms, proxy.ts: 2ms, application-code: 374ms)
 GET /api/auth/get-session 200 in 35ms (next.js: 8ms, proxy.ts: 4ms, application-code: 23ms)
 GET /api/auth/organization/list 200 in 40ms (next.js: 15ms, proxy.ts: 4ms, application-code: 22ms)
  ✓   1 [chromium] › e2e/activation-local.spec.ts:7:7 › operations counts published reports and excludes legacy or future activation (1.4s)
 GET /alerts?id=8ad61395-27f7-4605-a4f0-0a60b0663dcc 200 in 167ms (next.js: 2ms, proxy.ts: 3ms, application-code: 161ms)
 GET /api/auth/get-session 200 in 28ms (next.js: 7ms, proxy.ts: 4ms, application-code: 17ms)
 GET /api/auth/organization/list 200 in 31ms (next.js: 12ms, proxy.ts: 4ms, application-code: 16ms)
 GET /alerts?notice=Avis+sur+la+qualit%C3%A9+de+l%E2%80%99alerte+enregistr%C3%A9.&id=8ad61395-27f7-4605-a4f0-0a60b0663dcc 200 in 78ms (next.js: 1.8ms, proxy.ts: 2ms, application-code: 73ms)
 POST /alerts?id=8ad61395-27f7-4605-a4f0-0a60b0663dcc 200 in 124ms (next.js: 7ms, proxy.ts: 6ms, application-code: 111ms)
  └─ ƒ reviewWorkspaceAlertQuality({}) in 20ms src/app/actions.ts
 GET /alerts?error=Cette+observation+ou+cet+avis+a+chang%C3%A9.+Actualisez+la+page+avant+de+l%E2%80%99%C3%A9valuer+%C3%A0+nouveau.&id=8ad61395-27f7-4605-a4f0-0a60b0663dcc 200 in 79ms (next.js: 1.8ms, proxy.ts: 2.0ms, application-code: 75ms)
 POST /alerts?notice=Avis%20sur%20la%20qualit%C3%A9%20de%20l%E2%80%99alerte%20enregistr%C3%A9.&id=8ad61395-27f7-4605-a4f0-0a60b0663dcc 200 in 101ms (next.js: 2ms, proxy.ts: 3ms, application-code: 96ms)
  └─ ƒ reviewWorkspaceAlertQuality({}) in 10ms src/app/actions.ts
 GET /alerts?notice=Avis+sur+la+qualit%C3%A9+de+l%E2%80%99alerte+enregistr%C3%A9.&id=8ad61395-27f7-4605-a4f0-0a60b0663dcc 200 in 74ms (next.js: 1.9ms, proxy.ts: 2ms, application-code: 70ms)
 POST /alerts?error=Cette%20observation%20ou%20cet%20avis%20a%20chang%C3%A9.%20Actualisez%20la%20page%20avant%20de%20l%E2%80%99%C3%A9valuer%20%C3%A0%20nouveau.&id=8ad61395-27f7-4605-a4f0-0a60b0663dcc 200 in 95ms (next.js: 1.9ms, proxy.ts: 3ms, application-code: 90ms)
  └─ ƒ reviewWorkspaceAlertQuality({}) in 9ms src/app/actions.ts
 GET /alerts?q=QUALITY_04c81586-1ddd-4a85-93d2-38cc87728cd5 200 in 458ms (next.js: 1.9ms, proxy.ts: 3ms, application-code: 454ms)
 GET /api/auth/get-session 200 in 125ms (next.js: 41ms, proxy.ts: 3ms, application-code: 80ms)
 GET /api/auth/organization/list 200 in 132ms (next.js: 46ms, proxy.ts: 3ms, application-code: 82ms)
 GET /alerts?id=8ad61395-27f7-4605-a4f0-0a60b0663dcc 200 in 184ms (next.js: 3ms, proxy.ts: 4ms, application-code: 178ms)
 GET /api/auth/get-session 200 in 26ms (next.js: 4ms, proxy.ts: 11ms, application-code: 11ms)
 GET /api/auth/organization/list 200 in 28ms (next.js: 7ms, proxy.ts: 11ms, application-code: 10ms)
 GET /alerts?notice=Avis+sur+la+qualit%C3%A9+de+l%E2%80%99alerte+enregistr%C3%A9.&id=8ad61395-27f7-4605-a4f0-0a60b0663dcc 200 in 80ms (next.js: 2ms, proxy.ts: 2ms, application-code: 76ms)
 POST /alerts?id=8ad61395-27f7-4605-a4f0-0a60b0663dcc 200 in 101ms (next.js: 3ms, proxy.ts: 3ms, application-code: 96ms)
  └─ ƒ reviewWorkspaceAlertQuality({}) in 9ms src/app/actions.ts
 GET /alerts?id=8ad61395-27f7-4605-a4f0-0a60b0663dcc 200 in 135ms (next.js: 3ms, proxy.ts: 3ms, application-code: 129ms)
 GET /api/auth/get-session 200 in 103ms (next.js: 43ms, proxy.ts: 8ms, application-code: 52ms)
 GET /api/auth/organization/list 200 in 109ms (next.js: 36ms, proxy.ts: 20ms, application-code: 54ms)
 GET /alerts?notice=Avis%20sur%20la%20qualit%C3%A9%20de%20l%E2%80%99alerte%20enregistr%C3%A9.&id=8ad61395-27f7-4605-a4f0-0a60b0663dcc 200 in 155ms (next.js: 5ms, proxy.ts: 3ms, application-code: 147ms)
  ✓   2 [chromium] › e2e/alert-quality-local.spec.ts:6:7 › alert quality fr reviews a specific observation without changing workflow (3.2s)
 GET /alerts?id=aff46420-5162-4702-8fd4-610c259cc33d 200 in 132ms (next.js: 1.8ms, proxy.ts: 2ms, application-code: 128ms)
 GET /api/auth/get-session 200 in 29ms (next.js: 5ms, proxy.ts: 4ms, application-code: 20ms)
 GET /api/auth/organization/list 200 in 31ms (next.js: 8ms, proxy.ts: 4ms, application-code: 19ms)
 GET /alerts?notice=Alert+quality+review+saved.&id=aff46420-5162-4702-8fd4-610c259cc33d 200 in 68ms (next.js: 1.6ms, proxy.ts: 1.9ms, application-code: 64ms)
 POST /alerts?id=aff46420-5162-4702-8fd4-610c259cc33d 200 in 87ms (next.js: 1.9ms, proxy.ts: 3ms, application-code: 82ms)
  └─ ƒ reviewWorkspaceAlertQuality({}) in 8ms src/app/actions.ts
 GET /alerts?error=This+observation+or+review+has+changed.+Refresh+the+page+before+reviewing+it+again.&id=aff46420-5162-4702-8fd4-610c259cc33d 200 in 60ms (next.js: 1.6ms, proxy.ts: 2ms, application-code: 57ms)
 POST /alerts?notice=Alert%20quality%20review%20saved.&id=aff46420-5162-4702-8fd4-610c259cc33d 200 in 80ms (next.js: 2.0ms, proxy.ts: 3ms, application-code: 75ms)
  └─ ƒ reviewWorkspaceAlertQuality({}) in 9ms src/app/actions.ts
 GET /alerts?notice=Alert+quality+review+saved.&id=aff46420-5162-4702-8fd4-610c259cc33d 200 in 59ms (next.js: 1.7ms, proxy.ts: 3ms, application-code: 55ms)
 POST /alerts?error=This%20observation%20or%20review%20has%20changed.%20Refresh%20the%20page%20before%20reviewing%20it%20again.&id=aff46420-5162-4702-8fd4-610c259cc33d 200 in 86ms (next.js: 2ms, proxy.ts: 10ms, application-code: 73ms)
  └─ ƒ reviewWorkspaceAlertQuality({}) in 8ms src/app/actions.ts
 GET /alerts?q=QUALITY_e15dc9ef-fbc6-4b08-9b07-c39757094736 200 in 449ms (next.js: 1.9ms, proxy.ts: 2ms, application-code: 445ms)
 GET /api/auth/get-session 200 in 101ms (next.js: 52ms, proxy.ts: 4ms, application-code: 45ms)
 GET /api/auth/organization/list 200 in 127ms (next.js: 62ms, proxy.ts: 4ms, application-code: 62ms)
 GET /alerts?id=aff46420-5162-4702-8fd4-610c259cc33d 200 in 185ms (next.js: 3ms, proxy.ts: 4ms, application-code: 178ms)
 GET /api/auth/get-session 200 in 21ms (next.js: 4ms, proxy.ts: 4ms, application-code: 13ms)
 GET /api/auth/organization/list 200 in 26ms (next.js: 7ms, proxy.ts: 4ms, application-code: 16ms)
 GET /alerts?notice=Alert+quality+review+saved.&id=aff46420-5162-4702-8fd4-610c259cc33d 200 in 82ms (next.js: 4ms, proxy.ts: 4ms, application-code: 74ms)
 POST /alerts?id=aff46420-5162-4702-8fd4-610c259cc33d 200 in 115ms (next.js: 4ms, proxy.ts: 3ms, application-code: 108ms)
  └─ ƒ reviewWorkspaceAlertQuality({}) in 18ms src/app/actions.ts
 GET /alerts?id=aff46420-5162-4702-8fd4-610c259cc33d 200 in 120ms (next.js: 1.9ms, proxy.ts: 2ms, application-code: 116ms)
 GET /api/auth/get-session 200 in 66ms (next.js: 40ms, proxy.ts: 6ms, application-code: 20ms)
 GET /api/auth/organization/list 200 in 104ms (next.js: 43ms, proxy.ts: 5ms, application-code: 56ms)
 GET /alerts?notice=Alert%20quality%20review%20saved.&id=aff46420-5162-4702-8fd4-610c259cc33d 200 in 146ms (next.js: 3ms, proxy.ts: 4ms, application-code: 139ms)
  ✓   3 [chromium] › e2e/alert-quality-local.spec.ts:6:7 › alert quality en reviews a specific observation without changing workflow (3.2s)
 GET /analysis?client=e763a220-f169-43a7-ab0c-209000b9e9c7 200 in 203ms (next.js: 34ms, proxy.ts: 2ms, application-code: 167ms)
 GET /api/auth/get-session 200 in 77ms (next.js: 43ms, proxy.ts: 12ms, application-code: 22ms)
 GET /api/auth/organization/list 200 in 81ms (next.js: 47ms, proxy.ts: 12ms, application-code: 23ms)
 GET /analysis?client=e763a220-f169-43a7-ab0c-209000b9e9c7 200 in 239ms (next.js: 2.0ms, proxy.ts: 3ms, application-code: 234ms)
 GET /api/auth/get-session 200 in 106ms (next.js: 23ms, proxy.ts: 18ms, application-code: 65ms)
 GET /api/auth/organization/list 200 in 112ms (next.js: 26ms, proxy.ts: 18ms, application-code: 68ms)
 GET /analysis?client=e763a220-f169-43a7-ab0c-209000b9e9c7 200 in 267ms (next.js: 1.9ms, proxy.ts: 3ms, application-code: 262ms)
 GET /api/auth/get-session 200 in 80ms (next.js: 40ms, proxy.ts: 4ms, application-code: 36ms)
 GET /api/auth/organization/list 200 in 117ms (next.js: 44ms, proxy.ts: 4ms, application-code: 68ms)
 GET /analysis?client=e763a220-f169-43a7-ab0c-209000b9e9c7 200 in 232ms (next.js: 4ms, proxy.ts: 5ms, application-code: 224ms)
 GET /api/auth/get-session 200 in 84ms (next.js: 46ms, proxy.ts: 15ms, application-code: 24ms)
 GET /api/auth/organization/list 200 in 88ms (next.js: 49ms, proxy.ts: 15ms, application-code: 25ms)
 GET /analysis?client=e763a220-f169-43a7-ab0c-209000b9e9c7 200 in 232ms (next.js: 1.8ms, proxy.ts: 3ms, application-code: 228ms)
 GET /api/auth/get-session 200 in 72ms (next.js: 50ms, proxy.ts: 6ms, application-code: 17ms)
 GET /api/auth/organization/list 200 in 124ms (next.js: 53ms, proxy.ts: 5ms, application-code: 65ms)
 GET /analysis?client=e763a220-f169-43a7-ab0c-209000b9e9c7 200 in 236ms (next.js: 5ms, proxy.ts: 8ms, application-code: 223ms)
 GET /api/auth/get-session 200 in 20ms (next.js: 4ms, proxy.ts: 3ms, application-code: 13ms)
 GET /api/auth/organization/list 200 in 23ms (next.js: 7ms, proxy.ts: 3ms, application-code: 13ms)
 GET /analysis?client=e763a220-f169-43a7-ab0c-209000b9e9c7 200 in 184ms (next.js: 1.9ms, proxy.ts: 2ms, application-code: 180ms)
  ✓   4 [chromium] › e2e/analysis-evidence-local.spec.ts:7:7 › analysis evidence fr excludes empty and unqualified sources before first activation (2.8s)
 GET /analysis?client=3ffe3842-ffc1-48f8-8293-139b222bbfbe 200 in 135ms (next.js: 3ms, proxy.ts: 2ms, application-code: 130ms)
 GET /api/auth/get-session 200 in 93ms (next.js: 23ms, proxy.ts: 22ms, application-code: 48ms)
 GET /api/auth/organization/list 200 in 96ms (next.js: 26ms, proxy.ts: 22ms, application-code: 48ms)
 GET /analysis?client=3ffe3842-ffc1-48f8-8293-139b222bbfbe 200 in 227ms (next.js: 2ms, proxy.ts: 4ms, application-code: 221ms)
 GET /api/auth/get-session 200 in 87ms (next.js: 48ms, proxy.ts: 15ms, application-code: 24ms)
 GET /api/auth/organization/list 200 in 91ms (next.js: 50ms, proxy.ts: 15ms, application-code: 26ms)
 GET /analysis?client=3ffe3842-ffc1-48f8-8293-139b222bbfbe 200 in 240ms (next.js: 2ms, proxy.ts: 3ms, application-code: 234ms)
 GET /api/auth/get-session 200 in 80ms (next.js: 47ms, proxy.ts: 4ms, application-code: 29ms)
 GET /api/auth/organization/list 200 in 125ms (next.js: 56ms, proxy.ts: 4ms, application-code: 65ms)
 GET /analysis?client=3ffe3842-ffc1-48f8-8293-139b222bbfbe 200 in 275ms (next.js: 4ms, proxy.ts: 4ms, application-code: 267ms)
 GET / 200 in 126ms (next.js: 13ms, proxy.ts: 4ms, application-code: 110ms)
 GET /api/auth/get-session 200 in 60ms (next.js: 27ms, proxy.ts: 13ms, application-code: 20ms)
 GET /api/auth/organization/list 200 in 61ms (next.js: 11ms, proxy.ts: 13ms, application-code: 36ms)
 GET /analysis?client=3ffe3842-ffc1-48f8-8293-139b222bbfbe 200 in 383ms (next.js: 12ms, proxy.ts: 6ms, application-code: 364ms)
 GET /api/auth/get-session 200 in 138ms (next.js: 41ms, proxy.ts: 28ms, application-code: 69ms)
 GET /api/auth/organization/list 200 in 142ms (next.js: 30ms, proxy.ts: 43ms, application-code: 69ms)
 GET /analysis?client=3ffe3842-ffc1-48f8-8293-139b222bbfbe 200 in 250ms (next.js: 4ms, proxy.ts: 6ms, application-code: 240ms)
 GET /api/auth/get-session 200 in 31ms (next.js: 4ms, proxy.ts: 3ms, application-code: 24ms)
 GET /api/auth/organization/list 200 in 33ms (next.js: 10ms, proxy.ts: 3ms, application-code: 21ms)
 GET /analysis?client=3ffe3842-ffc1-48f8-8293-139b222bbfbe 200 in 252ms (next.js: 3ms, proxy.ts: 2ms, application-code: 247ms)
  ✓   5 [chromium] › e2e/analysis-evidence-local.spec.ts:7:7 › analysis evidence en excludes empty and unqualified sources before first activation (3.2s)
 GET /insights?client=80000000-0000-4000-8000-000000000091 200 in 407ms (next.js: 64ms, proxy.ts: 3ms, application-code: 341ms)
 GET /api/auth/get-session 200 in 30ms (next.js: 6ms, proxy.ts: 11ms, application-code: 14ms)
 GET /api/auth/organization/list 200 in 25ms (next.js: 10ms, proxy.ts: 4ms, application-code: 12ms)
 POST /insights?client=80000000-0000-4000-8000-000000000091 200 in 169ms (next.js: 2ms, proxy.ts: 5ms, application-code: 162ms)
  └─ ƒ setCookieConsent({}) in 3ms src/app/preferences-actions.ts
 GET /insights/devices?client=80000000-0000-4000-8000-000000000091 200 in 807ms (next.js: 689ms, proxy.ts: 4ms, application-code: 115ms)
 GET /insights/devices?client=80000000-0000-4000-8000-000000000091&cursor=eyJ2IjoxLCJpdiI6Ik5EcGlXdWdkbnMzMjdUQVciLCJ0YWciOiJOM0NsckJWc0V0LW5BOVFjTElyUllnIiwiZGF0YSI6IlRDVGJUMWQ5Yk82aXJxeGw5NFhvRzRuLXg0NjBQSFNpQVFuU0ItRDFLLVRveVFGRjhSaHBnZ1FUbi05Q2Nua3RWNVM0bWZGLUZZQ3pSN2xONk55TFZjcTExbHhNOGFZaVg0eFJoNXJGXzhOMUEyOWtJeU5rQ1o1UnoxUFVQUU5zY01KQnBMbHFyQzhrM0k2R0NucXhkaExNaVN5cTM2WFA4T1NSb2owbWVpWi01dTFoLTd2Wk10WDB2N3NDZVN0NHhSb0JTbkpWekpJdE1NZkNqZkZvdmdHZVlhd2U0cEVUM3l1SEZXQkppZnpONExjaDg5T0hzYW5uRjQtWW9fdG55TFZsT2l0Z1dBaVYifQ 200 in 120ms (next.js: 5ms, proxy.ts: 3ms, application-code: 112ms)
 GET /insights/devices?client=80000000-0000-4000-8000-000000000091&q=%25_ 200 in 251ms (next.js: 21ms, proxy.ts: 12ms, application-code: 217ms)
 GET /api/auth/get-session 200 in 40ms (next.js: 20ms, proxy.ts: 3ms, application-code: 17ms)
 GET /api/auth/organization/list 200 in 44ms (next.js: 6ms, proxy.ts: 4ms, application-code: 34ms)
 GET /insights/devices/export?client=80000000-0000-4000-8000-000000000091&version=c59aafd0-a524-4d7b-9d9d-31b6098108e6 200 in 770ms (next.js: 732ms, proxy.ts: 2ms, application-code: 36ms)
 GET /insights/devices?client=80000000-0000-4000-8000-000000000091&cursor=eyJ2IjoxLCJpdiI6Ik5EcGlXdWdkbnMzMjdUQVciLCJ0YWciOiJOM0NsckJWc0V0LW5BOVFjTElyUllnIiwiZGF0YSI6IlRDVGJUMWQ5Yk82aXJxeGw5NFhvRzRuLXg0NjBQSFNpQVFuU0ItRDFLLVRveVFGRjhSaHBnZ1FUbi05Q2Nua3RWNVM0bWZGLUZZQ3pSN2xONk55TFZjcTExbHhNOGFZaVg0eFJoNXJGXzhOMUEyOWtJeU5rQ1o1UnoxUFVQUU5zY01KQnBMbHFyQzhrM0k2R0NucXhkaExNaVN5cTM2WFA4T1NSb2owbWVpWi01dTFoLTd2Wk10WDB2N3NDZVN0NHhSb0JTbkpWekpJdE1NZkNqZkZvdmdHZVlhd2U0cEVUM3l1SEZXQkppZnpONExjaDg5T0hzYW5uRjQtWW9fdG55TFZsT2l0Z1dBaVYifQ 200 in 142ms (next.js: 4ms, proxy.ts: 2ms, application-code: 135ms)
 GET /api/auth/get-session 200 in 42ms (next.js: 22ms, proxy.ts: 8ms, application-code: 12ms)
 GET /api/auth/organization/list 200 in 48ms (next.js: 23ms, proxy.ts: 10ms, application-code: 15ms)
 GET /insights/devices/export?client=80000000-0000-4000-8000-000000000091&version=c59aafd0-a524-4d7b-9d9d-31b6098108e6 409 in 18ms (next.js: 4ms, proxy.ts: 2ms, application-code: 11ms)
 GET /insights/devices?client=80000000-0000-4000-8000-000000000091&cursor=forged 200 in 175ms (next.js: 4ms, proxy.ts: 2ms, application-code: 169ms)
 GET /api/auth/get-session 200 in 109ms (next.js: 15ms, proxy.ts: 17ms, application-code: 77ms)
 GET /api/auth/organization/list 200 in 105ms (next.js: 4ms, proxy.ts: 13ms, application-code: 88ms)
 GET /insights/devices?client=80000000-0000-4000-8000-000000000099 404 in 194ms (next.js: 22ms, proxy.ts: 7ms, application-code: 165ms)
 GET /api/auth/get-session 200 in 30ms (next.js: 7ms, proxy.ts: 7ms, application-code: 16ms)
 GET /api/auth/organization/list 200 in 33ms (next.js: 10ms, proxy.ts: 5ms, application-code: 18ms)
 GET /insights/devices/export?client=80000000-0000-4000-8000-000000000099&version=c59aafd0-a524-4d7b-9d9d-31b6098108e6 404 in 37ms (next.js: 14ms, proxy.ts: 5ms, application-code: 19ms)
 GET /insights/devices/export?client=80000000-0000-4000-8000-000000000091&version=c59aafd0-a524-4d7b-9d9d-31b6098108e6 403 in 10ms (next.js: 3ms, proxy.ts: 2ms, application-code: 4ms)
  ✓   6 [chromium] › e2e/analytical-pages-local.spec.ts:15:53 › complete analytical collections › browses, searches and exports all stored rows in fr (5.0s)
 GET /insights?client=80000000-0000-4000-8000-000000000091 200 in 375ms (next.js: 4ms, proxy.ts: 3ms, application-code: 367ms)
 GET /api/auth/get-session 200 in 23ms (next.js: 6ms, proxy.ts: 3ms, application-code: 13ms)
 GET /api/auth/organization/list 200 in 33ms (next.js: 11ms, proxy.ts: 3ms, application-code: 19ms)
 POST /insights?client=80000000-0000-4000-8000-000000000091 200 in 287ms (next.js: 5ms, proxy.ts: 3ms, application-code: 279ms)
  └─ ƒ setCookieConsent({}) in 2ms src/app/preferences-actions.ts
 GET /insights/devices?client=80000000-0000-4000-8000-000000000091 200 in 225ms (next.js: 11ms, proxy.ts: 6ms, application-code: 208ms)
 GET /insights/devices?client=80000000-0000-4000-8000-000000000091&cursor=eyJ2IjoxLCJpdiI6IkM2Z0RCVzVJSEVFWEpYMzgiLCJ0YWciOiJhZGg5SG1nZXhVbkwyU3diaXZQQ3hBIiwiZGF0YSI6IngyaUVxWjh4NUlHM0I3azhkclZvRkduaEhEWk5BY3ZPNUpLQlQ1bzhXa3IzT0hvTWpSSnRaN3NIUXJMc3ZsNm9LbUFSMUhtMjNYQjNLWm9CRDhLdVpsdWJta1kzOHo5Y09ZLVZfaUZELWpKblRFbHFhaHNmbkIyYnRYT3UxcHQ3UmROLUZKOWtUdzUwWEVtcXo5NUV2V1p5RjJrcGp6WHRCS2lhdzd3bHNqUzYzYXpWYlZ4VjI5Z05vNi1JUlhiYVpzSnB4THlCamZkZjl5ZE9PTWh1aU5wSU1MMjgzbWV4bFFSaEw1T0szNldoT0k1MXJYU004dnlhOEJXWWtsQjVhZ3pzby1oY08tTWUifQ 200 in 160ms (next.js: 8ms, proxy.ts: 5ms, application-code: 147ms)
 GET /insights/devices?client=80000000-0000-4000-8000-000000000091&q=%25_ 200 in 145ms (next.js: 4ms, proxy.ts: 2ms, application-code: 139ms)
 GET /api/auth/get-session 200 in 28ms (next.js: 7ms, proxy.ts: 3ms, application-code: 18ms)
 GET /api/auth/organization/list 200 in 34ms (next.js: 13ms, proxy.ts: 3ms, application-code: 18ms)
 GET /insights/devices/export?client=80000000-0000-4000-8000-000000000091&version=08524f13-7b6d-4ffc-a072-840605c3b6ba 200 in 20ms (next.js: 4ms, proxy.ts: 2ms, application-code: 14ms)
 GET /insights/devices?client=80000000-0000-4000-8000-000000000091&cursor=eyJ2IjoxLCJpdiI6IkM2Z0RCVzVJSEVFWEpYMzgiLCJ0YWciOiJhZGg5SG1nZXhVbkwyU3diaXZQQ3hBIiwiZGF0YSI6IngyaUVxWjh4NUlHM0I3azhkclZvRkduaEhEWk5BY3ZPNUpLQlQ1bzhXa3IzT0hvTWpSSnRaN3NIUXJMc3ZsNm9LbUFSMUhtMjNYQjNLWm9CRDhLdVpsdWJta1kzOHo5Y09ZLVZfaUZELWpKblRFbHFhaHNmbkIyYnRYT3UxcHQ3UmROLUZKOWtUdzUwWEVtcXo5NUV2V1p5RjJrcGp6WHRCS2lhdzd3bHNqUzYzYXpWYlZ4VjI5Z05vNi1JUlhiYVpzSnB4THlCamZkZjl5ZE9PTWh1aU5wSU1MMjgzbWV4bFFSaEw1T0szNldoT0k1MXJYU004dnlhOEJXWWtsQjVhZ3pzby1oY08tTWUifQ 200 in 174ms (next.js: 4ms, proxy.ts: 5ms, application-code: 166ms)
 GET /api/auth/get-session 200 in 26ms (next.js: 9ms, proxy.ts: 5ms, application-code: 12ms)
 GET /insights/devices/export?client=80000000-0000-4000-8000-000000000091&version=08524f13-7b6d-4ffc-a072-840605c3b6ba 409 in 42ms (next.js: 3ms, proxy.ts: 3ms, application-code: 35ms)
 GET /api/auth/organization/list 200 in 32ms (next.js: 13ms, proxy.ts: 5ms, application-code: 14ms)
 GET /insights/devices?client=80000000-0000-4000-8000-000000000091&cursor=forged 200 in 204ms (next.js: 5ms, proxy.ts: 3ms, application-code: 196ms)
 GET /api/auth/get-session 200 in 116ms (next.js: 56ms, proxy.ts: 21ms, application-code: 39ms)
 GET /api/auth/organization/list 200 in 113ms (next.js: 60ms, proxy.ts: 12ms, application-code: 40ms)
 GET /insights/devices?client=80000000-0000-4000-8000-000000000099 404 in 174ms (next.js: 4ms, proxy.ts: 4ms, application-code: 167ms)
 GET /insights/devices/export?client=80000000-0000-4000-8000-000000000099&version=08524f13-7b6d-4ffc-a072-840605c3b6ba 404 in 23ms (next.js: 6ms, proxy.ts: 5ms, application-code: 12ms)
 GET /insights/devices/export?client=80000000-0000-4000-8000-000000000091&version=08524f13-7b6d-4ffc-a072-840605c3b6ba 403 in 11ms (next.js: 3ms, proxy.ts: 3ms, application-code: 4ms)
  ✓   7 [chromium] › e2e/analytical-pages-local.spec.ts:15:53 › complete analytical collections › browses, searches and exports all stored rows in en (3.0s)
 GET /account 307 in 118ms (next.js: 53ms, proxy.ts: 2ms, application-code: 63ms)
 GET /sign-in?returnTo=%2Faccount 200 in 40ms (next.js: 4ms, proxy.ts: 1.6ms, application-code: 34ms)
 GET /account 200 in 86ms (next.js: 2ms, proxy.ts: 3ms, application-code: 81ms)
 GET /api/auth/get-session 200 in 31ms (next.js: 8ms, proxy.ts: 4ms, application-code: 19ms)
 GET /api/auth/organization/list 200 in 33ms (next.js: 14ms, proxy.ts: 4ms, application-code: 15ms)
 GET /api/auth/passkey/list-user-passkeys 200 in 34ms (next.js: 17ms, proxy.ts: 4ms, application-code: 13ms)
 GET /account 200 in 43ms (next.js: 2ms, proxy.ts: 3ms, application-code: 38ms)
 GET /api/auth/organization/list 200 in 27ms (next.js: 11ms, proxy.ts: 5ms, application-code: 11ms)
 GET /api/auth/get-session 200 in 30ms (next.js: 6ms, proxy.ts: 6ms, application-code: 18ms)
 GET /api/auth/passkey/list-user-passkeys 200 in 30ms (next.js: 13ms, proxy.ts: 5ms, application-code: 12ms)
 GET /account 200 in 54ms (next.js: 2ms, proxy.ts: 3ms, application-code: 49ms)
 GET /api/auth/get-session 200 in 27ms (next.js: 7ms, proxy.ts: 5ms, application-code: 15ms)
 GET /api/auth/organization/list 200 in 28ms (next.js: 11ms, proxy.ts: 5ms, application-code: 12ms)
 GET /api/auth/passkey/list-user-passkeys 200 in 28ms (next.js: 14ms, proxy.ts: 5ms, application-code: 10ms)
 GET /account 200 in 43ms (next.js: 2ms, proxy.ts: 3ms, application-code: 38ms)
 GET /api/auth/organization/list 200 in 25ms (next.js: 10ms, proxy.ts: 4ms, application-code: 11ms)
 GET /api/auth/get-session 200 in 26ms (next.js: 6ms, proxy.ts: 4ms, application-code: 17ms)
 GET /api/auth/passkey/list-user-passkeys 200 in 28ms (next.js: 13ms, proxy.ts: 5ms, application-code: 10ms)
 GET /account 200 in 51ms (next.js: 1.8ms, proxy.ts: 2ms, application-code: 47ms)
 GET /api/auth/get-session 200 in 50ms (next.js: 11ms, proxy.ts: 9ms, application-code: 30ms)
 GET /api/auth/organization/list 200 in 53ms (next.js: 16ms, proxy.ts: 10ms, application-code: 27ms)
 GET /api/auth/passkey/list-user-passkeys 200 in 50ms (next.js: 21ms, proxy.ts: 6ms, application-code: 23ms)
  ✓   8 [chromium] › e2e/auth-lifecycle-local.spec.ts:58:7 › personal account security is available to all five workspace roles (2.4s)
 GET /sign-up 200 in 41ms (next.js: 9ms, proxy.ts: 3ms, application-code: 29ms)
 POST /api/auth/sign-up/email 200 in 111ms (next.js: 6ms, proxy.ts: 4ms, application-code: 101ms)
 GET /api/auth/get-session 200 in 10ms (next.js: 2ms, proxy.ts: 3ms, application-code: 5ms)
 GET /sign-in 200 in 49ms (next.js: 4ms, proxy.ts: 3ms, application-code: 43ms)
 POST /api/auth/sign-in/email 403 in 108ms (next.js: 7ms, proxy.ts: 5ms, application-code: 96ms)
 GET /api/auth/get-session 200 in 12ms (next.js: 4ms, proxy.ts: 2ms, application-code: 6ms)
 GET /api/auth/verify-email?token=[REDACTED]&callbackURL=%2Fdashboard 302 in 13ms (next.js: 3ms, proxy.ts: 2ms, application-code: 8ms)
 GET /dashboard 307 in 56ms (next.js: 5ms, proxy.ts: 2ms, application-code: 50ms)
 GET /sign-in 200 in 37ms (next.js: 4ms, proxy.ts: 3ms, application-code: 30ms)
 GET /sign-in 200 in 45ms (next.js: 5ms, proxy.ts: 5ms, application-code: 36ms)
 POST /api/auth/sign-in/email 200 in 101ms (next.js: 13ms, proxy.ts: 3ms, application-code: 84ms)
 GET /dashboard 307 in 64ms (next.js: 2ms, proxy.ts: 2.0ms, application-code: 59ms)
 GET /onboarding 200 in 87ms (next.js: 34ms, proxy.ts: 3ms, application-code: 49ms)
 GET /settings 200 in 88ms (next.js: 3ms, proxy.ts: 1.9ms, application-code: 83ms)
 POST /onboarding 200 in 118ms (next.js: 2ms, proxy.ts: 2ms, application-code: 113ms)
  └─ ƒ createWorkspace({}) in 13ms src/app/onboarding/actions.ts
 GET /api/auth/get-session 200 in 27ms (next.js: 6ms, proxy.ts: 3ms, application-code: 18ms)
 GET /api/auth/organization/list 200 in 33ms (next.js: 9ms, proxy.ts: 4ms, application-code: 20ms)
 GET /api/auth/get-session 200 in 24ms (next.js: 9ms, proxy.ts: 7ms, application-code: 7ms)
 GET /sign-in 200 in 45ms (next.js: 4ms, proxy.ts: 3ms, application-code: 38ms)
 POST /api/auth/sign-in/magic-link 200 in 26ms (next.js: 4ms, proxy.ts: 4ms, application-code: 18ms)
 GET /api/auth/magic-link/verify?token=[REDACTED]&callbackURL=%2Fdashboard&errorCallbackURL=http%3A%2F%2Flocalhost%3A3017%2Fsign-in 302 in 18ms (next.js: 2ms, proxy.ts: 2ms, application-code: 13ms)
 GET /dashboard 200 in 132ms (next.js: 2.0ms, proxy.ts: 1.7ms, application-code: 129ms)
 GET /api/auth/get-session 200 in 97ms (next.js: 8ms, proxy.ts: 17ms, application-code: 73ms)
 GET /api/auth/get-session 200 in 75ms (next.js: 27ms, proxy.ts: 34ms, application-code: 14ms)
 GET /api/auth/organization/list 200 in 81ms (next.js: 20ms, proxy.ts: 32ms, application-code: 30ms)
 GET /api/auth/magic-link/verify?token=[REDACTED]&callbackURL=%2Fdashboard&errorCallbackURL=http%3A%2F%2Flocalhost%3A3017%2Fsign-in 302 in 13ms (next.js: 3ms, proxy.ts: 4ms, application-code: 7ms)
 GET /sign-in?error=INVALID_TOKEN 200 in 70ms (next.js: 6ms, proxy.ts: 2ms, application-code: 62ms)
 GET /api/auth/get-session 200 in 17ms (next.js: 5ms, proxy.ts: 5ms, application-code: 7ms)
 GET /forgot-password 200 in 99ms (next.js: 32ms, proxy.ts: 5ms, application-code: 62ms)
 POST /api/auth/request-password-reset 200 in 21ms (next.js: 5ms, proxy.ts: 4ms, application-code: 11ms)
 GET /api/auth/reset-password/[REDACTED]?callbackURL=%2Freset-password 302 in 12ms (next.js: 3ms, proxy.ts: 2ms, application-code: 7ms)
 GET /reset-password?token=[REDACTED] 200 in 52ms (next.js: 20ms, proxy.ts: 1.7ms, application-code: 30ms)
 POST /api/auth/reset-password 200 in 88ms (next.js: 2ms, proxy.ts: 3ms, application-code: 83ms)
 GET /api/auth/get-session 200 in 20ms (next.js: 4ms, proxy.ts: 5ms, application-code: 11ms)
 GET /api/auth/get-session 200 in 22ms (next.js: 3ms, proxy.ts: 2ms, application-code: 17ms)
 GET /api/auth/reset-password/[REDACTED]?callbackURL=%2Freset-password 302 in 16ms (next.js: 2.0ms, proxy.ts: 1.8ms, application-code: 12ms)
 GET /reset-password?error=INVALID_TOKEN 200 in 35ms (next.js: 1.9ms, proxy.ts: 1.9ms, application-code: 31ms)
 GET /sign-in 200 in 42ms (next.js: 6ms, proxy.ts: 3ms, application-code: 34ms)
2026-09-07T10:41:24.074Z WARN [Better Auth]: Invalid password
 POST /api/auth/sign-in/email 401 in 92ms (next.js: 5ms, proxy.ts: 4ms, application-code: 83ms)
 GET /api/auth/get-session 200 in 10ms (next.js: 2ms, proxy.ts: 2ms, application-code: 5ms)
 GET /sign-in 200 in 39ms (next.js: 4ms, proxy.ts: 1.9ms, application-code: 33ms)
 POST /api/auth/sign-in/email 200 in 109ms (next.js: 6ms, proxy.ts: 4ms, application-code: 99ms)
 GET /dashboard 200 in 128ms (next.js: 3ms, proxy.ts: 3ms, application-code: 122ms)
 GET /sign-in 200 in 69ms (next.js: 4ms, proxy.ts: 3ms, application-code: 62ms)
 GET /api/auth/get-session 200 in 76ms (next.js: 26ms, proxy.ts: 13ms, application-code: 37ms)
 GET /api/auth/organization/list 200 in 81ms (next.js: 28ms, proxy.ts: 17ms, application-code: 36ms)
 POST /api/auth/sign-in/email 200 in 95ms (next.js: 3ms, proxy.ts: 3ms, application-code: 89ms)
 GET /dashboard 200 in 19ms (next.js: 1.8ms, proxy.ts: 2ms, application-code: 15ms)
 GET /dashboard 200 in 197ms (next.js: 4ms, proxy.ts: 12ms, application-code: 180ms)
 GET /account 200 in 88ms (next.js: 4ms, proxy.ts: 4ms, application-code: 80ms)
 GET /api/auth/get-session 200 in 42ms (next.js: 9ms, proxy.ts: 12ms, application-code: 21ms)
 GET /api/auth/organization/list 200 in 47ms (next.js: 13ms, proxy.ts: 12ms, application-code: 22ms)
 GET /api/auth/get-session 200 in 25ms (next.js: 10ms, proxy.ts: 4ms, application-code: 11ms)
 GET /api/auth/organization/list 200 in 33ms (next.js: 12ms, proxy.ts: 5ms, application-code: 16ms)
 GET /api/auth/passkey/list-user-passkeys 200 in 31ms (next.js: 16ms, proxy.ts: 4ms, application-code: 10ms)
 POST /api/auth/revoke-other-sessions 200 in 16ms (next.js: 4ms, proxy.ts: 4ms, application-code: 8ms)
 GET /api/auth/get-session 200 in 25ms (next.js: 13ms, proxy.ts: 3ms, application-code: 9ms)
 GET /api/auth/get-session 200 in 27ms (next.js: 6ms, proxy.ts: 13ms, application-code: 8ms)
 GET /api/auth/get-session 200 in 9ms (next.js: 2.0ms, proxy.ts: 1.7ms, application-code: 5ms)
 GET /api/auth/passkey/generate-register-options?authenticatorAttachment=platform&name=Passkey%20Ads%20by%20Yodev 200 in 19ms (next.js: 4ms, proxy.ts: 3ms, application-code: 12ms)
 POST /api/auth/passkey/verify-registration 200 in 17ms (next.js: 2ms, proxy.ts: 2ms, application-code: 12ms)
 GET /api/auth/passkey/list-user-passkeys 200 in 11ms (next.js: 2ms, proxy.ts: 1.9ms, application-code: 6ms)
 GET /api/auth/passkey/list-user-passkeys 200 in 11ms (next.js: 1.7ms, proxy.ts: 3ms, application-code: 6ms)
 POST /api/auth/passkey/delete-passkey 401 in 10ms (next.js: 1.8ms, proxy.ts: 1.9ms, application-code: 6ms)
 POST /api/auth/sign-out 200 in 9ms (next.js: 1.7ms, proxy.ts: 1.8ms, application-code: 5ms)
 GET /sign-in 200 in 33ms (next.js: 3ms, proxy.ts: 1.4ms, application-code: 28ms)
 GET /api/auth/passkey/generate-authenticate-options 200 in 15ms (next.js: 3ms, proxy.ts: 3ms, application-code: 9ms)
 POST /api/auth/passkey/verify-authentication 200 in 49ms (next.js: 11ms, proxy.ts: 6ms, application-code: 32ms)
 GET /dashboard 200 in 116ms (next.js: 2ms, proxy.ts: 3ms, application-code: 111ms)
 GET /api/auth/get-session 200 in 12ms (next.js: 2ms, proxy.ts: 2ms, application-code: 8ms)
 GET /api/auth/organization/list 200 in 40ms (next.js: 12ms, proxy.ts: 25ms, application-code: 3ms)
 GET /api/auth/get-session 200 in 48ms (next.js: 8ms, proxy.ts: 31ms, application-code: 10ms)
 GET /account 200 in 78ms (next.js: 2ms, proxy.ts: 1.7ms, application-code: 74ms)
 GET /api/auth/get-session 200 in 44ms (next.js: 9ms, proxy.ts: 9ms, application-code: 26ms)
 GET /api/auth/organization/list 200 in 47ms (next.js: 19ms, proxy.ts: 11ms, application-code: 17ms)
 GET /api/auth/passkey/list-user-passkeys 200 in 49ms (next.js: 22ms, proxy.ts: 9ms, application-code: 18ms)
 POST /api/auth/passkey/delete-passkey 200 in 23ms (next.js: 8ms, proxy.ts: 5ms, application-code: 10ms)
 POST /api/auth/sign-out 200 in 18ms (next.js: 4ms, proxy.ts: 4ms, application-code: 10ms)
 GET /api/auth/passkey/list-user-passkeys 401 in 28ms (next.js: 5ms, proxy.ts: 10ms, application-code: 13ms)
 GET /sign-in 200 in 65ms (next.js: 5ms, proxy.ts: 7ms, application-code: 53ms)
 GET /api/auth/passkey/generate-authenticate-options 200 in 17ms (next.js: 4ms, proxy.ts: 7ms, application-code: 7ms)
 POST /api/auth/passkey/verify-authentication 401 in 24ms (next.js: 5ms, proxy.ts: 6ms, application-code: 13ms)
 GET /api/auth/get-session 200 in 30ms (next.js: 6ms, proxy.ts: 9ms, application-code: 15ms)
 POST /api/auth/sign-in/magic-link 200 in 21ms (next.js: 6ms, proxy.ts: 5ms, application-code: 11ms)
 GET /api/auth/magic-link/verify?token=[REDACTED]&callbackURL=%2Fdashboard&errorCallbackURL=http%3A%2F%2Flocalhost%3A3017%2Fsign-in 302 in 16ms (next.js: 6ms, proxy.ts: 2ms, application-code: 8ms)
 GET /dashboard 200 in 115ms (next.js: 2ms, proxy.ts: 1.7ms, application-code: 111ms)
 GET /api/auth/get-session 200 in 69ms (next.js: 32ms, proxy.ts: 21ms, application-code: 15ms)
 GET /api/auth/organization/list 200 in 70ms (next.js: 36ms, proxy.ts: 20ms, application-code: 14ms)
 GET /invitation?id=a0fb0d2e-155e-43f1-bec4-3988098dd1ab 200 in 114ms (next.js: 50ms, proxy.ts: 4ms, application-code: 60ms)
 GET /api/auth/get-session 200 in 23ms (next.js: 5ms, proxy.ts: 4ms, application-code: 14ms)
 POST /api/auth/organization/accept-invitation 403 in 15ms (next.js: 3ms, proxy.ts: 3ms, application-code: 10ms)
 POST /invitation?id=a0fb0d2e-155e-43f1-bec4-3988098dd1ab 200 in 19ms (next.js: 2ms, proxy.ts: 2ms, application-code: 14ms)
  └─ ƒ recoverAcceptedInvitation("a0fb0d2e-155e-43f1-bec4-3988098dd1ab") in 7ms src/app/invitation/actions.ts
 GET /invitation?id=23125496-10f9-4fe7-bd0f-3d5c21468bc4 200 in 34ms (next.js: 1.7ms, proxy.ts: 2ms, application-code: 30ms)
 GET /api/auth/get-session 200 in 12ms (next.js: 2ms, proxy.ts: 4ms, application-code: 6ms)
 POST /api/auth/organization/accept-invitation 400 in 15ms (next.js: 3ms, proxy.ts: 3ms, application-code: 9ms)
 POST /invitation?id=23125496-10f9-4fe7-bd0f-3d5c21468bc4 200 in 19ms (next.js: 2ms, proxy.ts: 2ms, application-code: 14ms)
  └─ ƒ recoverAcceptedInvitation("23125496-10f9-4fe7-bd0f-3d5c21468bc4") in 5ms src/app/invitation/actions.ts
 GET /invitation?id=b9a2a533-60d8-4ad1-b9e5-aeb73e34173b 200 in 54ms (next.js: 2ms, proxy.ts: 3ms, application-code: 49ms)
 GET /api/auth/get-session 200 in 24ms (next.js: 4ms, proxy.ts: 13ms, application-code: 7ms)
 POST /api/auth/organization/accept-invitation 400 in 17ms (next.js: 4ms, proxy.ts: 3ms, application-code: 9ms)
 POST /invitation?id=b9a2a533-60d8-4ad1-b9e5-aeb73e34173b 200 in 16ms (next.js: 2ms, proxy.ts: 1.9ms, application-code: 12ms)
  └─ ƒ recoverAcceptedInvitation("b9a2a533-60d8-4ad1-b9e5-aeb73e34173b") in 5ms src/app/invitation/actions.ts
 GET /invitation?id=1c39a3ad-1184-462b-be0d-9f9a16428045 200 in 32ms (next.js: 1.9ms, proxy.ts: 2ms, application-code: 28ms)
 GET /api/auth/get-session 200 in 11ms (next.js: 2ms, proxy.ts: 3ms, application-code: 5ms)
 GET /sign-in?returnTo=%2Finvitation%3Fid%3D1c39a3ad-1184-462b-be0d-9f9a16428045 200 in 27ms (next.js: 6ms, proxy.ts: 2ms, application-code: 19ms)
 POST /api/auth/sign-in/magic-link 200 in 22ms (next.js: 5ms, proxy.ts: 4ms, application-code: 12ms)
 GET /api/auth/magic-link/verify?token=[REDACTED]&callbackURL=%2Finvitation%3Fid%3D1c39a3ad-1184-462b-be0d-9f9a16428045&errorCallbackURL=http%3A%2F%2Flocalhost%3A3017%2Fsign-in%3FreturnTo%3D%252Finvitation%253Fid%253D1c39a3ad-1184-462b-be0d-9f9a16428045 302 in 33ms (next.js: 4ms, proxy.ts: 3ms, application-code: 26ms)
 GET /invitation?id=1c39a3ad-1184-462b-be0d-9f9a16428045 200 in 39ms (next.js: 4ms, proxy.ts: 3ms, application-code: 33ms)
 GET /api/auth/get-session 200 in 14ms (next.js: 5ms, proxy.ts: 3ms, application-code: 7ms)
 POST /api/auth/organization/accept-invitation 403 in 19ms (next.js: 3ms, proxy.ts: 3ms, application-code: 14ms)
 POST /invitation?id=1c39a3ad-1184-462b-be0d-9f9a16428045 200 in 19ms (next.js: 3ms, proxy.ts: 4ms, application-code: 12ms)
  └─ ƒ recoverAcceptedInvitation("1c39a3ad-1184-462b-be0d-9f9a16428045") in 7ms src/app/invitation/actions.ts
 POST /api/auth/organization/accept-invitation 200 in 20ms (next.js: 3ms, proxy.ts: 2ms, application-code: 15ms)
 POST /invitation?id=1c39a3ad-1184-462b-be0d-9f9a16428045 200 in 15ms (next.js: 1.9ms, proxy.ts: 2ms, application-code: 11ms)
  └─ ƒ recoverAcceptedInvitation("1c39a3ad-1184-462b-be0d-9f9a16428045") in 5ms src/app/invitation/actions.ts
 POST /api/auth/organization/set-active 200 in 15ms (next.js: 2ms, proxy.ts: 3ms, application-code: 10ms)
 GET /api/auth/get-session 200 in 97ms (next.js: 53ms, proxy.ts: 12ms, application-code: 32ms)
 GET /dashboard 200 in 158ms (next.js: 2ms, proxy.ts: 1.9ms, application-code: 154ms)
 GET /api/auth/get-session 200 in 19ms (next.js: 4ms, proxy.ts: 3ms, application-code: 11ms)
 GET /api/auth/get-session 200 in 25ms (next.js: 5ms, proxy.ts: 4ms, application-code: 16ms)
 GET /api/auth/organization/list 200 in 27ms (next.js: 9ms, proxy.ts: 5ms, application-code: 13ms)
 GET /invitation?id=1c39a3ad-1184-462b-be0d-9f9a16428045 200 in 39ms (next.js: 4ms, proxy.ts: 3ms, application-code: 32ms)
 GET /api/auth/get-session 200 in 13ms (next.js: 3ms, proxy.ts: 3ms, application-code: 6ms)
 POST /api/auth/organization/accept-invitation 400 in 27ms (next.js: 4ms, proxy.ts: 12ms, application-code: 12ms)
 POST /invitation?id=1c39a3ad-1184-462b-be0d-9f9a16428045 200 in 19ms (next.js: 2.0ms, proxy.ts: 2ms, application-code: 14ms)
  └─ ƒ recoverAcceptedInvitation("1c39a3ad-1184-462b-be0d-9f9a16428045") in 7ms src/app/invitation/actions.ts
 POST /api/auth/organization/set-active 200 in 16ms (next.js: 3ms, proxy.ts: 2ms, application-code: 10ms)
 GET /api/auth/get-session 200 in 80ms (next.js: 21ms, proxy.ts: 21ms, application-code: 38ms)
 GET /dashboard 200 in 127ms (next.js: 4ms, proxy.ts: 2ms, application-code: 122ms)
 GET /invitation?id=1c39a3ad-1184-462b-be0d-9f9a16428045 200 in 96ms (next.js: 3ms, proxy.ts: 4ms, application-code: 89ms)
 GET /api/auth/get-session 200 in 21ms (next.js: 3ms, proxy.ts: 3ms, application-code: 14ms)
 POST /api/auth/organization/accept-invitation 400 in 18ms (next.js: 5ms, proxy.ts: 4ms, application-code: 9ms)
 POST /invitation?id=1c39a3ad-1184-462b-be0d-9f9a16428045 200 in 22ms (next.js: 3ms, proxy.ts: 2ms, application-code: 16ms)
  └─ ƒ recoverAcceptedInvitation("1c39a3ad-1184-462b-be0d-9f9a16428045") in 8ms src/app/invitation/actions.ts
 GET /dashboard 307 in 67ms (next.js: 4ms, proxy.ts: 1.9ms, application-code: 61ms)
 GET /onboarding 307 in 52ms (next.js: 3ms, proxy.ts: 2ms, application-code: 47ms)
 GET /dashboard 200 in 110ms (next.js: 1.9ms, proxy.ts: 1.9ms, application-code: 107ms)
 GET /api/auth/get-session 200 in 19ms (next.js: 4ms, proxy.ts: 4ms, application-code: 10ms)
 GET /api/auth/get-session 200 in 77ms (next.js: 27ms, proxy.ts: 25ms, application-code: 25ms)
 GET /api/auth/organization/list 200 in 78ms (next.js: 30ms, proxy.ts: 25ms, application-code: 23ms)
 GET /dashboard 307 in 119ms (next.js: 3ms, proxy.ts: 5ms, application-code: 111ms)
 GET /onboarding 200 in 55ms (next.js: 4ms, proxy.ts: 3ms, application-code: 48ms)
 GET /api/auth/get-session 200 in 13ms (next.js: 2ms, proxy.ts: 4ms, application-code: 7ms)
 GET /account 200 in 44ms (next.js: 2ms, proxy.ts: 2ms, application-code: 39ms)
 GET /api/auth/get-session 200 in 31ms (next.js: 5ms, proxy.ts: 6ms, application-code: 20ms)
 GET /api/auth/passkey/list-user-passkeys 200 in 47ms (next.js: 9ms, proxy.ts: 5ms, application-code: 33ms)
 GET /api/auth/organization/list 200 in 48ms (next.js: 12ms, proxy.ts: 5ms, application-code: 31ms)
 POST /api/auth/sign-out 200 in 32ms (next.js: 3ms, proxy.ts: 21ms, application-code: 7ms)
 GET /api/auth/get-session 200 in 34ms (next.js: 7ms, proxy.ts: 20ms, application-code: 7ms)
 GET /sign-in 200 in 65ms (next.js: 5ms, proxy.ts: 2ms, application-code: 57ms)
 GET /api/auth/get-session 200 in 15ms (next.js: 5ms, proxy.ts: 3ms, application-code: 8ms)
  ✓   9 [chromium] › e2e/auth-lifecycle-local.spec.ts:85:9 › auth lifecycle fr: verification, magic link, reset, sessions and passkey (13.5s)
 GET /sign-up 200 in 52ms (next.js: 5ms, proxy.ts: 3ms, application-code: 44ms)
 POST /api/auth/sign-up/email 200 in 97ms (next.js: 3ms, proxy.ts: 4ms, application-code: 90ms)
 GET /api/auth/get-session 200 in 13ms (next.js: 4ms, proxy.ts: 3ms, application-code: 6ms)
 GET /sign-in 200 in 47ms (next.js: 4ms, proxy.ts: 1.7ms, application-code: 41ms)
 POST /api/auth/sign-in/email 403 in 93ms (next.js: 4ms, proxy.ts: 3ms, application-code: 86ms)
 GET /api/auth/get-session 200 in 10ms (next.js: 3ms, proxy.ts: 2.0ms, application-code: 6ms)
 GET /api/auth/verify-email?token=[REDACTED]&callbackURL=%2Fdashboard 302 in 11ms (next.js: 3ms, proxy.ts: 2ms, application-code: 7ms)
 GET /dashboard 307 in 50ms (next.js: 2ms, proxy.ts: 1.6ms, application-code: 46ms)
 GET /sign-in 200 in 36ms (next.js: 4ms, proxy.ts: 2ms, application-code: 30ms)
 GET /sign-in 200 in 67ms (next.js: 5ms, proxy.ts: 5ms, application-code: 57ms)
 POST /api/auth/sign-in/email 200 in 86ms (next.js: 4ms, proxy.ts: 3ms, application-code: 79ms)
 GET /dashboard 307 in 59ms (next.js: 2ms, proxy.ts: 1.7ms, application-code: 55ms)
 GET /onboarding 200 in 46ms (next.js: 2ms, proxy.ts: 3ms, application-code: 41ms)
 GET /settings 200 in 96ms (next.js: 5ms, proxy.ts: 1.8ms, application-code: 90ms)
 POST /onboarding 200 in 122ms (next.js: 1.8ms, proxy.ts: 2ms, application-code: 118ms)
  └─ ƒ createWorkspace({}) in 13ms src/app/onboarding/actions.ts
 GET /api/auth/get-session 200 in 30ms (next.js: 4ms, proxy.ts: 3ms, application-code: 23ms)
 GET /api/auth/organization/list 200 in 39ms (next.js: 8ms, proxy.ts: 3ms, application-code: 28ms)
 GET /api/auth/get-session 200 in 32ms (next.js: 18ms, proxy.ts: 6ms, application-code: 8ms)
 GET /sign-in 200 in 44ms (next.js: 4ms, proxy.ts: 4ms, application-code: 37ms)
 POST /api/auth/sign-in/magic-link 200 in 22ms (next.js: 5ms, proxy.ts: 3ms, application-code: 14ms)
 GET /api/auth/magic-link/verify?token=[REDACTED]&callbackURL=%2Fdashboard&errorCallbackURL=http%3A%2F%2Flocalhost%3A3017%2Fsign-in 302 in 15ms (next.js: 3ms, proxy.ts: 2ms, application-code: 10ms)
 GET /dashboard 200 in 120ms (next.js: 2ms, proxy.ts: 1.9ms, application-code: 116ms)
 GET /api/auth/get-session 200 in 13ms (next.js: 3ms, proxy.ts: 2ms, application-code: 8ms)
 GET /api/auth/get-session 200 in 53ms (next.js: 11ms, proxy.ts: 13ms, application-code: 30ms)
 GET /api/auth/organization/list 200 in 53ms (next.js: 19ms, proxy.ts: 9ms, application-code: 24ms)
 GET /api/auth/magic-link/verify?token=[REDACTED]&callbackURL=%2Fdashboard&errorCallbackURL=http%3A%2F%2Flocalhost%3A3017%2Fsign-in 302 in 25ms (next.js: 9ms, proxy.ts: 6ms, application-code: 11ms)
 GET /sign-in?error=INVALID_TOKEN 200 in 53ms (next.js: 4ms, proxy.ts: 1.7ms, application-code: 46ms)
 GET /api/auth/get-session 200 in 20ms (next.js: 5ms, proxy.ts: 6ms, application-code: 9ms)
 GET /forgot-password 200 in 49ms (next.js: 6ms, proxy.ts: 2ms, application-code: 41ms)
 POST /api/auth/request-password-reset 200 in 18ms (next.js: 4ms, proxy.ts: 3ms, application-code: 11ms)
 GET /api/auth/reset-password/[REDACTED]?callbackURL=%2Freset-password 302 in 11ms (next.js: 2ms, proxy.ts: 2ms, application-code: 6ms)
 GET /reset-password?token=[REDACTED] 200 in 31ms (next.js: 4ms, proxy.ts: 1.8ms, application-code: 25ms)
 POST /api/auth/reset-password 200 in 85ms (next.js: 2ms, proxy.ts: 3ms, application-code: 80ms)
 GET /api/auth/get-session 200 in 11ms (next.js: 2ms, proxy.ts: 1.9ms, application-code: 7ms)
 GET /api/auth/get-session 200 in 9ms (next.js: 1.9ms, proxy.ts: 1.6ms, application-code: 6ms)
 GET /api/auth/reset-password/[REDACTED]?callbackURL=%2Freset-password 302 in 21ms (next.js: 2ms, proxy.ts: 1.8ms, application-code: 17ms)
 GET /reset-password?error=INVALID_TOKEN 200 in 31ms (next.js: 1.7ms, proxy.ts: 1.6ms, application-code: 28ms)
 GET /sign-in 200 in 43ms (next.js: 6ms, proxy.ts: 3ms, application-code: 33ms)
2026-09-07T10:41:37.190Z WARN [Better Auth]: Invalid password
 POST /api/auth/sign-in/email 401 in 92ms (next.js: 4ms, proxy.ts: 3ms, application-code: 84ms)
 GET /api/auth/get-session 200 in 9ms (next.js: 3ms, proxy.ts: 1.9ms, application-code: 5ms)
 GET /sign-in 200 in 38ms (next.js: 5ms, proxy.ts: 2ms, application-code: 30ms)
 POST /api/auth/sign-in/email 200 in 95ms (next.js: 3ms, proxy.ts: 3ms, application-code: 90ms)
 GET /dashboard 200 in 153ms (next.js: 4ms, proxy.ts: 5ms, application-code: 144ms)
 GET /sign-in 200 in 81ms (next.js: 5ms, proxy.ts: 3ms, application-code: 74ms)
 GET /api/auth/get-session 200 in 55ms (next.js: 19ms, proxy.ts: 14ms, application-code: 23ms)
 GET /api/auth/organization/list 200 in 58ms (next.js: 23ms, proxy.ts: 9ms, application-code: 26ms)
 POST /api/auth/sign-in/email 200 in 94ms (next.js: 2ms, proxy.ts: 14ms, application-code: 78ms)
 GET /dashboard 200 in 109ms (next.js: 1.7ms, proxy.ts: 2ms, application-code: 105ms)
 GET /account 200 in 81ms (next.js: 3ms, proxy.ts: 2ms, application-code: 76ms)
 GET /api/auth/get-session 200 in 50ms (next.js: 10ms, proxy.ts: 16ms, application-code: 23ms)
 GET /api/auth/organization/list 200 in 51ms (next.js: 13ms, proxy.ts: 12ms, application-code: 26ms)
 GET /api/auth/get-session 200 in 42ms (next.js: 11ms, proxy.ts: 9ms, application-code: 21ms)
 GET /api/auth/organization/list 200 in 42ms (next.js: 21ms, proxy.ts: 8ms, application-code: 14ms)
 GET /api/auth/passkey/list-user-passkeys 200 in 45ms (next.js: 17ms, proxy.ts: 8ms, application-code: 20ms)
 POST /api/auth/revoke-other-sessions 200 in 22ms (next.js: 10ms, proxy.ts: 6ms, application-code: 7ms)
 GET /api/auth/get-session 200 in 12ms (next.js: 2ms, proxy.ts: 3ms, application-code: 6ms)
 GET /api/auth/get-session 200 in 13ms (next.js: 2ms, proxy.ts: 3ms, application-code: 7ms)
 GET /api/auth/get-session 200 in 10ms (next.js: 2ms, proxy.ts: 1.8ms, application-code: 6ms)
 GET /api/auth/passkey/generate-register-options?authenticatorAttachment=platform&name=Ads%20by%20Yodev%20passkey 200 in 15ms (next.js: 2ms, proxy.ts: 3ms, application-code: 11ms)
 POST /api/auth/passkey/verify-registration 200 in 12ms (next.js: 1.9ms, proxy.ts: 1.7ms, application-code: 8ms)
 GET /api/auth/passkey/list-user-passkeys 200 in 9ms (next.js: 2ms, proxy.ts: 2ms, application-code: 5ms)
 GET /api/auth/passkey/list-user-passkeys 200 in 11ms (next.js: 3ms, proxy.ts: 1.9ms, application-code: 7ms)
 POST /api/auth/passkey/delete-passkey 401 in 12ms (next.js: 2ms, proxy.ts: 1.9ms, application-code: 8ms)
 POST /api/auth/sign-out 200 in 19ms (next.js: 11ms, proxy.ts: 1.8ms, application-code: 6ms)
 GET /sign-in 200 in 41ms (next.js: 5ms, proxy.ts: 2ms, application-code: 34ms)
 GET /api/auth/passkey/generate-authenticate-options 200 in 16ms (next.js: 3ms, proxy.ts: 3ms, application-code: 10ms)
 POST /api/auth/passkey/verify-authentication 200 in 47ms (next.js: 13ms, proxy.ts: 5ms, application-code: 29ms)
 GET /dashboard 200 in 137ms (next.js: 4ms, proxy.ts: 3ms, application-code: 130ms)
 GET /api/auth/get-session 200 in 14ms (next.js: 5ms, proxy.ts: 2ms, application-code: 6ms)
 GET /api/auth/get-session 200 in 47ms (next.js: 8ms, proxy.ts: 26ms, application-code: 13ms)
 GET /api/auth/organization/list 200 in 34ms (next.js: 15ms, proxy.ts: 15ms, application-code: 4ms)
 GET /account 200 in 78ms (next.js: 2ms, proxy.ts: 3ms, application-code: 73ms)
 GET /api/auth/get-session 200 in 26ms (next.js: 6ms, proxy.ts: 5ms, application-code: 16ms)
 GET /api/auth/organization/list 200 in 28ms (next.js: 10ms, proxy.ts: 5ms, application-code: 13ms)
 GET /api/auth/passkey/list-user-passkeys 200 in 25ms (next.js: 14ms, proxy.ts: 2ms, application-code: 9ms)
 POST /api/auth/passkey/delete-passkey 200 in 14ms (next.js: 3ms, proxy.ts: 3ms, application-code: 8ms)
 GET /api/auth/passkey/list-user-passkeys 200 in 29ms (next.js: 5ms, proxy.ts: 3ms, application-code: 21ms)
 POST /api/auth/sign-out 200 in 31ms (next.js: 9ms, proxy.ts: 4ms, application-code: 18ms)
 GET /sign-in 200 in 42ms (next.js: 5ms, proxy.ts: 2ms, application-code: 35ms)
 GET /api/auth/passkey/generate-authenticate-options 200 in 25ms (next.js: 9ms, proxy.ts: 4ms, application-code: 13ms)
 POST /api/auth/passkey/verify-authentication 401 in 25ms (next.js: 8ms, proxy.ts: 4ms, application-code: 13ms)
 GET /api/auth/get-session 200 in 16ms (next.js: 4ms, proxy.ts: 4ms, application-code: 8ms)
 POST /api/auth/sign-in/magic-link 200 in 17ms (next.js: 3ms, proxy.ts: 6ms, application-code: 8ms)
 GET /api/auth/magic-link/verify?token=[REDACTED]&callbackURL=%2Fdashboard&errorCallbackURL=http%3A%2F%2Flocalhost%3A3017%2Fsign-in 302 in 14ms (next.js: 2ms, proxy.ts: 1.8ms, application-code: 10ms)
 GET /dashboard 200 in 118ms (next.js: 2ms, proxy.ts: 1.5ms, application-code: 114ms)
 GET /api/auth/get-session 200 in 58ms (next.js: 40ms, proxy.ts: 5ms, application-code: 13ms)
 GET /api/auth/organization/list 200 in 58ms (next.js: 6ms, proxy.ts: 4ms, application-code: 48ms)
 GET /invitation?id=f95312d0-9e3d-422e-b414-0ba981e02c07 200 in 38ms (next.js: 6ms, proxy.ts: 4ms, application-code: 28ms)
 GET /api/auth/get-session 200 in 22ms (next.js: 7ms, proxy.ts: 3ms, application-code: 12ms)
 POST /api/auth/organization/accept-invitation 403 in 19ms (next.js: 4ms, proxy.ts: 3ms, application-code: 12ms)
 POST /invitation?id=f95312d0-9e3d-422e-b414-0ba981e02c07 200 in 19ms (next.js: 2.0ms, proxy.ts: 3ms, application-code: 14ms)
  └─ ƒ recoverAcceptedInvitation("f95312d0-9e3d-422e-b414-0ba981e02c07") in 7ms src/app/invitation/actions.ts
 GET /invitation?id=25593a01-8430-4ecb-8f49-318698e0c92e 200 in 39ms (next.js: 1.6ms, proxy.ts: 1.9ms, application-code: 36ms)
 GET /api/auth/get-session 200 in 14ms (next.js: 4ms, proxy.ts: 3ms, application-code: 7ms)
 POST /api/auth/organization/accept-invitation 400 in 15ms (next.js: 3ms, proxy.ts: 2ms, application-code: 9ms)
 POST /invitation?id=25593a01-8430-4ecb-8f49-318698e0c92e 200 in 74ms (next.js: 2ms, proxy.ts: 2ms, application-code: 70ms)
  └─ ƒ recoverAcceptedInvitation("25593a01-8430-4ecb-8f49-318698e0c92e") in 5ms src/app/invitation/actions.ts
 GET /invitation?id=ff2306c4-816e-4734-a89d-58e5aae0dd98 200 in 29ms (next.js: 3ms, proxy.ts: 1.8ms, application-code: 25ms)
 GET /api/auth/get-session 200 in 16ms (next.js: 2ms, proxy.ts: 6ms, application-code: 7ms)
 POST /api/auth/organization/accept-invitation 400 in 16ms (next.js: 4ms, proxy.ts: 5ms, application-code: 8ms)
 POST /invitation?id=ff2306c4-816e-4734-a89d-58e5aae0dd98 200 in 18ms (next.js: 2ms, proxy.ts: 1.8ms, application-code: 14ms)
  └─ ƒ recoverAcceptedInvitation("ff2306c4-816e-4734-a89d-58e5aae0dd98") in 5ms src/app/invitation/actions.ts
 GET /invitation?id=a3dcbe23-2502-4b2d-add5-52b8a86af099 200 in 33ms (next.js: 2ms, proxy.ts: 2ms, application-code: 29ms)
 GET /api/auth/get-session 200 in 25ms (next.js: 15ms, proxy.ts: 4ms, application-code: 6ms)
 GET /sign-in?returnTo=%2Finvitation%3Fid%3Da3dcbe23-2502-4b2d-add5-52b8a86af099 200 in 27ms (next.js: 6ms, proxy.ts: 3ms, application-code: 18ms)
 POST /api/auth/sign-in/magic-link 200 in 32ms (next.js: 16ms, proxy.ts: 4ms, application-code: 12ms)
 GET /api/auth/magic-link/verify?token=[REDACTED]&callbackURL=%2Finvitation%3Fid%3Da3dcbe23-2502-4b2d-add5-52b8a86af099&errorCallbackURL=http%3A%2F%2Flocalhost%3A3017%2Fsign-in%3FreturnTo%3D%252Finvitation%253Fid%253Da3dcbe23-2502-4b2d-add5-52b8a86af099 302 in 16ms (next.js: 2ms, proxy.ts: 3ms, application-code: 11ms)
 GET /invitation?id=a3dcbe23-2502-4b2d-add5-52b8a86af099 200 in 37ms (next.js: 3ms, proxy.ts: 3ms, application-code: 31ms)
 GET /api/auth/get-session 200 in 34ms (next.js: 6ms, proxy.ts: 6ms, application-code: 22ms)
 POST /api/auth/organization/accept-invitation 403 in 34ms (next.js: 5ms, proxy.ts: 7ms, application-code: 22ms)
 POST /invitation?id=a3dcbe23-2502-4b2d-add5-52b8a86af099 200 in 20ms (next.js: 2ms, proxy.ts: 4ms, application-code: 13ms)
  └─ ƒ recoverAcceptedInvitation("a3dcbe23-2502-4b2d-add5-52b8a86af099") in 6ms src/app/invitation/actions.ts
 POST /api/auth/organization/accept-invitation 200 in 52ms (next.js: 8ms, proxy.ts: 8ms, application-code: 36ms)
 POST /invitation?id=a3dcbe23-2502-4b2d-add5-52b8a86af099 200 in 24ms (next.js: 4ms, proxy.ts: 4ms, application-code: 16ms)
  └─ ƒ recoverAcceptedInvitation("a3dcbe23-2502-4b2d-add5-52b8a86af099") in 7ms src/app/invitation/actions.ts
 POST /api/auth/organization/set-active 200 in 47ms (next.js: 4ms, proxy.ts: 4ms, application-code: 39ms)
 GET /api/auth/get-session 200 in 179ms (next.js: 39ms, proxy.ts: 88ms, application-code: 51ms)
 GET /dashboard 200 in 266ms (next.js: 6ms, proxy.ts: 3ms, application-code: 256ms)
 GET /api/auth/get-session 200 in 33ms (next.js: 6ms, proxy.ts: 4ms, application-code: 23ms)
 GET /api/auth/get-session 200 in 52ms (next.js: 7ms, proxy.ts: 14ms, application-code: 31ms)
 GET /api/auth/organization/list 200 in 60ms (next.js: 11ms, proxy.ts: 14ms, application-code: 34ms)
 GET /invitation?id=a3dcbe23-2502-4b2d-add5-52b8a86af099 200 in 47ms (next.js: 3ms, proxy.ts: 2ms, application-code: 42ms)
 GET /api/auth/get-session 200 in 19ms (next.js: 5ms, proxy.ts: 4ms, application-code: 10ms)
 POST /api/auth/organization/accept-invitation 400 in 34ms (next.js: 7ms, proxy.ts: 4ms, application-code: 24ms)
 POST /invitation?id=a3dcbe23-2502-4b2d-add5-52b8a86af099 200 in 59ms (next.js: 10ms, proxy.ts: 12ms, application-code: 36ms)
  └─ ƒ recoverAcceptedInvitation("a3dcbe23-2502-4b2d-add5-52b8a86af099") in 24ms src/app/invitation/actions.ts
 POST /api/auth/organization/set-active 200 in 69ms (next.js: 14ms, proxy.ts: 7ms, application-code: 48ms)
 GET /api/auth/get-session 200 in 658ms (next.js: 534ms, proxy.ts: 6ms, application-code: 117ms)
 GET /dashboard 200 in 729ms (next.js: 11ms, proxy.ts: 15ms, application-code: 704ms)
 GET /invitation?id=a3dcbe23-2502-4b2d-add5-52b8a86af099 200 in 98ms (next.js: 7ms, proxy.ts: 5ms, application-code: 86ms)
 GET /api/auth/get-session 200 in 20ms (next.js: 5ms, proxy.ts: 4ms, application-code: 11ms)
 POST /api/auth/organization/accept-invitation 400 in 24ms (next.js: 6ms, proxy.ts: 6ms, application-code: 13ms)
 POST /invitation?id=a3dcbe23-2502-4b2d-add5-52b8a86af099 200 in 25ms (next.js: 2ms, proxy.ts: 3ms, application-code: 19ms)
  └─ ƒ recoverAcceptedInvitation("a3dcbe23-2502-4b2d-add5-52b8a86af099") in 8ms src/app/invitation/actions.ts
 GET /dashboard 307 in 94ms (next.js: 5ms, proxy.ts: 4ms, application-code: 86ms)
 GET /onboarding 307 in 99ms (next.js: 3ms, proxy.ts: 14ms, application-code: 82ms)
 GET /dashboard 200 in 224ms (next.js: 10ms, proxy.ts: 2ms, application-code: 211ms)
 GET /api/auth/get-session 200 in 115ms (next.js: 31ms, proxy.ts: 18ms, application-code: 65ms)
 GET /api/auth/get-session 200 in 93ms (next.js: 48ms, proxy.ts: 11ms, application-code: 34ms)
 GET /api/auth/organization/list 200 in 94ms (next.js: 54ms, proxy.ts: 12ms, application-code: 29ms)
 GET /dashboard 307 in 155ms (next.js: 4ms, proxy.ts: 4ms, application-code: 147ms)
 GET /onboarding 200 in 69ms (next.js: 8ms, proxy.ts: 3ms, application-code: 58ms)
 GET /api/auth/get-session 200 in 20ms (next.js: 5ms, proxy.ts: 6ms, application-code: 8ms)
 GET /account 200 in 64ms (next.js: 2ms, proxy.ts: 2ms, application-code: 60ms)
 GET /api/auth/get-session 200 in 97ms (next.js: 22ms, proxy.ts: 14ms, application-code: 61ms)
 GET /api/auth/organization/list 200 in 99ms (next.js: 49ms, proxy.ts: 16ms, application-code: 34ms)
 GET /api/auth/passkey/list-user-passkeys 200 in 109ms (next.js: 42ms, proxy.ts: 15ms, application-code: 52ms)
 POST /api/auth/sign-out 200 in 53ms (next.js: 20ms, proxy.ts: 19ms, application-code: 14ms)
 GET /sign-in 200 in 139ms (next.js: 13ms, proxy.ts: 3ms, application-code: 123ms)
 GET /api/auth/get-session 200 in 34ms (next.js: 9ms, proxy.ts: 9ms, application-code: 15ms)
  ✓  10 [chromium] › e2e/auth-lifecycle-local.spec.ts:85:9 › auth lifecycle en: verification, magic link, reset, sessions and passkey (14.5s)
 GET /dashboard 200 in 151ms (next.js: 2ms, proxy.ts: 2ms, application-code: 146ms)
 GET /api/auth/get-session 200 in 145ms (next.js: 25ms, proxy.ts: 33ms, application-code: 87ms)
 GET /api/auth/organization/list 200 in 224ms (next.js: 34ms, proxy.ts: 33ms, application-code: 157ms)
 GET /settings 200 in 311ms (next.js: 15ms, proxy.ts: 4ms, application-code: 293ms)
 GET /api/auth/get-session 200 in 131ms (next.js: 17ms, proxy.ts: 32ms, application-code: 83ms)
 GET /api/auth/organization/list 200 in 128ms (next.js: 20ms, proxy.ts: 30ms, application-code: 79ms)
 GET /billing 200 in 256ms (next.js: 15ms, proxy.ts: 4ms, application-code: 237ms)
 GET /api/auth/get-session 200 in 147ms (next.js: 20ms, proxy.ts: 52ms, application-code: 75ms)
 GET /api/auth/organization/list 200 in 137ms (next.js: 32ms, proxy.ts: 38ms, application-code: 66ms)
 GET /support 200 in 204ms (next.js: 13ms, proxy.ts: 3ms, application-code: 187ms)
  ✓  11 [chromium] › e2e/authenticated-rbac.spec.ts:55:9 › authenticated five-role route matrix › owner has only its server-authorized product surface (1.7s)
 GET /dashboard 200 in 144ms (next.js: 3ms, proxy.ts: 3ms, application-code: 138ms)
 GET /api/auth/get-session 200 in 139ms (next.js: 65ms, proxy.ts: 9ms, application-code: 65ms)
 GET /api/auth/organization/list 200 in 156ms (next.js: 69ms, proxy.ts: 10ms, application-code: 78ms)
 GET /settings 200 in 258ms (next.js: 11ms, proxy.ts: 7ms, application-code: 240ms)
 GET /api/auth/get-session 200 in 138ms (next.js: 18ms, proxy.ts: 44ms, application-code: 75ms)
 GET /api/auth/organization/list 200 in 160ms (next.js: 23ms, proxy.ts: 34ms, application-code: 103ms)
 GET /support 200 in 244ms (next.js: 4ms, proxy.ts: 2ms, application-code: 238ms)
 GET /api/auth/get-session 200 in 80ms (next.js: 52ms, proxy.ts: 6ms, application-code: 22ms)
 GET /api/auth/organization/list 200 in 143ms (next.js: 57ms, proxy.ts: 6ms, application-code: 80ms)
 GET /billing 307 in 146ms (next.js: 7ms, proxy.ts: 7ms, application-code: 132ms)
 GET /support?error=You%20no%20longer%20have%20access%20to%20this%20page.%20Choose%20an%20available%20section%20or%20contact%20an%20administrator. 200 in 156ms (next.js: 3ms, proxy.ts: 3ms, application-code: 149ms)
  ✓  12 [chromium] › e2e/authenticated-rbac.spec.ts:55:9 › authenticated five-role route matrix › admin has only its server-authorized product surface (1.7s)
 GET /dashboard 200 in 139ms (next.js: 1.9ms, proxy.ts: 2ms, application-code: 135ms)
 GET /api/auth/get-session 200 in 155ms (next.js: 63ms, proxy.ts: 28ms, application-code: 64ms)
 GET /api/auth/organization/list 200 in 153ms (next.js: 74ms, proxy.ts: 27ms, application-code: 53ms)
 GET /tasks 200 in 234ms (next.js: 6ms, proxy.ts: 3ms, application-code: 226ms)
 GET /api/auth/get-session 200 in 81ms (next.js: 61ms, proxy.ts: 5ms, application-code: 15ms)
 GET /api/auth/organization/list 200 in 121ms (next.js: 64ms, proxy.ts: 6ms, application-code: 51ms)
 GET /support 200 in 169ms (next.js: 6ms, proxy.ts: 5ms, application-code: 158ms)
 GET /api/auth/get-session 200 in 137ms (next.js: 49ms, proxy.ts: 31ms, application-code: 58ms)
 GET /api/auth/organization/list 200 in 133ms (next.js: 82ms, proxy.ts: 28ms, application-code: 23ms)
 GET /settings 307 in 168ms (next.js: 3ms, proxy.ts: 2ms, application-code: 162ms)
 GET /support?error=You%20no%20longer%20have%20access%20to%20this%20page.%20Choose%20an%20available%20section%20or%20contact%20an%20administrator. 200 in 130ms (next.js: 3ms, proxy.ts: 5ms, application-code: 122ms)
 GET /api/auth/get-session 200 in 107ms (next.js: 20ms, proxy.ts: 29ms, application-code: 59ms)
 GET /api/auth/organization/list 200 in 111ms (next.js: 29ms, proxy.ts: 27ms, application-code: 55ms)
 GET /billing 307 in 142ms (next.js: 2ms, proxy.ts: 1.9ms, application-code: 138ms)
 GET /support?error=You%20no%20longer%20have%20access%20to%20this%20page.%20Choose%20an%20available%20section%20or%20contact%20an%20administrator. 200 in 142ms (next.js: 4ms, proxy.ts: 9ms, application-code: 129ms)
  ✓  13 [chromium] › e2e/authenticated-rbac.spec.ts:55:9 › authenticated five-role route matrix › strategist has only its server-authorized product surface (2.0s)
 GET /dashboard 200 in 122ms (next.js: 2ms, proxy.ts: 2ms, application-code: 117ms)
 GET /api/auth/get-session 200 in 205ms (next.js: 64ms, proxy.ts: 6ms, application-code: 135ms)
 GET /api/auth/organization/list 200 in 226ms (next.js: 82ms, proxy.ts: 7ms, application-code: 137ms)
 GET /reports 200 in 318ms (next.js: 8ms, proxy.ts: 7ms, application-code: 303ms)
 GET /api/auth/get-session 200 in 98ms (next.js: 18ms, proxy.ts: 25ms, application-code: 55ms)
 GET /api/auth/organization/list 200 in 127ms (next.js: 27ms, proxy.ts: 25ms, application-code: 75ms)
 GET /support 200 in 200ms (next.js: 4ms, proxy.ts: 4ms, application-code: 191ms)
 GET /api/auth/get-session 200 in 165ms (next.js: 61ms, proxy.ts: 33ms, application-code: 71ms)
 GET /api/auth/organization/list 200 in 169ms (next.js: 49ms, proxy.ts: 53ms, application-code: 67ms)
 GET /settings 307 in 185ms (next.js: 16ms, proxy.ts: 3ms, application-code: 167ms)
 GET /support?error=You%20no%20longer%20have%20access%20to%20this%20page.%20Choose%20an%20available%20section%20or%20contact%20an%20administrator. 200 in 330ms (next.js: 4ms, proxy.ts: 4ms, application-code: 322ms)
 GET /api/auth/get-session 200 in 933ms (next.js: 45ms, proxy.ts: 840ms, application-code: 47ms)
 GET /api/auth/organization/list 200 in 903ms (next.js: 39ms, proxy.ts: 804ms, application-code: 59ms)
 GET /billing 307 in 940ms (next.js: 7ms, proxy.ts: 768ms, application-code: 165ms)
 GET /support?error=You%20no%20longer%20have%20access%20to%20this%20page.%20Choose%20an%20available%20section%20or%20contact%20an%20administrator. 200 in 176ms (next.js: 3ms, proxy.ts: 3ms, application-code: 171ms)
  ✓  14 [chromium] › e2e/authenticated-rbac.spec.ts:55:9 › authenticated five-role route matrix › analyst has only its server-authorized product surface (3.5s)
 GET /support 200 in 124ms (next.js: 2ms, proxy.ts: 3ms, application-code: 119ms)
 GET /api/auth/get-session 200 in 116ms (next.js: 48ms, proxy.ts: 5ms, application-code: 63ms)
 GET /api/auth/organization/list 200 in 143ms (next.js: 87ms, proxy.ts: 5ms, application-code: 50ms)
 GET /dashboard 307 in 150ms (next.js: 4ms, proxy.ts: 6ms, application-code: 140ms)
 GET /support?error=You%20no%20longer%20have%20access%20to%20this%20page.%20Choose%20an%20available%20section%20or%20contact%20an%20administrator. 200 in 104ms (next.js: 2ms, proxy.ts: 3ms, application-code: 99ms)
 GET /api/auth/get-session 200 in 92ms (next.js: 20ms, proxy.ts: 8ms, application-code: 64ms)
 GET /api/auth/organization/list 200 in 95ms (next.js: 15ms, proxy.ts: 7ms, application-code: 72ms)
 GET /settings 307 in 132ms (next.js: 6ms, proxy.ts: 6ms, application-code: 120ms)
 GET /support?error=You%20no%20longer%20have%20access%20to%20this%20page.%20Choose%20an%20available%20section%20or%20contact%20an%20administrator. 200 in 102ms (next.js: 2ms, proxy.ts: 3ms, application-code: 98ms)
 GET /api/auth/get-session 200 in 85ms (next.js: 40ms, proxy.ts: 4ms, application-code: 42ms)
 GET /api/auth/organization/list 200 in 101ms (next.js: 45ms, proxy.ts: 4ms, application-code: 52ms)
 GET /billing 307 in 104ms (next.js: 3ms, proxy.ts: 4ms, application-code: 98ms)
 GET /support?error=You%20no%20longer%20have%20access%20to%20this%20page.%20Choose%20an%20available%20section%20or%20contact%20an%20administrator. 200 in 111ms (next.js: 1.8ms, proxy.ts: 2ms, application-code: 107ms)
  ✓  15 [chromium] › e2e/authenticated-rbac.spec.ts:55:9 › authenticated five-role route matrix › client has only its server-authorized product surface (1.6s)
 GET /api/exports/80000000-0000-4000-8000-000000000003 404 in 855ms (next.js: 821ms, proxy.ts: 1.9ms, application-code: 32ms)
  ✓  16 [chromium] › e2e/authenticated-rbac.spec.ts:75:9 › authenticated five-role route matrix › owner cannot cross the direct export API boundary (1.2s)
 GET /api/exports/80000000-0000-4000-8000-000000000003 403 in 14ms (next.js: 5ms, proxy.ts: 3ms, application-code: 7ms)
  ✓  17 [chromium] › e2e/authenticated-rbac.spec.ts:75:9 › authenticated five-role route matrix › admin cannot cross the direct export API boundary (56ms)
 GET /api/exports/80000000-0000-4000-8000-000000000003 403 in 16ms (next.js: 4ms, proxy.ts: 2ms, application-code: 10ms)
  ✓  18 [chromium] › e2e/authenticated-rbac.spec.ts:75:9 › authenticated five-role route matrix › strategist cannot cross the direct export API boundary (60ms)
 GET /api/exports/80000000-0000-4000-8000-000000000003 403 in 15ms (next.js: 3ms, proxy.ts: 2.0ms, application-code: 10ms)
  ✓  19 [chromium] › e2e/authenticated-rbac.spec.ts:75:9 › authenticated five-role route matrix › analyst cannot cross the direct export API boundary (60ms)
 GET /api/exports/80000000-0000-4000-8000-000000000003 403 in 14ms (next.js: 4ms, proxy.ts: 3ms, application-code: 7ms)
  ✓  20 [chromium] › e2e/authenticated-rbac.spec.ts:75:9 › authenticated five-role route matrix › client cannot cross the direct export API boundary (63ms)
 GET /settings 200 in 274ms (next.js: 3ms, proxy.ts: 1.8ms, application-code: 269ms)
 GET /api/auth/get-session 200 in 96ms (next.js: 31ms, proxy.ts: 9ms, application-code: 55ms)
 GET /api/auth/organization/list 200 in 102ms (next.js: 19ms, proxy.ts: 9ms, application-code: 73ms)
 POST /settings 200 in 112ms (next.js: 7ms, proxy.ts: 10ms, application-code: 96ms)
  └─ ƒ updateWorkspaceLocale({}) in 28ms src/app/actions.ts
 GET /settings?notice=Workspace+language+updated. 200 in 117ms (next.js: 3ms, proxy.ts: 4ms, application-code: 110ms)
 GET /settings?notice=Workspace+language+updated. 200 in 88ms (next.js: 2ms, proxy.ts: 1.7ms, application-code: 84ms)
 POST /settings 200 in 150ms (next.js: 13ms, proxy.ts: 11ms, application-code: 126ms)
  └─ ƒ updateWorkspaceLocale({}) in 32ms src/app/actions.ts
 GET /settings?notice=Workspace+language+updated. 200 in 72ms (next.js: 1.6ms, proxy.ts: 1.5ms, application-code: 69ms)
 POST /settings 200 in 90ms (next.js: 2ms, proxy.ts: 2ms, application-code: 86ms)
  └─ ƒ updateWorkspaceLocale({}) in 9ms src/app/actions.ts
 GET /settings?error=Permission+required%3A+workspace%3Aadmin 200 in 61ms (next.js: 3ms, proxy.ts: 1.8ms, application-code: 57ms)
 POST /settings 200 in 76ms (next.js: 2ms, proxy.ts: 3ms, application-code: 71ms)
  └─ ƒ updateWorkspaceLocale({}) in 6ms src/app/actions.ts
 GET /settings?error=Permission+required%3A+workspace%3Aadmin 200 in 46ms (next.js: 2ms, proxy.ts: 1.9ms, application-code: 42ms)
 POST /settings 200 in 60ms (next.js: 2ms, proxy.ts: 3ms, application-code: 55ms)
  └─ ƒ updateWorkspaceLocale({}) in 5ms src/app/actions.ts
 GET /settings?error=Permission+required%3A+workspace%3Aadmin 200 in 46ms (next.js: 2ms, proxy.ts: 1.6ms, application-code: 42ms)
 POST /settings 200 in 61ms (next.js: 3ms, proxy.ts: 2.0ms, application-code: 57ms)
  └─ ƒ updateWorkspaceLocale({}) in 5ms src/app/actions.ts
  ✓  21 [chromium] › e2e/authenticated-rbac.spec.ts:93:7 › authenticated Server Action authorization matrix › re-authorizes workspace administration for every session (1.4s)
 GET /dashboard?client=80000000-0000-4000-8000-000000000092 200 in 209ms (next.js: 2ms, proxy.ts: 1.8ms, application-code: 205ms)
 GET /api/auth/get-session 200 in 27ms (next.js: 6ms, proxy.ts: 4ms, application-code: 16ms)
 GET /api/auth/organization/list 200 in 29ms (next.js: 10ms, proxy.ts: 5ms, application-code: 14ms)
 POST /dashboard?client=80000000-0000-4000-8000-000000000092 200 in 354ms (next.js: 3ms, proxy.ts: 2ms, application-code: 349ms)
  └─ ƒ setCookieConsent({}) in 2ms src/app/preferences-actions.ts
 GET /dashboard?client=80000000-0000-4000-8000-000000000092 200 in 308ms (next.js: 8ms, proxy.ts: 11ms, application-code: 288ms)
 GET /api/auth/get-session 200 in 130ms (next.js: 18ms, proxy.ts: 28ms, application-code: 83ms)
 GET /api/auth/organization/list 200 in 130ms (next.js: 43ms, proxy.ts: 26ms, application-code: 61ms)
 GET /dashboard?client=80000000-0000-4000-8000-000000000092 200 in 272ms (next.js: 5ms, proxy.ts: 3ms, application-code: 264ms)
 GET /api/auth/get-session 200 in 74ms (next.js: 28ms, proxy.ts: 5ms, application-code: 41ms)
 GET /api/auth/organization/list 200 in 84ms (next.js: 54ms, proxy.ts: 5ms, application-code: 25ms)
 GET /dashboard?client=80000000-0000-4000-8000-000000000092 200 in 242ms (next.js: 4ms, proxy.ts: 4ms, application-code: 234ms)
 GET /api/auth/get-session 200 in 62ms (next.js: 10ms, proxy.ts: 3ms, application-code: 50ms)
 GET /api/auth/organization/list 200 in 78ms (next.js: 15ms, proxy.ts: 4ms, application-code: 59ms)
 GET /dashboard?client=80000000-0000-4000-8000-000000000092 200 in 217ms (next.js: 17ms, proxy.ts: 3ms, application-code: 197ms)
 GET /api/auth/get-session 200 in 37ms (next.js: 19ms, proxy.ts: 7ms, application-code: 11ms)
 GET /api/auth/organization/list 200 in 38ms (next.js: 10ms, proxy.ts: 8ms, application-code: 21ms)
 GET /dashboard?client=80000000-0000-4000-8000-000000000093 200 in 176ms (next.js: 2ms, proxy.ts: 3ms, application-code: 171ms)
  ✓  22 [chromium] › e2e/dashboard-health-local.spec.ts:15:53 › qualified cockpit health › counts all alerts and refuses unqualified scores in fr (2.8s)
 GET /dashboard?client=80000000-0000-4000-8000-000000000092 200 in 210ms (next.js: 3ms, proxy.ts: 3ms, application-code: 204ms)
 GET /api/auth/get-session 200 in 53ms (next.js: 11ms, proxy.ts: 4ms, application-code: 38ms)
 GET /api/auth/organization/list 200 in 60ms (next.js: 20ms, proxy.ts: 4ms, application-code: 36ms)
 POST /dashboard?client=80000000-0000-4000-8000-000000000092 200 in 495ms (next.js: 16ms, proxy.ts: 17ms, application-code: 461ms)
  └─ ƒ setCookieConsent({}) in 1ms src/app/preferences-actions.ts
 GET /dashboard?client=80000000-0000-4000-8000-000000000092 200 in 435ms (next.js: 15ms, proxy.ts: 21ms, application-code: 399ms)
 GET /api/auth/get-session 200 in 82ms (next.js: 38ms, proxy.ts: 5ms, application-code: 38ms)
 GET /api/auth/organization/list 200 in 84ms (next.js: 13ms, proxy.ts: 9ms, application-code: 62ms)
 GET /dashboard?client=80000000-0000-4000-8000-000000000092 200 in 275ms (next.js: 18ms, proxy.ts: 11ms, application-code: 246ms)
 GET /api/auth/get-session 200 in 95ms (next.js: 20ms, proxy.ts: 5ms, application-code: 70ms)
 GET /api/auth/organization/list 200 in 111ms (next.js: 28ms, proxy.ts: 5ms, application-code: 77ms)
 GET /dashboard?client=80000000-0000-4000-8000-000000000092 200 in 302ms (next.js: 21ms, proxy.ts: 3ms, application-code: 278ms)
 GET /api/auth/get-session 200 in 77ms (next.js: 43ms, proxy.ts: 3ms, application-code: 31ms)
 GET /api/auth/organization/list 200 in 145ms (next.js: 72ms, proxy.ts: 6ms, application-code: 67ms)
 GET /dashboard?client=80000000-0000-4000-8000-000000000092 200 in 264ms (next.js: 5ms, proxy.ts: 3ms, application-code: 255ms)
 GET /api/auth/get-session 200 in 34ms (next.js: 10ms, proxy.ts: 3ms, application-code: 21ms)
 GET /api/auth/organization/list 200 in 36ms (next.js: 14ms, proxy.ts: 4ms, application-code: 19ms)
 GET /dashboard?client=80000000-0000-4000-8000-000000000093 200 in 199ms (next.js: 2ms, proxy.ts: 2ms, application-code: 194ms)
  ✓  23 [chromium] › e2e/dashboard-health-local.spec.ts:15:53 › qualified cockpit health › counts all alerts and refuses unqualified scores in en (3.2s)
 POST /api/auth/organization/set-active 200 in 17ms (next.js: 4ms, proxy.ts: 2ms, application-code: 11ms)
 GET /getting-started 200 in 198ms (next.js: 36ms, proxy.ts: 4ms, application-code: 158ms)
 GET /api/auth/get-session 200 in 43ms (next.js: 24ms, proxy.ts: 10ms, application-code: 9ms)
 GET /api/auth/organization/list 200 in 50ms (next.js: 16ms, proxy.ts: 10ms, application-code: 23ms)
 GET /getting-started 200 in 196ms (next.js: 6ms, proxy.ts: 4ms, application-code: 186ms)
 GET /api/auth/get-session 200 in 48ms (next.js: 25ms, proxy.ts: 11ms, application-code: 12ms)
 GET /api/auth/organization/list 200 in 50ms (next.js: 13ms, proxy.ts: 12ms, application-code: 25ms)
 GET /getting-started 200 in 181ms (next.js: 8ms, proxy.ts: 5ms, application-code: 167ms)
 GET /api/auth/get-session 200 in 26ms (next.js: 5ms, proxy.ts: 4ms, application-code: 18ms)
 GET /api/auth/organization/list 200 in 30ms (next.js: 8ms, proxy.ts: 5ms, application-code: 18ms)
 GET /getting-started 200 in 195ms (next.js: 4ms, proxy.ts: 6ms, application-code: 185ms)
 GET /api/auth/get-session 200 in 77ms (next.js: 49ms, proxy.ts: 5ms, application-code: 23ms)
 GET /api/auth/organization/list 200 in 84ms (next.js: 55ms, proxy.ts: 5ms, application-code: 24ms)
 GET /getting-started 200 in 149ms (next.js: 2.0ms, proxy.ts: 1.8ms, application-code: 145ms)
 GET /api/auth/get-session 200 in 30ms (next.js: 6ms, proxy.ts: 7ms, application-code: 17ms)
 GET /api/auth/organization/list 200 in 48ms (next.js: 10ms, proxy.ts: 8ms, application-code: 30ms)
 GET /getting-started 200 in 175ms (next.js: 4ms, proxy.ts: 4ms, application-code: 167ms)
  ✓  24 [chromium] › e2e/getting-started-local.spec.ts:6:7 › guided setup fr requires selected accounts and qualified milestones (2.9s)
 POST /api/auth/organization/set-active 200 in 16ms (next.js: 4ms, proxy.ts: 3ms, application-code: 9ms)
 GET /getting-started 200 in 170ms (next.js: 1.9ms, proxy.ts: 2ms, application-code: 166ms)
 GET /api/auth/get-session 200 in 34ms (next.js: 9ms, proxy.ts: 3ms, application-code: 22ms)
 GET /api/auth/organization/list 200 in 47ms (next.js: 14ms, proxy.ts: 3ms, application-code: 29ms)
 GET /getting-started 200 in 200ms (next.js: 8ms, proxy.ts: 4ms, application-code: 188ms)
 GET /api/auth/get-session 200 in 29ms (next.js: 5ms, proxy.ts: 3ms, application-code: 21ms)
 GET /api/auth/organization/list 200 in 33ms (next.js: 12ms, proxy.ts: 3ms, application-code: 18ms)
 GET /getting-started 200 in 177ms (next.js: 2ms, proxy.ts: 5ms, application-code: 170ms)
 GET /api/auth/get-session 200 in 30ms (next.js: 4ms, proxy.ts: 5ms, application-code: 22ms)
 GET /api/auth/organization/list 200 in 63ms (next.js: 9ms, proxy.ts: 4ms, application-code: 50ms)
 GET /getting-started 200 in 233ms (next.js: 3ms, proxy.ts: 10ms, application-code: 220ms)
 GET /api/auth/get-session 200 in 75ms (next.js: 18ms, proxy.ts: 11ms, application-code: 45ms)
 GET /api/auth/organization/list 200 in 78ms (next.js: 32ms, proxy.ts: 13ms, application-code: 34ms)
 GET /getting-started 200 in 301ms (next.js: 9ms, proxy.ts: 28ms, application-code: 265ms)
 GET /api/auth/get-session 200 in 38ms (next.js: 11ms, proxy.ts: 3ms, application-code: 24ms)
 GET /api/auth/organization/list 200 in 46ms (next.js: 16ms, proxy.ts: 6ms, application-code: 25ms)
 GET /getting-started 200 in 210ms (next.js: 6ms, proxy.ts: 20ms, application-code: 184ms)
  ✓  25 [chromium] › e2e/getting-started-local.spec.ts:6:7 › guided setup en requires selected accounts and qualified milestones (3.0s)
 GET /agents 200 in 193ms (next.js: 4ms, proxy.ts: 3ms, application-code: 186ms)
 GET /api/auth/get-session 200 in 32ms (next.js: 7ms, proxy.ts: 4ms, application-code: 20ms)
 GET /api/auth/organization/list 200 in 40ms (next.js: 11ms, proxy.ts: 5ms, application-code: 24ms)
 GET /agents?notice=Vigie+activ%C3%A9e.+Elle+sera+ex%C3%A9cut%C3%A9e+chaque+jour. 200 in 100ms (next.js: 3ms, proxy.ts: 4ms, application-code: 94ms)
 POST /agents 200 in 146ms (next.js: 5ms, proxy.ts: 5ms, application-code: 136ms)
  └─ ƒ createMonitoringAgent({}) in 21ms src/app/actions.ts
 GET /agents?notice=Vigie+mise+en+pause. 200 in 123ms (next.js: 4ms, proxy.ts: 3ms, application-code: 117ms)
 POST /agents?notice=Vigie%20activ%C3%A9e.%20Elle%20sera%20ex%C3%A9cut%C3%A9e%20chaque%20jour. 200 in 147ms (next.js: 3ms, proxy.ts: 3ms, application-code: 141ms)
  └─ ƒ toggleMonitoringAgent({}) in 9ms src/app/actions.ts
 GET /agents?notice=Vigie+activ%C3%A9e. 200 in 80ms (next.js: 3ms, proxy.ts: 2ms, application-code: 75ms)
 POST /agents?notice=Vigie%20mise%20en%20pause. 200 in 107ms (next.js: 3ms, proxy.ts: 3ms, application-code: 102ms)
  └─ ƒ toggleMonitoringAgent({}) in 9ms src/app/actions.ts
 GET /alerts?notice=Analyse+planifi%C3%A9e.+Les+signalements+seront+actualis%C3%A9s+apr%C3%A8s+son+traitement. 200 in 75ms (next.js: 4ms, proxy.ts: 1.8ms, application-code: 70ms)
 POST /agents?notice=Vigie%20activ%C3%A9e. 200 in 96ms (next.js: 2ms, proxy.ts: 3ms, application-code: 91ms)
  └─ ƒ runMonitoringScan({}) in 10ms src/app/actions.ts
 GET /alerts?id=f6ba9ec6-2a55-40d7-8982-51f47471b2e1 200 in 134ms (next.js: 1.8ms, proxy.ts: 3ms, application-code: 129ms)
 GET /api/auth/get-session 200 in 38ms (next.js: 8ms, proxy.ts: 4ms, application-code: 25ms)
 GET /api/auth/organization/list 200 in 39ms (next.js: 20ms, proxy.ts: 4ms, application-code: 15ms)
 GET /alerts?notice=Workflow+de+l%E2%80%99alerte+mis+%C3%A0+jour.&id=f6ba9ec6-2a55-40d7-8982-51f47471b2e1 200 in 79ms (next.js: 2.0ms, proxy.ts: 3ms, application-code: 74ms)
 POST /alerts?id=f6ba9ec6-2a55-40d7-8982-51f47471b2e1 200 in 107ms (next.js: 4ms, proxy.ts: 2ms, application-code: 101ms)
  └─ ƒ updateAlertWorkflow({}) in 10ms src/app/actions.ts
 GET /alerts?notice=Workflow+de+l%E2%80%99alerte+mis+%C3%A0+jour.&id=f6ba9ec6-2a55-40d7-8982-51f47471b2e1 200 in 92ms (next.js: 2ms, proxy.ts: 2.0ms, application-code: 88ms)
 POST /alerts?notice=Workflow%20de%20l%E2%80%99alerte%20mis%20%C3%A0%20jour.&id=f6ba9ec6-2a55-40d7-8982-51f47471b2e1 200 in 113ms (next.js: 2ms, proxy.ts: 3ms, application-code: 108ms)
  └─ ƒ updateAlertWorkflow({}) in 8ms src/app/actions.ts
 GET /alerts?notice=Workflow+de+l%E2%80%99alerte+mis+%C3%A0+jour.&id=f6ba9ec6-2a55-40d7-8982-51f47471b2e1 200 in 75ms (next.js: 2ms, proxy.ts: 1.6ms, application-code: 72ms)
 POST /alerts?notice=Workflow%20de%20l%E2%80%99alerte%20mis%20%C3%A0%20jour.&id=f6ba9ec6-2a55-40d7-8982-51f47471b2e1 200 in 96ms (next.js: 2ms, proxy.ts: 3ms, application-code: 91ms)
  └─ ƒ updateAlertWorkflow({}) in 9ms src/app/actions.ts
 GET /alerts?error=Permission+required%3A+alerts%3Amanage&id=f6ba9ec6-2a55-40d7-8982-51f47471b2e1 200 in 80ms (next.js: 3ms, proxy.ts: 2ms, application-code: 75ms)
 POST /alerts?notice=Workflow%20de%20l%E2%80%99alerte%20mis%20%C3%A0%20jour.&id=f6ba9ec6-2a55-40d7-8982-51f47471b2e1 200 in 106ms (next.js: 2ms, proxy.ts: 2ms, application-code: 102ms)
  └─ ƒ updateAlertWorkflow({}) in 9ms src/app/actions.ts
 GET /alerts?error=Permission%20required%3A%20alerts%3Amanage&id=f6ba9ec6-2a55-40d7-8982-51f47471b2e1 200 in 143ms (next.js: 3ms, proxy.ts: 2ms, application-code: 138ms)
 GET /api/auth/get-session 200 in 83ms (next.js: 28ms, proxy.ts: 12ms, application-code: 44ms)
 GET /api/auth/organization/list 200 in 85ms (next.js: 52ms, proxy.ts: 13ms, application-code: 21ms)
  ✓  26 [chromium] › e2e/monitoring-actors-local.spec.ts:6:7 › monitoring actor fr preserves authorized controls and rejects a revoked form (3.0s)
 GET /agents 200 in 180ms (next.js: 2ms, proxy.ts: 3ms, application-code: 175ms)
 GET /api/auth/get-session 200 in 33ms (next.js: 6ms, proxy.ts: 3ms, application-code: 24ms)
 GET /api/auth/organization/list 200 in 40ms (next.js: 12ms, proxy.ts: 3ms, application-code: 25ms)
 GET /agents?notice=Vigie+activ%C3%A9e.+Elle+sera+ex%C3%A9cut%C3%A9e+chaque+jour. 200 in 92ms (next.js: 6ms, proxy.ts: 3ms, application-code: 84ms)
 POST /agents 200 in 129ms (next.js: 3ms, proxy.ts: 3ms, application-code: 124ms)
  └─ ƒ createMonitoringAgent({}) in 24ms src/app/actions.ts
 GET /agents?notice=Vigie+mise+en+pause. 200 in 83ms (next.js: 2ms, proxy.ts: 1.8ms, application-code: 79ms)
 POST /agents?notice=Vigie%20activ%C3%A9e.%20Elle%20sera%20ex%C3%A9cut%C3%A9e%20chaque%20jour. 200 in 104ms (next.js: 2ms, proxy.ts: 2ms, application-code: 100ms)
  └─ ƒ toggleMonitoringAgent({}) in 10ms src/app/actions.ts
 GET /agents?notice=Vigie+activ%C3%A9e. 200 in 82ms (next.js: 1.9ms, proxy.ts: 1.8ms, application-code: 78ms)
 POST /agents?notice=Vigie%20mise%20en%20pause. 200 in 102ms (next.js: 1.8ms, proxy.ts: 2ms, application-code: 98ms)
  └─ ƒ toggleMonitoringAgent({}) in 10ms src/app/actions.ts
 GET /alerts?notice=Analyse+planifi%C3%A9e.+Les+signalements+seront+actualis%C3%A9s+apr%C3%A8s+son+traitement. 200 in 64ms (next.js: 2ms, proxy.ts: 1.6ms, application-code: 61ms)
 POST /agents?notice=Vigie%20activ%C3%A9e. 200 in 86ms (next.js: 2ms, proxy.ts: 2ms, application-code: 82ms)
  └─ ƒ runMonitoringScan({}) in 12ms src/app/actions.ts
 GET /alerts?id=9e4b4f61-d6e9-4c0d-b210-ff1a68ba19de 200 in 153ms (next.js: 2ms, proxy.ts: 13ms, application-code: 138ms)
 GET /api/auth/get-session 200 in 39ms (next.js: 8ms, proxy.ts: 5ms, application-code: 26ms)
 GET /api/auth/organization/list 200 in 41ms (next.js: 16ms, proxy.ts: 4ms, application-code: 20ms)
 GET /alerts?notice=Workflow+de+l%E2%80%99alerte+mis+%C3%A0+jour.&id=9e4b4f61-d6e9-4c0d-b210-ff1a68ba19de 200 in 93ms (next.js: 2ms, proxy.ts: 2ms, application-code: 88ms)
 POST /alerts?id=9e4b4f61-d6e9-4c0d-b210-ff1a68ba19de 200 in 123ms (next.js: 3ms, proxy.ts: 6ms, application-code: 113ms)
  └─ ƒ updateAlertWorkflow({}) in 10ms src/app/actions.ts
 GET /alerts?notice=Workflow+de+l%E2%80%99alerte+mis+%C3%A0+jour.&id=9e4b4f61-d6e9-4c0d-b210-ff1a68ba19de 200 in 81ms (next.js: 1.9ms, proxy.ts: 1.9ms, application-code: 77ms)
 POST /alerts?notice=Workflow%20de%20l%E2%80%99alerte%20mis%20%C3%A0%20jour.&id=9e4b4f61-d6e9-4c0d-b210-ff1a68ba19de 200 in 99ms (next.js: 2ms, proxy.ts: 2ms, application-code: 95ms)
  └─ ƒ updateAlertWorkflow({}) in 8ms src/app/actions.ts
  ✘  27 [chromium] › e2e/monitoring-actors-local.spec.ts:6:7 › monitoring actor en preserves authorized controls and rejects a revoked form (17.0s)
(node:57660) Warning: The 'NO_COLOR' env is ignored due to the 'FORCE_COLOR' env being set.
(Use `node --trace-warnings ...` to show where the warning was created)
 GET /insights/devices?client=80000000-0000-4000-8000-000000000094 200 in 285ms (next.js: 113ms, proxy.ts: 3ms, application-code: 168ms)
 GET /api/auth/get-session 200 in 58ms (next.js: 37ms, proxy.ts: 8ms, application-code: 13ms)
 GET /api/auth/organization/list 200 in 61ms (next.js: 30ms, proxy.ts: 8ms, application-code: 23ms)
 GET /tasks 200 in 144ms (next.js: 79ms, proxy.ts: 4ms, application-code: 61ms)
 GET /discussions/tasks/548a6810-4d85-4c2c-904b-f5425229a7a6 200 in 657ms (next.js: 530ms, proxy.ts: 2.0ms, application-code: 125ms)
 GET /api/auth/get-session 200 in 30ms (next.js: 11ms, proxy.ts: 3ms, application-code: 16ms)
 GET /api/auth/organization/list 200 in 32ms (next.js: 18ms, proxy.ts: 3ms, application-code: 10ms)
 GET /dashboard 200 in 133ms (next.js: 60ms, proxy.ts: 4ms, application-code: 69ms)
 GET /tasks 200 in 60ms (next.js: 3ms, proxy.ts: 2ms, application-code: 55ms)
 GET /dashboard 200 in 70ms (next.js: 3ms, proxy.ts: 3ms, application-code: 65ms)
 GET /tasks 200 in 49ms (next.js: 2ms, proxy.ts: 3ms, application-code: 44ms)
 GET /dashboard?client=invalid 404 in 204ms (next.js: 5ms, proxy.ts: 8ms, application-code: 191ms)
 GET /dashboard?client= 404 in 116ms (next.js: 2ms, proxy.ts: 1.8ms, application-code: 112ms)
 GET /dashboard?client=80000000-0000-4000-8000-000000000095 404 in 110ms (next.js: 2ms, proxy.ts: 1.9ms, application-code: 106ms)
 GET /dashboard?client=80000000-0000-4000-8000-000000000094&client=80000000-0000-4000-8000-000000000095 404 in 109ms (next.js: 1.7ms, proxy.ts: 1.9ms, application-code: 106ms)
 GET /analysis?client=invalid 404 in 178ms (next.js: 71ms, proxy.ts: 1.7ms, application-code: 106ms)
 GET /analysis?client= 404 in 110ms (next.js: 1.9ms, proxy.ts: 2ms, application-code: 106ms)
 GET /analysis?client=80000000-0000-4000-8000-000000000095 404 in 128ms (next.js: 1.8ms, proxy.ts: 1.9ms, application-code: 124ms)
 GET /analysis?client=80000000-0000-4000-8000-000000000094&client=80000000-0000-4000-8000-000000000095 404 in 120ms (next.js: 2ms, proxy.ts: 1.7ms, application-code: 116ms)
 GET /insights?client=invalid 404 in 260ms (next.js: 80ms, proxy.ts: 1.9ms, application-code: 178ms)
 GET /insights?client= 404 in 189ms (next.js: 13ms, proxy.ts: 6ms, application-code: 170ms)
 GET /insights?client=80000000-0000-4000-8000-000000000095 404 in 139ms (next.js: 3ms, proxy.ts: 2ms, application-code: 134ms)
 GET /insights?client=80000000-0000-4000-8000-000000000094&client=80000000-0000-4000-8000-000000000095 404 in 109ms (next.js: 1.9ms, proxy.ts: 1.9ms, application-code: 105ms)
 GET /history?client=invalid 404 in 157ms (next.js: 42ms, proxy.ts: 2ms, application-code: 113ms)
 GET /history?client= 404 in 107ms (next.js: 1.7ms, proxy.ts: 1.8ms, application-code: 104ms)
 GET /history?client=80000000-0000-4000-8000-000000000095 404 in 112ms (next.js: 2ms, proxy.ts: 1.8ms, application-code: 108ms)
 GET /history?client=80000000-0000-4000-8000-000000000094&client=80000000-0000-4000-8000-000000000095 404 in 118ms (next.js: 3ms, proxy.ts: 3ms, application-code: 112ms)
 GET /dashboard?client=80000000-0000-4000-8000-000000000094 404 in 106ms (next.js: 2.0ms, proxy.ts: 1.8ms, application-code: 102ms)
  ✓  28 [chromium] › e2e/navigation-state-local.spec.ts:14:53 › live navigation state › follows client navigation, keyboard and invalid accounts in fr (5.3s)
 GET /insights/devices?client=80000000-0000-4000-8000-000000000094 200 in 131ms (next.js: 5ms, proxy.ts: 1.9ms, application-code: 123ms)
 GET /api/auth/get-session 200 in 29ms (next.js: 7ms, proxy.ts: 5ms, application-code: 17ms)
 GET /api/auth/organization/list 200 in 30ms (next.js: 13ms, proxy.ts: 5ms, application-code: 12ms)
 GET /tasks 200 in 65ms (next.js: 3ms, proxy.ts: 3ms, application-code: 60ms)
 GET /discussions/tasks/6b86ccf8-9e63-41ca-84d5-ef2f88e843a2 200 in 146ms (next.js: 4ms, proxy.ts: 1.7ms, application-code: 140ms)
 GET /api/auth/get-session 200 in 37ms (next.js: 12ms, proxy.ts: 11ms, application-code: 14ms)
 GET /api/auth/organization/list 200 in 38ms (next.js: 15ms, proxy.ts: 11ms, application-code: 12ms)
 GET /dashboard 200 in 82ms (next.js: 4ms, proxy.ts: 3ms, application-code: 75ms)
 GET /tasks 200 in 51ms (next.js: 2ms, proxy.ts: 3ms, application-code: 47ms)
 GET /dashboard 200 in 55ms (next.js: 2ms, proxy.ts: 2ms, application-code: 51ms)
 GET /tasks 200 in 171ms (next.js: 2ms, proxy.ts: 3ms, application-code: 166ms)
 GET /dashboard?client=invalid 404 in 140ms (next.js: 3ms, proxy.ts: 4ms, application-code: 133ms)
 GET /dashboard?client= 404 in 121ms (next.js: 4ms, proxy.ts: 2ms, application-code: 115ms)
 GET /dashboard?client=80000000-0000-4000-8000-000000000095 404 in 106ms (next.js: 1.9ms, proxy.ts: 1.7ms, application-code: 102ms)
 GET /dashboard?client=80000000-0000-4000-8000-000000000094&client=80000000-0000-4000-8000-000000000095 404 in 108ms (next.js: 2ms, proxy.ts: 1.8ms, application-code: 104ms)
 GET /analysis?client=invalid 404 in 105ms (next.js: 1.7ms, proxy.ts: 1.7ms, application-code: 102ms)
 GET /analysis?client= 404 in 108ms (next.js: 2ms, proxy.ts: 2ms, application-code: 104ms)
 GET /analysis?client=80000000-0000-4000-8000-000000000095 404 in 106ms (next.js: 1.9ms, proxy.ts: 1.6ms, application-code: 103ms)
 GET /analysis?client=80000000-0000-4000-8000-000000000094&client=80000000-0000-4000-8000-000000000095 404 in 108ms (next.js: 1.8ms, proxy.ts: 1.7ms, application-code: 105ms)
 GET /insights?client=invalid 404 in 106ms (next.js: 1.9ms, proxy.ts: 1.6ms, application-code: 103ms)
 GET /insights?client= 404 in 106ms (next.js: 1.8ms, proxy.ts: 1.7ms, application-code: 103ms)
 GET /insights?client=80000000-0000-4000-8000-000000000095 404 in 122ms (next.js: 2ms, proxy.ts: 2ms, application-code: 118ms)
 GET /insights?client=80000000-0000-4000-8000-000000000094&client=80000000-0000-4000-8000-000000000095 404 in 101ms (next.js: 1.7ms, proxy.ts: 1.8ms, application-code: 98ms)
 GET /history?client=invalid 404 in 106ms (next.js: 1.9ms, proxy.ts: 1.9ms, application-code: 102ms)
 GET /history?client= 404 in 99ms (next.js: 1.8ms, proxy.ts: 1.6ms, application-code: 95ms)
 GET /history?client=80000000-0000-4000-8000-000000000095 404 in 110ms (next.js: 1.8ms, proxy.ts: 1.7ms, application-code: 106ms)
 GET /history?client=80000000-0000-4000-8000-000000000094&client=80000000-0000-4000-8000-000000000095 404 in 105ms (next.js: 1.9ms, proxy.ts: 1.7ms, application-code: 101ms)
 GET /dashboard?client=80000000-0000-4000-8000-000000000094 404 in 108ms (next.js: 1.7ms, proxy.ts: 1.5ms, application-code: 104ms)
  ✓  29 [chromium] › e2e/navigation-state-local.spec.ts:14:53 › live navigation state › follows client navigation, keyboard and invalid accounts in en (3.6s)
 GET /operations/costs?month=2001-03 200 in 219ms (next.js: 67ms, proxy.ts: 1.9ms, application-code: 150ms)
 GET /api/auth/get-session 200 in 33ms (next.js: 10ms, proxy.ts: 4ms, application-code: 19ms)
 GET /api/auth/organization/list 200 in 37ms (next.js: 14ms, proxy.ts: 5ms, application-code: 17ms)
 GET /operations/costs?month=2001-03&notice=Observation+enregistr%C3%A9e+avec+sa+version+et+son+audit. 200 in 108ms (next.js: 2ms, proxy.ts: 4ms, application-code: 103ms)
 POST /operations/costs?month=2001-03 200 in 149ms (next.js: 5ms, proxy.ts: 4ms, application-code: 140ms)
  └─ ƒ recordOperatingCost({}) in 21ms src/app/(app)/operations/costs/actions.ts
 GET /operations/costs?month=2001-03&error=Cette+r%C3%A9f%C3%A9rence+a+%C3%A9t%C3%A9+modifi%C3%A9e.+Rechargez+sa+version+courante. 200 in 72ms (next.js: 1.8ms, proxy.ts: 1.7ms, application-code: 69ms)
 POST /operations/costs?month=2001-03&notice=Observation+enregistr%C3%A9e+avec+sa+version+et+son+audit. 200 in 93ms (next.js: 2ms, proxy.ts: 3ms, application-code: 89ms)
  └─ ƒ recordOperatingCost({}) in 9ms src/app/(app)/operations/costs/actions.ts
 GET /operations/costs?month=2001-03&notice=Observation+enregistr%C3%A9e+avec+sa+version+et+son+audit. 200 in 121ms (next.js: 5ms, proxy.ts: 2ms, application-code: 114ms)
 POST /operations/costs?month=2001-03&error=Cette+r%C3%A9f%C3%A9rence+a+%C3%A9t%C3%A9+modifi%C3%A9e.+Rechargez+sa+version+courante. 200 in 145ms (next.js: 3ms, proxy.ts: 2ms, application-code: 140ms)
  └─ ƒ recordOperatingCost({}) in 12ms src/app/(app)/operations/costs/actions.ts
 GET /operations/costs?month=2001-03&notice=Observation+enregistr%C3%A9e+avec+sa+version+et+son+audit. 200 in 493ms (next.js: 1.9ms, proxy.ts: 3ms, application-code: 489ms)
 GET /api/auth/get-session 200 in 22ms (next.js: 5ms, proxy.ts: 3ms, application-code: 14ms)
 GET /api/auth/organization/list 200 in 23ms (next.js: 11ms, proxy.ts: 4ms, application-code: 9ms)
 GET /operations/costs?month=2001-03&after=browser-cost-ea4dd099-ff8d-4b5e-93be-36441cd34f1a-24 200 in 69ms (next.js: 3ms, proxy.ts: 5ms, application-code: 61ms)
 GET /operations/costs?month=2001-03 200 in 107ms (next.js: 2ms, proxy.ts: 2ms, application-code: 102ms)
 GET /operations/costs?month=2001-03&notice=Observation+enregistr%C3%A9e+avec+sa+version+et+son+audit. 200 in 202ms (next.js: 3ms, proxy.ts: 3ms, application-code: 196ms)
 POST /operations/costs?month=2001-03 200 in 250ms (next.js: 4ms, proxy.ts: 4ms, application-code: 243ms)
  └─ ƒ recordOperatingCost({}) in 13ms src/app/(app)/operations/costs/actions.ts
 GET /operations/costs?month=2001-03 404 in 110ms (next.js: 2ms, proxy.ts: 3ms, application-code: 105ms)
 GET /api/auth/get-session 200 in 86ms (next.js: 61ms, proxy.ts: 13ms, application-code: 13ms)
 GET /api/auth/organization/list 200 in 78ms (next.js: 65ms, proxy.ts: 6ms, application-code: 7ms)
 GET /operations 404 in 187ms (next.js: 41ms, proxy.ts: 1.9ms, application-code: 144ms)
 GET /api/auth/get-session 200 in 20ms (next.js: 4ms, proxy.ts: 4ms, application-code: 13ms)
 GET /api/auth/organization/list 200 in 22ms (next.js: 8ms, proxy.ts: 4ms, application-code: 10ms)
 GET /operations/costs?month=2001-03 404 in 102ms (next.js: 5ms, proxy.ts: 3ms, application-code: 93ms)
  ✓  30 [chromium] › e2e/operating-costs-local.spec.ts:5:55 › operating costs preserve evidence, corrections, pagination and operator access (4.3s)
 GET /api/auth/organization/list 200 in 35ms (next.js: 6ms, proxy.ts: 4ms, application-code: 25ms)
 GET /api/auth/get-session 200 in 36ms (next.js: 27ms, proxy.ts: 4ms, application-code: 5ms)
 GET /settings 200 in 232ms (next.js: 40ms, proxy.ts: 2ms, application-code: 189ms)
 GET /api/auth/get-session 200 in 21ms (next.js: 7ms, proxy.ts: 2ms, application-code: 11ms)
 GET /api/auth/organization/list 200 in 23ms (next.js: 11ms, proxy.ts: 3ms, application-code: 9ms)
 GET /settings?error=La+confirmation+ne+correspond+pas+%C3%A0+l%E2%80%99identifiant+de+l%E2%80%99espace. 200 in 92ms (next.js: 2ms, proxy.ts: 2ms, application-code: 88ms)
 POST /settings 200 in 115ms (next.js: 3ms, proxy.ts: 3ms, application-code: 110ms)
  └─ ƒ transferWorkspaceOwnership({}) in 8ms src/app/actions.ts
 GET /settings?notice=Propri%C3%A9t%C3%A9+de+l%E2%80%99espace+transf%C3%A9r%C3%A9e. 200 in 100ms (next.js: 3ms, proxy.ts: 2ms, application-code: 94ms)
 POST /settings?error=La%20confirmation%20ne%20correspond%20pas%20%C3%A0%20l%E2%80%99identifiant%20de%20l%E2%80%99espace. 200 in 124ms (next.js: 3ms, proxy.ts: 3ms, application-code: 119ms)
  └─ ƒ transferWorkspaceOwnership({}) in 12ms src/app/actions.ts
 GET /settings?error=Seul+le+propri%C3%A9taire+peut+transf%C3%A9rer+la+propri%C3%A9t%C3%A9. 200 in 76ms (next.js: 2ms, proxy.ts: 1.8ms, application-code: 72ms)
 POST /settings?error=La%20confirmation%20ne%20correspond%20pas%20%C3%A0%20l%E2%80%99identifiant%20de%20l%E2%80%99espace. 200 in 94ms (next.js: 3ms, proxy.ts: 3ms, application-code: 87ms)
  └─ ƒ transferWorkspaceOwnership({}) in 5ms src/app/actions.ts
 GET /settings 200 in 177ms (next.js: 8ms, proxy.ts: 2ms, application-code: 167ms)
 GET /api/auth/get-session 200 in 36ms (next.js: 5ms, proxy.ts: 3ms, application-code: 27ms)
 GET /api/auth/organization/list 200 in 38ms (next.js: 11ms, proxy.ts: 3ms, application-code: 24ms)
  ✓  31 [chromium] › e2e/ownership-local.spec.ts:5:61 › ownership transfer fr rechecks old owner authority and preserves other agencies (1.7s)
 GET /settings 200 in 187ms (next.js: 2ms, proxy.ts: 2ms, application-code: 183ms)
 GET /api/auth/get-session 200 in 20ms (next.js: 4ms, proxy.ts: 4ms, application-code: 12ms)
 GET /api/auth/organization/list 200 in 21ms (next.js: 7ms, proxy.ts: 4ms, application-code: 11ms)
 GET /settings?error=La+confirmation+ne+correspond+pas+%C3%A0+l%E2%80%99identifiant+de+l%E2%80%99espace. 200 in 89ms (next.js: 2ms, proxy.ts: 3ms, application-code: 83ms)
 POST /settings 200 in 113ms (next.js: 2ms, proxy.ts: 3ms, application-code: 108ms)
  └─ ƒ transferWorkspaceOwnership({}) in 10ms src/app/actions.ts
 GET /settings?notice=Workspace+ownership+transferred. 200 in 87ms (next.js: 2ms, proxy.ts: 2ms, application-code: 83ms)
 POST /settings?error=La%20confirmation%20ne%20correspond%20pas%20%C3%A0%20l%E2%80%99identifiant%20de%20l%E2%80%99espace. 200 in 119ms (next.js: 2ms, proxy.ts: 2ms, application-code: 115ms)
  └─ ƒ transferWorkspaceOwnership({}) in 12ms src/app/actions.ts
 GET /settings?error=Seul+le+propri%C3%A9taire+peut+transf%C3%A9rer+la+propri%C3%A9t%C3%A9. 200 in 115ms (next.js: 2.0ms, proxy.ts: 1.8ms, application-code: 111ms)
 POST /settings?error=La%20confirmation%20ne%20correspond%20pas%20%C3%A0%20l%E2%80%99identifiant%20de%20l%E2%80%99espace. 200 in 132ms (next.js: 2ms, proxy.ts: 2ms, application-code: 127ms)
  └─ ƒ transferWorkspaceOwnership({}) in 6ms src/app/actions.ts
 GET /settings 200 in 236ms (next.js: 3ms, proxy.ts: 3ms, application-code: 229ms)
 GET /api/auth/get-session 200 in 40ms (next.js: 6ms, proxy.ts: 4ms, application-code: 30ms)
 GET /api/auth/organization/list 200 in 45ms (next.js: 18ms, proxy.ts: 4ms, application-code: 23ms)
  ✓  32 [chromium] › e2e/ownership-local.spec.ts:5:61 › ownership transfer en rechecks old owner authority and preserves other agencies (1.8s)
 GET /portfolio?q=PORTFOLIO_ 200 in 477ms (next.js: 76ms, proxy.ts: 3ms, application-code: 398ms)
 GET /api/auth/get-session 200 in 33ms (next.js: 8ms, proxy.ts: 3ms, application-code: 22ms)
 GET /api/auth/organization/list 200 in 36ms (next.js: 14ms, proxy.ts: 4ms, application-code: 18ms)
 GET /portfolio?q=PORTFOLIO_&cursor=eyJ2IjoxLCJpdiI6IlJiSl9hSDRnXzI2WWMzQXUiLCJ0YWciOiJLMGtDZHdIdUNobmpBbS1EVVZrbUNnIiwiZGF0YSI6IktUT3YtcnNlMDR1dEJ6YVY4UEktX0xHd292eEU3d2tVMU1jMHZfeklTSnNJbmdkbjd4WC04R1BEc1gteUpKa29Edy1DTkxZRTlrSTNCSnluLXBaR1BJRnA5bkt2QzVUOTBRRzUwdDA0R3o3M0ZLRFZuMnJwa3BFRVNpMUJNOHd3eE1XUTlBSXlEbUFmS0E3ZEdXbUJJNEV4c0U2OUt5cVNNWU5ocTBERXBCY0t2YnpLTTlucVdrMTNxWl9SMVJPWmdrMWZiSEdqbU9WNVhxenl6SkRNdEdjSjJvZ19WdXR6c051Tm1IV1hQb1Z3ekV6cDkyM3BRd1BNOV9pcngtX29CTjBLc3V4OFJVN0FBc2o4a3FqVjhWVk0wY3RxcEJFSjlNOENWQVNiVkdnVzlhYnpBZzhkV0EifQ 200 in 140ms (next.js: 5ms, proxy.ts: 6ms, application-code: 129ms)
 GET /portfolio?q=PORTFOLIO_&attention=missing_data&currency=&assignee= 200 in 211ms (next.js: 1.7ms, proxy.ts: 2ms, application-code: 207ms)
 GET /api/auth/get-session 200 in 31ms (next.js: 9ms, proxy.ts: 6ms, application-code: 16ms)
 GET /api/auth/organization/list 200 in 34ms (next.js: 11ms, proxy.ts: 7ms, application-code: 15ms)
 GET /portfolio?q=PORTFOLIO_&attention=missing_data&view_notice=saved 200 in 112ms (next.js: 1.9ms, proxy.ts: 1.7ms, application-code: 109ms)
 POST /portfolio?q=PORTFOLIO_&attention=missing_data&currency=&assignee= 200 in 145ms (next.js: 3ms, proxy.ts: 6ms, application-code: 136ms)
  └─ ƒ storePortfolioView({}) in 12ms src/app/portfolio-actions.ts
 GET /portfolio?q=PORTFOLIO_&attention=missing_data&view_notice=saved 200 in 101ms (next.js: 2ms, proxy.ts: 2ms, application-code: 97ms)
 POST /portfolio?q=PORTFOLIO_&attention=missing_data&view_notice=saved 200 in 122ms (next.js: 2ms, proxy.ts: 3ms, application-code: 117ms)
  └─ ƒ storePortfolioView({}) in 10ms src/app/portfolio-actions.ts
 GET /portfolio?q=PORTFOLIO_ 200 in 332ms (next.js: 1.8ms, proxy.ts: 2ms, application-code: 328ms)
 GET /api/auth/get-session 200 in 24ms (next.js: 6ms, proxy.ts: 3ms, application-code: 16ms)
 GET /api/auth/organization/list 200 in 26ms (next.js: 13ms, proxy.ts: 3ms, application-code: 10ms)
 GET /portfolio?view_notice=conflict 200 in 184ms (next.js: 4ms, proxy.ts: 2ms, application-code: 178ms)
 POST /portfolio?q=PORTFOLIO_ 200 in 218ms (next.js: 3ms, proxy.ts: 6ms, application-code: 210ms)
  └─ ƒ removePortfolioView({}) in 14ms src/app/portfolio-actions.ts
 GET /portfolio?q=PORTFOLIO_ 200 in 378ms (next.js: 2.0ms, proxy.ts: 3ms, application-code: 373ms)
 GET /api/auth/get-session 200 in 22ms (next.js: 6ms, proxy.ts: 2ms, application-code: 14ms)
 GET /api/auth/organization/list 200 in 27ms (next.js: 11ms, proxy.ts: 3ms, application-code: 13ms)
 GET /portfolio?view_notice=deleted 200 in 148ms (next.js: 3ms, proxy.ts: 3ms, application-code: 143ms)
 POST /portfolio?q=PORTFOLIO_ 200 in 181ms (next.js: 4ms, proxy.ts: 4ms, application-code: 173ms)
  └─ ƒ removePortfolioView({}) in 16ms src/app/portfolio-actions.ts
 GET /tasks?status=open&assignee=unassigned 200 in 81ms (next.js: 8ms, proxy.ts: 3ms, application-code: 71ms)
 GET /portfolio?assignee=local-browser-fixture-owner 200 in 243ms (next.js: 2ms, proxy.ts: 2ms, application-code: 239ms)
 GET /api/auth/get-session 200 in 137ms (next.js: 19ms, proxy.ts: 41ms, application-code: 77ms)
 GET /api/auth/organization/list 200 in 137ms (next.js: 24ms, proxy.ts: 39ms, application-code: 74ms)
 GET /portfolio?assignee=local-browser-fixture-owner 200 in 218ms (next.js: 5ms, proxy.ts: 3ms, application-code: 211ms)
 GET /api/auth/get-session 200 in 114ms (next.js: 18ms, proxy.ts: 27ms, application-code: 69ms)
 GET /api/auth/organization/list 200 in 113ms (next.js: 27ms, proxy.ts: 25ms, application-code: 61ms)
 GET /portfolio?q=PORTFOLIO_ 200 in 404ms (next.js: 2ms, proxy.ts: 4ms, application-code: 398ms)
 GET /api/auth/get-session 200 in 26ms (next.js: 7ms, proxy.ts: 4ms, application-code: 16ms)
 GET /api/auth/organization/list 200 in 29ms (next.js: 10ms, proxy.ts: 4ms, application-code: 15ms)
 GET /portfolio?q=PORTFOLIO_ 200 in 358ms (next.js: 2ms, proxy.ts: 4ms, application-code: 352ms)
 GET /api/auth/get-session 200 in 32ms (next.js: 8ms, proxy.ts: 3ms, application-code: 21ms)
 GET /api/auth/organization/list 200 in 34ms (next.js: 14ms, proxy.ts: 4ms, application-code: 17ms)
 GET /portfolio?q=PORTFOLIO_ 307 in 103ms (next.js: 2ms, proxy.ts: 2ms, application-code: 99ms)
 GET /support?error=Vous%20n%E2%80%99avez%20plus%20acc%C3%A8s%20%C3%A0%20cette%20page.%20Choisissez%20une%20rubrique%20disponible%20ou%20contactez%20un%20administrateur. 200 in 135ms (next.js: 35ms, proxy.ts: 3ms, application-code: 98ms)
 GET /portfolio?q=PORTFOLIO_ 307 in 62ms (next.js: 4ms, proxy.ts: 9ms, application-code: 49ms)
 GET /sign-in 200 in 52ms (next.js: 7ms, proxy.ts: 3ms, application-code: 43ms)
{"locale":"fr","developmentStyleViolations":232,"applicationErrors":0}
  ✓  33 [chromium] › e2e/portfolio-local.spec.ts:13:53 › agency portfolio › reviews 50 accounts, personal views and team workload in fr (7.7s)
 GET /portfolio?q=PORTFOLIO_ 200 in 328ms (next.js: 2ms, proxy.ts: 3ms, application-code: 323ms)
 GET /api/auth/get-session 200 in 32ms (next.js: 9ms, proxy.ts: 3ms, application-code: 20ms)
 GET /api/auth/organization/list 200 in 36ms (next.js: 13ms, proxy.ts: 3ms, application-code: 20ms)
 GET /portfolio?q=PORTFOLIO_&cursor=eyJ2IjoxLCJpdiI6ImQ4UDlQWVRpMHV0M3pHblciLCJ0YWciOiI2TTVlYXlWbE1JRl9ZUDEzczRRaU9nIiwiZGF0YSI6IlpwWWtNR3ZINXdnbzVfY1B5RXVhNlhxeEdhSGFGYWk2V0lhLU9saml6MnljMWJmZmt0eE5zT2NqMUdMUWMxTzhsclZ0aDE3UGhuMlFOX1lZTWhmNXJhWEgzMENIb3pqMGJGQWhpMFNCTXQ0dG50SEcyTGY5YjdhMU1zMHNKZ1BsUXd0d0NvTElxMlctOC00RWQwNmtIc0wtTE9fdmVYdDVaeG5PamhPWWEyTmtqOXVSMmktTVZ3VEFxQlhTT0JMZHFaVmV6cWpveDNkX0x0cHJXUFhXd1A5UFhJY1NrTzRFNXJ1NXBpTHcwS1ppYm9uZ3pGWW5YT1NfZ0dKdHJSenhDdjVtSUVlbjJhN0w5UVZlVks3Z3MwQmFGNVpBdnJzSkUzMkdRcEJGQ1M3M2tha2ViRFc1eUEifQ 200 in 170ms (next.js: 4ms, proxy.ts: 5ms, application-code: 160ms)
 GET /portfolio?q=PORTFOLIO_&attention=missing_data&currency=&assignee= 200 in 202ms (next.js: 1.9ms, proxy.ts: 2ms, application-code: 198ms)
 GET /api/auth/get-session 200 in 25ms (next.js: 9ms, proxy.ts: 4ms, application-code: 11ms)
 GET /api/auth/organization/list 200 in 26ms (next.js: 11ms, proxy.ts: 6ms, application-code: 9ms)
 GET /portfolio?q=PORTFOLIO_&attention=missing_data&view_notice=saved 200 in 122ms (next.js: 2.0ms, proxy.ts: 3ms, application-code: 117ms)
 POST /portfolio?q=PORTFOLIO_&attention=missing_data&currency=&assignee= 200 in 148ms (next.js: 3ms, proxy.ts: 3ms, application-code: 142ms)
  └─ ƒ storePortfolioView({}) in 10ms src/app/portfolio-actions.ts
 GET /portfolio?q=PORTFOLIO_&attention=missing_data&view_notice=saved 200 in 116ms (next.js: 2ms, proxy.ts: 2ms, application-code: 112ms)
 POST /portfolio?q=PORTFOLIO_&attention=missing_data&view_notice=saved 200 in 137ms (next.js: 2ms, proxy.ts: 3ms, application-code: 132ms)
  └─ ƒ storePortfolioView({}) in 10ms src/app/portfolio-actions.ts
 GET /portfolio?q=PORTFOLIO_ 200 in 343ms (next.js: 2ms, proxy.ts: 3ms, application-code: 338ms)
 GET /api/auth/get-session 200 in 25ms (next.js: 6ms, proxy.ts: 4ms, application-code: 15ms)
 GET /api/auth/organization/list 200 in 27ms (next.js: 10ms, proxy.ts: 4ms, application-code: 14ms)
 GET /portfolio?view_notice=conflict 200 in 228ms (next.js: 4ms, proxy.ts: 5ms, application-code: 219ms)
 POST /portfolio?q=PORTFOLIO_ 200 in 264ms (next.js: 4ms, proxy.ts: 5ms, application-code: 256ms)
  └─ ƒ removePortfolioView({}) in 15ms src/app/portfolio-actions.ts
 GET /portfolio?q=PORTFOLIO_ 200 in 335ms (next.js: 3ms, proxy.ts: 4ms, application-code: 327ms)
 GET /api/auth/get-session 200 in 20ms (next.js: 5ms, proxy.ts: 3ms, application-code: 12ms)
 GET /api/auth/organization/list 200 in 22ms (next.js: 10ms, proxy.ts: 3ms, application-code: 9ms)
 GET /portfolio?view_notice=deleted 200 in 146ms (next.js: 2ms, proxy.ts: 3ms, application-code: 140ms)
 POST /portfolio?q=PORTFOLIO_ 200 in 172ms (next.js: 3ms, proxy.ts: 4ms, application-code: 165ms)
  └─ ƒ removePortfolioView({}) in 11ms src/app/portfolio-actions.ts
 GET /tasks?status=open&assignee=unassigned 200 in 57ms (next.js: 4ms, proxy.ts: 2ms, application-code: 51ms)
 GET /portfolio?assignee=local-browser-fixture-owner 200 in 191ms (next.js: 3ms, proxy.ts: 1.9ms, application-code: 186ms)
 GET /api/auth/get-session 200 in 112ms (next.js: 18ms, proxy.ts: 27ms, application-code: 67ms)
 GET /api/auth/organization/list 200 in 112ms (next.js: 27ms, proxy.ts: 26ms, application-code: 59ms)
 GET /portfolio?assignee=local-browser-fixture-owner 200 in 201ms (next.js: 3ms, proxy.ts: 3ms, application-code: 195ms)
 GET /api/auth/get-session 200 in 91ms (next.js: 46ms, proxy.ts: 12ms, application-code: 33ms)
 GET /api/auth/organization/list 200 in 95ms (next.js: 49ms, proxy.ts: 13ms, application-code: 33ms)
 GET /portfolio?q=PORTFOLIO_ 200 in 361ms (next.js: 2ms, proxy.ts: 4ms, application-code: 356ms)
 GET /api/auth/get-session 200 in 25ms (next.js: 6ms, proxy.ts: 4ms, application-code: 15ms)
 GET /api/auth/organization/list 200 in 26ms (next.js: 9ms, proxy.ts: 4ms, application-code: 13ms)
 GET /portfolio?q=PORTFOLIO_ 200 in 327ms (next.js: 4ms, proxy.ts: 2.0ms, application-code: 321ms)
 GET /api/auth/get-session 200 in 19ms (next.js: 5ms, proxy.ts: 2ms, application-code: 11ms)
 GET /api/auth/organization/list 200 in 21ms (next.js: 9ms, proxy.ts: 3ms, application-code: 10ms)
 GET /portfolio?q=PORTFOLIO_ 307 in 90ms (next.js: 2ms, proxy.ts: 1.9ms, application-code: 86ms)
 GET /support?error=You%20no%20longer%20have%20access%20to%20this%20page.%20Choose%20an%20available%20section%20or%20contact%20an%20administrator. 200 in 92ms (next.js: 2ms, proxy.ts: 2.0ms, application-code: 88ms)
 GET /portfolio?q=PORTFOLIO_ 307 in 62ms (next.js: 2ms, proxy.ts: 3ms, application-code: 57ms)
 GET /sign-in 200 in 42ms (next.js: 5ms, proxy.ts: 3ms, application-code: 34ms)
{"locale":"en","developmentStyleViolations":233,"applicationErrors":0}
  ✓  34 [chromium] › e2e/portfolio-local.spec.ts:13:53 › agency portfolio › reviews 50 accounts, personal views and team workload in en (7.2s)
 GET /billing 200 in 178ms (next.js: 35ms, proxy.ts: 1.9ms, application-code: 142ms)
 GET /api/auth/get-session 200 in 22ms (next.js: 7ms, proxy.ts: 2ms, application-code: 14ms)
 GET /api/auth/organization/list 200 in 45ms (next.js: 10ms, proxy.ts: 2ms, application-code: 32ms)
 GET /accounts 200 in 163ms (next.js: 34ms, proxy.ts: 3ms, application-code: 126ms)
 GET /api/auth/get-session 200 in 25ms (next.js: 3ms, proxy.ts: 3ms, application-code: 19ms)
 GET /api/auth/organization/list 200 in 27ms (next.js: 6ms, proxy.ts: 3ms, application-code: 17ms)
 POST /accounts 200 in 64ms (next.js: 2ms, proxy.ts: 2ms, application-code: 59ms)
  └─ ƒ setCookieConsent({}) in 2ms src/app/preferences-actions.ts
 GET /accounts?selection=saved 200 in 55ms (next.js: 1.9ms, proxy.ts: 1.5ms, application-code: 52ms)
 POST /accounts 200 in 78ms (next.js: 2ms, proxy.ts: 2ms, application-code: 73ms)
  └─ ƒ updateManagedAccounts({}) in 12ms src/app/account-selection-actions.ts
 GET /accounts?selection=saved 200 in 63ms (next.js: 1.9ms, proxy.ts: 1.8ms, application-code: 59ms)
 POST /accounts?selection=saved 200 in 83ms (next.js: 2ms, proxy.ts: 3ms, application-code: 78ms)
  └─ ƒ updateManagedAccounts({}) in 10ms src/app/account-selection-actions.ts
 GET /accounts?selection=conflict 200 in 54ms (next.js: 2.0ms, proxy.ts: 1.8ms, application-code: 50ms)
 POST /accounts?selection=saved 200 in 74ms (next.js: 2ms, proxy.ts: 3ms, application-code: 69ms)
  └─ ƒ updateManagedAccounts({}) in 9ms src/app/account-selection-actions.ts
 GET /accounts?selection=saved 200 in 60ms (next.js: 1.9ms, proxy.ts: 1.6ms, application-code: 57ms)
 POST /accounts?selection=conflict 200 in 82ms (next.js: 2ms, proxy.ts: 3ms, application-code: 78ms)
  └─ ƒ updateManagedAccounts({}) in 10ms src/app/account-selection-actions.ts
 GET /accounts 200 in 97ms (next.js: 2ms, proxy.ts: 2ms, application-code: 93ms)
  ✓  35 [chromium] › e2e/prod-ready-local.spec.ts:26:44 › local production readiness regression journeys › managed account selection preserves priorities and enforces quota in fr (2.6s)
 GET /billing 200 in 153ms (next.js: 2ms, proxy.ts: 2ms, application-code: 149ms)
 GET /api/auth/get-session 200 in 90ms (next.js: 42ms, proxy.ts: 11ms, application-code: 37ms)
 GET /api/auth/organization/list 200 in 99ms (next.js: 45ms, proxy.ts: 11ms, application-code: 43ms)
 GET /accounts 200 in 145ms (next.js: 2ms, proxy.ts: 4ms, application-code: 139ms)
 GET /api/auth/get-session 200 in 17ms (next.js: 3ms, proxy.ts: 3ms, application-code: 11ms)
 GET /api/auth/organization/list 200 in 19ms (next.js: 7ms, proxy.ts: 3ms, application-code: 9ms)
 POST /accounts 200 in 57ms (next.js: 2.0ms, proxy.ts: 2ms, application-code: 53ms)
  └─ ƒ setCookieConsent({}) in 2ms src/app/preferences-actions.ts
 GET /accounts?selection=saved 200 in 77ms (next.js: 3ms, proxy.ts: 2ms, application-code: 72ms)
 POST /accounts 200 in 102ms (next.js: 3ms, proxy.ts: 3ms, application-code: 96ms)
  └─ ƒ updateManagedAccounts({}) in 11ms src/app/account-selection-actions.ts
 GET /accounts?selection=saved 200 in 63ms (next.js: 3ms, proxy.ts: 1.8ms, application-code: 59ms)
 POST /accounts?selection=saved 200 in 86ms (next.js: 2ms, proxy.ts: 3ms, application-code: 81ms)
  └─ ƒ updateManagedAccounts({}) in 10ms src/app/account-selection-actions.ts
 GET /accounts?selection=conflict 200 in 55ms (next.js: 2ms, proxy.ts: 2ms, application-code: 51ms)
 POST /accounts?selection=saved 200 in 78ms (next.js: 3ms, proxy.ts: 3ms, application-code: 72ms)
  └─ ƒ updateManagedAccounts({}) in 10ms src/app/account-selection-actions.ts
 GET /accounts?selection=saved 200 in 64ms (next.js: 7ms, proxy.ts: 3ms, application-code: 55ms)
 POST /accounts?selection=conflict 200 in 109ms (next.js: 2ms, proxy.ts: 11ms, application-code: 96ms)
  └─ ƒ updateManagedAccounts({}) in 26ms src/app/account-selection-actions.ts
 GET /accounts 200 in 99ms (next.js: 2.0ms, proxy.ts: 1.8ms, application-code: 95ms)
  ✓  36 [chromium] › e2e/prod-ready-local.spec.ts:26:44 › local production readiness regression journeys › managed account selection preserves priorities and enforces quota in en (2.5s)
 GET /dashboard?client=80000000-0000-4000-8000-000000000004 200 in 183ms (next.js: 4ms, proxy.ts: 2ms, application-code: 177ms)
 GET /api/auth/get-session 200 in 34ms (next.js: 7ms, proxy.ts: 4ms, application-code: 23ms)
 GET /api/auth/organization/list 200 in 39ms (next.js: 14ms, proxy.ts: 5ms, application-code: 20ms)
 POST /dashboard?client=80000000-0000-4000-8000-000000000004 200 in 115ms (next.js: 5ms, proxy.ts: 6ms, application-code: 103ms)
  └─ ƒ setCookieConsent({}) in 2ms src/app/preferences-actions.ts
 GET /dashboard?client=80000000-0000-4000-8000-000000000004 200 in 178ms (next.js: 1.9ms, proxy.ts: 1.9ms, application-code: 174ms)
 GET /api/auth/get-session 200 in 25ms (next.js: 4ms, proxy.ts: 3ms, application-code: 18ms)
 GET /api/auth/organization/list 200 in 28ms (next.js: 8ms, proxy.ts: 3ms, application-code: 17ms)
  ✓  37 [chromium] › e2e/prod-ready-local.spec.ts:91:44 › local production readiness regression journeys › pacing uses covered completed days and hides forecasts with a gap in fr (1.2s)
 GET /dashboard?client=80000000-0000-4000-8000-000000000004 200 in 172ms (next.js: 3ms, proxy.ts: 1.9ms, application-code: 167ms)
 GET /api/auth/get-session 200 in 23ms (next.js: 6ms, proxy.ts: 4ms, application-code: 13ms)
 GET /api/auth/organization/list 200 in 33ms (next.js: 10ms, proxy.ts: 4ms, application-code: 20ms)
 POST /dashboard?client=80000000-0000-4000-8000-000000000004 200 in 94ms (next.js: 2ms, proxy.ts: 3ms, application-code: 89ms)
  └─ ƒ setCookieConsent({}) in 0ms src/app/preferences-actions.ts
 GET /dashboard?client=80000000-0000-4000-8000-000000000004 200 in 180ms (next.js: 2ms, proxy.ts: 1.9ms, application-code: 175ms)
 GET /api/auth/get-session 200 in 22ms (next.js: 4ms, proxy.ts: 3ms, application-code: 15ms)
 GET /api/auth/organization/list 200 in 24ms (next.js: 9ms, proxy.ts: 3ms, application-code: 12ms)
  ✓  38 [chromium] › e2e/prod-ready-local.spec.ts:91:44 › local production readiness regression journeys › pacing uses covered completed days and hides forecasts with a gap in en (1.1s)
 GET /dashboard?client=80000000-0000-4000-8000-000000000005 200 in 208ms (next.js: 3ms, proxy.ts: 1.8ms, application-code: 204ms)
 GET /api/auth/get-session 200 in 30ms (next.js: 6ms, proxy.ts: 4ms, application-code: 20ms)
 GET /api/auth/organization/list 200 in 34ms (next.js: 11ms, proxy.ts: 4ms, application-code: 20ms)
 GET /analysis?client=80000000-0000-4000-8000-000000000005 200 in 213ms (next.js: 9ms, proxy.ts: 7ms, application-code: 197ms)
 GET /api/auth/get-session 200 in 95ms (next.js: 46ms, proxy.ts: 21ms, application-code: 28ms)
 GET /api/auth/organization/list 200 in 100ms (next.js: 50ms, proxy.ts: 21ms, application-code: 29ms)
 GET /insights?client=80000000-0000-4000-8000-000000000005 200 in 259ms (next.js: 3ms, proxy.ts: 4ms, application-code: 252ms)
 GET /api/auth/get-session 200 in 101ms (next.js: 18ms, proxy.ts: 29ms, application-code: 54ms)
 GET /api/auth/organization/list 200 in 102ms (next.js: 27ms, proxy.ts: 27ms, application-code: 47ms)
 GET /dashboard?client=80000000-0000-4000-8000-000000000005 200 in 237ms (next.js: 3ms, proxy.ts: 4ms, application-code: 230ms)
 GET /api/auth/get-session 200 in 30ms (next.js: 5ms, proxy.ts: 5ms, application-code: 20ms)
 GET /api/auth/organization/list 200 in 41ms (next.js: 11ms, proxy.ts: 5ms, application-code: 25ms)
 GET /analysis?client=80000000-0000-4000-8000-000000000005 200 in 202ms (next.js: 4ms, proxy.ts: 8ms, application-code: 190ms)
 GET /api/auth/get-session 200 in 79ms (next.js: 42ms, proxy.ts: 14ms, application-code: 23ms)
 GET /api/auth/organization/list 200 in 83ms (next.js: 45ms, proxy.ts: 14ms, application-code: 23ms)
 GET /insights?client=80000000-0000-4000-8000-000000000005 200 in 239ms (next.js: 2ms, proxy.ts: 2ms, application-code: 234ms)
 GET /api/auth/get-session 200 in 89ms (next.js: 46ms, proxy.ts: 19ms, application-code: 24ms)
 GET /api/auth/organization/list 200 in 94ms (next.js: 50ms, proxy.ts: 20ms, application-code: 24ms)
 GET /insights?client=80000000-0000-4000-8000-000000000005 200 in 262ms (next.js: 2ms, proxy.ts: 3ms, application-code: 257ms)
 GET /api/auth/get-session 200 in 22ms (next.js: 6ms, proxy.ts: 3ms, application-code: 13ms)
 GET /api/auth/organization/list 200 in 24ms (next.js: 10ms, proxy.ts: 3ms, application-code: 11ms)
 POST /insights?client=80000000-0000-4000-8000-000000000005 200 in 89ms (next.js: 2ms, proxy.ts: 3ms, application-code: 83ms)
  └─ ƒ setCookieConsent({}) in 2ms src/app/preferences-actions.ts
  ✓  39 [chromium] › e2e/prod-ready-local.spec.ts:128:44 › local production readiness regression journeys › stored analytics remain available without Google and during grace in fr (3.3s)
 GET /dashboard?client=80000000-0000-4000-8000-000000000005 200 in 193ms (next.js: 2ms, proxy.ts: 2ms, application-code: 189ms)
 GET /api/auth/get-session 200 in 25ms (next.js: 5ms, proxy.ts: 3ms, application-code: 16ms)
 GET /api/auth/organization/list 200 in 26ms (next.js: 10ms, proxy.ts: 3ms, application-code: 13ms)
 GET /analysis?client=80000000-0000-4000-8000-000000000005 200 in 194ms (next.js: 3ms, proxy.ts: 6ms, application-code: 185ms)
 GET /api/auth/get-session 200 in 110ms (next.js: 26ms, proxy.ts: 33ms, application-code: 52ms)
 GET /api/auth/organization/list 200 in 96ms (next.js: 53ms, proxy.ts: 16ms, application-code: 27ms)
 GET /insights?client=80000000-0000-4000-8000-000000000005 200 in 265ms (next.js: 3ms, proxy.ts: 4ms, application-code: 258ms)
 GET /api/auth/get-session 200 in 76ms (next.js: 41ms, proxy.ts: 14ms, application-code: 21ms)
 GET /api/auth/organization/list 200 in 82ms (next.js: 45ms, proxy.ts: 14ms, application-code: 23ms)
 GET /dashboard?client=80000000-0000-4000-8000-000000000005 200 in 220ms (next.js: 2ms, proxy.ts: 2ms, application-code: 216ms)
 GET /api/auth/get-session 200 in 18ms (next.js: 3ms, proxy.ts: 3ms, application-code: 12ms)
 GET /api/auth/organization/list 200 in 19ms (next.js: 7ms, proxy.ts: 2ms, application-code: 9ms)
 GET /analysis?client=80000000-0000-4000-8000-000000000005 200 in 187ms (next.js: 2ms, proxy.ts: 3ms, application-code: 182ms)
 GET /api/auth/get-session 200 in 112ms (next.js: 20ms, proxy.ts: 34ms, application-code: 57ms)
 GET /api/auth/organization/list 200 in 110ms (next.js: 30ms, proxy.ts: 32ms, application-code: 48ms)
 GET /insights?client=80000000-0000-4000-8000-000000000005 200 in 258ms (next.js: 3ms, proxy.ts: 4ms, application-code: 252ms)
 GET /api/auth/get-session 200 in 83ms (next.js: 50ms, proxy.ts: 17ms, application-code: 16ms)
 GET /api/auth/organization/list 200 in 87ms (next.js: 52ms, proxy.ts: 18ms, application-code: 17ms)
 GET /insights?client=80000000-0000-4000-8000-000000000005 200 in 242ms (next.js: 2ms, proxy.ts: 3ms, application-code: 237ms)
 GET /api/auth/get-session 200 in 20ms (next.js: 6ms, proxy.ts: 3ms, application-code: 11ms)
 GET /api/auth/organization/list 200 in 23ms (next.js: 9ms, proxy.ts: 3ms, application-code: 11ms)
 POST /insights?client=80000000-0000-4000-8000-000000000005 200 in 91ms (next.js: 2ms, proxy.ts: 4ms, application-code: 85ms)
  └─ ƒ setCookieConsent({}) in 2ms src/app/preferences-actions.ts
  ✓  40 [chromium] › e2e/prod-ready-local.spec.ts:128:44 › local production readiness regression journeys › stored analytics remain available without Google and during grace in en (3.1s)
 GET /dashboard?client=80000000-0000-4000-8000-000000000006 200 in 205ms (next.js: 2ms, proxy.ts: 2.0ms, application-code: 201ms)
 GET /api/auth/get-session 200 in 22ms (next.js: 6ms, proxy.ts: 3ms, application-code: 13ms)
 GET /api/auth/organization/list 200 in 23ms (next.js: 9ms, proxy.ts: 3ms, application-code: 11ms)
 POST /dashboard?client=80000000-0000-4000-8000-000000000006 200 in 98ms (next.js: 2ms, proxy.ts: 2ms, application-code: 93ms)
  └─ ƒ setCookieConsent({}) in 2ms src/app/preferences-actions.ts
 GET /dashboard?client=80000000-0000-4000-8000-000000000006&sync=queued 200 in 173ms (next.js: 2ms, proxy.ts: 3ms, application-code: 168ms)
 POST /dashboard?client=80000000-0000-4000-8000-000000000006 200 in 198ms (next.js: 2ms, proxy.ts: 3ms, application-code: 192ms)
  └─ ƒ refreshAnalyticalData({}) in 12ms src/app/analytical-actions.ts
 GET /dashboard?client=80000000-0000-4000-8000-000000000006&sync=pending 200 in 106ms (next.js: 2.0ms, proxy.ts: 2ms, application-code: 102ms)
 POST /dashboard?client=80000000-0000-4000-8000-000000000006&sync=queued 200 in 127ms (next.js: 3ms, proxy.ts: 3ms, application-code: 121ms)
  └─ ƒ refreshAnalyticalData({}) in 8ms src/app/analytical-actions.ts
 GET /dashboard?client=80000000-0000-4000-8000-000000000006 200 in 159ms (next.js: 4ms, proxy.ts: 1.8ms, application-code: 154ms)
 GET /dashboard?client=80000000-0000-4000-8000-000000000006 200 in 168ms (next.js: 2ms, proxy.ts: 2ms, application-code: 163ms)
 GET /api/auth/get-session 200 in 23ms (next.js: 5ms, proxy.ts: 3ms, application-code: 15ms)
 GET /api/auth/organization/list 200 in 25ms (next.js: 9ms, proxy.ts: 3ms, application-code: 14ms)
 GET /dashboard?client=80000000-0000-4000-8000-000000000006&sync=unavailable 200 in 94ms (next.js: 2ms, proxy.ts: 3ms, application-code: 89ms)
 POST /dashboard?client=80000000-0000-4000-8000-000000000006 200 in 114ms (next.js: 3ms, proxy.ts: 3ms, application-code: 108ms)
  └─ ƒ refreshAnalyticalData({}) in 6ms src/app/analytical-actions.ts
  ✓  41 [chromium] › e2e/prod-ready-local.spec.ts:180:99 › local production readiness regression journeys › analytical refresh enqueues once and handles revoked connections in fr (2.2s)
 GET /dashboard?client=80000000-0000-4000-8000-000000000006 200 in 170ms (next.js: 2ms, proxy.ts: 2ms, application-code: 166ms)
 GET /api/auth/get-session 200 in 109ms (next.js: 39ms, proxy.ts: 40ms, application-code: 30ms)
 GET /api/auth/organization/list 200 in 142ms (next.js: 38ms, proxy.ts: 40ms, application-code: 64ms)
 POST /dashboard?client=80000000-0000-4000-8000-000000000006 200 in 134ms (next.js: 13ms, proxy.ts: 9ms, application-code: 111ms)
  └─ ƒ setCookieConsent({}) in 0ms src/app/preferences-actions.ts
 GET /dashboard?client=80000000-0000-4000-8000-000000000006&sync=queued 200 in 82ms (next.js: 1.9ms, proxy.ts: 2ms, application-code: 78ms)
 POST /dashboard?client=80000000-0000-4000-8000-000000000006 200 in 103ms (next.js: 2ms, proxy.ts: 2ms, application-code: 98ms)
  └─ ƒ refreshAnalyticalData({}) in 11ms src/app/analytical-actions.ts
 GET /dashboard?client=80000000-0000-4000-8000-000000000006&sync=pending 200 in 96ms (next.js: 2ms, proxy.ts: 10ms, application-code: 84ms)
 POST /dashboard?client=80000000-0000-4000-8000-000000000006&sync=queued 200 in 117ms (next.js: 4ms, proxy.ts: 3ms, application-code: 110ms)
  └─ ƒ refreshAnalyticalData({}) in 8ms src/app/analytical-actions.ts
 GET /dashboard?client=80000000-0000-4000-8000-000000000006 200 in 160ms (next.js: 3ms, proxy.ts: 5ms, application-code: 153ms)
 GET /dashboard?client=80000000-0000-4000-8000-000000000006 200 in 173ms (next.js: 2ms, proxy.ts: 2.0ms, application-code: 169ms)
 GET /api/auth/get-session 200 in 25ms (next.js: 5ms, proxy.ts: 4ms, application-code: 15ms)
 GET /api/auth/organization/list 200 in 29ms (next.js: 9ms, proxy.ts: 5ms, application-code: 15ms)
 GET /dashboard?client=80000000-0000-4000-8000-000000000006&sync=unavailable 200 in 91ms (next.js: 2ms, proxy.ts: 2ms, application-code: 87ms)
 POST /dashboard?client=80000000-0000-4000-8000-000000000006 200 in 115ms (next.js: 2ms, proxy.ts: 3ms, application-code: 109ms)
  └─ ƒ refreshAnalyticalData({}) in 10ms src/app/analytical-actions.ts
  ✓  42 [chromium] › e2e/prod-ready-local.spec.ts:180:99 › local production readiness regression journeys › analytical refresh enqueues once and handles revoked connections in en (2.1s)
 GET /accounts 200 in 106ms (next.js: 3ms, proxy.ts: 1.9ms, application-code: 100ms)
 GET /api/auth/get-session 200 in 80ms (next.js: 58ms, proxy.ts: 4ms, application-code: 18ms)
 GET /api/auth/organization/list 200 in 143ms (next.js: 61ms, proxy.ts: 4ms, application-code: 78ms)
 GET /history 200 in 172ms (next.js: 9ms, proxy.ts: 4ms, application-code: 159ms)
 GET /api/auth/get-session 200 in 26ms (next.js: 10ms, proxy.ts: 4ms, application-code: 12ms)
 GET /api/auth/organization/list 200 in 28ms (next.js: 14ms, proxy.ts: 4ms, application-code: 10ms)
 GET /alerts 200 in 169ms (next.js: 46ms, proxy.ts: 3ms, application-code: 120ms)
 GET /api/auth/get-session 200 in 77ms (next.js: 44ms, proxy.ts: 4ms, application-code: 29ms)
 GET /api/auth/organization/list 200 in 88ms (next.js: 50ms, proxy.ts: 4ms, application-code: 34ms)
 GET /tasks 200 in 156ms (next.js: 6ms, proxy.ts: 3ms, application-code: 147ms)
 GET /api/auth/get-session 200 in 27ms (next.js: 8ms, proxy.ts: 4ms, application-code: 15ms)
 GET /api/auth/organization/list 200 in 38ms (next.js: 13ms, proxy.ts: 4ms, application-code: 21ms)
 GET /approvals 200 in 167ms (next.js: 44ms, proxy.ts: 4ms, application-code: 118ms)
 GET /api/auth/get-session 200 in 27ms (next.js: 8ms, proxy.ts: 3ms, application-code: 16ms)
 GET /api/auth/organization/list 200 in 30ms (next.js: 13ms, proxy.ts: 4ms, application-code: 13ms)
 GET /reports 200 in 165ms (next.js: 42ms, proxy.ts: 4ms, application-code: 120ms)
 GET /api/auth/get-session 200 in 29ms (next.js: 9ms, proxy.ts: 6ms, application-code: 14ms)
 GET /api/auth/organization/list 200 in 31ms (next.js: 16ms, proxy.ts: 6ms, application-code: 9ms)
 GET /audit 200 in 206ms (next.js: 34ms, proxy.ts: 6ms, application-code: 166ms)
 GET /accounts 200 in 102ms (next.js: 4ms, proxy.ts: 2ms, application-code: 96ms)
 GET /api/auth/get-session 200 in 82ms (next.js: 23ms, proxy.ts: 5ms, application-code: 54ms)
 GET /api/auth/organization/list 200 in 91ms (next.js: 31ms, proxy.ts: 6ms, application-code: 54ms)
 GET /history 200 in 157ms (next.js: 11ms, proxy.ts: 15ms, application-code: 131ms)
 GET /api/auth/get-session 200 in 73ms (next.js: 43ms, proxy.ts: 4ms, application-code: 26ms)
 GET /api/auth/organization/list 200 in 78ms (next.js: 43ms, proxy.ts: 6ms, application-code: 28ms)
 GET /alerts 200 in 152ms (next.js: 5ms, proxy.ts: 5ms, application-code: 142ms)
 GET /api/auth/get-session 200 in 72ms (next.js: 8ms, proxy.ts: 5ms, application-code: 59ms)
 GET /api/auth/organization/list 200 in 79ms (next.js: 29ms, proxy.ts: 5ms, application-code: 45ms)
 GET /tasks 200 in 166ms (next.js: 10ms, proxy.ts: 4ms, application-code: 151ms)
 GET /api/auth/get-session 200 in 69ms (next.js: 44ms, proxy.ts: 4ms, application-code: 20ms)
 GET /api/auth/organization/list 200 in 104ms (next.js: 48ms, proxy.ts: 4ms, application-code: 52ms)
 GET /approvals 200 in 149ms (next.js: 4ms, proxy.ts: 4ms, application-code: 141ms)
 GET /api/auth/get-session 200 in 78ms (next.js: 41ms, proxy.ts: 5ms, application-code: 32ms)
 GET /api/auth/organization/list 200 in 100ms (next.js: 50ms, proxy.ts: 5ms, application-code: 45ms)
 GET /reports 200 in 128ms (next.js: 6ms, proxy.ts: 4ms, application-code: 118ms)
  ✓  43 [chromium] › e2e/prod-ready-local.spec.ts:227:9 › local production readiness regression journeys › grace permits stored views while hiding mutations (4.1s)
 GET /dashboard 307 in 91ms (next.js: 2ms, proxy.ts: 2ms, application-code: 87ms)
 GET /billing?notice=Your%20current%20access%20is%20limited%20to%20billing%20and%20stored%20data. 200 in 127ms (next.js: 4ms, proxy.ts: 2ms, application-code: 121ms)
 GET /dashboard 307 in 80ms (next.js: 2ms, proxy.ts: 1.9ms, application-code: 76ms)
 GET /support?notice=Your%20current%20access%20is%20limited%20to%20billing%20and%20stored%20data. 200 in 94ms (next.js: 3ms, proxy.ts: 1.9ms, application-code: 89ms)
 GET /dashboard 307 in 73ms (next.js: 1.8ms, proxy.ts: 1.9ms, application-code: 70ms)
 GET /support?notice=Your%20current%20access%20is%20limited%20to%20billing%20and%20stored%20data. 200 in 89ms (next.js: 1.9ms, proxy.ts: 1.9ms, application-code: 85ms)
  ✓  44 [chromium] › e2e/prod-ready-local.spec.ts:242:9 › local production readiness regression journeys › suspended members have an accessible recovery destination without redirect loops (1.4s)
 GET /dashboard 200 in 113ms (next.js: 2ms, proxy.ts: 2ms, application-code: 108ms)
 GET /api/auth/get-session 200 in 27ms (next.js: 7ms, proxy.ts: 3ms, application-code: 17ms)
 GET /api/auth/organization/list 200 in 28ms (next.js: 15ms, proxy.ts: 4ms, application-code: 9ms)
 POST /dashboard 200 in 79ms (next.js: 2ms, proxy.ts: 2ms, application-code: 74ms)
  └─ ƒ setCookieConsent({}) in 2ms src/app/preferences-actions.ts
 GET /settings 200 in 64ms (next.js: 5ms, proxy.ts: 2ms, application-code: 57ms)
  ✓  45 [chromium] › e2e/prod-ready-local.spec.ts:254:11 › local production readiness regression journeys › full navigation and workspace selection work at 390px in fr (1.7s)
 GET /dashboard 200 in 120ms (next.js: 2ms, proxy.ts: 2ms, application-code: 116ms)
 GET /api/auth/get-session 200 in 38ms (next.js: 12ms, proxy.ts: 4ms, application-code: 22ms)
 GET /api/auth/organization/list 200 in 42ms (next.js: 19ms, proxy.ts: 5ms, application-code: 19ms)
 POST /dashboard 200 in 84ms (next.js: 5ms, proxy.ts: 7ms, application-code: 72ms)
  └─ ƒ setCookieConsent({}) in 2ms src/app/preferences-actions.ts
 GET /settings 200 in 67ms (next.js: 2ms, proxy.ts: 2ms, application-code: 63ms)
  ✓  46 [chromium] › e2e/prod-ready-local.spec.ts:254:11 › local production readiness regression journeys › full navigation and workspace selection work at 768px in fr (895ms)
 GET /dashboard 200 in 118ms (next.js: 2ms, proxy.ts: 1.9ms, application-code: 114ms)
 GET /api/auth/get-session 200 in 31ms (next.js: 6ms, proxy.ts: 2ms, application-code: 23ms)
 GET /api/auth/organization/list 200 in 33ms (next.js: 11ms, proxy.ts: 2ms, application-code: 20ms)
 POST /dashboard 200 in 88ms (next.js: 5ms, proxy.ts: 3ms, application-code: 79ms)
  └─ ƒ setCookieConsent({}) in 2ms src/app/preferences-actions.ts
 GET /settings 200 in 64ms (next.js: 3ms, proxy.ts: 2ms, application-code: 59ms)
  ✓  47 [chromium] › e2e/prod-ready-local.spec.ts:254:11 › local production readiness regression journeys › full navigation and workspace selection work at 390px in en (824ms)
 GET /dashboard 200 in 121ms (next.js: 2ms, proxy.ts: 2ms, application-code: 117ms)
 GET /api/auth/get-session 200 in 23ms (next.js: 6ms, proxy.ts: 4ms, application-code: 13ms)
 GET /api/auth/organization/list 200 in 25ms (next.js: 9ms, proxy.ts: 4ms, application-code: 11ms)
 POST /dashboard 200 in 66ms (next.js: 3ms, proxy.ts: 2ms, application-code: 61ms)
  └─ ƒ setCookieConsent({}) in 2ms src/app/preferences-actions.ts
 GET /settings 200 in 74ms (next.js: 3ms, proxy.ts: 2ms, application-code: 68ms)
  ✓  48 [chromium] › e2e/prod-ready-local.spec.ts:254:11 › local production readiness regression journeys › full navigation and workspace selection work at 768px in en (838ms)
 GET /dashboard 200 in 112ms (next.js: 2ms, proxy.ts: 1.9ms, application-code: 108ms)
 GET /api/auth/get-session 200 in 32ms (next.js: 5ms, proxy.ts: 3ms, application-code: 24ms)
 GET /api/auth/organization/list 200 in 35ms (next.js: 13ms, proxy.ts: 3ms, application-code: 20ms)
 POST /dashboard 200 in 72ms (next.js: 3ms, proxy.ts: 2ms, application-code: 67ms)
  └─ ƒ setCookieConsent({}) in 1ms src/app/preferences-actions.ts
 POST /api/auth/organization/set-active 200 in 13ms (next.js: 3ms, proxy.ts: 2ms, application-code: 8ms)
 GET /api/auth/get-session 200 in 54ms (next.js: 35ms, proxy.ts: 10ms, application-code: 9ms)
 GET /dashboard 307 in 87ms (next.js: 2ms, proxy.ts: 1.7ms, application-code: 83ms)
 GET /support?error=Vous%20n%E2%80%99avez%20plus%20acc%C3%A8s%20%C3%A0%20cette%20page.%20Choisissez%20une%20rubrique%20disponible%20ou%20contactez%20un%20administrateur. 200 in 116ms (next.js: 3ms, proxy.ts: 4ms, application-code: 109ms)
 GET /api/auth/get-session 200 in 23ms (next.js: 5ms, proxy.ts: 4ms, application-code: 14ms)
 GET /api/auth/organization/list 200 in 25ms (next.js: 8ms, proxy.ts: 6ms, application-code: 11ms)
 POST /api/auth/organization/set-active 200 in 14ms (next.js: 4ms, proxy.ts: 2ms, application-code: 8ms)
 GET /api/auth/get-session 200 in 85ms (next.js: 54ms, proxy.ts: 11ms, application-code: 20ms)
 GET /dashboard 200 in 142ms (next.js: 2ms, proxy.ts: 1.5ms, application-code: 139ms)
 GET /api/auth/get-session 200 in 20ms (next.js: 4ms, proxy.ts: 3ms, application-code: 12ms)
 GET /api/auth/organization/list 200 in 21ms (next.js: 7ms, proxy.ts: 4ms, application-code: 10ms)
  ✓  49 [chromium] › e2e/prod-ready-local.spec.ts:279:9 › local production readiness regression journeys › workspace selection switches context and permissions on mobile (1.5s)
 GET /agents 200 in 157ms (next.js: 28ms, proxy.ts: 1.8ms, application-code: 127ms)
  ✓  50 [chromium] › e2e/prod-ready-local.spec.ts:301:9 › local production readiness regression journeys › analysts do not see monitoring controls denied by their role (434ms)
 GET /status 200 in 72ms (next.js: 18ms, proxy.ts: 1.8ms, application-code: 52ms)
 GET /status 200 in 179ms (next.js: 1.9ms, proxy.ts: 2ms, application-code: 175ms)
 GET /status?status=active 200 in 29ms (next.js: 2ms, proxy.ts: 2ms, application-code: 25ms)
 GET /status/d6f7f792-ea1c-4822-8a93-a10aa513fd82 200 in 411ms (next.js: 376ms, proxy.ts: 2ms, application-code: 33ms)
 GET /status/d6f7f792-ea1c-4822-8a93-a10aa513fd82?cursor=eyJ2IjoxLCJpdiI6ImVGbW80Y3RmejJlRGZmX1IiLCJ0YWciOiJicFVrZFhnYTROLWFyM3VWZGF6OTh3IiwiZGF0YSI6Im56VkRFS2hnWEE1YWFidElUSmxaMXNtSE1GLWE1am15TTJURUItMGlvS0hpLVB1TmNpMjhFTUltVFF4QTk0UEFXVWg4NXZhSC1fZ1RzTVJXelNxMXFZLVlfMHM1ZDVON2ZQRndSbndHcGNCdTRyczdqcVN2WndDRHo1cW1jRDFlZ3pkZ3RjQXUzR1huRGRJWFRMa2JmUEJCcE1DVmZWcWltWlRFdTNwTzZZV3o3YUstMDYwVkZpckROWXRja3RvdGFSUF80NnpvanFzWjUyMmRRYm1wM0I3ZWFJQTZqcFpGV3RmalZjalVJWDNIZV9acFFua3pzb3IxYUQ3Tm8tblRhTTZQenl5ZjZQcnN3WjBuWGFDbXRrZFRWLU5lS0treUx2dXBIY3NkbUpldHhrQUxoQThxSmcifQ 200 in 53ms (next.js: 7ms, proxy.ts: 4ms, application-code: 42ms)
 GET /status?cursor=forged 200 in 68ms (next.js: 2ms, proxy.ts: 3ms, application-code: 63ms)
 GET /status/dd68bf4e-79de-453f-b040-fac2f1519207 404 in 43ms (next.js: 2ms, proxy.ts: 3ms, application-code: 38ms)
 GET /status/invalid 404 in 47ms (next.js: 5ms, proxy.ts: 1.9ms, application-code: 40ms)
  ✓  51 [chromium] › e2e/public-status-local.spec.ts:13:53 › truthful public status › shows unknown health and complete incident history in fr (2.4s)
 GET /status 200 in 68ms (next.js: 2ms, proxy.ts: 3ms, application-code: 63ms)
 GET /status 200 in 177ms (next.js: 1.9ms, proxy.ts: 2ms, application-code: 172ms)
 GET /status?status=active 200 in 31ms (next.js: 1.8ms, proxy.ts: 2ms, application-code: 27ms)
 GET /status/9ce39a63-2392-410f-ae52-64485036176c 200 in 31ms (next.js: 4ms, proxy.ts: 1.7ms, application-code: 25ms)
 GET /status/9ce39a63-2392-410f-ae52-64485036176c?cursor=eyJ2IjoxLCJpdiI6IjAwOTJNblhjTU9jbDRYOXQiLCJ0YWciOiJvdkNKUmNWZTZRemdIb3FzckotTlVBIiwiZGF0YSI6InN4bHlfU3FlOVRwcFpYVVh6ZDVFbGVUbTFmdG9mdnRSczhvOHZySkJkbGVLMTc1SnRYWkQ5X3BMOEtkdFZIM1Q5Z2paRDJMSTJ6NlM3TnBBSVIwVTBFOXdHU1RwNFNvSl9KUXoxVk96emJKdk5BR2t1NVFWVWh5S2FIb3pOTW9rX2xmdjlaRmMtWVVWRlRsZWdINVlodGxVTk9xemN3RW9SS3dOQ0VIbWxDdldEQVdGcnlWbWU4cWtZWFYxenR3Zmt4VUNtNU05QnVVc1BCZmkyekxRNDRKeTBKQXJIdkhtNkI1Y3BsYW9rUjFHOGppMTJ5aXcxV0VPckpVZHFELVhkemk1Zi02MkRFNWdsdjZUaV9QS2VTU25MdV9HMWE1YTg5eUxkSVlyNHpNbXBicjV6VC1xbkEifQ 200 in 34ms (next.js: 3ms, proxy.ts: 2ms, application-code: 28ms)
 GET /status?cursor=forged 200 in 56ms (next.js: 1.9ms, proxy.ts: 1.9ms, application-code: 53ms)
 GET /status/0a2f2864-5243-48fe-9825-e5e86e91fa4c 404 in 57ms (next.js: 4ms, proxy.ts: 3ms, application-code: 50ms)
 GET /status/invalid 404 in 59ms (next.js: 4ms, proxy.ts: 3ms, application-code: 51ms)
  ✓  52 [chromium] › e2e/public-status-local.spec.ts:13:53 › truthful public status › shows unknown health and complete incident history in en (1.7s)
 GET / 200 in 89ms (next.js: 18ms, proxy.ts: 1.9ms, application-code: 69ms)
  ✓  53 [chromium] › e2e/public.spec.ts:3:5 › public landing exposes the product proposition and account creation (723ms)
 GET /dashboard 307 in 60ms (next.js: 3ms, proxy.ts: 1.9ms, application-code: 55ms)
 GET /sign-in 200 in 40ms (next.js: 5ms, proxy.ts: 1.6ms, application-code: 33ms)
  ✓  54 [chromium] › e2e/public.spec.ts:24:5 › authenticated areas redirect anonymous visitors to sign-in (184ms)
 GET /privacy 200 in 56ms (next.js: 16ms, proxy.ts: 2ms, application-code: 38ms)
 GET /terms 200 in 52ms (next.js: 16ms, proxy.ts: 2ms, application-code: 34ms)
  ✓  55 [chromium] › e2e/public.spec.ts:30:5 › privacy and terms pages are public (505ms)
 GET /subprocessors 200 in 63ms (next.js: 16ms, proxy.ts: 2ms, application-code: 45ms)
  ✓  56 [chromium] › e2e/public.spec.ts:37:5 › the subprocessor register and change-notice policy are public (311ms)
 GET / 200 in 77ms (next.js: 1.8ms, proxy.ts: 3ms, application-code: 72ms)
 GET /privacy 200 in 37ms (next.js: 1.8ms, proxy.ts: 1.8ms, application-code: 34ms)
  ✓  57 [chromium] › e2e/public.spec.ts:44:5 › the public product and legal surface honor the English locale (861ms)
 GET /status 200 in 64ms (next.js: 3ms, proxy.ts: 1.8ms, application-code: 60ms)
  ✓  58 [chromium] › e2e/public.spec.ts:60:5 › public status page never claims operational health when status storage is unavailable (330ms)
 GET /reports 200 in 141ms (next.js: 4ms, proxy.ts: 2ms, application-code: 134ms)
 GET /api/auth/get-session 200 in 22ms (next.js: 6ms, proxy.ts: 3ms, application-code: 13ms)
 GET /api/auth/organization/list 200 in 24ms (next.js: 10ms, proxy.ts: 3ms, application-code: 10ms)
 POST /reports 200 in 77ms (next.js: 2ms, proxy.ts: 3ms, application-code: 72ms)
  └─ ƒ setCookieConsent({}) in 3ms src/app/preferences-actions.ts
 GET /reports?notice=Rapport+cr%C3%A9%C3%A9.+R%C3%A9v%C3%A9lez+son+URL+dans+les+cinq+prochaines+minutes.&reveal=report-url&revealId=5765bd14-a811-4023-a3d8-10326934df78 200 in 94ms (next.js: 2ms, proxy.ts: 2ms, application-code: 89ms)
 POST /reports 200 in 130ms (next.js: 2ms, proxy.ts: 3ms, application-code: 125ms)
  └─ ƒ createShareLink({}) in 23ms src/app/actions.ts
 POST /api/secret-revelation 200 in 95ms (next.js: 73ms, proxy.ts: 4ms, application-code: 18ms)
 GET /r/[REDACTED]?edition=6d7dd02c-4b45-498e-b0ee-fcb9548560fd 200 in 1004ms (next.js: 880ms, proxy.ts: 3ms, application-code: 122ms)
 GET /r/[REDACTED]/csv?edition=6d7dd02c-4b45-498e-b0ee-fcb9548560fd 200 in 782ms (next.js: 742ms, proxy.ts: 6ms, application-code: 34ms)
 GET /r/[REDACTED]/pdf?edition=6d7dd02c-4b45-498e-b0ee-fcb9548560fd 200 in 1016ms (next.js: 737ms, proxy.ts: 1.5ms, application-code: 278ms)
 GET /r/[REDACTED]?error=L%E2%80%99envoi+de+codes+email+n%E2%80%99est+pas+configur%C3%A9.&edition=6d7dd02c-4b45-498e-b0ee-fcb9548560fd 200 in 54ms (next.js: 3ms, proxy.ts: 2ms, application-code: 49ms)
 POST /r/[REDACTED]?edition=6d7dd02c-4b45-498e-b0ee-fcb9548560fd 200 in 83ms (next.js: 4ms, proxy.ts: 3ms, application-code: 75ms)
  └─ ƒ requestReportFeedbackOtp({}) in 11ms src/app/actions.ts
 GET /r/[REDACTED]?edition=6d7dd02c-4b45-498e-b0ee-fcb9548560fd&otp=1 200 in 97ms (next.js: 4ms, proxy.ts: 2ms, application-code: 91ms)
 GET /r/[REDACTED]?error=Demandez+un+nouveau+code.&otp=1&edition=6d7dd02c-4b45-498e-b0ee-fcb9548560fd 200 in 54ms (next.js: 3ms, proxy.ts: 3ms, application-code: 48ms)
 POST /r/[REDACTED]?edition=6d7dd02c-4b45-498e-b0ee-fcb9548560fd&otp=1 200 in 84ms (next.js: 7ms, proxy.ts: 4ms, application-code: 73ms)
  └─ ƒ verifyReportFeedbackOtp({}) in 8ms src/app/actions.ts
 GET /reports?notice=Rapport+cr%C3%A9%C3%A9.+R%C3%A9v%C3%A9lez+son+URL+dans+les+cinq+prochaines+minutes.&reveal=report-url&revealId=e2a7c08e-0d00-4ef7-b2e1-df565216f11f 200 in 78ms (next.js: 2.0ms, proxy.ts: 3ms, application-code: 73ms)
 POST /reports?notice=Rapport%20cr%C3%A9%C3%A9.%20R%C3%A9v%C3%A9lez%20son%20URL%20dans%20les%20cinq%20prochaines%20minutes.&reveal=report-url&revealId=5765bd14-a811-4023-a3d8-10326934df78 200 in 108ms (next.js: 2ms, proxy.ts: 2ms, application-code: 103ms)
  └─ ƒ createShareLink({}) in 19ms src/app/actions.ts
 POST /api/secret-revelation 200 in 17ms (next.js: 2.0ms, proxy.ts: 2ms, application-code: 13ms)
 GET /r/[REDACTED]?edition=8fd32431-141c-4d0c-b97f-5de0eadba76f 200 in 83ms (next.js: 5ms, proxy.ts: 3ms, application-code: 74ms)
 GET /r/[REDACTED]/csv?edition=8fd32431-141c-4d0c-b97f-5de0eadba76f 200 in 18ms (next.js: 4ms, proxy.ts: 3ms, application-code: 11ms)
 GET /r/[REDACTED]/pdf?edition=8fd32431-141c-4d0c-b97f-5de0eadba76f 200 in 134ms (next.js: 5ms, proxy.ts: 1.8ms, application-code: 127ms)
 GET /reports?notice=Rapport+cr%C3%A9%C3%A9.+R%C3%A9v%C3%A9lez+son+URL+dans+les+cinq+prochaines+minutes.&reveal=report-url&revealId=b57216a6-fa16-4964-b3a5-c49db1388a85 200 in 85ms (next.js: 5ms, proxy.ts: 4ms, application-code: 77ms)
 POST /reports?notice=Rapport%20cr%C3%A9%C3%A9.%20R%C3%A9v%C3%A9lez%20son%20URL%20dans%20les%20cinq%20prochaines%20minutes.&reveal=report-url&revealId=e2a7c08e-0d00-4ef7-b2e1-df565216f11f 200 in 158ms (next.js: 5ms, proxy.ts: 6ms, application-code: 146ms)
  └─ ƒ createShareLink({}) in 52ms src/app/actions.ts
 POST /api/secret-revelation 200 in 21ms (next.js: 2ms, proxy.ts: 3ms, application-code: 16ms)
 GET /r/[REDACTED]?edition=9206743c-921d-4edf-9da7-c18408cf0a43 200 in 148ms (next.js: 6ms, proxy.ts: 5ms, application-code: 137ms)
 GET /r/[REDACTED]/csv?edition=9206743c-921d-4edf-9da7-c18408cf0a43 200 in 26ms (next.js: 3ms, proxy.ts: 2ms, application-code: 20ms)
 GET /r/[REDACTED]/pdf?edition=9206743c-921d-4edf-9da7-c18408cf0a43 200 in 100ms (next.js: 3ms, proxy.ts: 2ms, application-code: 95ms)
 GET /reports?notice=Rapport+cr%C3%A9%C3%A9.+R%C3%A9v%C3%A9lez+son+URL+dans+les+cinq+prochaines+minutes.&reveal=report-url&revealId=a3c5426e-cb25-4cfb-bd67-809d39f5d501 200 in 87ms (next.js: 3ms, proxy.ts: 3ms, application-code: 81ms)
 POST /reports?notice=Rapport%20cr%C3%A9%C3%A9.%20R%C3%A9v%C3%A9lez%20son%20URL%20dans%20les%20cinq%20prochaines%20minutes.&reveal=report-url&revealId=b57216a6-fa16-4964-b3a5-c49db1388a85 200 in 131ms (next.js: 12ms, proxy.ts: 2ms, application-code: 116ms)
  └─ ƒ createShareLink({}) in 21ms src/app/actions.ts
 POST /api/secret-revelation 200 in 16ms (next.js: 1.9ms, proxy.ts: 3ms, application-code: 11ms)
 GET /r/[REDACTED]?edition=efe619ed-fa05-41d7-b70b-f082fe19bb8e 200 in 93ms (next.js: 5ms, proxy.ts: 1.8ms, application-code: 87ms)
 GET /r/[REDACTED]/csv?edition=efe619ed-fa05-41d7-b70b-f082fe19bb8e 200 in 28ms (next.js: 6ms, proxy.ts: 3ms, application-code: 19ms)
 GET /r/[REDACTED]/pdf?edition=efe619ed-fa05-41d7-b70b-f082fe19bb8e 200 in 177ms (next.js: 12ms, proxy.ts: 3ms, application-code: 162ms)
 GET /reports?notice=Rapport+cr%C3%A9%C3%A9.+R%C3%A9v%C3%A9lez+son+URL+dans+les+cinq+prochaines+minutes.&reveal=report-url&revealId=56fef47e-570f-4d5c-9a07-72621301fa23 200 in 83ms (next.js: 2ms, proxy.ts: 3ms, application-code: 78ms)
 POST /reports?notice=Rapport%20cr%C3%A9%C3%A9.%20R%C3%A9v%C3%A9lez%20son%20URL%20dans%20les%20cinq%20prochaines%20minutes.&reveal=report-url&revealId=a3c5426e-cb25-4cfb-bd67-809d39f5d501 200 in 130ms (next.js: 3ms, proxy.ts: 4ms, application-code: 123ms)
  └─ ƒ createShareLink({}) in 28ms src/app/actions.ts
 POST /api/secret-revelation 200 in 18ms (next.js: 3ms, proxy.ts: 3ms, application-code: 13ms)
 GET /r/[REDACTED]?edition=5ed8e8e0-203b-4296-8070-feba36c86861 200 in 168ms (next.js: 18ms, proxy.ts: 5ms, application-code: 145ms)
 GET /r/[REDACTED]/csv?edition=5ed8e8e0-203b-4296-8070-feba36c86861 200 in 20ms (next.js: 4ms, proxy.ts: 2ms, application-code: 13ms)
 GET /r/[REDACTED]/pdf?edition=5ed8e8e0-203b-4296-8070-feba36c86861 200 in 97ms (next.js: 3ms, proxy.ts: 2ms, application-code: 92ms)
 GET /r/[REDACTED]?edition=6d7dd02c-4b45-498e-b0ee-fcb9548560fd 200 in 113ms (next.js: 4ms, proxy.ts: 3ms, application-code: 106ms)
 GET /r/[REDACTED]/csv?edition=6d7dd02c-4b45-498e-b0ee-fcb9548560fd 200 in 24ms (next.js: 3ms, proxy.ts: 11ms, application-code: 10ms)
 GET /r/[REDACTED]/pdf?edition=6d7dd02c-4b45-498e-b0ee-fcb9548560fd 200 in 210ms (next.js: 4ms, proxy.ts: 3ms, application-code: 203ms)
 GET /reports?notice=R%C3%A9vision+publi%C3%A9e.+Les+%C3%A9ditions+pr%C3%A9c%C3%A9dentes+restent+inchang%C3%A9es.&reveal=report-url&revealId=e72b330e-85b0-46cf-8154-76dd610858a5 200 in 86ms (next.js: 2ms, proxy.ts: 1.7ms, application-code: 82ms)
 POST /reports?notice=Rapport%20cr%C3%A9%C3%A9.%20R%C3%A9v%C3%A9lez%20son%20URL%20dans%20les%20cinq%20prochaines%20minutes.&reveal=report-url&revealId=56fef47e-570f-4d5c-9a07-72621301fa23 200 in 129ms (next.js: 3ms, proxy.ts: 7ms, application-code: 119ms)
  └─ ƒ reviseReportEdition({}) in 17ms src/app/actions.ts
 POST /api/secret-revelation 200 in 26ms (next.js: 6ms, proxy.ts: 5ms, application-code: 15ms)
 GET /r/[REDACTED]?edition=e1f0a1fa-81b8-423b-94d5-29348f7ef1e6 200 in 99ms (next.js: 6ms, proxy.ts: 2.0ms, application-code: 91ms)
 GET /r/[REDACTED]/csv?edition=e1f0a1fa-81b8-423b-94d5-29348f7ef1e6 200 in 20ms (next.js: 5ms, proxy.ts: 3ms, application-code: 12ms)
 GET /reports?error=Les+donn%C3%A9es+compl%C3%A8tes+de+cette+p%C3%A9riode+ne+sont+pas+disponibles.+Actualisez+l%E2%80%99historique+du+compte+avant+de+publier+ce+bilan. 200 in 92ms (next.js: 3ms, proxy.ts: 3ms, application-code: 86ms)
 POST /reports?notice=R%C3%A9vision%20publi%C3%A9e.%20Les%20%C3%A9ditions%20pr%C3%A9c%C3%A9dentes%20restent%20inchang%C3%A9es.&reveal=report-url&revealId=e72b330e-85b0-46cf-8154-76dd610858a5 200 in 117ms (next.js: 2ms, proxy.ts: 2ms, application-code: 113ms)
  └─ ƒ createShareLink({}) in 13ms src/app/actions.ts
 GET /r/[REDACTED]?edition=6d7dd02c-4b45-498e-b0ee-fcb9548560fd 200 in 94ms (next.js: 4ms, proxy.ts: 4ms, application-code: 87ms)
 GET /r/[REDACTED]/pdf?edition=6d7dd02c-4b45-498e-b0ee-fcb9548560fd 429 in 14ms (next.js: 5ms, proxy.ts: 1.9ms, application-code: 7ms)
 GET /r/[REDACTED]/csv?edition=6d7dd02c-4b45-498e-b0ee-fcb9548560fd 404 in 11ms (next.js: 4ms, proxy.ts: 1.8ms, application-code: 5ms)
 GET /reports 200 in 159ms (next.js: 3ms, proxy.ts: 3ms, application-code: 153ms)
  ✓  59 [chromium] › e2e/report-editions-local.spec.ts:16:53 › published report editions › creates every period and preserves HTML PDF CSV through revision in fr (10.4s)
 GET /reports 200 in 174ms (next.js: 2ms, proxy.ts: 3ms, application-code: 168ms)
 GET /api/auth/get-session 200 in 31ms (next.js: 8ms, proxy.ts: 4ms, application-code: 19ms)
 GET /api/auth/organization/list 200 in 34ms (next.js: 14ms, proxy.ts: 4ms, application-code: 15ms)
 POST /reports 200 in 100ms (next.js: 3ms, proxy.ts: 3ms, application-code: 94ms)
  └─ ƒ setCookieConsent({}) in 2ms src/app/preferences-actions.ts
 GET /reports?notice=Report+created.+Reveal+its+URL+within+the+next+five+minutes.&reveal=report-url&revealId=0e22b7bf-445d-4239-81b2-cf5480769bbc 200 in 71ms (next.js: 2ms, proxy.ts: 2ms, application-code: 67ms)
 POST /reports 200 in 104ms (next.js: 2ms, proxy.ts: 3ms, application-code: 98ms)
  └─ ƒ createShareLink({}) in 20ms src/app/actions.ts
 POST /api/secret-revelation 200 in 16ms (next.js: 2ms, proxy.ts: 3ms, application-code: 11ms)
 GET /r/[REDACTED]?edition=b456200c-3ae1-41a4-94fb-9aa0165ceccf 200 in 103ms (next.js: 4ms, proxy.ts: 3ms, application-code: 96ms)
 GET /r/[REDACTED]/csv?edition=b456200c-3ae1-41a4-94fb-9aa0165ceccf 200 in 16ms (next.js: 4ms, proxy.ts: 1.9ms, application-code: 10ms)
 GET /r/[REDACTED]/pdf?edition=b456200c-3ae1-41a4-94fb-9aa0165ceccf 200 in 255ms (next.js: 4ms, proxy.ts: 2ms, application-code: 249ms)
 GET /r/[REDACTED]?error=Email+code+delivery+is+not+configured.&edition=b456200c-3ae1-41a4-94fb-9aa0165ceccf 200 in 73ms (next.js: 11ms, proxy.ts: 4ms, application-code: 59ms)
 POST /r/[REDACTED]?edition=b456200c-3ae1-41a4-94fb-9aa0165ceccf 200 in 112ms (next.js: 7ms, proxy.ts: 8ms, application-code: 97ms)
  └─ ƒ requestReportFeedbackOtp({}) in 15ms src/app/actions.ts
 GET /r/[REDACTED]?edition=b456200c-3ae1-41a4-94fb-9aa0165ceccf&otp=1 200 in 109ms (next.js: 6ms, proxy.ts: 3ms, application-code: 100ms)
 GET /r/[REDACTED]?error=Request+a+new+code.&otp=1&edition=b456200c-3ae1-41a4-94fb-9aa0165ceccf 200 in 66ms (next.js: 4ms, proxy.ts: 1.8ms, application-code: 61ms)
 POST /r/[REDACTED]?edition=b456200c-3ae1-41a4-94fb-9aa0165ceccf&otp=1 200 in 88ms (next.js: 5ms, proxy.ts: 3ms, application-code: 81ms)
  └─ ƒ verifyReportFeedbackOtp({}) in 6ms src/app/actions.ts
 GET /reports?notice=Report+created.+Reveal+its+URL+within+the+next+five+minutes.&reveal=report-url&revealId=5baf2280-68e3-48e7-b5ab-bdd46b251f91 200 in 94ms (next.js: 6ms, proxy.ts: 6ms, application-code: 82ms)
 POST /reports?notice=Report%20created.%20Reveal%20its%20URL%20within%20the%20next%20five%20minutes.&reveal=report-url&revealId=0e22b7bf-445d-4239-81b2-cf5480769bbc 200 in 139ms (next.js: 7ms, proxy.ts: 5ms, application-code: 127ms)
  └─ ƒ createShareLink({}) in 25ms src/app/actions.ts
 POST /api/secret-revelation 200 in 16ms (next.js: 1.7ms, proxy.ts: 3ms, application-code: 12ms)
 GET /r/[REDACTED]?edition=282ede3d-d0c4-4334-b8e4-fb6daf536a9b 200 in 80ms (next.js: 4ms, proxy.ts: 2ms, application-code: 74ms)
 GET /r/[REDACTED]/csv?edition=282ede3d-d0c4-4334-b8e4-fb6daf536a9b 200 in 17ms (next.js: 5ms, proxy.ts: 2ms, application-code: 10ms)
 GET /r/[REDACTED]/pdf?edition=282ede3d-d0c4-4334-b8e4-fb6daf536a9b 200 in 87ms (next.js: 3ms, proxy.ts: 3ms, application-code: 80ms)
 GET /reports?notice=Report+created.+Reveal+its+URL+within+the+next+five+minutes.&reveal=report-url&revealId=3cb6f61a-fa28-4a76-a8e2-f1e93ad50dc6 200 in 81ms (next.js: 4ms, proxy.ts: 1.8ms, application-code: 75ms)
 POST /reports?notice=Report%20created.%20Reveal%20its%20URL%20within%20the%20next%20five%20minutes.&reveal=report-url&revealId=5baf2280-68e3-48e7-b5ab-bdd46b251f91 200 in 139ms (next.js: 4ms, proxy.ts: 4ms, application-code: 131ms)
  └─ ƒ createShareLink({}) in 41ms src/app/actions.ts
 POST /api/secret-revelation 200 in 19ms (next.js: 2ms, proxy.ts: 3ms, application-code: 14ms)
 GET /r/[REDACTED]?edition=2d3f8484-896c-4d88-a5b1-0dd8870678bd 200 in 144ms (next.js: 8ms, proxy.ts: 3ms, application-code: 134ms)
 GET /r/[REDACTED]/csv?edition=2d3f8484-896c-4d88-a5b1-0dd8870678bd 200 in 39ms (next.js: 6ms, proxy.ts: 5ms, application-code: 28ms)
 GET /r/[REDACTED]/pdf?edition=2d3f8484-896c-4d88-a5b1-0dd8870678bd 200 in 86ms (next.js: 3ms, proxy.ts: 4ms, application-code: 80ms)
 GET /reports?notice=Report+created.+Reveal+its+URL+within+the+next+five+minutes.&reveal=report-url&revealId=6dab0128-1c3a-404a-8a71-cb77a3ddc828 200 in 73ms (next.js: 2.0ms, proxy.ts: 1.7ms, application-code: 70ms)
 POST /reports?notice=Report%20created.%20Reveal%20its%20URL%20within%20the%20next%20five%20minutes.&reveal=report-url&revealId=3cb6f61a-fa28-4a76-a8e2-f1e93ad50dc6 200 in 106ms (next.js: 3ms, proxy.ts: 3ms, application-code: 100ms)
  └─ ƒ createShareLink({}) in 18ms src/app/actions.ts
 POST /api/secret-revelation 200 in 17ms (next.js: 1.9ms, proxy.ts: 3ms, application-code: 12ms)
 GET /r/[REDACTED]?edition=1d6d8fc6-2233-40c6-be5c-b9b097754e46 200 in 97ms (next.js: 5ms, proxy.ts: 2.0ms, application-code: 91ms)
 GET /r/[REDACTED]/csv?edition=1d6d8fc6-2233-40c6-be5c-b9b097754e46 200 in 16ms (next.js: 4ms, proxy.ts: 3ms, application-code: 10ms)
 GET /r/[REDACTED]/pdf?edition=1d6d8fc6-2233-40c6-be5c-b9b097754e46 200 in 82ms (next.js: 3ms, proxy.ts: 1.8ms, application-code: 77ms)
 GET /reports?notice=Report+created.+Reveal+its+URL+within+the+next+five+minutes.&reveal=report-url&revealId=a5f83176-7bab-4ff9-a39a-a3cbfe444988 200 in 90ms (next.js: 3ms, proxy.ts: 2ms, application-code: 85ms)
 POST /reports?notice=Report%20created.%20Reveal%20its%20URL%20within%20the%20next%20five%20minutes.&reveal=report-url&revealId=6dab0128-1c3a-404a-8a71-cb77a3ddc828 200 in 144ms (next.js: 6ms, proxy.ts: 4ms, application-code: 134ms)
  └─ ƒ createShareLink({}) in 33ms src/app/actions.ts
 POST /api/secret-revelation 200 in 29ms (next.js: 4ms, proxy.ts: 3ms, application-code: 22ms)
 GET /r/[REDACTED]?edition=0db64942-a820-4c0d-ae32-58fb94dba62d 200 in 122ms (next.js: 4ms, proxy.ts: 4ms, application-code: 115ms)
 GET /r/[REDACTED]/csv?edition=0db64942-a820-4c0d-ae32-58fb94dba62d 200 in 20ms (next.js: 5ms, proxy.ts: 2ms, application-code: 13ms)
 GET /r/[REDACTED]/pdf?edition=0db64942-a820-4c0d-ae32-58fb94dba62d 200 in 74ms (next.js: 2ms, proxy.ts: 2ms, application-code: 69ms)
 GET /r/[REDACTED]?edition=b456200c-3ae1-41a4-94fb-9aa0165ceccf 200 in 103ms (next.js: 4ms, proxy.ts: 2ms, application-code: 96ms)
 GET /r/[REDACTED]/csv?edition=b456200c-3ae1-41a4-94fb-9aa0165ceccf 200 in 16ms (next.js: 3ms, proxy.ts: 2ms, application-code: 11ms)
 GET /r/[REDACTED]/pdf?edition=b456200c-3ae1-41a4-94fb-9aa0165ceccf 200 in 235ms (next.js: 4ms, proxy.ts: 2ms, application-code: 229ms)
 GET /reports?notice=Revision+published.+Previous+editions+remain+unchanged.&reveal=report-url&revealId=eeaa99f1-ccee-4c65-88c2-b471dcec5213 200 in 82ms (next.js: 2ms, proxy.ts: 2ms, application-code: 78ms)
 POST /reports?notice=Report%20created.%20Reveal%20its%20URL%20within%20the%20next%20five%20minutes.&reveal=report-url&revealId=a5f83176-7bab-4ff9-a39a-a3cbfe444988 200 in 130ms (next.js: 4ms, proxy.ts: 4ms, application-code: 121ms)
  └─ ƒ reviseReportEdition({}) in 27ms src/app/actions.ts
 POST /api/secret-revelation 200 in 22ms (next.js: 3ms, proxy.ts: 4ms, application-code: 15ms)
 GET /r/[REDACTED]?edition=4c28e505-9adb-4456-8c1a-403df7a367dc 200 in 105ms (next.js: 9ms, proxy.ts: 4ms, application-code: 93ms)
 GET /r/[REDACTED]/csv?edition=4c28e505-9adb-4456-8c1a-403df7a367dc 200 in 26ms (next.js: 4ms, proxy.ts: 3ms, application-code: 18ms)
 GET /reports?error=Les+donn%C3%A9es+compl%C3%A8tes+de+cette+p%C3%A9riode+ne+sont+pas+disponibles.+Actualisez+l%E2%80%99historique+du+compte+avant+de+publier+ce+bilan. 200 in 126ms (next.js: 2ms, proxy.ts: 1.7ms, application-code: 121ms)
 POST /reports?notice=Revision%20published.%20Previous%20editions%20remain%20unchanged.&reveal=report-url&revealId=eeaa99f1-ccee-4c65-88c2-b471dcec5213 200 in 151ms (next.js: 3ms, proxy.ts: 2ms, application-code: 146ms)
  └─ ƒ createShareLink({}) in 12ms src/app/actions.ts
 GET /r/[REDACTED]?edition=b456200c-3ae1-41a4-94fb-9aa0165ceccf 200 in 122ms (next.js: 5ms, proxy.ts: 4ms, application-code: 112ms)
 GET /r/[REDACTED]/pdf?edition=b456200c-3ae1-41a4-94fb-9aa0165ceccf 429 in 14ms (next.js: 5ms, proxy.ts: 3ms, application-code: 7ms)
 GET /r/[REDACTED]/csv?edition=b456200c-3ae1-41a4-94fb-9aa0165ceccf 404 in 12ms (next.js: 5ms, proxy.ts: 2ms, application-code: 5ms)
 GET /reports 200 in 163ms (next.js: 2ms, proxy.ts: 2ms, application-code: 158ms)
  ✓  60 [chromium] › e2e/report-editions-local.spec.ts:16:53 › published report editions › creates every period and preserves HTML PDF CSV through revision in en (7.4s)
 GET /settings 200 in 230ms (next.js: 5ms, proxy.ts: 4ms, application-code: 221ms)
 GET /api/auth/get-session 200 in 25ms (next.js: 6ms, proxy.ts: 3ms, application-code: 15ms)
 GET /api/auth/organization/list 200 in 26ms (next.js: 12ms, proxy.ts: 3ms, application-code: 10ms)
 GET /settings?notice=Workspace+language+updated. 200 in 95ms (next.js: 2ms, proxy.ts: 3ms, application-code: 90ms)
 POST /settings 200 in 120ms (next.js: 3ms, proxy.ts: 2ms, application-code: 115ms)
  └─ ƒ updateWorkspaceLocale({}) in 12ms src/app/actions.ts
 GET /settings?notice=Langue+de+l%E2%80%99espace+mise+%C3%A0+jour. 200 in 96ms (next.js: 2ms, proxy.ts: 1.9ms, application-code: 92ms)
 POST /settings?notice=Workspace%20language%20updated. 200 in 118ms (next.js: 2ms, proxy.ts: 2ms, application-code: 114ms)
  └─ ƒ updateWorkspaceLocale({}) in 11ms src/app/actions.ts
 GET /settings?notice=Politique+d%E2%80%99approbation+mise+%C3%A0+jour. 200 in 96ms (next.js: 2ms, proxy.ts: 3ms, application-code: 91ms)
 POST /settings?notice=Langue%20de%20l%E2%80%99espace%20mise%20%C3%A0%20jour. 200 in 123ms (next.js: 3ms, proxy.ts: 4ms, application-code: 116ms)
  └─ ƒ updateApprovalPolicy({}) in 10ms src/app/actions.ts
 GET /settings?notice=Identit%C3%A9+de+marque+enregistr%C3%A9e. 200 in 84ms (next.js: 3ms, proxy.ts: 2ms, application-code: 80ms)
 POST /settings?notice=Politique%20d%E2%80%99approbation%20mise%20%C3%A0%20jour. 200 in 111ms (next.js: 2ms, proxy.ts: 2ms, application-code: 107ms)
  └─ ƒ updateBranding({}) in 16ms src/app/actions.ts
 GET /settings?error=Capability+required%3A+approvals.dual 200 in 86ms (next.js: 2ms, proxy.ts: 2ms, application-code: 81ms)
 POST /settings?notice=Identit%C3%A9%20de%20marque%20enregistr%C3%A9e. 200 in 104ms (next.js: 3ms, proxy.ts: 3ms, application-code: 99ms)
  └─ ƒ updateApprovalPolicy({}) in 6ms src/app/actions.ts
 GET /settings 200 in 184ms (next.js: 2.0ms, proxy.ts: 1.9ms, application-code: 180ms)
 GET /api/auth/get-session 200 in 24ms (next.js: 6ms, proxy.ts: 3ms, application-code: 16ms)
 GET /api/auth/organization/list 200 in 27ms (next.js: 12ms, proxy.ts: 3ms, application-code: 12ms)
 GET /settings?error=Permission+required%3A+workspace%3Aadmin 200 in 70ms (next.js: 2ms, proxy.ts: 2ms, application-code: 65ms)
 POST /settings 200 in 100ms (next.js: 5ms, proxy.ts: 5ms, application-code: 91ms)
  └─ ƒ updateBranding({}) in 10ms src/app/actions.ts
 GET /support?error=Vous+n%E2%80%99avez+plus+acc%C3%A8s+%C3%A0+cette+page.+Choisissez+une+rubrique+disponible+ou+contactez+un+administrateur. 200 in 53ms (next.js: 5ms, proxy.ts: 4ms, application-code: 43ms)
 GET /support?error=Vous+n%E2%80%99avez+plus+acc%C3%A8s+%C3%A0+cette+page.+Choisissez+une+rubrique+disponible+ou+contactez+un+administrateur. 200 in 76ms (next.js: 4ms, proxy.ts: 3ms, application-code: 69ms)
 GET /settings 307 in 105ms (next.js: 2ms, proxy.ts: 2ms, application-code: 100ms)
 GET /portfolio 200 in 161ms (next.js: 3ms, proxy.ts: 2ms, application-code: 156ms)
 GET /api/auth/get-session 200 in 34ms (next.js: 6ms, proxy.ts: 5ms, application-code: 23ms)
 GET /api/auth/organization/list 200 in 37ms (next.js: 13ms, proxy.ts: 5ms, application-code: 19ms)
 GET /portfolio?view_notice=unavailable 200 in 54ms (next.js: 2ms, proxy.ts: 1.9ms, application-code: 50ms)
 POST /portfolio 200 in 76ms (next.js: 3ms, proxy.ts: 3ms, application-code: 70ms)
  └─ ƒ storePortfolioView({}) in 6ms src/app/portfolio-actions.ts
 GET /support?error=Vous+n%E2%80%99avez+plus+acc%C3%A8s+%C3%A0+cette+page.+Choisissez+une+rubrique+disponible+ou+contactez+un+administrateur. 200 in 82ms (next.js: 2ms, proxy.ts: 2ms, application-code: 78ms)
 GET /support?error=Vous+n%E2%80%99avez+plus+acc%C3%A8s+%C3%A0+cette+page.+Choisissez+une+rubrique+disponible+ou+contactez+un+administrateur. 200 in 65ms (next.js: 6ms, proxy.ts: 6ms, application-code: 53ms)
 GET /portfolio 307 in 76ms (next.js: 2ms, proxy.ts: 2.0ms, application-code: 72ms)
  ✓  61 [chromium] › e2e/settings-actors-local.spec.ts:6:7 › settings actor fr saves current policy and rejects downgraded or revoked forms (3.5s)
 GET /settings 200 in 184ms (next.js: 2ms, proxy.ts: 1.9ms, application-code: 180ms)
 GET /api/auth/get-session 200 in 21ms (next.js: 6ms, proxy.ts: 5ms, application-code: 10ms)
 GET /api/auth/organization/list 200 in 22ms (next.js: 9ms, proxy.ts: 5ms, application-code: 8ms)
 GET /settings?notice=Langue+de+l%E2%80%99espace+mise+%C3%A0+jour. 200 in 351ms (next.js: 104ms, proxy.ts: 3ms, application-code: 244ms)
 POST /settings 200 in 385ms (next.js: 4ms, proxy.ts: 4ms, application-code: 377ms)
  └─ ƒ updateWorkspaceLocale({}) in 15ms src/app/actions.ts
 GET /settings?notice=Workspace+language+updated. 200 in 79ms (next.js: 2ms, proxy.ts: 1.7ms, application-code: 75ms)
 POST /settings?notice=Langue%20de%20l%E2%80%99espace%20mise%20%C3%A0%20jour. 200 in 99ms (next.js: 2ms, proxy.ts: 2ms, application-code: 95ms)
  └─ ƒ updateWorkspaceLocale({}) in 10ms src/app/actions.ts
 GET /settings?notice=Approval+policy+updated. 200 in 99ms (next.js: 2ms, proxy.ts: 2.0ms, application-code: 94ms)
 POST /settings?notice=Workspace%20language%20updated. 200 in 121ms (next.js: 2ms, proxy.ts: 4ms, application-code: 115ms)
  └─ ƒ updateApprovalPolicy({}) in 9ms src/app/actions.ts
 GET /settings?notice=Identit%C3%A9+de+marque+enregistr%C3%A9e. 200 in 76ms (next.js: 1.9ms, proxy.ts: 1.7ms, application-code: 73ms)
 POST /settings?notice=Approval%20policy%20updated. 200 in 95ms (next.js: 2ms, proxy.ts: 2ms, application-code: 91ms)
  └─ ƒ updateBranding({}) in 8ms src/app/actions.ts
 GET /settings?error=Capability+required%3A+approvals.dual 200 in 103ms (next.js: 1.9ms, proxy.ts: 2ms, application-code: 99ms)
 POST /settings?notice=Identit%C3%A9%20de%20marque%20enregistr%C3%A9e. 200 in 121ms (next.js: 2ms, proxy.ts: 2ms, application-code: 116ms)
  └─ ƒ updateApprovalPolicy({}) in 7ms src/app/actions.ts
 GET /settings 200 in 176ms (next.js: 2ms, proxy.ts: 1.8ms, application-code: 172ms)
 GET /api/auth/get-session 200 in 20ms (next.js: 6ms, proxy.ts: 2ms, application-code: 12ms)
 GET /api/auth/organization/list 200 in 22ms (next.js: 11ms, proxy.ts: 2ms, application-code: 9ms)
 GET /settings?error=Permission+required%3A+workspace%3Aadmin 200 in 54ms (next.js: 2ms, proxy.ts: 1.7ms, application-code: 50ms)
 POST /settings 200 in 73ms (next.js: 2ms, proxy.ts: 2ms, application-code: 68ms)
  └─ ƒ updateBranding({}) in 8ms src/app/actions.ts
 GET /support?error=You+no+longer+have+access+to+this+page.+Choose+an+available+section+or+contact+an+administrator. 200 in 82ms (next.js: 2ms, proxy.ts: 1.9ms, application-code: 78ms)
 GET /support?error=You+no+longer+have+access+to+this+page.+Choose+an+available+section+or+contact+an+administrator. 200 in 67ms (next.js: 6ms, proxy.ts: 6ms, application-code: 55ms)
 GET /settings 307 in 101ms (next.js: 3ms, proxy.ts: 3ms, application-code: 95ms)
 GET /portfolio 200 in 159ms (next.js: 1.8ms, proxy.ts: 1.9ms, application-code: 156ms)
 GET /api/auth/get-session 200 in 27ms (next.js: 6ms, proxy.ts: 3ms, application-code: 17ms)
 GET /api/auth/organization/list 200 in 29ms (next.js: 12ms, proxy.ts: 3ms, application-code: 15ms)
 GET /portfolio?view_notice=unavailable 200 in 49ms (next.js: 2.0ms, proxy.ts: 2.0ms, application-code: 45ms)
 POST /portfolio 200 in 67ms (next.js: 2ms, proxy.ts: 3ms, application-code: 62ms)
  └─ ƒ storePortfolioView({}) in 7ms src/app/portfolio-actions.ts
 GET /support?error=You+no+longer+have+access+to+this+page.+Choose+an+available+section+or+contact+an+administrator. 200 in 80ms (next.js: 3ms, proxy.ts: 2ms, application-code: 75ms)
 GET /support?error=You+no+longer+have+access+to+this+page.+Choose+an+available+section+or+contact+an+administrator. 200 in 60ms (next.js: 13ms, proxy.ts: 4ms, application-code: 42ms)
 GET /portfolio 307 in 74ms (next.js: 1.8ms, proxy.ts: 1.7ms, application-code: 70ms)
  ✓  62 [chromium] › e2e/settings-actors-local.spec.ts:6:7 › settings actor en saves current policy and rejects downgraded or revoked forms (3.5s)
 GET /tasks 200 in 265ms (next.js: 3ms, proxy.ts: 2ms, application-code: 260ms)
 GET /api/auth/get-session 200 in 27ms (next.js: 6ms, proxy.ts: 3ms, application-code: 18ms)
 GET /api/auth/organization/list 200 in 29ms (next.js: 15ms, proxy.ts: 3ms, application-code: 11ms)
 GET /tasks?notice=T%C3%A2che+cr%C3%A9%C3%A9e. 200 in 85ms (next.js: 2ms, proxy.ts: 2.0ms, application-code: 81ms)
 POST /tasks 200 in 109ms (next.js: 3ms, proxy.ts: 3ms, application-code: 103ms)
  └─ ƒ createWorkspaceTask({}) in 10ms src/app/actions.ts
 GET /tasks?id=cc5013e6-1617-4f94-8c74-38de2cfb3ecd 200 in 151ms (next.js: 2ms, proxy.ts: 2ms, application-code: 146ms)
 GET /api/auth/get-session 200 in 25ms (next.js: 7ms, proxy.ts: 3ms, application-code: 15ms)
 GET /api/auth/organization/list 200 in 26ms (next.js: 10ms, proxy.ts: 3ms, application-code: 12ms)
 GET /tasks?notice=T%C3%A2che+mise+%C3%A0+jour.&id=cc5013e6-1617-4f94-8c74-38de2cfb3ecd 200 in 79ms (next.js: 1.8ms, proxy.ts: 1.7ms, application-code: 76ms)
 POST /tasks?id=cc5013e6-1617-4f94-8c74-38de2cfb3ecd 200 in 100ms (next.js: 2ms, proxy.ts: 2ms, application-code: 95ms)
  └─ ƒ updateWorkspaceTask({}) in 11ms src/app/actions.ts
 GET /tasks?notice=T%C3%A2che+mise+%C3%A0+jour.&id=cc5013e6-1617-4f94-8c74-38de2cfb3ecd 200 in 66ms (next.js: 1.9ms, proxy.ts: 1.8ms, application-code: 62ms)
 POST /tasks?notice=T%C3%A2che%20mise%20%C3%A0%20jour.&id=cc5013e6-1617-4f94-8c74-38de2cfb3ecd 200 in 84ms (next.js: 1.9ms, proxy.ts: 2ms, application-code: 80ms)
  └─ ƒ updateWorkspaceTask({}) in 9ms src/app/actions.ts
 GET /tasks?notice=T%C3%A2che+mise+%C3%A0+jour.&id=cc5013e6-1617-4f94-8c74-38de2cfb3ecd 200 in 73ms (next.js: 2ms, proxy.ts: 1.7ms, application-code: 69ms)
 POST /tasks?notice=T%C3%A2che%20mise%20%C3%A0%20jour.&id=cc5013e6-1617-4f94-8c74-38de2cfb3ecd 200 in 92ms (next.js: 2ms, proxy.ts: 2ms, application-code: 88ms)
  └─ ƒ updateWorkspaceTask({}) in 9ms src/app/actions.ts
 GET /tasks?notice=T%C3%A2che+mise+%C3%A0+jour.&id=cc5013e6-1617-4f94-8c74-38de2cfb3ecd 200 in 70ms (next.js: 2ms, proxy.ts: 1.8ms, application-code: 66ms)
 POST /tasks?notice=T%C3%A2che%20mise%20%C3%A0%20jour.&id=cc5013e6-1617-4f94-8c74-38de2cfb3ecd 200 in 89ms (next.js: 2ms, proxy.ts: 2ms, application-code: 85ms)
  └─ ƒ updateWorkspaceTask({}) in 9ms src/app/actions.ts
 GET /tasks?notice=T%C3%A2che+mise+%C3%A0+jour.&id=cc5013e6-1617-4f94-8c74-38de2cfb3ecd 200 in 67ms (next.js: 1.8ms, proxy.ts: 1.6ms, application-code: 63ms)
 POST /tasks?notice=T%C3%A2che%20mise%20%C3%A0%20jour.&id=cc5013e6-1617-4f94-8c74-38de2cfb3ecd 200 in 84ms (next.js: 1.9ms, proxy.ts: 2ms, application-code: 80ms)
  └─ ƒ updateWorkspaceTask({}) in 8ms src/app/actions.ts
 GET /tasks?notice=T%C3%A2che+mise+%C3%A0+jour.&id=cc5013e6-1617-4f94-8c74-38de2cfb3ecd 200 in 63ms (next.js: 1.8ms, proxy.ts: 1.7ms, application-code: 60ms)
 POST /tasks?notice=T%C3%A2che%20mise%20%C3%A0%20jour.&id=cc5013e6-1617-4f94-8c74-38de2cfb3ecd 200 in 89ms (next.js: 2ms, proxy.ts: 10ms, application-code: 76ms)
  └─ ƒ updateWorkspaceTask({}) in 7ms src/app/actions.ts
 GET /tasks?notice=T%C3%A2che+mise+%C3%A0+jour.&id=cc5013e6-1617-4f94-8c74-38de2cfb3ecd 200 in 64ms (next.js: 2ms, proxy.ts: 1.8ms, application-code: 60ms)
 POST /tasks?notice=T%C3%A2che%20mise%20%C3%A0%20jour.&id=cc5013e6-1617-4f94-8c74-38de2cfb3ecd 200 in 82ms (next.js: 1.9ms, proxy.ts: 2ms, application-code: 78ms)
  └─ ƒ updateWorkspaceTask({}) in 9ms src/app/actions.ts
 GET /tasks?error=Transition+de+t%C3%A2che+interdite+%3A+done+%E2%86%92+start.&id=cc5013e6-1617-4f94-8c74-38de2cfb3ecd 200 in 66ms (next.js: 2ms, proxy.ts: 1.9ms, application-code: 62ms)
 POST /tasks?notice=T%C3%A2che%20mise%20%C3%A0%20jour.&id=cc5013e6-1617-4f94-8c74-38de2cfb3ecd 200 in 91ms (next.js: 10ms, proxy.ts: 2ms, application-code: 78ms)
  └─ ƒ updateWorkspaceTask({}) in 6ms src/app/actions.ts
 GET /tasks?error=Permission+required%3A+tasks%3Amanage&id=cc5013e6-1617-4f94-8c74-38de2cfb3ecd 200 in 65ms (next.js: 2ms, proxy.ts: 1.8ms, application-code: 61ms)
 POST /tasks?error=Transition%20de%20t%C3%A2che%20interdite%20%3A%20done%20%E2%86%92%20start.&id=cc5013e6-1617-4f94-8c74-38de2cfb3ecd 200 in 83ms (next.js: 3ms, proxy.ts: 3ms, application-code: 77ms)
  └─ ƒ updateWorkspaceTask({}) in 6ms src/app/actions.ts
 GET /tasks?notice=Commentaire+ajout%C3%A9.&id=cc5013e6-1617-4f94-8c74-38de2cfb3ecd 200 in 65ms (next.js: 1.8ms, proxy.ts: 1.9ms, application-code: 62ms)
 POST /tasks?error=Permission%20required%3A%20tasks%3Amanage&id=cc5013e6-1617-4f94-8c74-38de2cfb3ecd 200 in 96ms (next.js: 2ms, proxy.ts: 2ms, application-code: 91ms)
  └─ ƒ addWorkspaceTaskComment({}) in 19ms src/app/actions.ts
 GET /tasks?error=Workspace+access+state+does+not+allow%3A+tasks%3Acomment&id=cc5013e6-1617-4f94-8c74-38de2cfb3ecd 200 in 62ms (next.js: 1.9ms, proxy.ts: 1.6ms, application-code: 59ms)
 POST /tasks?notice=Commentaire%20ajout%C3%A9.&id=cc5013e6-1617-4f94-8c74-38de2cfb3ecd 200 in 78ms (next.js: 2ms, proxy.ts: 2ms, application-code: 73ms)
  └─ ƒ addWorkspaceTaskComment({}) in 6ms src/app/actions.ts
 GET /tasks?id=cc5013e6-1617-4f94-8c74-38de2cfb3ecd 200 in 151ms (next.js: 2ms, proxy.ts: 2ms, application-code: 147ms)
 GET /api/auth/get-session 200 in 23ms (next.js: 5ms, proxy.ts: 3ms, application-code: 14ms)
 GET /api/auth/organization/list 200 in 24ms (next.js: 9ms, proxy.ts: 3ms, application-code: 12ms)
  ✓  63 [chromium] › e2e/task-actors-local.spec.ts:6:7 › task actor fr creates, transitions, comments and rejects stale controls (4.2s)
 GET /tasks 200 in 140ms (next.js: 2ms, proxy.ts: 4ms, application-code: 134ms)
 GET /api/auth/get-session 200 in 24ms (next.js: 11ms, proxy.ts: 4ms, application-code: 9ms)
 GET /api/auth/organization/list 200 in 26ms (next.js: 5ms, proxy.ts: 4ms, application-code: 17ms)
 GET /tasks?notice=T%C3%A2che+cr%C3%A9%C3%A9e. 200 in 96ms (next.js: 3ms, proxy.ts: 2.0ms, application-code: 91ms)
 POST /tasks 200 in 115ms (next.js: 2ms, proxy.ts: 2ms, application-code: 110ms)
  └─ ƒ createWorkspaceTask({}) in 6ms src/app/actions.ts
 GET /tasks?id=a02511b3-1fb9-4909-9155-515bd5f66346 200 in 130ms (next.js: 2ms, proxy.ts: 2.0ms, application-code: 126ms)
 GET /api/auth/get-session 200 in 42ms (next.js: 9ms, proxy.ts: 14ms, application-code: 19ms)
 GET /api/auth/organization/list 200 in 36ms (next.js: 16ms, proxy.ts: 5ms, application-code: 14ms)
 GET /tasks?notice=T%C3%A2che+mise+%C3%A0+jour.&id=a02511b3-1fb9-4909-9155-515bd5f66346 200 in 89ms (next.js: 3ms, proxy.ts: 4ms, application-code: 82ms)
 POST /tasks?id=a02511b3-1fb9-4909-9155-515bd5f66346 200 in 113ms (next.js: 3ms, proxy.ts: 4ms, application-code: 106ms)
  └─ ƒ updateWorkspaceTask({}) in 9ms src/app/actions.ts
 GET /tasks?notice=T%C3%A2che+mise+%C3%A0+jour.&id=a02511b3-1fb9-4909-9155-515bd5f66346 200 in 78ms (next.js: 2ms, proxy.ts: 1.7ms, application-code: 74ms)
 POST /tasks?notice=T%C3%A2che%20mise%20%C3%A0%20jour.&id=a02511b3-1fb9-4909-9155-515bd5f66346 200 in 97ms (next.js: 1.9ms, proxy.ts: 2ms, application-code: 93ms)
  └─ ƒ updateWorkspaceTask({}) in 9ms src/app/actions.ts
 GET /tasks?notice=T%C3%A2che+mise+%C3%A0+jour.&id=a02511b3-1fb9-4909-9155-515bd5f66346 200 in 71ms (next.js: 2ms, proxy.ts: 1.7ms, application-code: 67ms)
 POST /tasks?notice=T%C3%A2che%20mise%20%C3%A0%20jour.&id=a02511b3-1fb9-4909-9155-515bd5f66346 200 in 90ms (next.js: 2ms, proxy.ts: 2ms, application-code: 86ms)
  └─ ƒ updateWorkspaceTask({}) in 9ms src/app/actions.ts
 GET /tasks?notice=T%C3%A2che+mise+%C3%A0+jour.&id=a02511b3-1fb9-4909-9155-515bd5f66346 200 in 103ms (next.js: 4ms, proxy.ts: 1.9ms, application-code: 98ms)
 POST /tasks?notice=T%C3%A2che%20mise%20%C3%A0%20jour.&id=a02511b3-1fb9-4909-9155-515bd5f66346 200 in 127ms (next.js: 2ms, proxy.ts: 3ms, application-code: 122ms)
  └─ ƒ updateWorkspaceTask({}) in 10ms src/app/actions.ts
 GET /tasks?notice=T%C3%A2che+mise+%C3%A0+jour.&id=a02511b3-1fb9-4909-9155-515bd5f66346 200 in 69ms (next.js: 2ms, proxy.ts: 1.9ms, application-code: 65ms)
 POST /tasks?notice=T%C3%A2che%20mise%20%C3%A0%20jour.&id=a02511b3-1fb9-4909-9155-515bd5f66346 200 in 87ms (next.js: 2ms, proxy.ts: 2ms, application-code: 82ms)
  └─ ƒ updateWorkspaceTask({}) in 8ms src/app/actions.ts
 GET /tasks?notice=T%C3%A2che+mise+%C3%A0+jour.&id=a02511b3-1fb9-4909-9155-515bd5f66346 200 in 86ms (next.js: 2ms, proxy.ts: 2ms, application-code: 82ms)
 POST /tasks?notice=T%C3%A2che%20mise%20%C3%A0%20jour.&id=a02511b3-1fb9-4909-9155-515bd5f66346 200 in 105ms (next.js: 2ms, proxy.ts: 3ms, application-code: 100ms)
  └─ ƒ updateWorkspaceTask({}) in 8ms src/app/actions.ts
 GET /tasks?notice=T%C3%A2che+mise+%C3%A0+jour.&id=a02511b3-1fb9-4909-9155-515bd5f66346 200 in 71ms (next.js: 1.8ms, proxy.ts: 5ms, application-code: 64ms)
 POST /tasks?notice=T%C3%A2che%20mise%20%C3%A0%20jour.&id=a02511b3-1fb9-4909-9155-515bd5f66346 200 in 87ms (next.js: 2ms, proxy.ts: 2ms, application-code: 83ms)
  └─ ƒ updateWorkspaceTask({}) in 7ms src/app/actions.ts
 GET /tasks?error=Transition+de+t%C3%A2che+interdite+%3A+done+%E2%86%92+start.&id=a02511b3-1fb9-4909-9155-515bd5f66346 200 in 76ms (next.js: 2ms, proxy.ts: 2.0ms, application-code: 72ms)
 POST /tasks?notice=T%C3%A2che%20mise%20%C3%A0%20jour.&id=a02511b3-1fb9-4909-9155-515bd5f66346 200 in 96ms (next.js: 2ms, proxy.ts: 3ms, application-code: 92ms)
  └─ ƒ updateWorkspaceTask({}) in 8ms src/app/actions.ts
 GET /tasks?error=Permission+required%3A+tasks%3Amanage&id=a02511b3-1fb9-4909-9155-515bd5f66346 200 in 64ms (next.js: 1.9ms, proxy.ts: 1.6ms, application-code: 61ms)
 POST /tasks?error=Transition%20de%20t%C3%A2che%20interdite%20%3A%20done%20%E2%86%92%20start.&id=a02511b3-1fb9-4909-9155-515bd5f66346 200 in 81ms (next.js: 2ms, proxy.ts: 2ms, application-code: 76ms)
  └─ ƒ updateWorkspaceTask({}) in 6ms src/app/actions.ts
 GET /tasks?notice=Commentaire+ajout%C3%A9.&id=a02511b3-1fb9-4909-9155-515bd5f66346 200 in 63ms (next.js: 2.0ms, proxy.ts: 1.6ms, application-code: 59ms)
 POST /tasks?error=Permission%20required%3A%20tasks%3Amanage&id=a02511b3-1fb9-4909-9155-515bd5f66346 200 in 82ms (next.js: 3ms, proxy.ts: 3ms, application-code: 77ms)
  └─ ƒ addWorkspaceTaskComment({}) in 9ms src/app/actions.ts
 GET /tasks?error=Workspace+access+state+does+not+allow%3A+tasks%3Acomment&id=a02511b3-1fb9-4909-9155-515bd5f66346 200 in 69ms (next.js: 3ms, proxy.ts: 3ms, application-code: 63ms)
 POST /tasks?notice=Commentaire%20ajout%C3%A9.&id=a02511b3-1fb9-4909-9155-515bd5f66346 200 in 94ms (next.js: 2ms, proxy.ts: 2ms, application-code: 89ms)
  └─ ƒ addWorkspaceTaskComment({}) in 14ms src/app/actions.ts
 GET /tasks?id=a02511b3-1fb9-4909-9155-515bd5f66346 200 in 143ms (next.js: 3ms, proxy.ts: 2.0ms, application-code: 138ms)
 GET /api/auth/get-session 200 in 23ms (next.js: 6ms, proxy.ts: 3ms, application-code: 14ms)
 GET /api/auth/organization/list 200 in 24ms (next.js: 9ms, proxy.ts: 3ms, application-code: 11ms)
  ✓  64 [chromium] › e2e/task-actors-local.spec.ts:6:7 › task actor en creates, transitions, comments and rejects stale controls (3.6s)
 GET /audit?q=COLL_AUDIT_ 200 in 157ms (next.js: 3ms, proxy.ts: 2ms, application-code: 151ms)
 GET /api/auth/get-session 200 in 34ms (next.js: 9ms, proxy.ts: 3ms, application-code: 22ms)
 GET /api/auth/organization/list 200 in 37ms (next.js: 15ms, proxy.ts: 4ms, application-code: 18ms)
 POST /audit?q=COLL_AUDIT_ 200 in 128ms (next.js: 4ms, proxy.ts: 5ms, application-code: 119ms)
  └─ ƒ setCookieConsent({}) in 1ms src/app/preferences-actions.ts
 GET /audit?q=COLL_AUDIT_&cursor=eyJ2IjoxLCJpdiI6IjZ5aU8yeVFLY2hPbEQ3X3EiLCJ0YWciOiJSbVZYNWNGZnNaSmlNM3hNSlk1dm93IiwiZGF0YSI6Il82OG96WHdPLTBzeERCSkRRQmYtR19jdlBNc0liTHNnY3JGMEdLU05WU09FdEVCbjNnVE83aXNuUG0xN2NZX2pjeFJKb2taM2g0TnFuZmtUNXJPMTlEaWo3eS1vbEJ6TGFjc1hXUVVyTEpQNG9OcktxQTFMYk9mQVpOV2JFcmczSHFFSUdvSURCcWdBbW9HTUVfakc1UjVOQTA1b1ZFZ081dWlXbmYwbGxJbl8yRVpKX255MW9YNmU4T0NiaW5RVFdJZTMxQ1Y5NkViTGd1VFNlekxZbGpCVkNoVU9SM0c1clJPOEFuV3NzYUxrX2QyX0dYaDYtdllwa3REX2pqa1VWWkN2Uk9GSlRacU9PZ0pYdWZzeUNGOE9UWXRDWDhiLXdCcVhZSVY1STVDdmhqNU4yOEZGcFEifQ 200 in 58ms (next.js: 6ms, proxy.ts: 14ms, application-code: 39ms)
 GET /audit?q=COLL_AUDIT_001 200 in 118ms (next.js: 2ms, proxy.ts: 1.8ms, application-code: 114ms)
 GET /api/auth/get-session 200 in 89ms (next.js: 48ms, proxy.ts: 9ms, application-code: 32ms)
 GET /api/auth/organization/list 200 in 396ms (next.js: 66ms, proxy.ts: 9ms, application-code: 320ms)
 GET /tasks?q=COLL_TASK_ 200 in 460ms (next.js: 2ms, proxy.ts: 3ms, application-code: 455ms)
 GET /api/auth/get-session 200 in 19ms (next.js: 4ms, proxy.ts: 3ms, application-code: 12ms)
 GET /api/auth/organization/list 200 in 35ms (next.js: 9ms, proxy.ts: 3ms, application-code: 23ms)
 GET /tasks?q=COLL_TASK_&status=open&cursor=eyJ2IjoxLCJpdiI6Im94WFY1YmZzTkxGUHJEcGciLCJ0YWciOiJJbVQ4QlN2OVNtQkE0bjdBVkhaeHRBIiwiZGF0YSI6IjdqOV9CMkw1d2U0NzNmR3FwRWtudjBuRkVmd0JKYldlUU9BSTV5ZFhtT29Zdm5iQkVYdXA1Z1pJSTZCQXlsZ3liUVlrNHFzNWpwNnY1ZjdkS1hOMW8xcFVIcTM3Vy1KdW5vVDdObTRpa3dBMFhlY1RKS0pwd1BlTERkcElDR3NKOVFJMmlZalFGNXB6MjFIdjJhZ3NnOElvWjhIMzJmQW1xb0Fjb2FfWUVadU45Qko0aXFQYWxlc3VlT2lreDZtMjhodnMwQTBCUWlsR2JaRDhNVXBXV1piNUItMlVwX3F5alprVXVGMXhwMUJoMmlWY1RSSXlReDcxSkRhODc5a1VidVFwdnVVQ2RCZ2wySlFqV29NVDFJaVNMUmIwVE84VGtlaWxJT2hHU0lORFk4X1FvUGpfZkEifQ 200 in 140ms (next.js: 7ms, proxy.ts: 2ms, application-code: 130ms)
 GET /tasks?q=COLL_TASK_001&status=open 200 in 150ms (next.js: 2ms, proxy.ts: 2ms, application-code: 146ms)
 GET /api/auth/get-session 200 in 24ms (next.js: 7ms, proxy.ts: 6ms, application-code: 11ms)
 GET /api/auth/organization/list 200 in 24ms (next.js: 11ms, proxy.ts: 5ms, application-code: 8ms)
 GET /tasks?notice=Commentaire+ajout%C3%A9.&id=2a66b207-7b01-4617-bd5c-69ae7196c3bb 200 in 90ms (next.js: 3ms, proxy.ts: 1.9ms, application-code: 85ms)
 POST /tasks?q=COLL_TASK_001&status=open 200 in 112ms (next.js: 3ms, proxy.ts: 3ms, application-code: 106ms)
  └─ ƒ addWorkspaceTaskComment({}) in 8ms src/app/actions.ts
 GET /discussions/tasks/2a66b207-7b01-4617-bd5c-69ae7196c3bb 200 in 57ms (next.js: 8ms, proxy.ts: 2ms, application-code: 47ms)
 GET /discussions/tasks/2a66b207-7b01-4617-bd5c-69ae7196c3bb?cursor=eyJ2IjoxLCJpdiI6Il81bWowdmhFS2t3UFhtYXciLCJ0YWciOiJlVmI0c3ktWmlESUFKdkRpbkhrVnpnIiwiZGF0YSI6InltSDQ1VzFUa3RXbXUwRFhOQzAzNnFka05OeFVnV3I1bEREc282TTNBaEdOR3U2VktrSWNkMlZkM1RqelN1UXk0ZHdTWnVFWlAwM0U1ZzV6T18teVIwUUNkSG0zREdCaHJmcTN6NlRmdFZpYjV1RnROSy12Y3BzNDVpQnBBQnk4ZElTRy1DSVMwTFRwd2FUZUtHUXo3NlJUZlNmVUNyNjBCdm52eUpqRTBucEZlOVBZSjlsUDdmS1RuVnl3ZGh5YnFoWkRfSjBVS2NTRzZUX2FvX2RLS0ppSGI3aEkwdXhWWG1JMWVZWG83S0htNXJHbzZXLXFXT0JiZ1Bmd25CQlBRT0JaRnJabV96VXpLVEM1YnN6Mk1jbkdmUTI4UkoyWnZUZGc4dEFBRi1lemN3U1RoUkdkU1EifQ 200 in 54ms (next.js: 5ms, proxy.ts: 3ms, application-code: 46ms)
 GET /discussions/tasks/2a66b207-7b01-4617-bd5c-69ae7196c3bb?q=COLL_MESSAGE_001 200 in 135ms (next.js: 3ms, proxy.ts: 3ms, application-code: 129ms)
 GET /api/auth/get-session 200 in 60ms (next.js: 15ms, proxy.ts: 4ms, application-code: 42ms)
 GET /api/auth/organization/list 200 in 86ms (next.js: 23ms, proxy.ts: 5ms, application-code: 59ms)
 GET /alerts?q=COLL_ALERT_ 200 in 524ms (next.js: 26ms, proxy.ts: 5ms, application-code: 493ms)
 GET /api/auth/get-session 200 in 19ms (next.js: 5ms, proxy.ts: 3ms, application-code: 11ms)
 GET /api/auth/organization/list 200 in 20ms (next.js: 9ms, proxy.ts: 3ms, application-code: 9ms)
 GET /alerts?q=COLL_ALERT_&cursor=eyJ2IjoxLCJpdiI6IjJSZDB2aVREWExFMnduOEQiLCJ0YWciOiJFd3d1bjhYTXUyY1F6SHZ1V1ZhbmZnIiwiZGF0YSI6InBXdURZNWI5bzBBVTV3dW9WT05hWGIwdkMwN3daRlZpTVVQS2hvTlpMLUpGV1ROeWdPWHl0WjJrU3pUa29LcXpKWUJ2YnFma3VxUlpPZ1lDMHUzOU1jbkxpVWpGb0FZWm9Qa01IanZWaEFGb2Q1MG1RZ1VkSmRTR1dVTGFhN2x3V3VLcGJMLUo4c1ZIUW5BV1ZqRVdPTnF5SjhSc1BzTlBDeURPT3ZvWU4tUG1WeUdCUy1vUTdYdXFReWJnUWZUVTZWaTRWaXktV0J3ZHNZREJ4ZzhWMXp6MUhwMUlHZU5fT19MVlJEYnRqLTFzWVBKcU40YlViNjhOajB1clU3UFpnYkxGWnRkMUtFa25xMEhwQkdJYk9TejdRWVd4eGUtalBLMGdBaTBteXg4djlvbVRjU2lOWWcifQ 200 in 120ms (next.js: 4ms, proxy.ts: 4ms, application-code: 113ms)
 GET /alerts?q=COLL_ALERT_001&status= 200 in 183ms (next.js: 2ms, proxy.ts: 2ms, application-code: 178ms)
 GET /api/auth/get-session 200 in 105ms (next.js: 22ms, proxy.ts: 37ms, application-code: 46ms)
 GET /api/auth/organization/list 200 in 109ms (next.js: 25ms, proxy.ts: 37ms, application-code: 47ms)
 GET /approvals?q=COLL_APPROVAL_ 200 in 462ms (next.js: 12ms, proxy.ts: 9ms, application-code: 442ms)
 GET /api/auth/get-session 200 in 23ms (next.js: 12ms, proxy.ts: 4ms, application-code: 7ms)
 GET /api/auth/organization/list 200 in 23ms (next.js: 6ms, proxy.ts: 4ms, application-code: 14ms)
 GET /approvals?q=COLL_APPROVAL_&cursor=eyJ2IjoxLCJpdiI6IkFOXzJJdWhwNVNuVFRhZHUiLCJ0YWciOiJENmtkMS1EWFd2Nzd4NkFiY1lJZVJ3IiwiZGF0YSI6IkFmcDEtUmN4em91TWxOUWFzWURWQkctbXB2TDBOT0pybnZXcDZfekVYc0gtc0VyU1J2X2lrRG1Sa0thRG5Od00yV21NQmVuTEdCbnJyYW51ZHZGTFdRQTZGeTl3U2ZrVFFmR2IzbDE3T2ZXb21PdkNkR09IWllMWUJUd215Y3FFNFFKZ2gzTmZ5dk40akxnU2h2enNDYS1kUW1uS0pOQUdKUHUxUGNZZGhrWG1rLVZNMXBVMWlHYWdEVS1JS3pUNF94RVY5RlJ3V25aRC1nVDVNbmpTZTlPQ2xDR3FKU1VjR2kzU2VwMWtWcXJrWFFFWVdZQ0gzTXFhUWxZTVVXTGVkWWdiS1FwQkpmdVFCMzdNdWR4a19RS0FGTzBzLVpmaEFxVVM2RllnRWRpVVotaVFJVUw4a3cifQ 200 in 121ms (next.js: 3ms, proxy.ts: 4ms, application-code: 115ms)
 GET /approvals?q=COLL_APPROVAL_001&status= 200 in 131ms (next.js: 3ms, proxy.ts: 1.9ms, application-code: 127ms)
 GET /api/auth/get-session 200 in 104ms (next.js: 23ms, proxy.ts: 22ms, application-code: 59ms)
 GET /api/auth/organization/list 200 in 102ms (next.js: 50ms, proxy.ts: 11ms, application-code: 40ms)
 GET /support?q=COLL_SUPPORT_ 200 in 336ms (next.js: 18ms, proxy.ts: 2ms, application-code: 317ms)
 GET /api/auth/get-session 200 in 35ms (next.js: 8ms, proxy.ts: 3ms, application-code: 24ms)
 GET /api/auth/organization/list 200 in 37ms (next.js: 20ms, proxy.ts: 3ms, application-code: 14ms)
 GET /support?q=COLL_SUPPORT_&cursor=eyJ2IjoxLCJpdiI6InhaXzZCQVp1dDVmX1RhT1QiLCJ0YWciOiJMQk8zOFQ1VUpSY1hLYTN5TTRxbHpRIiwiZGF0YSI6IjREaExzdUV5OVdHeXdRU0p6Zm5XSkxlYnNHbmJqaEM2c0Nxa1BFNUYwOUtHdHZVUmlTSG9IaEw3VW1yVEIwTVVEVjVZNGxKUFVoOV9WT2hvWnowVUFsSnpoSDhBZ1JUZFFuSE5lZnZIbXlqYTk5ZFFidGlJcld0QS15RnhqUnNTeEI0Z211d0tvLUVDbG92ZFgxWllFdjFKTHE4bHp0enVWMTdiNTVqSzY0c2ZfNmYyYVo2NXJzNlBJNExSTUtyZ044ZjBoSEZ0Y2JqQVZ4LXpyaHVHWXhlcUlKaUxlTFgzaWxpRVg5YmFYeld1Sjh2R0h1cnZyeDJMbWI4RTM2c21FM2RfMnpMT2hoU1Z6NVREbWNBOWMxcUNMV2hiOWhOcDZXeXZ1YXIxZXFEbVpXbzZDWFlJM3cifQ 200 in 93ms (next.js: 3ms, proxy.ts: 3ms, application-code: 87ms)
 GET /support?q=COLL_SUPPORT_001&status= 200 in 138ms (next.js: 3ms, proxy.ts: 2ms, application-code: 134ms)
 GET /api/auth/get-session 200 in 28ms (next.js: 7ms, proxy.ts: 3ms, application-code: 18ms)
 GET /api/auth/organization/list 200 in 31ms (next.js: 13ms, proxy.ts: 3ms, application-code: 15ms)
 GET /tasks?cursor=forged 200 in 137ms (next.js: 2ms, proxy.ts: 3ms, application-code: 133ms)
 GET /api/auth/get-session 200 in 31ms (next.js: 5ms, proxy.ts: 4ms, application-code: 21ms)
 GET /api/auth/organization/list 200 in 33ms (next.js: 10ms, proxy.ts: 4ms, application-code: 19ms)
 GET /support?q=COLL_SUPPORT_ 200 in 104ms (next.js: 3ms, proxy.ts: 3ms, application-code: 98ms)
 GET /api/auth/get-session 200 in 109ms (next.js: 29ms, proxy.ts: 48ms, application-code: 32ms)
 GET /api/auth/organization/list 200 in 101ms (next.js: 32ms, proxy.ts: 38ms, application-code: 32ms)
 GET /discussions/support/bb2842ac-623e-493d-90bd-0c2f4b7e4160 404 in 140ms (next.js: 5ms, proxy.ts: 2ms, application-code: 132ms)
  ✓  65 [chromium] › e2e/workspace-collections-local.spec.ts:14:53 › workspace collection navigation › searches older records and conversations in fr (8.1s)
 GET /audit?q=COLL_AUDIT_ 200 in 163ms (next.js: 2ms, proxy.ts: 2ms, application-code: 158ms)
 GET /api/auth/get-session 200 in 30ms (next.js: 8ms, proxy.ts: 3ms, application-code: 19ms)
 GET /api/auth/organization/list 200 in 34ms (next.js: 14ms, proxy.ts: 3ms, application-code: 17ms)
 GET /audit?q=COLL_AUDIT_&cursor=eyJ2IjoxLCJpdiI6IkItRFhqeXdqZUVUa2VuemIiLCJ0YWciOiJtcE13cnhUVnVYTHlWY0ZvUGNBalFBIiwiZGF0YSI6IjRoU2VaQ2VnQVlmckdPVi04ZGF6bWY2ZmpxUzBiV2wtQ05WNTg1YzgyYmwtNVBjU09uV3U2MXJVUTRyNFEzRHctbGlNbTJGX25OM0R3TVNxTF9BaVV0S0pzcHJ0MDFQVzE0UlEzbWtNR2dWQmxGMFMyNXR1TlhyQUtPSEl4VDdUaEFiR1J0aFp4TGhjU0VoOVdzUWUwSndscWtVWUM4UWVZX0JHcGg2T0RyaTFvNWxKQTZOLW44WWVrT3VsbE9JcjRMZXdldkZ6V3dYSE1FMW1DS21HWVlEN0FtbGRNXzk4S2JNeXJxNURsc3JwV1NGdDR1cWJTSkZiTUx4cVBmZGdMRjRsYndRNkV5V3NoUW5zWEZWMkRCWGd0OFhVTzFlbEE2dUt2UVBvZ09zNkVSN2ZBR2gtaHcifQ 200 in 140ms (next.js: 11ms, proxy.ts: 8ms, application-code: 122ms)
 POST /audit?q=COLL_AUDIT_ 200 in 196ms (next.js: 4ms, proxy.ts: 5ms, application-code: 187ms)
  └─ ƒ setCookieConsent({}) in 2ms src/app/preferences-actions.ts
 GET /audit?q=COLL_AUDIT_&cursor=eyJ2IjoxLCJpdiI6IkItRFhqeXdqZUVUa2VuemIiLCJ0YWciOiJtcE13cnhUVnVYTHlWY0ZvUGNBalFBIiwiZGF0YSI6IjRoU2VaQ2VnQVlmckdPVi04ZGF6bWY2ZmpxUzBiV2wtQ05WNTg1YzgyYmwtNVBjU09uV3U2MXJVUTRyNFEzRHctbGlNbTJGX25OM0R3TVNxTF9BaVV0S0pzcHJ0MDFQVzE0UlEzbWtNR2dWQmxGMFMyNXR1TlhyQUtPSEl4VDdUaEFiR1J0aFp4TGhjU0VoOVdzUWUwSndscWtVWUM4UWVZX0JHcGg2T0RyaTFvNWxKQTZOLW44WWVrT3VsbE9JcjRMZXdldkZ6V3dYSE1FMW1DS21HWVlEN0FtbGRNXzk4S2JNeXJxNURsc3JwV1NGdDR1cWJTSkZiTUx4cVBmZGdMRjRsYndRNkV5V3NoUW5zWEZWMkRCWGd0OFhVTzFlbEE2dUt2UVBvZ09zNkVSN2ZBR2gtaHcifQ 200 in 82ms (next.js: 5ms, proxy.ts: 4ms, application-code: 73ms)
 GET /audit?q=COLL_AUDIT_001 200 in 126ms (next.js: 2.0ms, proxy.ts: 1.9ms, application-code: 122ms)
 GET /api/auth/get-session 200 in 344ms (next.js: 322ms, proxy.ts: 12ms, application-code: 10ms)
 GET /api/auth/organization/list 200 in 338ms (next.js: 310ms, proxy.ts: 24ms, application-code: 3ms)
 GET /tasks?q=COLL_TASK_ 200 in 474ms (next.js: 3ms, proxy.ts: 2ms, application-code: 469ms)
 GET /api/auth/get-session 200 in 18ms (next.js: 8ms, proxy.ts: 3ms, application-code: 6ms)
 GET /api/auth/organization/list 200 in 18ms (next.js: 4ms, proxy.ts: 3ms, application-code: 12ms)
 GET /tasks?q=COLL_TASK_&status=open&cursor=eyJ2IjoxLCJpdiI6Ik5qLWlNZmpmcF9xYUtINEIiLCJ0YWciOiI0bHhEWFl1RHJYdHpLVVlCTU13VUpnIiwiZGF0YSI6IklLVXNyNGdRN1FlRWhtektpQnJ5M2tpTGVNRUpCV2Q2SkJtbjQ2N0lJbGNQQzlGY05CbnA0eHlvcS1pNlhWV01Wc2RTZmh5WEF3dld0ZVdzSlVoLVNpckpQX2pIeEtfQ3U1Mml2X2RzSDg2UzdXYWg3aTQ4T2U0VVFGYjhTTDhxT2VzcXAtcVV6M0RCeE5XUGR0Zm9TS0ZCU053Q21lNDlyZG5fa0xhMkowTDUtd1FMNlRiN0ZOYV9uZllVYTkyR0Vac0RWS1k1YXU5UUpxeDZCQi1VM2Y0TGl6Y0UtSmtCM3hOYkY2S25kNkVQYXJNY3NPSjBYQ0toaHNFOWd4VzBza1lFZTRVTWFpa010MjBNZHZveDM0R1lSNUs2V3pqQi1GZHY1VmtlMGp2ckI1cjJ1cTFZWEEifQ 200 in 130ms (next.js: 3ms, proxy.ts: 2ms, application-code: 125ms)
 GET /tasks?q=COLL_TASK_001&status=open 200 in 153ms (next.js: 2ms, proxy.ts: 2.0ms, application-code: 149ms)
 GET /api/auth/get-session 200 in 38ms (next.js: 8ms, proxy.ts: 7ms, application-code: 23ms)
 GET /api/auth/organization/list 200 in 42ms (next.js: 10ms, proxy.ts: 7ms, application-code: 25ms)
 GET /tasks?notice=Commentaire+ajout%C3%A9.&id=dc2374a2-9f53-4759-9524-34cdeb676f12 200 in 82ms (next.js: 2ms, proxy.ts: 3ms, application-code: 76ms)
 POST /tasks?q=COLL_TASK_001&status=open 200 in 116ms (next.js: 7ms, proxy.ts: 6ms, application-code: 102ms)
  └─ ƒ addWorkspaceTaskComment({}) in 13ms src/app/actions.ts
 GET /discussions/tasks/dc2374a2-9f53-4759-9524-34cdeb676f12 200 in 50ms (next.js: 5ms, proxy.ts: 2ms, application-code: 43ms)
 GET /discussions/tasks/dc2374a2-9f53-4759-9524-34cdeb676f12?cursor=eyJ2IjoxLCJpdiI6Ilh1RXNTTFJlRGlybDBJWloiLCJ0YWciOiI3Q080cFRTNGEwYmo1ZEpEa3BVNjlBIiwiZGF0YSI6IjZGMzlzaHVHc2lMWmJkQjNVcmhhWTA5RGlBdktPRlFjSFd3dHZOaHdkX3ZaTXVCMWFpZ0ExZ0dfOVZrU25WY3I0aHRJRUE3R3J1N1JoX09Fbi1EU3FSanZZQjY5Q0RKNkNxR3V1b0FoVkNiMjloSm9uTExlNUNQV0d5eFZZRXZtWGh0bVUxalRiWUVENHp1UUxIZmNlc3JrNEQ2MUlIY2lsSXdocXdzcndwY1pfaDNlLWc4TkxsUllzby1vZVNwV3EtWDh3WUtFN0o5ZTRtc3BkUUJxaU9jSVc5ZHBMVXlINkozUU9mVGw1bFM3VUtrcmlUcURjY21Sb214akhzaFoyZ1R4SDhnTUl1VG56NDY2ZFVXaFRmeWZ1WkEyV29rQ0NGZVRHclItX09UeUg5dTdvSWtMa3cifQ 200 in 64ms (next.js: 5ms, proxy.ts: 3ms, application-code: 55ms)
 GET /discussions/tasks/dc2374a2-9f53-4759-9524-34cdeb676f12?q=COLL_MESSAGE_001 200 in 144ms (next.js: 4ms, proxy.ts: 2ms, application-code: 138ms)
 GET /api/auth/get-session 200 in 30ms (next.js: 9ms, proxy.ts: 3ms, application-code: 18ms)
 GET /api/auth/organization/list 200 in 33ms (next.js: 14ms, proxy.ts: 3ms, application-code: 15ms)
 GET /alerts?q=COLL_ALERT_ 200 in 481ms (next.js: 3ms, proxy.ts: 4ms, application-code: 475ms)
 GET /api/auth/get-session 200 in 27ms (next.js: 7ms, proxy.ts: 4ms, application-code: 16ms)
 GET /api/auth/organization/list 200 in 28ms (next.js: 9ms, proxy.ts: 5ms, application-code: 14ms)
 GET /alerts?q=COLL_ALERT_&cursor=eyJ2IjoxLCJpdiI6ImhhRXh6RlNOOUl5OEtOb0wiLCJ0YWciOiJrZk5MZmZSZC1fOExZMkFuOGNzYU5nIiwiZGF0YSI6IllqVDF5UDdTYUstZGVPTXlMMEU0NUZTTWFwNWdqZXRvc25mOVBKaWZvZVJWZjQ0TWItZU1uOTYwdXNuTkZ1Zi04WldDLXg0UUtrU0lNcXp4emtaemZwczIzNko3V0kwRmpVUEpnUG03aUlYVU40SUQ1ckZSVzVCamhETXUweVJNelpkOXdUT3pEcHRPNE1yVVhXQkVXQ0IwWUg2b2pxZHUwZ1QyRVRnVlhlcTdBLUFYbnNOLW50Qk5YWEdRQ1QyQlpBQ1RZajJYM0JvRVotZFNXTTZuS1dnS1VfNDc1ZVVtMi02cUYtYm0xUEw4cEJqNkFQVTVBZ3lWekJRVXBJb0tIT21PVUhlVmU4ekZVeTJfb2VaaXE0UENfOEFVWjFQZlREZk9uTV9lNlgwd0Z2UTFxSkx5cmcifQ 200 in 113ms (next.js: 3ms, proxy.ts: 4ms, application-code: 107ms)
 GET /alerts?q=COLL_ALERT_001&status= 200 in 157ms (next.js: 2ms, proxy.ts: 2ms, application-code: 153ms)
 GET /api/auth/get-session 200 in 87ms (next.js: 44ms, proxy.ts: 13ms, application-code: 30ms)
 GET /api/auth/organization/list 200 in 89ms (next.js: 47ms, proxy.ts: 13ms, application-code: 29ms)
 GET /approvals?q=COLL_APPROVAL_ 200 in 437ms (next.js: 2ms, proxy.ts: 3ms, application-code: 431ms)
 GET /api/auth/get-session 200 in 26ms (next.js: 4ms, proxy.ts: 4ms, application-code: 19ms)
 GET /api/auth/organization/list 200 in 28ms (next.js: 8ms, proxy.ts: 4ms, application-code: 16ms)
 GET /approvals?q=COLL_APPROVAL_&cursor=eyJ2IjoxLCJpdiI6IjZ1NDVtTFpEdE9TLU84d00iLCJ0YWciOiJHTVRjNGl4c1BHeTY0dHZPN3RnNXVRIiwiZGF0YSI6ImNlZ3laQTFkRmxIQzZ0Zk5XbWZaNndOcFR4aS02SWZqTUdxSG1UWnZ1Nkh2VllXS0tJM3Azd1c1VXNza3ZBMTlMUVZLNlZveWFSaHREOFprY2hEdjRjaEJYaTRMOUR5M01zek9DWlowMHl0NTA0Z0NQYzJmV01BQjlDQUh2WVZEUk1KN3BpUS1FNVhrcHd0TGRheW1VUldkTkI1NzAya1hSSDYzVXRENS1za1NlMjZtcWFwLTRocG5aM0pETzRyeUJMMHlkQjBQTkdvODJnV3hzTmtZdy1wNlloVUo0YzBKdEFfakgtQ3F5MnNkd0g1d2w5aFNJY21YX0N1N2pwYS1nWVV1UHJCcnBpcXVWX0lzSGRYUlAwWk1EYUgxY2RNWmJoekYxejZUTlZkckczdmxpYkJFZEEifQ 200 in 121ms (next.js: 3ms, proxy.ts: 3ms, application-code: 115ms)
 GET /approvals?q=COLL_APPROVAL_001&status= 200 in 123ms (next.js: 2ms, proxy.ts: 2ms, application-code: 118ms)
 GET /api/auth/get-session 200 in 88ms (next.js: 45ms, proxy.ts: 22ms, application-code: 22ms)
 GET /api/auth/organization/list 200 in 99ms (next.js: 48ms, proxy.ts: 22ms, application-code: 30ms)
 GET /support?q=COLL_SUPPORT_ 200 in 323ms (next.js: 2ms, proxy.ts: 2ms, application-code: 319ms)
 GET /api/auth/get-session 200 in 24ms (next.js: 8ms, proxy.ts: 3ms, application-code: 13ms)
 GET /api/auth/organization/list 200 in 26ms (next.js: 13ms, proxy.ts: 3ms, application-code: 11ms)
 GET /support?q=COLL_SUPPORT_&cursor=eyJ2IjoxLCJpdiI6Inl4X3dod1hqa25FNlJLclAiLCJ0YWciOiJhWWpJSHVYaVh1WmltRUtXRTQ5SkJRIiwiZGF0YSI6ImtlSTR1MjVrZ0l1N1JPQkR6QU9SbFhYSkdYaE9iZEtHWW5uaHZsSVF5enNzazRyYU80NTFXX1FSRTQzUF9FcGxpUnFxZlFzTWMyWG5TeUtIUTdyVjh6SjhUSlRraGdvNjNndmJrNm1hVVFuT1c5RDRwMjhHMjU0Nkh5ODJ4QWNQa25vbTg1cGpOeEdTdVJvMVVYQUUwaGNQcnpVTFBFc19DRVg3dVRJQm40TFRDUFRGTFhzQmJrQk1FcmVFZ0sxWHRDSFU0cVRVUVk1XzN5a2ZVbDE4aHRCRFd3bkpxclFjRkgydm9NR0hVWTY5OVdBYXVpeVZ6Wkh0QzdRZjA1WmtpeHh3dmZkWGw5ckNORXV1OHRFdHFMTEUyVlgzSVdGak94VnhKZzduQ1RrY1R2Z0tpellLN1EifQ 200 in 89ms (next.js: 3ms, proxy.ts: 2ms, application-code: 84ms)
 GET /support?q=COLL_SUPPORT_001&status= 200 in 140ms (next.js: 2ms, proxy.ts: 2ms, application-code: 135ms)
 GET /api/auth/get-session 200 in 26ms (next.js: 6ms, proxy.ts: 4ms, application-code: 15ms)
 GET /api/auth/organization/list 200 in 27ms (next.js: 12ms, proxy.ts: 4ms, application-code: 10ms)
 GET /tasks?cursor=forged 200 in 137ms (next.js: 2ms, proxy.ts: 2ms, application-code: 132ms)
 GET /api/auth/get-session 200 in 35ms (next.js: 6ms, proxy.ts: 3ms, application-code: 26ms)
 GET /api/auth/organization/list 200 in 38ms (next.js: 11ms, proxy.ts: 3ms, application-code: 24ms)
 GET /support?q=COLL_SUPPORT_ 200 in 120ms (next.js: 3ms, proxy.ts: 2ms, application-code: 116ms)
 GET /api/auth/get-session 200 in 96ms (next.js: 29ms, proxy.ts: 34ms, application-code: 33ms)
 GET /api/auth/organization/list 200 in 89ms (next.js: 33ms, proxy.ts: 24ms, application-code: 32ms)
 GET /discussions/support/f75b95e5-6ed9-4b67-a61a-34afc555c8f0 404 in 129ms (next.js: 5ms, proxy.ts: 2ms, application-code: 121ms)
  ✓  66 [chromium] › e2e/workspace-collections-local.spec.ts:14:53 › workspace collection navigation › searches older records and conversations in en (8.1s)


  1) [chromium] › e2e/monitoring-actors-local.spec.ts:6:7 › monitoring actor en preserves authorized controls and rejects a revoked form

    Error: expect(received).toBe(expected) // Object.is equality

    Expected: "resolved"
    Received: "acknowledged"

    Call Log:
    - Timeout 15000ms exceeded while waiting on the predicate

      39 |       await expect.poll(async()=> (await db.query('select status from alert_incidents where id=$1',[incidentId])).rows[0].status).toBe('acknowledged')
      40 |       await workflow.getByRole('combobox').selectOption('resolve');await workflow.getByRole('button').click()
    > 41 |       await expect.poll(async()=> (await db.query('select status from alert_incidents where id=$1',[incidentId])).rows[0].status).toBe('resolved')
         |                                                                                                                                   ^
      42 |       await page.getByRole('button',{name:/^(Reopen|Rouvrir)$/}).click()
      43 |       await expect.poll(async()=> (await db.query('select status from alert_incidents where id=$1',[incidentId])).rows[0].status).toBe('reopened')
      44 |       await workflow.getByRole('combobox').selectOption('resolve')
        at /Users/yoannandrieux/Projets/yodev-ads/web/e2e/monitoring-actors-local.spec.ts:41:131

    Error Context: test-results/monitoring-actors-local-mo-b2205--and-rejects-a-revoked-form-chromium/error-context.md

  1 failed
    [chromium] › e2e/monitoring-actors-local.spec.ts:6:7 › monitoring actor en preserves authorized controls and rejects a revoked form
  65 passed (3.6m)
{"ok":true,"cleaned":"local-browser-fixtures"}
