
> @yodev/ads@0.1.0 test:e2e:local
> node scripts/verify-local-browser.mjs

{"ok":true,"fixtureRoles":["owner","admin","strategist","analyst","client"],"foreignExportId":"80000000-0000-4000-8000-000000000003"}

> @yodev/ads@0.1.0 dev
> next dev --hostname 127.0.0.1 --port 3017

▲ Next.js 16.3.0 (Turbopack)
- Local:         http://127.0.0.1:3017
- Network:       http://127.0.0.1:3017
- Environments: .env.local
✓ Ready in 266ms
✓ Running next.config.ts took 391ms
- Experiments (use with caution):
  · clientTraceMetadata

 GET /sign-in 200 in 1437ms (next.js: 1060ms, proxy.ts: 219ms, application-code: 158ms)
 GET / 200 in 1439ms (next.js: 602ms, proxy.ts: 225ms, application-code: 612ms)
 GET /icon?a62dacc6b033a714 200 in 240ms (next.js: 59ms, proxy.ts: 15ms, application-code: 166ms)
 POST /api/auth/sign-in/email 200 in 919ms (next.js: 749ms, proxy.ts: 3ms, application-code: 168ms)
 POST /api/auth/sign-in/email 200 in 86ms (next.js: 4ms, proxy.ts: 2ms, application-code: 80ms)
 POST /api/auth/sign-in/email 200 in 81ms (next.js: 2ms, proxy.ts: 3ms, application-code: 76ms)
 POST /api/auth/sign-in/email 200 in 86ms (next.js: 3ms, proxy.ts: 9ms, application-code: 74ms)
 POST /api/auth/sign-in/email 200 in 82ms (next.js: 2ms, proxy.ts: 2ms, application-code: 77ms)
 GET /dashboard 200 in 492ms (next.js: 186ms, proxy.ts: 3ms, application-code: 303ms)
 GET /settings 200 in 248ms (next.js: 34ms, proxy.ts: 3ms, application-code: 211ms)
 GET /billing 200 in 161ms (next.js: 13ms, proxy.ts: 2ms, application-code: 146ms)
 GET /support 200 in 138ms (next.js: 16ms, proxy.ts: 1.9ms, application-code: 120ms)
 GET /accounts 200 in 127ms (next.js: 14ms, proxy.ts: 1.9ms, application-code: 111ms)
 GET /history 200 in 126ms (next.js: 15ms, proxy.ts: 1.8ms, application-code: 110ms)
 GET /alerts 200 in 144ms (next.js: 15ms, proxy.ts: 2ms, application-code: 126ms)
 GET /tasks 200 in 166ms (next.js: 21ms, proxy.ts: 1.9ms, application-code: 143ms)
 GET /approvals 200 in 134ms (next.js: 24ms, proxy.ts: 2ms, application-code: 108ms)
 GET /reports 200 in 187ms (next.js: 23ms, proxy.ts: 1.9ms, application-code: 162ms)
 GET /audit 200 in 126ms (next.js: 20ms, proxy.ts: 1.8ms, application-code: 104ms)
 GET /agents 200 in 181ms (next.js: 18ms, proxy.ts: 2.0ms, application-code: 161ms)
 GET / 200 in 75ms (next.js: 1.7ms, proxy.ts: 2.0ms, application-code: 72ms)
 GET /privacy 200 in 54ms (next.js: 16ms, proxy.ts: 2ms, application-code: 36ms)
 GET /terms 200 in 47ms (next.js: 12ms, proxy.ts: 1.9ms, application-code: 33ms)
 GET /subprocessors 200 in 102ms (next.js: 40ms, proxy.ts: 1.7ms, application-code: 60ms)
 GET /status 200 in 111ms (next.js: 37ms, proxy.ts: 2ms, application-code: 71ms)
 GET /sign-in 200 in 38ms (next.js: 5ms, proxy.ts: 2ms, application-code: 30ms)
 GET /sign-up 200 in 350ms (next.js: 318ms, proxy.ts: 3ms, application-code: 29ms)
Local browser states ready in /var/folders/9h/sbxl7zl90j9_wc743xft5j8h0000gn/T/yodev-ads-browser-NqTsSa

Running 66 tests using 1 worker

(node:64581) Warning: The 'NO_COLOR' env is ignored due to the 'FORCE_COLOR' env being set.
(Use `node --trace-warnings ...` to show where the warning was created)
(node:64581) DeprecationWarning: Calling client.query() when the client is already executing a query is deprecated and will be removed in pg@9.0. Use async/await or an external async flow control mechanism instead.
 GET /operations 200 in 354ms (next.js: 26ms, proxy.ts: 2ms, application-code: 325ms)
 GET /api/auth/get-session 200 in 25ms (next.js: 5ms, proxy.ts: 3ms, application-code: 16ms)
 GET /api/auth/organization/list 200 in 31ms (next.js: 11ms, proxy.ts: 3ms, application-code: 17ms)
  ✓   1 [chromium] › e2e/activation-local.spec.ts:7:7 › operations counts published reports and excludes legacy or future activation (1.3s)
 GET /alerts?id=8df275ec-2a22-4767-b1b6-365bc0258ac6 200 in 209ms (next.js: 5ms, proxy.ts: 2ms, application-code: 202ms)
 GET /api/auth/get-session 200 in 28ms (next.js: 8ms, proxy.ts: 3ms, application-code: 17ms)
 GET /api/auth/organization/list 200 in 32ms (next.js: 11ms, proxy.ts: 3ms, application-code: 17ms)
 GET /alerts?notice=Avis+sur+la+qualit%C3%A9+de+l%E2%80%99alerte+enregistr%C3%A9.&id=8df275ec-2a22-4767-b1b6-365bc0258ac6 200 in 80ms (next.js: 1.9ms, proxy.ts: 2ms, application-code: 76ms)
 POST /alerts?id=8df275ec-2a22-4767-b1b6-365bc0258ac6 200 in 131ms (next.js: 8ms, proxy.ts: 6ms, application-code: 116ms)
  └─ ƒ reviewWorkspaceAlertQuality({}) in 17ms src/app/actions.ts
 GET /alerts?error=Cette+observation+ou+cet+avis+a+chang%C3%A9.+Actualisez+la+page+avant+de+l%E2%80%99%C3%A9valuer+%C3%A0+nouveau.&id=8df275ec-2a22-4767-b1b6-365bc0258ac6 200 in 77ms (next.js: 1.8ms, proxy.ts: 2.0ms, application-code: 74ms)
 POST /alerts?notice=Avis%20sur%20la%20qualit%C3%A9%20de%20l%E2%80%99alerte%20enregistr%C3%A9.&id=8df275ec-2a22-4767-b1b6-365bc0258ac6 200 in 99ms (next.js: 2.0ms, proxy.ts: 3ms, application-code: 94ms)
  └─ ƒ reviewWorkspaceAlertQuality({}) in 10ms src/app/actions.ts
 GET /alerts?notice=Avis+sur+la+qualit%C3%A9+de+l%E2%80%99alerte+enregistr%C3%A9.&id=8df275ec-2a22-4767-b1b6-365bc0258ac6 200 in 91ms (next.js: 2ms, proxy.ts: 4ms, application-code: 84ms)
 POST /alerts?error=Cette%20observation%20ou%20cet%20avis%20a%20chang%C3%A9.%20Actualisez%20la%20page%20avant%20de%20l%E2%80%99%C3%A9valuer%20%C3%A0%20nouveau.&id=8df275ec-2a22-4767-b1b6-365bc0258ac6 200 in 117ms (next.js: 3ms, proxy.ts: 3ms, application-code: 111ms)
  └─ ƒ reviewWorkspaceAlertQuality({}) in 11ms src/app/actions.ts
 GET /alerts?q=QUALITY_10be5211-fd05-4de4-bfd5-4ecb642480d8 200 in 445ms (next.js: 2ms, proxy.ts: 3ms, application-code: 440ms)
 GET /api/auth/get-session 200 in 116ms (next.js: 43ms, proxy.ts: 4ms, application-code: 69ms)
 GET /api/auth/organization/list 200 in 130ms (next.js: 47ms, proxy.ts: 4ms, application-code: 79ms)
 GET /alerts?id=8df275ec-2a22-4767-b1b6-365bc0258ac6 200 in 191ms (next.js: 3ms, proxy.ts: 5ms, application-code: 184ms)
 GET /api/auth/get-session 200 in 28ms (next.js: 5ms, proxy.ts: 9ms, application-code: 14ms)
 GET /api/auth/organization/list 200 in 30ms (next.js: 9ms, proxy.ts: 10ms, application-code: 12ms)
 GET /alerts?notice=Avis+sur+la+qualit%C3%A9+de+l%E2%80%99alerte+enregistr%C3%A9.&id=8df275ec-2a22-4767-b1b6-365bc0258ac6 200 in 75ms (next.js: 3ms, proxy.ts: 5ms, application-code: 67ms)
 POST /alerts?id=8df275ec-2a22-4767-b1b6-365bc0258ac6 200 in 98ms (next.js: 2ms, proxy.ts: 3ms, application-code: 93ms)
  └─ ƒ reviewWorkspaceAlertQuality({}) in 11ms src/app/actions.ts
 GET /alerts?id=8df275ec-2a22-4767-b1b6-365bc0258ac6 200 in 136ms (next.js: 5ms, proxy.ts: 2ms, application-code: 129ms)
 GET /api/auth/get-session 200 in 116ms (next.js: 45ms, proxy.ts: 8ms, application-code: 63ms)
 GET /api/auth/organization/list 200 in 121ms (next.js: 32ms, proxy.ts: 25ms, application-code: 65ms)
 GET /alerts?notice=Avis%20sur%20la%20qualit%C3%A9%20de%20l%E2%80%99alerte%20enregistr%C3%A9.&id=8df275ec-2a22-4767-b1b6-365bc0258ac6 200 in 170ms (next.js: 6ms, proxy.ts: 3ms, application-code: 161ms)
  ✓   2 [chromium] › e2e/alert-quality-local.spec.ts:6:7 › alert quality fr reviews a specific observation without changing workflow (3.3s)
 GET /alerts?id=12ee7da6-8bd2-406c-b3bc-4ab5fc97da97 200 in 130ms (next.js: 1.3ms, proxy.ts: 3ms, application-code: 126ms)
 GET /api/auth/get-session 200 in 41ms (next.js: 17ms, proxy.ts: 3ms, application-code: 21ms)
 GET /api/auth/organization/list 200 in 44ms (next.js: 9ms, proxy.ts: 3ms, application-code: 32ms)
 GET /alerts?notice=Alert+quality+review+saved.&id=12ee7da6-8bd2-406c-b3bc-4ab5fc97da97 200 in 71ms (next.js: 2ms, proxy.ts: 3ms, application-code: 67ms)
 POST /alerts?id=12ee7da6-8bd2-406c-b3bc-4ab5fc97da97 200 in 97ms (next.js: 2ms, proxy.ts: 3ms, application-code: 91ms)
  └─ ƒ reviewWorkspaceAlertQuality({}) in 13ms src/app/actions.ts
 GET /alerts?error=This+observation+or+review+has+changed.+Refresh+the+page+before+reviewing+it+again.&id=12ee7da6-8bd2-406c-b3bc-4ab5fc97da97 200 in 69ms (next.js: 1.7ms, proxy.ts: 2ms, application-code: 65ms)
 POST /alerts?notice=Alert%20quality%20review%20saved.&id=12ee7da6-8bd2-406c-b3bc-4ab5fc97da97 200 in 97ms (next.js: 2ms, proxy.ts: 3ms, application-code: 92ms)
  └─ ƒ reviewWorkspaceAlertQuality({}) in 8ms src/app/actions.ts
 GET /alerts?notice=Alert+quality+review+saved.&id=12ee7da6-8bd2-406c-b3bc-4ab5fc97da97 200 in 67ms (next.js: 1.6ms, proxy.ts: 1.9ms, application-code: 64ms)
 POST /alerts?error=This%20observation%20or%20review%20has%20changed.%20Refresh%20the%20page%20before%20reviewing%20it%20again.&id=12ee7da6-8bd2-406c-b3bc-4ab5fc97da97 200 in 86ms (next.js: 1.9ms, proxy.ts: 3ms, application-code: 81ms)
  └─ ƒ reviewWorkspaceAlertQuality({}) in 8ms src/app/actions.ts
 GET /alerts?q=QUALITY_4b175aa7-b3bc-4dad-9bb4-aa63e3fb97c6 200 in 433ms (next.js: 1.7ms, proxy.ts: 2ms, application-code: 428ms)
 GET /api/auth/get-session 200 in 120ms (next.js: 64ms, proxy.ts: 4ms, application-code: 52ms)
 GET /api/auth/organization/list 200 in 158ms (next.js: 73ms, proxy.ts: 4ms, application-code: 80ms)
 GET /alerts?id=12ee7da6-8bd2-406c-b3bc-4ab5fc97da97 200 in 221ms (next.js: 4ms, proxy.ts: 5ms, application-code: 213ms)
 GET /api/auth/get-session 200 in 18ms (next.js: 4ms, proxy.ts: 3ms, application-code: 12ms)
 GET /api/auth/organization/list 200 in 20ms (next.js: 7ms, proxy.ts: 3ms, application-code: 10ms)
 GET /alerts?notice=Alert+quality+review+saved.&id=12ee7da6-8bd2-406c-b3bc-4ab5fc97da97 200 in 71ms (next.js: 1.7ms, proxy.ts: 4ms, application-code: 65ms)
 POST /alerts?id=12ee7da6-8bd2-406c-b3bc-4ab5fc97da97 200 in 97ms (next.js: 2ms, proxy.ts: 3ms, application-code: 92ms)
  └─ ƒ reviewWorkspaceAlertQuality({}) in 9ms src/app/actions.ts
 GET /alerts?id=12ee7da6-8bd2-406c-b3bc-4ab5fc97da97 200 in 122ms (next.js: 1.7ms, proxy.ts: 3ms, application-code: 117ms)
 GET /api/auth/get-session 200 in 106ms (next.js: 44ms, proxy.ts: 12ms, application-code: 50ms)
 GET /api/auth/organization/list 200 in 109ms (next.js: 46ms, proxy.ts: 12ms, application-code: 51ms)
 GET /alerts?notice=Alert%20quality%20review%20saved.&id=12ee7da6-8bd2-406c-b3bc-4ab5fc97da97 200 in 153ms (next.js: 1.7ms, proxy.ts: 3ms, application-code: 149ms)
  ✓   3 [chromium] › e2e/alert-quality-local.spec.ts:6:7 › alert quality en reviews a specific observation without changing workflow (3.2s)
 GET /analysis?client=6ca9fb03-3936-4a3e-8610-fd28ccd6dfb1 200 in 189ms (next.js: 29ms, proxy.ts: 2ms, application-code: 157ms)
 GET /api/auth/get-session 200 in 111ms (next.js: 17ms, proxy.ts: 31ms, application-code: 63ms)
 GET /api/auth/organization/list 200 in 104ms (next.js: 26ms, proxy.ts: 22ms, application-code: 56ms)
 GET /analysis?client=6ca9fb03-3936-4a3e-8610-fd28ccd6dfb1 200 in 251ms (next.js: 2.0ms, proxy.ts: 4ms, application-code: 245ms)
 GET /api/auth/get-session 200 in 84ms (next.js: 47ms, proxy.ts: 14ms, application-code: 23ms)
 GET /api/auth/organization/list 200 in 88ms (next.js: 50ms, proxy.ts: 14ms, application-code: 24ms)
 GET /analysis?client=6ca9fb03-3936-4a3e-8610-fd28ccd6dfb1 200 in 225ms (next.js: 2ms, proxy.ts: 3ms, application-code: 219ms)
 GET /api/auth/get-session 200 in 103ms (next.js: 19ms, proxy.ts: 26ms, application-code: 58ms)
 GET /api/auth/organization/list 200 in 103ms (next.js: 28ms, proxy.ts: 26ms, application-code: 49ms)
 GET /analysis?client=6ca9fb03-3936-4a3e-8610-fd28ccd6dfb1 200 in 223ms (next.js: 2ms, proxy.ts: 2ms, application-code: 218ms)
 GET /api/auth/get-session 200 in 109ms (next.js: 18ms, proxy.ts: 30ms, application-code: 61ms)
 GET /api/auth/organization/list 200 in 109ms (next.js: 27ms, proxy.ts: 29ms, application-code: 52ms)
 GET /analysis?client=6ca9fb03-3936-4a3e-8610-fd28ccd6dfb1 200 in 237ms (next.js: 2ms, proxy.ts: 4ms, application-code: 232ms)
 GET /api/auth/get-session 200 in 116ms (next.js: 21ms, proxy.ts: 36ms, application-code: 59ms)
 GET /api/auth/organization/list 200 in 118ms (next.js: 25ms, proxy.ts: 33ms, application-code: 61ms)
 GET /analysis?client=6ca9fb03-3936-4a3e-8610-fd28ccd6dfb1 200 in 226ms (next.js: 5ms, proxy.ts: 2ms, application-code: 218ms)
 GET /api/auth/get-session 200 in 20ms (next.js: 5ms, proxy.ts: 3ms, application-code: 13ms)
 GET /api/auth/organization/list 200 in 23ms (next.js: 9ms, proxy.ts: 3ms, application-code: 11ms)
 GET /analysis?client=6ca9fb03-3936-4a3e-8610-fd28ccd6dfb1 200 in 203ms (next.js: 2ms, proxy.ts: 2ms, application-code: 199ms)
  ✓   4 [chromium] › e2e/analysis-evidence-local.spec.ts:7:7 › analysis evidence fr excludes empty and unqualified sources before first activation (2.7s)
 GET /analysis?client=9e18508a-0b33-400d-9d1d-2e5b8e41d358 200 in 136ms (next.js: 1.8ms, proxy.ts: 1.9ms, application-code: 133ms)
 GET /api/auth/get-session 200 in 91ms (next.js: 22ms, proxy.ts: 21ms, application-code: 47ms)
 GET /api/auth/organization/list 200 in 94ms (next.js: 25ms, proxy.ts: 21ms, application-code: 48ms)
 GET /analysis?client=9e18508a-0b33-400d-9d1d-2e5b8e41d358 200 in 215ms (next.js: 3ms, proxy.ts: 2ms, application-code: 210ms)
 GET /api/auth/get-session 200 in 96ms (next.js: 50ms, proxy.ts: 18ms, application-code: 28ms)
 GET /api/auth/organization/list 200 in 100ms (next.js: 53ms, proxy.ts: 18ms, application-code: 28ms)
 GET /analysis?client=9e18508a-0b33-400d-9d1d-2e5b8e41d358 200 in 259ms (next.js: 2ms, proxy.ts: 3ms, application-code: 253ms)
 GET /api/auth/get-session 200 in 119ms (next.js: 47ms, proxy.ts: 7ms, application-code: 64ms)
 GET /api/auth/organization/list 200 in 123ms (next.js: 34ms, proxy.ts: 24ms, application-code: 65ms)
 GET /analysis?client=9e18508a-0b33-400d-9d1d-2e5b8e41d358 200 in 227ms (next.js: 4ms, proxy.ts: 4ms, application-code: 220ms)
 GET /api/auth/get-session 200 in 102ms (next.js: 17ms, proxy.ts: 27ms, application-code: 58ms)
 GET /api/auth/organization/list 200 in 102ms (next.js: 26ms, proxy.ts: 26ms, application-code: 49ms)
 GET /analysis?client=9e18508a-0b33-400d-9d1d-2e5b8e41d358 200 in 231ms (next.js: 3ms, proxy.ts: 3ms, application-code: 224ms)
 GET /api/auth/get-session 200 in 84ms (next.js: 22ms, proxy.ts: 10ms, application-code: 52ms)
 GET /api/auth/organization/list 200 in 91ms (next.js: 29ms, proxy.ts: 10ms, application-code: 52ms)
 GET /analysis?client=9e18508a-0b33-400d-9d1d-2e5b8e41d358 200 in 221ms (next.js: 21ms, proxy.ts: 9ms, application-code: 191ms)
 GET /api/auth/get-session 200 in 22ms (next.js: 5ms, proxy.ts: 3ms, application-code: 14ms)
 GET /api/auth/organization/list 200 in 24ms (next.js: 11ms, proxy.ts: 3ms, application-code: 10ms)
 GET /analysis?client=9e18508a-0b33-400d-9d1d-2e5b8e41d358 200 in 179ms (next.js: 2ms, proxy.ts: 2ms, application-code: 175ms)
  ✓   5 [chromium] › e2e/analysis-evidence-local.spec.ts:7:7 › analysis evidence en excludes empty and unqualified sources before first activation (2.7s)
 GET /insights?client=80000000-0000-4000-8000-000000000091 200 in 421ms (next.js: 62ms, proxy.ts: 2ms, application-code: 357ms)
 GET /api/auth/get-session 200 in 22ms (next.js: 6ms, proxy.ts: 4ms, application-code: 13ms)
 GET /api/auth/organization/list 200 in 25ms (next.js: 10ms, proxy.ts: 4ms, application-code: 11ms)
 POST /insights?client=80000000-0000-4000-8000-000000000091 200 in 149ms (next.js: 3ms, proxy.ts: 5ms, application-code: 142ms)
  └─ ƒ setCookieConsent({}) in 2ms src/app/preferences-actions.ts
 GET /insights/devices?client=80000000-0000-4000-8000-000000000091 200 in 772ms (next.js: 600ms, proxy.ts: 57ms, application-code: 116ms)
 GET /insights/devices?client=80000000-0000-4000-8000-000000000091&cursor=eyJ2IjoxLCJpdiI6IkFxakVEbjJJRlAzSTBSZHQiLCJ0YWciOiJLSXdMbDh0TjZXTTUzUkhuRktrYTNBIiwiZGF0YSI6InhRaUhjNnd1T3ZVOWVWTzJQT2VBREdUSlNhYjVNOTc5eWJuT2xLTUx1Nk1vQWtNOTBXTUpmQ1FwRXdCNzBGRDVmbDVhUDJPY1hvcXdYYkQyYjlsNWhGQmhXMk41U3BYd08xdWtwUjFxYlF5dVpyOVBUak04Y0VyVzVjN0prcDk0VXliTXY4dlEtQV9mdUdXWmVaR29CTU8zNzZSU0RKa3hVVTAycXRnMVVyVGlGdi1Ndm9oTmNQa2RxUkpfbGpnTkpzeVJ6VEdRXzU3a180Wk4tVnJsSUVRX3hOdUxFY0ZiV2w3QXNqVGluWmJXQ3g4azIwLWJXaW9CQUxxTkRQRzJ3ZXNvQjB1QXpjSnAifQ 200 in 111ms (next.js: 4ms, proxy.ts: 2ms, application-code: 104ms)
 GET /insights/devices?client=80000000-0000-4000-8000-000000000091&q=%25_ 200 in 158ms (next.js: 3ms, proxy.ts: 2ms, application-code: 153ms)
 GET /api/auth/get-session 200 in 30ms (next.js: 8ms, proxy.ts: 3ms, application-code: 19ms)
 GET /api/auth/organization/list 200 in 35ms (next.js: 13ms, proxy.ts: 3ms, application-code: 18ms)
 GET /insights/devices/export?client=80000000-0000-4000-8000-000000000091&version=f0c89dd5-3c87-4075-8375-ea1df89107c6 200 in 984ms (next.js: 937ms, proxy.ts: 3ms, application-code: 44ms)
 GET /insights/devices?client=80000000-0000-4000-8000-000000000091&cursor=eyJ2IjoxLCJpdiI6IkFxakVEbjJJRlAzSTBSZHQiLCJ0YWciOiJLSXdMbDh0TjZXTTUzUkhuRktrYTNBIiwiZGF0YSI6InhRaUhjNnd1T3ZVOWVWTzJQT2VBREdUSlNhYjVNOTc5eWJuT2xLTUx1Nk1vQWtNOTBXTUpmQ1FwRXdCNzBGRDVmbDVhUDJPY1hvcXdYYkQyYjlsNWhGQmhXMk41U3BYd08xdWtwUjFxYlF5dVpyOVBUak04Y0VyVzVjN0prcDk0VXliTXY4dlEtQV9mdUdXWmVaR29CTU8zNzZSU0RKa3hVVTAycXRnMVVyVGlGdi1Ndm9oTmNQa2RxUkpfbGpnTkpzeVJ6VEdRXzU3a180Wk4tVnJsSUVRX3hOdUxFY0ZiV2w3QXNqVGluWmJXQ3g4azIwLWJXaW9CQUxxTkRQRzJ3ZXNvQjB1QXpjSnAifQ 200 in 149ms (next.js: 6ms, proxy.ts: 2ms, application-code: 140ms)
 GET /api/auth/get-session 200 in 56ms (next.js: 34ms, proxy.ts: 4ms, application-code: 18ms)
 GET /api/auth/organization/list 200 in 60ms (next.js: 42ms, proxy.ts: 4ms, application-code: 14ms)
 GET /insights/devices/export?client=80000000-0000-4000-8000-000000000091&version=f0c89dd5-3c87-4075-8375-ea1df89107c6 409 in 21ms (next.js: 4ms, proxy.ts: 3ms, application-code: 13ms)
 GET /insights/devices?client=80000000-0000-4000-8000-000000000091&cursor=forged 200 in 158ms (next.js: 4ms, proxy.ts: 3ms, application-code: 150ms)
 GET /api/auth/get-session 200 in 109ms (next.js: 11ms, proxy.ts: 7ms, application-code: 91ms)
 GET /api/auth/organization/list 200 in 122ms (next.js: 37ms, proxy.ts: 7ms, application-code: 77ms)
 GET /insights/devices?client=80000000-0000-4000-8000-000000000099 404 in 216ms (next.js: 42ms, proxy.ts: 8ms, application-code: 167ms)
 GET /insights/devices/export?client=80000000-0000-4000-8000-000000000099&version=f0c89dd5-3c87-4075-8375-ea1df89107c6 404 in 70ms (next.js: 30ms, proxy.ts: 5ms, application-code: 35ms)
 GET /insights/devices/export?client=80000000-0000-4000-8000-000000000091&version=f0c89dd5-3c87-4075-8375-ea1df89107c6 403 in 26ms (next.js: 18ms, proxy.ts: 2ms, application-code: 6ms)
 GET /api/auth/get-session 200 in 36ms (next.js: 8ms, proxy.ts: 6ms, application-code: 22ms)
 GET /api/auth/organization/list 200 in 54ms (next.js: 13ms, proxy.ts: 6ms, application-code: 35ms)
  ✓   6 [chromium] › e2e/analytical-pages-local.spec.ts:15:53 › complete analytical collections › browses, searches and exports all stored rows in fr (5.0s)
 GET /insights?client=80000000-0000-4000-8000-000000000091 200 in 387ms (next.js: 3ms, proxy.ts: 2ms, application-code: 382ms)
 GET /api/auth/get-session 200 in 22ms (next.js: 6ms, proxy.ts: 4ms, application-code: 12ms)
 GET /api/auth/organization/list 200 in 25ms (next.js: 10ms, proxy.ts: 4ms, application-code: 11ms)
 POST /insights?client=80000000-0000-4000-8000-000000000091 200 in 288ms (next.js: 4ms, proxy.ts: 5ms, application-code: 279ms)
  └─ ƒ setCookieConsent({}) in 2ms src/app/preferences-actions.ts
 GET /insights/devices?client=80000000-0000-4000-8000-000000000091 200 in 229ms (next.js: 10ms, proxy.ts: 4ms, application-code: 215ms)
 GET /insights/devices?client=80000000-0000-4000-8000-000000000091&cursor=eyJ2IjoxLCJpdiI6ImhFenhicm9DX0RQcVgxSUIiLCJ0YWciOiJ4YkUwbkNNZEZEQ2ROZTMtc3ZSdEpBIiwiZGF0YSI6IkRmbzBzQTBSeDZxMEwtM1JCVVVoZTVpa01RQmdUZHc2MVBxZUx3SlNaelluZm1nSEpkaGdSbDIxdERvV0JEVXRaRlZYR051QVEtaWlHUVFSS2NUM1VGWnFOc0Y3US1HNi1pVXJpNDNSclhhaWRwNWJ4NjA4b0IybEdoUER0NWJXU19UWXVDbEZkS3dnUlNkeTQ0MklEWHJiNTVDVkhvUDZQNm9JcVZnMUo1S05rX2ViVWd6dWRULWFfTGNHRGxzZTgyeTFSelZ2eUJreDdlUUVLRWNlNU5DMGNPVEl5N29yTzJITUI2T245cG9EdWtwNWVFTmtaLWRPcFFVeWNkZ0NiOGQtblpvZzZLejcifQ 200 in 237ms (next.js: 10ms, proxy.ts: 9ms, application-code: 218ms)
 GET /insights/devices?client=80000000-0000-4000-8000-000000000091&q=%25_ 200 in 188ms (next.js: 4ms, proxy.ts: 2ms, application-code: 182ms)
 GET /api/auth/get-session 200 in 176ms (next.js: 41ms, proxy.ts: 46ms, application-code: 88ms)
 GET /api/auth/organization/list 200 in 194ms (next.js: 78ms, proxy.ts: 50ms, application-code: 66ms)
 GET /insights/devices/export?client=80000000-0000-4000-8000-000000000091&version=94c7cab6-a03b-42c7-9beb-ae195d1a6eeb 200 in 96ms (next.js: 35ms, proxy.ts: 19ms, application-code: 42ms)
 GET /insights/devices?client=80000000-0000-4000-8000-000000000091&cursor=eyJ2IjoxLCJpdiI6ImhFenhicm9DX0RQcVgxSUIiLCJ0YWciOiJ4YkUwbkNNZEZEQ2ROZTMtc3ZSdEpBIiwiZGF0YSI6IkRmbzBzQTBSeDZxMEwtM1JCVVVoZTVpa01RQmdUZHc2MVBxZUx3SlNaelluZm1nSEpkaGdSbDIxdERvV0JEVXRaRlZYR051QVEtaWlHUVFSS2NUM1VGWnFOc0Y3US1HNi1pVXJpNDNSclhhaWRwNWJ4NjA4b0IybEdoUER0NWJXU19UWXVDbEZkS3dnUlNkeTQ0MklEWHJiNTVDVkhvUDZQNm9JcVZnMUo1S05rX2ViVWd6dWRULWFfTGNHRGxzZTgyeTFSelZ2eUJreDdlUUVLRWNlNU5DMGNPVEl5N29yTzJITUI2T245cG9EdWtwNWVFTmtaLWRPcFFVeWNkZ0NiOGQtblpvZzZLejcifQ 200 in 466ms (next.js: 39ms, proxy.ts: 31ms, application-code: 395ms)
 GET /api/auth/get-session 200 in 48ms (next.js: 24ms, proxy.ts: 7ms, application-code: 17ms)
 GET /api/auth/organization/list 200 in 51ms (next.js: 10ms, proxy.ts: 8ms, application-code: 33ms)
 GET /insights/devices/export?client=80000000-0000-4000-8000-000000000091&version=94c7cab6-a03b-42c7-9beb-ae195d1a6eeb 409 in 46ms (next.js: 16ms, proxy.ts: 10ms, application-code: 21ms)
 GET /insights/devices?client=80000000-0000-4000-8000-000000000091&cursor=forged 200 in 260ms (next.js: 9ms, proxy.ts: 4ms, application-code: 248ms)
 GET /api/auth/get-session 200 in 77ms (next.js: 56ms, proxy.ts: 5ms, application-code: 16ms)
 GET /api/auth/organization/list 200 in 135ms (next.js: 56ms, proxy.ts: 9ms, application-code: 70ms)
 GET /insights/devices?client=80000000-0000-4000-8000-000000000099 404 in 174ms (next.js: 15ms, proxy.ts: 3ms, application-code: 155ms)
 GET /insights/devices/export?client=80000000-0000-4000-8000-000000000099&version=94c7cab6-a03b-42c7-9beb-ae195d1a6eeb 404 in 30ms (next.js: 9ms, proxy.ts: 10ms, application-code: 12ms)
 GET /insights/devices/export?client=80000000-0000-4000-8000-000000000091&version=94c7cab6-a03b-42c7-9beb-ae195d1a6eeb 403 in 11ms (next.js: 3ms, proxy.ts: 4ms, application-code: 5ms)
  ✓   7 [chromium] › e2e/analytical-pages-local.spec.ts:15:53 › complete analytical collections › browses, searches and exports all stored rows in en (4.1s)
 GET /account 307 in 112ms (next.js: 54ms, proxy.ts: 2ms, application-code: 56ms)
 GET /sign-in?returnTo=%2Faccount 200 in 69ms (next.js: 5ms, proxy.ts: 3ms, application-code: 62ms)
 GET /account 200 in 131ms (next.js: 6ms, proxy.ts: 7ms, application-code: 119ms)
 GET /api/auth/get-session 200 in 28ms (next.js: 8ms, proxy.ts: 4ms, application-code: 16ms)
 GET /api/auth/organization/list 200 in 30ms (next.js: 12ms, proxy.ts: 4ms, application-code: 13ms)
 GET /api/auth/passkey/list-user-passkeys 200 in 31ms (next.js: 15ms, proxy.ts: 5ms, application-code: 11ms)
 GET /account 200 in 43ms (next.js: 1.7ms, proxy.ts: 2ms, application-code: 39ms)
 GET /api/auth/get-session 200 in 26ms (next.js: 6ms, proxy.ts: 4ms, application-code: 16ms)
 GET /api/auth/passkey/list-user-passkeys 200 in 29ms (next.js: 13ms, proxy.ts: 5ms, application-code: 10ms)
 GET /api/auth/organization/list 200 in 31ms (next.js: 10ms, proxy.ts: 5ms, application-code: 16ms)
 GET /account 200 in 48ms (next.js: 1.5ms, proxy.ts: 3ms, application-code: 44ms)
 GET /api/auth/get-session 200 in 33ms (next.js: 7ms, proxy.ts: 5ms, application-code: 20ms)
 GET /api/auth/organization/list 200 in 36ms (next.js: 11ms, proxy.ts: 6ms, application-code: 19ms)
 GET /api/auth/passkey/list-user-passkeys 200 in 37ms (next.js: 13ms, proxy.ts: 7ms, application-code: 17ms)
 GET /account 200 in 39ms (next.js: 2.0ms, proxy.ts: 3ms, application-code: 34ms)
 GET /api/auth/get-session 200 in 35ms (next.js: 13ms, proxy.ts: 5ms, application-code: 16ms)
 GET /api/auth/passkey/list-user-passkeys 200 in 37ms (next.js: 17ms, proxy.ts: 9ms, application-code: 11ms)
 GET /api/auth/organization/list 200 in 39ms (next.js: 14ms, proxy.ts: 8ms, application-code: 17ms)
 GET /account 200 in 48ms (next.js: 1.9ms, proxy.ts: 2ms, application-code: 44ms)
 GET /api/auth/get-session 200 in 50ms (next.js: 5ms, proxy.ts: 27ms, application-code: 18ms)
 GET /api/auth/organization/list 200 in 54ms (next.js: 13ms, proxy.ts: 27ms, application-code: 14ms)
 GET /api/auth/passkey/list-user-passkeys 200 in 55ms (next.js: 8ms, proxy.ts: 25ms, application-code: 21ms)
  ✓   8 [chromium] › e2e/auth-lifecycle-local.spec.ts:58:7 › personal account security is available to all five workspace roles (2.6s)
 GET /sign-up 200 in 47ms (next.js: 7ms, proxy.ts: 2ms, application-code: 37ms)
 POST /api/auth/sign-up/email 200 in 119ms (next.js: 8ms, proxy.ts: 4ms, application-code: 106ms)
 GET /api/auth/get-session 200 in 10ms (next.js: 2ms, proxy.ts: 2ms, application-code: 5ms)
 GET /sign-in 200 in 42ms (next.js: 4ms, proxy.ts: 1.8ms, application-code: 37ms)
 POST /api/auth/sign-in/email 403 in 118ms (next.js: 8ms, proxy.ts: 10ms, application-code: 100ms)
 GET /api/auth/get-session 200 in 11ms (next.js: 3ms, proxy.ts: 2ms, application-code: 6ms)
 GET /api/auth/verify-email?token=[REDACTED]&callbackURL=%2Fdashboard 302 in 14ms (next.js: 2ms, proxy.ts: 2ms, application-code: 9ms)
 GET /dashboard 307 in 63ms (next.js: 4ms, proxy.ts: 2ms, application-code: 56ms)
 GET /sign-in 200 in 35ms (next.js: 4ms, proxy.ts: 2ms, application-code: 29ms)
 GET /sign-in 200 in 47ms (next.js: 4ms, proxy.ts: 4ms, application-code: 39ms)
 POST /api/auth/sign-in/email 200 in 111ms (next.js: 9ms, proxy.ts: 3ms, application-code: 99ms)
 GET /dashboard 307 in 87ms (next.js: 2ms, proxy.ts: 3ms, application-code: 82ms)
 GET /onboarding 200 in 79ms (next.js: 30ms, proxy.ts: 2ms, application-code: 47ms)
 GET /settings 200 in 103ms (next.js: 4ms, proxy.ts: 2ms, application-code: 96ms)
 POST /onboarding 200 in 131ms (next.js: 1.8ms, proxy.ts: 3ms, application-code: 126ms)
  └─ ƒ createWorkspace({}) in 13ms src/app/onboarding/actions.ts
 GET /api/auth/organization/list 200 in 37ms (next.js: 4ms, proxy.ts: 5ms, application-code: 28ms)
 GET /api/auth/get-session 200 in 43ms (next.js: 11ms, proxy.ts: 4ms, application-code: 28ms)
 GET /api/auth/get-session 200 in 32ms (next.js: 11ms, proxy.ts: 13ms, application-code: 7ms)
 GET /sign-in 200 in 48ms (next.js: 8ms, proxy.ts: 5ms, application-code: 36ms)
 POST /api/auth/sign-in/magic-link 200 in 44ms (next.js: 9ms, proxy.ts: 6ms, application-code: 28ms)
 GET /api/auth/magic-link/verify?token=[REDACTED]&callbackURL=%2Fdashboard&errorCallbackURL=http%3A%2F%2Flocalhost%3A3017%2Fsign-in 302 in 25ms (next.js: 3ms, proxy.ts: 3ms, application-code: 20ms)
 GET /dashboard 200 in 122ms (next.js: 2ms, proxy.ts: 2ms, application-code: 118ms)
 GET /api/auth/get-session 200 in 17ms (next.js: 3ms, proxy.ts: 5ms, application-code: 9ms)
 GET /api/auth/get-session 200 in 51ms (next.js: 27ms, proxy.ts: 10ms, application-code: 14ms)
 GET /api/auth/organization/list 200 in 52ms (next.js: 18ms, proxy.ts: 14ms, application-code: 20ms)
 GET /api/auth/magic-link/verify?token=[REDACTED]&callbackURL=%2Fdashboard&errorCallbackURL=http%3A%2F%2Flocalhost%3A3017%2Fsign-in 302 in 29ms (next.js: 14ms, proxy.ts: 4ms, application-code: 12ms)
 GET /sign-in?error=INVALID_TOKEN 200 in 49ms (next.js: 4ms, proxy.ts: 2ms, application-code: 43ms)
 GET /api/auth/get-session 200 in 40ms (next.js: 9ms, proxy.ts: 16ms, application-code: 16ms)
 GET /forgot-password 200 in 98ms (next.js: 26ms, proxy.ts: 4ms, application-code: 68ms)
 POST /api/auth/request-password-reset 200 in 22ms (next.js: 7ms, proxy.ts: 4ms, application-code: 11ms)
 GET /api/auth/reset-password/[REDACTED]?callbackURL=%2Freset-password 302 in 12ms (next.js: 2ms, proxy.ts: 2ms, application-code: 7ms)
 GET /reset-password?token=[REDACTED] 200 in 53ms (next.js: 20ms, proxy.ts: 3ms, application-code: 31ms)
 POST /api/auth/reset-password 200 in 104ms (next.js: 2ms, proxy.ts: 3ms, application-code: 99ms)
 GET /api/auth/get-session 200 in 11ms (next.js: 3ms, proxy.ts: 2ms, application-code: 6ms)
 GET /api/auth/get-session 200 in 12ms (next.js: 2ms, proxy.ts: 1.9ms, application-code: 7ms)
 GET /api/auth/reset-password/[REDACTED]?callbackURL=%2Freset-password 302 in 29ms (next.js: 16ms, proxy.ts: 3ms, application-code: 10ms)
 GET /reset-password?error=INVALID_TOKEN 200 in 34ms (next.js: 1.9ms, proxy.ts: 2ms, application-code: 30ms)
 GET /sign-in 200 in 42ms (next.js: 5ms, proxy.ts: 3ms, application-code: 34ms)
2026-09-07T10:50:28.506Z WARN [Better Auth]: Invalid password
 POST /api/auth/sign-in/email 401 in 107ms (next.js: 6ms, proxy.ts: 3ms, application-code: 99ms)
 GET /api/auth/get-session 200 in 9ms (next.js: 2ms, proxy.ts: 2.0ms, application-code: 4ms)
 GET /sign-in 200 in 40ms (next.js: 5ms, proxy.ts: 1.8ms, application-code: 33ms)
 POST /api/auth/sign-in/email 200 in 98ms (next.js: 4ms, proxy.ts: 7ms, application-code: 88ms)
 GET /dashboard 200 in 133ms (next.js: 3ms, proxy.ts: 13ms, application-code: 117ms)
 GET /sign-in 200 in 81ms (next.js: 5ms, proxy.ts: 2ms, application-code: 74ms)
 GET /api/auth/get-session 200 in 70ms (next.js: 25ms, proxy.ts: 11ms, application-code: 34ms)
 GET /api/auth/organization/list 200 in 73ms (next.js: 30ms, proxy.ts: 9ms, application-code: 34ms)
 POST /api/auth/sign-in/email 200 in 87ms (next.js: 3ms, proxy.ts: 3ms, application-code: 81ms)
 GET /dashboard 200 in 121ms (next.js: 1.8ms, proxy.ts: 3ms, application-code: 117ms)
 GET /account 200 in 109ms (next.js: 15ms, proxy.ts: 3ms, application-code: 92ms)
 GET /api/auth/get-session 200 in 62ms (next.js: 22ms, proxy.ts: 13ms, application-code: 27ms)
 GET /api/auth/organization/list 200 in 77ms (next.js: 31ms, proxy.ts: 13ms, application-code: 32ms)
 GET /api/auth/passkey/list-user-passkeys 200 in 25ms (next.js: 11ms, proxy.ts: 4ms, application-code: 10ms)
 GET /api/auth/get-session 200 in 28ms (next.js: 8ms, proxy.ts: 4ms, application-code: 16ms)
 GET /api/auth/organization/list 200 in 30ms (next.js: 13ms, proxy.ts: 4ms, application-code: 13ms)
 POST /api/auth/revoke-other-sessions 200 in 18ms (next.js: 6ms, proxy.ts: 3ms, application-code: 9ms)
 GET /api/auth/get-session 200 in 19ms (next.js: 10ms, proxy.ts: 3ms, application-code: 6ms)
 GET /api/auth/get-session 200 in 22ms (next.js: 6ms, proxy.ts: 3ms, application-code: 12ms)
 GET /api/auth/get-session 200 in 10ms (next.js: 2ms, proxy.ts: 1.8ms, application-code: 6ms)
 GET /api/auth/passkey/generate-register-options?authenticatorAttachment=platform&name=Passkey%20Ads%20by%20Yodev 200 in 17ms (next.js: 3ms, proxy.ts: 3ms, application-code: 11ms)
 POST /api/auth/passkey/verify-registration 200 in 15ms (next.js: 2ms, proxy.ts: 2ms, application-code: 11ms)
 GET /api/auth/passkey/list-user-passkeys 200 in 10ms (next.js: 2.0ms, proxy.ts: 1.6ms, application-code: 6ms)
 GET /api/auth/passkey/list-user-passkeys 200 in 12ms (next.js: 2ms, proxy.ts: 1.8ms, application-code: 8ms)
 POST /api/auth/passkey/delete-passkey 401 in 20ms (next.js: 11ms, proxy.ts: 1.8ms, application-code: 7ms)
 POST /api/auth/sign-out 200 in 10ms (next.js: 1.9ms, proxy.ts: 1.8ms, application-code: 6ms)
 GET /sign-in 200 in 39ms (next.js: 4ms, proxy.ts: 1.7ms, application-code: 33ms)
 GET /api/auth/passkey/generate-authenticate-options 200 in 16ms (next.js: 5ms, proxy.ts: 3ms, application-code: 7ms)
 POST /api/auth/passkey/verify-authentication 200 in 29ms (next.js: 5ms, proxy.ts: 7ms, application-code: 17ms)
 GET /dashboard 200 in 130ms (next.js: 2ms, proxy.ts: 5ms, application-code: 123ms)
 GET /api/auth/get-session 200 in 15ms (next.js: 4ms, proxy.ts: 2ms, application-code: 8ms)
 GET /api/auth/organization/list 200 in 40ms (next.js: 20ms, proxy.ts: 14ms, application-code: 5ms)
 GET /api/auth/get-session 200 in 41ms (next.js: 14ms, proxy.ts: 14ms, application-code: 13ms)
 GET /account 200 in 91ms (next.js: 1.8ms, proxy.ts: 2ms, application-code: 86ms)
 GET /api/auth/get-session 200 in 36ms (next.js: 11ms, proxy.ts: 7ms, application-code: 18ms)
 GET /api/auth/passkey/list-user-passkeys 200 in 37ms (next.js: 15ms, proxy.ts: 8ms, application-code: 14ms)
 GET /api/auth/organization/list 200 in 40ms (next.js: 14ms, proxy.ts: 7ms, application-code: 19ms)
 POST /api/auth/passkey/delete-passkey 200 in 19ms (next.js: 4ms, proxy.ts: 3ms, application-code: 12ms)
 GET /api/auth/passkey/list-user-passkeys 200 in 66ms (next.js: 37ms, proxy.ts: 4ms, application-code: 25ms)
 POST /api/auth/sign-out 200 in 63ms (next.js: 16ms, proxy.ts: 31ms, application-code: 16ms)
 GET /sign-in 200 in 42ms (next.js: 5ms, proxy.ts: 1.9ms, application-code: 35ms)
 GET /api/auth/passkey/generate-authenticate-options 200 in 19ms (next.js: 4ms, proxy.ts: 4ms, application-code: 11ms)
 POST /api/auth/passkey/verify-authentication 401 in 53ms (next.js: 10ms, proxy.ts: 14ms, application-code: 28ms)
 GET /api/auth/get-session 200 in 40ms (next.js: 16ms, proxy.ts: 16ms, application-code: 8ms)
 POST /api/auth/sign-in/magic-link 200 in 17ms (next.js: 3ms, proxy.ts: 3ms, application-code: 11ms)
 GET /api/auth/magic-link/verify?token=[REDACTED]&callbackURL=%2Fdashboard&errorCallbackURL=http%3A%2F%2Flocalhost%3A3017%2Fsign-in 302 in 16ms (next.js: 3ms, proxy.ts: 2ms, application-code: 10ms)
 GET /dashboard 200 in 131ms (next.js: 2ms, proxy.ts: 1.8ms, application-code: 127ms)
 GET /api/auth/get-session 200 in 34ms (next.js: 11ms, proxy.ts: 5ms, application-code: 18ms)
 GET /api/auth/organization/list 200 in 37ms (next.js: 16ms, proxy.ts: 8ms, application-code: 13ms)
 GET /invitation?id=4321192a-8aa2-4e7c-a0f9-44f0592d1d13 200 in 83ms (next.js: 35ms, proxy.ts: 5ms, application-code: 44ms)
 GET /api/auth/get-session 200 in 12ms (next.js: 2ms, proxy.ts: 3ms, application-code: 7ms)
 POST /api/auth/organization/accept-invitation 403 in 28ms (next.js: 7ms, proxy.ts: 6ms, application-code: 15ms)
 POST /invitation?id=4321192a-8aa2-4e7c-a0f9-44f0592d1d13 200 in 40ms (next.js: 4ms, proxy.ts: 5ms, application-code: 30ms)
  └─ ƒ recoverAcceptedInvitation("4321192a-8aa2-4e7c-a0f9-44f0592d1d13") in 20ms src/app/invitation/actions.ts
 GET /invitation?id=8d46679b-7f00-48b7-89ec-ed17b29793fd 200 in 33ms (next.js: 1.8ms, proxy.ts: 3ms, application-code: 28ms)
 GET /api/auth/get-session 200 in 11ms (next.js: 2ms, proxy.ts: 2ms, application-code: 6ms)
 POST /api/auth/organization/accept-invitation 400 in 14ms (next.js: 3ms, proxy.ts: 3ms, application-code: 8ms)
 POST /invitation?id=8d46679b-7f00-48b7-89ec-ed17b29793fd 200 in 13ms (next.js: 1.8ms, proxy.ts: 1.9ms, application-code: 9ms)
  └─ ƒ recoverAcceptedInvitation("8d46679b-7f00-48b7-89ec-ed17b29793fd") in 4ms src/app/invitation/actions.ts
 GET /invitation?id=f1c7000b-b6ff-449a-9d77-fe0b972b3106 200 in 33ms (next.js: 2.0ms, proxy.ts: 2ms, application-code: 29ms)
 GET /api/auth/get-session 200 in 20ms (next.js: 4ms, proxy.ts: 8ms, application-code: 8ms)
 POST /api/auth/organization/accept-invitation 400 in 19ms (next.js: 5ms, proxy.ts: 6ms, application-code: 8ms)
 POST /invitation?id=f1c7000b-b6ff-449a-9d77-fe0b972b3106 200 in 20ms (next.js: 2ms, proxy.ts: 4ms, application-code: 14ms)
  └─ ƒ recoverAcceptedInvitation("f1c7000b-b6ff-449a-9d77-fe0b972b3106") in 7ms src/app/invitation/actions.ts
 GET /invitation?id=2c4721c0-deff-46c9-9336-4ee9d274f446 200 in 30ms (next.js: 1.7ms, proxy.ts: 3ms, application-code: 26ms)
 GET /api/auth/get-session 200 in 13ms (next.js: 4ms, proxy.ts: 3ms, application-code: 6ms)
 GET /sign-in?returnTo=%2Finvitation%3Fid%3D2c4721c0-deff-46c9-9336-4ee9d274f446 200 in 30ms (next.js: 4ms, proxy.ts: 2ms, application-code: 23ms)
 POST /api/auth/sign-in/magic-link 200 in 16ms (next.js: 3ms, proxy.ts: 3ms, application-code: 9ms)
 GET /api/auth/magic-link/verify?token=[REDACTED]&callbackURL=%2Finvitation%3Fid%3D2c4721c0-deff-46c9-9336-4ee9d274f446&errorCallbackURL=http%3A%2F%2Flocalhost%3A3017%2Fsign-in%3FreturnTo%3D%252Finvitation%253Fid%253D2c4721c0-deff-46c9-9336-4ee9d274f446 302 in 17ms (next.js: 3ms, proxy.ts: 4ms, application-code: 10ms)
 GET /invitation?id=2c4721c0-deff-46c9-9336-4ee9d274f446 200 in 35ms (next.js: 2ms, proxy.ts: 2ms, application-code: 31ms)
 GET /api/auth/get-session 200 in 18ms (next.js: 6ms, proxy.ts: 3ms, application-code: 9ms)
 GET / 200 in 154ms (next.js: 24ms, proxy.ts: 5ms, application-code: 125ms)
 POST /api/auth/organization/accept-invitation 403 in 115ms (next.js: 6ms, proxy.ts: 85ms, application-code: 24ms)
 POST /invitation?id=2c4721c0-deff-46c9-9336-4ee9d274f446 200 in 24ms (next.js: 2ms, proxy.ts: 7ms, application-code: 15ms)
  └─ ƒ recoverAcceptedInvitation("2c4721c0-deff-46c9-9336-4ee9d274f446") in 8ms src/app/invitation/actions.ts
 POST /api/auth/organization/accept-invitation 200 in 25ms (next.js: 3ms, proxy.ts: 3ms, application-code: 18ms)
 POST /invitation?id=2c4721c0-deff-46c9-9336-4ee9d274f446 200 in 45ms (next.js: 1.9ms, proxy.ts: 2ms, application-code: 41ms)
  └─ ƒ recoverAcceptedInvitation("2c4721c0-deff-46c9-9336-4ee9d274f446") in 24ms src/app/invitation/actions.ts
 POST /api/auth/organization/set-active 200 in 19ms (next.js: 5ms, proxy.ts: 3ms, application-code: 11ms)
 GET /api/auth/get-session 200 in 137ms (next.js: 21ms, proxy.ts: 31ms, application-code: 86ms)
 GET /dashboard 200 in 186ms (next.js: 3ms, proxy.ts: 3ms, application-code: 179ms)
 GET /api/auth/get-session 200 in 13ms (next.js: 2ms, proxy.ts: 3ms, application-code: 7ms)
 GET /api/auth/get-session 200 in 29ms (next.js: 5ms, proxy.ts: 3ms, application-code: 21ms)
 GET /api/auth/organization/list 200 in 33ms (next.js: 12ms, proxy.ts: 3ms, application-code: 18ms)
 GET /invitation?id=2c4721c0-deff-46c9-9336-4ee9d274f446 200 in 35ms (next.js: 1.9ms, proxy.ts: 1.8ms, application-code: 31ms)
 GET /api/auth/get-session 200 in 49ms (next.js: 4ms, proxy.ts: 21ms, application-code: 24ms)
 POST /api/auth/organization/accept-invitation 400 in 24ms (next.js: 3ms, proxy.ts: 4ms, application-code: 17ms)
 POST /invitation?id=2c4721c0-deff-46c9-9336-4ee9d274f446 200 in 24ms (next.js: 4ms, proxy.ts: 4ms, application-code: 15ms)
  └─ ƒ recoverAcceptedInvitation("2c4721c0-deff-46c9-9336-4ee9d274f446") in 8ms src/app/invitation/actions.ts
 POST /api/auth/organization/set-active 200 in 25ms (next.js: 2ms, proxy.ts: 5ms, application-code: 18ms)
 GET /api/auth/get-session 200 in 85ms (next.js: 23ms, proxy.ts: 23ms, application-code: 39ms)
 GET /dashboard 200 in 147ms (next.js: 4ms, proxy.ts: 5ms, application-code: 138ms)
 GET /invitation?id=2c4721c0-deff-46c9-9336-4ee9d274f446 200 in 55ms (next.js: 2ms, proxy.ts: 4ms, application-code: 49ms)
 GET /api/auth/get-session 200 in 12ms (next.js: 2ms, proxy.ts: 2ms, application-code: 8ms)
 POST /api/auth/organization/accept-invitation 400 in 25ms (next.js: 2ms, proxy.ts: 3ms, application-code: 20ms)
 POST /invitation?id=2c4721c0-deff-46c9-9336-4ee9d274f446 200 in 19ms (next.js: 1.9ms, proxy.ts: 4ms, application-code: 13ms)
  └─ ƒ recoverAcceptedInvitation("2c4721c0-deff-46c9-9336-4ee9d274f446") in 6ms src/app/invitation/actions.ts
 GET /dashboard 307 in 86ms (next.js: 3ms, proxy.ts: 2ms, application-code: 81ms)
 GET /onboarding 307 in 63ms (next.js: 3ms, proxy.ts: 5ms, application-code: 55ms)
 GET /dashboard 200 in 138ms (next.js: 4ms, proxy.ts: 4ms, application-code: 130ms)
 GET /api/auth/get-session 200 in 13ms (next.js: 4ms, proxy.ts: 2ms, application-code: 7ms)
 GET /api/auth/get-session 200 in 52ms (next.js: 25ms, proxy.ts: 13ms, application-code: 14ms)
 GET /api/auth/organization/list 200 in 53ms (next.js: 28ms, proxy.ts: 13ms, application-code: 12ms)
 GET /dashboard 307 in 99ms (next.js: 2ms, proxy.ts: 2ms, application-code: 95ms)
 GET /onboarding 200 in 65ms (next.js: 3ms, proxy.ts: 6ms, application-code: 56ms)
 GET /api/auth/get-session 200 in 12ms (next.js: 3ms, proxy.ts: 3ms, application-code: 6ms)
 GET /account 200 in 41ms (next.js: 1.8ms, proxy.ts: 1.9ms, application-code: 37ms)
 GET /api/auth/get-session 200 in 28ms (next.js: 6ms, proxy.ts: 4ms, application-code: 18ms)
 GET /api/auth/passkey/list-user-passkeys 200 in 32ms (next.js: 11ms, proxy.ts: 4ms, application-code: 17ms)
 GET /api/auth/organization/list 200 in 33ms (next.js: 15ms, proxy.ts: 4ms, application-code: 14ms)
 POST /api/auth/sign-out 200 in 18ms (next.js: 3ms, proxy.ts: 2ms, application-code: 12ms)
 GET /api/auth/get-session 200 in 38ms (next.js: 6ms, proxy.ts: 21ms, application-code: 10ms)
 GET /sign-in 200 in 79ms (next.js: 5ms, proxy.ts: 1.8ms, application-code: 72ms)
 GET /api/auth/get-session 200 in 17ms (next.js: 6ms, proxy.ts: 3ms, application-code: 9ms)
  ✓   9 [chromium] › e2e/auth-lifecycle-local.spec.ts:85:9 › auth lifecycle fr: verification, magic link, reset, sessions and passkey (13.6s)
 GET /sign-up 200 in 43ms (next.js: 6ms, proxy.ts: 4ms, application-code: 33ms)
 POST /api/auth/sign-up/email 200 in 105ms (next.js: 7ms, proxy.ts: 5ms, application-code: 93ms)
 GET /api/auth/get-session 200 in 9ms (next.js: 2ms, proxy.ts: 2ms, application-code: 5ms)
 GET /sign-in 200 in 46ms (next.js: 6ms, proxy.ts: 6ms, application-code: 34ms)
 POST /api/auth/sign-in/email 403 in 102ms (next.js: 7ms, proxy.ts: 5ms, application-code: 91ms)
 GET /api/auth/get-session 200 in 16ms (next.js: 2ms, proxy.ts: 2ms, application-code: 12ms)
 GET /api/auth/verify-email?token=[REDACTED]&callbackURL=%2Fdashboard 302 in 11ms (next.js: 2ms, proxy.ts: 3ms, application-code: 6ms)
 GET /dashboard 307 in 46ms (next.js: 1.7ms, proxy.ts: 2ms, application-code: 42ms)
 GET /sign-in 200 in 34ms (next.js: 4ms, proxy.ts: 2ms, application-code: 28ms)
 GET /sign-in 200 in 47ms (next.js: 4ms, proxy.ts: 4ms, application-code: 40ms)
 POST /api/auth/sign-in/email 200 in 90ms (next.js: 2ms, proxy.ts: 3ms, application-code: 85ms)
 GET /dashboard 307 in 66ms (next.js: 1.8ms, proxy.ts: 3ms, application-code: 61ms)
 GET /onboarding 200 in 46ms (next.js: 1.8ms, proxy.ts: 2ms, application-code: 42ms)
 GET /settings 200 in 95ms (next.js: 4ms, proxy.ts: 1.7ms, application-code: 90ms)
 POST /onboarding 200 in 119ms (next.js: 1.6ms, proxy.ts: 2ms, application-code: 115ms)
  └─ ƒ createWorkspace({}) in 12ms src/app/onboarding/actions.ts
 GET /api/auth/get-session 200 in 29ms (next.js: 5ms, proxy.ts: 3ms, application-code: 21ms)
 GET /api/auth/organization/list 200 in 36ms (next.js: 11ms, proxy.ts: 3ms, application-code: 22ms)
 GET /api/auth/get-session 200 in 27ms (next.js: 8ms, proxy.ts: 12ms, application-code: 7ms)
 GET /sign-in 200 in 36ms (next.js: 5ms, proxy.ts: 2ms, application-code: 30ms)
 POST /api/auth/sign-in/magic-link 200 in 16ms (next.js: 3ms, proxy.ts: 2ms, application-code: 11ms)
 GET /api/auth/magic-link/verify?token=[REDACTED]&callbackURL=%2Fdashboard&errorCallbackURL=http%3A%2F%2Flocalhost%3A3017%2Fsign-in 302 in 13ms (next.js: 2.0ms, proxy.ts: 2ms, application-code: 9ms)
 GET /dashboard 200 in 137ms (next.js: 2ms, proxy.ts: 3ms, application-code: 132ms)
 GET /api/auth/get-session 200 in 17ms (next.js: 4ms, proxy.ts: 3ms, application-code: 10ms)
 GET /api/auth/get-session 200 in 39ms (next.js: 14ms, proxy.ts: 5ms, application-code: 20ms)
 GET /api/auth/organization/list 200 in 43ms (next.js: 21ms, proxy.ts: 6ms, application-code: 16ms)
 GET /api/auth/magic-link/verify?token=[REDACTED]&callbackURL=%2Fdashboard&errorCallbackURL=http%3A%2F%2Flocalhost%3A3017%2Fsign-in 302 in 16ms (next.js: 2ms, proxy.ts: 6ms, application-code: 7ms)
 GET /sign-in?error=INVALID_TOKEN 200 in 42ms (next.js: 4ms, proxy.ts: 3ms, application-code: 36ms)
 GET /api/auth/get-session 200 in 16ms (next.js: 4ms, proxy.ts: 5ms, application-code: 7ms)
 GET /forgot-password 200 in 53ms (next.js: 4ms, proxy.ts: 3ms, application-code: 46ms)
 POST /api/auth/request-password-reset 200 in 17ms (next.js: 4ms, proxy.ts: 2ms, application-code: 11ms)
 GET /api/auth/reset-password/[REDACTED]?callbackURL=%2Freset-password 302 in 18ms (next.js: 2ms, proxy.ts: 2ms, application-code: 14ms)
 GET /reset-password?token=[REDACTED] 200 in 31ms (next.js: 2ms, proxy.ts: 2ms, application-code: 26ms)
 POST /api/auth/reset-password 200 in 87ms (next.js: 4ms, proxy.ts: 3ms, application-code: 81ms)
 GET /api/auth/get-session 200 in 11ms (next.js: 2ms, proxy.ts: 1.8ms, application-code: 7ms)
 GET /api/auth/get-session 200 in 9ms (next.js: 2.0ms, proxy.ts: 2.0ms, application-code: 5ms)
 GET /api/auth/reset-password/[REDACTED]?callbackURL=%2Freset-password 302 in 11ms (next.js: 2.0ms, proxy.ts: 1.9ms, application-code: 7ms)
 GET /reset-password?error=INVALID_TOKEN 200 in 29ms (next.js: 1.6ms, proxy.ts: 1.7ms, application-code: 26ms)
 GET /sign-in 200 in 48ms (next.js: 5ms, proxy.ts: 3ms, application-code: 40ms)
2026-09-07T10:50:41.735Z WARN [Better Auth]: Invalid password
 POST /api/auth/sign-in/email 401 in 95ms (next.js: 5ms, proxy.ts: 4ms, application-code: 86ms)
 GET /api/auth/get-session 200 in 14ms (next.js: 4ms, proxy.ts: 3ms, application-code: 6ms)
 GET /sign-in 200 in 38ms (next.js: 4ms, proxy.ts: 1.6ms, application-code: 33ms)
 POST /api/auth/sign-in/email 200 in 87ms (next.js: 3ms, proxy.ts: 2ms, application-code: 82ms)
 GET /dashboard 200 in 144ms (next.js: 2ms, proxy.ts: 3ms, application-code: 139ms)
 GET /sign-in 200 in 85ms (next.js: 6ms, proxy.ts: 2ms, application-code: 77ms)
 GET /api/auth/get-session 200 in 53ms (next.js: 19ms, proxy.ts: 8ms, application-code: 27ms)
 GET /api/auth/organization/list 200 in 61ms (next.js: 24ms, proxy.ts: 8ms, application-code: 29ms)
 POST /api/auth/sign-in/email 200 in 109ms (next.js: 9ms, proxy.ts: 2ms, application-code: 98ms)
 GET /dashboard 200 in 143ms (next.js: 6ms, proxy.ts: 5ms, application-code: 132ms)
 GET /account 200 in 137ms (next.js: 3ms, proxy.ts: 5ms, application-code: 129ms)
 GET /api/auth/organization/list 200 in 99ms (next.js: 30ms, proxy.ts: 36ms, application-code: 34ms)
 GET /api/auth/get-session 200 in 118ms (next.js: 33ms, proxy.ts: 43ms, application-code: 42ms)
 GET /api/auth/get-session 200 in 39ms (next.js: 7ms, proxy.ts: 10ms, application-code: 22ms)
 GET /api/auth/passkey/list-user-passkeys 200 in 40ms (next.js: 11ms, proxy.ts: 11ms, application-code: 18ms)
 GET /api/auth/organization/list 200 in 47ms (next.js: 15ms, proxy.ts: 10ms, application-code: 23ms)
 POST /api/auth/revoke-other-sessions 200 in 42ms (next.js: 4ms, proxy.ts: 11ms, application-code: 27ms)
 GET /api/auth/get-session 200 in 22ms (next.js: 10ms, proxy.ts: 3ms, application-code: 9ms)
 GET /api/auth/get-session 200 in 12ms (next.js: 4ms, proxy.ts: 2ms, application-code: 6ms)
 GET /api/auth/get-session 200 in 11ms (next.js: 2ms, proxy.ts: 2ms, application-code: 7ms)
 GET /api/auth/passkey/generate-register-options?authenticatorAttachment=platform&name=Ads%20by%20Yodev%20passkey 200 in 22ms (next.js: 6ms, proxy.ts: 3ms, application-code: 14ms)
 POST /api/auth/passkey/verify-registration 200 in 19ms (next.js: 6ms, proxy.ts: 3ms, application-code: 11ms)
 GET /api/auth/passkey/list-user-passkeys 200 in 10ms (next.js: 2ms, proxy.ts: 2ms, application-code: 6ms)
 GET /api/auth/passkey/list-user-passkeys 200 in 13ms (next.js: 2ms, proxy.ts: 1.9ms, application-code: 9ms)
 POST /api/auth/passkey/delete-passkey 401 in 12ms (next.js: 1.9ms, proxy.ts: 2ms, application-code: 8ms)
 POST /api/auth/sign-out 200 in 13ms (next.js: 3ms, proxy.ts: 2ms, application-code: 7ms)
 GET /sign-in 200 in 52ms (next.js: 4ms, proxy.ts: 1.9ms, application-code: 46ms)
 GET /api/auth/passkey/generate-authenticate-options 200 in 14ms (next.js: 4ms, proxy.ts: 3ms, application-code: 7ms)
 POST /api/auth/passkey/verify-authentication 200 in 85ms (next.js: 26ms, proxy.ts: 7ms, application-code: 52ms)
 GET /dashboard 200 in 198ms (next.js: 12ms, proxy.ts: 5ms, application-code: 181ms)
 GET /api/auth/get-session 200 in 21ms (next.js: 3ms, proxy.ts: 4ms, application-code: 14ms)
 GET /api/auth/organization/list 200 in 72ms (next.js: 19ms, proxy.ts: 50ms, application-code: 3ms)
 GET /api/auth/get-session 200 in 84ms (next.js: 17ms, proxy.ts: 56ms, application-code: 11ms)
 GET /account 200 in 103ms (next.js: 8ms, proxy.ts: 7ms, application-code: 88ms)
 GET /api/auth/get-session 200 in 33ms (next.js: 6ms, proxy.ts: 4ms, application-code: 23ms)
 GET /api/auth/organization/list 200 in 34ms (next.js: 10ms, proxy.ts: 4ms, application-code: 20ms)
 GET /api/auth/passkey/list-user-passkeys 200 in 37ms (next.js: 13ms, proxy.ts: 4ms, application-code: 19ms)
 POST /api/auth/passkey/delete-passkey 200 in 15ms (next.js: 4ms, proxy.ts: 3ms, application-code: 8ms)
 GET /api/auth/passkey/list-user-passkeys 200 in 16ms (next.js: 4ms, proxy.ts: 3ms, application-code: 9ms)
 POST /api/auth/sign-out 200 in 18ms (next.js: 5ms, proxy.ts: 8ms, application-code: 6ms)
 GET /sign-in 200 in 35ms (next.js: 4ms, proxy.ts: 1.8ms, application-code: 29ms)
 GET /api/auth/passkey/generate-authenticate-options 200 in 30ms (next.js: 5ms, proxy.ts: 9ms, application-code: 16ms)
 POST /api/auth/passkey/verify-authentication 401 in 60ms (next.js: 8ms, proxy.ts: 13ms, application-code: 39ms)
 GET /api/auth/get-session 200 in 15ms (next.js: 3ms, proxy.ts: 4ms, application-code: 8ms)
 POST /api/auth/sign-in/magic-link 200 in 18ms (next.js: 4ms, proxy.ts: 3ms, application-code: 11ms)
 GET /api/auth/magic-link/verify?token=[REDACTED]&callbackURL=%2Fdashboard&errorCallbackURL=http%3A%2F%2Flocalhost%3A3017%2Fsign-in 302 in 17ms (next.js: 4ms, proxy.ts: 3ms, application-code: 11ms)
 GET /dashboard 200 in 133ms (next.js: 3ms, proxy.ts: 2ms, application-code: 128ms)
 GET /api/auth/get-session 200 in 471ms (next.js: 13ms, proxy.ts: 323ms, application-code: 135ms)
 GET /api/auth/organization/list 200 in 422ms (next.js: -29.6ms, proxy.ts: 315ms, application-code: 137ms)
 GET /invitation?id=736b3598-602f-41a0-8a41-b72e59612f9c 200 in 150ms (next.js: 17ms, proxy.ts: 4ms, application-code: 129ms)
 GET /api/auth/get-session 200 in 16ms (next.js: 4ms, proxy.ts: 4ms, application-code: 8ms)
 POST /api/auth/organization/accept-invitation 403 in 17ms (next.js: 3ms, proxy.ts: 3ms, application-code: 11ms)
 POST /invitation?id=736b3598-602f-41a0-8a41-b72e59612f9c 200 in 19ms (next.js: 6ms, proxy.ts: 3ms, application-code: 10ms)
  └─ ƒ recoverAcceptedInvitation("736b3598-602f-41a0-8a41-b72e59612f9c") in 4ms src/app/invitation/actions.ts
 GET /invitation?id=9358750f-0d46-47a1-a418-59bc3ae9ff1e 200 in 32ms (next.js: 1.9ms, proxy.ts: 2ms, application-code: 28ms)
 GET /api/auth/get-session 200 in 13ms (next.js: 5ms, proxy.ts: 2ms, application-code: 6ms)
 POST /api/auth/organization/accept-invitation 400 in 14ms (next.js: 3ms, proxy.ts: 2ms, application-code: 9ms)
 POST /invitation?id=9358750f-0d46-47a1-a418-59bc3ae9ff1e 200 in 14ms (next.js: 1.7ms, proxy.ts: 2.0ms, application-code: 11ms)
  └─ ƒ recoverAcceptedInvitation("9358750f-0d46-47a1-a418-59bc3ae9ff1e") in 5ms src/app/invitation/actions.ts
 GET /invitation?id=9dbe091a-5376-4579-9ef2-110db96ecc1f 200 in 39ms (next.js: 1.7ms, proxy.ts: 1.8ms, application-code: 35ms)
 GET /api/auth/get-session 200 in 13ms (next.js: -1.6ms, proxy.ts: 8ms, application-code: 7ms)
 POST /api/auth/organization/accept-invitation 400 in 16ms (next.js: 3ms, proxy.ts: 3ms, application-code: 9ms)
 POST /invitation?id=9dbe091a-5376-4579-9ef2-110db96ecc1f 200 in 16ms (next.js: 2ms, proxy.ts: 1.9ms, application-code: 11ms)
  └─ ƒ recoverAcceptedInvitation("9dbe091a-5376-4579-9ef2-110db96ecc1f") in 5ms src/app/invitation/actions.ts
 GET /invitation?id=e5f3e03c-91ae-4292-a9e4-4ecbc20a2546 200 in 36ms (next.js: 2ms, proxy.ts: 3ms, application-code: 31ms)
 GET /api/auth/get-session 200 in 13ms (next.js: 4ms, proxy.ts: 2ms, application-code: 6ms)
 GET /sign-in?returnTo=%2Finvitation%3Fid%3De5f3e03c-91ae-4292-a9e4-4ecbc20a2546 200 in 26ms (next.js: 4ms, proxy.ts: 2ms, application-code: 20ms)
 POST /api/auth/sign-in/magic-link 200 in 18ms (next.js: 3ms, proxy.ts: 3ms, application-code: 12ms)
 GET /api/auth/magic-link/verify?token=[REDACTED]&callbackURL=%2Finvitation%3Fid%3De5f3e03c-91ae-4292-a9e4-4ecbc20a2546&errorCallbackURL=http%3A%2F%2Flocalhost%3A3017%2Fsign-in%3FreturnTo%3D%252Finvitation%253Fid%253De5f3e03c-91ae-4292-a9e4-4ecbc20a2546 302 in 19ms (next.js: 2ms, proxy.ts: 5ms, application-code: 11ms)
 GET /invitation?id=e5f3e03c-91ae-4292-a9e4-4ecbc20a2546 200 in 51ms (next.js: 1.8ms, proxy.ts: 3ms, application-code: 47ms)
 GET /api/auth/get-session 200 in 12ms (next.js: 3ms, proxy.ts: 2ms, application-code: 6ms)
 POST /api/auth/organization/accept-invitation 403 in 16ms (next.js: 2ms, proxy.ts: 2ms, application-code: 11ms)
 POST /invitation?id=e5f3e03c-91ae-4292-a9e4-4ecbc20a2546 200 in 19ms (next.js: 2ms, proxy.ts: 3ms, application-code: 14ms)
  └─ ƒ recoverAcceptedInvitation("e5f3e03c-91ae-4292-a9e4-4ecbc20a2546") in 5ms src/app/invitation/actions.ts
 POST /api/auth/organization/accept-invitation 200 in 19ms (next.js: 3ms, proxy.ts: 4ms, application-code: 13ms)
 POST /invitation?id=e5f3e03c-91ae-4292-a9e4-4ecbc20a2546 200 in 16ms (next.js: 1.8ms, proxy.ts: 2ms, application-code: 12ms)
  └─ ƒ recoverAcceptedInvitation("e5f3e03c-91ae-4292-a9e4-4ecbc20a2546") in 5ms src/app/invitation/actions.ts
 POST /api/auth/organization/set-active 200 in 31ms (next.js: 4ms, proxy.ts: 2ms, application-code: 25ms)
 GET /api/auth/get-session 200 in 97ms (next.js: 63ms, proxy.ts: 15ms, application-code: 19ms)
 GET /dashboard 200 in 160ms (next.js: 3ms, proxy.ts: 2ms, application-code: 155ms)
 GET /api/auth/get-session 200 in 15ms (next.js: 3ms, proxy.ts: 3ms, application-code: 9ms)
 GET /api/auth/get-session 200 in 20ms (next.js: 4ms, proxy.ts: 3ms, application-code: 13ms)
 GET /api/auth/organization/list 200 in 23ms (next.js: 8ms, proxy.ts: 3ms, application-code: 12ms)
 GET /invitation?id=e5f3e03c-91ae-4292-a9e4-4ecbc20a2546 200 in 33ms (next.js: 1.7ms, proxy.ts: 1.9ms, application-code: 29ms)
 GET /api/auth/get-session 200 in 20ms (next.js: 3ms, proxy.ts: 3ms, application-code: 15ms)
 POST /api/auth/organization/accept-invitation 400 in 23ms (next.js: 4ms, proxy.ts: 4ms, application-code: 15ms)
 POST /invitation?id=e5f3e03c-91ae-4292-a9e4-4ecbc20a2546 200 in 29ms (next.js: 16ms, proxy.ts: 2.0ms, application-code: 11ms)
  └─ ƒ recoverAcceptedInvitation("e5f3e03c-91ae-4292-a9e4-4ecbc20a2546") in 5ms src/app/invitation/actions.ts
 POST /api/auth/organization/set-active 200 in 13ms (next.js: 2ms, proxy.ts: 2ms, application-code: 9ms)
 GET /api/auth/get-session 200 in 73ms (next.js: 42ms, proxy.ts: 13ms, application-code: 19ms)
 GET /dashboard 200 in 127ms (next.js: 2ms, proxy.ts: 2ms, application-code: 122ms)
 GET /invitation?id=e5f3e03c-91ae-4292-a9e4-4ecbc20a2546 200 in 69ms (next.js: 2ms, proxy.ts: 1.8ms, application-code: 65ms)
 GET /api/auth/get-session 200 in 14ms (next.js: 4ms, proxy.ts: 2ms, application-code: 7ms)
 POST /api/auth/organization/accept-invitation 400 in 18ms (next.js: 3ms, proxy.ts: 3ms, application-code: 12ms)
 POST /invitation?id=e5f3e03c-91ae-4292-a9e4-4ecbc20a2546 200 in 19ms (next.js: 1.9ms, proxy.ts: 5ms, application-code: 12ms)
  └─ ƒ recoverAcceptedInvitation("e5f3e03c-91ae-4292-a9e4-4ecbc20a2546") in 5ms src/app/invitation/actions.ts
 GET /dashboard 307 in 65ms (next.js: 4ms, proxy.ts: 1.8ms, application-code: 59ms)
 GET /onboarding 307 in 49ms (next.js: 3ms, proxy.ts: 1.8ms, application-code: 45ms)
 GET /dashboard 200 in 202ms (next.js: 2ms, proxy.ts: 2ms, application-code: 197ms)
 GET /api/auth/get-session 200 in 18ms (next.js: 3ms, proxy.ts: 5ms, application-code: 10ms)
 GET /api/auth/get-session 200 in 89ms (next.js: 18ms, proxy.ts: 26ms, application-code: 45ms)
 GET /api/auth/organization/list 200 in 89ms (next.js: 21ms, proxy.ts: 24ms, application-code: 44ms)
 GET /dashboard 307 in 125ms (next.js: 5ms, proxy.ts: 2ms, application-code: 118ms)
 GET /onboarding 200 in 75ms (next.js: 2ms, proxy.ts: 4ms, application-code: 68ms)
 GET /api/auth/get-session 200 in 15ms (next.js: 4ms, proxy.ts: 3ms, application-code: 8ms)
 GET /account 200 in 43ms (next.js: 2ms, proxy.ts: 2ms, application-code: 39ms)
 GET /api/auth/get-session 200 in 34ms (next.js: 9ms, proxy.ts: 6ms, application-code: 19ms)
 GET /api/auth/passkey/list-user-passkeys 200 in 36ms (next.js: 11ms, proxy.ts: 7ms, application-code: 18ms)
 GET /api/auth/organization/list 200 in 37ms (next.js: 15ms, proxy.ts: 8ms, application-code: 14ms)
 POST /api/auth/sign-out 200 in 17ms (next.js: 5ms, proxy.ts: 5ms, application-code: 7ms)
 GET /sign-in 200 in 80ms (next.js: 4ms, proxy.ts: 3ms, application-code: 73ms)
 GET /api/auth/get-session 200 in 16ms (next.js: 3ms, proxy.ts: 4ms, application-code: 9ms)
  ✓  10 [chromium] › e2e/auth-lifecycle-local.spec.ts:85:9 › auth lifecycle en: verification, magic link, reset, sessions and passkey (13.6s)
 GET /dashboard 200 in 169ms (next.js: 12ms, proxy.ts: 2ms, application-code: 155ms)
 GET /api/auth/get-session 200 in 150ms (next.js: 36ms, proxy.ts: 30ms, application-code: 84ms)
 GET /api/auth/organization/list 200 in 154ms (next.js: 40ms, proxy.ts: 30ms, application-code: 84ms)
 GET /settings 200 in 259ms (next.js: 5ms, proxy.ts: 9ms, application-code: 245ms)
 GET /api/auth/get-session 200 in 108ms (next.js: 13ms, proxy.ts: 30ms, application-code: 64ms)
 GET /api/auth/organization/list 200 in 106ms (next.js: 16ms, proxy.ts: 28ms, application-code: 62ms)
 GET /billing 200 in 220ms (next.js: 6ms, proxy.ts: 4ms, application-code: 211ms)
 GET /api/auth/get-session 200 in 105ms (next.js: 17ms, proxy.ts: 28ms, application-code: 61ms)
 GET /api/auth/organization/list 200 in 134ms (next.js: 25ms, proxy.ts: 25ms, application-code: 84ms)
 GET /support 200 in 175ms (next.js: 3ms, proxy.ts: 3ms, application-code: 169ms)
  ✓  11 [chromium] › e2e/authenticated-rbac.spec.ts:55:9 › authenticated five-role route matrix › owner has only its server-authorized product surface (1.6s)
 GET /dashboard 200 in 115ms (next.js: 3ms, proxy.ts: 2ms, application-code: 110ms)
 GET /api/auth/get-session 200 in 122ms (next.js: 23ms, proxy.ts: 27ms, application-code: 71ms)
 GET /api/auth/organization/list 200 in 193ms (next.js: 43ms, proxy.ts: 24ms, application-code: 126ms)
 GET /settings 200 in 234ms (next.js: 2ms, proxy.ts: 2ms, application-code: 229ms)
 GET /api/auth/get-session 200 in 142ms (next.js: 29ms, proxy.ts: 48ms, application-code: 66ms)
 GET /api/auth/organization/list 200 in 143ms (next.js: 23ms, proxy.ts: 58ms, application-code: 63ms)
 GET /support 200 in 198ms (next.js: 4ms, proxy.ts: 2ms, application-code: 191ms)
 GET /api/auth/get-session 200 in 117ms (next.js: 20ms, proxy.ts: 30ms, application-code: 67ms)
 GET /api/auth/organization/list 200 in 115ms (next.js: 36ms, proxy.ts: 27ms, application-code: 51ms)
 GET /billing 307 in 155ms (next.js: 3ms, proxy.ts: 4ms, application-code: 148ms)
 GET /support?error=You%20no%20longer%20have%20access%20to%20this%20page.%20Choose%20an%20available%20section%20or%20contact%20an%20administrator. 200 in 133ms (next.js: 1.9ms, proxy.ts: 4ms, application-code: 127ms)
  ✓  12 [chromium] › e2e/authenticated-rbac.spec.ts:55:9 › authenticated five-role route matrix › admin has only its server-authorized product surface (1.5s)
 GET /dashboard 200 in 116ms (next.js: 2.0ms, proxy.ts: 2ms, application-code: 112ms)
 GET /api/auth/get-session 200 in 172ms (next.js: 38ms, proxy.ts: 40ms, application-code: 94ms)
 GET /api/auth/organization/list 200 in 174ms (next.js: 41ms, proxy.ts: 40ms, application-code: 93ms)
 GET /tasks 200 in 227ms (next.js: 13ms, proxy.ts: 7ms, application-code: 207ms)
 GET /api/auth/get-session 200 in 111ms (next.js: 14ms, proxy.ts: 27ms, application-code: 70ms)
 GET /api/auth/organization/list 200 in 136ms (next.js: 17ms, proxy.ts: 24ms, application-code: 95ms)
 GET /support 200 in 172ms (next.js: 2ms, proxy.ts: 2ms, application-code: 168ms)
 GET /api/auth/get-session 200 in 87ms (next.js: 60ms, proxy.ts: 3ms, application-code: 23ms)
 GET /api/auth/organization/list 200 in 125ms (next.js: 50ms, proxy.ts: 3ms, application-code: 72ms)
 GET /settings 307 in 138ms (next.js: 4ms, proxy.ts: 5ms, application-code: 129ms)
 GET /support?error=You%20no%20longer%20have%20access%20to%20this%20page.%20Choose%20an%20available%20section%20or%20contact%20an%20administrator. 200 in 134ms (next.js: 1.9ms, proxy.ts: 2ms, application-code: 130ms)
 GET /api/auth/get-session 200 in 123ms (next.js: 49ms, proxy.ts: 8ms, application-code: 67ms)
 GET /api/auth/organization/list 200 in 132ms (next.js: 52ms, proxy.ts: 7ms, application-code: 73ms)
 GET /billing 307 in 139ms (next.js: 7ms, proxy.ts: 5ms, application-code: 127ms)
 GET /support?error=You%20no%20longer%20have%20access%20to%20this%20page.%20Choose%20an%20available%20section%20or%20contact%20an%20administrator. 200 in 119ms (next.js: 3ms, proxy.ts: 1.8ms, application-code: 115ms)
  ✓  13 [chromium] › e2e/authenticated-rbac.spec.ts:55:9 › authenticated five-role route matrix › strategist has only its server-authorized product surface (1.9s)
 GET /dashboard 200 in 116ms (next.js: 1.9ms, proxy.ts: 2ms, application-code: 112ms)
 GET /api/auth/get-session 200 in 92ms (next.js: 53ms, proxy.ts: 7ms, application-code: 32ms)
 GET /api/auth/organization/list 200 in 138ms (next.js: 60ms, proxy.ts: 8ms, application-code: 70ms)
 GET /reports 200 in 198ms (next.js: 8ms, proxy.ts: 7ms, application-code: 184ms)
 GET /api/auth/get-session 200 in 94ms (next.js: 16ms, proxy.ts: 28ms, application-code: 50ms)
 GET /api/auth/organization/list 200 in 100ms (next.js: 25ms, proxy.ts: 25ms, application-code: 50ms)
 GET /support 200 in 168ms (next.js: 3ms, proxy.ts: 2ms, application-code: 162ms)
 GET /api/auth/get-session 200 in 117ms (next.js: 21ms, proxy.ts: 28ms, application-code: 67ms)
 GET /api/auth/organization/list 200 in 116ms (next.js: 33ms, proxy.ts: 26ms, application-code: 57ms)
 GET /settings 307 in 153ms (next.js: 3ms, proxy.ts: 2ms, application-code: 147ms)
 GET /support?error=You%20no%20longer%20have%20access%20to%20this%20page.%20Choose%20an%20available%20section%20or%20contact%20an%20administrator. 200 in 1029ms (next.js: 3ms, proxy.ts: 4ms, application-code: 1022ms)
 GET /api/auth/get-session 200 in 94ms (next.js: 54ms, proxy.ts: 5ms, application-code: 35ms)
 GET /api/auth/organization/list 200 in 155ms (next.js: 63ms, proxy.ts: 5ms, application-code: 87ms)
 GET /billing 307 in 166ms (next.js: 3ms, proxy.ts: 5ms, application-code: 158ms)
 GET /support?error=You%20no%20longer%20have%20access%20to%20this%20page.%20Choose%20an%20available%20section%20or%20contact%20an%20administrator. 200 in 160ms (next.js: 4ms, proxy.ts: 4ms, application-code: 152ms)
  ✓  14 [chromium] › e2e/authenticated-rbac.spec.ts:55:9 › authenticated five-role route matrix › analyst has only its server-authorized product surface (2.8s)
 GET /support 200 in 118ms (next.js: 2ms, proxy.ts: 3ms, application-code: 113ms)
 GET /api/auth/get-session 200 in 83ms (next.js: 52ms, proxy.ts: 5ms, application-code: 27ms)
 GET /api/auth/organization/list 200 in 119ms (next.js: 57ms, proxy.ts: 6ms, application-code: 56ms)
 GET /dashboard 307 in 120ms (next.js: 4ms, proxy.ts: 5ms, application-code: 111ms)
 GET /support?error=You%20no%20longer%20have%20access%20to%20this%20page.%20Choose%20an%20available%20section%20or%20contact%20an%20administrator. 200 in 139ms (next.js: 3ms, proxy.ts: 4ms, application-code: 132ms)
 GET /api/auth/get-session 200 in 68ms (next.js: 29ms, proxy.ts: 4ms, application-code: 35ms)
 GET /api/auth/organization/list 200 in 76ms (next.js: 33ms, proxy.ts: 4ms, application-code: 39ms)
 GET /settings 307 in 108ms (next.js: 5ms, proxy.ts: 4ms, application-code: 100ms)
 GET /support?error=You%20no%20longer%20have%20access%20to%20this%20page.%20Choose%20an%20available%20section%20or%20contact%20an%20administrator. 200 in 111ms (next.js: 2ms, proxy.ts: 2ms, application-code: 106ms)
 GET /api/auth/get-session 200 in 64ms (next.js: 10ms, proxy.ts: 3ms, application-code: 52ms)
 GET /api/auth/organization/list 200 in 70ms (next.js: 14ms, proxy.ts: 3ms, application-code: 54ms)
 GET /billing 307 in 104ms (next.js: 15ms, proxy.ts: 2ms, application-code: 88ms)
 GET /support?error=You%20no%20longer%20have%20access%20to%20this%20page.%20Choose%20an%20available%20section%20or%20contact%20an%20administrator. 200 in 113ms (next.js: 1.7ms, proxy.ts: 3ms, application-code: 109ms)
  ✓  15 [chromium] › e2e/authenticated-rbac.spec.ts:55:9 › authenticated five-role route matrix › client has only its server-authorized product surface (1.6s)
 GET /api/exports/80000000-0000-4000-8000-000000000003 404 in 896ms (next.js: 866ms, proxy.ts: 2ms, application-code: 28ms)
  ✓  16 [chromium] › e2e/authenticated-rbac.spec.ts:75:9 › authenticated five-role route matrix › owner cannot cross the direct export API boundary (1.3s)
 GET /api/exports/80000000-0000-4000-8000-000000000003 403 in 22ms (next.js: 3ms, proxy.ts: 2ms, application-code: 17ms)
  ✓  17 [chromium] › e2e/authenticated-rbac.spec.ts:75:9 › authenticated five-role route matrix › admin cannot cross the direct export API boundary (63ms)
 GET /api/exports/80000000-0000-4000-8000-000000000003 403 in 12ms (next.js: 3ms, proxy.ts: 2ms, application-code: 7ms)
  ✓  18 [chromium] › e2e/authenticated-rbac.spec.ts:75:9 › authenticated five-role route matrix › strategist cannot cross the direct export API boundary (54ms)
 GET /api/exports/80000000-0000-4000-8000-000000000003 403 in 12ms (next.js: 2ms, proxy.ts: 1.9ms, application-code: 8ms)
  ✓  19 [chromium] › e2e/authenticated-rbac.spec.ts:75:9 › authenticated five-role route matrix › analyst cannot cross the direct export API boundary (55ms)
 GET /api/exports/80000000-0000-4000-8000-000000000003 403 in 11ms (next.js: 3ms, proxy.ts: 1.9ms, application-code: 6ms)
  ✓  20 [chromium] › e2e/authenticated-rbac.spec.ts:75:9 › authenticated five-role route matrix › client cannot cross the direct export API boundary (55ms)
 GET /settings 200 in 198ms (next.js: 1.8ms, proxy.ts: 1.8ms, application-code: 194ms)
 GET /api/auth/get-session 200 in 37ms (next.js: 10ms, proxy.ts: 4ms, application-code: 22ms)
 GET /api/auth/organization/list 200 in 42ms (next.js: 15ms, proxy.ts: 5ms, application-code: 23ms)
 POST /settings 200 in 97ms (next.js: 2ms, proxy.ts: 7ms, application-code: 89ms)
  └─ ƒ updateWorkspaceLocale({}) in 25ms src/app/actions.ts
 GET /settings?notice=Workspace+language+updated. 200 in 110ms (next.js: 3ms, proxy.ts: 4ms, application-code: 104ms)
 GET /settings?notice=Workspace+language+updated. 200 in 77ms (next.js: 3ms, proxy.ts: 3ms, application-code: 71ms)
 POST /settings 200 in 145ms (next.js: 16ms, proxy.ts: 8ms, application-code: 121ms)
  └─ ƒ updateWorkspaceLocale({}) in 31ms src/app/actions.ts
 GET /settings?notice=Workspace+language+updated. 200 in 87ms (next.js: 2ms, proxy.ts: 1.4ms, application-code: 83ms)
 POST /settings 200 in 105ms (next.js: 2ms, proxy.ts: 1.9ms, application-code: 100ms)
  └─ ƒ updateWorkspaceLocale({}) in 8ms src/app/actions.ts
 GET /settings?error=Permission+required%3A+workspace%3Aadmin 200 in 47ms (next.js: 2.0ms, proxy.ts: 1.5ms, application-code: 44ms)
 POST /settings 200 in 62ms (next.js: 1.9ms, proxy.ts: 1.6ms, application-code: 59ms)
  └─ ƒ updateWorkspaceLocale({}) in 6ms src/app/actions.ts
 GET /settings?error=Permission+required%3A+workspace%3Aadmin 200 in 48ms (next.js: 1.7ms, proxy.ts: 1.7ms, application-code: 44ms)
 POST /settings 200 in 62ms (next.js: 2ms, proxy.ts: 1.8ms, application-code: 58ms)
  └─ ƒ updateWorkspaceLocale({}) in 5ms src/app/actions.ts
 GET /settings?error=Permission+required%3A+workspace%3Aadmin 200 in 54ms (next.js: 2ms, proxy.ts: 1.8ms, application-code: 50ms)
 POST /settings 200 in 69ms (next.js: 2ms, proxy.ts: 2ms, application-code: 64ms)
  └─ ƒ updateWorkspaceLocale({}) in 5ms src/app/actions.ts
  ✓  21 [chromium] › e2e/authenticated-rbac.spec.ts:93:7 › authenticated Server Action authorization matrix › re-authorizes workspace administration for every session (1.2s)
 GET /dashboard?client=80000000-0000-4000-8000-000000000092 200 in 196ms (next.js: 2.0ms, proxy.ts: 3ms, application-code: 192ms)
 GET /api/auth/get-session 200 in 26ms (next.js: 6ms, proxy.ts: 3ms, application-code: 17ms)
 GET /api/auth/organization/list 200 in 30ms (next.js: 12ms, proxy.ts: 4ms, application-code: 14ms)
 POST /dashboard?client=80000000-0000-4000-8000-000000000092 200 in 323ms (next.js: 3ms, proxy.ts: 4ms, application-code: 316ms)
  └─ ƒ setCookieConsent({}) in 2ms src/app/preferences-actions.ts
 GET /dashboard?client=80000000-0000-4000-8000-000000000092 200 in 279ms (next.js: 8ms, proxy.ts: 13ms, application-code: 258ms)
 GET /api/auth/get-session 200 in 156ms (next.js: 53ms, proxy.ts: 31ms, application-code: 73ms)
 GET /api/auth/organization/list 200 in 160ms (next.js: 46ms, proxy.ts: 30ms, application-code: 84ms)
 GET /dashboard?client=80000000-0000-4000-8000-000000000092 200 in 272ms (next.js: 5ms, proxy.ts: 3ms, application-code: 264ms)
 GET /api/auth/get-session 200 in 95ms (next.js: 66ms, proxy.ts: 4ms, application-code: 25ms)
 GET /api/auth/organization/list 200 in 145ms (next.js: 69ms, proxy.ts: 4ms, application-code: 72ms)
 GET /dashboard?client=80000000-0000-4000-8000-000000000092 200 in 251ms (next.js: 28ms, proxy.ts: 5ms, application-code: 218ms)
 GET /api/auth/get-session 200 in 75ms (next.js: 48ms, proxy.ts: 3ms, application-code: 24ms)
 GET /api/auth/organization/list 200 in 85ms (next.js: 53ms, proxy.ts: 3ms, application-code: 28ms)
 GET /dashboard?client=80000000-0000-4000-8000-000000000092 200 in 258ms (next.js: 3ms, proxy.ts: 3ms, application-code: 252ms)
 GET /api/auth/get-session 200 in 27ms (next.js: 6ms, proxy.ts: 3ms, application-code: 18ms)
 GET /api/auth/organization/list 200 in 34ms (next.js: 11ms, proxy.ts: 3ms, application-code: 20ms)
 GET /dashboard?client=80000000-0000-4000-8000-000000000093 200 in 180ms (next.js: 3ms, proxy.ts: 3ms, application-code: 174ms)
  ✓  22 [chromium] › e2e/dashboard-health-local.spec.ts:15:53 › qualified cockpit health › counts all alerts and refuses unqualified scores in fr (2.8s)
 GET /dashboard?client=80000000-0000-4000-8000-000000000092 200 in 197ms (next.js: 2ms, proxy.ts: 2.0ms, application-code: 192ms)
 GET /api/auth/get-session 200 in 39ms (next.js: 17ms, proxy.ts: 4ms, application-code: 17ms)
 GET /api/auth/organization/list 200 in 45ms (next.js: 8ms, proxy.ts: 5ms, application-code: 32ms)
 POST /dashboard?client=80000000-0000-4000-8000-000000000092 200 in 369ms (next.js: 24ms, proxy.ts: 9ms, application-code: 337ms)
  └─ ƒ setCookieConsent({}) in 1ms src/app/preferences-actions.ts
 GET /dashboard?client=80000000-0000-4000-8000-000000000092 200 in 362ms (next.js: 60ms, proxy.ts: 12ms, application-code: 290ms)
 GET /api/auth/get-session 200 in 87ms (next.js: 48ms, proxy.ts: 10ms, application-code: 29ms)
 GET /api/auth/organization/list 200 in 149ms (next.js: 64ms, proxy.ts: 11ms, application-code: 74ms)
 GET /dashboard?client=80000000-0000-4000-8000-000000000092 200 in 261ms (next.js: 8ms, proxy.ts: 9ms, application-code: 244ms)
 GET /api/auth/get-session 200 in 83ms (next.js: 24ms, proxy.ts: 5ms, application-code: 54ms)
 GET /api/auth/organization/list 200 in 89ms (next.js: 27ms, proxy.ts: 5ms, application-code: 57ms)
 GET /dashboard?client=80000000-0000-4000-8000-000000000092 200 in 246ms (next.js: 3ms, proxy.ts: 5ms, application-code: 238ms)
 GET /api/auth/get-session 200 in 75ms (next.js: 15ms, proxy.ts: 4ms, application-code: 56ms)
 GET /api/auth/organization/list 200 in 80ms (next.js: 36ms, proxy.ts: 4ms, application-code: 40ms)
 GET /dashboard?client=80000000-0000-4000-8000-000000000092 200 in 206ms (next.js: 5ms, proxy.ts: 4ms, application-code: 198ms)
 GET /api/auth/get-session 200 in 24ms (next.js: 5ms, proxy.ts: 3ms, application-code: 16ms)
 GET /api/auth/organization/list 200 in 27ms (next.js: 10ms, proxy.ts: 4ms, application-code: 14ms)
 GET /dashboard?client=80000000-0000-4000-8000-000000000093 200 in 172ms (next.js: 2ms, proxy.ts: 2ms, application-code: 167ms)
  ✓  23 [chromium] › e2e/dashboard-health-local.spec.ts:15:53 › qualified cockpit health › counts all alerts and refuses unqualified scores in en (2.7s)
 POST /api/auth/organization/set-active 200 in 13ms (next.js: 3ms, proxy.ts: 1.9ms, application-code: 8ms)
 GET /getting-started 200 in 183ms (next.js: 30ms, proxy.ts: 2ms, application-code: 151ms)
 GET /api/auth/get-session 200 in 27ms (next.js: 8ms, proxy.ts: 3ms, application-code: 16ms)
 GET /api/auth/organization/list 200 in 30ms (next.js: 12ms, proxy.ts: 3ms, application-code: 16ms)
 GET /getting-started 200 in 159ms (next.js: 5ms, proxy.ts: 6ms, application-code: 148ms)
 GET /api/auth/get-session 200 in 31ms (next.js: 5ms, proxy.ts: 4ms, application-code: 22ms)
 GET /api/auth/organization/list 200 in 34ms (next.js: 11ms, proxy.ts: 4ms, application-code: 18ms)
 GET /getting-started 200 in 181ms (next.js: 5ms, proxy.ts: 7ms, application-code: 170ms)
 GET /api/auth/get-session 200 in 34ms (next.js: 15ms, proxy.ts: 3ms, application-code: 16ms)
 GET /api/auth/organization/list 200 in 41ms (next.js: 12ms, proxy.ts: 12ms, application-code: 17ms)
 GET /getting-started 200 in 154ms (next.js: 5ms, proxy.ts: 4ms, application-code: 146ms)
 GET /api/auth/get-session 200 in 32ms (next.js: 4ms, proxy.ts: 3ms, application-code: 25ms)
 GET /api/auth/organization/list 200 in 33ms (next.js: 9ms, proxy.ts: 2ms, application-code: 22ms)
 GET /getting-started 200 in 143ms (next.js: 2ms, proxy.ts: 3ms, application-code: 139ms)
 GET /api/auth/get-session 200 in 28ms (next.js: 9ms, proxy.ts: 3ms, application-code: 16ms)
 GET /api/auth/organization/list 200 in 30ms (next.js: 13ms, proxy.ts: 3ms, application-code: 13ms)
 GET /getting-started 200 in 142ms (next.js: 5ms, proxy.ts: 3ms, application-code: 135ms)
  ✓  24 [chromium] › e2e/getting-started-local.spec.ts:6:7 › guided setup fr requires selected accounts and qualified milestones (2.3s)
 POST /api/auth/organization/set-active 200 in 12ms (next.js: 2ms, proxy.ts: 2ms, application-code: 7ms)
 GET /getting-started 200 in 161ms (next.js: 1.9ms, proxy.ts: 3ms, application-code: 156ms)
 GET /api/auth/get-session 200 in 60ms (next.js: 8ms, proxy.ts: 3ms, application-code: 48ms)
 GET /api/auth/organization/list 200 in 76ms (next.js: 13ms, proxy.ts: 3ms, application-code: 59ms)
 GET /getting-started 200 in 196ms (next.js: 15ms, proxy.ts: 3ms, application-code: 179ms)
 GET /api/auth/get-session 200 in 37ms (next.js: 14ms, proxy.ts: 3ms, application-code: 19ms)
 GET /api/auth/organization/list 200 in 38ms (next.js: 7ms, proxy.ts: 4ms, application-code: 27ms)
 GET /getting-started 200 in 173ms (next.js: 5ms, proxy.ts: 6ms, application-code: 161ms)
 GET /api/auth/get-session 200 in 30ms (next.js: 6ms, proxy.ts: 4ms, application-code: 20ms)
 GET /api/auth/organization/list 200 in 35ms (next.js: 10ms, proxy.ts: 4ms, application-code: 20ms)
 GET /getting-started 200 in 175ms (next.js: 6ms, proxy.ts: 6ms, application-code: 163ms)
 GET /api/auth/get-session 200 in 26ms (next.js: 13ms, proxy.ts: 3ms, application-code: 10ms)
 GET /api/auth/organization/list 200 in 29ms (next.js: 5ms, proxy.ts: 3ms, application-code: 21ms)
 GET /getting-started 200 in 212ms (next.js: 4ms, proxy.ts: 3ms, application-code: 205ms)
 GET /api/auth/get-session 200 in 27ms (next.js: 7ms, proxy.ts: 3ms, application-code: 16ms)
 GET /api/auth/organization/list 200 in 29ms (next.js: 14ms, proxy.ts: 4ms, application-code: 12ms)
 GET /getting-started 200 in 157ms (next.js: 4ms, proxy.ts: 3ms, application-code: 150ms)
  ✓  25 [chromium] › e2e/getting-started-local.spec.ts:6:7 › guided setup en requires selected accounts and qualified milestones (2.5s)
 GET /agents 200 in 201ms (next.js: 4ms, proxy.ts: 3ms, application-code: 195ms)
 GET /api/auth/get-session 200 in 30ms (next.js: 6ms, proxy.ts: 10ms, application-code: 14ms)
 GET /api/auth/organization/list 200 in 26ms (next.js: 10ms, proxy.ts: 3ms, application-code: 12ms)
 GET /agents?notice=Vigie+activ%C3%A9e.+Elle+sera+ex%C3%A9cut%C3%A9e+chaque+jour. 200 in 93ms (next.js: 2ms, proxy.ts: 1.8ms, application-code: 89ms)
 POST /agents 200 in 122ms (next.js: 3ms, proxy.ts: 2ms, application-code: 117ms)
  └─ ƒ createMonitoringAgent({}) in 13ms src/app/actions.ts
 GET /agents?notice=Vigie+mise+en+pause. 200 in 107ms (next.js: 3ms, proxy.ts: 2ms, application-code: 102ms)
 POST /agents?notice=Vigie%20activ%C3%A9e.%20Elle%20sera%20ex%C3%A9cut%C3%A9e%20chaque%20jour. 200 in 158ms (next.js: 8ms, proxy.ts: 8ms, application-code: 142ms)
  └─ ƒ toggleMonitoringAgent({}) in 20ms src/app/actions.ts
 GET /agents?notice=Vigie+activ%C3%A9e. 200 in 106ms (next.js: 4ms, proxy.ts: 5ms, application-code: 97ms)
 POST /agents?notice=Vigie%20mise%20en%20pause. 200 in 133ms (next.js: 2ms, proxy.ts: 3ms, application-code: 128ms)
  └─ ƒ toggleMonitoringAgent({}) in 12ms src/app/actions.ts
 GET /alerts?notice=Analyse+planifi%C3%A9e.+Les+signalements+seront+actualis%C3%A9s+apr%C3%A8s+son+traitement. 200 in 71ms (next.js: 3ms, proxy.ts: 1.7ms, application-code: 65ms)
 POST /agents?notice=Vigie%20activ%C3%A9e. 200 in 91ms (next.js: 2ms, proxy.ts: 2ms, application-code: 87ms)
  └─ ƒ runMonitoringScan({}) in 10ms src/app/actions.ts
 GET /alerts?id=42c48d00-3dcb-4266-a677-133cc910451e 200 in 144ms (next.js: 2ms, proxy.ts: 2ms, application-code: 139ms)
 GET /api/auth/get-session 200 in 46ms (next.js: 7ms, proxy.ts: 8ms, application-code: 30ms)
 GET /api/auth/organization/list 200 in 47ms (next.js: 21ms, proxy.ts: 7ms, application-code: 19ms)
 GET /alerts?notice=Workflow+de+l%E2%80%99alerte+mis+%C3%A0+jour.&id=42c48d00-3dcb-4266-a677-133cc910451e 200 in 76ms (next.js: 2ms, proxy.ts: 2ms, application-code: 71ms)
 POST /alerts?id=42c48d00-3dcb-4266-a677-133cc910451e 200 in 96ms (next.js: 2ms, proxy.ts: 2ms, application-code: 92ms)
  └─ ƒ updateAlertWorkflow({}) in 10ms src/app/actions.ts
 GET /alerts?notice=Workflow+de+l%E2%80%99alerte+mis+%C3%A0+jour.&id=42c48d00-3dcb-4266-a677-133cc910451e 200 in 73ms (next.js: 1.7ms, proxy.ts: 1.6ms, application-code: 69ms)
 POST /alerts?notice=Workflow%20de%20l%E2%80%99alerte%20mis%20%C3%A0%20jour.&id=42c48d00-3dcb-4266-a677-133cc910451e 200 in 91ms (next.js: 2ms, proxy.ts: 1.9ms, application-code: 87ms)
  └─ ƒ updateAlertWorkflow({}) in 9ms src/app/actions.ts
 GET /alerts?notice=Workflow+de+l%E2%80%99alerte+mis+%C3%A0+jour.&id=42c48d00-3dcb-4266-a677-133cc910451e 200 in 72ms (next.js: 2ms, proxy.ts: 3ms, application-code: 67ms)
 POST /alerts?notice=Workflow%20de%20l%E2%80%99alerte%20mis%20%C3%A0%20jour.&id=42c48d00-3dcb-4266-a677-133cc910451e 200 in 100ms (next.js: 2ms, proxy.ts: 2ms, application-code: 96ms)
  └─ ƒ updateAlertWorkflow({}) in 17ms src/app/actions.ts
 GET /alerts?error=Permission+required%3A+alerts%3Amanage&id=42c48d00-3dcb-4266-a677-133cc910451e 200 in 65ms (next.js: 1.9ms, proxy.ts: 1.8ms, application-code: 61ms)
 POST /alerts?notice=Workflow%20de%20l%E2%80%99alerte%20mis%20%C3%A0%20jour.&id=42c48d00-3dcb-4266-a677-133cc910451e 200 in 82ms (next.js: 3ms, proxy.ts: 3ms, application-code: 77ms)
  └─ ƒ updateAlertWorkflow({}) in 7ms src/app/actions.ts
 GET /alerts?error=Permission%20required%3A%20alerts%3Amanage&id=42c48d00-3dcb-4266-a677-133cc910451e 200 in 301ms (next.js: 3ms, proxy.ts: 4ms, application-code: 294ms)
 GET /api/auth/get-session 200 in 68ms (next.js: 18ms, proxy.ts: 6ms, application-code: 45ms)
 GET /api/auth/organization/list 200 in 75ms (next.js: 37ms, proxy.ts: 7ms, application-code: 31ms)
  ✓  26 [chromium] › e2e/monitoring-actors-local.spec.ts:6:7 › monitoring actor fr preserves authorized controls and rejects a revoked form (3.1s)
 GET /agents 200 in 206ms (next.js: 3ms, proxy.ts: 4ms, application-code: 199ms)
 GET /api/auth/get-session 200 in 66ms (next.js: 11ms, proxy.ts: 5ms, application-code: 50ms)
 GET /api/auth/organization/list 200 in 80ms (next.js: 27ms, proxy.ts: 6ms, application-code: 47ms)
 GET /agents?notice=Vigie+activ%C3%A9e.+Elle+sera+ex%C3%A9cut%C3%A9e+chaque+jour. 200 in 147ms (next.js: 3ms, proxy.ts: 3ms, application-code: 141ms)
 POST /agents 200 in 226ms (next.js: 13ms, proxy.ts: 18ms, application-code: 195ms)
  └─ ƒ createMonitoringAgent({}) in 27ms src/app/actions.ts
 GET /agents?notice=Vigie+mise+en+pause. 200 in 101ms (next.js: 2ms, proxy.ts: 1.9ms, application-code: 97ms)
 POST /agents?notice=Vigie%20activ%C3%A9e.%20Elle%20sera%20ex%C3%A9cut%C3%A9e%20chaque%20jour. 200 in 133ms (next.js: 10ms, proxy.ts: 3ms, application-code: 121ms)
  └─ ƒ toggleMonitoringAgent({}) in 9ms src/app/actions.ts
 GET /agents?notice=Vigie+activ%C3%A9e. 200 in 96ms (next.js: 2ms, proxy.ts: 11ms, application-code: 83ms)
 POST /agents?notice=Vigie%20mise%20en%20pause. 200 in 119ms (next.js: 2ms, proxy.ts: 2ms, application-code: 114ms)
  └─ ƒ toggleMonitoringAgent({}) in 10ms src/app/actions.ts
 GET /alerts?notice=Analyse+planifi%C3%A9e.+Les+signalements+seront+actualis%C3%A9s+apr%C3%A8s+son+traitement. 200 in 68ms (next.js: 2ms, proxy.ts: 2ms, application-code: 64ms)
 POST /agents?notice=Vigie%20activ%C3%A9e. 200 in 97ms (next.js: 3ms, proxy.ts: 2ms, application-code: 92ms)
  └─ ƒ runMonitoringScan({}) in 15ms src/app/actions.ts
 GET /alerts?id=fce658ed-1ee1-4f94-94b4-f68a08e2376f 200 in 244ms (next.js: 3ms, proxy.ts: 2ms, application-code: 239ms)
 GET /api/auth/get-session 200 in 45ms (next.js: 10ms, proxy.ts: 5ms, application-code: 31ms)
 GET /api/auth/organization/list 200 in 47ms (next.js: 21ms, proxy.ts: 5ms, application-code: 21ms)
 GET /alerts?notice=Workflow+de+l%E2%80%99alerte+mis+%C3%A0+jour.&id=fce658ed-1ee1-4f94-94b4-f68a08e2376f 200 in 92ms (next.js: 2ms, proxy.ts: 3ms, application-code: 87ms)
 POST /alerts?id=fce658ed-1ee1-4f94-94b4-f68a08e2376f 200 in 124ms (next.js: 3ms, proxy.ts: 4ms, application-code: 116ms)
  └─ ƒ updateAlertWorkflow({}) in 14ms src/app/actions.ts
 GET /alerts?notice=Workflow+de+l%E2%80%99alerte+mis+%C3%A0+jour.&id=fce658ed-1ee1-4f94-94b4-f68a08e2376f 200 in 83ms (next.js: 3ms, proxy.ts: 3ms, application-code: 77ms)
 POST /alerts?notice=Workflow%20de%20l%E2%80%99alerte%20mis%20%C3%A0%20jour.&id=fce658ed-1ee1-4f94-94b4-f68a08e2376f 200 in 107ms (next.js: 2ms, proxy.ts: 2ms, application-code: 102ms)
  └─ ƒ updateAlertWorkflow({}) in 9ms src/app/actions.ts
 GET /alerts?notice=Workflow+de+l%E2%80%99alerte+mis+%C3%A0+jour.&id=fce658ed-1ee1-4f94-94b4-f68a08e2376f 200 in 120ms (next.js: 3ms, proxy.ts: 3ms, application-code: 113ms)
 POST /alerts?notice=Workflow%20de%20l%E2%80%99alerte%20mis%20%C3%A0%20jour.&id=fce658ed-1ee1-4f94-94b4-f68a08e2376f 200 in 163ms (next.js: 5ms, proxy.ts: 12ms, application-code: 146ms)
  └─ ƒ updateAlertWorkflow({}) in 16ms src/app/actions.ts
 GET /alerts?error=Permission+required%3A+alerts%3Amanage&id=fce658ed-1ee1-4f94-94b4-f68a08e2376f 200 in 88ms (next.js: 3ms, proxy.ts: 3ms, application-code: 82ms)
 POST /alerts?notice=Workflow%20de%20l%E2%80%99alerte%20mis%20%C3%A0%20jour.&id=fce658ed-1ee1-4f94-94b4-f68a08e2376f 200 in 121ms (next.js: 5ms, proxy.ts: 8ms, application-code: 108ms)
  └─ ƒ updateAlertWorkflow({}) in 9ms src/app/actions.ts
 GET /alerts?error=Permission%20required%3A%20alerts%3Amanage&id=fce658ed-1ee1-4f94-94b4-f68a08e2376f 200 in 174ms (next.js: 3ms, proxy.ts: 3ms, application-code: 168ms)
 GET /api/auth/get-session 200 in 64ms (next.js: 11ms, proxy.ts: 4ms, application-code: 50ms)
 GET /api/auth/organization/list 200 in 70ms (next.js: 28ms, proxy.ts: 4ms, application-code: 38ms)
  ✓  27 [chromium] › e2e/monitoring-actors-local.spec.ts:6:7 › monitoring actor en preserves authorized controls and rejects a revoked form (3.5s)
 GET /insights/devices?client=80000000-0000-4000-8000-000000000094 200 in 190ms (next.js: 5ms, proxy.ts: 3ms, application-code: 182ms)
 GET /api/auth/get-session 200 in 90ms (next.js: 10ms, proxy.ts: 49ms, application-code: 31ms)
 GET /api/auth/organization/list 200 in 63ms (next.js: 18ms, proxy.ts: 8ms, application-code: 37ms)
 GET /tasks 200 in 70ms (next.js: 5ms, proxy.ts: 4ms, application-code: 61ms)
 GET /discussions/tasks/a56c3c84-742d-40ad-9ac5-25ac2b245a24 200 in 625ms (next.js: 499ms, proxy.ts: 2ms, application-code: 124ms)
 GET /api/auth/get-session 200 in 26ms (next.js: 10ms, proxy.ts: 3ms, application-code: 14ms)
 GET /api/auth/organization/list 200 in 28ms (next.js: 15ms, proxy.ts: 3ms, application-code: 10ms)
 GET /dashboard 200 in 71ms (next.js: 5ms, proxy.ts: 3ms, application-code: 64ms)
 GET /tasks 200 in 71ms (next.js: 2ms, proxy.ts: 3ms, application-code: 65ms)
 GET /dashboard 200 in 83ms (next.js: 3ms, proxy.ts: 3ms, application-code: 77ms)
 GET /tasks 200 in 48ms (next.js: 3ms, proxy.ts: 3ms, application-code: 43ms)
 GET /dashboard?client=invalid 404 in 114ms (next.js: 3ms, proxy.ts: 3ms, application-code: 108ms)
 GET /dashboard?client= 404 in 114ms (next.js: 1.9ms, proxy.ts: 1.8ms, application-code: 111ms)
 GET /dashboard?client=80000000-0000-4000-8000-000000000095 404 in 123ms (next.js: 1.9ms, proxy.ts: 1.7ms, application-code: 119ms)
 GET /dashboard?client=80000000-0000-4000-8000-000000000094&client=80000000-0000-4000-8000-000000000095 404 in 111ms (next.js: 2ms, proxy.ts: 2ms, application-code: 107ms)
 GET /analysis?client=invalid 404 in 128ms (next.js: 3ms, proxy.ts: 1.7ms, application-code: 123ms)
 GET /analysis?client= 404 in 172ms (next.js: 7ms, proxy.ts: 8ms, application-code: 157ms)
 GET /analysis?client=80000000-0000-4000-8000-000000000095 404 in 123ms (next.js: 2ms, proxy.ts: 2ms, application-code: 119ms)
 GET /analysis?client=80000000-0000-4000-8000-000000000094&client=80000000-0000-4000-8000-000000000095 404 in 124ms (next.js: 2ms, proxy.ts: 1.7ms, application-code: 120ms)
 GET /insights?client=invalid 404 in 108ms (next.js: 4ms, proxy.ts: 2ms, application-code: 102ms)
 GET /insights?client= 404 in 119ms (next.js: 3ms, proxy.ts: 2ms, application-code: 114ms)
 GET /insights?client=80000000-0000-4000-8000-000000000095 404 in 123ms (next.js: 2ms, proxy.ts: 1.7ms, application-code: 119ms)
 GET /insights?client=80000000-0000-4000-8000-000000000094&client=80000000-0000-4000-8000-000000000095 404 in 128ms (next.js: 1.8ms, proxy.ts: 1.7ms, application-code: 125ms)
 GET /history?client=invalid 404 in 108ms (next.js: 3ms, proxy.ts: 1.8ms, application-code: 104ms)
 GET /history?client= 404 in 117ms (next.js: 2ms, proxy.ts: 1.6ms, application-code: 113ms)
 GET /history?client=80000000-0000-4000-8000-000000000095 404 in 115ms (next.js: 1.9ms, proxy.ts: 1.8ms, application-code: 111ms)
 GET /history?client=80000000-0000-4000-8000-000000000094&client=80000000-0000-4000-8000-000000000095 404 in 103ms (next.js: 1.8ms, proxy.ts: 1.7ms, application-code: 99ms)
 GET /dashboard?client=80000000-0000-4000-8000-000000000094 404 in 115ms (next.js: 1.9ms, proxy.ts: 1.9ms, application-code: 111ms)
  ✓  28 [chromium] › e2e/navigation-state-local.spec.ts:14:53 › live navigation state › follows client navigation, keyboard and invalid accounts in fr (5.4s)
 GET /insights/devices?client=80000000-0000-4000-8000-000000000094 200 in 125ms (next.js: 5ms, proxy.ts: 2.0ms, application-code: 118ms)
 GET /api/auth/get-session 200 in 38ms (next.js: 6ms, proxy.ts: 7ms, application-code: 25ms)
 GET /api/auth/organization/list 200 in 38ms (next.js: 22ms, proxy.ts: 5ms, application-code: 11ms)
 GET /tasks 200 in 80ms (next.js: 3ms, proxy.ts: 3ms, application-code: 74ms)
 GET /discussions/tasks/0e605eb9-8b6b-4443-b66f-bfdfa5b0eccf 200 in 133ms (next.js: 5ms, proxy.ts: 2ms, application-code: 126ms)
 GET /api/auth/get-session 200 in 70ms (next.js: 39ms, proxy.ts: 13ms, application-code: 18ms)
 GET /api/auth/organization/list 200 in 73ms (next.js: 40ms, proxy.ts: 17ms, application-code: 17ms)
 GET /dashboard 200 in 100ms (next.js: 6ms, proxy.ts: 5ms, application-code: 89ms)
 GET /tasks 200 in 51ms (next.js: 2ms, proxy.ts: 3ms, application-code: 46ms)
 GET /dashboard 200 in 74ms (next.js: 3ms, proxy.ts: 3ms, application-code: 68ms)
 GET /tasks 200 in 198ms (next.js: 2ms, proxy.ts: 3ms, application-code: 192ms)
 GET /dashboard?client=invalid 404 in 166ms (next.js: 4ms, proxy.ts: 5ms, application-code: 157ms)
 GET /dashboard?client= 404 in 118ms (next.js: 3ms, proxy.ts: 1.9ms, application-code: 114ms)
 GET /dashboard?client=80000000-0000-4000-8000-000000000095 404 in 126ms (next.js: 2ms, proxy.ts: 2ms, application-code: 122ms)
 GET /dashboard?client=80000000-0000-4000-8000-000000000094&client=80000000-0000-4000-8000-000000000095 404 in 108ms (next.js: 2ms, proxy.ts: 1.7ms, application-code: 104ms)
 GET /analysis?client=invalid 404 in 112ms (next.js: 1.9ms, proxy.ts: 1.6ms, application-code: 109ms)
 GET /analysis?client= 404 in 104ms (next.js: 1.7ms, proxy.ts: 1.9ms, application-code: 100ms)
 GET /analysis?client=80000000-0000-4000-8000-000000000095 404 in 116ms (next.js: 1.8ms, proxy.ts: 1.5ms, application-code: 113ms)
 GET /analysis?client=80000000-0000-4000-8000-000000000094&client=80000000-0000-4000-8000-000000000095 404 in 102ms (next.js: 1.7ms, proxy.ts: 1.6ms, application-code: 99ms)
 GET /insights?client=invalid 404 in 109ms (next.js: 1.9ms, proxy.ts: 1.5ms, application-code: 105ms)
 GET /insights?client= 404 in 108ms (next.js: 1.8ms, proxy.ts: 1.9ms, application-code: 104ms)
 GET /insights?client=80000000-0000-4000-8000-000000000095 404 in 109ms (next.js: 2ms, proxy.ts: 1.7ms, application-code: 105ms)
 GET /insights?client=80000000-0000-4000-8000-000000000094&client=80000000-0000-4000-8000-000000000095 404 in 122ms (next.js: 1.6ms, proxy.ts: 1.6ms, application-code: 119ms)
 GET /history?client=invalid 404 in 111ms (next.js: 2.0ms, proxy.ts: 1.7ms, application-code: 108ms)
 GET /history?client= 404 in 124ms (next.js: 4ms, proxy.ts: 3ms, application-code: 118ms)
 GET /history?client=80000000-0000-4000-8000-000000000095 404 in 117ms (next.js: 1.8ms, proxy.ts: 1.6ms, application-code: 114ms)
 GET /history?client=80000000-0000-4000-8000-000000000094&client=80000000-0000-4000-8000-000000000095 404 in 121ms (next.js: 2.0ms, proxy.ts: 1.7ms, application-code: 117ms)
 GET /dashboard?client=80000000-0000-4000-8000-000000000094 404 in 117ms (next.js: 2ms, proxy.ts: 2ms, application-code: 113ms)
  ✓  29 [chromium] › e2e/navigation-state-local.spec.ts:14:53 › live navigation state › follows client navigation, keyboard and invalid accounts in en (3.9s)
 GET /operations/costs?month=2001-03 200 in 188ms (next.js: 55ms, proxy.ts: 3ms, application-code: 130ms)
 GET /api/auth/get-session 200 in 16ms (next.js: 5ms, proxy.ts: 3ms, application-code: 8ms)
 GET /api/auth/organization/list 200 in 29ms (next.js: 5ms, proxy.ts: 3ms, application-code: 20ms)
 GET /operations/costs?month=2001-03&notice=Observation+enregistr%C3%A9e+avec+sa+version+et+son+audit. 200 in 83ms (next.js: 1.9ms, proxy.ts: 2ms, application-code: 79ms)
 POST /operations/costs?month=2001-03 200 in 111ms (next.js: 3ms, proxy.ts: 2ms, application-code: 105ms)
  └─ ƒ recordOperatingCost({}) in 12ms src/app/(app)/operations/costs/actions.ts
 GET /operations/costs?month=2001-03&error=Cette+r%C3%A9f%C3%A9rence+a+%C3%A9t%C3%A9+modifi%C3%A9e.+Rechargez+sa+version+courante. 200 in 85ms (next.js: 1.8ms, proxy.ts: 1.9ms, application-code: 81ms)
 POST /operations/costs?month=2001-03&notice=Observation+enregistr%C3%A9e+avec+sa+version+et+son+audit. 200 in 103ms (next.js: 1.9ms, proxy.ts: 2ms, application-code: 98ms)
  └─ ƒ recordOperatingCost({}) in 7ms src/app/(app)/operations/costs/actions.ts
 GET /operations/costs?month=2001-03&notice=Observation+enregistr%C3%A9e+avec+sa+version+et+son+audit. 200 in 73ms (next.js: 2ms, proxy.ts: 1.8ms, application-code: 69ms)
 POST /operations/costs?month=2001-03&error=Cette+r%C3%A9f%C3%A9rence+a+%C3%A9t%C3%A9+modifi%C3%A9e.+Rechargez+sa+version+courante. 200 in 96ms (next.js: 3ms, proxy.ts: 2ms, application-code: 90ms)
  └─ ƒ recordOperatingCost({}) in 11ms src/app/(app)/operations/costs/actions.ts
 GET /operations/costs?month=2001-03&notice=Observation+enregistr%C3%A9e+avec+sa+version+et+son+audit. 200 in 546ms (next.js: 2ms, proxy.ts: 2ms, application-code: 542ms)
 GET /api/auth/get-session 200 in 25ms (next.js: 7ms, proxy.ts: 3ms, application-code: 15ms)
 GET /api/auth/organization/list 200 in 29ms (next.js: 13ms, proxy.ts: 3ms, application-code: 14ms)
 GET /operations/costs?month=2001-03&after=browser-cost-9bdac7f4-6bce-4e68-ab92-74f9b73b5dfa-24 200 in 105ms (next.js: 6ms, proxy.ts: 6ms, application-code: 92ms)
 GET /operations/costs?month=2001-03 200 in 251ms (next.js: 3ms, proxy.ts: 3ms, application-code: 245ms)
 GET /operations/costs?month=2001-03&notice=Observation+enregistr%C3%A9e+avec+sa+version+et+son+audit. 200 in 376ms (next.js: 2ms, proxy.ts: 1.6ms, application-code: 372ms)
 POST /operations/costs?month=2001-03 200 in 413ms (next.js: 7ms, proxy.ts: 5ms, application-code: 401ms)
  └─ ƒ recordOperatingCost({}) in 13ms src/app/(app)/operations/costs/actions.ts
 GET /operations/costs?month=2001-03 404 in 107ms (next.js: 2ms, proxy.ts: 2ms, application-code: 102ms)
 GET /api/auth/get-session 200 in 114ms (next.js: 89ms, proxy.ts: 9ms, application-code: 16ms)
 GET /api/auth/organization/list 200 in 113ms (next.js: 90ms, proxy.ts: 14ms, application-code: 9ms)
 GET /operations 404 in 206ms (next.js: 5ms, proxy.ts: 4ms, application-code: 197ms)
 GET /api/auth/get-session 200 in 85ms (next.js: 11ms, proxy.ts: 15ms, application-code: 58ms)
 GET /api/auth/organization/list 200 in 92ms (next.js: 10ms, proxy.ts: 17ms, application-code: 64ms)
 GET /operations/costs?month=2001-03 404 in 155ms (next.js: 13ms, proxy.ts: 3ms, application-code: 139ms)
 GET /api/auth/organization/list 200 in 30ms (next.js: 15ms, proxy.ts: 5ms, application-code: 10ms)
 GET /api/auth/get-session 200 in 31ms (next.js: 6ms, proxy.ts: 5ms, application-code: 21ms)
  ✓  30 [chromium] › e2e/operating-costs-local.spec.ts:5:55 › operating costs preserve evidence, corrections, pagination and operator access (5.1s)
 GET /settings 200 in 232ms (next.js: 5ms, proxy.ts: 3ms, application-code: 224ms)
 GET /api/auth/get-session 200 in 22ms (next.js: 7ms, proxy.ts: 3ms, application-code: 12ms)
 GET /api/auth/organization/list 200 in 26ms (next.js: 11ms, proxy.ts: 3ms, application-code: 12ms)
 GET /settings?error=La+confirmation+ne+correspond+pas+%C3%A0+l%E2%80%99identifiant+de+l%E2%80%99espace. 200 in 98ms (next.js: 3ms, proxy.ts: 2.0ms, application-code: 93ms)
 POST /settings 200 in 121ms (next.js: 2ms, proxy.ts: 2ms, application-code: 117ms)
  └─ ƒ transferWorkspaceOwnership({}) in 9ms src/app/actions.ts
 GET /settings?notice=Propri%C3%A9t%C3%A9+de+l%E2%80%99espace+transf%C3%A9r%C3%A9e. 200 in 115ms (next.js: 3ms, proxy.ts: 5ms, application-code: 106ms)
 POST /settings?error=La%20confirmation%20ne%20correspond%20pas%20%C3%A0%20l%E2%80%99identifiant%20de%20l%E2%80%99espace. 200 in 149ms (next.js: 2ms, proxy.ts: 2ms, application-code: 145ms)
  └─ ƒ transferWorkspaceOwnership({}) in 13ms src/app/actions.ts
 GET /settings?error=Seul+le+propri%C3%A9taire+peut+transf%C3%A9rer+la+propri%C3%A9t%C3%A9. 200 in 84ms (next.js: 1.9ms, proxy.ts: 1.7ms, application-code: 80ms)
 POST /settings?error=La%20confirmation%20ne%20correspond%20pas%20%C3%A0%20l%E2%80%99identifiant%20de%20l%E2%80%99espace. 200 in 99ms (next.js: 2ms, proxy.ts: 2ms, application-code: 95ms)
  └─ ƒ transferWorkspaceOwnership({}) in 5ms src/app/actions.ts
 GET /settings 200 in 190ms (next.js: 2.0ms, proxy.ts: 1.9ms, application-code: 186ms)
 GET /api/auth/get-session 200 in 35ms (next.js: 5ms, proxy.ts: 3ms, application-code: 27ms)
 GET /api/auth/organization/list 200 in 37ms (next.js: 10ms, proxy.ts: 3ms, application-code: 24ms)
  ✓  31 [chromium] › e2e/ownership-local.spec.ts:5:61 › ownership transfer fr rechecks old owner authority and preserves other agencies (2.0s)
 GET /settings 200 in 191ms (next.js: 4ms, proxy.ts: 1.8ms, application-code: 186ms)
 GET /api/auth/get-session 200 in 22ms (next.js: 5ms, proxy.ts: 4ms, application-code: 13ms)
 GET /api/auth/organization/list 200 in 26ms (next.js: 8ms, proxy.ts: 5ms, application-code: 13ms)
 GET /settings?error=La+confirmation+ne+correspond+pas+%C3%A0+l%E2%80%99identifiant+de+l%E2%80%99espace. 200 in 108ms (next.js: 3ms, proxy.ts: 4ms, application-code: 102ms)
 POST /settings 200 in 133ms (next.js: 5ms, proxy.ts: 4ms, application-code: 124ms)
  └─ ƒ transferWorkspaceOwnership({}) in 8ms src/app/actions.ts
 GET /settings?notice=Workspace+ownership+transferred. 200 in 86ms (next.js: 2ms, proxy.ts: 2ms, application-code: 81ms)
 POST /settings?error=La%20confirmation%20ne%20correspond%20pas%20%C3%A0%20l%E2%80%99identifiant%20de%20l%E2%80%99espace. 200 in 116ms (next.js: 2ms, proxy.ts: 2ms, application-code: 111ms)
  └─ ƒ transferWorkspaceOwnership({}) in 11ms src/app/actions.ts
 GET /settings?error=Seul+le+propri%C3%A9taire+peut+transf%C3%A9rer+la+propri%C3%A9t%C3%A9. 200 in 88ms (next.js: 2ms, proxy.ts: 1.6ms, application-code: 84ms)
 POST /settings?error=La%20confirmation%20ne%20correspond%20pas%20%C3%A0%20l%E2%80%99identifiant%20de%20l%E2%80%99espace. 200 in 103ms (next.js: 2ms, proxy.ts: 2ms, application-code: 99ms)
  └─ ƒ transferWorkspaceOwnership({}) in 5ms src/app/actions.ts
 GET /settings 200 in 194ms (next.js: 2ms, proxy.ts: 3ms, application-code: 189ms)
 GET /api/auth/get-session 200 in 28ms (next.js: 7ms, proxy.ts: 4ms, application-code: 17ms)
 GET /api/auth/organization/list 200 in 31ms (next.js: 11ms, proxy.ts: 5ms, application-code: 15ms)
  ✓  32 [chromium] › e2e/ownership-local.spec.ts:5:61 › ownership transfer en rechecks old owner authority and preserves other agencies (1.7s)
 GET /portfolio?q=PORTFOLIO_ 200 in 370ms (next.js: 36ms, proxy.ts: 2ms, application-code: 332ms)
 GET /api/auth/get-session 200 in 47ms (next.js: 9ms, proxy.ts: 4ms, application-code: 33ms)
 GET /api/auth/organization/list 200 in 49ms (next.js: 14ms, proxy.ts: 4ms, application-code: 31ms)
 GET /portfolio?q=PORTFOLIO_&cursor=eyJ2IjoxLCJpdiI6Ing3d0NUZDBPWXY4NktXdW0iLCJ0YWciOiJIOWtIRHhUUGc5aXh2WWprWXpuZEFnIiwiZGF0YSI6IlNldFdLNklXcFd5SzF1T2RwN2IyVjNrYk5MUmN3ci1NT0hJOXNuaDRhMFFibzFVcG5hbFpiYlJzbVlteE5OYXV3ckUtOUhWNE1DRy1UTHd1blREaXE4OXdUZEhGaEF6d19UUC1hWnhHZkFkVy14dWtENzZEZGR1ei0taUN6eHFoVmsxeUdvUk5aelg4WllaNGYzaWszNnBJb3RXUzhxRENhM1ZFTDkzd3dOakIwMTBiNWI1US1oOVVwZ1ZobmJPbjNhd3hVM3NEZkJCdnFWSjdyXzZEVWhmU2d3Ymx3cmpkSmwzOVBkX2Z2YmFoOFkzeVQ2Q2NCTWpIYzd1eVN0dkpmeGVGZXIyVm5NeF9LRmVtU0RZT25iTEZxSXkyQVl3SnJjblZZMTh0Z3pDelNrM0pYWFAyeFEifQ 200 in 165ms (next.js: 6ms, proxy.ts: 2ms, application-code: 157ms)
 GET /portfolio?q=PORTFOLIO_&attention=missing_data&currency=&assignee= 200 in 227ms (next.js: 3ms, proxy.ts: 3ms, application-code: 221ms)
 GET /api/auth/get-session 200 in 34ms (next.js: 8ms, proxy.ts: 5ms, application-code: 20ms)
 GET /api/auth/organization/list 200 in 38ms (next.js: 17ms, proxy.ts: 5ms, application-code: 16ms)
 GET /portfolio?q=PORTFOLIO_&attention=missing_data&view_notice=saved 200 in 114ms (next.js: 1.9ms, proxy.ts: 2ms, application-code: 110ms)
 POST /portfolio?q=PORTFOLIO_&attention=missing_data&currency=&assignee= 200 in 143ms (next.js: 3ms, proxy.ts: 3ms, application-code: 137ms)
  └─ ƒ storePortfolioView({}) in 14ms src/app/portfolio-actions.ts
 GET /portfolio?q=PORTFOLIO_&attention=missing_data&view_notice=saved 200 in 99ms (next.js: 1.8ms, proxy.ts: 1.9ms, application-code: 95ms)
 POST /portfolio?q=PORTFOLIO_&attention=missing_data&view_notice=saved 200 in 125ms (next.js: 8ms, proxy.ts: 3ms, application-code: 114ms)
  └─ ƒ storePortfolioView({}) in 7ms src/app/portfolio-actions.ts
 GET /portfolio?q=PORTFOLIO_ 200 in 345ms (next.js: 2ms, proxy.ts: 3ms, application-code: 340ms)
 GET /api/auth/get-session 200 in 22ms (next.js: 5ms, proxy.ts: 3ms, application-code: 14ms)
 GET /api/auth/organization/list 200 in 23ms (next.js: 11ms, proxy.ts: 3ms, application-code: 10ms)
 GET /portfolio?view_notice=conflict 200 in 138ms (next.js: 4ms, proxy.ts: 3ms, application-code: 131ms)
 POST /portfolio?q=PORTFOLIO_ 200 in 170ms (next.js: 2ms, proxy.ts: 2ms, application-code: 165ms)
  └─ ƒ removePortfolioView({}) in 10ms src/app/portfolio-actions.ts
 GET /portfolio?q=PORTFOLIO_ 200 in 465ms (next.js: 3ms, proxy.ts: 2ms, application-code: 460ms)
 GET /api/auth/get-session 200 in 30ms (next.js: 8ms, proxy.ts: 3ms, application-code: 18ms)
 GET /api/auth/organization/list 200 in 34ms (next.js: 15ms, proxy.ts: 3ms, application-code: 15ms)
 GET /portfolio?view_notice=deleted 200 in 164ms (next.js: 2ms, proxy.ts: 4ms, application-code: 159ms)
 POST /portfolio?q=PORTFOLIO_ 200 in 195ms (next.js: 3ms, proxy.ts: 3ms, application-code: 189ms)
  └─ ƒ removePortfolioView({}) in 13ms src/app/portfolio-actions.ts
 GET /tasks?status=open&assignee=unassigned 200 in 253ms (next.js: 7ms, proxy.ts: 4ms, application-code: 242ms)
 GET /portfolio?assignee=local-browser-fixture-owner 200 in 245ms (next.js: 3ms, proxy.ts: 15ms, application-code: 226ms)
 GET /api/auth/get-session 200 in 119ms (next.js: 45ms, proxy.ts: 9ms, application-code: 66ms)
 GET /api/auth/organization/list 200 in 166ms (next.js: 66ms, proxy.ts: 7ms, application-code: 92ms)
 GET /portfolio?assignee=local-browser-fixture-owner 200 in 280ms (next.js: 6ms, proxy.ts: 6ms, application-code: 268ms)
 GET /api/auth/get-session 200 in 131ms (next.js: 59ms, proxy.ts: 15ms, application-code: 57ms)
 GET /api/auth/organization/list 200 in 157ms (next.js: 70ms, proxy.ts: 15ms, application-code: 72ms)
 GET /portfolio?q=PORTFOLIO_ 200 in 463ms (next.js: 4ms, proxy.ts: 4ms, application-code: 455ms)
 GET /api/auth/get-session 200 in 27ms (next.js: 7ms, proxy.ts: 4ms, application-code: 17ms)
 GET /api/auth/organization/list 200 in 31ms (next.js: 14ms, proxy.ts: 3ms, application-code: 15ms)
 GET /portfolio?q=PORTFOLIO_ 200 in 441ms (next.js: 3ms, proxy.ts: 4ms, application-code: 434ms)
 GET /api/auth/get-session 200 in 23ms (next.js: 6ms, proxy.ts: 3ms, application-code: 14ms)
 GET /api/auth/organization/list 200 in 27ms (next.js: 12ms, proxy.ts: 3ms, application-code: 11ms)
 GET /portfolio?q=PORTFOLIO_ 307 in 114ms (next.js: 2ms, proxy.ts: 2ms, application-code: 110ms)
 GET /support?error=Vous%20n%E2%80%99avez%20plus%20acc%C3%A8s%20%C3%A0%20cette%20page.%20Choisissez%20une%20rubrique%20disponible%20ou%20contactez%20un%20administrateur. 200 in 118ms (next.js: 6ms, proxy.ts: 3ms, application-code: 109ms)
 GET /portfolio?q=PORTFOLIO_ 307 in 69ms (next.js: 2ms, proxy.ts: 1.9ms, application-code: 65ms)
 GET /sign-in 200 in 69ms (next.js: 6ms, proxy.ts: 2ms, application-code: 60ms)
{"locale":"fr","developmentStyleViolations":233,"applicationErrors":0}
  ✓  33 [chromium] › e2e/portfolio-local.spec.ts:13:53 › agency portfolio › reviews 50 accounts, personal views and team workload in fr (8.5s)
 GET /portfolio?q=PORTFOLIO_ 200 in 377ms (next.js: 3ms, proxy.ts: 3ms, application-code: 371ms)
 GET /api/auth/get-session 200 in 46ms (next.js: 16ms, proxy.ts: 4ms, application-code: 26ms)
 GET /api/auth/organization/list 200 in 49ms (next.js: 25ms, proxy.ts: 4ms, application-code: 20ms)
 GET /portfolio?q=PORTFOLIO_&cursor=eyJ2IjoxLCJpdiI6IjRBX2lRemVsYUNtMXQtUWIiLCJ0YWciOiJIaGZ3M1lncmc1LS1wYkFZSm45UHhnIiwiZGF0YSI6Imx1LTBnX3pycDRhektSMjN2LXFlN2ZwSGRPak43TDJkcjRGbHpVejB4Sm5wMDFpZllFSjE3MkluZWtXQ1E1cWhsWl9fbzgtUTZHc3BEd3JLRFhuRG9uOEgxcE9SYU5UUHZBZ1A3NjNiQnJmSjBSN1p0YnRjRkJXeFhZN2xkWmZKSDlTTjFFLUVteGktQXkxclk4ZnFTVVJCUnJJdXhQR1htdFR4c19ocUh2OGhTMjVEZjFhaDZwXzlfNTdEVFdieUhrV21EMEZ2ZlRZSi1FNTZkRmtzZTJ2TjVSV0lZLXNVdm56N0NZUmtta18tUkZuelp0akZhSFZVZVBILW9Qd3NGc3l3MlktLUdVT0pybnBsY284N2JNaE1oZkEzR3dsRlhVdFJYQnpWc3BaUENkZ3Fpd3pEUEEifQ 200 in 227ms (next.js: 3ms, proxy.ts: 3ms, application-code: 221ms)
 GET /portfolio?q=PORTFOLIO_&attention=missing_data&currency=&assignee= 200 in 231ms (next.js: 2ms, proxy.ts: 2ms, application-code: 227ms)
 GET /api/auth/get-session 200 in 75ms (next.js: 16ms, proxy.ts: 13ms, application-code: 46ms)
 GET /api/auth/organization/list 200 in 76ms (next.js: 34ms, proxy.ts: 13ms, application-code: 29ms)
 GET /portfolio?q=PORTFOLIO_&attention=missing_data&view_notice=saved 200 in 120ms (next.js: 3ms, proxy.ts: 2ms, application-code: 115ms)
 POST /portfolio?q=PORTFOLIO_&attention=missing_data&currency=&assignee= 200 in 154ms (next.js: 10ms, proxy.ts: 4ms, application-code: 140ms)
  └─ ƒ storePortfolioView({}) in 11ms src/app/portfolio-actions.ts
 GET /portfolio?q=PORTFOLIO_&attention=missing_data&view_notice=saved 200 in 130ms (next.js: 3ms, proxy.ts: 1.8ms, application-code: 125ms)
 POST /portfolio?q=PORTFOLIO_&attention=missing_data&view_notice=saved 200 in 152ms (next.js: 2ms, proxy.ts: 3ms, application-code: 147ms)
  └─ ƒ storePortfolioView({}) in 9ms src/app/portfolio-actions.ts
 GET /portfolio?q=PORTFOLIO_ 200 in 387ms (next.js: 13ms, proxy.ts: 2ms, application-code: 371ms)
 GET /api/auth/get-session 200 in 38ms (next.js: 7ms, proxy.ts: 7ms, application-code: 24ms)
 GET /api/auth/organization/list 200 in 48ms (next.js: 15ms, proxy.ts: 7ms, application-code: 26ms)
 GET /portfolio?view_notice=conflict 200 in 337ms (next.js: 4ms, proxy.ts: 3ms, application-code: 329ms)
 POST /portfolio?q=PORTFOLIO_ 200 in 402ms (next.js: 5ms, proxy.ts: 8ms, application-code: 389ms)
  └─ ƒ removePortfolioView({}) in 32ms src/app/portfolio-actions.ts
 GET /portfolio?q=PORTFOLIO_ 200 in 369ms (next.js: 3ms, proxy.ts: 3ms, application-code: 364ms)
 GET /api/auth/get-session 200 in 54ms (next.js: 13ms, proxy.ts: 4ms, application-code: 37ms)
 GET /api/auth/organization/list 200 in 61ms (next.js: 23ms, proxy.ts: 5ms, application-code: 32ms)
 GET /portfolio?view_notice=deleted 200 in 226ms (next.js: 3ms, proxy.ts: 3ms, application-code: 220ms)
 POST /portfolio?q=PORTFOLIO_ 200 in 252ms (next.js: 2ms, proxy.ts: 2ms, application-code: 247ms)
  └─ ƒ removePortfolioView({}) in 10ms src/app/portfolio-actions.ts
 GET /tasks?status=open&assignee=unassigned 200 in 83ms (next.js: 13ms, proxy.ts: 2ms, application-code: 67ms)
 GET /portfolio?assignee=local-browser-fixture-owner 200 in 187ms (next.js: 4ms, proxy.ts: 2ms, application-code: 181ms)
 GET /api/auth/get-session 200 in 115ms (next.js: 19ms, proxy.ts: 24ms, application-code: 72ms)
 GET /api/auth/organization/list 200 in 116ms (next.js: 30ms, proxy.ts: 23ms, application-code: 63ms)
 GET /portfolio?assignee=local-browser-fixture-owner 200 in 206ms (next.js: 3ms, proxy.ts: 2ms, application-code: 202ms)
 GET /api/auth/get-session 200 in 131ms (next.js: 22ms, proxy.ts: 27ms, application-code: 83ms)
 GET /api/auth/organization/list 200 in 150ms (next.js: 32ms, proxy.ts: 26ms, application-code: 92ms)
 GET /portfolio?q=PORTFOLIO_ 200 in 558ms (next.js: 3ms, proxy.ts: 3ms, application-code: 551ms)
 GET /api/auth/get-session 200 in 30ms (next.js: 7ms, proxy.ts: 3ms, application-code: 19ms)
 GET /api/auth/organization/list 200 in 31ms (next.js: 11ms, proxy.ts: 3ms, application-code: 17ms)
 GET /portfolio?q=PORTFOLIO_ 200 in 491ms (next.js: 9ms, proxy.ts: 7ms, application-code: 476ms)
 GET /api/auth/get-session 200 in 33ms (next.js: 7ms, proxy.ts: 3ms, application-code: 23ms)
 GET /api/auth/organization/list 200 in 37ms (next.js: 17ms, proxy.ts: 4ms, application-code: 17ms)
 GET /portfolio?q=PORTFOLIO_ 307 in 103ms (next.js: 3ms, proxy.ts: 2ms, application-code: 98ms)
 GET /support?error=You%20no%20longer%20have%20access%20to%20this%20page.%20Choose%20an%20available%20section%20or%20contact%20an%20administrator. 200 in 98ms (next.js: 3ms, proxy.ts: 3ms, application-code: 92ms)
 GET /portfolio?q=PORTFOLIO_ 307 in 79ms (next.js: 6ms, proxy.ts: 4ms, application-code: 69ms)
 GET /sign-in 200 in 49ms (next.js: 6ms, proxy.ts: 1.6ms, application-code: 42ms)
{"locale":"en","developmentStyleViolations":233,"applicationErrors":0}
  ✓  34 [chromium] › e2e/portfolio-local.spec.ts:13:53 › agency portfolio › reviews 50 accounts, personal views and team workload in en (9.0s)
 GET /billing 200 in 188ms (next.js: 4ms, proxy.ts: 3ms, application-code: 180ms)
 GET /api/auth/get-session 200 in 88ms (next.js: 44ms, proxy.ts: 11ms, application-code: 32ms)
 GET /api/auth/organization/list 200 in 98ms (next.js: 47ms, proxy.ts: 11ms, application-code: 39ms)
 GET /accounts 200 in 152ms (next.js: 4ms, proxy.ts: 2ms, application-code: 146ms)
 GET /api/auth/get-session 200 in 27ms (next.js: 3ms, proxy.ts: 3ms, application-code: 21ms)
 GET /api/auth/organization/list 200 in 30ms (next.js: 17ms, proxy.ts: 3ms, application-code: 10ms)
 POST /accounts 200 in 61ms (next.js: 1.9ms, proxy.ts: 2ms, application-code: 56ms)
  └─ ƒ setCookieConsent({}) in 2ms src/app/preferences-actions.ts
 GET /accounts?selection=saved 200 in 66ms (next.js: 3ms, proxy.ts: 3ms, application-code: 60ms)
 POST /accounts 200 in 105ms (next.js: 3ms, proxy.ts: 3ms, application-code: 98ms)
  └─ ƒ updateManagedAccounts({}) in 20ms src/app/account-selection-actions.ts
 GET /accounts?selection=saved 200 in 264ms (next.js: 2.0ms, proxy.ts: 1.6ms, application-code: 261ms)
 POST /accounts?selection=saved 200 in 288ms (next.js: 3ms, proxy.ts: 3ms, application-code: 282ms)
  └─ ƒ updateManagedAccounts({}) in 10ms src/app/account-selection-actions.ts
 GET /accounts?selection=conflict 200 in 71ms (next.js: 3ms, proxy.ts: 3ms, application-code: 65ms)
 POST /accounts?selection=saved 200 in 102ms (next.js: 4ms, proxy.ts: 7ms, application-code: 91ms)
  └─ ƒ updateManagedAccounts({}) in 10ms src/app/account-selection-actions.ts
 GET /accounts?selection=saved 200 in 86ms (next.js: 4ms, proxy.ts: 4ms, application-code: 78ms)
 POST /accounts?selection=conflict 200 in 123ms (next.js: 7ms, proxy.ts: 10ms, application-code: 107ms)
  └─ ƒ updateManagedAccounts({}) in 11ms src/app/account-selection-actions.ts
 GET /accounts 200 in 111ms (next.js: 2ms, proxy.ts: 3ms, application-code: 106ms)
  ✓  35 [chromium] › e2e/prod-ready-local.spec.ts:26:44 › local production readiness regression journeys › managed account selection preserves priorities and enforces quota in fr (2.8s)
 GET /billing 200 in 154ms (next.js: 1.9ms, proxy.ts: 2ms, application-code: 150ms)
 GET /api/auth/get-session 200 in 111ms (next.js: 50ms, proxy.ts: 13ms, application-code: 48ms)
 GET /api/auth/organization/list 200 in 130ms (next.js: 56ms, proxy.ts: 13ms, application-code: 62ms)
 GET /accounts 200 in 205ms (next.js: 4ms, proxy.ts: 3ms, application-code: 197ms)
 GET /api/auth/get-session 200 in 22ms (next.js: 4ms, proxy.ts: 3ms, application-code: 16ms)
 GET /api/auth/organization/list 200 in 30ms (next.js: 7ms, proxy.ts: 3ms, application-code: 21ms)
 POST /accounts 200 in 58ms (next.js: 2ms, proxy.ts: 2ms, application-code: 54ms)
  └─ ƒ setCookieConsent({}) in 2ms src/app/preferences-actions.ts
 GET /accounts?selection=saved 200 in 93ms (next.js: 5ms, proxy.ts: 1.7ms, application-code: 86ms)
 POST /accounts 200 in 121ms (next.js: 2ms, proxy.ts: 4ms, application-code: 114ms)
  └─ ƒ updateManagedAccounts({}) in 10ms src/app/account-selection-actions.ts
 GET /accounts?selection=saved 200 in 55ms (next.js: 1.9ms, proxy.ts: 2ms, application-code: 50ms)
 POST /accounts?selection=saved 200 in 77ms (next.js: 4ms, proxy.ts: 3ms, application-code: 70ms)
  └─ ƒ updateManagedAccounts({}) in 9ms src/app/account-selection-actions.ts
 GET /accounts?selection=conflict 200 in 83ms (next.js: 2ms, proxy.ts: 3ms, application-code: 77ms)
 POST /accounts?selection=saved 200 in 107ms (next.js: 3ms, proxy.ts: 3ms, application-code: 101ms)
  └─ ƒ updateManagedAccounts({}) in 10ms src/app/account-selection-actions.ts
 GET /accounts?selection=saved 200 in 52ms (next.js: 2ms, proxy.ts: 1.9ms, application-code: 48ms)
 POST /accounts?selection=conflict 200 in 87ms (next.js: 2ms, proxy.ts: 2ms, application-code: 82ms)
  └─ ƒ updateManagedAccounts({}) in 22ms src/app/account-selection-actions.ts
 GET /accounts 200 in 116ms (next.js: 4ms, proxy.ts: 5ms, application-code: 107ms)
  ✓  36 [chromium] › e2e/prod-ready-local.spec.ts:26:44 › local production readiness regression journeys › managed account selection preserves priorities and enforces quota in en (3.8s)
 GET /dashboard?client=80000000-0000-4000-8000-000000000004 200 in 236ms (next.js: 5ms, proxy.ts: 2.0ms, application-code: 229ms)
 GET /api/auth/get-session 200 in 52ms (next.js: 11ms, proxy.ts: 4ms, application-code: 37ms)
 GET /api/auth/organization/list 200 in 60ms (next.js: 32ms, proxy.ts: 4ms, application-code: 24ms)
 POST /dashboard?client=80000000-0000-4000-8000-000000000004 200 in 134ms (next.js: 3ms, proxy.ts: 9ms, application-code: 122ms)
  └─ ƒ setCookieConsent({}) in 2ms src/app/preferences-actions.ts
 GET /dashboard?client=80000000-0000-4000-8000-000000000004 200 in 194ms (next.js: 2ms, proxy.ts: 2ms, application-code: 189ms)
 GET /api/auth/get-session 200 in 66ms (next.js: 13ms, proxy.ts: 8ms, application-code: 45ms)
 GET /api/auth/organization/list 200 in 72ms (next.js: 23ms, proxy.ts: 9ms, application-code: 41ms)
  ✓  37 [chromium] › e2e/prod-ready-local.spec.ts:91:44 › local production readiness regression journeys › pacing uses covered completed days and hides forecasts with a gap in fr (1.3s)
 GET /dashboard?client=80000000-0000-4000-8000-000000000004 200 in 188ms (next.js: 2ms, proxy.ts: 2ms, application-code: 183ms)
 GET /api/auth/get-session 200 in 23ms (next.js: 5ms, proxy.ts: 3ms, application-code: 14ms)
 GET /api/auth/organization/list 200 in 24ms (next.js: 10ms, proxy.ts: 4ms, application-code: 11ms)
 POST /dashboard?client=80000000-0000-4000-8000-000000000004 200 in 117ms (next.js: 3ms, proxy.ts: 2ms, application-code: 112ms)
  └─ ƒ setCookieConsent({}) in 2ms src/app/preferences-actions.ts
 GET /dashboard?client=80000000-0000-4000-8000-000000000004 200 in 196ms (next.js: 2ms, proxy.ts: 1.9ms, application-code: 192ms)
 GET /api/auth/get-session 200 in 29ms (next.js: 4ms, proxy.ts: 7ms, application-code: 18ms)
 GET /api/auth/organization/list 200 in 32ms (next.js: 9ms, proxy.ts: 7ms, application-code: 16ms)
  ✓  38 [chromium] › e2e/prod-ready-local.spec.ts:91:44 › local production readiness regression journeys › pacing uses covered completed days and hides forecasts with a gap in en (1.2s)
 GET /dashboard?client=80000000-0000-4000-8000-000000000005 200 in 211ms (next.js: 2ms, proxy.ts: 2ms, application-code: 206ms)
 GET /api/auth/get-session 200 in 25ms (next.js: 7ms, proxy.ts: 3ms, application-code: 15ms)
 GET /api/auth/organization/list 200 in 29ms (next.js: 10ms, proxy.ts: 4ms, application-code: 15ms)
 GET /analysis?client=80000000-0000-4000-8000-000000000005 200 in 205ms (next.js: 7ms, proxy.ts: 5ms, application-code: 193ms)
 GET /api/auth/get-session 200 in 100ms (next.js: 55ms, proxy.ts: 16ms, application-code: 29ms)
 GET /api/auth/organization/list 200 in 104ms (next.js: 62ms, proxy.ts: 15ms, application-code: 27ms)
 GET /insights?client=80000000-0000-4000-8000-000000000005 200 in 310ms (next.js: 4ms, proxy.ts: 3ms, application-code: 303ms)
 GET /api/auth/get-session 200 in 81ms (next.js: 44ms, proxy.ts: 16ms, application-code: 21ms)
 GET /api/auth/organization/list 200 in 87ms (next.js: 47ms, proxy.ts: 16ms, application-code: 24ms)
 GET /dashboard?client=80000000-0000-4000-8000-000000000005 200 in 225ms (next.js: 2ms, proxy.ts: 2ms, application-code: 221ms)
 GET /api/auth/get-session 200 in 25ms (next.js: 3ms, proxy.ts: 4ms, application-code: 18ms)
 GET /api/auth/organization/list 200 in 29ms (next.js: 8ms, proxy.ts: 3ms, application-code: 18ms)
 GET /analysis?client=80000000-0000-4000-8000-000000000005 200 in 200ms (next.js: 6ms, proxy.ts: 8ms, application-code: 186ms)
 GET /api/auth/get-session 200 in 94ms (next.js: 49ms, proxy.ts: 21ms, application-code: 24ms)
 GET /api/auth/organization/list 200 in 98ms (next.js: 53ms, proxy.ts: 21ms, application-code: 24ms)
 GET /insights?client=80000000-0000-4000-8000-000000000005 200 in 274ms (next.js: 5ms, proxy.ts: 4ms, application-code: 265ms)
 GET /api/auth/get-session 200 in 100ms (next.js: 20ms, proxy.ts: 29ms, application-code: 51ms)
 GET /api/auth/organization/list 200 in 99ms (next.js: 24ms, proxy.ts: 31ms, application-code: 43ms)
 GET /insights?client=80000000-0000-4000-8000-000000000005 200 in 241ms (next.js: 3ms, proxy.ts: 2ms, application-code: 236ms)
 GET /api/auth/get-session 200 in 30ms (next.js: 11ms, proxy.ts: 4ms, application-code: 15ms)
 GET /api/auth/organization/list 200 in 33ms (next.js: 16ms, proxy.ts: 4ms, application-code: 12ms)
 POST /insights?client=80000000-0000-4000-8000-000000000005 200 in 212ms (next.js: 2ms, proxy.ts: 2ms, application-code: 207ms)
  └─ ƒ setCookieConsent({}) in 2ms src/app/preferences-actions.ts
  ✓  39 [chromium] › e2e/prod-ready-local.spec.ts:128:44 › local production readiness regression journeys › stored analytics remain available without Google and during grace in fr (3.4s)
 GET /dashboard?client=80000000-0000-4000-8000-000000000005 200 in 212ms (next.js: 3ms, proxy.ts: 3ms, application-code: 206ms)
 GET /api/auth/get-session 200 in 37ms (next.js: 13ms, proxy.ts: 3ms, application-code: 20ms)
 GET /api/auth/organization/list 200 in 38ms (next.js: 18ms, proxy.ts: 3ms, application-code: 17ms)
 GET /analysis?client=80000000-0000-4000-8000-000000000005 200 in 245ms (next.js: 7ms, proxy.ts: 8ms, application-code: 230ms)
 GET /api/auth/get-session 200 in 105ms (next.js: 24ms, proxy.ts: 28ms, application-code: 53ms)
 GET /api/auth/organization/list 200 in 92ms (next.js: 52ms, proxy.ts: 14ms, application-code: 26ms)
 GET /insights?client=80000000-0000-4000-8000-000000000005 200 in 288ms (next.js: 2ms, proxy.ts: 3ms, application-code: 283ms)
 GET /api/auth/get-session 200 in 80ms (next.js: 43ms, proxy.ts: 15ms, application-code: 22ms)
 GET /api/auth/organization/list 200 in 86ms (next.js: 47ms, proxy.ts: 15ms, application-code: 24ms)
 GET /dashboard?client=80000000-0000-4000-8000-000000000005 200 in 244ms (next.js: 2ms, proxy.ts: 3ms, application-code: 239ms)
 GET /api/auth/get-session 200 in 32ms (next.js: 4ms, proxy.ts: 4ms, application-code: 24ms)
 GET /api/auth/organization/list 200 in 41ms (next.js: 12ms, proxy.ts: 4ms, application-code: 25ms)
 GET /analysis?client=80000000-0000-4000-8000-000000000005 200 in 235ms (next.js: 4ms, proxy.ts: 9ms, application-code: 222ms)
 GET /api/auth/get-session 200 in 99ms (next.js: 18ms, proxy.ts: 29ms, application-code: 52ms)
 GET /api/auth/organization/list 200 in 98ms (next.js: 27ms, proxy.ts: 27ms, application-code: 45ms)
 GET /insights?client=80000000-0000-4000-8000-000000000005 200 in 253ms (next.js: 6ms, proxy.ts: 4ms, application-code: 243ms)
 GET /api/auth/get-session 200 in 125ms (next.js: 31ms, proxy.ts: 33ms, application-code: 61ms)
 GET /api/auth/organization/list 200 in 124ms (next.js: 63ms, proxy.ts: 34ms, application-code: 27ms)
 GET /insights?client=80000000-0000-4000-8000-000000000005 200 in 295ms (next.js: 3ms, proxy.ts: 4ms, application-code: 289ms)
 GET /api/auth/get-session 200 in 24ms (next.js: 6ms, proxy.ts: 4ms, application-code: 14ms)
 GET /api/auth/organization/list 200 in 25ms (next.js: 10ms, proxy.ts: 4ms, application-code: 11ms)
 POST /insights?client=80000000-0000-4000-8000-000000000005 200 in 95ms (next.js: 3ms, proxy.ts: 3ms, application-code: 90ms)
  └─ ƒ setCookieConsent({}) in 2ms src/app/preferences-actions.ts
  ✓  40 [chromium] › e2e/prod-ready-local.spec.ts:128:44 › local production readiness regression journeys › stored analytics remain available without Google and during grace in en (3.4s)
 GET /dashboard?client=80000000-0000-4000-8000-000000000006 200 in 177ms (next.js: 2ms, proxy.ts: 2ms, application-code: 173ms)
 GET /api/auth/get-session 200 in 25ms (next.js: 6ms, proxy.ts: 3ms, application-code: 16ms)
 GET /api/auth/organization/list 200 in 28ms (next.js: 12ms, proxy.ts: 3ms, application-code: 14ms)
 POST /dashboard?client=80000000-0000-4000-8000-000000000006 200 in 109ms (next.js: 2ms, proxy.ts: 4ms, application-code: 103ms)
  └─ ƒ setCookieConsent({}) in 1ms src/app/preferences-actions.ts
 GET /dashboard?client=80000000-0000-4000-8000-000000000006&sync=queued 200 in 83ms (next.js: 1.9ms, proxy.ts: 1.7ms, application-code: 80ms)
 POST /dashboard?client=80000000-0000-4000-8000-000000000006 200 in 107ms (next.js: 2ms, proxy.ts: 3ms, application-code: 102ms)
  └─ ƒ refreshAnalyticalData({}) in 12ms src/app/analytical-actions.ts
 GET /dashboard?client=80000000-0000-4000-8000-000000000006&sync=pending 200 in 239ms (next.js: 3ms, proxy.ts: 1.7ms, application-code: 234ms)
 POST /dashboard?client=80000000-0000-4000-8000-000000000006&sync=queued 200 in 283ms (next.js: 3ms, proxy.ts: 3ms, application-code: 278ms)
  └─ ƒ refreshAnalyticalData({}) in 8ms src/app/analytical-actions.ts
 GET /dashboard?client=80000000-0000-4000-8000-000000000006 200 in 179ms (next.js: 2ms, proxy.ts: 2ms, application-code: 174ms)
 GET /dashboard?client=80000000-0000-4000-8000-000000000006 200 in 192ms (next.js: 2ms, proxy.ts: 3ms, application-code: 187ms)
 GET /api/auth/get-session 200 in 28ms (next.js: 6ms, proxy.ts: 3ms, application-code: 19ms)
 GET /api/auth/organization/list 200 in 34ms (next.js: 11ms, proxy.ts: 3ms, application-code: 19ms)
 GET /dashboard?client=80000000-0000-4000-8000-000000000006&sync=unavailable 200 in 106ms (next.js: 2ms, proxy.ts: 1.9ms, application-code: 102ms)
 POST /dashboard?client=80000000-0000-4000-8000-000000000006 200 in 135ms (next.js: 5ms, proxy.ts: 6ms, application-code: 125ms)
  └─ ƒ refreshAnalyticalData({}) in 8ms src/app/analytical-actions.ts
  ✓  41 [chromium] › e2e/prod-ready-local.spec.ts:180:99 › local production readiness regression journeys › analytical refresh enqueues once and handles revoked connections in fr (2.4s)
 GET /dashboard?client=80000000-0000-4000-8000-000000000006 200 in 177ms (next.js: 2ms, proxy.ts: 3ms, application-code: 172ms)
 GET /api/auth/get-session 200 in 36ms (next.js: 5ms, proxy.ts: 3ms, application-code: 29ms)
 GET /api/auth/organization/list 200 in 58ms (next.js: 10ms, proxy.ts: 3ms, application-code: 45ms)
 POST /dashboard?client=80000000-0000-4000-8000-000000000006 200 in 109ms (next.js: 3ms, proxy.ts: 6ms, application-code: 100ms)
  └─ ƒ setCookieConsent({}) in 0ms src/app/preferences-actions.ts
 GET /dashboard?client=80000000-0000-4000-8000-000000000006&sync=queued 200 in 81ms (next.js: 2ms, proxy.ts: 1.9ms, application-code: 77ms)
 POST /dashboard?client=80000000-0000-4000-8000-000000000006 200 in 104ms (next.js: 2ms, proxy.ts: 3ms, application-code: 99ms)
  └─ ƒ refreshAnalyticalData({}) in 12ms src/app/analytical-actions.ts
 GET /dashboard?client=80000000-0000-4000-8000-000000000006&sync=pending 200 in 97ms (next.js: 2ms, proxy.ts: 2ms, application-code: 93ms)
 POST /dashboard?client=80000000-0000-4000-8000-000000000006&sync=queued 200 in 117ms (next.js: 4ms, proxy.ts: 3ms, application-code: 111ms)
  └─ ƒ refreshAnalyticalData({}) in 8ms src/app/analytical-actions.ts
 GET /dashboard?client=80000000-0000-4000-8000-000000000006 200 in 202ms (next.js: 7ms, proxy.ts: 2ms, application-code: 193ms)
 GET /dashboard?client=80000000-0000-4000-8000-000000000006 200 in 168ms (next.js: 2ms, proxy.ts: 3ms, application-code: 163ms)
 GET /api/auth/get-session 200 in 32ms (next.js: 6ms, proxy.ts: 3ms, application-code: 23ms)
 GET /api/auth/organization/list 200 in 37ms (next.js: 13ms, proxy.ts: 3ms, application-code: 20ms)
 GET /dashboard?client=80000000-0000-4000-8000-000000000006&sync=unavailable 200 in 90ms (next.js: 2ms, proxy.ts: 2.0ms, application-code: 86ms)
 POST /dashboard?client=80000000-0000-4000-8000-000000000006 200 in 118ms (next.js: 7ms, proxy.ts: 5ms, application-code: 106ms)
  └─ ƒ refreshAnalyticalData({}) in 8ms src/app/analytical-actions.ts
  ✓  42 [chromium] › e2e/prod-ready-local.spec.ts:180:99 › local production readiness regression journeys › analytical refresh enqueues once and handles revoked connections in en (2.2s)
 GET /accounts 200 in 109ms (next.js: 4ms, proxy.ts: 3ms, application-code: 102ms)
 GET /api/auth/get-session 200 in 92ms (next.js: 33ms, proxy.ts: 7ms, application-code: 52ms)
 GET /api/auth/organization/list 200 in 94ms (next.js: 40ms, proxy.ts: 7ms, application-code: 46ms)
 GET /history 200 in 183ms (next.js: 9ms, proxy.ts: 12ms, application-code: 162ms)
 GET /api/auth/get-session 200 in 91ms (next.js: 50ms, proxy.ts: 5ms, application-code: 36ms)
 GET /api/auth/organization/list 200 in 115ms (next.js: 59ms, proxy.ts: 5ms, application-code: 51ms)
 GET /alerts 200 in 161ms (next.js: 9ms, proxy.ts: 4ms, application-code: 147ms)
 GET /api/auth/get-session 200 in 76ms (next.js: 9ms, proxy.ts: 3ms, application-code: 64ms)
 GET /api/auth/organization/list 200 in 83ms (next.js: 14ms, proxy.ts: 4ms, application-code: 65ms)
 GET /tasks 200 in 163ms (next.js: 26ms, proxy.ts: 4ms, application-code: 132ms)
 GET /api/auth/get-session 200 in 113ms (next.js: 52ms, proxy.ts: 4ms, application-code: 57ms)
 GET /api/auth/organization/list 200 in 149ms (next.js: 73ms, proxy.ts: 5ms, application-code: 72ms)
 GET /approvals 200 in 171ms (next.js: 8ms, proxy.ts: 4ms, application-code: 159ms)
 GET /api/auth/get-session 200 in 95ms (next.js: 25ms, proxy.ts: 6ms, application-code: 64ms)
 GET /api/auth/organization/list 200 in 99ms (next.js: 40ms, proxy.ts: 7ms, application-code: 52ms)
 GET /reports 200 in 193ms (next.js: 8ms, proxy.ts: 5ms, application-code: 181ms)
 GET /api/auth/get-session 200 in 78ms (next.js: 6ms, proxy.ts: 5ms, application-code: 67ms)
 GET /api/auth/organization/list 200 in 96ms (next.js: 33ms, proxy.ts: 5ms, application-code: 58ms)
 GET /audit 200 in 211ms (next.js: 15ms, proxy.ts: 5ms, application-code: 192ms)
 GET /accounts 200 in 110ms (next.js: 3ms, proxy.ts: 4ms, application-code: 103ms)
 GET /api/auth/get-session 200 in 87ms (next.js: 33ms, proxy.ts: 5ms, application-code: 49ms)
 GET /api/auth/organization/list 200 in 140ms (next.js: 54ms, proxy.ts: 5ms, application-code: 81ms)
 GET /history 200 in 193ms (next.js: 5ms, proxy.ts: 5ms, application-code: 183ms)
 GET /api/auth/get-session 200 in 79ms (next.js: 20ms, proxy.ts: 8ms, application-code: 50ms)
 GET /api/auth/organization/list 200 in 82ms (next.js: 27ms, proxy.ts: 17ms, application-code: 37ms)
 GET /alerts 200 in 161ms (next.js: 5ms, proxy.ts: 11ms, application-code: 146ms)
 GET /api/auth/get-session 200 in 155ms (next.js: 81ms, proxy.ts: 10ms, application-code: 64ms)
 GET /api/auth/organization/list 200 in 164ms (next.js: 76ms, proxy.ts: 20ms, application-code: 68ms)
 GET /tasks 200 in 212ms (next.js: 16ms, proxy.ts: 10ms, application-code: 186ms)
 GET /api/auth/get-session 200 in 83ms (next.js: 40ms, proxy.ts: 5ms, application-code: 39ms)
 GET /api/auth/organization/list 200 in 88ms (next.js: 62ms, proxy.ts: 5ms, application-code: 21ms)
 GET /approvals 200 in 151ms (next.js: 4ms, proxy.ts: 5ms, application-code: 142ms)
 GET /api/auth/get-session 200 in 68ms (next.js: 25ms, proxy.ts: 4ms, application-code: 40ms)
 GET /api/auth/organization/list 200 in 86ms (next.js: 43ms, proxy.ts: 4ms, application-code: 39ms)
 GET /reports 200 in 140ms (next.js: 3ms, proxy.ts: 4ms, application-code: 133ms)
  ✓  43 [chromium] › e2e/prod-ready-local.spec.ts:227:9 › local production readiness regression journeys › grace permits stored views while hiding mutations (4.4s)
 GET /api/auth/get-session 200 in 21ms (next.js: 5ms, proxy.ts: 3ms, application-code: 13ms)
 GET /api/auth/organization/list 200 in 20ms (next.js: 13ms, proxy.ts: 3ms, application-code: 4ms)
 GET /dashboard 307 in 91ms (next.js: 2ms, proxy.ts: 1.9ms, application-code: 87ms)
 GET /billing?notice=Your%20current%20access%20is%20limited%20to%20billing%20and%20stored%20data. 200 in 122ms (next.js: 5ms, proxy.ts: 1.9ms, application-code: 115ms)
 GET /dashboard 307 in 93ms (next.js: 2ms, proxy.ts: 3ms, application-code: 88ms)
 GET /support?notice=Your%20current%20access%20is%20limited%20to%20billing%20and%20stored%20data. 200 in 98ms (next.js: 4ms, proxy.ts: 1.8ms, application-code: 93ms)
 GET /dashboard 307 in 99ms (next.js: 2ms, proxy.ts: 1.8ms, application-code: 95ms)
 GET /support?notice=Your%20current%20access%20is%20limited%20to%20billing%20and%20stored%20data. 200 in 130ms (next.js: 5ms, proxy.ts: 3ms, application-code: 121ms)
  ✓  44 [chromium] › e2e/prod-ready-local.spec.ts:242:9 › local production readiness regression journeys › suspended members have an accessible recovery destination without redirect loops (1.6s)
 GET /dashboard 200 in 124ms (next.js: 3ms, proxy.ts: 2ms, application-code: 119ms)
 GET /api/auth/get-session 200 in 26ms (next.js: 7ms, proxy.ts: 3ms, application-code: 17ms)
 GET /api/auth/organization/list 200 in 30ms (next.js: 14ms, proxy.ts: 3ms, application-code: 14ms)
 POST /dashboard 200 in 98ms (next.js: 2ms, proxy.ts: 7ms, application-code: 88ms)
  └─ ƒ setCookieConsent({}) in 3ms src/app/preferences-actions.ts
 GET /settings 200 in 91ms (next.js: 19ms, proxy.ts: 2ms, application-code: 69ms)
  ✓  45 [chromium] › e2e/prod-ready-local.spec.ts:254:11 › local production readiness regression journeys › full navigation and workspace selection work at 390px in fr (860ms)
 GET /dashboard 200 in 121ms (next.js: 2ms, proxy.ts: 3ms, application-code: 116ms)
 GET /api/auth/get-session 200 in 37ms (next.js: 8ms, proxy.ts: 3ms, application-code: 26ms)
 GET /api/auth/organization/list 200 in 47ms (next.js: 19ms, proxy.ts: 3ms, application-code: 24ms)
 POST /dashboard 200 in 119ms (next.js: 13ms, proxy.ts: 8ms, application-code: 98ms)
  └─ ƒ setCookieConsent({}) in 2ms src/app/preferences-actions.ts
 GET /settings 200 in 66ms (next.js: 2ms, proxy.ts: 3ms, application-code: 61ms)
  ✓  46 [chromium] › e2e/prod-ready-local.spec.ts:254:11 › local production readiness regression journeys › full navigation and workspace selection work at 768px in fr (962ms)
 GET /dashboard 200 in 147ms (next.js: 4ms, proxy.ts: 2ms, application-code: 140ms)
 GET /api/auth/get-session 200 in 23ms (next.js: 7ms, proxy.ts: 3ms, application-code: 13ms)
 GET /api/auth/organization/list 200 in 25ms (next.js: 11ms, proxy.ts: 3ms, application-code: 11ms)
 POST /dashboard 200 in 75ms (next.js: 3ms, proxy.ts: 3ms, application-code: 68ms)
  └─ ƒ setCookieConsent({}) in 2ms src/app/preferences-actions.ts
 GET /settings 200 in 85ms (next.js: 2ms, proxy.ts: 11ms, application-code: 71ms)
  ✓  47 [chromium] › e2e/prod-ready-local.spec.ts:254:11 › local production readiness regression journeys › full navigation and workspace selection work at 390px in en (960ms)
 GET /dashboard 200 in 130ms (next.js: 4ms, proxy.ts: 3ms, application-code: 123ms)
 GET /api/auth/get-session 200 in 23ms (next.js: 6ms, proxy.ts: 3ms, application-code: 15ms)
 GET /api/auth/organization/list 200 in 25ms (next.js: 11ms, proxy.ts: 2ms, application-code: 12ms)
 POST /dashboard 200 in 69ms (next.js: 3ms, proxy.ts: 3ms, application-code: 63ms)
  └─ ƒ setCookieConsent({}) in 1ms src/app/preferences-actions.ts
 GET /settings 200 in 63ms (next.js: 3ms, proxy.ts: 3ms, application-code: 57ms)
  ✓  48 [chromium] › e2e/prod-ready-local.spec.ts:254:11 › local production readiness regression journeys › full navigation and workspace selection work at 768px in en (740ms)
 GET /dashboard 200 in 123ms (next.js: 2ms, proxy.ts: 2ms, application-code: 119ms)
 GET /api/auth/get-session 200 in 29ms (next.js: 8ms, proxy.ts: 5ms, application-code: 16ms)
 GET /api/auth/organization/list 200 in 30ms (next.js: 14ms, proxy.ts: 5ms, application-code: 12ms)
 POST /dashboard 200 in 90ms (next.js: 3ms, proxy.ts: 2ms, application-code: 85ms)
  └─ ƒ setCookieConsent({}) in 2ms src/app/preferences-actions.ts
 POST /api/auth/organization/set-active 200 in 23ms (next.js: 10ms, proxy.ts: 3ms, application-code: 10ms)
 GET /api/auth/get-session 200 in 63ms (next.js: 39ms, proxy.ts: 15ms, application-code: 9ms)
 GET /dashboard 307 in 194ms (next.js: 1.8ms, proxy.ts: 1.8ms, application-code: 190ms)
 GET /support?error=Vous%20n%E2%80%99avez%20plus%20acc%C3%A8s%20%C3%A0%20cette%20page.%20Choisissez%20une%20rubrique%20disponible%20ou%20contactez%20un%20administrateur. 200 in 139ms (next.js: 3ms, proxy.ts: 4ms, application-code: 132ms)
 GET /api/auth/get-session 200 in 36ms (next.js: 20ms, proxy.ts: 9ms, application-code: 7ms)
 GET /api/auth/organization/list 200 in 37ms (next.js: 10ms, proxy.ts: 11ms, application-code: 16ms)
 POST /api/auth/organization/set-active 200 in 19ms (next.js: 5ms, proxy.ts: 3ms, application-code: 10ms)
 GET /api/auth/get-session 200 in 71ms (next.js: 42ms, proxy.ts: 10ms, application-code: 19ms)
 GET /dashboard 200 in 128ms (next.js: 3ms, proxy.ts: 2ms, application-code: 123ms)
 GET /api/auth/get-session 200 in 30ms (next.js: 9ms, proxy.ts: 7ms, application-code: 15ms)
 GET /api/auth/organization/list 200 in 30ms (next.js: 14ms, proxy.ts: 7ms, application-code: 10ms)
  ✓  49 [chromium] › e2e/prod-ready-local.spec.ts:279:9 › local production readiness regression journeys › workspace selection switches context and permissions on mobile (1.7s)
 GET /agents 200 in 133ms (next.js: 4ms, proxy.ts: 2ms, application-code: 127ms)
  ✓  50 [chromium] › e2e/prod-ready-local.spec.ts:301:9 › local production readiness regression journeys › analysts do not see monitoring controls denied by their role (438ms)
 GET /status 200 in 102ms (next.js: 4ms, proxy.ts: 3ms, application-code: 95ms)
 GET /status 200 in 207ms (next.js: 1.9ms, proxy.ts: 2ms, application-code: 203ms)
 GET /status?status=active 200 in 29ms (next.js: 3ms, proxy.ts: 2ms, application-code: 24ms)
 GET /status/ecd30ef1-a4c6-4b74-8bb2-f1dd8416bee5 200 in 446ms (next.js: 404ms, proxy.ts: 2ms, application-code: 40ms)
 GET /status/ecd30ef1-a4c6-4b74-8bb2-f1dd8416bee5?cursor=eyJ2IjoxLCJpdiI6IjNiT2ZJUXI5UU1hTXVWNkIiLCJ0YWciOiJhZTJITzhzLWdjQkdOREt4QWVXNnpRIiwiZGF0YSI6IldwN1JTQXZPTDRFeExQZUhhSjloTlZWdngzQmhwcFFfTy1QMmI3SFF0amU2cE5qck8xcUpLTkljdUQ4blRkUTZEMFhaLVNWU2VWUmduanFvWnBNTUluaEZxdmNSOWlPcks1Q1liNnpoeW1DOHVhNk90eWZvTTJVbHkzd05MOHI5SDJsa09kMVFWM0dyemFJb2ZueWFsVWlzVEJHYmE2SlhxVnBaQ2R5VFUzU29GT1JUYkc5bW5FMHlORkhGNENEcGtXcjNBVUlJVDA0Zy1ockMxYUZScTN4ZUV4QVZ4eUlrTTl6el9aZ0xlOEZucjg5bW1Ja05pOWprRV8yV2pRd2UzZmZDNldFQUF0enpGX0o1cmZzdm1aaXhhcF90Y3Q5M2VLWVpZNG5zQnRaTzFydmRGVVE2WGcifQ 200 in 48ms (next.js: 8ms, proxy.ts: 4ms, application-code: 36ms)
 GET /status?cursor=forged 200 in 95ms (next.js: 2ms, proxy.ts: 1.8ms, application-code: 91ms)
 GET /status/31d39e7e-c454-4442-9385-b914e42d9300 404 in 104ms (next.js: 4ms, proxy.ts: 3ms, application-code: 97ms)
 GET /status/invalid 404 in 51ms (next.js: 5ms, proxy.ts: 1.9ms, application-code: 44ms)
  ✓  51 [chromium] › e2e/public-status-local.spec.ts:13:53 › truthful public status › shows unknown health and complete incident history in fr (2.6s)
 GET /status 200 in 61ms (next.js: 1.9ms, proxy.ts: 2ms, application-code: 57ms)
 GET /status 200 in 182ms (next.js: 1.8ms, proxy.ts: 2ms, application-code: 178ms)
 GET /status?status=active 200 in 68ms (next.js: 2ms, proxy.ts: 2ms, application-code: 63ms)
 GET /status/7fb89d00-487e-4988-8219-b150a9474d0a 200 in 36ms (next.js: 4ms, proxy.ts: 4ms, application-code: 28ms)
 GET /status/7fb89d00-487e-4988-8219-b150a9474d0a?cursor=eyJ2IjoxLCJpdiI6InVaNEpKNlMtU21HNS1ITFgiLCJ0YWciOiIybngtYlZyNXlaaGF6elJmb3pQQUlnIiwiZGF0YSI6ImxSaGJMaXRLX0xLd1hKVEw2enQwdlVsYnk2NWg2WGg2OUpoZHMwV3pOeUl5Q3pZdElFUGlNTnJYejFSbklDYkJVRl9KQ0h6cjV5bDBhU1BWa0REakU1a0ZpZTFCTGYwWnJ2UmswbEhvalNKWThQdFM2YnN2UzJSaFVncjF2WW02aHd0bzZBWnF5emwwUWg3ZWtrQVZhaUE4d3pEcl91TVVaT1hLNm9Kblk0NS1DdW9qbzZLRjduZXBJeDdHb3lsSUZZdS0tNW5SRjRzQWF0bHAxbzYyWHg2Wm5mUUtjaVVEZ2hXSmRBZkptUFFYQVYyODJfdjM1YWlYbE9VdDlPTzNwUTVvZUE3VTVUNUdrOU85MlJSc3VhbXB3YXduU1U1OTdsTHRJemJ4eHdpSmpOVnZQZDBqY3cifQ 200 in 35ms (next.js: 3ms, proxy.ts: 2ms, application-code: 30ms)
 GET /status?cursor=forged 200 in 59ms (next.js: 2ms, proxy.ts: 2ms, application-code: 55ms)
 GET /status/86357aa5-b52a-4fbd-8c35-afa19fb33d01 404 in 49ms (next.js: 6ms, proxy.ts: 2ms, application-code: 41ms)
 GET /status/invalid 404 in 73ms (next.js: 4ms, proxy.ts: 2ms, application-code: 67ms)
  ✓  52 [chromium] › e2e/public-status-local.spec.ts:13:53 › truthful public status › shows unknown health and complete incident history in en (1.8s)
 GET / 200 in 81ms (next.js: 3ms, proxy.ts: 2ms, application-code: 76ms)
  ✓  53 [chromium] › e2e/public.spec.ts:3:5 › public landing exposes the product proposition and account creation (689ms)
 GET /dashboard 307 in 54ms (next.js: 3ms, proxy.ts: 2ms, application-code: 49ms)
 GET /sign-in 200 in 56ms (next.js: 6ms, proxy.ts: 2ms, application-code: 48ms)
  ✓  54 [chromium] › e2e/public.spec.ts:24:5 › authenticated areas redirect anonymous visitors to sign-in (207ms)
 GET /privacy 200 in 44ms (next.js: 4ms, proxy.ts: 2ms, application-code: 38ms)
 GET /terms 200 in 42ms (next.js: 3ms, proxy.ts: 3ms, application-code: 35ms)
  ✓  55 [chromium] › e2e/public.spec.ts:30:5 › privacy and terms pages are public (501ms)
 GET /subprocessors 200 in 45ms (next.js: 3ms, proxy.ts: 2ms, application-code: 40ms)
  ✓  56 [chromium] › e2e/public.spec.ts:37:5 › the subprocessor register and change-notice policy are public (310ms)
 GET / 200 in 94ms (next.js: 2ms, proxy.ts: 3ms, application-code: 89ms)
 GET /privacy 200 in 38ms (next.js: 1.7ms, proxy.ts: 1.7ms, application-code: 35ms)
  ✓  57 [chromium] › e2e/public.spec.ts:44:5 › the public product and legal surface honor the English locale (912ms)
 GET /status 200 in 70ms (next.js: 2.0ms, proxy.ts: 2ms, application-code: 66ms)
  ✓  58 [chromium] › e2e/public.spec.ts:60:5 › public status page never claims operational health when status storage is unavailable (330ms)
 GET /reports 200 in 134ms (next.js: 4ms, proxy.ts: 1.7ms, application-code: 128ms)
 GET /api/auth/get-session 200 in 50ms (next.js: 10ms, proxy.ts: 3ms, application-code: 37ms)
 GET /api/auth/organization/list 200 in 54ms (next.js: 21ms, proxy.ts: 4ms, application-code: 29ms)
 POST /reports 200 in 95ms (next.js: 5ms, proxy.ts: 7ms, application-code: 83ms)
  └─ ƒ setCookieConsent({}) in 2ms src/app/preferences-actions.ts
 GET /reports?notice=Rapport+cr%C3%A9%C3%A9.+R%C3%A9v%C3%A9lez+son+URL+dans+les+cinq+prochaines+minutes.&reveal=report-url&revealId=a7e6d31f-63c9-48e6-9d2e-871f75f06762 200 in 84ms (next.js: 2ms, proxy.ts: 2ms, application-code: 80ms)
 POST /reports 200 in 131ms (next.js: 3ms, proxy.ts: 3ms, application-code: 125ms)
  └─ ƒ createShareLink({}) in 27ms src/app/actions.ts
 POST /api/secret-revelation 200 in 141ms (next.js: 82ms, proxy.ts: 2ms, application-code: 57ms)
 GET /r/[REDACTED]?edition=cfe2736a-fc84-47a6-8630-ba1348e8fd4b 200 in 1937ms (next.js: 1707ms, proxy.ts: 2.0ms, application-code: 228ms)
 GET /r/[REDACTED]/csv?edition=cfe2736a-fc84-47a6-8630-ba1348e8fd4b 200 in 728ms (next.js: 697ms, proxy.ts: 4ms, application-code: 27ms)
 GET /r/[REDACTED]/pdf?edition=cfe2736a-fc84-47a6-8630-ba1348e8fd4b 200 in 1092ms (next.js: 787ms, proxy.ts: 2ms, application-code: 303ms)
 GET /r/[REDACTED]?error=L%E2%80%99envoi+de+codes+email+n%E2%80%99est+pas+configur%C3%A9.&edition=cfe2736a-fc84-47a6-8630-ba1348e8fd4b 200 in 73ms (next.js: 3ms, proxy.ts: 2ms, application-code: 68ms)
 POST /r/[REDACTED]?edition=cfe2736a-fc84-47a6-8630-ba1348e8fd4b 200 in 200ms (next.js: 103ms, proxy.ts: 3ms, application-code: 95ms)
  └─ ƒ requestReportFeedbackOtp({}) in 11ms src/app/actions.ts
 GET /r/[REDACTED]?edition=cfe2736a-fc84-47a6-8630-ba1348e8fd4b&otp=1 200 in 92ms (next.js: 3ms, proxy.ts: 2ms, application-code: 87ms)
 GET /r/[REDACTED]?error=Demandez+un+nouveau+code.&otp=1&edition=cfe2736a-fc84-47a6-8630-ba1348e8fd4b 200 in 53ms (next.js: 3ms, proxy.ts: 1.9ms, application-code: 48ms)
 POST /r/[REDACTED]?edition=cfe2736a-fc84-47a6-8630-ba1348e8fd4b&otp=1 200 in 74ms (next.js: 6ms, proxy.ts: 4ms, application-code: 65ms)
  └─ ƒ verifyReportFeedbackOtp({}) in 4ms src/app/actions.ts
 GET /reports?notice=Rapport+cr%C3%A9%C3%A9.+R%C3%A9v%C3%A9lez+son+URL+dans+les+cinq+prochaines+minutes.&reveal=report-url&revealId=84107d5b-aab1-40b7-b092-c89bfede27ca 200 in 73ms (next.js: 3ms, proxy.ts: 3ms, application-code: 67ms)
 POST /reports?notice=Rapport%20cr%C3%A9%C3%A9.%20R%C3%A9v%C3%A9lez%20son%20URL%20dans%20les%20cinq%20prochaines%20minutes.&reveal=report-url&revealId=a7e6d31f-63c9-48e6-9d2e-871f75f06762 200 in 178ms (next.js: 58ms, proxy.ts: 4ms, application-code: 116ms)
  └─ ƒ createShareLink({}) in 33ms src/app/actions.ts
 POST /api/secret-revelation 200 in 39ms (next.js: 19ms, proxy.ts: 2ms, application-code: 18ms)
 GET /r/[REDACTED]?edition=db09c4ea-9a48-4cfe-aef1-dd0f42e92ef9 200 in 87ms (next.js: 5ms, proxy.ts: 2ms, application-code: 79ms)
 GET /r/[REDACTED]/csv?edition=db09c4ea-9a48-4cfe-aef1-dd0f42e92ef9 200 in 18ms (next.js: 5ms, proxy.ts: 3ms, application-code: 10ms)
 GET /r/[REDACTED]/pdf?edition=db09c4ea-9a48-4cfe-aef1-dd0f42e92ef9 200 in 101ms (next.js: 4ms, proxy.ts: 1.4ms, application-code: 96ms)
 GET /reports?notice=Rapport+cr%C3%A9%C3%A9.+R%C3%A9v%C3%A9lez+son+URL+dans+les+cinq+prochaines+minutes.&reveal=report-url&revealId=6844e699-bfc3-41fa-8677-b506b8b6c5bf 200 in 138ms (next.js: 5ms, proxy.ts: 2ms, application-code: 131ms)
 POST /reports?notice=Rapport%20cr%C3%A9%C3%A9.%20R%C3%A9v%C3%A9lez%20son%20URL%20dans%20les%20cinq%20prochaines%20minutes.&reveal=report-url&revealId=84107d5b-aab1-40b7-b092-c89bfede27ca 200 in 179ms (next.js: 3ms, proxy.ts: 3ms, application-code: 172ms)
  └─ ƒ createShareLink({}) in 22ms src/app/actions.ts
 POST /api/secret-revelation 200 in 30ms (next.js: 4ms, proxy.ts: 5ms, application-code: 22ms)
 GET /r/[REDACTED]?edition=3430dd8e-f589-4e94-a65a-10d475cc8666 200 in 152ms (next.js: 7ms, proxy.ts: 8ms, application-code: 138ms)
 GET /r/[REDACTED]/csv?edition=3430dd8e-f589-4e94-a65a-10d475cc8666 200 in 31ms (next.js: 7ms, proxy.ts: 4ms, application-code: 20ms)
 GET /r/[REDACTED]/pdf?edition=3430dd8e-f589-4e94-a65a-10d475cc8666 200 in 109ms (next.js: 5ms, proxy.ts: 3ms, application-code: 101ms)
 GET /reports?notice=Rapport+cr%C3%A9%C3%A9.+R%C3%A9v%C3%A9lez+son+URL+dans+les+cinq+prochaines+minutes.&reveal=report-url&revealId=6679b197-242b-4962-a03c-17f5aa4d53e2 200 in 91ms (next.js: 2ms, proxy.ts: 3ms, application-code: 85ms)
 POST /reports?notice=Rapport%20cr%C3%A9%C3%A9.%20R%C3%A9v%C3%A9lez%20son%20URL%20dans%20les%20cinq%20prochaines%20minutes.&reveal=report-url&revealId=6844e699-bfc3-41fa-8677-b506b8b6c5bf 200 in 134ms (next.js: 9ms, proxy.ts: 3ms, application-code: 121ms)
  └─ ƒ createShareLink({}) in 22ms src/app/actions.ts
 POST /api/secret-revelation 200 in 20ms (next.js: 3ms, proxy.ts: 3ms, application-code: 14ms)
 GET /r/[REDACTED]?edition=5d60cf08-7ad5-4724-a824-d85847b8e0ae 200 in 109ms (next.js: 6ms, proxy.ts: 2ms, application-code: 101ms)
 GET /r/[REDACTED]/csv?edition=5d60cf08-7ad5-4724-a824-d85847b8e0ae 200 in 120ms (next.js: 21ms, proxy.ts: 68ms, application-code: 31ms)
 GET /r/[REDACTED]/pdf?edition=5d60cf08-7ad5-4724-a824-d85847b8e0ae 200 in 150ms (next.js: 13ms, proxy.ts: 11ms, application-code: 127ms)
 GET /reports?notice=Rapport+cr%C3%A9%C3%A9.+R%C3%A9v%C3%A9lez+son+URL+dans+les+cinq+prochaines+minutes.&reveal=report-url&revealId=aca984a6-8be6-40a7-936e-992c9bb5e7ef 200 in 101ms (next.js: 2ms, proxy.ts: 3ms, application-code: 96ms)
 POST /reports?notice=Rapport%20cr%C3%A9%C3%A9.%20R%C3%A9v%C3%A9lez%20son%20URL%20dans%20les%20cinq%20prochaines%20minutes.&reveal=report-url&revealId=6679b197-242b-4962-a03c-17f5aa4d53e2 200 in 152ms (next.js: 5ms, proxy.ts: 5ms, application-code: 142ms)
  └─ ƒ createShareLink({}) in 29ms src/app/actions.ts
 POST /api/secret-revelation 200 in 37ms (next.js: 12ms, proxy.ts: 7ms, application-code: 17ms)
 GET /r/[REDACTED]?edition=c78e7744-dac0-44b9-802c-350bb5b5111d 200 in 176ms (next.js: 6ms, proxy.ts: 3ms, application-code: 166ms)
 GET /r/[REDACTED]/csv?edition=c78e7744-dac0-44b9-802c-350bb5b5111d 200 in 26ms (next.js: 5ms, proxy.ts: 2ms, application-code: 19ms)
 GET /r/[REDACTED]/pdf?edition=c78e7744-dac0-44b9-802c-350bb5b5111d 200 in 92ms (next.js: 5ms, proxy.ts: 2ms, application-code: 85ms)
 GET /r/[REDACTED]?edition=cfe2736a-fc84-47a6-8630-ba1348e8fd4b 200 in 103ms (next.js: 5ms, proxy.ts: 1.8ms, application-code: 97ms)
 GET /r/[REDACTED]/csv?edition=cfe2736a-fc84-47a6-8630-ba1348e8fd4b 200 in 41ms (next.js: 4ms, proxy.ts: 5ms, application-code: 32ms)
 GET /r/[REDACTED]/pdf?edition=cfe2736a-fc84-47a6-8630-ba1348e8fd4b 200 in 409ms (next.js: 7ms, proxy.ts: 5ms, application-code: 396ms)
 GET /reports?notice=R%C3%A9vision+publi%C3%A9e.+Les+%C3%A9ditions+pr%C3%A9c%C3%A9dentes+restent+inchang%C3%A9es.&reveal=report-url&revealId=eda74515-31d6-4d89-b9a2-ee2f3c48539d 200 in 85ms (next.js: 2ms, proxy.ts: 2.0ms, application-code: 81ms)
 POST /reports?notice=Rapport%20cr%C3%A9%C3%A9.%20R%C3%A9v%C3%A9lez%20son%20URL%20dans%20les%20cinq%20prochaines%20minutes.&reveal=report-url&revealId=aca984a6-8be6-40a7-936e-992c9bb5e7ef 200 in 117ms (next.js: 2ms, proxy.ts: 3ms, application-code: 112ms)
  └─ ƒ reviseReportEdition({}) in 19ms src/app/actions.ts
 POST /api/secret-revelation 200 in 17ms (next.js: 1.8ms, proxy.ts: 2ms, application-code: 13ms)
 GET /r/[REDACTED]?edition=2ec50518-465a-46ab-a631-0a85b934a334 200 in 102ms (next.js: 5ms, proxy.ts: 2.0ms, application-code: 95ms)
 GET /r/[REDACTED]/csv?edition=2ec50518-465a-46ab-a631-0a85b934a334 200 in 17ms (next.js: 5ms, proxy.ts: 3ms, application-code: 10ms)
 GET /reports?error=Les+donn%C3%A9es+compl%C3%A8tes+de+cette+p%C3%A9riode+ne+sont+pas+disponibles.+Actualisez+l%E2%80%99historique+du+compte+avant+de+publier+ce+bilan. 200 in 92ms (next.js: 2ms, proxy.ts: 1.8ms, application-code: 87ms)
 POST /reports?notice=R%C3%A9vision%20publi%C3%A9e.%20Les%20%C3%A9ditions%20pr%C3%A9c%C3%A9dentes%20restent%20inchang%C3%A9es.&reveal=report-url&revealId=eda74515-31d6-4d89-b9a2-ee2f3c48539d 200 in 116ms (next.js: 2ms, proxy.ts: 3ms, application-code: 111ms)
  └─ ƒ createShareLink({}) in 13ms src/app/actions.ts
 GET /r/[REDACTED]?edition=cfe2736a-fc84-47a6-8630-ba1348e8fd4b 200 in 103ms (next.js: 3ms, proxy.ts: 3ms, application-code: 97ms)
 GET /r/[REDACTED]/pdf?edition=cfe2736a-fc84-47a6-8630-ba1348e8fd4b 429 in 12ms (next.js: 5ms, proxy.ts: 2ms, application-code: 5ms)
 GET /r/[REDACTED]/csv?edition=cfe2736a-fc84-47a6-8630-ba1348e8fd4b 404 in 10ms (next.js: 3ms, proxy.ts: 1.4ms, application-code: 5ms)
 GET /reports 200 in 160ms (next.js: 11ms, proxy.ts: 3ms, application-code: 146ms)
  ✓  59 [chromium] › e2e/report-editions-local.spec.ts:16:53 › published report editions › creates every period and preserves HTML PDF CSV through revision in fr (11.9s)
 GET /reports 200 in 151ms (next.js: 2ms, proxy.ts: 2ms, application-code: 146ms)
 GET /api/auth/get-session 200 in 50ms (next.js: 25ms, proxy.ts: 3ms, application-code: 22ms)
 GET /api/auth/organization/list 200 in 70ms (next.js: 19ms, proxy.ts: 3ms, application-code: 48ms)
 POST /reports 200 in 83ms (next.js: 3ms, proxy.ts: 6ms, application-code: 73ms)
  └─ ƒ setCookieConsent({}) in 2ms src/app/preferences-actions.ts
 GET /reports?notice=Report+created.+Reveal+its+URL+within+the+next+five+minutes.&reveal=report-url&revealId=81433f34-19db-4315-aad7-c5fb383d2c94 200 in 69ms (next.js: 2ms, proxy.ts: 3ms, application-code: 64ms)
 POST /reports 200 in 96ms (next.js: 2ms, proxy.ts: 2ms, application-code: 92ms)
  └─ ƒ createShareLink({}) in 17ms src/app/actions.ts
 POST /api/secret-revelation 200 in 31ms (next.js: 4ms, proxy.ts: 3ms, application-code: 25ms)
 GET /r/[REDACTED]?edition=3b6208ca-e93b-423e-9a79-032f95c6fafc 200 in 91ms (next.js: 5ms, proxy.ts: 2.0ms, application-code: 84ms)
 GET /r/[REDACTED]/csv?edition=3b6208ca-e93b-423e-9a79-032f95c6fafc 200 in 18ms (next.js: 4ms, proxy.ts: 2ms, application-code: 11ms)
 GET /r/[REDACTED]/pdf?edition=3b6208ca-e93b-423e-9a79-032f95c6fafc 200 in 243ms (next.js: 4ms, proxy.ts: 2ms, application-code: 238ms)
 GET /r/[REDACTED]?error=Email+code+delivery+is+not+configured.&edition=3b6208ca-e93b-423e-9a79-032f95c6fafc 200 in 84ms (next.js: 6ms, proxy.ts: 2ms, application-code: 75ms)
 POST /r/[REDACTED]?edition=3b6208ca-e93b-423e-9a79-032f95c6fafc 200 in 143ms (next.js: 6ms, proxy.ts: 6ms, application-code: 131ms)
  └─ ƒ requestReportFeedbackOtp({}) in 34ms src/app/actions.ts
 GET /r/[REDACTED]?edition=3b6208ca-e93b-423e-9a79-032f95c6fafc&otp=1 200 in 113ms (next.js: 6ms, proxy.ts: 4ms, application-code: 103ms)
 GET /r/[REDACTED]?error=Request+a+new+code.&otp=1&edition=3b6208ca-e93b-423e-9a79-032f95c6fafc 200 in 61ms (next.js: 4ms, proxy.ts: 1.9ms, application-code: 55ms)
 POST /r/[REDACTED]?edition=3b6208ca-e93b-423e-9a79-032f95c6fafc&otp=1 200 in 83ms (next.js: 5ms, proxy.ts: 5ms, application-code: 74ms)
  └─ ƒ verifyReportFeedbackOtp({}) in 5ms src/app/actions.ts
 GET /reports?notice=Report+created.+Reveal+its+URL+within+the+next+five+minutes.&reveal=report-url&revealId=b2d1912a-bf27-44f6-a305-0e9c790d57ed 200 in 68ms (next.js: 2.0ms, proxy.ts: 1.7ms, application-code: 64ms)
 POST /reports?notice=Report%20created.%20Reveal%20its%20URL%20within%20the%20next%20five%20minutes.&reveal=report-url&revealId=81433f34-19db-4315-aad7-c5fb383d2c94 200 in 98ms (next.js: 3ms, proxy.ts: 3ms, application-code: 92ms)
  └─ ƒ createShareLink({}) in 17ms src/app/actions.ts
 POST /api/secret-revelation 200 in 17ms (next.js: 1.9ms, proxy.ts: 3ms, application-code: 13ms)
 GET /r/[REDACTED]?edition=6393f4d1-4782-43c0-b331-f4eebd8ef290 200 in 100ms (next.js: 5ms, proxy.ts: 2ms, application-code: 92ms)
 GET /r/[REDACTED]/csv?edition=6393f4d1-4782-43c0-b331-f4eebd8ef290 200 in 16ms (next.js: 3ms, proxy.ts: 2ms, application-code: 11ms)
 GET /r/[REDACTED]/pdf?edition=6393f4d1-4782-43c0-b331-f4eebd8ef290 200 in 82ms (next.js: 4ms, proxy.ts: 1.5ms, application-code: 77ms)
 GET /reports?notice=Report+created.+Reveal+its+URL+within+the+next+five+minutes.&reveal=report-url&revealId=9434aa7c-f3aa-42ca-a41e-0f319a0f5a14 200 in 96ms (next.js: 6ms, proxy.ts: 5ms, application-code: 85ms)
 POST /reports?notice=Report%20created.%20Reveal%20its%20URL%20within%20the%20next%20five%20minutes.&reveal=report-url&revealId=b2d1912a-bf27-44f6-a305-0e9c790d57ed 200 in 145ms (next.js: 3ms, proxy.ts: 3ms, application-code: 139ms)
  └─ ƒ createShareLink({}) in 30ms src/app/actions.ts
 POST /api/secret-revelation 200 in 18ms (next.js: 2ms, proxy.ts: 3ms, application-code: 13ms)
 GET /r/[REDACTED]?edition=610b65c1-3b64-4894-9e75-762d7b48657d 200 in 139ms (next.js: 4ms, proxy.ts: 2ms, application-code: 133ms)
 GET /r/[REDACTED]/csv?edition=610b65c1-3b64-4894-9e75-762d7b48657d 200 in 16ms (next.js: 4ms, proxy.ts: 2ms, application-code: 10ms)
 GET /r/[REDACTED]/pdf?edition=610b65c1-3b64-4894-9e75-762d7b48657d 200 in 84ms (next.js: 3ms, proxy.ts: 2.0ms, application-code: 79ms)
 GET /reports?notice=Report+created.+Reveal+its+URL+within+the+next+five+minutes.&reveal=report-url&revealId=15391026-2d7d-45be-a0ce-f70ba7ee3fca 200 in 81ms (next.js: 3ms, proxy.ts: 1.8ms, application-code: 76ms)
 POST /reports?notice=Report%20created.%20Reveal%20its%20URL%20within%20the%20next%20five%20minutes.&reveal=report-url&revealId=9434aa7c-f3aa-42ca-a41e-0f319a0f5a14 200 in 116ms (next.js: 4ms, proxy.ts: 4ms, application-code: 109ms)
  └─ ƒ createShareLink({}) in 19ms src/app/actions.ts
 POST /api/secret-revelation 200 in 16ms (next.js: 1.9ms, proxy.ts: 3ms, application-code: 12ms)
 GET /r/[REDACTED]?edition=f4ad5574-af12-42d7-9875-83370f3a1cba 200 in 92ms (next.js: 4ms, proxy.ts: 2ms, application-code: 86ms)
 GET /r/[REDACTED]/csv?edition=f4ad5574-af12-42d7-9875-83370f3a1cba 200 in 16ms (next.js: 4ms, proxy.ts: 2ms, application-code: 9ms)
 GET /r/[REDACTED]/pdf?edition=f4ad5574-af12-42d7-9875-83370f3a1cba 200 in 84ms (next.js: 4ms, proxy.ts: 1.9ms, application-code: 78ms)
 GET /reports?notice=Report+created.+Reveal+its+URL+within+the+next+five+minutes.&reveal=report-url&revealId=7eb88be9-17ca-482a-8628-259a97a52de6 200 in 79ms (next.js: 3ms, proxy.ts: 2ms, application-code: 74ms)
 POST /reports?notice=Report%20created.%20Reveal%20its%20URL%20within%20the%20next%20five%20minutes.&reveal=report-url&revealId=15391026-2d7d-45be-a0ce-f70ba7ee3fca 200 in 117ms (next.js: 3ms, proxy.ts: 4ms, application-code: 109ms)
  └─ ƒ createShareLink({}) in 22ms src/app/actions.ts
 POST /api/secret-revelation 200 in 21ms (next.js: 3ms, proxy.ts: 3ms, application-code: 15ms)
 GET /r/[REDACTED]?edition=d1a44fe4-d4a9-41ba-b661-bf8c10047d6c 200 in 174ms (next.js: 6ms, proxy.ts: 6ms, application-code: 162ms)
 GET /r/[REDACTED]/csv?edition=d1a44fe4-d4a9-41ba-b661-bf8c10047d6c 200 in 21ms (next.js: 4ms, proxy.ts: 3ms, application-code: 14ms)
 GET /r/[REDACTED]/pdf?edition=d1a44fe4-d4a9-41ba-b661-bf8c10047d6c 200 in 84ms (next.js: 3ms, proxy.ts: 3ms, application-code: 77ms)
 GET /r/[REDACTED]?edition=3b6208ca-e93b-423e-9a79-032f95c6fafc 200 in 88ms (next.js: 4ms, proxy.ts: 2.0ms, application-code: 82ms)
 GET /r/[REDACTED]/csv?edition=3b6208ca-e93b-423e-9a79-032f95c6fafc 200 in 28ms (next.js: 3ms, proxy.ts: 5ms, application-code: 19ms)
 GET /r/[REDACTED]/pdf?edition=3b6208ca-e93b-423e-9a79-032f95c6fafc 200 in 204ms (next.js: 4ms, proxy.ts: 1.6ms, application-code: 198ms)
 GET /reports?notice=Revision+published.+Previous+editions+remain+unchanged.&reveal=report-url&revealId=af8044a3-719e-49c8-80bc-33d6400df00c 200 in 80ms (next.js: 1.9ms, proxy.ts: 1.8ms, application-code: 77ms)
 POST /reports?notice=Report%20created.%20Reveal%20its%20URL%20within%20the%20next%20five%20minutes.&reveal=report-url&revealId=7eb88be9-17ca-482a-8628-259a97a52de6 200 in 130ms (next.js: 4ms, proxy.ts: 5ms, application-code: 121ms)
  └─ ƒ reviseReportEdition({}) in 28ms src/app/actions.ts
 POST /api/secret-revelation 200 in 33ms (next.js: 9ms, proxy.ts: 6ms, application-code: 18ms)
 GET /r/[REDACTED]?edition=d18a6745-91ff-42ae-a8f4-43d29c6614f6 200 in 107ms (next.js: 6ms, proxy.ts: 4ms, application-code: 97ms)
 GET /r/[REDACTED]/csv?edition=d18a6745-91ff-42ae-a8f4-43d29c6614f6 200 in 29ms (next.js: 4ms, proxy.ts: 4ms, application-code: 20ms)
 GET /reports?error=Les+donn%C3%A9es+compl%C3%A8tes+de+cette+p%C3%A9riode+ne+sont+pas+disponibles.+Actualisez+l%E2%80%99historique+du+compte+avant+de+publier+ce+bilan. 200 in 107ms (next.js: 3ms, proxy.ts: 2.0ms, application-code: 102ms)
 POST /reports?notice=Revision%20published.%20Previous%20editions%20remain%20unchanged.&reveal=report-url&revealId=af8044a3-719e-49c8-80bc-33d6400df00c 200 in 134ms (next.js: 2ms, proxy.ts: 2ms, application-code: 130ms)
  └─ ƒ createShareLink({}) in 14ms src/app/actions.ts
 GET /r/[REDACTED]?edition=3b6208ca-e93b-423e-9a79-032f95c6fafc 200 in 100ms (next.js: 7ms, proxy.ts: 4ms, application-code: 90ms)
 GET /r/[REDACTED]/pdf?edition=3b6208ca-e93b-423e-9a79-032f95c6fafc 429 in 16ms (next.js: 5ms, proxy.ts: 3ms, application-code: 8ms)
 GET /r/[REDACTED]/csv?edition=3b6208ca-e93b-423e-9a79-032f95c6fafc 404 in 13ms (next.js: 4ms, proxy.ts: 1.9ms, application-code: 7ms)
 GET /reports 200 in 168ms (next.js: 4ms, proxy.ts: 3ms, application-code: 160ms)
  ✓  60 [chromium] › e2e/report-editions-local.spec.ts:16:53 › published report editions › creates every period and preserves HTML PDF CSV through revision in en (7.5s)
 GET /settings 200 in 255ms (next.js: 51ms, proxy.ts: 3ms, application-code: 202ms)
 GET /api/auth/get-session 200 in 22ms (next.js: 5ms, proxy.ts: 3ms, application-code: 14ms)
 GET /api/auth/organization/list 200 in 24ms (next.js: 11ms, proxy.ts: 3ms, application-code: 10ms)
 GET /settings?notice=Workspace+language+updated. 200 in 839ms (next.js: 2ms, proxy.ts: 2.0ms, application-code: 835ms)
 POST /settings 200 in 867ms (next.js: 2ms, proxy.ts: 2ms, application-code: 862ms)
  └─ ƒ updateWorkspaceLocale({}) in 17ms src/app/actions.ts
 GET /settings?notice=Langue+de+l%E2%80%99espace+mise+%C3%A0+jour. 200 in 95ms (next.js: 3ms, proxy.ts: 3ms, application-code: 88ms)
 POST /settings?notice=Workspace%20language%20updated. 200 in 167ms (next.js: 4ms, proxy.ts: 3ms, application-code: 160ms)
  └─ ƒ updateWorkspaceLocale({}) in 14ms src/app/actions.ts
 GET /settings?notice=Politique+d%E2%80%99approbation+mise+%C3%A0+jour. 200 in 82ms (next.js: 2ms, proxy.ts: 1.5ms, application-code: 78ms)
 POST /settings?notice=Langue%20de%20l%E2%80%99espace%20mise%20%C3%A0%20jour. 200 in 103ms (next.js: 2ms, proxy.ts: 3ms, application-code: 99ms)
  └─ ƒ updateApprovalPolicy({}) in 11ms src/app/actions.ts
 GET /settings?notice=Identit%C3%A9+de+marque+enregistr%C3%A9e. 200 in 80ms (next.js: 3ms, proxy.ts: 2ms, application-code: 74ms)
 POST /settings?notice=Politique%20d%E2%80%99approbation%20mise%20%C3%A0%20jour. 200 in 105ms (next.js: 3ms, proxy.ts: 3ms, application-code: 100ms)
  └─ ƒ updateBranding({}) in 11ms src/app/actions.ts
 GET /settings?error=Capability+required%3A+approvals.dual 200 in 98ms (next.js: 2ms, proxy.ts: 2.0ms, application-code: 94ms)
 POST /settings?notice=Identit%C3%A9%20de%20marque%20enregistr%C3%A9e. 200 in 117ms (next.js: 3ms, proxy.ts: 2ms, application-code: 112ms)
  └─ ƒ updateApprovalPolicy({}) in 6ms src/app/actions.ts
 GET /settings 200 in 182ms (next.js: 2ms, proxy.ts: 1.7ms, application-code: 178ms)
 GET /api/auth/get-session 200 in 24ms (next.js: 5ms, proxy.ts: 4ms, application-code: 15ms)
 GET /api/auth/organization/list 200 in 25ms (next.js: 10ms, proxy.ts: 3ms, application-code: 12ms)
 GET /settings?error=Permission+required%3A+workspace%3Aadmin 200 in 71ms (next.js: 2ms, proxy.ts: 2ms, application-code: 66ms)
 POST /settings 200 in 95ms (next.js: 2ms, proxy.ts: 3ms, application-code: 90ms)
  └─ ƒ updateBranding({}) in 7ms src/app/actions.ts
 GET /support?error=Vous+n%E2%80%99avez+plus+acc%C3%A8s+%C3%A0+cette+page.+Choisissez+une+rubrique+disponible+ou+contactez+un+administrateur. 200 in 110ms (next.js: 43ms, proxy.ts: 2ms, application-code: 65ms)
 GET /support?error=Vous+n%E2%80%99avez+plus+acc%C3%A8s+%C3%A0+cette+page.+Choisissez+une+rubrique+disponible+ou+contactez+un+administrateur. 200 in 75ms (next.js: 7ms, proxy.ts: 7ms, application-code: 61ms)
 GET /settings 307 in 96ms (next.js: 2ms, proxy.ts: 1.7ms, application-code: 92ms)
 GET /portfolio 200 in 233ms (next.js: 68ms, proxy.ts: 2ms, application-code: 162ms)
 GET /api/auth/get-session 200 in 25ms (next.js: 8ms, proxy.ts: 3ms, application-code: 13ms)
 GET /api/auth/organization/list 200 in 27ms (next.js: 14ms, proxy.ts: 4ms, application-code: 9ms)
 GET /portfolio?view_notice=unavailable 200 in 61ms (next.js: 4ms, proxy.ts: 3ms, application-code: 55ms)
 POST /portfolio 200 in 86ms (next.js: 4ms, proxy.ts: 3ms, application-code: 79ms)
  └─ ƒ storePortfolioView({}) in 6ms src/app/portfolio-actions.ts
 GET /support?error=Vous+n%E2%80%99avez+plus+acc%C3%A8s+%C3%A0+cette+page.+Choisissez+une+rubrique+disponible+ou+contactez+un+administrateur. 200 in 153ms (next.js: 8ms, proxy.ts: 4ms, application-code: 142ms)
 GET /support?error=Vous+n%E2%80%99avez+plus+acc%C3%A8s+%C3%A0+cette+page.+Choisissez+une+rubrique+disponible+ou+contactez+un+administrateur. 200 in 112ms (next.js: 10ms, proxy.ts: 7ms, application-code: 95ms)
 GET /portfolio 307 in 86ms (next.js: 1.9ms, proxy.ts: 2ms, application-code: 82ms)
  ✓  61 [chromium] › e2e/settings-actors-local.spec.ts:6:7 › settings actor fr saves current policy and rejects downgraded or revoked forms (4.8s)
 GET /settings 200 in 282ms (next.js: 3ms, proxy.ts: 3ms, application-code: 277ms)
 GET /api/auth/get-session 200 in 30ms (next.js: 6ms, proxy.ts: 5ms, application-code: 20ms)
 GET /api/auth/organization/list 200 in 36ms (next.js: 11ms, proxy.ts: 5ms, application-code: 20ms)
 GET /settings?notice=Langue+de+l%E2%80%99espace+mise+%C3%A0+jour. 200 in 159ms (next.js: 3ms, proxy.ts: 3ms, application-code: 153ms)
 POST /settings 200 in 221ms (next.js: 18ms, proxy.ts: 7ms, application-code: 196ms)
  └─ ƒ updateWorkspaceLocale({}) in 21ms src/app/actions.ts
 GET /settings?notice=Workspace+language+updated. 200 in 128ms (next.js: 3ms, proxy.ts: 4ms, application-code: 121ms)
 POST /settings?notice=Langue%20de%20l%E2%80%99espace%20mise%20%C3%A0%20jour. 200 in 172ms (next.js: 3ms, proxy.ts: 2ms, application-code: 167ms)
  └─ ƒ updateWorkspaceLocale({}) in 17ms src/app/actions.ts
 GET /settings?notice=Approval+policy+updated. 200 in 197ms (next.js: 6ms, proxy.ts: 3ms, application-code: 188ms)
 POST /settings?notice=Workspace%20language%20updated. 200 in 247ms (next.js: 4ms, proxy.ts: 3ms, application-code: 239ms)
  └─ ƒ updateApprovalPolicy({}) in 22ms src/app/actions.ts
 GET /settings?notice=Identit%C3%A9+de+marque+enregistr%C3%A9e. 200 in 95ms (next.js: 3ms, proxy.ts: 3ms, application-code: 89ms)
 POST /settings?notice=Approval%20policy%20updated. 200 in 119ms (next.js: 3ms, proxy.ts: 4ms, application-code: 113ms)
  └─ ƒ updateBranding({}) in 8ms src/app/actions.ts
 GET /settings?error=Capability+required%3A+approvals.dual 200 in 78ms (next.js: 3ms, proxy.ts: 1.9ms, application-code: 73ms)
 POST /settings?notice=Identit%C3%A9%20de%20marque%20enregistr%C3%A9e. 200 in 103ms (next.js: 2ms, proxy.ts: 2ms, application-code: 99ms)
  └─ ƒ updateApprovalPolicy({}) in 15ms src/app/actions.ts
 GET /settings 200 in 210ms (next.js: 2ms, proxy.ts: 1.8ms, application-code: 206ms)
 GET /api/auth/get-session 200 in 65ms (next.js: 12ms, proxy.ts: 5ms, application-code: 48ms)
 GET /api/auth/organization/list 200 in 68ms (next.js: 22ms, proxy.ts: 5ms, application-code: 40ms)
 GET /settings?error=Permission+required%3A+workspace%3Aadmin 200 in 60ms (next.js: 3ms, proxy.ts: 3ms, application-code: 54ms)
 POST /settings 200 in 93ms (next.js: 4ms, proxy.ts: 3ms, application-code: 86ms)
  └─ ƒ updateBranding({}) in 7ms src/app/actions.ts
 GET /support?error=You+no+longer+have+access+to+this+page.+Choose+an+available+section+or+contact+an+administrator. 200 in 80ms (next.js: 2ms, proxy.ts: 1.9ms, application-code: 76ms)
 GET /support?error=You+no+longer+have+access+to+this+page.+Choose+an+available+section+or+contact+an+administrator. 200 in 61ms (next.js: 6ms, proxy.ts: 6ms, application-code: 50ms)
 GET /settings 307 in 96ms (next.js: 2ms, proxy.ts: 3ms, application-code: 91ms)
 GET /portfolio 200 in 153ms (next.js: 2.0ms, proxy.ts: 1.7ms, application-code: 150ms)
 GET /api/auth/get-session 200 in 23ms (next.js: 6ms, proxy.ts: 3ms, application-code: 14ms)
 GET /api/auth/organization/list 200 in 29ms (next.js: 11ms, proxy.ts: 3ms, application-code: 15ms)
 GET /portfolio?view_notice=unavailable 200 in 66ms (next.js: 2.0ms, proxy.ts: 1.7ms, application-code: 62ms)
 POST /portfolio 200 in 84ms (next.js: 2ms, proxy.ts: 2ms, application-code: 80ms)
  └─ ƒ storePortfolioView({}) in 7ms src/app/portfolio-actions.ts
 GET /support?error=You+no+longer+have+access+to+this+page.+Choose+an+available+section+or+contact+an+administrator. 200 in 74ms (next.js: 2ms, proxy.ts: 1.9ms, application-code: 70ms)
 GET /support?error=You+no+longer+have+access+to+this+page.+Choose+an+available+section+or+contact+an+administrator. 200 in 55ms (next.js: 5ms, proxy.ts: 4ms, application-code: 45ms)
 GET /portfolio 307 in 82ms (next.js: 2ms, proxy.ts: 2ms, application-code: 78ms)
  ✓  62 [chromium] › e2e/settings-actors-local.spec.ts:6:7 › settings actor en saves current policy and rejects downgraded or revoked forms (3.9s)
 GET /tasks 200 in 173ms (next.js: 48ms, proxy.ts: 3ms, application-code: 122ms)
 GET /api/auth/get-session 200 in 21ms (next.js: 5ms, proxy.ts: 3ms, application-code: 13ms)
 GET /api/auth/organization/list 200 in 23ms (next.js: 10ms, proxy.ts: 3ms, application-code: 10ms)
 GET /tasks?notice=T%C3%A2che+cr%C3%A9%C3%A9e. 200 in 88ms (next.js: 2.0ms, proxy.ts: 1.7ms, application-code: 84ms)
 POST /tasks 200 in 109ms (next.js: 2ms, proxy.ts: 3ms, application-code: 104ms)
  └─ ƒ createWorkspaceTask({}) in 10ms src/app/actions.ts
 GET /tasks?id=537c2e4b-982d-403a-a832-336b16981b3b 200 in 157ms (next.js: 2ms, proxy.ts: 3ms, application-code: 152ms)
 GET /api/auth/get-session 200 in 33ms (next.js: 9ms, proxy.ts: 4ms, application-code: 20ms)
 GET /api/auth/organization/list 200 in 34ms (next.js: 15ms, proxy.ts: 4ms, application-code: 15ms)
 GET /tasks?notice=T%C3%A2che+mise+%C3%A0+jour.&id=537c2e4b-982d-403a-a832-336b16981b3b 200 in 69ms (next.js: 2ms, proxy.ts: 1.7ms, application-code: 65ms)
 POST /tasks?id=537c2e4b-982d-403a-a832-336b16981b3b 200 in 98ms (next.js: 5ms, proxy.ts: 3ms, application-code: 89ms)
  └─ ƒ updateWorkspaceTask({}) in 12ms src/app/actions.ts
 GET /tasks?notice=T%C3%A2che+mise+%C3%A0+jour.&id=537c2e4b-982d-403a-a832-336b16981b3b 200 in 76ms (next.js: 2.0ms, proxy.ts: 1.8ms, application-code: 72ms)
 POST /tasks?notice=T%C3%A2che%20mise%20%C3%A0%20jour.&id=537c2e4b-982d-403a-a832-336b16981b3b 200 in 94ms (next.js: 1.9ms, proxy.ts: 2ms, application-code: 90ms)
  └─ ƒ updateWorkspaceTask({}) in 9ms src/app/actions.ts
 GET /tasks?notice=T%C3%A2che+mise+%C3%A0+jour.&id=537c2e4b-982d-403a-a832-336b16981b3b 200 in 67ms (next.js: 2ms, proxy.ts: 1.7ms, application-code: 63ms)
 POST /tasks?notice=T%C3%A2che%20mise%20%C3%A0%20jour.&id=537c2e4b-982d-403a-a832-336b16981b3b 200 in 84ms (next.js: 2.0ms, proxy.ts: 2ms, application-code: 80ms)
  └─ ƒ updateWorkspaceTask({}) in 9ms src/app/actions.ts
 GET /tasks?notice=T%C3%A2che+mise+%C3%A0+jour.&id=537c2e4b-982d-403a-a832-336b16981b3b 200 in 82ms (next.js: 1.9ms, proxy.ts: 1.7ms, application-code: 78ms)
 POST /tasks?notice=T%C3%A2che%20mise%20%C3%A0%20jour.&id=537c2e4b-982d-403a-a832-336b16981b3b 200 in 100ms (next.js: 1.9ms, proxy.ts: 2ms, application-code: 96ms)
  └─ ƒ updateWorkspaceTask({}) in 9ms src/app/actions.ts
 GET /tasks?notice=T%C3%A2che+mise+%C3%A0+jour.&id=537c2e4b-982d-403a-a832-336b16981b3b 200 in 64ms (next.js: 1.9ms, proxy.ts: 1.6ms, application-code: 61ms)
 POST /tasks?notice=T%C3%A2che%20mise%20%C3%A0%20jour.&id=537c2e4b-982d-403a-a832-336b16981b3b 200 in 82ms (next.js: 1.9ms, proxy.ts: 2ms, application-code: 77ms)
  └─ ƒ updateWorkspaceTask({}) in 8ms src/app/actions.ts
 GET /tasks?notice=T%C3%A2che+mise+%C3%A0+jour.&id=537c2e4b-982d-403a-a832-336b16981b3b 200 in 73ms (next.js: 1.9ms, proxy.ts: 1.7ms, application-code: 70ms)
 POST /tasks?notice=T%C3%A2che%20mise%20%C3%A0%20jour.&id=537c2e4b-982d-403a-a832-336b16981b3b 200 in 91ms (next.js: 1.9ms, proxy.ts: 2ms, application-code: 87ms)
  └─ ƒ updateWorkspaceTask({}) in 9ms src/app/actions.ts
 GET /tasks?notice=T%C3%A2che+mise+%C3%A0+jour.&id=537c2e4b-982d-403a-a832-336b16981b3b 200 in 69ms (next.js: 2ms, proxy.ts: 1.7ms, application-code: 65ms)
 POST /tasks?notice=T%C3%A2che%20mise%20%C3%A0%20jour.&id=537c2e4b-982d-403a-a832-336b16981b3b 200 in 86ms (next.js: 2.0ms, proxy.ts: 2ms, application-code: 82ms)
  └─ ƒ updateWorkspaceTask({}) in 8ms src/app/actions.ts
 GET /tasks?error=Transition+de+t%C3%A2che+interdite+%3A+done+%E2%86%92+start.&id=537c2e4b-982d-403a-a832-336b16981b3b 200 in 86ms (next.js: 2.0ms, proxy.ts: 1.7ms, application-code: 83ms)
 POST /tasks?notice=T%C3%A2che%20mise%20%C3%A0%20jour.&id=537c2e4b-982d-403a-a832-336b16981b3b 200 in 105ms (next.js: 3ms, proxy.ts: 2ms, application-code: 100ms)
  └─ ƒ updateWorkspaceTask({}) in 8ms src/app/actions.ts
 GET /tasks?error=Permission+required%3A+tasks%3Amanage&id=537c2e4b-982d-403a-a832-336b16981b3b 200 in 65ms (next.js: 1.9ms, proxy.ts: 2ms, application-code: 61ms)
 POST /tasks?error=Transition%20de%20t%C3%A2che%20interdite%20%3A%20done%20%E2%86%92%20start.&id=537c2e4b-982d-403a-a832-336b16981b3b 200 in 80ms (next.js: 2ms, proxy.ts: 2ms, application-code: 75ms)
  └─ ƒ updateWorkspaceTask({}) in 5ms src/app/actions.ts
 GET /tasks?notice=Commentaire+ajout%C3%A9.&id=537c2e4b-982d-403a-a832-336b16981b3b 200 in 72ms (next.js: 2ms, proxy.ts: 1.7ms, application-code: 68ms)
 POST /tasks?error=Permission%20required%3A%20tasks%3Amanage&id=537c2e4b-982d-403a-a832-336b16981b3b 200 in 90ms (next.js: 2ms, proxy.ts: 2ms, application-code: 86ms)
  └─ ƒ addWorkspaceTaskComment({}) in 8ms src/app/actions.ts
 GET /tasks?error=Workspace+access+state+does+not+allow%3A+tasks%3Acomment&id=537c2e4b-982d-403a-a832-336b16981b3b 200 in 65ms (next.js: 2ms, proxy.ts: 2ms, application-code: 60ms)
 POST /tasks?notice=Commentaire%20ajout%C3%A9.&id=537c2e4b-982d-403a-a832-336b16981b3b 200 in 85ms (next.js: 3ms, proxy.ts: 3ms, application-code: 78ms)
  └─ ƒ addWorkspaceTaskComment({}) in 6ms src/app/actions.ts
 GET /tasks?id=537c2e4b-982d-403a-a832-336b16981b3b 200 in 141ms (next.js: 1.9ms, proxy.ts: 2ms, application-code: 137ms)
 GET /api/auth/get-session 200 in 21ms (next.js: 5ms, proxy.ts: 3ms, application-code: 14ms)
 GET /api/auth/organization/list 200 in 24ms (next.js: 9ms, proxy.ts: 3ms, application-code: 12ms)
  ✓  63 [chromium] › e2e/task-actors-local.spec.ts:6:7 › task actor fr creates, transitions, comments and rejects stale controls (3.7s)
 GET /tasks 200 in 140ms (next.js: 2ms, proxy.ts: 3ms, application-code: 135ms)
 GET /api/auth/get-session 200 in 21ms (next.js: 5ms, proxy.ts: 3ms, application-code: 13ms)
 GET /api/auth/organization/list 200 in 22ms (next.js: 10ms, proxy.ts: 3ms, application-code: 8ms)
 GET /tasks?notice=T%C3%A2che+cr%C3%A9%C3%A9e. 200 in 85ms (next.js: 2ms, proxy.ts: 1.8ms, application-code: 81ms)
 POST /tasks 200 in 102ms (next.js: 2ms, proxy.ts: 2ms, application-code: 98ms)
  └─ ƒ createWorkspaceTask({}) in 6ms src/app/actions.ts
 GET /tasks?id=b316169c-d317-4e4d-a3f0-e4a1855725d7 200 in 138ms (next.js: 2ms, proxy.ts: 1.9ms, application-code: 134ms)
 GET /api/auth/get-session 200 in 26ms (next.js: 5ms, proxy.ts: 3ms, application-code: 18ms)
 GET /api/auth/organization/list 200 in 28ms (next.js: 11ms, proxy.ts: 3ms, application-code: 14ms)
 GET /tasks?notice=T%C3%A2che+mise+%C3%A0+jour.&id=b316169c-d317-4e4d-a3f0-e4a1855725d7 200 in 91ms (next.js: 3ms, proxy.ts: 2ms, application-code: 86ms)
 POST /tasks?id=b316169c-d317-4e4d-a3f0-e4a1855725d7 200 in 111ms (next.js: 2ms, proxy.ts: 3ms, application-code: 105ms)
  └─ ƒ updateWorkspaceTask({}) in 8ms src/app/actions.ts
 GET /tasks?notice=T%C3%A2che+mise+%C3%A0+jour.&id=b316169c-d317-4e4d-a3f0-e4a1855725d7 200 in 67ms (next.js: 2.0ms, proxy.ts: 1.8ms, application-code: 63ms)
 POST /tasks?notice=T%C3%A2che%20mise%20%C3%A0%20jour.&id=b316169c-d317-4e4d-a3f0-e4a1855725d7 200 in 84ms (next.js: 2.0ms, proxy.ts: 2.0ms, application-code: 80ms)
  └─ ƒ updateWorkspaceTask({}) in 8ms src/app/actions.ts
 GET /tasks?notice=T%C3%A2che+mise+%C3%A0+jour.&id=b316169c-d317-4e4d-a3f0-e4a1855725d7 200 in 87ms (next.js: 2.0ms, proxy.ts: 3ms, application-code: 83ms)
 POST /tasks?notice=T%C3%A2che%20mise%20%C3%A0%20jour.&id=b316169c-d317-4e4d-a3f0-e4a1855725d7 200 in 107ms (next.js: 2ms, proxy.ts: 3ms, application-code: 102ms)
  └─ ƒ updateWorkspaceTask({}) in 9ms src/app/actions.ts
 GET /tasks?notice=T%C3%A2che+mise+%C3%A0+jour.&id=b316169c-d317-4e4d-a3f0-e4a1855725d7 200 in 80ms (next.js: 2.0ms, proxy.ts: 1.6ms, application-code: 77ms)
 POST /tasks?notice=T%C3%A2che%20mise%20%C3%A0%20jour.&id=b316169c-d317-4e4d-a3f0-e4a1855725d7 200 in 98ms (next.js: 2ms, proxy.ts: 2ms, application-code: 94ms)
  └─ ƒ updateWorkspaceTask({}) in 9ms src/app/actions.ts
 GET /tasks?notice=T%C3%A2che+mise+%C3%A0+jour.&id=b316169c-d317-4e4d-a3f0-e4a1855725d7 200 in 76ms (next.js: 1.8ms, proxy.ts: 1.6ms, application-code: 72ms)
 POST /tasks?notice=T%C3%A2che%20mise%20%C3%A0%20jour.&id=b316169c-d317-4e4d-a3f0-e4a1855725d7 200 in 93ms (next.js: 2.0ms, proxy.ts: 1.9ms, application-code: 89ms)
  └─ ƒ updateWorkspaceTask({}) in 8ms src/app/actions.ts
 GET /tasks?notice=T%C3%A2che+mise+%C3%A0+jour.&id=b316169c-d317-4e4d-a3f0-e4a1855725d7 200 in 70ms (next.js: 1.9ms, proxy.ts: 1.7ms, application-code: 66ms)
 POST /tasks?notice=T%C3%A2che%20mise%20%C3%A0%20jour.&id=b316169c-d317-4e4d-a3f0-e4a1855725d7 200 in 87ms (next.js: 2ms, proxy.ts: 2ms, application-code: 83ms)
  └─ ƒ updateWorkspaceTask({}) in 8ms src/app/actions.ts
 GET /tasks?notice=T%C3%A2che+mise+%C3%A0+jour.&id=b316169c-d317-4e4d-a3f0-e4a1855725d7 200 in 76ms (next.js: 2ms, proxy.ts: 1.6ms, application-code: 72ms)
 POST /tasks?notice=T%C3%A2che%20mise%20%C3%A0%20jour.&id=b316169c-d317-4e4d-a3f0-e4a1855725d7 200 in 100ms (next.js: 2ms, proxy.ts: 2ms, application-code: 95ms)
  └─ ƒ updateWorkspaceTask({}) in 7ms src/app/actions.ts
 GET /tasks?error=Transition+de+t%C3%A2che+interdite+%3A+done+%E2%86%92+start.&id=b316169c-d317-4e4d-a3f0-e4a1855725d7 200 in 66ms (next.js: 2.0ms, proxy.ts: 1.5ms, application-code: 63ms)
 POST /tasks?notice=T%C3%A2che%20mise%20%C3%A0%20jour.&id=b316169c-d317-4e4d-a3f0-e4a1855725d7 200 in 83ms (next.js: 3ms, proxy.ts: 1.9ms, application-code: 79ms)
  └─ ƒ updateWorkspaceTask({}) in 7ms src/app/actions.ts
 GET /tasks?error=Permission+required%3A+tasks%3Amanage&id=b316169c-d317-4e4d-a3f0-e4a1855725d7 200 in 366ms (next.js: 36ms, proxy.ts: 107ms, application-code: 223ms)
 POST /tasks?error=Transition%20de%20t%C3%A2che%20interdite%20%3A%20done%20%E2%86%92%20start.&id=b316169c-d317-4e4d-a3f0-e4a1855725d7 200 in 387ms (next.js: 2ms, proxy.ts: 2ms, application-code: 382ms)
  └─ ƒ updateWorkspaceTask({}) in 8ms src/app/actions.ts
 GET /tasks?notice=Commentaire+ajout%C3%A9.&id=b316169c-d317-4e4d-a3f0-e4a1855725d7 200 in 71ms (next.js: 3ms, proxy.ts: 1.9ms, application-code: 66ms)
 POST /tasks?error=Permission%20required%3A%20tasks%3Amanage&id=b316169c-d317-4e4d-a3f0-e4a1855725d7 200 in 95ms (next.js: 4ms, proxy.ts: 3ms, application-code: 88ms)
  └─ ƒ addWorkspaceTaskComment({}) in 9ms src/app/actions.ts
 GET /tasks?error=Workspace+access+state+does+not+allow%3A+tasks%3Acomment&id=b316169c-d317-4e4d-a3f0-e4a1855725d7 200 in 61ms (next.js: 2ms, proxy.ts: 1.8ms, application-code: 57ms)
 POST /tasks?notice=Commentaire%20ajout%C3%A9.&id=b316169c-d317-4e4d-a3f0-e4a1855725d7 200 in 75ms (next.js: 2ms, proxy.ts: 1.9ms, application-code: 71ms)
  └─ ƒ addWorkspaceTaskComment({}) in 4ms src/app/actions.ts
 GET /tasks?id=b316169c-d317-4e4d-a3f0-e4a1855725d7 200 in 145ms (next.js: 2ms, proxy.ts: 2ms, application-code: 140ms)
 GET /api/auth/get-session 200 in 33ms (next.js: 6ms, proxy.ts: 3ms, application-code: 24ms)
 GET /api/auth/organization/list 200 in 37ms (next.js: 14ms, proxy.ts: 4ms, application-code: 20ms)
  ✓  64 [chromium] › e2e/task-actors-local.spec.ts:6:7 › task actor en creates, transitions, comments and rejects stale controls (4.2s)
 GET /audit?q=COLL_AUDIT_ 200 in 186ms (next.js: 33ms, proxy.ts: 1.8ms, application-code: 151ms)
 GET /api/auth/get-session 200 in 26ms (next.js: 6ms, proxy.ts: 3ms, application-code: 17ms)
 GET /api/auth/organization/list 200 in 31ms (next.js: 10ms, proxy.ts: 4ms, application-code: 16ms)
 GET /audit?q=COLL_AUDIT_&cursor=eyJ2IjoxLCJpdiI6ImNKNnhTTzVKS014ajMtbjciLCJ0YWciOiJGTHRGNi1LT0Uza1FSSU1DcFdpQW5nIiwiZGF0YSI6IkV4bXFKUEdmV0kzN2NjSktxVlYwTWFNbXBmTUFYSWxwNHJhYlhlRWJuLVpKdk11ZmNHT2tzYXozNUNUeFB2ZVpOVndBbWp4UlYtREZWNVZaRUNEZ0xldFlJdW9vaTliaXJRQVBwb2RTMkx4ZkhKZV9BUVhlZEUzVkdLeTIwb0RrNGowZnF5SEJlZEdrMzcxN1ZrUVU5b1RvcUg3QUNDVXJGNHRFakhyakVUaHlxUDAxdk1CU1dUVlZmei1aY2hIeDFUU2NLQjFFLTlZUHFQYUJmS3lpN0U4bklwWkZ3dUQ1T01jdHctWmpPcEFhZEtqUXN4akFnZWU1NGVjLVd3NjJRSl9WQjI1dDVwVGsxcGNvZEhORmhrNHktcDVienllNzNjLVpsZzg4dllPQklRT1dZUEJ0S2cifQ 200 in 142ms (next.js: 15ms, proxy.ts: 12ms, application-code: 115ms)
 POST /audit?q=COLL_AUDIT_ 200 in 250ms (next.js: 4ms, proxy.ts: 3ms, application-code: 243ms)
  └─ ƒ setCookieConsent({}) in 2ms src/app/preferences-actions.ts
 GET /audit?q=COLL_AUDIT_&cursor=eyJ2IjoxLCJpdiI6ImNKNnhTTzVKS014ajMtbjciLCJ0YWciOiJGTHRGNi1LT0Uza1FSSU1DcFdpQW5nIiwiZGF0YSI6IkV4bXFKUEdmV0kzN2NjSktxVlYwTWFNbXBmTUFYSWxwNHJhYlhlRWJuLVpKdk11ZmNHT2tzYXozNUNUeFB2ZVpOVndBbWp4UlYtREZWNVZaRUNEZ0xldFlJdW9vaTliaXJRQVBwb2RTMkx4ZkhKZV9BUVhlZEUzVkdLeTIwb0RrNGowZnF5SEJlZEdrMzcxN1ZrUVU5b1RvcUg3QUNDVXJGNHRFakhyakVUaHlxUDAxdk1CU1dUVlZmei1aY2hIeDFUU2NLQjFFLTlZUHFQYUJmS3lpN0U4bklwWkZ3dUQ1T01jdHctWmpPcEFhZEtqUXN4akFnZWU1NGVjLVd3NjJRSl9WQjI1dDVwVGsxcGNvZEhORmhrNHktcDVienllNzNjLVpsZzg4dllPQklRT1dZUEJ0S2cifQ 200 in 91ms (next.js: 4ms, proxy.ts: 4ms, application-code: 83ms)
 GET /audit?q=COLL_AUDIT_001 200 in 123ms (next.js: 3ms, proxy.ts: 3ms, application-code: 117ms)
 GET /api/auth/get-session 200 in 431ms (next.js: 66ms, proxy.ts: 8ms, application-code: 357ms)
 GET /api/auth/organization/list 200 in 439ms (next.js: 70ms, proxy.ts: 9ms, application-code: 360ms)
 GET /tasks?q=COLL_TASK_ 200 in 511ms (next.js: 2ms, proxy.ts: 3ms, application-code: 507ms)
 GET /api/auth/get-session 200 in 48ms (next.js: 5ms, proxy.ts: 6ms, application-code: 37ms)
 GET /api/auth/organization/list 200 in 50ms (next.js: 15ms, proxy.ts: 6ms, application-code: 29ms)
 GET /tasks?q=COLL_TASK_&status=open&cursor=eyJ2IjoxLCJpdiI6ImJvb0pYTktncE1Mc0dIbWkiLCJ0YWciOiJxSTBUY1pYSVhPMDJxR1UySlNCQzN3IiwiZGF0YSI6Im1rSVZkejUxTzdwOGR1NHlDWmpyM3FlSFpwNlk1TWo5QnNaVXY5SDZkTGh1NHdTWURXS2I5Q190SkFqZklSNjViUVM4U0FOWW4xUXN1YjU4R3E3eVdaYkNZQ251MGdGYW05WlppT0ltZFJ4ZU91dmFoV3FSSjBuOXFUVEowNll6MkNfa3d6YVI4dUpDVzJhZFhjd1U1Ymk2UlBHUGRPcTZJTDVQVTZabmc0Y1dmVmtvN1dkdWhBT3p6SVl5ZWlDb1R1MUdVUEotLXZGY2FsNHRpTEh4QUZfaUJIY3ZyYmZidjNLUG10UHp6WXRGQTBIQlNvY3Q4c054anM4SHI0bzVha1hCUVN6bXBrWUlsZnJYVWU3NFRPbXk0eklDVy12TmVQOWVsejdHM2FiN1ZjODdKOTNKZGcifQ 200 in 188ms (next.js: 5ms, proxy.ts: 3ms, application-code: 181ms)
 GET /tasks?q=COLL_TASK_001&status=open 200 in 171ms (next.js: 2ms, proxy.ts: 2ms, application-code: 167ms)
 GET /api/auth/get-session 200 in 23ms (next.js: 6ms, proxy.ts: 6ms, application-code: 11ms)
 GET /api/auth/organization/list 200 in 24ms (next.js: 10ms, proxy.ts: 7ms, application-code: 8ms)
 GET /tasks?notice=Commentaire+ajout%C3%A9.&id=c7cb610a-95bc-487c-8e86-f3c53c8a562a 200 in 76ms (next.js: 2ms, proxy.ts: 1.8ms, application-code: 72ms)
 POST /tasks?q=COLL_TASK_001&status=open 200 in 102ms (next.js: 4ms, proxy.ts: 3ms, application-code: 94ms)
  └─ ƒ addWorkspaceTaskComment({}) in 9ms src/app/actions.ts
 GET /discussions/tasks/c7cb610a-95bc-487c-8e86-f3c53c8a562a 200 in 127ms (next.js: 58ms, proxy.ts: 2ms, application-code: 66ms)
 GET /discussions/tasks/c7cb610a-95bc-487c-8e86-f3c53c8a562a?cursor=eyJ2IjoxLCJpdiI6IkFyeVltYlJVOWcyakJfdnAiLCJ0YWciOiJqQkZZcjM5cndQeXRndmJVeXRfTFlnIiwiZGF0YSI6IjBZQXp2aEFrUDljR2E3VnAtdGZSVjRSOTBjMmw4R1dMMkItTFY4bWw1a3AwOElDNXdic1NmdGVTU1lwLWQteHA1TWNCWUpqMDlMQTdXdmZUVUh2V0h5bHJMMnd5X3BSbkVoSEJwdThzWWl2VUZIV09KNDJyMXYycEVFN2dqRS1SVk5zVjI1cl9BM2dsQUVQbVNuUDRTZU9NWWtVUlhQbVQwSWI0N1Q5Nm5qRW1NYUp1dldhWlNRM3g1YXQ3U0lud3l4THRKczVTdFhacTdCTGZWWmVPRVhwd0l2bG5LTnNoVVM2UnNVX3phd2NoUHVub2xyRUxSZ3dzdElqR1VESjBRdFZ0dUZEYlctamdFXzh6VndMMXJsdFpLZ2RaMnlLQTY2QnZIV2tEbnE2Z2w2VVQtaG04NXcifQ 200 in 62ms (next.js: 7ms, proxy.ts: 5ms, application-code: 50ms)
 GET /discussions/tasks/c7cb610a-95bc-487c-8e86-f3c53c8a562a?q=COLL_MESSAGE_001 200 in 117ms (next.js: 3ms, proxy.ts: 2ms, application-code: 112ms)
 GET /api/auth/get-session 200 in 438ms (next.js: 8ms, proxy.ts: 17ms, application-code: 414ms)
 GET /api/auth/organization/list 200 in 446ms (next.js: 22ms, proxy.ts: 16ms, application-code: 408ms)
 GET /alerts?q=COLL_ALERT_ 200 in 648ms (next.js: 44ms, proxy.ts: 6ms, application-code: 597ms)
 GET /api/auth/get-session 200 in 20ms (next.js: 4ms, proxy.ts: 3ms, application-code: 14ms)
 GET /api/auth/organization/list 200 in 21ms (next.js: 7ms, proxy.ts: 3ms, application-code: 11ms)
 GET /alerts?q=COLL_ALERT_&cursor=eyJ2IjoxLCJpdiI6ImZnekNRMXdFZEFHNG9HdEgiLCJ0YWciOiIta3RkOFdIc21qVG1scTdkbjlWQmlRIiwiZGF0YSI6Il9uQmNDemc5Ym8yanQ4bWkyWkwxNVE2c29NWGZPZ0IteS01X0luS0E0SmJvVHFacWJPZncwV0RDLUVDQmtfcDJhQTBxSjdCa3hJNk9ybWxxdFRGcjNUaFFPRWdxV2ZuLU9UR0dIVVJGUzBkUHd6V3NxY3RRQW10OXFPVWx4YjZ3NkNIWGlDNjczOWFtTE81aDJqVWlKakRLRktQX1JCclFQSTlwWVJ1d1JOZlI3UHI5V2haZjhpSldFSmR3NzNIRDVkMTdqTm5UNmpiZDlxV1RUNHV5bTZRd0tTUDM0aXlodTZ6Tm95TDVXWVlnalVEeUtKRVBWelI0SFdjc0NLWFhCOGcxdERPeFA5RUEyWnhoaDh5cHk3VlhBRU1JWk11bHpDWWowV1lzODJfVHRieXZlempGTkEifQ 200 in 118ms (next.js: 2ms, proxy.ts: 3ms, application-code: 112ms)
 GET /alerts?q=COLL_ALERT_001&status= 200 in 137ms (next.js: 2ms, proxy.ts: 2ms, application-code: 132ms)
 GET /api/auth/get-session 200 in 56ms (next.js: 7ms, proxy.ts: 3ms, application-code: 46ms)
 GET /api/auth/organization/list 200 in 83ms (next.js: 11ms, proxy.ts: 3ms, application-code: 68ms)
 GET /approvals?q=COLL_APPROVAL_ 200 in 453ms (next.js: 48ms, proxy.ts: 2ms, application-code: 403ms)
 GET /api/auth/get-session 200 in 23ms (next.js: 5ms, proxy.ts: 3ms, application-code: 15ms)
 GET /api/auth/organization/list 200 in 26ms (next.js: 9ms, proxy.ts: 3ms, application-code: 14ms)
 GET /approvals?q=COLL_APPROVAL_&cursor=eyJ2IjoxLCJpdiI6ImVBUktrUDh1V1kyMTdPdWwiLCJ0YWciOiJrYlhjc2lSeWdiVmJld0xlcWNZMktnIiwiZGF0YSI6IkNBemFNRUo5WlNWM0lZazVuYmtHWlJsV1E1cXNzNS0zdFpLM0xDTVN5YjRfZ3lpU1lpTXVwbW9wdXptV1JsMl9YNVhYLUpkSTVQUEN0WUNRbWxSSjFVZEVDYXVyTWVobERodzdUUVg3aHdheXRFWXdoMUhzZzNqaTVvanlRbXZvT2J2ZlpIRnphdmdfQ2FVWmRwRnFjbVZ6WDFOVkNFQ2s5WjNnUFBaX0JBTmxHd1hyN081U0FBOElDR0Q5S1MwNEJJR3VEcmwwSUQ0clhhM1ZxeWhlcXQteGN4akZEazNZdFktbXhIc0QzYUdJLVhvWDdKM2xZYldFdjMtSDkyYXZhU0R4Y21Ic1R1YU9kZjYzbm5LVTB1NFR0a0NHU1BhcFJjeG1JNWFFWUtlLWVnWEdCTUwyRGcifQ 200 in 98ms (next.js: 3ms, proxy.ts: 2.0ms, application-code: 93ms)
 GET /approvals?q=COLL_APPROVAL_001&status= 200 in 131ms (next.js: 2.0ms, proxy.ts: 1.9ms, application-code: 127ms)
 GET /api/auth/get-session 200 in 89ms (next.js: 44ms, proxy.ts: 11ms, application-code: 35ms)
 GET /api/auth/organization/list 200 in 263ms (next.js: 48ms, proxy.ts: 11ms, application-code: 205ms)
 GET /support?q=COLL_SUPPORT_ 200 in 329ms (next.js: 4ms, proxy.ts: 2ms, application-code: 322ms)
 GET /api/auth/get-session 200 in 30ms (next.js: 9ms, proxy.ts: 4ms, application-code: 18ms)
 GET /api/auth/organization/list 200 in 33ms (next.js: 14ms, proxy.ts: 4ms, application-code: 15ms)
 GET /support?q=COLL_SUPPORT_&cursor=eyJ2IjoxLCJpdiI6IjIxUnU3aUluS01Sc1dPVnQiLCJ0YWciOiJtM0hJSk5CVWxwTHI0V2Z5VUc0QUx3IiwiZGF0YSI6IldpYVFpa0tuX3M2emJDWWJySGl0aVF5MXBKaHBXU3lzREZ2Z3hYYU1QWVFJSWZEYUI4MDNGMTJBcWRnUGRNT3E0cGI2cDY2M01OOGpmRDRIWkVpMGRiTTg4d3hFUmhuMnY1YWpJbFJadXRPVndYc2tfcXhoWnZfdTBtQzZnWXc0ZEZhSkpqQzBNQnA0Zm9XaUxDWkhrM2JENDNLYXFSNFl0RElnNHJtOFo4a3NSd3YyQTVfcU5kd0R0N1RyZjg4bjZscEh0QTB6cDA1X2VydUNtOEFuckFvdm1adHdEYnQ1Y3pfV2tGek52SG1CUUpzQlhabTBqaW90YmJ3dFhOUXVGbWY2bHpEZU5tOXFwZW44bUk3b0UxTFVjMUNsSnFlNkpfUGZUOVJMR1BTQzZZbmJqQWl0VGcifQ 200 in 83ms (next.js: 3ms, proxy.ts: 2ms, application-code: 78ms)
 GET /support?q=COLL_SUPPORT_001&status= 200 in 151ms (next.js: 2ms, proxy.ts: 2ms, application-code: 146ms)
 GET /api/auth/get-session 200 in 27ms (next.js: 7ms, proxy.ts: 3ms, application-code: 17ms)
 GET /api/auth/organization/list 200 in 28ms (next.js: 12ms, proxy.ts: 3ms, application-code: 13ms)
 GET /tasks?cursor=forged 200 in 140ms (next.js: 2ms, proxy.ts: 1.9ms, application-code: 136ms)
 GET /api/auth/get-session 200 in 89ms (next.js: 27ms, proxy.ts: 21ms, application-code: 40ms)
 GET /api/auth/organization/list 200 in 97ms (next.js: 9ms, proxy.ts: 28ms, application-code: 60ms)
 GET /support?q=COLL_SUPPORT_ 200 in 141ms (next.js: 10ms, proxy.ts: 5ms, application-code: 126ms)
 GET /api/auth/get-session 200 in 121ms (next.js: 68ms, proxy.ts: 4ms, application-code: 49ms)
 GET /api/auth/organization/list 200 in 138ms (next.js: 72ms, proxy.ts: 4ms, application-code: 62ms)
 GET /discussions/support/bab49619-19b6-4660-9542-729181a2885a 404 in 216ms (next.js: 11ms, proxy.ts: 4ms, application-code: 202ms)
 GET /api/auth/get-session 200 in 26ms (next.js: 4ms, proxy.ts: 5ms, application-code: 17ms)
 GET /api/auth/organization/list 200 in 25ms (next.js: 10ms, proxy.ts: 5ms, application-code: 10ms)
  ✓  65 [chromium] › e2e/workspace-collections-local.spec.ts:14:53 › workspace collection navigation › searches older records and conversations in fr (8.6s)
 GET /audit?q=COLL_AUDIT_ 200 in 173ms (next.js: 2ms, proxy.ts: 2ms, application-code: 168ms)
 GET /api/auth/get-session 200 in 24ms (next.js: 6ms, proxy.ts: 3ms, application-code: 16ms)
 GET /api/auth/organization/list 200 in 30ms (next.js: 11ms, proxy.ts: 3ms, application-code: 16ms)
 POST /audit?q=COLL_AUDIT_ 200 in 88ms (next.js: 2ms, proxy.ts: 3ms, application-code: 82ms)
  └─ ƒ setCookieConsent({}) in 1ms src/app/preferences-actions.ts
 GET /audit?q=COLL_AUDIT_&cursor=eyJ2IjoxLCJpdiI6IjVZdnBheHlvYnI2d1FlalAiLCJ0YWciOiJMeW5RdWRHQVhQUm1TYzduY2dCbkNBIiwiZGF0YSI6InpiODRDSTZjaFBKZzNia3ZMaHNFa2VVYzc3QWF0aG9Gd0tkZ0RFdk1WeUpJZnl3SV90WFpiZWVnUE1WOTNKQ0JRTWR4aHRyNnB2Sk1xN3VCTFZ4NjdYdTdjNG1EVjdHeDJ6eGIwaFpyVTBzT0tpeHBRUWt4N1piV0xiQmtBeFkzeU9XajVZeGFITkRuYzV4VjExSkVCU1E2dm5aM2h5c3NoM0JBLWRhOVQ1VnlxXzZjNkt2clRxdjVLY3FEemZlVTFMN0RUSnhWZGVYdWpUbUN1UXdBMkloaEVFVkN3eGtBWGVVS2twenVQcGoxRGJhSjFXeldBYVZ5UzNpc3VUZk5NWGhveHhBUUtrSV93cXF4YkE5dDZzclFNWUo5V05oMmlRQ19sQ3NNeFUwWWw2ZEJLdm93N2cifQ 200 in 47ms (next.js: 3ms, proxy.ts: 3ms, application-code: 40ms)
 GET /audit?q=COLL_AUDIT_001 200 in 106ms (next.js: 2ms, proxy.ts: 1.9ms, application-code: 102ms)
 GET /api/auth/get-session 200 in 100ms (next.js: 50ms, proxy.ts: 21ms, application-code: 29ms)
 GET /api/auth/organization/list 200 in 120ms (next.js: 55ms, proxy.ts: 21ms, application-code: 44ms)
 GET /tasks?q=COLL_TASK_ 200 in 470ms (next.js: 2ms, proxy.ts: 4ms, application-code: 463ms)
 GET /api/auth/get-session 200 in 25ms (next.js: 8ms, proxy.ts: 4ms, application-code: 13ms)
 GET /api/auth/organization/list 200 in 27ms (next.js: 12ms, proxy.ts: 4ms, application-code: 11ms)
 GET /tasks?q=COLL_TASK_&status=open&cursor=eyJ2IjoxLCJpdiI6IlFUa2ZIMmVla3l0bU9mTEYiLCJ0YWciOiIwRnRubjhjYlNwbU9sdlc0ZU9UbFVnIiwiZGF0YSI6IjZkQXg0S25TRFlZTlJNRWUwcTEzSkJwZ3U0dVQ4enFQWVc1SkgwNnNCTnNLYzdJZWFhemxVQWlEMFVfQ3pQX211RlZ5Tm9Ya3JkV1hGVkdtMjV0VUpsNHdhU0QyTFlHWm50YVBJTTNJZUFWS3AzeVp0Nld2cGZCaVBIZnBWdzN2MTM5VUJGcnc2akZiVDBPa0tDQW0wRzlCNTBOaC1reXJJWTZWeC14MmNHTDhHS2VuODZ1WTFtMG14V0daTWhDM1JqejhBSVNUcDZBTktHcXhxUFZ3Z2dUalBHcG8wWTVJVmd2UDc1ZWZjZVh0TG9pb081NjlIVHJ1VzcyQVFFNkE5X3ZCNGdxdVRGTV9WM3R4NmVsVDR4cHdmSGwzOUJuN3JWUmJwOHdhNXF6SksxNzNNT3c3ZkEifQ 200 in 131ms (next.js: 3ms, proxy.ts: 3ms, application-code: 125ms)
 GET /tasks?q=COLL_TASK_001&status=open 200 in 156ms (next.js: 2ms, proxy.ts: 2ms, application-code: 151ms)
 GET /api/auth/get-session 200 in 27ms (next.js: 6ms, proxy.ts: 7ms, application-code: 14ms)
 GET /api/auth/organization/list 200 in 29ms (next.js: 9ms, proxy.ts: 6ms, application-code: 14ms)
 GET /tasks?notice=Commentaire+ajout%C3%A9.&id=376759e7-68bc-4720-b452-2c41a0771e49 200 in 79ms (next.js: 3ms, proxy.ts: 2ms, application-code: 74ms)
 POST /tasks?q=COLL_TASK_001&status=open 200 in 116ms (next.js: 10ms, proxy.ts: 3ms, application-code: 103ms)
  └─ ƒ addWorkspaceTaskComment({}) in 12ms src/app/actions.ts
 GET /discussions/tasks/376759e7-68bc-4720-b452-2c41a0771e49 200 in 49ms (next.js: 5ms, proxy.ts: 2ms, application-code: 42ms)
 GET /discussions/tasks/376759e7-68bc-4720-b452-2c41a0771e49?cursor=eyJ2IjoxLCJpdiI6Ik12eWdXQ0xYbzlreC1hX08iLCJ0YWciOiJoeFlIbzVKakhmRFAzOWphMkhHX1ZnIiwiZGF0YSI6InpJSER1RDF6N29iM1dOQm9aT0RBNktsTC04NGRiUUtteXlwb1RQTUhlWFN0a05Cdk9MeGpHNkh3T1QySC1JakpzQmgtdHgzNnFGbVhtTGJ2SVJHemJOSUZ4WjVIbzhMOUt3T25SUmpJVFNULUg1Nk5KSkNVWElFazJURURBbnZTOWxQRS1XenVQV2tjSnNDcmRneENwNjRFQ29ybVU5bEJLNmtiM3BJd3BicVpJRk5zQU9pMENUXzV4dl9GUGFBRWZ5VW92Nm43aVpYOXBSYkpTSDFtMEYxYS1JczBudjZ3cjZ1el9PMWYtTHpHOFBNSy1FMFdJNU5xWFdxcEZKQ21sYlVoVGVlTnRibjczc0doMk1CZml6R29iU1pKbDF5UDhDN1A2Y3A3SUphbDAxNkR6NjAxdXcifQ 200 in 45ms (next.js: 4ms, proxy.ts: 3ms, application-code: 38ms)
 GET /discussions/tasks/376759e7-68bc-4720-b452-2c41a0771e49?q=COLL_MESSAGE_001 200 in 123ms (next.js: 3ms, proxy.ts: 1.9ms, application-code: 118ms)
 GET /api/auth/get-session 200 in 30ms (next.js: 7ms, proxy.ts: 4ms, application-code: 18ms)
 GET /api/auth/organization/list 200 in 33ms (next.js: 12ms, proxy.ts: 4ms, application-code: 17ms)
 GET /alerts?q=COLL_ALERT_ 200 in 482ms (next.js: 4ms, proxy.ts: 5ms, application-code: 473ms)
 GET /api/auth/get-session 200 in 28ms (next.js: 15ms, proxy.ts: 3ms, application-code: 10ms)
 GET /api/auth/organization/list 200 in 34ms (next.js: 18ms, proxy.ts: 3ms, application-code: 13ms)
 GET /alerts?q=COLL_ALERT_&cursor=eyJ2IjoxLCJpdiI6InV0VnpsYmxpOEtSeVdmaG0iLCJ0YWciOiJCVVhNR0ZpNjFseTVwZUZ5WnNfSnlRIiwiZGF0YSI6IlByR2J5UFpIc01KWUpEMDctOVpvd1EwNE1mbGYxTVNvTjAyNDZEdzJKOTd0emZKN3NKMmVXRnVBSmJyNUE0MldKRUZqYzBmeTFGSEFzb05udlFhZFVCdXQ1QlhOdm9Ka090X0JZeFdOVWlBdTZJTngxbUNjelUzaldfXzNqUlktQ0dCcDFfeGVtVFFobDh3MXc2RlNqaGoxZzF5NS1LQWlfWXlScFRISXpIa3ctOGVYYWJqc0dPd1ZvT2RIMHU0dEpHMHZjU3ZLWEpzVENtZkxLTi1CcGlUWGM4YmtDbU1FeGRIb1U2VkVNM2JXQ1hJYXkxeENPN3JaOEU1VDlEOU1ZV2V0N0JYemVZOS1zMklkaUpqUzdGVlhyZXJfYVFaWlZTd0wySlc2SG9aVF9kanU0aEY0TmcifQ 200 in 113ms (next.js: 3ms, proxy.ts: 5ms, application-code: 105ms)
 GET /alerts?q=COLL_ALERT_001&status= 200 in 164ms (next.js: 2ms, proxy.ts: 2ms, application-code: 160ms)
 GET /api/auth/get-session 200 in 91ms (next.js: 45ms, proxy.ts: 12ms, application-code: 34ms)
 GET /api/auth/organization/list 200 in 94ms (next.js: 49ms, proxy.ts: 12ms, application-code: 33ms)
 GET /approvals?q=COLL_APPROVAL_ 200 in 439ms (next.js: 4ms, proxy.ts: 7ms, application-code: 428ms)
 GET /api/auth/get-session 200 in 23ms (next.js: 5ms, proxy.ts: 3ms, application-code: 15ms)
 GET /api/auth/organization/list 200 in 27ms (next.js: 8ms, proxy.ts: 3ms, application-code: 15ms)
 GET /approvals?q=COLL_APPROVAL_&cursor=eyJ2IjoxLCJpdiI6Im4zQjBtRkFaNzhLQmhFTFQiLCJ0YWciOiIySmt6eXltc1RqeEMzQWM1d3hMeDh3IiwiZGF0YSI6IlhrTTNXaVNnNUJzaW1hMzd6Qk9pTW14MUlic25lRlh2LWNrMXFZUlphXzFVT05jcFJGUEdlN19QV2FpbFg2eDM3X0JFMHNIUHpRNWhvV29hMUhTRDU4U05XdzU1aXhUTDF5UFNaeVpHYmFOTTJnSndlZlpYbmRZZDl1ZGlUY2VXUFdsdFkxWmJhMWFyaXAyVklpME5odlJJeGw3U0YxV1ltdlpkR1VwUVZRcjJScXZ0MmJVZWFwTW1MazdNZG05U3FSb21GSldRNEhjWENQUUduZEZyXzRoMl93azhEX1BNSzV5czFwY0FmODlvN3pta1hNeXRiY0hOWlg1alNZRm1Rd0xmTUJpdlRxNEZKLTdCOVVWdnFmLW1xeVRUc1JkWWctbXp2MU8ySFZpaEFwbVl4cHAyX3cifQ 200 in 152ms (next.js: 4ms, proxy.ts: 3ms, application-code: 144ms)
 GET /approvals?q=COLL_APPROVAL_001&status= 200 in 124ms (next.js: 3ms, proxy.ts: 2.0ms, application-code: 119ms)
 GET /api/auth/get-session 200 in 86ms (next.js: 44ms, proxy.ts: 20ms, application-code: 23ms)
 GET /api/auth/organization/list 200 in 97ms (next.js: 47ms, proxy.ts: 20ms, application-code: 30ms)
 GET /support?q=COLL_SUPPORT_ 200 in 319ms (next.js: 1.9ms, proxy.ts: 1.7ms, application-code: 316ms)
 GET /api/auth/get-session 200 in 25ms (next.js: 7ms, proxy.ts: 3ms, application-code: 15ms)
 GET /api/auth/organization/list 200 in 29ms (next.js: 11ms, proxy.ts: 3ms, application-code: 16ms)
 GET /support?q=COLL_SUPPORT_&cursor=eyJ2IjoxLCJpdiI6IktlTDZsblBFWC03Rk1nN0giLCJ0YWciOiJQeDRmaXoxLXBRb3dyZUEwY0hVUmVnIiwiZGF0YSI6ImVFSTlEakdIamY1R09DeDY5cXh0b2ZEUnVORGo2SmY4NFRmWnI3cU9feFU2b0phcDNQLVBZbmdxbUg1NDh4WU5ZcmJYWmNzZWhVeUhtbmNlSzBVcE5mUTNJMW80dldLN3dSQXdJVURxM2R3YkhGNkJYNFFaRnFJcVc1M0xrMGJfWUI0R0dSZzVNdVVvb0N4TDl6V1AtX0xRZmc3YzZCMEE2dk9WQVhuRVB5STdIN0xObWtpVDdsVUpYWGVMMkJuYjNSU2F3SWNoZERFcDdiWC1PY2NvVkZETFhUS1JvT3BLNlp6cGpGejN2aHZPVFZQSW1RTXNRM09GNnlzalpqeHlTTnlmZ3N4U214eHdCVWJBS0RNaHVPb0UyRlJUMTZvcmJaaEtvd1YtajhfNE9jWVQtWWZlcEEifQ 200 in 87ms (next.js: 4ms, proxy.ts: 2ms, application-code: 81ms)
 GET /support?q=COLL_SUPPORT_001&status= 200 in 130ms (next.js: 2.0ms, proxy.ts: 1.8ms, application-code: 127ms)
 GET /api/auth/get-session 200 in 23ms (next.js: 5ms, proxy.ts: 3ms, application-code: 15ms)
 GET /api/auth/organization/list 200 in 24ms (next.js: 12ms, proxy.ts: 3ms, application-code: 9ms)
 GET /tasks?cursor=forged 200 in 133ms (next.js: 2.0ms, proxy.ts: 1.9ms, application-code: 129ms)
 GET /api/auth/get-session 200 in 28ms (next.js: 4ms, proxy.ts: 2ms, application-code: 22ms)
 GET /api/auth/organization/list 200 in 32ms (next.js: 10ms, proxy.ts: 3ms, application-code: 19ms)
 GET /support?q=COLL_SUPPORT_ 200 in 129ms (next.js: 3ms, proxy.ts: 1.9ms, application-code: 124ms)
 GET /api/auth/get-session 200 in 99ms (next.js: 30ms, proxy.ts: 34ms, application-code: 35ms)
 GET /api/auth/organization/list 200 in 94ms (next.js: 33ms, proxy.ts: 25ms, application-code: 35ms)
 GET /discussions/support/060a2c56-3d1b-484c-a2d0-47f39c9d406b 404 in 133ms (next.js: 6ms, proxy.ts: 2ms, application-code: 124ms)
  ✓  66 [chromium] › e2e/workspace-collections-local.spec.ts:14:53 › workspace collection navigation › searches older records and conversations in en (8.0s)

  66 passed (3.5m)
{"ok":true,"cleaned":"local-browser-fixtures"}
