
> @yodev/ads@0.1.0 test:e2e:local
> node scripts/verify-local-browser.mjs

{"ok":true,"fixtureRoles":["owner","admin","strategist","analyst","client"],"foreignExportId":"80000000-0000-4000-8000-000000000003"}

> @yodev/ads@0.1.0 dev
> next dev --hostname 127.0.0.1 --port 3017

▲ Next.js 16.3.0 (Turbopack)
- Local:         http://127.0.0.1:3017
- Network:       http://127.0.0.1:3017
- Environments: .env.local
✓ Ready in 280ms
✓ Running next.config.ts took 431ms
- Experiments (use with caution):
  · clientTraceMetadata

 GET /sign-in 200 in 1840ms (next.js: 1549ms, proxy.ts: 115ms, application-code: 176ms)
 GET / 200 in 1839ms (next.js: 1269ms, proxy.ts: 112ms, application-code: 459ms)
 GET /icon?a62dacc6b033a714 200 in 229ms (next.js: 48ms, proxy.ts: 5ms, application-code: 175ms)
 POST /api/auth/sign-in/email 200 in 958ms (next.js: 786ms, proxy.ts: 5ms, application-code: 167ms)
 POST /api/auth/sign-in/email 200 in 82ms (next.js: 3ms, proxy.ts: 2ms, application-code: 76ms)
 POST /api/auth/sign-in/email 200 in 78ms (next.js: 2.0ms, proxy.ts: 2ms, application-code: 74ms)
 POST /api/auth/sign-in/email 200 in 76ms (next.js: 2ms, proxy.ts: 2ms, application-code: 71ms)
 POST /api/auth/sign-in/email 200 in 76ms (next.js: 1.9ms, proxy.ts: 2ms, application-code: 72ms)
 GET /dashboard 200 in 438ms (next.js: 183ms, proxy.ts: 2ms, application-code: 252ms)
 GET /settings 200 in 228ms (next.js: 28ms, proxy.ts: 2ms, application-code: 197ms)
 GET /billing 200 in 154ms (next.js: 12ms, proxy.ts: 2ms, application-code: 140ms)
 GET /support 200 in 127ms (next.js: 13ms, proxy.ts: 1.8ms, application-code: 112ms)
 GET /accounts 200 in 118ms (next.js: 11ms, proxy.ts: 1.8ms, application-code: 104ms)
 GET /history 200 in 122ms (next.js: 15ms, proxy.ts: 1.9ms, application-code: 105ms)
 GET /alerts 200 in 127ms (next.js: 13ms, proxy.ts: 1.9ms, application-code: 112ms)
 GET /tasks 200 in 150ms (next.js: 20ms, proxy.ts: 1.9ms, application-code: 129ms)
 GET /approvals 200 in 128ms (next.js: 22ms, proxy.ts: 2.0ms, application-code: 104ms)
 GET /reports 200 in 178ms (next.js: 20ms, proxy.ts: 1.8ms, application-code: 157ms)
 GET /audit 200 in 121ms (next.js: 19ms, proxy.ts: 1.9ms, application-code: 100ms)
 GET /agents 200 in 185ms (next.js: 17ms, proxy.ts: 1.8ms, application-code: 167ms)
 GET / 200 in 75ms (next.js: 1.6ms, proxy.ts: 1.9ms, application-code: 72ms)
 GET /privacy 200 in 52ms (next.js: 12ms, proxy.ts: 2.0ms, application-code: 38ms)
 GET /terms 200 in 47ms (next.js: 11ms, proxy.ts: 1.9ms, application-code: 35ms)
 GET /subprocessors 200 in 108ms (next.js: 42ms, proxy.ts: 2ms, application-code: 64ms)
 GET /status 200 in 103ms (next.js: 35ms, proxy.ts: 1.9ms, application-code: 67ms)
 GET /sign-in 200 in 34ms (next.js: 4ms, proxy.ts: 1.7ms, application-code: 28ms)
 GET /sign-up 200 in 306ms (next.js: 276ms, proxy.ts: 2ms, application-code: 28ms)
Local browser states ready in /var/folders/9h/sbxl7zl90j9_wc743xft5j8h0000gn/T/yodev-ads-browser-1Wgm8H

Running 57 tests using 1 worker

(node:30607) Warning: The 'NO_COLOR' env is ignored due to the 'FORCE_COLOR' env being set.
(Use `node --trace-warnings ...` to show where the warning was created)
(node:30607) DeprecationWarning: Calling client.query() when the client is already executing a query is deprecated and will be removed in pg@9.0. Use async/await or an external async flow control mechanism instead.
 GET /operations 200 in 345ms (next.js: 26ms, proxy.ts: 3ms, application-code: 316ms)
 GET /api/auth/get-session 200 in 24ms (next.js: 5ms, proxy.ts: 3ms, application-code: 15ms)
 GET /api/auth/organization/list 200 in 27ms (next.js: 10ms, proxy.ts: 3ms, application-code: 14ms)
  ✓   1 [chromium] › e2e/activation-local.spec.ts:7:7 › operations counts published reports and excludes legacy or future activation (1.2s)
 GET /analysis?client=a326bd07-9584-40a7-bfe3-df4cbab4be84 200 in 190ms (next.js: 29ms, proxy.ts: 2ms, application-code: 159ms)
 GET /api/auth/get-session 200 in 79ms (next.js: 44ms, proxy.ts: 11ms, application-code: 23ms)
 GET /api/auth/organization/list 200 in 82ms (next.js: 47ms, proxy.ts: 11ms, application-code: 24ms)
 GET /analysis?client=a326bd07-9584-40a7-bfe3-df4cbab4be84 200 in 219ms (next.js: 1.8ms, proxy.ts: 2ms, application-code: 215ms)
 GET /api/auth/get-session 200 in 81ms (next.js: 45ms, proxy.ts: 13ms, application-code: 23ms)
 GET /api/auth/organization/list 200 in 85ms (next.js: 48ms, proxy.ts: 13ms, application-code: 24ms)
 GET /analysis?client=a326bd07-9584-40a7-bfe3-df4cbab4be84 200 in 208ms (next.js: 1.8ms, proxy.ts: 3ms, application-code: 204ms)
 GET /api/auth/get-session 200 in 101ms (next.js: 18ms, proxy.ts: 25ms, application-code: 58ms)
 GET /api/auth/organization/list 200 in 101ms (next.js: 29ms, proxy.ts: 24ms, application-code: 49ms)
 GET /analysis?client=a326bd07-9584-40a7-bfe3-df4cbab4be84 200 in 215ms (next.js: 4ms, proxy.ts: 5ms, application-code: 206ms)
 GET /api/auth/get-session 200 in 76ms (next.js: 42ms, proxy.ts: 12ms, application-code: 22ms)
 GET /api/auth/organization/list 200 in 79ms (next.js: 44ms, proxy.ts: 12ms, application-code: 23ms)
 GET /analysis?client=a326bd07-9584-40a7-bfe3-df4cbab4be84 200 in 209ms (next.js: 1.8ms, proxy.ts: 4ms, application-code: 204ms)
 GET /api/auth/get-session 200 in 111ms (next.js: 34ms, proxy.ts: 20ms, application-code: 58ms)
 GET /api/auth/organization/list 200 in 112ms (next.js: 32ms, proxy.ts: 23ms, application-code: 57ms)
 GET /analysis?client=a326bd07-9584-40a7-bfe3-df4cbab4be84 200 in 211ms (next.js: 7ms, proxy.ts: 3ms, application-code: 201ms)
 GET /api/auth/get-session 200 in 17ms (next.js: 4ms, proxy.ts: 3ms, application-code: 10ms)
 GET /api/auth/organization/list 200 in 21ms (next.js: 7ms, proxy.ts: 3ms, application-code: 11ms)
 GET /analysis?client=a326bd07-9584-40a7-bfe3-df4cbab4be84 200 in 190ms (next.js: 2ms, proxy.ts: 5ms, application-code: 183ms)
  ✓   2 [chromium] › e2e/analysis-evidence-local.spec.ts:7:7 › analysis evidence fr excludes empty and unqualified sources before first activation (2.6s)
 GET /analysis?client=d96477b9-a554-4707-a3cd-f87166611ffd 200 in 127ms (next.js: 1.9ms, proxy.ts: 2.0ms, application-code: 123ms)
 GET /api/auth/get-session 200 in 144ms (next.js: 56ms, proxy.ts: 72ms, application-code: 16ms)
 GET / 200 in 179ms (next.js: 11ms, proxy.ts: 4ms, application-code: 164ms)
 GET /api/auth/organization/list 200 in 211ms (next.js: 58ms, proxy.ts: 72ms, application-code: 80ms)
 GET /analysis?client=d96477b9-a554-4707-a3cd-f87166611ffd 200 in 350ms (next.js: 46ms, proxy.ts: 49ms, application-code: 255ms)
 GET /api/auth/get-session 200 in 122ms (next.js: 21ms, proxy.ts: 34ms, application-code: 67ms)
 GET /api/auth/organization/list 200 in 117ms (next.js: 33ms, proxy.ts: 27ms, application-code: 56ms)
 GET /analysis?client=d96477b9-a554-4707-a3cd-f87166611ffd 200 in 261ms (next.js: 6ms, proxy.ts: 6ms, application-code: 249ms)
 GET /api/auth/get-session 200 in 117ms (next.js: 68ms, proxy.ts: 27ms, application-code: 22ms)
 GET /api/auth/organization/list 200 in 121ms (next.js: 70ms, proxy.ts: 27ms, application-code: 23ms)
 GET /analysis?client=d96477b9-a554-4707-a3cd-f87166611ffd 200 in 248ms (next.js: 1.9ms, proxy.ts: 1.9ms, application-code: 244ms)
 GET /api/auth/get-session 200 in 101ms (next.js: 22ms, proxy.ts: 33ms, application-code: 47ms)
 GET /api/auth/organization/list 200 in 85ms (next.js: 47ms, proxy.ts: 13ms, application-code: 25ms)
 GET /analysis?client=d96477b9-a554-4707-a3cd-f87166611ffd 200 in 222ms (next.js: 2ms, proxy.ts: 3ms, application-code: 217ms)
 GET /api/auth/get-session 200 in 123ms (next.js: 25ms, proxy.ts: 40ms, application-code: 58ms)
 GET /api/auth/organization/list 200 in 121ms (next.js: 27ms, proxy.ts: 38ms, application-code: 56ms)
 GET /analysis?client=d96477b9-a554-4707-a3cd-f87166611ffd 200 in 226ms (next.js: 7ms, proxy.ts: 2ms, application-code: 217ms)
 GET /api/auth/get-session 200 in 21ms (next.js: 6ms, proxy.ts: 6ms, application-code: 9ms)
 GET /api/auth/organization/list 200 in 22ms (next.js: 7ms, proxy.ts: 8ms, application-code: 8ms)
 GET /analysis?client=d96477b9-a554-4707-a3cd-f87166611ffd 200 in 176ms (next.js: 1.8ms, proxy.ts: 2ms, application-code: 172ms)
  ✓   3 [chromium] › e2e/analysis-evidence-local.spec.ts:7:7 › analysis evidence en excludes empty and unqualified sources before first activation (2.8s)
 GET /insights?client=80000000-0000-4000-8000-000000000091 200 in 383ms (next.js: 57ms, proxy.ts: 1.8ms, application-code: 324ms)
 GET /api/auth/get-session 200 in 19ms (next.js: 4ms, proxy.ts: 3ms, application-code: 12ms)
 GET /api/auth/organization/list 200 in 20ms (next.js: 8ms, proxy.ts: 3ms, application-code: 10ms)
 POST /insights?client=80000000-0000-4000-8000-000000000091 200 in 159ms (next.js: 1.9ms, proxy.ts: 2ms, application-code: 155ms)
  └─ ƒ setCookieConsent({}) in 3ms src/app/preferences-actions.ts
 GET /insights/devices?client=80000000-0000-4000-8000-000000000091 200 in 623ms (next.js: 523ms, proxy.ts: 8ms, application-code: 93ms)
 GET /insights/devices?client=80000000-0000-4000-8000-000000000091&cursor=eyJ2IjoxLCJpdiI6IlR1cEVSeG0ybzEwWkZKbFkiLCJ0YWciOiJ0Sk5HMkh6YWNsTnNZdW15OEVwazN3IiwiZGF0YSI6InZXTWhaUGxQOUJpUnB4YXJlZDF4c1pYZUtpN3hsdEUwSDM3UFJnMzZXQ3Ryc1liR09jWTdOWW41TmJkTTd4ektwWksyNHo2cFdGNkV0cXFUTFRxUXdLeW5NSGFKMzh3QWtuQUxpaVk4b185VlMzWnVjVWJiYThvY0NCRk1nTU8xZE1qdHc1VS1VeU5ybUlMbEp6ZzJoSGZvYTNoZmh5a0tRNjJmVDdqaExlMFJRVVNXdmc0MFlwODFnd0NoSUkyQVhBRW12eUowWUtFUUdZNkx5ZDNFa1RfeTNNZDR6SnF6eWxQWXhiREVoSmRwVHQxbGlOd01PNnZyR3Q0Um85UTFXLUsxbmhuTjhkanoifQ 200 in 112ms (next.js: 5ms, proxy.ts: 4ms, application-code: 103ms)
 GET /insights/devices?client=80000000-0000-4000-8000-000000000091&q=%25_ 200 in 147ms (next.js: 2ms, proxy.ts: 2.0ms, application-code: 143ms)
 GET /api/auth/get-session 200 in 30ms (next.js: 8ms, proxy.ts: 3ms, application-code: 19ms)
 GET /api/auth/organization/list 200 in 34ms (next.js: 15ms, proxy.ts: 3ms, application-code: 16ms)
 GET /insights/devices/export?client=80000000-0000-4000-8000-000000000091&version=4e432cd3-5518-4c5e-82f3-f30e10f45529 200 in 740ms (next.js: 713ms, proxy.ts: 2ms, application-code: 25ms)
 GET /insights/devices?client=80000000-0000-4000-8000-000000000091&cursor=eyJ2IjoxLCJpdiI6IlR1cEVSeG0ybzEwWkZKbFkiLCJ0YWciOiJ0Sk5HMkh6YWNsTnNZdW15OEVwazN3IiwiZGF0YSI6InZXTWhaUGxQOUJpUnB4YXJlZDF4c1pYZUtpN3hsdEUwSDM3UFJnMzZXQ3Ryc1liR09jWTdOWW41TmJkTTd4ektwWksyNHo2cFdGNkV0cXFUTFRxUXdLeW5NSGFKMzh3QWtuQUxpaVk4b185VlMzWnVjVWJiYThvY0NCRk1nTU8xZE1qdHc1VS1VeU5ybUlMbEp6ZzJoSGZvYTNoZmh5a0tRNjJmVDdqaExlMFJRVVNXdmc0MFlwODFnd0NoSUkyQVhBRW12eUowWUtFUUdZNkx5ZDNFa1RfeTNNZDR6SnF6eWxQWXhiREVoSmRwVHQxbGlOd01PNnZyR3Q0Um85UTFXLUsxbmhuTjhkanoifQ 200 in 123ms (next.js: 4ms, proxy.ts: 1.8ms, application-code: 117ms)
 GET /api/auth/get-session 200 in 32ms (next.js: 5ms, proxy.ts: 17ms, application-code: 10ms)
 GET /api/auth/organization/list 200 in 33ms (next.js: 7ms, proxy.ts: 17ms, application-code: 9ms)
 GET /insights/devices/export?client=80000000-0000-4000-8000-000000000091&version=4e432cd3-5518-4c5e-82f3-f30e10f45529 409 in 25ms (next.js: 7ms, proxy.ts: 4ms, application-code: 14ms)
 GET /insights/devices?client=80000000-0000-4000-8000-000000000091&cursor=forged 200 in 163ms (next.js: 5ms, proxy.ts: 2ms, application-code: 156ms)
 GET /api/auth/get-session 200 in 125ms (next.js: 57ms, proxy.ts: 5ms, application-code: 63ms)
 GET /api/auth/organization/list 200 in 133ms (next.js: 61ms, proxy.ts: 5ms, application-code: 68ms)
 GET /insights/devices?client=80000000-0000-4000-8000-000000000099 404 in 164ms (next.js: 21ms, proxy.ts: 4ms, application-code: 138ms)
 GET /insights/devices/export?client=80000000-0000-4000-8000-000000000099&version=4e432cd3-5518-4c5e-82f3-f30e10f45529 404 in 24ms (next.js: 4ms, proxy.ts: 5ms, application-code: 15ms)
 GET /insights/devices/export?client=80000000-0000-4000-8000-000000000091&version=4e432cd3-5518-4c5e-82f3-f30e10f45529 403 in 26ms (next.js: 4ms, proxy.ts: 3ms, application-code: 20ms)
  ✓   4 [chromium] › e2e/analytical-pages-local.spec.ts:15:53 › complete analytical collections › browses, searches and exports all stored rows in fr (4.5s)
 GET /insights?client=80000000-0000-4000-8000-000000000091 200 in 347ms (next.js: 2.0ms, proxy.ts: 2ms, application-code: 343ms)
 GET /api/auth/get-session 200 in 18ms (next.js: 5ms, proxy.ts: 3ms, application-code: 10ms)
 GET /api/auth/organization/list 200 in 19ms (next.js: 9ms, proxy.ts: 3ms, application-code: 8ms)
 POST /insights?client=80000000-0000-4000-8000-000000000091 200 in 236ms (next.js: 7ms, proxy.ts: 3ms, application-code: 226ms)
  └─ ƒ setCookieConsent({}) in 2ms src/app/preferences-actions.ts
 GET /insights/devices?client=80000000-0000-4000-8000-000000000091 200 in 176ms (next.js: 8ms, proxy.ts: 3ms, application-code: 165ms)
 GET /insights/devices?client=80000000-0000-4000-8000-000000000091&cursor=eyJ2IjoxLCJpdiI6Ik9vM200Y0IxdUpTWDN3QnYiLCJ0YWciOiJsa1ZWMDJla0lBZ1lsU3cwdjR6UUF3IiwiZGF0YSI6ImRvbFVnYUl1anpVUktRTzhWUFc0cTFkWEN1THUtTlNmVFFNUUtaWDVuU2xPMFVmLWVweF9WNmswOGlPZmloakJtYWgwamtPYzVXc0pYM3Q2ek9qa01qQWlQXzBmMlg1MXhLQXhHeC1JemRFeDRTdmZKeXdFRlQ3R1RubF92WVpwdFQzTTFGUllUTDJwYUM0TE51LWN0VkxORHVra3FvRkg1X2I4ZDYzXzJMUGlRbmZZZmp1T2dQV3BQR00tTG5NS2FRU3FyV252R2d4QXVON01TeEw2UnlpX0V1bERMYm5QSlZUUVVlZnB6aVdUMEptQmFINTNzUEFncmZxdnBKWk9SempLNUQyRG90TlEifQ 200 in 106ms (next.js: 5ms, proxy.ts: 5ms, application-code: 96ms)
 GET /insights/devices?client=80000000-0000-4000-8000-000000000091&q=%25_ 200 in 158ms (next.js: 4ms, proxy.ts: 2.0ms, application-code: 152ms)
 GET /api/auth/get-session 200 in 15ms (next.js: 4ms, proxy.ts: 3ms, application-code: 9ms)
 GET /api/auth/organization/list 200 in 17ms (next.js: 6ms, proxy.ts: 3ms, application-code: 9ms)
 GET /insights/devices/export?client=80000000-0000-4000-8000-000000000091&version=e422963e-a023-40bf-8004-1f3d43cb5db1 200 in 22ms (next.js: 4ms, proxy.ts: 2ms, application-code: 15ms)
 GET /insights/devices?client=80000000-0000-4000-8000-000000000091&cursor=eyJ2IjoxLCJpdiI6Ik9vM200Y0IxdUpTWDN3QnYiLCJ0YWciOiJsa1ZWMDJla0lBZ1lsU3cwdjR6UUF3IiwiZGF0YSI6ImRvbFVnYUl1anpVUktRTzhWUFc0cTFkWEN1THUtTlNmVFFNUUtaWDVuU2xPMFVmLWVweF9WNmswOGlPZmloakJtYWgwamtPYzVXc0pYM3Q2ek9qa01qQWlQXzBmMlg1MXhLQXhHeC1JemRFeDRTdmZKeXdFRlQ3R1RubF92WVpwdFQzTTFGUllUTDJwYUM0TE51LWN0VkxORHVra3FvRkg1X2I4ZDYzXzJMUGlRbmZZZmp1T2dQV3BQR00tTG5NS2FRU3FyV252R2d4QXVON01TeEw2UnlpX0V1bERMYm5QSlZUUVVlZnB6aVdUMEptQmFINTNzUEFncmZxdnBKWk9SempLNUQyRG90TlEifQ 200 in 123ms (next.js: 3ms, proxy.ts: 2ms, application-code: 118ms)
 GET /api/auth/get-session 200 in 23ms (next.js: 7ms, proxy.ts: 5ms, application-code: 11ms)
 GET /api/auth/organization/list 200 in 24ms (next.js: 10ms, proxy.ts: 5ms, application-code: 10ms)
 GET /insights/devices/export?client=80000000-0000-4000-8000-000000000091&version=e422963e-a023-40bf-8004-1f3d43cb5db1 409 in 40ms (next.js: 5ms, proxy.ts: 3ms, application-code: 32ms)
 GET /insights/devices?client=80000000-0000-4000-8000-000000000091&cursor=forged 200 in 157ms (next.js: 4ms, proxy.ts: 2.0ms, application-code: 150ms)
 GET /api/auth/get-session 200 in 112ms (next.js: 54ms, proxy.ts: 18ms, application-code: 40ms)
 GET /api/auth/organization/list 200 in 123ms (next.js: 57ms, proxy.ts: 19ms, application-code: 47ms)
 GET /insights/devices?client=80000000-0000-4000-8000-000000000099 404 in 169ms (next.js: 3ms, proxy.ts: 3ms, application-code: 163ms)
 GET /insights/devices/export?client=80000000-0000-4000-8000-000000000099&version=e422963e-a023-40bf-8004-1f3d43cb5db1 404 in 19ms (next.js: 6ms, proxy.ts: 4ms, application-code: 9ms)
 GET /insights/devices/export?client=80000000-0000-4000-8000-000000000091&version=e422963e-a023-40bf-8004-1f3d43cb5db1 403 in 10ms (next.js: 3ms, proxy.ts: 3ms, application-code: 4ms)
  ✓   5 [chromium] › e2e/analytical-pages-local.spec.ts:15:53 › complete analytical collections › browses, searches and exports all stored rows in en (2.7s)
 GET /account 307 in 88ms (next.js: 45ms, proxy.ts: 2ms, application-code: 41ms)
 GET /sign-in?returnTo=%2Faccount 200 in 36ms (next.js: 4ms, proxy.ts: 1.6ms, application-code: 30ms)
 GET /account 200 in 60ms (next.js: 1.9ms, proxy.ts: 3ms, application-code: 55ms)
 GET /api/auth/get-session 200 in 24ms (next.js: 7ms, proxy.ts: 4ms, application-code: 14ms)
 GET /api/auth/organization/list 200 in 26ms (next.js: 10ms, proxy.ts: 4ms, application-code: 13ms)
 GET /api/auth/passkey/list-user-passkeys 200 in 29ms (next.js: 13ms, proxy.ts: 4ms, application-code: 12ms)
 GET /account 200 in 39ms (next.js: 2.0ms, proxy.ts: 2ms, application-code: 35ms)
 GET /api/auth/get-session 200 in 22ms (next.js: 5ms, proxy.ts: 4ms, application-code: 14ms)
 GET /api/auth/passkey/list-user-passkeys 200 in 24ms (next.js: 11ms, proxy.ts: 4ms, application-code: 9ms)
 GET /api/auth/organization/list 200 in 26ms (next.js: 9ms, proxy.ts: 4ms, application-code: 13ms)
 GET /account 200 in 46ms (next.js: 1.9ms, proxy.ts: 2ms, application-code: 42ms)
 GET /api/auth/organization/list 200 in 23ms (next.js: 9ms, proxy.ts: 4ms, application-code: 10ms)
 GET /api/auth/get-session 200 in 25ms (next.js: 6ms, proxy.ts: 4ms, application-code: 15ms)
 GET /api/auth/passkey/list-user-passkeys 200 in 25ms (next.js: 12ms, proxy.ts: 4ms, application-code: 10ms)
 GET /account 200 in 35ms (next.js: 1.4ms, proxy.ts: 2ms, application-code: 32ms)
 GET /api/auth/get-session 200 in 22ms (next.js: 6ms, proxy.ts: 3ms, application-code: 13ms)
 GET /api/auth/organization/list 200 in 24ms (next.js: 9ms, proxy.ts: 3ms, application-code: 12ms)
 GET /api/auth/passkey/list-user-passkeys 200 in 16ms (next.js: 6ms, proxy.ts: 5ms, application-code: 6ms)
 GET /account 200 in 47ms (next.js: 1.9ms, proxy.ts: 2ms, application-code: 43ms)
 GET /api/auth/get-session 200 in 20ms (next.js: 5ms, proxy.ts: 3ms, application-code: 13ms)
 GET /api/auth/organization/list 200 in 22ms (next.js: 8ms, proxy.ts: 3ms, application-code: 11ms)
 GET /api/auth/passkey/list-user-passkeys 200 in 15ms (next.js: 6ms, proxy.ts: 5ms, application-code: 5ms)
  ✓   6 [chromium] › e2e/auth-lifecycle-local.spec.ts:58:7 › personal account security is available to all five workspace roles (2.0s)
 GET /sign-up 200 in 34ms (next.js: 6ms, proxy.ts: 2ms, application-code: 27ms)
 POST /api/auth/sign-up/email 200 in 97ms (next.js: 4ms, proxy.ts: 3ms, application-code: 89ms)
 GET /api/auth/get-session 200 in 9ms (next.js: 2ms, proxy.ts: 2ms, application-code: 4ms)
 GET /sign-in 200 in 38ms (next.js: 3ms, proxy.ts: 1.5ms, application-code: 33ms)
 POST /api/auth/sign-in/email 403 in 100ms (next.js: 9ms, proxy.ts: 4ms, application-code: 86ms)
 GET /api/auth/get-session 200 in 11ms (next.js: 4ms, proxy.ts: 2ms, application-code: 5ms)
 GET /api/auth/verify-email?token=[REDACTED]&callbackURL=%2Fdashboard 302 in 11ms (next.js: 1.8ms, proxy.ts: 1.8ms, application-code: 7ms)
 GET /dashboard 307 in 46ms (next.js: 3ms, proxy.ts: 1.5ms, application-code: 41ms)
 GET /sign-in 200 in 32ms (next.js: 3ms, proxy.ts: 2ms, application-code: 26ms)
 GET /sign-in 200 in 39ms (next.js: 4ms, proxy.ts: 2ms, application-code: 33ms)
 POST /api/auth/sign-in/email 200 in 87ms (next.js: 10ms, proxy.ts: 3ms, application-code: 75ms)
 GET /dashboard 307 in 52ms (next.js: 1.7ms, proxy.ts: 3ms, application-code: 48ms)
 GET /onboarding 200 in 87ms (next.js: 32ms, proxy.ts: 2ms, application-code: 52ms)
 GET /settings 200 in 78ms (next.js: 4ms, proxy.ts: 1.9ms, application-code: 73ms)
 POST /onboarding 200 in 104ms (next.js: 1.9ms, proxy.ts: 2ms, application-code: 100ms)
  └─ ƒ createWorkspace({}) in 13ms src/app/onboarding/actions.ts
 GET /api/auth/get-session 200 in 22ms (next.js: 5ms, proxy.ts: 3ms, application-code: 14ms)
 GET /api/auth/organization/list 200 in 25ms (next.js: 8ms, proxy.ts: 3ms, application-code: 14ms)
 GET /api/auth/get-session 200 in 21ms (next.js: 6ms, proxy.ts: 6ms, application-code: 8ms)
 GET /sign-in 200 in 34ms (next.js: 4ms, proxy.ts: 2ms, application-code: 28ms)
 POST /api/auth/sign-in/magic-link 200 in 14ms (next.js: 2ms, proxy.ts: 2ms, application-code: 10ms)
 GET /api/auth/magic-link/verify?token=[REDACTED]&callbackURL=%2Fdashboard&errorCallbackURL=http%3A%2F%2Flocalhost%3A3017%2Fsign-in 302 in 14ms (next.js: 2ms, proxy.ts: 2.0ms, application-code: 10ms)
 GET /dashboard 200 in 108ms (next.js: 1.7ms, proxy.ts: 1.5ms, application-code: 105ms)
 GET /api/auth/get-session 200 in 14ms (next.js: 4ms, proxy.ts: 3ms, application-code: 7ms)
 GET /api/auth/get-session 200 in 30ms (next.js: 11ms, proxy.ts: 7ms, application-code: 12ms)
 GET /api/auth/organization/list 200 in 35ms (next.js: 11ms, proxy.ts: 10ms, application-code: 14ms)
 GET /api/auth/magic-link/verify?token=[REDACTED]&callbackURL=%2Fdashboard&errorCallbackURL=http%3A%2F%2Flocalhost%3A3017%2Fsign-in 302 in 23ms (next.js: 7ms, proxy.ts: 10ms, application-code: 6ms)
 GET /sign-in?error=INVALID_TOKEN 200 in 45ms (next.js: 4ms, proxy.ts: 2.0ms, application-code: 39ms)
 GET /api/auth/get-session 200 in 12ms (next.js: 4ms, proxy.ts: 3ms, application-code: 5ms)
 GET /forgot-password 200 in 57ms (next.js: 16ms, proxy.ts: 2ms, application-code: 40ms)
 POST /api/auth/request-password-reset 200 in 14ms (next.js: 3ms, proxy.ts: 2ms, application-code: 10ms)
 GET /api/auth/reset-password/[REDACTED]?callbackURL=%2Freset-password 302 in 12ms (next.js: 4ms, proxy.ts: 2.0ms, application-code: 6ms)
 GET /reset-password?token=[REDACTED] 200 in 44ms (next.js: 16ms, proxy.ts: 1.5ms, application-code: 27ms)
 POST /api/auth/reset-password 200 in 78ms (next.js: 2.0ms, proxy.ts: 3ms, application-code: 74ms)
 GET /api/auth/get-session 200 in 9ms (next.js: 2.0ms, proxy.ts: 1.7ms, application-code: 5ms)
 GET /api/auth/get-session 200 in 18ms (next.js: 10ms, proxy.ts: 1.9ms, application-code: 6ms)
 GET /api/auth/reset-password/[REDACTED]?callbackURL=%2Freset-password 302 in 13ms (next.js: 3ms, proxy.ts: 2ms, application-code: 7ms)
 GET /reset-password?error=INVALID_TOKEN 200 in 37ms (next.js: 1.6ms, proxy.ts: 2ms, application-code: 34ms)
 GET /sign-in 200 in 40ms (next.js: 5ms, proxy.ts: 5ms, application-code: 31ms)
2026-09-07T08:34:34.228Z WARN [Better Auth]: Invalid password
 POST /api/auth/sign-in/email 401 in 91ms (next.js: 5ms, proxy.ts: 5ms, application-code: 82ms)
 GET /api/auth/get-session 200 in 8ms (next.js: 2ms, proxy.ts: 1.9ms, application-code: 5ms)
 GET /sign-in 200 in 33ms (next.js: 3ms, proxy.ts: 1.6ms, application-code: 28ms)
 POST /api/auth/sign-in/email 200 in 97ms (next.js: 3ms, proxy.ts: 3ms, application-code: 91ms)
 GET /dashboard 200 in 118ms (next.js: 2.0ms, proxy.ts: 2ms, application-code: 114ms)
 GET /sign-in 200 in 62ms (next.js: 5ms, proxy.ts: 3ms, application-code: 55ms)
 GET /api/auth/get-session 200 in 55ms (next.js: 20ms, proxy.ts: 9ms, application-code: 26ms)
 GET /api/auth/organization/list 200 in 60ms (next.js: 23ms, proxy.ts: 10ms, application-code: 27ms)
 POST /api/auth/sign-in/email 200 in 80ms (next.js: 1.9ms, proxy.ts: 3ms, application-code: 76ms)
 GET /dashboard 200 in 99ms (next.js: 1.8ms, proxy.ts: 3ms, application-code: 94ms)
 GET /account 200 in 70ms (next.js: 1.7ms, proxy.ts: 2ms, application-code: 66ms)
 GET /api/auth/get-session 200 in 40ms (next.js: 10ms, proxy.ts: 13ms, application-code: 17ms)
 GET /api/auth/organization/list 200 in 37ms (next.js: 12ms, proxy.ts: 6ms, application-code: 20ms)
 GET /api/auth/get-session 200 in 24ms (next.js: 6ms, proxy.ts: 4ms, application-code: 13ms)
 GET /api/auth/passkey/list-user-passkeys 200 in 25ms (next.js: 9ms, proxy.ts: 4ms, application-code: 12ms)
 GET /api/auth/organization/list 200 in 26ms (next.js: 11ms, proxy.ts: 4ms, application-code: 11ms)
 POST /api/auth/revoke-other-sessions 200 in 14ms (next.js: 4ms, proxy.ts: 2ms, application-code: 8ms)
 GET /api/auth/get-session 200 in 16ms (next.js: 4ms, proxy.ts: 3ms, application-code: 9ms)
 GET /api/auth/get-session 200 in 15ms (next.js: 6ms, proxy.ts: 2ms, application-code: 7ms)
 GET /api/auth/get-session 200 in 9ms (next.js: 2ms, proxy.ts: 2.0ms, application-code: 5ms)
 GET /api/auth/passkey/generate-register-options?authenticatorAttachment=platform&name=Passkey%20Ads%20by%20Yodev 200 in 14ms (next.js: 2ms, proxy.ts: 2ms, application-code: 9ms)
 POST /api/auth/passkey/verify-registration 200 in 13ms (next.js: 1.9ms, proxy.ts: 1.8ms, application-code: 9ms)
 GET /api/auth/passkey/list-user-passkeys 200 in 11ms (next.js: 2ms, proxy.ts: 2ms, application-code: 7ms)
 GET /api/auth/passkey/list-user-passkeys 200 in 11ms (next.js: 2ms, proxy.ts: 2ms, application-code: 6ms)
 POST /api/auth/passkey/delete-passkey 401 in 10ms (next.js: 2ms, proxy.ts: 2ms, application-code: 6ms)
 POST /api/auth/sign-out 200 in 9ms (next.js: 2ms, proxy.ts: 1.6ms, application-code: 5ms)
 GET /sign-in 200 in 33ms (next.js: 3ms, proxy.ts: 1.9ms, application-code: 28ms)
 GET /api/auth/passkey/generate-authenticate-options 200 in 15ms (next.js: 4ms, proxy.ts: 4ms, application-code: 7ms)
 POST /api/auth/passkey/verify-authentication 200 in 22ms (next.js: 5ms, proxy.ts: 3ms, application-code: 14ms)
 GET /dashboard 200 in 117ms (next.js: 2ms, proxy.ts: 2ms, application-code: 112ms)
 GET /api/auth/get-session 200 in 11ms (next.js: 2ms, proxy.ts: 2ms, application-code: 6ms)
 GET /api/auth/organization/list 200 in 32ms (next.js: 13ms, proxy.ts: 16ms, application-code: 3ms)
 GET /api/auth/get-session 200 in 39ms (next.js: 8ms, proxy.ts: 21ms, application-code: 10ms)
 GET /account 200 in 67ms (next.js: 2ms, proxy.ts: 3ms, application-code: 62ms)
 GET /api/auth/get-session 200 in 44ms (next.js: 6ms, proxy.ts: 4ms, application-code: 33ms)
 GET /api/auth/organization/list 200 in 51ms (next.js: 9ms, proxy.ts: 5ms, application-code: 37ms)
 GET /api/auth/passkey/list-user-passkeys 200 in 47ms (next.js: 36ms, proxy.ts: 3ms, application-code: 8ms)
 POST /api/auth/passkey/delete-passkey 200 in 12ms (next.js: 2ms, proxy.ts: 3ms, application-code: 7ms)
 GET /api/auth/passkey/list-user-passkeys 200 in 20ms (next.js: 4ms, proxy.ts: 3ms, application-code: 12ms)
 POST /api/auth/sign-out 200 in 19ms (next.js: 9ms, proxy.ts: 2ms, application-code: 8ms)
 GET /sign-in 200 in 53ms (next.js: 4ms, proxy.ts: 2ms, application-code: 47ms)
 GET /api/auth/passkey/generate-authenticate-options 200 in 13ms (next.js: 4ms, proxy.ts: 3ms, application-code: 7ms)
 POST /api/auth/passkey/verify-authentication 401 in 17ms (next.js: 5ms, proxy.ts: 3ms, application-code: 8ms)
 GET /api/auth/get-session 200 in 8ms (next.js: 1.8ms, proxy.ts: 1.9ms, application-code: 5ms)
 POST /api/auth/sign-in/magic-link 200 in 12ms (next.js: 1.9ms, proxy.ts: 2ms, application-code: 7ms)
 GET /api/auth/magic-link/verify?token=[REDACTED]&callbackURL=%2Fdashboard&errorCallbackURL=http%3A%2F%2Flocalhost%3A3017%2Fsign-in 302 in 11ms (next.js: 2ms, proxy.ts: 2ms, application-code: 7ms)
 GET /dashboard 200 in 102ms (next.js: 1.8ms, proxy.ts: 1.5ms, application-code: 99ms)
 GET /api/auth/get-session 200 in 25ms (next.js: 6ms, proxy.ts: 4ms, application-code: 15ms)
 GET /api/auth/organization/list 200 in 27ms (next.js: 11ms, proxy.ts: 5ms, application-code: 11ms)
 GET /invitation?id=7530b0ca-7ce2-460d-a4c6-1760592f9571 200 in 81ms (next.js: 30ms, proxy.ts: 4ms, application-code: 46ms)
 GET /api/auth/get-session 200 in 11ms (next.js: 3ms, proxy.ts: 2ms, application-code: 5ms)
 POST /api/auth/organization/accept-invitation 403 in 20ms (next.js: 2ms, proxy.ts: 3ms, application-code: 15ms)
 POST /invitation?id=7530b0ca-7ce2-460d-a4c6-1760592f9571 200 in 15ms (next.js: 2.0ms, proxy.ts: 2ms, application-code: 10ms)
  └─ ƒ recoverAcceptedInvitation("7530b0ca-7ce2-460d-a4c6-1760592f9571") in 5ms src/app/invitation/actions.ts
 GET /invitation?id=8787eb73-3ef4-48aa-be2c-24b6c424f3eb 200 in 31ms (next.js: 1.9ms, proxy.ts: 2ms, application-code: 27ms)
 GET /api/auth/get-session 200 in 9ms (next.js: 2ms, proxy.ts: 2ms, application-code: 5ms)
 POST /api/auth/organization/accept-invitation 400 in 10ms (next.js: 2ms, proxy.ts: 2ms, application-code: 6ms)
 POST /invitation?id=8787eb73-3ef4-48aa-be2c-24b6c424f3eb 200 in 12ms (next.js: 1.5ms, proxy.ts: 1.8ms, application-code: 9ms)
  └─ ƒ recoverAcceptedInvitation("8787eb73-3ef4-48aa-be2c-24b6c424f3eb") in 4ms src/app/invitation/actions.ts
 GET /invitation?id=d6f0c4ac-d2d1-4584-af45-8c8c53f521fc 200 in 27ms (next.js: 1.5ms, proxy.ts: 1.9ms, application-code: 24ms)
 GET /api/auth/get-session 200 in 14ms (next.js: 2ms, proxy.ts: 6ms, application-code: 6ms)
 POST /api/auth/organization/accept-invitation 400 in 13ms (next.js: 4ms, proxy.ts: 3ms, application-code: 6ms)
 POST /invitation?id=d6f0c4ac-d2d1-4584-af45-8c8c53f521fc 200 in 11ms (next.js: 1.5ms, proxy.ts: 1.7ms, application-code: 7ms)
  └─ ƒ recoverAcceptedInvitation("d6f0c4ac-d2d1-4584-af45-8c8c53f521fc") in 3ms src/app/invitation/actions.ts
 GET /invitation?id=9d0bfc4b-2227-4cfa-8d81-070469b4bb34 200 in 37ms (next.js: 1.9ms, proxy.ts: 1.8ms, application-code: 33ms)
 GET /api/auth/get-session 200 in 9ms (next.js: 2ms, proxy.ts: 2ms, application-code: 4ms)
 GET /sign-in?returnTo=%2Finvitation%3Fid%3D9d0bfc4b-2227-4cfa-8d81-070469b4bb34 200 in 20ms (next.js: 4ms, proxy.ts: 2ms, application-code: 14ms)
 POST /api/auth/sign-in/magic-link 200 in 19ms (next.js: 5ms, proxy.ts: 4ms, application-code: 10ms)
 GET /api/auth/magic-link/verify?token=[REDACTED]&callbackURL=%2Finvitation%3Fid%3D9d0bfc4b-2227-4cfa-8d81-070469b4bb34&errorCallbackURL=http%3A%2F%2Flocalhost%3A3017%2Fsign-in%3FreturnTo%3D%252Finvitation%253Fid%253D9d0bfc4b-2227-4cfa-8d81-070469b4bb34 302 in 18ms (next.js: 4ms, proxy.ts: 3ms, application-code: 11ms)
 GET /invitation?id=9d0bfc4b-2227-4cfa-8d81-070469b4bb34 200 in 34ms (next.js: 1.9ms, proxy.ts: 2ms, application-code: 30ms)
 GET /api/auth/get-session 200 in 11ms (next.js: 3ms, proxy.ts: 2ms, application-code: 5ms)
 POST /api/auth/organization/accept-invitation 403 in 16ms (next.js: 2ms, proxy.ts: 2ms, application-code: 12ms)
 POST /invitation?id=9d0bfc4b-2227-4cfa-8d81-070469b4bb34 200 in 14ms (next.js: 1.8ms, proxy.ts: 2ms, application-code: 10ms)
  └─ ƒ recoverAcceptedInvitation("9d0bfc4b-2227-4cfa-8d81-070469b4bb34") in 4ms src/app/invitation/actions.ts
 POST /api/auth/organization/accept-invitation 200 in 25ms (next.js: 2.0ms, proxy.ts: 1.9ms, application-code: 21ms)
 POST /invitation?id=9d0bfc4b-2227-4cfa-8d81-070469b4bb34 200 in 12ms (next.js: 1.7ms, proxy.ts: 1.7ms, application-code: 9ms)
  └─ ƒ recoverAcceptedInvitation("9d0bfc4b-2227-4cfa-8d81-070469b4bb34") in 4ms src/app/invitation/actions.ts
 POST /api/auth/organization/set-active 200 in 11ms (next.js: 1.8ms, proxy.ts: 1.9ms, application-code: 7ms)
 GET /api/auth/get-session 200 in 64ms (next.js: 38ms, proxy.ts: 11ms, application-code: 15ms)
 GET /dashboard 200 in 111ms (next.js: 1.9ms, proxy.ts: 1.6ms, application-code: 107ms)
 GET /api/auth/get-session 200 in 32ms (next.js: 4ms, proxy.ts: 3ms, application-code: 25ms)
 GET /api/auth/get-session 200 in 27ms (next.js: 10ms, proxy.ts: 6ms, application-code: 12ms)
 GET /api/auth/organization/list 200 in 30ms (next.js: 9ms, proxy.ts: 10ms, application-code: 11ms)
 GET /invitation?id=9d0bfc4b-2227-4cfa-8d81-070469b4bb34 200 in 42ms (next.js: 4ms, proxy.ts: 4ms, application-code: 35ms)
 GET /api/auth/get-session 200 in 15ms (next.js: 4ms, proxy.ts: 3ms, application-code: 8ms)
 POST /api/auth/organization/accept-invitation 400 in 21ms (next.js: 2ms, proxy.ts: 1.9ms, application-code: 17ms)
 POST /invitation?id=9d0bfc4b-2227-4cfa-8d81-070469b4bb34 200 in 15ms (next.js: 1.6ms, proxy.ts: 3ms, application-code: 10ms)
  └─ ƒ recoverAcceptedInvitation("9d0bfc4b-2227-4cfa-8d81-070469b4bb34") in 5ms src/app/invitation/actions.ts
 POST /api/auth/organization/set-active 200 in 11ms (next.js: 2ms, proxy.ts: 2ms, application-code: 7ms)
 GET /api/auth/get-session 200 in 68ms (next.js: 44ms, proxy.ts: 10ms, application-code: 14ms)
 GET /dashboard 200 in 113ms (next.js: 3ms, proxy.ts: 1.7ms, application-code: 108ms)
 GET /invitation?id=9d0bfc4b-2227-4cfa-8d81-070469b4bb34 200 in 32ms (next.js: 1.8ms, proxy.ts: 3ms, application-code: 28ms)
 GET /api/auth/get-session 200 in 14ms (next.js: 3ms, proxy.ts: 5ms, application-code: 6ms)
 POST /api/auth/organization/accept-invitation 400 in 11ms (next.js: 3ms, proxy.ts: 3ms, application-code: 6ms)
 POST /invitation?id=9d0bfc4b-2227-4cfa-8d81-070469b4bb34 200 in 16ms (next.js: 1.7ms, proxy.ts: 2.0ms, application-code: 12ms)
  └─ ƒ recoverAcceptedInvitation("9d0bfc4b-2227-4cfa-8d81-070469b4bb34") in 5ms src/app/invitation/actions.ts
 GET /dashboard 307 in 63ms (next.js: 1.9ms, proxy.ts: 1.7ms, application-code: 60ms)
 GET /onboarding 307 in 43ms (next.js: 1.6ms, proxy.ts: 1.8ms, application-code: 40ms)
 GET /dashboard 200 in 101ms (next.js: 1.6ms, proxy.ts: 1.8ms, application-code: 98ms)
 GET /api/auth/get-session 200 in 15ms (next.js: 4ms, proxy.ts: 2ms, application-code: 8ms)
 GET /api/auth/organization/list 200 in 50ms (next.js: 24ms, proxy.ts: 12ms, application-code: 14ms)
 GET /api/auth/get-session 200 in 52ms (next.js: 27ms, proxy.ts: 13ms, application-code: 12ms)
 GET /dashboard 307 in 96ms (next.js: 2.0ms, proxy.ts: 2ms, application-code: 91ms)
 GET /onboarding 200 in 53ms (next.js: 4ms, proxy.ts: 5ms, application-code: 44ms)
 GET /api/auth/get-session 200 in 11ms (next.js: 2ms, proxy.ts: 4ms, application-code: 5ms)
 GET /account 200 in 42ms (next.js: 1.8ms, proxy.ts: 1.7ms, application-code: 38ms)
 GET /api/auth/organization/list 200 in 24ms (next.js: 13ms, proxy.ts: 5ms, application-code: 7ms)
 GET /api/auth/get-session 200 in 26ms (next.js: 9ms, proxy.ts: 3ms, application-code: 15ms)
 GET /api/auth/passkey/list-user-passkeys 200 in 26ms (next.js: 18ms, proxy.ts: 4ms, application-code: 5ms)
 POST /api/auth/sign-out 200 in 10ms (next.js: 1.8ms, proxy.ts: 1.9ms, application-code: 7ms)
 GET /sign-in 200 in 56ms (next.js: 4ms, proxy.ts: 1.8ms, application-code: 51ms)
 GET /api/auth/get-session 200 in 15ms (next.js: 5ms, proxy.ts: 3ms, application-code: 7ms)
  ✓   7 [chromium] › e2e/auth-lifecycle-local.spec.ts:85:9 › auth lifecycle fr: verification, magic link, reset, sessions and passkey (11.5s)
 GET /sign-up 200 in 45ms (next.js: 5ms, proxy.ts: 4ms, application-code: 36ms)
 POST /api/auth/sign-up/email 200 in 91ms (next.js: 5ms, proxy.ts: 5ms, application-code: 80ms)
 GET /api/auth/get-session 200 in 11ms (next.js: 3ms, proxy.ts: 3ms, application-code: 5ms)
 GET /sign-in 200 in 34ms (next.js: 4ms, proxy.ts: 1.8ms, application-code: 28ms)
 POST /api/auth/sign-in/email 403 in 89ms (next.js: 4ms, proxy.ts: 4ms, application-code: 81ms)
 GET /api/auth/get-session 200 in 11ms (next.js: 2ms, proxy.ts: 4ms, application-code: 5ms)
 GET /api/auth/verify-email?token=[REDACTED]&callbackURL=%2Fdashboard 302 in 10ms (next.js: 1.9ms, proxy.ts: 1.9ms, application-code: 6ms)
 GET /dashboard 307 in 53ms (next.js: 1.8ms, proxy.ts: 1.6ms, application-code: 50ms)
 GET /sign-in 200 in 34ms (next.js: 4ms, proxy.ts: 2ms, application-code: 28ms)
 GET /sign-in 200 in 51ms (next.js: 6ms, proxy.ts: 7ms, application-code: 38ms)
 POST /api/auth/sign-in/email 200 in 85ms (next.js: 4ms, proxy.ts: 3ms, application-code: 79ms)
 GET /dashboard 307 in 55ms (next.js: 1.9ms, proxy.ts: 3ms, application-code: 50ms)
 GET /onboarding 200 in 53ms (next.js: 3ms, proxy.ts: 2ms, application-code: 48ms)
 GET /settings 200 in 83ms (next.js: 4ms, proxy.ts: 1.8ms, application-code: 77ms)
 POST /onboarding 200 in 105ms (next.js: 1.7ms, proxy.ts: 2ms, application-code: 101ms)
  └─ ƒ createWorkspace({}) in 11ms src/app/onboarding/actions.ts
 GET /api/auth/get-session 200 in 34ms (next.js: 4ms, proxy.ts: 3ms, application-code: 27ms)
 GET /api/auth/organization/list 200 in 38ms (next.js: 10ms, proxy.ts: 4ms, application-code: 24ms)
 GET /api/auth/get-session 200 in 24ms (next.js: 5ms, proxy.ts: 14ms, application-code: 5ms)
 GET /sign-in 200 in 41ms (next.js: 4ms, proxy.ts: 2ms, application-code: 36ms)
 POST /api/auth/sign-in/magic-link 200 in 17ms (next.js: 4ms, proxy.ts: 2ms, application-code: 11ms)
 GET /api/auth/magic-link/verify?token=[REDACTED]&callbackURL=%2Fdashboard&errorCallbackURL=http%3A%2F%2Flocalhost%3A3017%2Fsign-in 302 in 13ms (next.js: 2ms, proxy.ts: 2ms, application-code: 8ms)
 GET /dashboard 200 in 108ms (next.js: 2ms, proxy.ts: 1.8ms, application-code: 104ms)
 GET /api/auth/get-session 200 in 11ms (next.js: 2ms, proxy.ts: 2ms, application-code: 7ms)
 GET /api/auth/get-session 200 in 30ms (next.js: 11ms, proxy.ts: 9ms, application-code: 11ms)
 GET /api/auth/organization/list 200 in 31ms (next.js: 11ms, proxy.ts: 10ms, application-code: 10ms)
 GET /api/auth/magic-link/verify?token=[REDACTED]&callbackURL=%2Fdashboard&errorCallbackURL=http%3A%2F%2Flocalhost%3A3017%2Fsign-in 302 in 18ms (next.js: 7ms, proxy.ts: 6ms, application-code: 5ms)
 GET /sign-in?error=INVALID_TOKEN 200 in 34ms (next.js: 3ms, proxy.ts: 1.7ms, application-code: 29ms)
 GET /api/auth/get-session 200 in 13ms (next.js: 3ms, proxy.ts: 4ms, application-code: 6ms)
 GET /forgot-password 200 in 53ms (next.js: 3ms, proxy.ts: 3ms, application-code: 47ms)
 POST /api/auth/request-password-reset 200 in 15ms (next.js: 4ms, proxy.ts: 2ms, application-code: 9ms)
 GET /api/auth/reset-password/[REDACTED]?callbackURL=%2Freset-password 302 in 11ms (next.js: 2ms, proxy.ts: 3ms, application-code: 6ms)
 GET /reset-password?token=[REDACTED] 200 in 42ms (next.js: 3ms, proxy.ts: 4ms, application-code: 35ms)
 POST /api/auth/reset-password 200 in 79ms (next.js: 2ms, proxy.ts: 3ms, application-code: 74ms)
 GET /api/auth/get-session 200 in 9ms (next.js: 2ms, proxy.ts: 1.9ms, application-code: 5ms)
 GET /api/auth/get-session 200 in 8ms (next.js: 1.7ms, proxy.ts: 1.5ms, application-code: 4ms)
 GET /api/auth/reset-password/[REDACTED]?callbackURL=%2Freset-password 302 in 9ms (next.js: 2ms, proxy.ts: 1.7ms, application-code: 5ms)
 GET /reset-password?error=INVALID_TOKEN 200 in 27ms (next.js: 1.4ms, proxy.ts: 1.4ms, application-code: 24ms)
 GET /sign-in 200 in 34ms (next.js: 5ms, proxy.ts: 3ms, application-code: 25ms)
2026-09-07T08:34:45.677Z WARN [Better Auth]: Invalid password
 POST /api/auth/sign-in/email 401 in 91ms (next.js: 5ms, proxy.ts: 3ms, application-code: 82ms)
 GET /api/auth/get-session 200 in 18ms (next.js: 2ms, proxy.ts: 2ms, application-code: 14ms)
 GET /sign-in 200 in 33ms (next.js: 3ms, proxy.ts: 1.7ms, application-code: 28ms)
 POST /api/auth/sign-in/email 200 in 118ms (next.js: 2.0ms, proxy.ts: 4ms, application-code: 112ms)
 GET /dashboard 200 in 112ms (next.js: 3ms, proxy.ts: 3ms, application-code: 106ms)
 GET /sign-in 200 in 45ms (next.js: 4ms, proxy.ts: 2ms, application-code: 39ms)
 GET /api/auth/get-session 200 in 41ms (next.js: 14ms, proxy.ts: 11ms, application-code: 16ms)
 GET /api/auth/organization/list 200 in 43ms (next.js: 16ms, proxy.ts: 12ms, application-code: 15ms)
 POST /api/auth/sign-in/email 200 in 85ms (next.js: 4ms, proxy.ts: 3ms, application-code: 79ms)
 GET /dashboard 200 in 109ms (next.js: 2ms, proxy.ts: 3ms, application-code: 104ms)
 GET /account 200 in 75ms (next.js: 3ms, proxy.ts: 4ms, application-code: 69ms)
 GET /api/auth/get-session 200 in 33ms (next.js: 8ms, proxy.ts: 9ms, application-code: 15ms)
 GET /api/auth/organization/list 200 in 40ms (next.js: 12ms, proxy.ts: 9ms, application-code: 19ms)
 GET /api/auth/get-session 200 in 23ms (next.js: 8ms, proxy.ts: 3ms, application-code: 11ms)
 GET /api/auth/organization/list 200 in 28ms (next.js: 11ms, proxy.ts: 5ms, application-code: 12ms)
 GET /api/auth/passkey/list-user-passkeys 200 in 24ms (next.js: 14ms, proxy.ts: 3ms, application-code: 7ms)
 POST /api/auth/revoke-other-sessions 200 in 14ms (next.js: 3ms, proxy.ts: 3ms, application-code: 8ms)
 GET /api/auth/get-session 200 in 16ms (next.js: 3ms, proxy.ts: 3ms, application-code: 10ms)
 GET /api/auth/get-session 200 in 15ms (next.js: 6ms, proxy.ts: 2ms, application-code: 7ms)
 GET /api/auth/get-session 200 in 9ms (next.js: 1.9ms, proxy.ts: 1.7ms, application-code: 6ms)
 GET /api/auth/passkey/generate-register-options?authenticatorAttachment=platform&name=Ads%20by%20Yodev%20passkey 200 in 21ms (next.js: 10ms, proxy.ts: 3ms, application-code: 7ms)
 POST /api/auth/passkey/verify-registration 200 in 13ms (next.js: 2ms, proxy.ts: 1.7ms, application-code: 9ms)
 GET /api/auth/passkey/list-user-passkeys 200 in 9ms (next.js: 1.8ms, proxy.ts: 1.9ms, application-code: 6ms)
 GET /api/auth/passkey/list-user-passkeys 200 in 10ms (next.js: 1.9ms, proxy.ts: 1.7ms, application-code: 6ms)
 POST /api/auth/passkey/delete-passkey 401 in 9ms (next.js: 1.9ms, proxy.ts: 1.4ms, application-code: 6ms)
 POST /api/auth/sign-out 200 in 8ms (next.js: 1.7ms, proxy.ts: 1.5ms, application-code: 4ms)
 GET /sign-in 200 in 31ms (next.js: 3ms, proxy.ts: 1.5ms, application-code: 26ms)
 GET /api/auth/passkey/generate-authenticate-options 200 in 11ms (next.js: 1.9ms, proxy.ts: 2ms, application-code: 7ms)
 POST /api/auth/passkey/verify-authentication 200 in 32ms (next.js: 9ms, proxy.ts: 3ms, application-code: 19ms)
 GET /dashboard 200 in 127ms (next.js: 4ms, proxy.ts: 5ms, application-code: 118ms)
 GET /api/auth/get-session 200 in 12ms (next.js: 3ms, proxy.ts: 2ms, application-code: 7ms)
 GET /api/auth/get-session 200 in 44ms (next.js: 8ms, proxy.ts: 24ms, application-code: 12ms)
 GET /api/auth/organization/list 200 in 35ms (next.js: 14ms, proxy.ts: 17ms, application-code: 4ms)
 GET /account 200 in 71ms (next.js: 2ms, proxy.ts: 2ms, application-code: 67ms)
 GET /api/auth/get-session 200 in 21ms (next.js: 6ms, proxy.ts: 3ms, application-code: 13ms)
 GET /api/auth/organization/list 200 in 23ms (next.js: 9ms, proxy.ts: 4ms, application-code: 11ms)
 GET /api/auth/passkey/list-user-passkeys 200 in 19ms (next.js: 7ms, proxy.ts: 6ms, application-code: 6ms)
 POST /api/auth/passkey/delete-passkey 200 in 11ms (next.js: 2ms, proxy.ts: 2ms, application-code: 7ms)
 GET /api/auth/passkey/list-user-passkeys 200 in 12ms (next.js: 3ms, proxy.ts: 1.8ms, application-code: 7ms)
 POST /api/auth/sign-out 200 in 10ms (next.js: 3ms, proxy.ts: 2ms, application-code: 5ms)
 GET /sign-in 200 in 33ms (next.js: 4ms, proxy.ts: 1.4ms, application-code: 28ms)
 GET /api/auth/passkey/generate-authenticate-options 200 in 19ms (next.js: 3ms, proxy.ts: 4ms, application-code: 11ms)
 POST /api/auth/passkey/verify-authentication 401 in 19ms (next.js: 6ms, proxy.ts: 3ms, application-code: 10ms)
 GET /api/auth/get-session 200 in 10ms (next.js: 4ms, proxy.ts: 2ms, application-code: 4ms)
 POST /api/auth/sign-in/magic-link 200 in 12ms (next.js: 2ms, proxy.ts: 3ms, application-code: 8ms)
 GET /api/auth/magic-link/verify?token=[REDACTED]&callbackURL=%2Fdashboard&errorCallbackURL=http%3A%2F%2Flocalhost%3A3017%2Fsign-in 302 in 12ms (next.js: 1.9ms, proxy.ts: 3ms, application-code: 8ms)
 GET /dashboard 200 in 112ms (next.js: 1.9ms, proxy.ts: 10ms, application-code: 101ms)
 GET /api/auth/get-session 200 in 18ms (next.js: 4ms, proxy.ts: 3ms, application-code: 12ms)
 GET /api/auth/organization/list 200 in 19ms (next.js: 7ms, proxy.ts: 3ms, application-code: 10ms)
 GET /invitation?id=3c7e7f3f-5c59-4ff7-bd3d-56009f68969c 200 in 39ms (next.js: 1.8ms, proxy.ts: 1.7ms, application-code: 36ms)
 GET /api/auth/get-session 200 in 11ms (next.js: 1.9ms, proxy.ts: 3ms, application-code: 7ms)
 POST /api/auth/organization/accept-invitation 403 in 16ms (next.js: 3ms, proxy.ts: 2ms, application-code: 10ms)
 POST /invitation?id=3c7e7f3f-5c59-4ff7-bd3d-56009f68969c 200 in 12ms (next.js: 1.8ms, proxy.ts: 1.9ms, application-code: 9ms)
  └─ ƒ recoverAcceptedInvitation("3c7e7f3f-5c59-4ff7-bd3d-56009f68969c") in 3ms src/app/invitation/actions.ts
 GET /invitation?id=2fffff6b-b8ba-40cb-8297-64f3352aef86 200 in 29ms (next.js: 2ms, proxy.ts: 2ms, application-code: 25ms)
 GET /api/auth/get-session 200 in 11ms (next.js: 3ms, proxy.ts: 2ms, application-code: 6ms)
 POST /api/auth/organization/accept-invitation 400 in 11ms (next.js: 2ms, proxy.ts: 3ms, application-code: 6ms)
 POST /invitation?id=2fffff6b-b8ba-40cb-8297-64f3352aef86 200 in 12ms (next.js: 1.7ms, proxy.ts: 1.9ms, application-code: 9ms)
  └─ ƒ recoverAcceptedInvitation("2fffff6b-b8ba-40cb-8297-64f3352aef86") in 4ms src/app/invitation/actions.ts
 GET /invitation?id=c2690be2-ed08-468f-b540-5b8d43506288 200 in 30ms (next.js: 1.8ms, proxy.ts: 1.8ms, application-code: 27ms)
 GET /api/auth/get-session 200 in 10ms (next.js: 1.9ms, proxy.ts: 3ms, application-code: 6ms)
 POST /api/auth/organization/accept-invitation 400 in 17ms (next.js: 2ms, proxy.ts: 2ms, application-code: 13ms)
 POST /invitation?id=c2690be2-ed08-468f-b540-5b8d43506288 200 in 13ms (next.js: 1.9ms, proxy.ts: 1.9ms, application-code: 9ms)
  └─ ƒ recoverAcceptedInvitation("c2690be2-ed08-468f-b540-5b8d43506288") in 4ms src/app/invitation/actions.ts
 GET /invitation?id=8a83d0aa-d47f-41ab-a382-3b2f300945fd 200 in 37ms (next.js: 4ms, proxy.ts: 4ms, application-code: 30ms)
 GET /api/auth/get-session 200 in 11ms (next.js: 4ms, proxy.ts: 3ms, application-code: 5ms)
 GET /sign-in?returnTo=%2Finvitation%3Fid%3D8a83d0aa-d47f-41ab-a382-3b2f300945fd 200 in 23ms (next.js: 4ms, proxy.ts: 2ms, application-code: 16ms)
 POST /api/auth/sign-in/magic-link 200 in 14ms (next.js: 2ms, proxy.ts: 3ms, application-code: 8ms)
 GET /api/auth/magic-link/verify?token=[REDACTED]&callbackURL=%2Finvitation%3Fid%3D8a83d0aa-d47f-41ab-a382-3b2f300945fd&errorCallbackURL=http%3A%2F%2Flocalhost%3A3017%2Fsign-in%3FreturnTo%3D%252Finvitation%253Fid%253D8a83d0aa-d47f-41ab-a382-3b2f300945fd 302 in 13ms (next.js: 2ms, proxy.ts: 2.0ms, application-code: 9ms)
 GET /invitation?id=8a83d0aa-d47f-41ab-a382-3b2f300945fd 200 in 28ms (next.js: 1.7ms, proxy.ts: 1.5ms, application-code: 24ms)
 GET /api/auth/get-session 200 in 9ms (next.js: 2ms, proxy.ts: 1.8ms, application-code: 5ms)
 POST /api/auth/organization/accept-invitation 403 in 22ms (next.js: 2.0ms, proxy.ts: 2ms, application-code: 18ms)
 POST /invitation?id=8a83d0aa-d47f-41ab-a382-3b2f300945fd 200 in 13ms (next.js: 2ms, proxy.ts: 2ms, application-code: 9ms)
  └─ ƒ recoverAcceptedInvitation("8a83d0aa-d47f-41ab-a382-3b2f300945fd") in 4ms src/app/invitation/actions.ts
 POST /api/auth/organization/accept-invitation 200 in 14ms (next.js: 2ms, proxy.ts: 1.8ms, application-code: 10ms)
 POST /invitation?id=8a83d0aa-d47f-41ab-a382-3b2f300945fd 200 in 13ms (next.js: 2ms, proxy.ts: 1.7ms, application-code: 9ms)
  └─ ƒ recoverAcceptedInvitation("8a83d0aa-d47f-41ab-a382-3b2f300945fd") in 4ms src/app/invitation/actions.ts
 POST /api/auth/organization/set-active 200 in 13ms (next.js: 2.0ms, proxy.ts: 1.8ms, application-code: 9ms)
 GET /api/auth/get-session 200 in 67ms (next.js: 39ms, proxy.ts: 12ms, application-code: 16ms)
 GET /dashboard 200 in 122ms (next.js: 1.9ms, proxy.ts: 1.7ms, application-code: 118ms)
 GET /api/auth/get-session 200 in 10ms (next.js: 2.0ms, proxy.ts: 2ms, application-code: 6ms)
 GET /api/auth/get-session 200 in 20ms (next.js: 5ms, proxy.ts: 3ms, application-code: 12ms)
 GET /api/auth/organization/list 200 in 22ms (next.js: 8ms, proxy.ts: 4ms, application-code: 10ms)
 GET /invitation?id=8a83d0aa-d47f-41ab-a382-3b2f300945fd 200 in 28ms (next.js: 1.8ms, proxy.ts: 1.8ms, application-code: 25ms)
 GET /api/auth/get-session 200 in 11ms (next.js: 2ms, proxy.ts: 2ms, application-code: 6ms)
 POST /api/auth/organization/accept-invitation 400 in 19ms (next.js: 7ms, proxy.ts: 2ms, application-code: 10ms)
 POST /invitation?id=8a83d0aa-d47f-41ab-a382-3b2f300945fd 200 in 14ms (next.js: 1.7ms, proxy.ts: 1.8ms, application-code: 11ms)
  └─ ƒ recoverAcceptedInvitation("8a83d0aa-d47f-41ab-a382-3b2f300945fd") in 6ms src/app/invitation/actions.ts
 POST /api/auth/organization/set-active 200 in 12ms (next.js: 2ms, proxy.ts: 1.8ms, application-code: 8ms)
 GET /api/auth/get-session 200 in 74ms (next.js: 40ms, proxy.ts: 19ms, application-code: 16ms)
 GET /dashboard 200 in 129ms (next.js: 2ms, proxy.ts: 1.7ms, application-code: 125ms)
 GET /invitation?id=8a83d0aa-d47f-41ab-a382-3b2f300945fd 200 in 32ms (next.js: 1.7ms, proxy.ts: 2ms, application-code: 28ms)
 GET /api/auth/get-session 200 in 11ms (next.js: 3ms, proxy.ts: 2ms, application-code: 6ms)
 POST /api/auth/organization/accept-invitation 400 in 12ms (next.js: 3ms, proxy.ts: 2ms, application-code: 7ms)
 POST /invitation?id=8a83d0aa-d47f-41ab-a382-3b2f300945fd 200 in 16ms (next.js: 1.7ms, proxy.ts: 4ms, application-code: 10ms)
  └─ ƒ recoverAcceptedInvitation("8a83d0aa-d47f-41ab-a382-3b2f300945fd") in 5ms src/app/invitation/actions.ts
 GET /dashboard 307 in 69ms (next.js: 3ms, proxy.ts: 1.7ms, application-code: 65ms)
 GET /onboarding 307 in 46ms (next.js: 1.8ms, proxy.ts: 3ms, application-code: 41ms)
 GET /dashboard 200 in 108ms (next.js: 1.8ms, proxy.ts: 1.7ms, application-code: 105ms)
 GET /api/auth/get-session 200 in 19ms (next.js: 7ms, proxy.ts: 3ms, application-code: 10ms)
 GET /api/auth/get-session 200 in 52ms (next.js: 24ms, proxy.ts: 14ms, application-code: 15ms)
 GET /api/auth/organization/list 200 in 55ms (next.js: 26ms, proxy.ts: 15ms, application-code: 14ms)
 GET /dashboard 307 in 98ms (next.js: 3ms, proxy.ts: 3ms, application-code: 93ms)
 GET /onboarding 200 in 52ms (next.js: 3ms, proxy.ts: 5ms, application-code: 44ms)
 GET /api/auth/get-session 200 in 22ms (next.js: 5ms, proxy.ts: 12ms, application-code: 6ms)
 GET /account 200 in 40ms (next.js: 1.9ms, proxy.ts: 2ms, application-code: 36ms)
 GET /api/auth/get-session 200 in 24ms (next.js: 8ms, proxy.ts: 3ms, application-code: 13ms)
 GET /api/auth/organization/list 200 in 25ms (next.js: 10ms, proxy.ts: 4ms, application-code: 11ms)
 GET /api/auth/passkey/list-user-passkeys 200 in 24ms (next.js: 11ms, proxy.ts: 3ms, application-code: 10ms)
 POST /api/auth/sign-out 200 in 9ms (next.js: 1.8ms, proxy.ts: 1.8ms, application-code: 5ms)
 GET /sign-in 200 in 39ms (next.js: 3ms, proxy.ts: 2ms, application-code: 33ms)
 GET /api/auth/get-session 200 in 13ms (next.js: 3ms, proxy.ts: 3ms, application-code: 8ms)
  ✓   8 [chromium] › e2e/auth-lifecycle-local.spec.ts:85:9 › auth lifecycle en: verification, magic link, reset, sessions and passkey (11.2s)
 GET /dashboard 200 in 124ms (next.js: 2ms, proxy.ts: 1.9ms, application-code: 120ms)
 GET /api/auth/get-session 200 in 107ms (next.js: 23ms, proxy.ts: 24ms, application-code: 59ms)
 GET /api/auth/organization/list 200 in 178ms (next.js: 34ms, proxy.ts: 22ms, application-code: 122ms)
 GET /settings 200 in 213ms (next.js: 4ms, proxy.ts: 2ms, application-code: 207ms)
 GET /api/auth/get-session 200 in 101ms (next.js: 14ms, proxy.ts: 33ms, application-code: 53ms)
 GET /api/auth/organization/list 200 in 105ms (next.js: 23ms, proxy.ts: 32ms, application-code: 49ms)
 GET /billing 200 in 186ms (next.js: 4ms, proxy.ts: 3ms, application-code: 179ms)
 GET /api/auth/get-session 200 in 103ms (next.js: 16ms, proxy.ts: 32ms, application-code: 55ms)
 GET /api/auth/organization/list 200 in 120ms (next.js: 23ms, proxy.ts: 22ms, application-code: 75ms)
 GET /support 200 in 164ms (next.js: 4ms, proxy.ts: 1.7ms, application-code: 159ms)
  ✓   9 [chromium] › e2e/authenticated-rbac.spec.ts:55:9 › authenticated five-role route matrix › owner has only its server-authorized product surface (1.3s)
 GET /dashboard 200 in 106ms (next.js: 1.9ms, proxy.ts: 1.8ms, application-code: 102ms)
 GET /api/auth/get-session 200 in 154ms (next.js: 20ms, proxy.ts: 23ms, application-code: 111ms)
 GET /api/auth/organization/list 200 in 169ms (next.js: 17ms, proxy.ts: 23ms, application-code: 129ms)
 GET /settings 200 in 261ms (next.js: 2ms, proxy.ts: 2ms, application-code: 257ms)
 GET /api/auth/get-session 200 in 109ms (next.js: 16ms, proxy.ts: 29ms, application-code: 64ms)
 GET /api/auth/organization/list 200 in 134ms (next.js: 26ms, proxy.ts: 28ms, application-code: 81ms)
 GET /support 200 in 166ms (next.js: 2ms, proxy.ts: 1.8ms, application-code: 162ms)
⨯ Error [PermissionDeniedError]: Permission required: billing:manage
    at requirePermission (src/lib/permissions.ts:79:19)
    at requireWorkspacePermission (src/lib/workspace.ts:164:73)
    at async BillingPage (src/app/(app)/billing/page.tsx:23:40)
  77 | export function requirePermission(role: WorkspaceRole, permission: Permission) {
  78 |   if (!rolePermissions[role].has(permission)) {
> 79 |     const error = new Error(`Permission required: ${permission}`)
     |                   ^
  80 |     error.name = 'PermissionDeniedError'
  81 |     throw error
  82 |   } {
  digest: '2228710010'
}
 GET /api/auth/get-session 200 in 84ms (next.js: 32ms, proxy.ts: 26ms, application-code: 26ms)
 GET /api/auth/organization/list 200 in 87ms (next.js: 34ms, proxy.ts: 24ms, application-code: 29ms)
 GET /billing 307 in 114ms (next.js: 2ms, proxy.ts: 1.8ms, application-code: 110ms)
 GET /support?error=Acc%C3%A8s%20non%20autoris%C3%A9 200 in 141ms (next.js: 7ms, proxy.ts: 9ms, application-code: 125ms)
  ✓  10 [chromium] › e2e/authenticated-rbac.spec.ts:55:9 › authenticated five-role route matrix › admin has only its server-authorized product surface (1.4s)
 GET /dashboard 200 in 106ms (next.js: 2ms, proxy.ts: 2.0ms, application-code: 101ms)
 GET /api/auth/get-session 200 in 96ms (next.js: 18ms, proxy.ts: 25ms, application-code: 52ms)
 GET /api/auth/organization/list 200 in 132ms (next.js: 28ms, proxy.ts: 23ms, application-code: 81ms)
 GET /tasks 200 in 169ms (next.js: 4ms, proxy.ts: 1.7ms, application-code: 163ms)
 GET /api/auth/get-session 200 in 66ms (next.js: 37ms, proxy.ts: 10ms, application-code: 20ms)
 GET /api/auth/organization/list 200 in 92ms (next.js: 39ms, proxy.ts: 10ms, application-code: 43ms)
 GET /support 200 in 137ms (next.js: 1.9ms, proxy.ts: 1.6ms, application-code: 134ms)
⨯ Error [PermissionDeniedError]: Permission required: workspace:admin
    at requirePermission (src/lib/permissions.ts:79:19)
    at requireWorkspacePermission (src/lib/workspace.ts:164:73)
    at async SettingsPage (src/app/(app)/settings/page.tsx:51:57)
  77 | export function requirePermission(role: WorkspaceRole, permission: Permission) {
  78 |   if (!rolePermissions[role].has(permission)) {
> 79 |     const error = new Error(`Permission required: ${permission}`)
     |                   ^
  80 |     error.name = 'PermissionDeniedError'
  81 |     throw error
  82 |   } {
  digest: '1433486316'
}
 GET /api/auth/get-session 200 in 74ms (next.js: 25ms, proxy.ts: 22ms, application-code: 27ms)
 GET /api/auth/organization/list 200 in 63ms (next.js: 34ms, proxy.ts: 11ms, application-code: 19ms)
 GET /settings 307 in 111ms (next.js: 2ms, proxy.ts: 2ms, application-code: 107ms)
 GET /support?error=Acc%C3%A8s%20non%20autoris%C3%A9 200 in 123ms (next.js: 3ms, proxy.ts: 7ms, application-code: 113ms)
⨯ Error [PermissionDeniedError]: Permission required: billing:manage
    at requirePermission (src/lib/permissions.ts:79:19)
    at requireWorkspacePermission (src/lib/workspace.ts:164:73)
    at async BillingPage (src/app/(app)/billing/page.tsx:23:40)
  77 | export function requirePermission(role: WorkspaceRole, permission: Permission) {
  78 |   if (!rolePermissions[role].has(permission)) {
> 79 |     const error = new Error(`Permission required: ${permission}`)
     |                   ^
  80 |     error.name = 'PermissionDeniedError'
  81 |     throw error
  82 |   } {
  digest: '2228710010'
}
 GET /api/auth/get-session 200 in 67ms (next.js: 19ms, proxy.ts: 25ms, application-code: 24ms)
 GET /api/auth/organization/list 200 in 68ms (next.js: 23ms, proxy.ts: 23ms, application-code: 21ms)
 GET /billing 307 in 93ms (next.js: 1.9ms, proxy.ts: 2ms, application-code: 88ms)
 GET /support?error=Acc%C3%A8s%20non%20autoris%C3%A9 200 in 129ms (next.js: 3ms, proxy.ts: 3ms, application-code: 124ms)
  ✓  11 [chromium] › e2e/authenticated-rbac.spec.ts:55:9 › authenticated five-role route matrix › strategist has only its server-authorized product surface (1.6s)
 GET /dashboard 200 in 98ms (next.js: 1.7ms, proxy.ts: 1.8ms, application-code: 95ms)
 GET /api/auth/get-session 200 in 96ms (next.js: 17ms, proxy.ts: 30ms, application-code: 49ms)
 GET /api/auth/organization/list 200 in 127ms (next.js: 19ms, proxy.ts: 30ms, application-code: 78ms)
 GET /reports 200 in 156ms (next.js: 6ms, proxy.ts: 2ms, application-code: 148ms)
 GET /api/auth/get-session 200 in 97ms (next.js: 36ms, proxy.ts: 17ms, application-code: 44ms)
 GET /api/auth/organization/list 200 in 101ms (next.js: 42ms, proxy.ts: 17ms, application-code: 41ms)
 GET /support 200 in 146ms (next.js: 1.9ms, proxy.ts: 1.9ms, application-code: 142ms)
⨯ Error [PermissionDeniedError]: Permission required: workspace:admin
    at requirePermission (src/lib/permissions.ts:79:19)
    at requireWorkspacePermission (src/lib/workspace.ts:164:73)
    at async SettingsPage (src/app/(app)/settings/page.tsx:51:57)
  77 | export function requirePermission(role: WorkspaceRole, permission: Permission) {
  78 |   if (!rolePermissions[role].has(permission)) {
> 79 |     const error = new Error(`Permission required: ${permission}`)
     |                   ^
  80 |     error.name = 'PermissionDeniedError'
  81 |     throw error
  82 |   } {
  digest: '1433486316'
}
 GET /api/auth/get-session 200 in 77ms (next.js: 18ms, proxy.ts: 26ms, application-code: 33ms)
 GET /api/auth/organization/list 200 in 77ms (next.js: 23ms, proxy.ts: 24ms, application-code: 30ms)
 GET /settings 307 in 104ms (next.js: 3ms, proxy.ts: 2ms, application-code: 99ms)
 GET /support?error=Acc%C3%A8s%20non%20autoris%C3%A9 200 in 119ms (next.js: 1.9ms, proxy.ts: 3ms, application-code: 113ms)
⨯ Error [PermissionDeniedError]: Permission required: billing:manage
    at requirePermission (src/lib/permissions.ts:79:19)
    at requireWorkspacePermission (src/lib/workspace.ts:164:73)
    at async BillingPage (src/app/(app)/billing/page.tsx:23:40)
  77 | export function requirePermission(role: WorkspaceRole, permission: Permission) {
  78 |   if (!rolePermissions[role].has(permission)) {
> 79 |     const error = new Error(`Permission required: ${permission}`)
     |                   ^
  80 |     error.name = 'PermissionDeniedError'
  81 |     throw error
  82 |   } {
  digest: '2228710010'
}
 GET /api/auth/get-session 200 in 78ms (next.js: 22ms, proxy.ts: 32ms, application-code: 24ms)
 GET /api/auth/organization/list 200 in 78ms (next.js: 26ms, proxy.ts: 31ms, application-code: 21ms)
 GET /billing 307 in 102ms (next.js: 2ms, proxy.ts: 1.9ms, application-code: 98ms)
 GET /support?error=Acc%C3%A8s%20non%20autoris%C3%A9 200 in 115ms (next.js: 2ms, proxy.ts: 3ms, application-code: 110ms)
  ✓  12 [chromium] › e2e/authenticated-rbac.spec.ts:55:9 › authenticated five-role route matrix › analyst has only its server-authorized product surface (1.6s)
 GET /support 200 in 89ms (next.js: 1.7ms, proxy.ts: 2.0ms, application-code: 85ms)
⨯ Error [PermissionDeniedError]: Permission required: portfolio:read
    at requirePermission (src/lib/permissions.ts:79:19)
    at requireWorkspacePermission (src/lib/workspace.ts:164:73)
    at async DashboardPage (src/app/(app)/dashboard/page.tsx:27:54)
  77 | export function requirePermission(role: WorkspaceRole, permission: Permission) {
  78 |   if (!rolePermissions[role].has(permission)) {
> 79 |     const error = new Error(`Permission required: ${permission}`)
     |                   ^
  80 |     error.name = 'PermissionDeniedError'
  81 |     throw error
  82 |   } {
  digest: '2625592173'
}
 GET /api/auth/get-session 200 in 90ms (next.js: 53ms, proxy.ts: 4ms, application-code: 33ms)
 GET /api/auth/organization/list 200 in 112ms (next.js: 54ms, proxy.ts: 5ms, application-code: 53ms)
 GET /dashboard 307 in 114ms (next.js: 3ms, proxy.ts: 4ms, application-code: 106ms)
 GET /support?error=Acc%C3%A8s%20non%20autoris%C3%A9 200 in 92ms (next.js: 1.7ms, proxy.ts: 2ms, application-code: 88ms)
⨯ Error [PermissionDeniedError]: Permission required: workspace:admin
    at requirePermission (src/lib/permissions.ts:79:19)
    at requireWorkspacePermission (src/lib/workspace.ts:164:73)
    at async SettingsPage (src/app/(app)/settings/page.tsx:51:57)
  77 | export function requirePermission(role: WorkspaceRole, permission: Permission) {
  78 |   if (!rolePermissions[role].has(permission)) {
> 79 |     const error = new Error(`Permission required: ${permission}`)
     |                   ^
  80 |     error.name = 'PermissionDeniedError'
  81 |     throw error
  82 |   } {
  digest: '1433486316'
}
 GET /api/auth/get-session 200 in 76ms (next.js: 38ms, proxy.ts: 4ms, application-code: 35ms)
 GET /api/auth/organization/list 200 in 89ms (next.js: 48ms, proxy.ts: 4ms, application-code: 38ms)
 GET /settings 307 in 95ms (next.js: 3ms, proxy.ts: 4ms, application-code: 88ms)
 GET /support?error=Acc%C3%A8s%20non%20autoris%C3%A9 200 in 96ms (next.js: 2.0ms, proxy.ts: 2ms, application-code: 92ms)
 GET /api/auth/get-session 200 in 65ms (next.js: 47ms, proxy.ts: 4ms, application-code: 13ms)
⨯ Error [PermissionDeniedError]: Permission required: billing:manage
    at requirePermission (src/lib/permissions.ts:79:19)
    at requireWorkspacePermission (src/lib/workspace.ts:164:73)
    at async BillingPage (src/app/(app)/billing/page.tsx:23:40)
  77 | export function requirePermission(role: WorkspaceRole, permission: Permission) {
  78 |   if (!rolePermissions[role].has(permission)) {
> 79 |     const error = new Error(`Permission required: ${permission}`)
     |                   ^
  80 |     error.name = 'PermissionDeniedError'
  81 |     throw error
  82 |   } {
  digest: '2228710010'
}
 GET /api/auth/organization/list 200 in 86ms (next.js: 50ms, proxy.ts: 4ms, application-code: 32ms)
 GET /billing 307 in 94ms (next.js: 3ms, proxy.ts: 4ms, application-code: 87ms)
 GET /support?error=Acc%C3%A8s%20non%20autoris%C3%A9 200 in 96ms (next.js: 2ms, proxy.ts: 1.7ms, application-code: 92ms)
  ✓  13 [chromium] › e2e/authenticated-rbac.spec.ts:55:9 › authenticated five-role route matrix › client has only its server-authorized product surface (1.3s)
 GET /api/exports/80000000-0000-4000-8000-000000000003 404 in 820ms (next.js: 793ms, proxy.ts: 2ms, application-code: 25ms)
  ✓  14 [chromium] › e2e/authenticated-rbac.spec.ts:75:9 › authenticated five-role route matrix › owner cannot cross the direct export API boundary (1.2s)
 GET /api/exports/80000000-0000-4000-8000-000000000003 403 in 12ms (next.js: 3ms, proxy.ts: 1.6ms, application-code: 7ms)
  ✓  15 [chromium] › e2e/authenticated-rbac.spec.ts:75:9 › authenticated five-role route matrix › admin cannot cross the direct export API boundary (63ms)
 GET /api/exports/80000000-0000-4000-8000-000000000003 403 in 11ms (next.js: 1.9ms, proxy.ts: 2ms, application-code: 6ms)
  ✓  16 [chromium] › e2e/authenticated-rbac.spec.ts:75:9 › authenticated five-role route matrix › strategist cannot cross the direct export API boundary (47ms)
 GET /api/exports/80000000-0000-4000-8000-000000000003 403 in 12ms (next.js: 2ms, proxy.ts: 2ms, application-code: 8ms)
  ✓  17 [chromium] › e2e/authenticated-rbac.spec.ts:75:9 › authenticated five-role route matrix › analyst cannot cross the direct export API boundary (49ms)
 GET /api/exports/80000000-0000-4000-8000-000000000003 403 in 12ms (next.js: 3ms, proxy.ts: 1.9ms, application-code: 7ms)
  ✓  18 [chromium] › e2e/authenticated-rbac.spec.ts:75:9 › authenticated five-role route matrix › client cannot cross the direct export API boundary (49ms)
 GET /settings 200 in 175ms (next.js: 3ms, proxy.ts: 1.6ms, application-code: 171ms)
 GET /api/auth/get-session 200 in 58ms (next.js: 33ms, proxy.ts: 3ms, application-code: 23ms)
 GET /api/auth/organization/list 200 in 61ms (next.js: 24ms, proxy.ts: 22ms, application-code: 16ms)
 POST /settings 200 in 98ms (next.js: 3ms, proxy.ts: 4ms, application-code: 91ms)
  └─ ƒ updateWorkspaceLocale({}) in 32ms src/app/actions.ts
 GET /settings?notice=Workspace+language+updated. 200 in 108ms (next.js: 4ms, proxy.ts: 5ms, application-code: 99ms)
 GET /settings?notice=Workspace+language+updated. 200 in 76ms (next.js: 1.9ms, proxy.ts: 1.8ms, application-code: 73ms)
 POST /settings 200 in 133ms (next.js: 15ms, proxy.ts: 12ms, application-code: 106ms)
  └─ ƒ updateWorkspaceLocale({}) in 24ms src/app/actions.ts
 GET /settings?notice=Workspace+language+updated. 200 in 66ms (next.js: 1.8ms, proxy.ts: 1.4ms, application-code: 63ms)
 POST /settings 200 in 81ms (next.js: 1.7ms, proxy.ts: 1.6ms, application-code: 78ms)
  └─ ƒ updateWorkspaceLocale({}) in 7ms src/app/actions.ts
⨯ Error [PermissionDeniedError]: Permission required: workspace:admin
    at requirePermission (src/lib/permissions.ts:79:19)
    at requireWorkspacePermission (src/lib/workspace.ts:164:73)
    at async SettingsPage (src/app/(app)/settings/page.tsx:51:57)
  77 | export function requirePermission(role: WorkspaceRole, permission: Permission) {
  78 |   if (!rolePermissions[role].has(permission)) {
> 79 |     const error = new Error(`Permission required: ${permission}`)
     |                   ^
  80 |     error.name = 'PermissionDeniedError'
  81 |     throw error
  82 |   } {
  digest: '1433486316'
}
 GET /settings?error=Permission+required%3A+workspace%3Aadmin 200 in 55ms (next.js: 1.9ms, proxy.ts: 4ms, application-code: 49ms)
 POST /settings 200 in 67ms (next.js: 1.7ms, proxy.ts: 1.7ms, application-code: 64ms)
  └─ ƒ updateWorkspaceLocale({}) in 5ms src/app/actions.ts
⨯ Error [PermissionDeniedError]: Permission required: workspace:admin
    at requirePermission (src/lib/permissions.ts:79:19)
    at requireWorkspacePermission (src/lib/workspace.ts:164:73)
    at async SettingsPage (src/app/(app)/settings/page.tsx:51:57)
  77 | export function requirePermission(role: WorkspaceRole, permission: Permission) {
  78 |   if (!rolePermissions[role].has(permission)) {
> 79 |     const error = new Error(`Permission required: ${permission}`)
     |                   ^
  80 |     error.name = 'PermissionDeniedError'
  81 |     throw error
  82 |   } {
  digest: '1433486316'
}
 GET /settings?error=Permission+required%3A+workspace%3Aadmin 200 in 43ms (next.js: 1.7ms, proxy.ts: 1.6ms, application-code: 40ms)
 POST /settings 200 in 56ms (next.js: 2.0ms, proxy.ts: 2ms, application-code: 52ms)
  └─ ƒ updateWorkspaceLocale({}) in 5ms src/app/actions.ts
⨯ Error [PermissionDeniedError]: Permission required: workspace:admin
    at requirePermission (src/lib/permissions.ts:79:19)
    at requireWorkspacePermission (src/lib/workspace.ts:164:73)
    at async SettingsPage (src/app/(app)/settings/page.tsx:51:57)
  77 | export function requirePermission(role: WorkspaceRole, permission: Permission) {
  78 |   if (!rolePermissions[role].has(permission)) {
> 79 |     const error = new Error(`Permission required: ${permission}`)
     |                   ^
  80 |     error.name = 'PermissionDeniedError'
  81 |     throw error
  82 |   } {
  digest: '1433486316'
}
 GET /settings?error=Permission+required%3A+workspace%3Aadmin 200 in 43ms (next.js: 1.8ms, proxy.ts: 1.9ms, application-code: 39ms)
 POST /settings 200 in 55ms (next.js: 1.8ms, proxy.ts: 1.6ms, application-code: 52ms)
  └─ ƒ updateWorkspaceLocale({}) in 5ms src/app/actions.ts
  ✓  19 [chromium] › e2e/authenticated-rbac.spec.ts:93:7 › authenticated Server Action authorization matrix › re-authorizes workspace administration for every session (1.1s)
 GET /dashboard?client=80000000-0000-4000-8000-000000000092 200 in 191ms (next.js: 2ms, proxy.ts: 3ms, application-code: 186ms)
 GET /api/auth/get-session 200 in 27ms (next.js: 6ms, proxy.ts: 3ms, application-code: 17ms)
 GET /api/auth/organization/list 200 in 29ms (next.js: 11ms, proxy.ts: 4ms, application-code: 14ms)
 POST /dashboard?client=80000000-0000-4000-8000-000000000092 200 in 354ms (next.js: 2ms, proxy.ts: 5ms, application-code: 348ms)
  └─ ƒ setCookieConsent({}) in 2ms src/app/preferences-actions.ts
 GET /dashboard?client=80000000-0000-4000-8000-000000000092 200 in 408ms (next.js: 7ms, proxy.ts: 9ms, application-code: 391ms)
 GET /api/auth/get-session 200 in 936ms (next.js: 759ms, proxy.ts: 138ms, application-code: 40ms)
 GET /api/auth/organization/list 200 in 925ms (next.js: 758ms, proxy.ts: 141ms, application-code: 26ms)
 GET /dashboard?client=80000000-0000-4000-8000-000000000092 200 in 1011ms (next.js: 76ms, proxy.ts: 123ms, application-code: 813ms)
 GET /api/auth/get-session 200 in 41ms (next.js: 19ms, proxy.ts: 6ms, application-code: 16ms)
 GET /api/auth/organization/list 200 in 84ms (next.js: 26ms, proxy.ts: 4ms, application-code: 54ms)
 GET /dashboard?client=80000000-0000-4000-8000-000000000092 200 in 252ms (next.js: 22ms, proxy.ts: 11ms, application-code: 218ms)
 GET /api/auth/get-session 200 in 24ms (next.js: 6ms, proxy.ts: 2ms, application-code: 16ms)
 GET /api/auth/organization/list 200 in 26ms (next.js: 10ms, proxy.ts: 3ms, application-code: 13ms)
 GET /dashboard?client=80000000-0000-4000-8000-000000000092 200 in 168ms (next.js: 4ms, proxy.ts: 4ms, application-code: 160ms)
 GET /api/auth/get-session 200 in 24ms (next.js: 11ms, proxy.ts: 4ms, application-code: 10ms)
 GET /api/auth/organization/list 200 in 25ms (next.js: 3ms, proxy.ts: 5ms, application-code: 17ms)
 GET /dashboard?client=80000000-0000-4000-8000-000000000093 200 in 179ms (next.js: 2ms, proxy.ts: 2ms, application-code: 175ms)
  ✓  20 [chromium] › e2e/dashboard-health-local.spec.ts:15:53 › qualified cockpit health › counts all alerts and refuses unqualified scores in fr (3.9s)
 GET /dashboard?client=80000000-0000-4000-8000-000000000092 200 in 176ms (next.js: 1.9ms, proxy.ts: 1.9ms, application-code: 172ms)
 GET /api/auth/get-session 200 in 20ms (next.js: 5ms, proxy.ts: 4ms, application-code: 11ms)
 GET /api/auth/organization/list 200 in 22ms (next.js: 8ms, proxy.ts: 4ms, application-code: 10ms)
 POST /dashboard?client=80000000-0000-4000-8000-000000000092 200 in 288ms (next.js: 2ms, proxy.ts: 2ms, application-code: 283ms)
  └─ ƒ setCookieConsent({}) in 2ms src/app/preferences-actions.ts
 GET /dashboard?client=80000000-0000-4000-8000-000000000092 200 in 272ms (next.js: 13ms, proxy.ts: 14ms, application-code: 245ms)
 GET /api/auth/get-session 200 in 113ms (next.js: 24ms, proxy.ts: 27ms, application-code: 62ms)
 GET /api/auth/organization/list 200 in 112ms (next.js: 15ms, proxy.ts: 37ms, application-code: 60ms)
 GET /dashboard?client=80000000-0000-4000-8000-000000000092 200 in 240ms (next.js: 4ms, proxy.ts: 4ms, application-code: 232ms)
 GET /api/auth/get-session 200 in 67ms (next.js: 45ms, proxy.ts: 4ms, application-code: 18ms)
 GET /api/auth/organization/list 200 in 108ms (next.js: 49ms, proxy.ts: 3ms, application-code: 56ms)
 GET /dashboard?client=80000000-0000-4000-8000-000000000092 200 in 221ms (next.js: 11ms, proxy.ts: 4ms, application-code: 206ms)
 GET /api/auth/get-session 200 in 61ms (next.js: 36ms, proxy.ts: 3ms, application-code: 21ms)
 GET /api/auth/organization/list 200 in 105ms (next.js: 40ms, proxy.ts: 3ms, application-code: 62ms)
 GET /dashboard?client=80000000-0000-4000-8000-000000000092 200 in 190ms (next.js: 3ms, proxy.ts: 3ms, application-code: 185ms)
 GET /api/auth/get-session 200 in 20ms (next.js: 5ms, proxy.ts: 2ms, application-code: 12ms)
 GET /api/auth/organization/list 200 in 21ms (next.js: 9ms, proxy.ts: 3ms, application-code: 10ms)
 GET /dashboard?client=80000000-0000-4000-8000-000000000093 200 in 158ms (next.js: 2ms, proxy.ts: 1.6ms, application-code: 154ms)
  ✓  21 [chromium] › e2e/dashboard-health-local.spec.ts:15:53 › qualified cockpit health › counts all alerts and refuses unqualified scores in en (2.5s)
 POST /api/auth/organization/set-active 200 in 25ms (next.js: 7ms, proxy.ts: 5ms, application-code: 12ms)
 GET /getting-started 200 in 164ms (next.js: 26ms, proxy.ts: 2ms, application-code: 136ms)
 GET /api/auth/get-session 200 in 21ms (next.js: 4ms, proxy.ts: 2ms, application-code: 15ms)
 GET /api/auth/organization/list 200 in 29ms (next.js: 9ms, proxy.ts: 2ms, application-code: 18ms)
 GET /getting-started 200 in 152ms (next.js: 3ms, proxy.ts: 5ms, application-code: 144ms)
 GET /api/auth/get-session 200 in 24ms (next.js: 6ms, proxy.ts: 2ms, application-code: 16ms)
 GET /api/auth/organization/list 200 in 30ms (next.js: 11ms, proxy.ts: 2ms, application-code: 16ms)
 GET /getting-started 200 in 144ms (next.js: 4ms, proxy.ts: 5ms, application-code: 136ms)
 GET /api/auth/get-session 200 in 18ms (next.js: 4ms, proxy.ts: 3ms, application-code: 12ms)
 GET /api/auth/organization/list 200 in 22ms (next.js: 7ms, proxy.ts: 3ms, application-code: 12ms)
 GET /getting-started 200 in 150ms (next.js: 2.0ms, proxy.ts: 4ms, application-code: 143ms)
 GET /api/auth/get-session 200 in 35ms (next.js: 25ms, proxy.ts: 3ms, application-code: 7ms)
 GET /api/auth/organization/list 200 in 36ms (next.js: 4ms, proxy.ts: 17ms, application-code: 15ms)
 GET /getting-started 200 in 121ms (next.js: 1.6ms, proxy.ts: 1.8ms, application-code: 117ms)
 GET /api/auth/get-session 200 in 113ms (next.js: 54ms, proxy.ts: 14ms, application-code: 45ms)
 GET /api/auth/organization/list 200 in 120ms (next.js: 39ms, proxy.ts: 15ms, application-code: 66ms)
 GET /getting-started 200 in 181ms (next.js: 10ms, proxy.ts: 22ms, application-code: 150ms)
  ✓  22 [chromium] › e2e/getting-started-local.spec.ts:6:7 › guided setup fr requires selected accounts and qualified milestones (2.5s)
 POST /api/auth/organization/set-active 200 in 11ms (next.js: 2ms, proxy.ts: 1.8ms, application-code: 7ms)
 GET /getting-started 200 in 144ms (next.js: 1.8ms, proxy.ts: 2ms, application-code: 140ms)
 GET /api/auth/get-session 200 in 22ms (next.js: 5ms, proxy.ts: 3ms, application-code: 15ms)
 GET /api/auth/organization/list 200 in 25ms (next.js: 10ms, proxy.ts: 2ms, application-code: 13ms)
 GET /getting-started 200 in 162ms (next.js: 4ms, proxy.ts: 5ms, application-code: 153ms)
 GET /api/auth/get-session 200 in 22ms (next.js: 4ms, proxy.ts: 2ms, application-code: 16ms)
 GET /api/auth/organization/list 200 in 28ms (next.js: 9ms, proxy.ts: 2ms, application-code: 16ms)
 GET /getting-started 200 in 200ms (next.js: 2ms, proxy.ts: 7ms, application-code: 192ms)
 GET /api/auth/get-session 200 in 38ms (next.js: 16ms, proxy.ts: 7ms, application-code: 15ms)
 GET /api/auth/organization/list 200 in 37ms (next.js: 20ms, proxy.ts: 6ms, application-code: 11ms)
 GET /getting-started 200 in 157ms (next.js: 5ms, proxy.ts: 4ms, application-code: 147ms)
 GET /api/auth/get-session 200 in 18ms (next.js: 4ms, proxy.ts: 3ms, application-code: 12ms)
 GET /api/auth/organization/list 200 in 20ms (next.js: 8ms, proxy.ts: 3ms, application-code: 9ms)
 GET /getting-started 200 in 151ms (next.js: 3ms, proxy.ts: 3ms, application-code: 145ms)
 GET /api/auth/get-session 200 in 23ms (next.js: 6ms, proxy.ts: 2ms, application-code: 15ms)
 GET /api/auth/organization/list 200 in 25ms (next.js: 10ms, proxy.ts: 3ms, application-code: 12ms)
 GET /getting-started 200 in 222ms (next.js: 1.8ms, proxy.ts: 1.7ms, application-code: 218ms)
  ✓  23 [chromium] › e2e/getting-started-local.spec.ts:6:7 › guided setup en requires selected accounts and qualified milestones (2.3s)
 GET /insights/devices?client=80000000-0000-4000-8000-000000000094 200 in 142ms (next.js: 5ms, proxy.ts: 1.9ms, application-code: 135ms)
 GET /api/auth/get-session 200 in 22ms (next.js: 6ms, proxy.ts: 3ms, application-code: 13ms)
 GET /api/auth/organization/list 200 in 23ms (next.js: 9ms, proxy.ts: 4ms, application-code: 10ms)
 GET /tasks 200 in 77ms (next.js: 4ms, proxy.ts: 4ms, application-code: 69ms)
 GET /discussions/tasks/ab5208fd-e7f3-40df-bc56-f97aa44e21bf 200 in 565ms (next.js: 456ms, proxy.ts: 1.7ms, application-code: 107ms)
 GET /api/auth/get-session 200 in 21ms (next.js: 6ms, proxy.ts: 3ms, application-code: 12ms)
 GET /api/auth/organization/list 200 in 22ms (next.js: 10ms, proxy.ts: 3ms, application-code: 10ms)
 GET /dashboard 200 in 71ms (next.js: 3ms, proxy.ts: 3ms, application-code: 65ms)
 GET /tasks 200 in 47ms (next.js: 3ms, proxy.ts: 2ms, application-code: 42ms)
 GET /dashboard 200 in 60ms (next.js: 2ms, proxy.ts: 2.0ms, application-code: 56ms)
 GET /tasks 200 in 224ms (next.js: 4ms, proxy.ts: 5ms, application-code: 215ms)
 GET /dashboard?client=invalid 404 in 183ms (next.js: 7ms, proxy.ts: 17ms, application-code: 159ms)
 GET /dashboard?client= 404 in 109ms (next.js: 2ms, proxy.ts: 2ms, application-code: 105ms)
 GET /dashboard?client=80000000-0000-4000-8000-000000000095 404 in 105ms (next.js: 1.7ms, proxy.ts: 1.5ms, application-code: 102ms)
 GET /dashboard?client=80000000-0000-4000-8000-000000000094&client=80000000-0000-4000-8000-000000000095 404 in 105ms (next.js: 1.7ms, proxy.ts: 1.6ms, application-code: 102ms)
 GET /analysis?client=invalid 404 in 100ms (next.js: 3ms, proxy.ts: 1.7ms, application-code: 96ms)
 GET /analysis?client= 404 in 103ms (next.js: 1.9ms, proxy.ts: 1.7ms, application-code: 99ms)
 GET /analysis?client=80000000-0000-4000-8000-000000000095 404 in 105ms (next.js: 1.7ms, proxy.ts: 1.5ms, application-code: 102ms)
 GET /analysis?client=80000000-0000-4000-8000-000000000094&client=80000000-0000-4000-8000-000000000095 404 in 97ms (next.js: 1.6ms, proxy.ts: 1.6ms, application-code: 94ms)
 GET /insights?client=invalid 404 in 104ms (next.js: 3ms, proxy.ts: 1.5ms, application-code: 99ms)
 GET /insights?client= 404 in 102ms (next.js: 1.6ms, proxy.ts: 1.6ms, application-code: 99ms)
 GET /insights?client=80000000-0000-4000-8000-000000000095 404 in 110ms (next.js: 1.7ms, proxy.ts: 1.7ms, application-code: 107ms)
 GET /insights?client=80000000-0000-4000-8000-000000000094&client=80000000-0000-4000-8000-000000000095 404 in 102ms (next.js: 1.7ms, proxy.ts: 1.5ms, application-code: 99ms)
 GET /history?client=invalid 404 in 96ms (next.js: 3ms, proxy.ts: 1.5ms, application-code: 92ms)
 GET /history?client= 404 in 100ms (next.js: 1.7ms, proxy.ts: 1.5ms, application-code: 97ms)
 GET /history?client=80000000-0000-4000-8000-000000000095 404 in 98ms (next.js: 1.5ms, proxy.ts: 1.5ms, application-code: 95ms)
 GET /history?client=80000000-0000-4000-8000-000000000094&client=80000000-0000-4000-8000-000000000095 404 in 101ms (next.js: 1.6ms, proxy.ts: 1.4ms, application-code: 98ms)
 GET /dashboard?client=80000000-0000-4000-8000-000000000094 404 in 99ms (next.js: 1.6ms, proxy.ts: 1.5ms, application-code: 96ms)
  ✓  24 [chromium] › e2e/navigation-state-local.spec.ts:14:53 › live navigation state › follows client navigation, keyboard and invalid accounts in fr (4.0s)
 GET /insights/devices?client=80000000-0000-4000-8000-000000000094 200 in 123ms (next.js: 4ms, proxy.ts: 1.8ms, application-code: 117ms)
 GET /api/auth/get-session 200 in 25ms (next.js: 5ms, proxy.ts: 3ms, application-code: 18ms)
 GET /api/auth/organization/list 200 in 29ms (next.js: 10ms, proxy.ts: 2ms, application-code: 17ms)
 GET /tasks 200 in 72ms (next.js: 3ms, proxy.ts: 4ms, application-code: 65ms)
 GET /discussions/tasks/7f0d1033-2c4b-42f6-8fae-20266cc2b72c 200 in 132ms (next.js: 4ms, proxy.ts: 2.0ms, application-code: 126ms)
 GET /api/auth/get-session 200 in 25ms (next.js: 8ms, proxy.ts: 4ms, application-code: 13ms)
 GET /api/auth/organization/list 200 in 27ms (next.js: 13ms, proxy.ts: 4ms, application-code: 10ms)
 GET /dashboard 200 in 83ms (next.js: 4ms, proxy.ts: 3ms, application-code: 76ms)
 GET /tasks 200 in 52ms (next.js: 3ms, proxy.ts: 3ms, application-code: 47ms)
 GET /dashboard 200 in 70ms (next.js: 4ms, proxy.ts: 3ms, application-code: 63ms)
 GET /tasks 200 in 174ms (next.js: 5ms, proxy.ts: 3ms, application-code: 166ms)
 GET /dashboard?client=invalid 404 in 141ms (next.js: 5ms, proxy.ts: 6ms, application-code: 131ms)
 GET /dashboard?client= 404 in 105ms (next.js: 2.0ms, proxy.ts: 1.6ms, application-code: 102ms)
 GET /dashboard?client=80000000-0000-4000-8000-000000000095 404 in 101ms (next.js: 1.9ms, proxy.ts: 1.6ms, application-code: 98ms)
 GET /dashboard?client=80000000-0000-4000-8000-000000000094&client=80000000-0000-4000-8000-000000000095 404 in 113ms (next.js: 1.7ms, proxy.ts: 6ms, application-code: 105ms)
 GET /analysis?client=invalid 404 in 98ms (next.js: 1.8ms, proxy.ts: 1.6ms, application-code: 95ms)
 GET /analysis?client= 404 in 102ms (next.js: 1.7ms, proxy.ts: 1.4ms, application-code: 99ms)
 GET /analysis?client=80000000-0000-4000-8000-000000000095 404 in 102ms (next.js: 1.7ms, proxy.ts: 1.5ms, application-code: 98ms)
 GET /analysis?client=80000000-0000-4000-8000-000000000094&client=80000000-0000-4000-8000-000000000095 404 in 102ms (next.js: 1.8ms, proxy.ts: 1.7ms, application-code: 99ms)
 GET /insights?client=invalid 404 in 148ms (next.js: 2.0ms, proxy.ts: 1.5ms, application-code: 145ms)
 GET /insights?client= 404 in 114ms (next.js: 2ms, proxy.ts: 1.9ms, application-code: 110ms)
 GET /insights?client=80000000-0000-4000-8000-000000000095 404 in 127ms (next.js: 3ms, proxy.ts: 1.6ms, application-code: 122ms)
 GET /insights?client=80000000-0000-4000-8000-000000000094&client=80000000-0000-4000-8000-000000000095 404 in 114ms (next.js: 2ms, proxy.ts: 1.7ms, application-code: 110ms)
 GET /history?client=invalid 404 in 123ms (next.js: 2ms, proxy.ts: 3ms, application-code: 118ms)
 GET /history?client= 404 in 116ms (next.js: 1.6ms, proxy.ts: 1.9ms, application-code: 112ms)
 GET /history?client=80000000-0000-4000-8000-000000000095 404 in 113ms (next.js: 1.9ms, proxy.ts: 1.7ms, application-code: 109ms)
 GET /history?client=80000000-0000-4000-8000-000000000094&client=80000000-0000-4000-8000-000000000095 404 in 107ms (next.js: 1.8ms, proxy.ts: 1.5ms, application-code: 104ms)
 GET /dashboard?client=80000000-0000-4000-8000-000000000094 404 in 102ms (next.js: 1.9ms, proxy.ts: 1.5ms, application-code: 99ms)
  ✓  25 [chromium] › e2e/navigation-state-local.spec.ts:14:53 › live navigation state › follows client navigation, keyboard and invalid accounts in en (3.8s)
 GET /settings 200 in 175ms (next.js: 3ms, proxy.ts: 1.8ms, application-code: 170ms)
 GET /api/auth/get-session 200 in 25ms (next.js: 6ms, proxy.ts: 3ms, application-code: 16ms)
 GET /api/auth/organization/list 200 in 27ms (next.js: 13ms, proxy.ts: 3ms, application-code: 11ms)
 GET /settings?error=La+confirmation+ne+correspond+pas+%C3%A0+l%E2%80%99identifiant+de+l%E2%80%99espace. 200 in 102ms (next.js: 2ms, proxy.ts: 2ms, application-code: 97ms)
 POST /settings 200 in 124ms (next.js: 3ms, proxy.ts: 2ms, application-code: 119ms)
  └─ ƒ transferWorkspaceOwnership({}) in 9ms src/app/actions.ts
 GET /settings?notice=Propri%C3%A9t%C3%A9+de+l%E2%80%99espace+transf%C3%A9r%C3%A9e. 200 in 88ms (next.js: 1.9ms, proxy.ts: 1.8ms, application-code: 84ms)
 POST /settings?error=La%20confirmation%20ne%20correspond%20pas%20%C3%A0%20l%E2%80%99identifiant%20de%20l%E2%80%99espace. 200 in 113ms (next.js: 3ms, proxy.ts: 2ms, application-code: 108ms)
  └─ ƒ transferWorkspaceOwnership({}) in 12ms src/app/actions.ts
 GET /settings?error=Seul+le+propri%C3%A9taire+peut+transf%C3%A9rer+la+propri%C3%A9t%C3%A9. 200 in 83ms (next.js: 1.8ms, proxy.ts: 1.6ms, application-code: 80ms)
 POST /settings?error=La%20confirmation%20ne%20correspond%20pas%20%C3%A0%20l%E2%80%99identifiant%20de%20l%E2%80%99espace. 200 in 99ms (next.js: 2ms, proxy.ts: 3ms, application-code: 94ms)
  └─ ƒ transferWorkspaceOwnership({}) in 5ms src/app/actions.ts
 GET /settings 200 in 174ms (next.js: 1.9ms, proxy.ts: 1.6ms, application-code: 171ms)
 GET /api/auth/get-session 200 in 20ms (next.js: 5ms, proxy.ts: 2ms, application-code: 13ms)
 GET /api/auth/organization/list 200 in 23ms (next.js: 9ms, proxy.ts: 2ms, application-code: 12ms)
  ✓  26 [chromium] › e2e/ownership-local.spec.ts:5:61 › ownership transfer fr rechecks old owner authority and preserves other agencies (1.6s)
 GET /settings 200 in 174ms (next.js: 1.9ms, proxy.ts: 1.7ms, application-code: 171ms)
 GET /api/auth/get-session 200 in 24ms (next.js: 5ms, proxy.ts: 3ms, application-code: 16ms)
 GET /api/auth/organization/list 200 in 26ms (next.js: 9ms, proxy.ts: 3ms, application-code: 13ms)
 GET /settings?error=La+confirmation+ne+correspond+pas+%C3%A0+l%E2%80%99identifiant+de+l%E2%80%99espace. 200 in 77ms (next.js: 2ms, proxy.ts: 3ms, application-code: 71ms)
 POST /settings 200 in 101ms (next.js: 3ms, proxy.ts: 4ms, application-code: 93ms)
  └─ ƒ transferWorkspaceOwnership({}) in 9ms src/app/actions.ts
 GET /settings?notice=Workspace+ownership+transferred. 200 in 74ms (next.js: 1.9ms, proxy.ts: 2ms, application-code: 70ms)
 POST /settings?error=La%20confirmation%20ne%20correspond%20pas%20%C3%A0%20l%E2%80%99identifiant%20de%20l%E2%80%99espace. 200 in 103ms (next.js: 2ms, proxy.ts: 3ms, application-code: 98ms)
  └─ ƒ transferWorkspaceOwnership({}) in 17ms src/app/actions.ts
 GET /settings?error=Seul+le+propri%C3%A9taire+peut+transf%C3%A9rer+la+propri%C3%A9t%C3%A9. 200 in 74ms (next.js: 1.7ms, proxy.ts: 1.7ms, application-code: 70ms)
 POST /settings?error=La%20confirmation%20ne%20correspond%20pas%20%C3%A0%20l%E2%80%99identifiant%20de%20l%E2%80%99espace. 200 in 89ms (next.js: 2ms, proxy.ts: 2ms, application-code: 84ms)
  └─ ƒ transferWorkspaceOwnership({}) in 5ms src/app/actions.ts
 GET /settings 200 in 174ms (next.js: 1.8ms, proxy.ts: 1.6ms, application-code: 170ms)
 GET /api/auth/get-session 200 in 27ms (next.js: 10ms, proxy.ts: 3ms, application-code: 14ms)
 GET /api/auth/organization/list 200 in 30ms (next.js: 15ms, proxy.ts: 3ms, application-code: 12ms)
  ✓  27 [chromium] › e2e/ownership-local.spec.ts:5:61 › ownership transfer en rechecks old owner authority and preserves other agencies (1.6s)
 GET /portfolio?q=PORTFOLIO_ 200 in 351ms (next.js: 33ms, proxy.ts: 2ms, application-code: 316ms)
 GET /api/auth/get-session 200 in 20ms (next.js: 5ms, proxy.ts: 3ms, application-code: 12ms)
 GET /api/auth/organization/list 200 in 21ms (next.js: 10ms, proxy.ts: 3ms, application-code: 8ms)
 GET /portfolio?q=PORTFOLIO_&cursor=eyJ2IjoxLCJpdiI6IjBTdnBsQzBaeU9OZWZZRDgiLCJ0YWciOiJWMHRMNzhneHdNZEFGNDcyNDN6ekZRIiwiZGF0YSI6IjFnRV9DbzR4dWliZWloaHlSTlpvTnJQU1N4VXlxc21USUZxR1RGSXRja1Q1X0M3eXZoMVdTbnlXSk41ZnFwc3drTkNVUFZDVFNyNTlETmRCV1dDa1lYNDY3cXJEUFZTWEg2dW92X1BnUzBGeVZ4dG1ORGc1R29FcmdzalZoVkpDemg0eDhjZXFMYkV1b1psVVNYZWFaVnBxUDF5TlFPa0dhZm5LUW5YdmJPSmt4c1B0UlpIRFZkeU5NTVNVa0FVU2ZaY1l4b1JobXVjZlJFOV9tS09SQlA2UF9PaFpSb2ZMQS05NDBJb3RvemVramJpeW9iTzBoemlQZk1TbF90dFNsWW00cjhWQVJ5czhaRHJCbnlzb1RlbHlpZWxUQ1hjMzg5ZDl4WHVPb3VNT1luLXFBZExBd0EifQ 200 in 89ms (next.js: 2ms, proxy.ts: 2ms, application-code: 84ms)
 GET /portfolio?q=PORTFOLIO_&attention=missing_data&currency=&assignee= 200 in 202ms (next.js: 2ms, proxy.ts: 2ms, application-code: 197ms)
 GET /api/auth/get-session 200 in 35ms (next.js: 8ms, proxy.ts: 8ms, application-code: 18ms)
 GET /api/auth/organization/list 200 in 37ms (next.js: 14ms, proxy.ts: 10ms, application-code: 14ms)
 GET /portfolio?q=PORTFOLIO_&attention=missing_data&view_notice=saved 200 in 116ms (next.js: 5ms, proxy.ts: 3ms, application-code: 109ms)
 POST /portfolio?q=PORTFOLIO_&attention=missing_data&currency=&assignee= 200 in 155ms (next.js: 7ms, proxy.ts: 5ms, application-code: 143ms)
  └─ ƒ storePortfolioView({}) in 17ms src/app/portfolio-actions.ts
 GET /portfolio?q=PORTFOLIO_&attention=missing_data&view_notice=saved 200 in 75ms (next.js: 1.7ms, proxy.ts: 1.7ms, application-code: 71ms)
 POST /portfolio?q=PORTFOLIO_&attention=missing_data&view_notice=saved 200 in 91ms (next.js: 1.8ms, proxy.ts: 2ms, application-code: 88ms)
  └─ ƒ storePortfolioView({}) in 7ms src/app/portfolio-actions.ts
 GET /portfolio?q=PORTFOLIO_ 200 in 298ms (next.js: 1.6ms, proxy.ts: 2ms, application-code: 294ms)
 GET /api/auth/get-session 200 in 18ms (next.js: 6ms, proxy.ts: 3ms, application-code: 10ms)
 GET /api/auth/organization/list 200 in 19ms (next.js: 9ms, proxy.ts: 2ms, application-code: 8ms)
 GET /portfolio?view_notice=conflict 200 in 124ms (next.js: 3ms, proxy.ts: 2ms, application-code: 119ms)
 POST /portfolio?q=PORTFOLIO_ 200 in 148ms (next.js: 3ms, proxy.ts: 3ms, application-code: 143ms)
  └─ ƒ removePortfolioView({}) in 11ms src/app/portfolio-actions.ts
 GET /portfolio?q=PORTFOLIO_ 200 in 305ms (next.js: 2ms, proxy.ts: 1.9ms, application-code: 301ms)
 GET /api/auth/get-session 200 in 17ms (next.js: 5ms, proxy.ts: 3ms, application-code: 10ms)
 GET /api/auth/organization/list 200 in 18ms (next.js: 8ms, proxy.ts: 2ms, application-code: 8ms)
 GET /portfolio?view_notice=deleted 200 in 156ms (next.js: 2ms, proxy.ts: 2ms, application-code: 152ms)
 POST /portfolio?q=PORTFOLIO_ 200 in 175ms (next.js: 2ms, proxy.ts: 2ms, application-code: 170ms)
  └─ ƒ removePortfolioView({}) in 8ms src/app/portfolio-actions.ts
 GET /tasks?status=open&assignee=unassigned 200 in 56ms (next.js: 2ms, proxy.ts: 2ms, application-code: 51ms)
 GET /portfolio?assignee=local-browser-fixture-owner 200 in 181ms (next.js: 2ms, proxy.ts: 1.9ms, application-code: 177ms)
 GET /api/auth/get-session 200 in 110ms (next.js: 18ms, proxy.ts: 24ms, application-code: 67ms)
 GET /api/auth/organization/list 200 in 109ms (next.js: 28ms, proxy.ts: 23ms, application-code: 58ms)
 GET /portfolio?assignee=local-browser-fixture-owner 200 in 196ms (next.js: 2ms, proxy.ts: 2ms, application-code: 191ms)
 GET /api/auth/get-session 200 in 82ms (next.js: 42ms, proxy.ts: 11ms, application-code: 29ms)
 GET /api/auth/organization/list 200 in 86ms (next.js: 45ms, proxy.ts: 11ms, application-code: 30ms)
 GET /portfolio?q=PORTFOLIO_ 200 in 344ms (next.js: 2ms, proxy.ts: 5ms, application-code: 337ms)
 GET /api/auth/get-session 200 in 21ms (next.js: 5ms, proxy.ts: 2ms, application-code: 13ms)
 GET /api/auth/organization/list 200 in 23ms (next.js: 9ms, proxy.ts: 2ms, application-code: 12ms)
 GET /portfolio?q=PORTFOLIO_ 200 in 307ms (next.js: 3ms, proxy.ts: 3ms, application-code: 301ms)
 GET /api/auth/get-session 200 in 21ms (next.js: 12ms, proxy.ts: 3ms, application-code: 6ms)
 GET /api/auth/organization/list 200 in 22ms (next.js: 7ms, proxy.ts: 3ms, application-code: 12ms)
⨯ Error [PermissionDeniedError]: Permission required: portfolio:read
    at requirePermission (src/lib/permissions.ts:79:19)
    at requireWorkspacePermission (src/lib/workspace.ts:164:73)
    at async PortfolioPage (src/app/(app)/portfolio/page.tsx:16:40)
  77 | export function requirePermission(role: WorkspaceRole, permission: Permission) {
  78 |   if (!rolePermissions[role].has(permission)) {
> 79 |     const error = new Error(`Permission required: ${permission}`)
     |                   ^
  80 |     error.name = 'PermissionDeniedError'
  81 |     throw error
  82 |   } {
  digest: '1036482084'
}
 GET /portfolio?q=PORTFOLIO_ 307 in 82ms (next.js: 2ms, proxy.ts: 1.7ms, application-code: 78ms)
 GET /support?error=Acc%C3%A8s%20non%20autoris%C3%A9 200 in 93ms (next.js: 4ms, proxy.ts: 2.0ms, application-code: 87ms)
 GET /portfolio?q=PORTFOLIO_ 307 in 53ms (next.js: 1.9ms, proxy.ts: 8ms, application-code: 43ms)
 GET /sign-in 200 in 38ms (next.js: 5ms, proxy.ts: 2ms, application-code: 31ms)
{"locale":"fr","developmentStyleViolations":233,"applicationErrors":0}
  ✓  28 [chromium] › e2e/portfolio-local.spec.ts:13:53 › agency portfolio › reviews 50 accounts, personal views and team workload in fr (6.8s)
 GET /portfolio?q=PORTFOLIO_ 200 in 288ms (next.js: 1.7ms, proxy.ts: 1.8ms, application-code: 285ms)
 GET /api/auth/get-session 200 in 17ms (next.js: 5ms, proxy.ts: 3ms, application-code: 10ms)
 GET /api/auth/organization/list 200 in 18ms (next.js: 8ms, proxy.ts: 2ms, application-code: 8ms)
 GET /portfolio?q=PORTFOLIO_&cursor=eyJ2IjoxLCJpdiI6Im1lUlFDeGkwd1dQNF9BV3AiLCJ0YWciOiJyVXdVd2hhN3V3Q0FrZTU4aHBZNWJnIiwiZGF0YSI6IlBFcXZyTkpoSFB0dVhzUGdXNTdhVFRVUVpOd3RfdnI2a3RkWTB2RlpBeVNWYXpqWFdXQWh6T0tZQV92a3lTXzF6ZnlkRTBZLXc0NGZUMkxnY2tYdFhaaEdHYkhvQnExTHJKcC1hcTFtR3ptSTFNdnFaaXRmWF9pOS1rTmFfY3J5b0FoM0pNblk0TzVVQjNySkFTbWpyY1VPM2lkMTluZVA5aFZiNUs2VGp0NDJ1WGFwYl9Pdkdvd3hDU01iVzRhQzdjMHZzd0lTa2g0cnE2NVAyS25yZ1ZwQ3dvcFkyazF4cG1JLUZIbWlod1VMdktaWGNVelA2MmREaFZKYm93YVVuTG9nZGQtM20ycjh6LWY2Z3BFZERJSE9tV0J5OUhmb01sUFpVMV9iWGtYTXBMWTZDVkFyVHcifQ 200 in 109ms (next.js: 2ms, proxy.ts: 3ms, application-code: 104ms)
 GET /portfolio?q=PORTFOLIO_&attention=missing_data&currency=&assignee= 200 in 170ms (next.js: 2.0ms, proxy.ts: 2ms, application-code: 166ms)
 GET /api/auth/get-session 200 in 24ms (next.js: 4ms, proxy.ts: 3ms, application-code: 18ms)
 GET /api/auth/organization/list 200 in 27ms (next.js: 9ms, proxy.ts: 3ms, application-code: 15ms)
 GET /portfolio?q=PORTFOLIO_&attention=missing_data&view_notice=saved 200 in 84ms (next.js: 1.6ms, proxy.ts: 1.6ms, application-code: 81ms)
 POST /portfolio?q=PORTFOLIO_&attention=missing_data&currency=&assignee= 200 in 102ms (next.js: 2ms, proxy.ts: 2ms, application-code: 98ms)
  └─ ƒ storePortfolioView({}) in 8ms src/app/portfolio-actions.ts
 GET /portfolio?q=PORTFOLIO_&attention=missing_data&view_notice=saved 200 in 78ms (next.js: 2ms, proxy.ts: 1.6ms, application-code: 74ms)
 POST /portfolio?q=PORTFOLIO_&attention=missing_data&view_notice=saved 200 in 91ms (next.js: 1.9ms, proxy.ts: 2ms, application-code: 87ms)
  └─ ƒ storePortfolioView({}) in 5ms src/app/portfolio-actions.ts
 GET /portfolio?q=PORTFOLIO_ 200 in 304ms (next.js: 1.9ms, proxy.ts: 1.7ms, application-code: 300ms)
 GET /api/auth/get-session 200 in 24ms (next.js: 6ms, proxy.ts: 4ms, application-code: 14ms)
 GET /api/auth/organization/list 200 in 25ms (next.js: 11ms, proxy.ts: 3ms, application-code: 12ms)
 GET /portfolio?view_notice=conflict 200 in 258ms (next.js: 3ms, proxy.ts: 3ms, application-code: 252ms)
 POST /portfolio?q=PORTFOLIO_ 200 in 288ms (next.js: 3ms, proxy.ts: 3ms, application-code: 281ms)
  └─ ƒ removePortfolioView({}) in 12ms src/app/portfolio-actions.ts
 GET /portfolio?q=PORTFOLIO_ 200 in 324ms (next.js: 2ms, proxy.ts: 2ms, application-code: 319ms)
 GET /api/auth/get-session 200 in 19ms (next.js: 5ms, proxy.ts: 3ms, application-code: 11ms)
 GET /api/auth/organization/list 200 in 21ms (next.js: 9ms, proxy.ts: 3ms, application-code: 9ms)
 GET /portfolio?view_notice=deleted 200 in 148ms (next.js: 3ms, proxy.ts: 5ms, application-code: 140ms)
 POST /portfolio?q=PORTFOLIO_ 200 in 172ms (next.js: 3ms, proxy.ts: 3ms, application-code: 166ms)
  └─ ƒ removePortfolioView({}) in 10ms src/app/portfolio-actions.ts
 GET /tasks?status=open&assignee=unassigned 200 in 58ms (next.js: 3ms, proxy.ts: 2ms, application-code: 53ms)
 GET /portfolio?assignee=local-browser-fixture-owner 200 in 185ms (next.js: 1.9ms, proxy.ts: 2ms, application-code: 181ms)
 GET /api/auth/get-session 200 in 104ms (next.js: 17ms, proxy.ts: 23ms, application-code: 63ms)
 GET /api/auth/organization/list 200 in 103ms (next.js: 26ms, proxy.ts: 21ms, application-code: 56ms)
 GET /portfolio?assignee=local-browser-fixture-owner 200 in 189ms (next.js: 3ms, proxy.ts: 1.8ms, application-code: 184ms)
 GET /api/auth/get-session 200 in 84ms (next.js: 41ms, proxy.ts: 13ms, application-code: 30ms)
 GET /api/auth/organization/list 200 in 87ms (next.js: 45ms, proxy.ts: 12ms, application-code: 30ms)
 GET /portfolio?q=PORTFOLIO_ 200 in 345ms (next.js: 2ms, proxy.ts: 2.0ms, application-code: 341ms)
 GET /api/auth/get-session 200 in 19ms (next.js: 5ms, proxy.ts: 3ms, application-code: 11ms)
 GET /api/auth/organization/list 200 in 20ms (next.js: 8ms, proxy.ts: 2ms, application-code: 10ms)
 GET /portfolio?q=PORTFOLIO_ 200 in 308ms (next.js: 2ms, proxy.ts: 2ms, application-code: 303ms)
 GET /api/auth/get-session 200 in 19ms (next.js: 5ms, proxy.ts: 3ms, application-code: 11ms)
 GET /api/auth/organization/list 200 in 21ms (next.js: 9ms, proxy.ts: 3ms, application-code: 10ms)
⨯ Error [PermissionDeniedError]: Permission required: portfolio:read
    at requirePermission (src/lib/permissions.ts:79:19)
    at requireWorkspacePermission (src/lib/workspace.ts:164:73)
    at async PortfolioPage (src/app/(app)/portfolio/page.tsx:16:40)
  77 | export function requirePermission(role: WorkspaceRole, permission: Permission) {
  78 |   if (!rolePermissions[role].has(permission)) {
> 79 |     const error = new Error(`Permission required: ${permission}`)
     |                   ^
  80 |     error.name = 'PermissionDeniedError'
  81 |     throw error
  82 |   } {
  digest: '1036482084'
}
 GET /portfolio?q=PORTFOLIO_ 307 in 78ms (next.js: 3ms, proxy.ts: 1.8ms, application-code: 73ms)
 GET /support?error=Acc%C3%A8s%20non%20autoris%C3%A9 200 in 91ms (next.js: 3ms, proxy.ts: 2ms, application-code: 86ms)
 GET /portfolio?q=PORTFOLIO_ 307 in 59ms (next.js: 1.8ms, proxy.ts: 2ms, application-code: 55ms)
 GET /sign-in 200 in 44ms (next.js: 5ms, proxy.ts: 3ms, application-code: 36ms)
{"locale":"en","developmentStyleViolations":232,"applicationErrors":0}
  ✓  29 [chromium] › e2e/portfolio-local.spec.ts:13:53 › agency portfolio › reviews 50 accounts, personal views and team workload in en (6.8s)
 GET /billing 200 in 149ms (next.js: 4ms, proxy.ts: 1.8ms, application-code: 144ms)
 GET /api/auth/get-session 200 in 88ms (next.js: 24ms, proxy.ts: 12ms, application-code: 52ms)
 GET /api/auth/organization/list 200 in 98ms (next.js: 27ms, proxy.ts: 13ms, application-code: 58ms)
 GET /accounts 200 in 142ms (next.js: 3ms, proxy.ts: 2ms, application-code: 137ms)
 GET /api/auth/get-session 200 in 48ms (next.js: 3ms, proxy.ts: 3ms, application-code: 42ms)
 GET /api/auth/organization/list 200 in 51ms (next.js: 35ms, proxy.ts: 3ms, application-code: 13ms)
 POST /accounts 200 in 59ms (next.js: 1.9ms, proxy.ts: 4ms, application-code: 53ms)
  └─ ƒ setCookieConsent({}) in 2ms src/app/preferences-actions.ts
 GET /accounts?selection=saved 200 in 53ms (next.js: 1.7ms, proxy.ts: 1.7ms, application-code: 50ms)
 POST /accounts 200 in 75ms (next.js: 2ms, proxy.ts: 3ms, application-code: 70ms)
  └─ ƒ updateManagedAccounts({}) in 11ms src/app/account-selection-actions.ts
 GET /accounts?selection=saved 200 in 55ms (next.js: 1.8ms, proxy.ts: 1.6ms, application-code: 51ms)
 POST /accounts?selection=saved 200 in 72ms (next.js: 2ms, proxy.ts: 2ms, application-code: 68ms)
  └─ ƒ updateManagedAccounts({}) in 8ms src/app/account-selection-actions.ts
 GET /accounts?selection=conflict 200 in 48ms (next.js: 1.6ms, proxy.ts: 1.6ms, application-code: 44ms)
 POST /accounts?selection=saved 200 in 64ms (next.js: 2.0ms, proxy.ts: 2ms, application-code: 60ms)
  └─ ƒ updateManagedAccounts({}) in 8ms src/app/account-selection-actions.ts
 GET /accounts?selection=saved 200 in 61ms (next.js: 1.7ms, proxy.ts: 1.7ms, application-code: 57ms)
 POST /accounts?selection=conflict 200 in 82ms (next.js: 2ms, proxy.ts: 2ms, application-code: 77ms)
  └─ ƒ updateManagedAccounts({}) in 10ms src/app/account-selection-actions.ts
 GET /accounts 200 in 97ms (next.js: 4ms, proxy.ts: 1.8ms, application-code: 92ms)
  ✓  30 [chromium] › e2e/prod-ready-local.spec.ts:26:44 › local production readiness regression journeys › managed account selection preserves priorities and enforces quota in fr (2.3s)
 GET /billing 200 in 140ms (next.js: 1.9ms, proxy.ts: 1.9ms, application-code: 136ms)
 GET /api/auth/get-session 200 in 95ms (next.js: 43ms, proxy.ts: 12ms, application-code: 40ms)
 GET /api/auth/organization/list 200 in 104ms (next.js: 46ms, proxy.ts: 12ms, application-code: 45ms)
 GET /accounts 200 in 149ms (next.js: 2ms, proxy.ts: 2ms, application-code: 145ms)
 GET /api/auth/get-session 200 in 15ms (next.js: 3ms, proxy.ts: 2ms, application-code: 10ms)
 GET /api/auth/organization/list 200 in 17ms (next.js: 6ms, proxy.ts: 2ms, application-code: 8ms)
 POST /accounts 200 in 53ms (next.js: 2ms, proxy.ts: 2ms, application-code: 48ms)
  └─ ƒ setCookieConsent({}) in 2ms src/app/preferences-actions.ts
 GET /accounts?selection=saved 200 in 60ms (next.js: 1.9ms, proxy.ts: 1.6ms, application-code: 57ms)
 POST /accounts 200 in 84ms (next.js: 1.8ms, proxy.ts: 2ms, application-code: 80ms)
  └─ ƒ updateManagedAccounts({}) in 14ms src/app/account-selection-actions.ts
 GET /accounts?selection=saved 200 in 47ms (next.js: 1.5ms, proxy.ts: 1.7ms, application-code: 44ms)
 POST /accounts?selection=saved 200 in 66ms (next.js: 2ms, proxy.ts: 3ms, application-code: 61ms)
  └─ ƒ updateManagedAccounts({}) in 9ms src/app/account-selection-actions.ts
 GET /accounts?selection=conflict 200 in 53ms (next.js: 1.8ms, proxy.ts: 1.7ms, application-code: 50ms)
 POST /accounts?selection=saved 200 in 72ms (next.js: 1.9ms, proxy.ts: 3ms, application-code: 68ms)
  └─ ƒ updateManagedAccounts({}) in 8ms src/app/account-selection-actions.ts
 GET /accounts?selection=saved 200 in 49ms (next.js: 1.6ms, proxy.ts: 1.6ms, application-code: 46ms)
 POST /accounts?selection=conflict 200 in 73ms (next.js: 1.8ms, proxy.ts: 2ms, application-code: 69ms)
  └─ ƒ updateManagedAccounts({}) in 15ms src/app/account-selection-actions.ts
 GET /accounts 200 in 101ms (next.js: 1.7ms, proxy.ts: 1.8ms, application-code: 97ms)
  ✓  31 [chromium] › e2e/prod-ready-local.spec.ts:26:44 › local production readiness regression journeys › managed account selection preserves priorities and enforces quota in en (2.3s)
 GET /dashboard?client=80000000-0000-4000-8000-000000000004 200 in 186ms (next.js: 3ms, proxy.ts: 1.9ms, application-code: 181ms)
 GET /api/auth/get-session 200 in 21ms (next.js: 5ms, proxy.ts: 3ms, application-code: 13ms)
 GET /api/auth/organization/list 200 in 23ms (next.js: 9ms, proxy.ts: 3ms, application-code: 11ms)
 POST /dashboard?client=80000000-0000-4000-8000-000000000004 200 in 88ms (next.js: 2ms, proxy.ts: 2.0ms, application-code: 84ms)
  └─ ƒ setCookieConsent({}) in 2ms src/app/preferences-actions.ts
 GET /dashboard?client=80000000-0000-4000-8000-000000000004 200 in 171ms (next.js: 1.9ms, proxy.ts: 1.9ms, application-code: 167ms)
 GET /api/auth/get-session 200 in 22ms (next.js: 9ms, proxy.ts: 3ms, application-code: 10ms)
 GET /api/auth/organization/list 200 in 24ms (next.js: 3ms, proxy.ts: 3ms, application-code: 17ms)
  ✓  32 [chromium] › e2e/prod-ready-local.spec.ts:91:44 › local production readiness regression journeys › pacing uses covered completed days and hides forecasts with a gap in fr (1.1s)
 GET /dashboard?client=80000000-0000-4000-8000-000000000004 200 in 173ms (next.js: 1.8ms, proxy.ts: 1.8ms, application-code: 169ms)
 GET /api/auth/get-session 200 in 31ms (next.js: 10ms, proxy.ts: 3ms, application-code: 18ms)
 GET /api/auth/organization/list 200 in 34ms (next.js: 5ms, proxy.ts: 4ms, application-code: 25ms)
 POST /dashboard?client=80000000-0000-4000-8000-000000000004 200 in 112ms (next.js: 3ms, proxy.ts: 2ms, application-code: 107ms)
  └─ ƒ setCookieConsent({}) in 1ms src/app/preferences-actions.ts
 GET /dashboard?client=80000000-0000-4000-8000-000000000004 200 in 169ms (next.js: 1.7ms, proxy.ts: 1.7ms, application-code: 165ms)
 GET /api/auth/organization/list 200 in 31ms (next.js: 5ms, proxy.ts: 4ms, application-code: 22ms)
 GET /api/auth/get-session 200 in 36ms (next.js: 15ms, proxy.ts: 3ms, application-code: 18ms)
  ✓  33 [chromium] › e2e/prod-ready-local.spec.ts:91:44 › local production readiness regression journeys › pacing uses covered completed days and hides forecasts with a gap in en (1.1s)
 GET /dashboard?client=80000000-0000-4000-8000-000000000005 200 in 180ms (next.js: 5ms, proxy.ts: 3ms, application-code: 172ms)
 GET /api/auth/get-session 200 in 24ms (next.js: 5ms, proxy.ts: 4ms, application-code: 16ms)
 GET /api/auth/organization/list 200 in 26ms (next.js: 10ms, proxy.ts: 3ms, application-code: 14ms)
 GET /analysis?client=80000000-0000-4000-8000-000000000005 200 in 202ms (next.js: 6ms, proxy.ts: 6ms, application-code: 190ms)
 GET /api/auth/get-session 200 in 112ms (next.js: 50ms, proxy.ts: 4ms, application-code: 58ms)
 GET /api/auth/organization/list 200 in 154ms (next.js: 54ms, proxy.ts: 3ms, application-code: 97ms)
 GET /insights?client=80000000-0000-4000-8000-000000000005 200 in 279ms (next.js: 14ms, proxy.ts: 6ms, application-code: 260ms)
 GET /api/auth/get-session 200 in 95ms (next.js: 17ms, proxy.ts: 26ms, application-code: 52ms)
 GET /api/auth/organization/list 200 in 97ms (next.js: 26ms, proxy.ts: 25ms, application-code: 46ms)
 GET /dashboard?client=80000000-0000-4000-8000-000000000005 200 in 227ms (next.js: 9ms, proxy.ts: 2ms, application-code: 216ms)
 GET /api/auth/get-session 200 in 17ms (next.js: 3ms, proxy.ts: 2ms, application-code: 12ms)
 GET /api/auth/organization/list 200 in 21ms (next.js: 7ms, proxy.ts: 2ms, application-code: 12ms)
 GET /analysis?client=80000000-0000-4000-8000-000000000005 200 in 182ms (next.js: 2ms, proxy.ts: 1.8ms, application-code: 178ms)
 GET /api/auth/get-session 200 in 77ms (next.js: 43ms, proxy.ts: 15ms, application-code: 20ms)
 GET /api/auth/organization/list 200 in 81ms (next.js: 46ms, proxy.ts: 15ms, application-code: 20ms)
 GET /insights?client=80000000-0000-4000-8000-000000000005 200 in 230ms (next.js: 2ms, proxy.ts: 3ms, application-code: 226ms)
 GET /api/auth/get-session 200 in 76ms (next.js: 44ms, proxy.ts: 12ms, application-code: 20ms)
 GET /api/auth/organization/list 200 in 79ms (next.js: 46ms, proxy.ts: 13ms, application-code: 20ms)
 GET /insights?client=80000000-0000-4000-8000-000000000005 200 in 223ms (next.js: 2ms, proxy.ts: 1.8ms, application-code: 219ms)
 GET /api/auth/get-session 200 in 22ms (next.js: 5ms, proxy.ts: 3ms, application-code: 14ms)
 GET /api/auth/organization/list 200 in 25ms (next.js: 9ms, proxy.ts: 3ms, application-code: 13ms)
 POST /insights?client=80000000-0000-4000-8000-000000000005 200 in 78ms (next.js: 1.9ms, proxy.ts: 2ms, application-code: 74ms)
  └─ ƒ setCookieConsent({}) in 2ms src/app/preferences-actions.ts
  ✓  34 [chromium] › e2e/prod-ready-local.spec.ts:128:44 › local production readiness regression journeys › stored analytics remain available without Google and during grace in fr (3.0s)
 GET /dashboard?client=80000000-0000-4000-8000-000000000005 200 in 189ms (next.js: 1.9ms, proxy.ts: 1.9ms, application-code: 185ms)
 GET /api/auth/get-session 200 in 22ms (next.js: 5ms, proxy.ts: 3ms, application-code: 14ms)
 GET /api/auth/organization/list 200 in 24ms (next.js: 8ms, proxy.ts: 3ms, application-code: 13ms)
 GET /analysis?client=80000000-0000-4000-8000-000000000005 200 in 188ms (next.js: 4ms, proxy.ts: 5ms, application-code: 180ms)
 GET /api/auth/get-session 200 in 115ms (next.js: 17ms, proxy.ts: 38ms, application-code: 60ms)
 GET /api/auth/organization/list 200 in 106ms (next.js: 25ms, proxy.ts: 29ms, application-code: 52ms)
 GET /insights?client=80000000-0000-4000-8000-000000000005 200 in 263ms (next.js: 4ms, proxy.ts: 3ms, application-code: 256ms)
 GET /api/auth/get-session 200 in 82ms (next.js: 48ms, proxy.ts: 12ms, application-code: 22ms)
 GET /api/auth/organization/list 200 in 86ms (next.js: 52ms, proxy.ts: 13ms, application-code: 21ms)
 GET /dashboard?client=80000000-0000-4000-8000-000000000005 200 in 217ms (next.js: 2.0ms, proxy.ts: 2ms, application-code: 213ms)
 GET /api/auth/get-session 200 in 25ms (next.js: 4ms, proxy.ts: 3ms, application-code: 19ms)
 GET /api/auth/organization/list 200 in 30ms (next.js: 10ms, proxy.ts: 2ms, application-code: 17ms)
 GET /analysis?client=80000000-0000-4000-8000-000000000005 200 in 192ms (next.js: 4ms, proxy.ts: 6ms, application-code: 181ms)
 GET /api/auth/get-session 200 in 80ms (next.js: 44ms, proxy.ts: 16ms, application-code: 20ms)
 GET /api/auth/organization/list 200 in 83ms (next.js: 47ms, proxy.ts: 16ms, application-code: 20ms)
 GET /insights?client=80000000-0000-4000-8000-000000000005 200 in 245ms (next.js: 2ms, proxy.ts: 3ms, application-code: 239ms)
 GET /api/auth/get-session 200 in 80ms (next.js: 52ms, proxy.ts: 14ms, application-code: 14ms)
 GET /api/auth/organization/list 200 in 83ms (next.js: 53ms, proxy.ts: 15ms, application-code: 15ms)
 GET /insights?client=80000000-0000-4000-8000-000000000005 200 in 226ms (next.js: 2ms, proxy.ts: 1.8ms, application-code: 222ms)
 GET /api/auth/get-session 200 in 21ms (next.js: 6ms, proxy.ts: 3ms, application-code: 13ms)
 GET /api/auth/organization/list 200 in 23ms (next.js: 10ms, proxy.ts: 3ms, application-code: 10ms)
 POST /insights?client=80000000-0000-4000-8000-000000000005 200 in 83ms (next.js: 2ms, proxy.ts: 3ms, application-code: 78ms)
  └─ ƒ setCookieConsent({}) in 2ms src/app/preferences-actions.ts
  ✓  35 [chromium] › e2e/prod-ready-local.spec.ts:128:44 › local production readiness regression journeys › stored analytics remain available without Google and during grace in en (3.0s)
 GET /dashboard?client=80000000-0000-4000-8000-000000000006 200 in 165ms (next.js: 2ms, proxy.ts: 2ms, application-code: 160ms)
 GET /api/auth/get-session 200 in 19ms (next.js: 6ms, proxy.ts: 2ms, application-code: 11ms)
 GET /api/auth/organization/list 200 in 21ms (next.js: 9ms, proxy.ts: 3ms, application-code: 9ms)
 POST /dashboard?client=80000000-0000-4000-8000-000000000006 200 in 89ms (next.js: 2ms, proxy.ts: 2ms, application-code: 85ms)
  └─ ƒ setCookieConsent({}) in 2ms src/app/preferences-actions.ts
 GET /dashboard?client=80000000-0000-4000-8000-000000000006&sync=queued 200 in 75ms (next.js: 1.7ms, proxy.ts: 1.4ms, application-code: 72ms)
 POST /dashboard?client=80000000-0000-4000-8000-000000000006 200 in 98ms (next.js: 2ms, proxy.ts: 2ms, application-code: 94ms)
  └─ ƒ refreshAnalyticalData({}) in 12ms src/app/analytical-actions.ts
 GET /dashboard?client=80000000-0000-4000-8000-000000000006&sync=pending 200 in 101ms (next.js: 2.0ms, proxy.ts: 1.9ms, application-code: 97ms)
 POST /dashboard?client=80000000-0000-4000-8000-000000000006&sync=queued 200 in 120ms (next.js: 3ms, proxy.ts: 3ms, application-code: 114ms)
  └─ ƒ refreshAnalyticalData({}) in 7ms src/app/analytical-actions.ts
 GET /dashboard?client=80000000-0000-4000-8000-000000000006 200 in 145ms (next.js: 3ms, proxy.ts: 1.6ms, application-code: 140ms)
 GET /dashboard?client=80000000-0000-4000-8000-000000000006 200 in 157ms (next.js: 2ms, proxy.ts: 1.8ms, application-code: 153ms)
 GET /api/auth/get-session 200 in 19ms (next.js: 5ms, proxy.ts: 2ms, application-code: 13ms)
 GET /api/auth/organization/list 200 in 21ms (next.js: 9ms, proxy.ts: 2ms, application-code: 11ms)
 GET /dashboard?client=80000000-0000-4000-8000-000000000006&sync=unavailable 200 in 94ms (next.js: 2ms, proxy.ts: 1.5ms, application-code: 90ms)
 POST /dashboard?client=80000000-0000-4000-8000-000000000006 200 in 115ms (next.js: 2ms, proxy.ts: 3ms, application-code: 110ms)
  └─ ƒ refreshAnalyticalData({}) in 8ms src/app/analytical-actions.ts
  ✓  36 [chromium] › e2e/prod-ready-local.spec.ts:180:99 › local production readiness regression journeys › analytical refresh enqueues once and handles revoked connections in fr (2.0s)
 GET /dashboard?client=80000000-0000-4000-8000-000000000006 200 in 160ms (next.js: 1.8ms, proxy.ts: 2ms, application-code: 156ms)
 GET /api/auth/get-session 200 in 24ms (next.js: 4ms, proxy.ts: 3ms, application-code: 16ms)
 GET /api/auth/organization/list 200 in 29ms (next.js: 8ms, proxy.ts: 3ms, application-code: 18ms)
 POST /dashboard?client=80000000-0000-4000-8000-000000000006 200 in 83ms (next.js: 2ms, proxy.ts: 2ms, application-code: 78ms)
  └─ ƒ setCookieConsent({}) in 1ms src/app/preferences-actions.ts
 GET /dashboard?client=80000000-0000-4000-8000-000000000006&sync=queued 200 in 79ms (next.js: 2ms, proxy.ts: 2.0ms, application-code: 75ms)
 POST /dashboard?client=80000000-0000-4000-8000-000000000006 200 in 101ms (next.js: 2ms, proxy.ts: 2ms, application-code: 96ms)
  └─ ƒ refreshAnalyticalData({}) in 12ms src/app/analytical-actions.ts
 GET /dashboard?client=80000000-0000-4000-8000-000000000006&sync=pending 200 in 81ms (next.js: 2ms, proxy.ts: 1.6ms, application-code: 78ms)
 POST /dashboard?client=80000000-0000-4000-8000-000000000006&sync=queued 200 in 106ms (next.js: 3ms, proxy.ts: 2ms, application-code: 101ms)
  └─ ƒ refreshAnalyticalData({}) in 13ms src/app/analytical-actions.ts
 GET /dashboard?client=80000000-0000-4000-8000-000000000006 200 in 146ms (next.js: 2ms, proxy.ts: 1.8ms, application-code: 142ms)
 GET /dashboard?client=80000000-0000-4000-8000-000000000006 200 in 160ms (next.js: 1.8ms, proxy.ts: 2ms, application-code: 156ms)
 GET /api/auth/get-session 200 in 21ms (next.js: 5ms, proxy.ts: 2ms, application-code: 13ms)
 GET /api/auth/organization/list 200 in 24ms (next.js: 9ms, proxy.ts: 3ms, application-code: 12ms)
 GET /dashboard?client=80000000-0000-4000-8000-000000000006&sync=unavailable 200 in 92ms (next.js: 3ms, proxy.ts: 1.9ms, application-code: 88ms)
 POST /dashboard?client=80000000-0000-4000-8000-000000000006 200 in 118ms (next.js: 5ms, proxy.ts: 3ms, application-code: 110ms)
  └─ ƒ refreshAnalyticalData({}) in 8ms src/app/analytical-actions.ts
  ✓  37 [chromium] › e2e/prod-ready-local.spec.ts:180:99 › local production readiness regression journeys › analytical refresh enqueues once and handles revoked connections in en (2.0s)
 GET /accounts 200 in 100ms (next.js: 3ms, proxy.ts: 2.0ms, application-code: 95ms)
 GET /api/auth/get-session 200 in 86ms (next.js: 47ms, proxy.ts: 6ms, application-code: 34ms)
 GET /api/auth/organization/list 200 in 119ms (next.js: 51ms, proxy.ts: 5ms, application-code: 63ms)
 GET /history 200 in 150ms (next.js: 5ms, proxy.ts: 6ms, application-code: 140ms)
 GET /api/auth/get-session 200 in 65ms (next.js: 40ms, proxy.ts: 4ms, application-code: 21ms)
 GET /api/auth/organization/list 200 in 105ms (next.js: 43ms, proxy.ts: 4ms, application-code: 58ms)
 GET /alerts 200 in 159ms (next.js: 6ms, proxy.ts: 3ms, application-code: 150ms)
 GET /api/auth/get-session 200 in 104ms (next.js: 57ms, proxy.ts: 25ms, application-code: 22ms)
 GET /api/auth/organization/list 200 in 124ms (next.js: 60ms, proxy.ts: 9ms, application-code: 56ms)
 GET /tasks 200 in 183ms (next.js: 5ms, proxy.ts: 25ms, application-code: 153ms)
 GET /api/auth/get-session 200 in 77ms (next.js: 50ms, proxy.ts: 4ms, application-code: 23ms)
 GET /api/auth/organization/list 200 in 124ms (next.js: 53ms, proxy.ts: 4ms, application-code: 67ms)
 GET /approvals 200 in 151ms (next.js: 5ms, proxy.ts: 4ms, application-code: 142ms)
 GET /api/auth/get-session 200 in 78ms (next.js: 43ms, proxy.ts: 3ms, application-code: 32ms)
 GET /api/auth/organization/list 200 in 118ms (next.js: 46ms, proxy.ts: 3ms, application-code: 68ms)
 GET /reports 200 in 141ms (next.js: 6ms, proxy.ts: 3ms, application-code: 131ms)
 GET /api/auth/get-session 200 in 163ms (next.js: 92ms, proxy.ts: 4ms, application-code: 67ms)
 GET /api/auth/organization/list 200 in 169ms (next.js: 96ms, proxy.ts: 5ms, application-code: 68ms)
 GET /audit 200 in 240ms (next.js: 14ms, proxy.ts: 4ms, application-code: 222ms)
 GET /accounts 200 in 100ms (next.js: 2.0ms, proxy.ts: 2ms, application-code: 95ms)
 GET /api/auth/get-session 200 in 82ms (next.js: 49ms, proxy.ts: 4ms, application-code: 30ms)
 GET /api/auth/organization/list 200 in 103ms (next.js: 54ms, proxy.ts: 4ms, application-code: 44ms)
 GET /history 200 in 136ms (next.js: 4ms, proxy.ts: 3ms, application-code: 128ms)
 GET /api/auth/get-session 200 in 73ms (next.js: 41ms, proxy.ts: 4ms, application-code: 28ms)
 GET /api/auth/organization/list 200 in 109ms (next.js: 45ms, proxy.ts: 4ms, application-code: 61ms)
 GET /alerts 200 in 146ms (next.js: 4ms, proxy.ts: 4ms, application-code: 138ms)
 GET /api/auth/get-session 200 in 74ms (next.js: 47ms, proxy.ts: 6ms, application-code: 21ms)
 GET /api/auth/organization/list 200 in 91ms (next.js: 50ms, proxy.ts: 7ms, application-code: 35ms)
 GET /tasks 200 in 169ms (next.js: 5ms, proxy.ts: 6ms, application-code: 157ms)
 GET /api/auth/get-session 200 in 72ms (next.js: 42ms, proxy.ts: 4ms, application-code: 26ms)
 GET /api/auth/organization/list 200 in 98ms (next.js: 44ms, proxy.ts: 4ms, application-code: 50ms)
 GET /approvals 200 in 124ms (next.js: 4ms, proxy.ts: 4ms, application-code: 116ms)
 GET /api/auth/get-session 200 in 68ms (next.js: 50ms, proxy.ts: 4ms, application-code: 14ms)
 GET /api/auth/organization/list 200 in 113ms (next.js: 53ms, proxy.ts: 4ms, application-code: 57ms)
 GET /reports 200 in 132ms (next.js: 4ms, proxy.ts: 4ms, application-code: 124ms)
  ✓  38 [chromium] › e2e/prod-ready-local.spec.ts:227:9 › local production readiness regression journeys › grace permits stored views while hiding mutations (3.9s)
⨯ Error [WorkspaceAccessRestrictedError]: Workspace access state does not allow: portfolio:read
    at requireWorkspacePermission (src/lib/workspace.ts:166:19)
    at async DashboardPage (src/app/(app)/dashboard/page.tsx:27:54)
  164 |   if (!decision.allowed && decision.reason === 'role') requirePermission(context.role, permission)
  165 |   if (!decision.allowed) {
> 166 |     const error = new Error(`Workspace access state does not allow: ${permission}`)
      |                   ^
  167 |     error.name = 'WorkspaceAccessRestrictedError'
  168 |     throw error
  169 |   } {
  digest: '2109181567'
}
 GET /dashboard 307 in 114ms (next.js: 10ms, proxy.ts: 6ms, application-code: 98ms)
 GET /billing?notice=Your%20current%20access%20is%20limited%20to%20billing%20and%20stored%20data. 200 in 142ms (next.js: 13ms, proxy.ts: 5ms, application-code: 124ms)
⨯ Error [WorkspaceAccessRestrictedError]: Workspace access state does not allow: portfolio:read
    at requireWorkspacePermission (src/lib/workspace.ts:166:19)
    at async DashboardPage (src/app/(app)/dashboard/page.tsx:27:54)
  164 |   if (!decision.allowed && decision.reason === 'role') requirePermission(context.role, permission)
  165 |   if (!decision.allowed) {
> 166 |     const error = new Error(`Workspace access state does not allow: ${permission}`)
      |                   ^
  167 |     error.name = 'WorkspaceAccessRestrictedError'
  168 |     throw error
  169 |   } {
  digest: '2109181567'
}
 GET /dashboard 307 in 72ms (next.js: 2ms, proxy.ts: 1.7ms, application-code: 68ms)
 GET /support?notice=Your%20current%20access%20is%20limited%20to%20billing%20and%20stored%20data. 200 in 107ms (next.js: 3ms, proxy.ts: 1.7ms, application-code: 102ms)
⨯ Error [PermissionDeniedError]: Permission required: portfolio:read
    at requirePermission (src/lib/permissions.ts:79:19)
    at requireWorkspacePermission (src/lib/workspace.ts:164:73)
    at async DashboardPage (src/app/(app)/dashboard/page.tsx:27:54)
  77 | export function requirePermission(role: WorkspaceRole, permission: Permission) {
  78 |   if (!rolePermissions[role].has(permission)) {
> 79 |     const error = new Error(`Permission required: ${permission}`)
     |                   ^
  80 |     error.name = 'PermissionDeniedError'
  81 |     throw error
  82 |   } {
  digest: '2625592173'
}
 GET /dashboard 307 in 87ms (next.js: 3ms, proxy.ts: 1.8ms, application-code: 82ms)
 GET /support?notice=Your%20current%20access%20is%20limited%20to%20billing%20and%20stored%20data. 200 in 100ms (next.js: 12ms, proxy.ts: 1.8ms, application-code: 86ms)
  ✓  39 [chromium] › e2e/prod-ready-local.spec.ts:242:9 › local production readiness regression journeys › suspended members have an accessible recovery destination without redirect loops (1.4s)
 GET /dashboard 200 in 114ms (next.js: 2ms, proxy.ts: 2.0ms, application-code: 110ms)
 GET /api/auth/get-session 200 in 29ms (next.js: 7ms, proxy.ts: 3ms, application-code: 19ms)
 GET /api/auth/organization/list 200 in 31ms (next.js: 14ms, proxy.ts: 3ms, application-code: 15ms)
 POST /dashboard 200 in 70ms (next.js: 4ms, proxy.ts: 5ms, application-code: 61ms)
  └─ ƒ setCookieConsent({}) in 2ms src/app/preferences-actions.ts
 GET /settings 200 in 79ms (next.js: 17ms, proxy.ts: 2ms, application-code: 60ms)
  ✓  40 [chromium] › e2e/prod-ready-local.spec.ts:254:11 › local production readiness regression journeys › full navigation and workspace selection work at 390px in fr (868ms)
 GET /dashboard 200 in 109ms (next.js: 2ms, proxy.ts: 1.7ms, application-code: 105ms)
 GET /api/auth/get-session 200 in 22ms (next.js: 7ms, proxy.ts: 3ms, application-code: 12ms)
 GET /api/auth/organization/list 200 in 24ms (next.js: 10ms, proxy.ts: 2ms, application-code: 11ms)
 POST /dashboard 200 in 62ms (next.js: 2ms, proxy.ts: 1.9ms, application-code: 58ms)
  └─ ƒ setCookieConsent({}) in 2ms src/app/preferences-actions.ts
 GET /settings 200 in 55ms (next.js: 2ms, proxy.ts: 2ms, application-code: 51ms)
  ✓  41 [chromium] › e2e/prod-ready-local.spec.ts:254:11 › local production readiness regression journeys › full navigation and workspace selection work at 768px in fr (679ms)
 GET /dashboard 200 in 135ms (next.js: 3ms, proxy.ts: 2ms, application-code: 130ms)
 GET /api/auth/get-session 200 in 20ms (next.js: 6ms, proxy.ts: 3ms, application-code: 12ms)
 GET /api/auth/organization/list 200 in 22ms (next.js: 10ms, proxy.ts: 3ms, application-code: 10ms)
 POST /dashboard 200 in 66ms (next.js: 2ms, proxy.ts: 2ms, application-code: 61ms)
  └─ ƒ setCookieConsent({}) in 2ms src/app/preferences-actions.ts
 GET /settings 200 in 63ms (next.js: 2ms, proxy.ts: 10ms, application-code: 51ms)
  ✓  42 [chromium] › e2e/prod-ready-local.spec.ts:254:11 › local production readiness regression journeys › full navigation and workspace selection work at 390px in en (820ms)
 GET /dashboard 200 in 107ms (next.js: 1.8ms, proxy.ts: 1.8ms, application-code: 104ms)
 GET /api/auth/get-session 200 in 21ms (next.js: 5ms, proxy.ts: 2ms, application-code: 13ms)
 GET /api/auth/organization/list 200 in 23ms (next.js: 9ms, proxy.ts: 3ms, application-code: 11ms)
 POST /dashboard 200 in 62ms (next.js: 2ms, proxy.ts: 2ms, application-code: 57ms)
  └─ ƒ setCookieConsent({}) in 2ms src/app/preferences-actions.ts
 GET /settings 200 in 55ms (next.js: 3ms, proxy.ts: 2ms, application-code: 50ms)
  ✓  43 [chromium] › e2e/prod-ready-local.spec.ts:254:11 › local production readiness regression journeys › full navigation and workspace selection work at 768px in en (701ms)
 GET /dashboard 200 in 120ms (next.js: 3ms, proxy.ts: 2ms, application-code: 115ms)
 GET /api/auth/get-session 200 in 22ms (next.js: 5ms, proxy.ts: 2ms, application-code: 14ms)
 GET /api/auth/organization/list 200 in 23ms (next.js: 9ms, proxy.ts: 2ms, application-code: 12ms)
 POST /dashboard 200 in 83ms (next.js: 2ms, proxy.ts: 4ms, application-code: 77ms)
  └─ ƒ setCookieConsent({}) in 2ms src/app/preferences-actions.ts
 POST /api/auth/organization/set-active 200 in 17ms (next.js: 6ms, proxy.ts: 2ms, application-code: 9ms)
⨯ Error [PermissionDeniedError]: Permission required: portfolio:read
    at requirePermission (src/lib/permissions.ts:79:19)
    at requireWorkspacePermission (src/lib/workspace.ts:164:73)
    at async DashboardPage (src/app/(app)/dashboard/page.tsx:27:54)
  77 | export function requirePermission(role: WorkspaceRole, permission: Permission) {
  78 |   if (!rolePermissions[role].has(permission)) {
> 79 |     const error = new Error(`Permission required: ${permission}`)
     |                   ^
  80 |     error.name = 'PermissionDeniedError'
  81 |     throw error
  82 |   } {
  digest: '2625592173'
}
 GET /api/auth/get-session 200 in 41ms (next.js: 22ms, proxy.ts: 9ms, application-code: 10ms)
 GET /dashboard 307 in 74ms (next.js: 1.8ms, proxy.ts: 1.4ms, application-code: 71ms)
 GET /support?error=Acc%C3%A8s%20non%20autoris%C3%A9 200 in 98ms (next.js: 2ms, proxy.ts: 4ms, application-code: 92ms)
 GET /api/auth/get-session 200 in 24ms (next.js: 8ms, proxy.ts: 4ms, application-code: 12ms)
 GET /api/auth/organization/list 200 in 26ms (next.js: 12ms, proxy.ts: 3ms, application-code: 11ms)
 POST /api/auth/organization/set-active 200 in 13ms (next.js: 2ms, proxy.ts: 2ms, application-code: 8ms)
 GET /api/auth/get-session 200 in 66ms (next.js: 40ms, proxy.ts: 9ms, application-code: 17ms)
 GET /dashboard 200 in 117ms (next.js: 2ms, proxy.ts: 1.5ms, application-code: 113ms)
 GET /api/auth/get-session 200 in 19ms (next.js: 3ms, proxy.ts: 2ms, application-code: 13ms)
 GET /api/auth/organization/list 200 in 20ms (next.js: 10ms, proxy.ts: 2ms, application-code: 8ms)
  ✓  44 [chromium] › e2e/prod-ready-local.spec.ts:279:9 › local production readiness regression journeys › workspace selection switches context and permissions on mobile (1.4s)
 GET /agents 200 in 135ms (next.js: 3ms, proxy.ts: 1.7ms, application-code: 130ms)
  ✓  45 [chromium] › e2e/prod-ready-local.spec.ts:301:9 › local production readiness regression journeys › analysts do not see monitoring controls denied by their role (408ms)
 GET /status 200 in 65ms (next.js: 3ms, proxy.ts: 1.9ms, application-code: 61ms)
 GET /status 200 in 170ms (next.js: 1.7ms, proxy.ts: 2ms, application-code: 166ms)
 GET /status?status=active 200 in 29ms (next.js: 2ms, proxy.ts: 3ms, application-code: 24ms)
 GET /status/bfd54c32-32b6-49e9-a6be-f7967888d147 200 in 859ms (next.js: 803ms, proxy.ts: 2ms, application-code: 53ms)
 GET /status/bfd54c32-32b6-49e9-a6be-f7967888d147?cursor=eyJ2IjoxLCJpdiI6Il9VcV9tUjFFaU4xdUllRksiLCJ0YWciOiJfMzd3blN0clY1ZXkwWEEtSHJQbkdnIiwiZGF0YSI6IkpGNzVfYmFnZFNNMzlBWHJuaV9WSWFrSXhEU05JMFVYVDRfVDZ1ZDNNb2tQcVBCWGduV1lLaE1uTVNzZWRTTXl1cHFuQ2pVRC1MT3JpUlF3bE5XbzRVejVwYkZEQzhfako2VlVKcVhER1RmWmRvbFlIOHBWLU5fN2FtblZsWXRIdWhXNG54ZVZ5MUJPb0YwbnhtdDhRdzVuTVY5UUs0U3lRME56NXhVYVdmeDhDV1N6QkJGOG1fMnA5Z3pjNnJtbWFObkNzSEtUWVNPQ3I2WU5HazJvVU5uUjh1R2ZiaGNpV1JHMVp3LW11Q1pCWXdkdnFjQlF0dkVEeEJFV2RGNlRPWWU5ckxzZURXX1pQRTh5RFl4aWpsY0JjT3p0TDE0bG4taEZ0TUs1NlJNVFVGWmR0N2RGUlEifQ 200 in 36ms (next.js: 6ms, proxy.ts: 3ms, application-code: 27ms)
 GET /status?cursor=forged 200 in 74ms (next.js: 2ms, proxy.ts: 2.0ms, application-code: 70ms)
 GET /status/7d71bce7-9589-4bf1-b2dc-434d364e1df0 404 in 83ms (next.js: 33ms, proxy.ts: 3ms, application-code: 47ms)
 GET /status/invalid 404 in 66ms (next.js: 4ms, proxy.ts: 5ms, application-code: 58ms)
  ✓  46 [chromium] › e2e/public-status-local.spec.ts:13:53 › truthful public status › shows unknown health and complete incident history in fr (3.0s)
 GET /status 200 in 58ms (next.js: 2ms, proxy.ts: 2ms, application-code: 54ms)
 GET /status 200 in 186ms (next.js: 2ms, proxy.ts: 1.9ms, application-code: 182ms)
 GET /status?status=active 200 in 41ms (next.js: 2.0ms, proxy.ts: 2ms, application-code: 37ms)
 GET /status/94737a78-d13b-4e3f-ac93-918e86a3978e 200 in 31ms (next.js: 4ms, proxy.ts: 1.9ms, application-code: 25ms)
 GET /status/94737a78-d13b-4e3f-ac93-918e86a3978e?cursor=eyJ2IjoxLCJpdiI6InlFVEUyYnBiV2RpcjZBbVgiLCJ0YWciOiIzNGhhM1BldlNOMzM5QUp0dlBKYTNnIiwiZGF0YSI6IlFiQ2h0eWVsQmN2UUZHOWh3N3dfNUp6Z3dwMkstZFRSd2FuSDlPM2N4REhjSWs3SGJ6djhiekhqZ2k2MDBxYXBGbUNhWHFZOE53cWlSREpnT05RdWF6ZzdWUkprbFlyMExxcGJZT0pMQ1V6SXBNQzFHdXVQMWxORlM5SlZXSUhaSUN3d1RlZnNJRTQzTzFtUDlpXzctLWJDU01qcDdxRHBEVWNRc2ZZbkFHQW5fOVFRY080N1dHeDJEUFR2bWVzanptLU1aNnlIaV9VRHpkMFN6TGZKMGQtNlZmQW1VdWtPQURUcjZlYzN2ZmNuS1NIOG80enBtVlFDQmlmeFpKOHBIbXBSaWlSX2N3ZjZFb3E2TW1HcjNTMGR6X2hROEFkTGxDQUVESHRfRWl4d1M4TFdqOGFwa1EifQ 200 in 34ms (next.js: 4ms, proxy.ts: 2ms, application-code: 27ms)
 GET /status?cursor=forged 200 in 67ms (next.js: 1.8ms, proxy.ts: 2.0ms, application-code: 63ms)
 GET /status/9cfe922c-9cd7-4f8a-a314-67b6daca10ea 404 in 46ms (next.js: 5ms, proxy.ts: 2ms, application-code: 39ms)
 GET /status/invalid 404 in 96ms (next.js: 3ms, proxy.ts: 6ms, application-code: 87ms)
  ✓  47 [chromium] › e2e/public-status-local.spec.ts:13:53 › truthful public status › shows unknown health and complete incident history in en (2.8s)
 GET / 200 in 73ms (next.js: 3ms, proxy.ts: 1.6ms, application-code: 68ms)
  ✓  48 [chromium] › e2e/public.spec.ts:3:5 › public landing exposes the product proposition and account creation (678ms)
 GET /dashboard 307 in 44ms (next.js: 2ms, proxy.ts: 1.7ms, application-code: 40ms)
 GET /sign-in 200 in 53ms (next.js: 4ms, proxy.ts: 1.5ms, application-code: 48ms)
  ✓  49 [chromium] › e2e/public.spec.ts:24:5 › authenticated areas redirect anonymous visitors to sign-in (175ms)
 GET /privacy 200 in 45ms (next.js: 3ms, proxy.ts: 3ms, application-code: 39ms)
 GET /terms 200 in 39ms (next.js: 3ms, proxy.ts: 2ms, application-code: 34ms)
  ✓  50 [chromium] › e2e/public.spec.ts:30:5 › privacy and terms pages are public (481ms)
 GET /subprocessors 200 in 43ms (next.js: 4ms, proxy.ts: 1.7ms, application-code: 38ms)
  ✓  51 [chromium] › e2e/public.spec.ts:37:5 › the subprocessor register and change-notice policy are public (283ms)
 GET / 200 in 83ms (next.js: 1.7ms, proxy.ts: 3ms, application-code: 79ms)
 GET /privacy 200 in 606ms (next.js: 73ms, proxy.ts: 340ms, application-code: 192ms)
  ✓  52 [chromium] › e2e/public.spec.ts:44:5 › the public product and legal surface honor the English locale (1.6s)
 GET /status 200 in 99ms (next.js: 2ms, proxy.ts: 2ms, application-code: 94ms)
  ✓  53 [chromium] › e2e/public.spec.ts:60:5 › public status page never claims operational health when status storage is unavailable (369ms)
 GET /reports 200 in 194ms (next.js: 4ms, proxy.ts: 1.9ms, application-code: 188ms)
 GET /api/auth/get-session 200 in 55ms (next.js: 19ms, proxy.ts: 3ms, application-code: 32ms)
 GET /api/auth/organization/list 200 in 58ms (next.js: 6ms, proxy.ts: 3ms, application-code: 49ms)
 POST /reports 200 in 83ms (next.js: 2ms, proxy.ts: 3ms, application-code: 78ms)
  └─ ƒ setCookieConsent({}) in 4ms src/app/preferences-actions.ts
 GET /reports?notice=Rapport+cr%C3%A9%C3%A9.+R%C3%A9v%C3%A9lez+son+URL+dans+les+cinq+prochaines+minutes.&reveal=report-url&revealId=f2722667-a34f-4a16-b471-aa9710aa4352 200 in 73ms (next.js: 1.9ms, proxy.ts: 1.7ms, application-code: 70ms)
 POST /reports 200 in 112ms (next.js: 2ms, proxy.ts: 2ms, application-code: 107ms)
  └─ ƒ createShareLink({}) in 26ms src/app/actions.ts
 POST /api/secret-revelation 200 in 115ms (next.js: 69ms, proxy.ts: 3ms, application-code: 44ms)
 GET /r/[REDACTED]?edition=0738ee01-48ec-412a-9d45-f6d955f45544 200 in 937ms (next.js: 821ms, proxy.ts: 2ms, application-code: 114ms)
 GET /r/[REDACTED]/csv?edition=0738ee01-48ec-412a-9d45-f6d955f45544 200 in 744ms (next.js: 718ms, proxy.ts: 6ms, application-code: 20ms)
 GET /r/[REDACTED]/pdf?edition=0738ee01-48ec-412a-9d45-f6d955f45544 200 in 1142ms (next.js: 767ms, proxy.ts: 5ms, application-code: 371ms)
 GET /r/[REDACTED]?error=L%E2%80%99envoi+de+codes+email+n%E2%80%99est+pas+configur%C3%A9.&edition=0738ee01-48ec-412a-9d45-f6d955f45544 200 in 49ms (next.js: 3ms, proxy.ts: 2ms, application-code: 44ms)
 POST /r/[REDACTED]?edition=0738ee01-48ec-412a-9d45-f6d955f45544 200 in 76ms (next.js: 4ms, proxy.ts: 2ms, application-code: 69ms)
  └─ ƒ requestReportFeedbackOtp({}) in 11ms src/app/actions.ts
 GET /r/[REDACTED]?edition=0738ee01-48ec-412a-9d45-f6d955f45544&otp=1 200 in 92ms (next.js: 3ms, proxy.ts: 3ms, application-code: 87ms)
 GET /r/[REDACTED]?error=Demandez+un+nouveau+code.&otp=1&edition=0738ee01-48ec-412a-9d45-f6d955f45544 200 in 49ms (next.js: 3ms, proxy.ts: 1.8ms, application-code: 44ms)
 POST /r/[REDACTED]?edition=0738ee01-48ec-412a-9d45-f6d955f45544&otp=1 200 in 69ms (next.js: 3ms, proxy.ts: 3ms, application-code: 63ms)
  └─ ƒ verifyReportFeedbackOtp({}) in 6ms src/app/actions.ts
 GET /reports?notice=Rapport+cr%C3%A9%C3%A9.+R%C3%A9v%C3%A9lez+son+URL+dans+les+cinq+prochaines+minutes.&reveal=report-url&revealId=5623f989-0064-4baa-9bb1-1157b4383b12 200 in 100ms (next.js: 3ms, proxy.ts: 3ms, application-code: 94ms)
 POST /reports?notice=Rapport%20cr%C3%A9%C3%A9.%20R%C3%A9v%C3%A9lez%20son%20URL%20dans%20les%20cinq%20prochaines%20minutes.&reveal=report-url&revealId=f2722667-a34f-4a16-b471-aa9710aa4352 200 in 150ms (next.js: 5ms, proxy.ts: 8ms, application-code: 138ms)
  └─ ƒ createShareLink({}) in 29ms src/app/actions.ts
 POST /api/secret-revelation 200 in 22ms (next.js: 2ms, proxy.ts: 2ms, application-code: 18ms)
 GET /r/[REDACTED]?edition=0d99cfb8-35f1-4227-9d14-8da320eafff9 200 in 74ms (next.js: 4ms, proxy.ts: 1.6ms, application-code: 69ms)
 GET /r/[REDACTED]/csv?edition=0d99cfb8-35f1-4227-9d14-8da320eafff9 200 in 16ms (next.js: 3ms, proxy.ts: 1.9ms, application-code: 10ms)
 GET /r/[REDACTED]/pdf?edition=0d99cfb8-35f1-4227-9d14-8da320eafff9 200 in 116ms (next.js: 4ms, proxy.ts: 1.6ms, application-code: 110ms)
 GET /reports?notice=Rapport+cr%C3%A9%C3%A9.+R%C3%A9v%C3%A9lez+son+URL+dans+les+cinq+prochaines+minutes.&reveal=report-url&revealId=2622ca11-4373-4426-b788-c90e721b2386 200 in 118ms (next.js: 3ms, proxy.ts: 2ms, application-code: 113ms)
 POST /reports?notice=Rapport%20cr%C3%A9%C3%A9.%20R%C3%A9v%C3%A9lez%20son%20URL%20dans%20les%20cinq%20prochaines%20minutes.&reveal=report-url&revealId=5623f989-0064-4baa-9bb1-1157b4383b12 200 in 154ms (next.js: 3ms, proxy.ts: 3ms, application-code: 148ms)
  └─ ƒ createShareLink({}) in 20ms src/app/actions.ts
 POST /api/secret-revelation 200 in 34ms (next.js: 3ms, proxy.ts: 5ms, application-code: 27ms)
 GET /r/[REDACTED]?edition=031cba9d-e82a-4bc6-b130-c466bd76e5a6 200 in 138ms (next.js: 9ms, proxy.ts: 2ms, application-code: 127ms)
 GET /r/[REDACTED]/csv?edition=031cba9d-e82a-4bc6-b130-c466bd76e5a6 200 in 27ms (next.js: 4ms, proxy.ts: 3ms, application-code: 20ms)
 GET /r/[REDACTED]/pdf?edition=031cba9d-e82a-4bc6-b130-c466bd76e5a6 200 in 97ms (next.js: 7ms, proxy.ts: 5ms, application-code: 85ms)
 GET /reports?notice=Rapport+cr%C3%A9%C3%A9.+R%C3%A9v%C3%A9lez+son+URL+dans+les+cinq+prochaines+minutes.&reveal=report-url&revealId=cfc3c018-af3a-479f-be18-201c90014c87 200 in 70ms (next.js: 2ms, proxy.ts: 2ms, application-code: 66ms)
 POST /reports?notice=Rapport%20cr%C3%A9%C3%A9.%20R%C3%A9v%C3%A9lez%20son%20URL%20dans%20les%20cinq%20prochaines%20minutes.&reveal=report-url&revealId=2622ca11-4373-4426-b788-c90e721b2386 200 in 114ms (next.js: 3ms, proxy.ts: 3ms, application-code: 108ms)
  └─ ƒ createShareLink({}) in 29ms src/app/actions.ts
 POST /api/secret-revelation 200 in 26ms (next.js: 7ms, proxy.ts: 5ms, application-code: 14ms)
 GET /r/[REDACTED]?edition=e8ef0a8a-0d7a-4cfa-b81a-24e0d6f5923d 200 in 109ms (next.js: 5ms, proxy.ts: 5ms, application-code: 100ms)
 GET /r/[REDACTED]/csv?edition=e8ef0a8a-0d7a-4cfa-b81a-24e0d6f5923d 200 in 22ms (next.js: 10ms, proxy.ts: 2ms, application-code: 10ms)
 GET /r/[REDACTED]/pdf?edition=e8ef0a8a-0d7a-4cfa-b81a-24e0d6f5923d 200 in 84ms (next.js: 3ms, proxy.ts: 1.7ms, application-code: 80ms)
 GET /reports?notice=Rapport+cr%C3%A9%C3%A9.+R%C3%A9v%C3%A9lez+son+URL+dans+les+cinq+prochaines+minutes.&reveal=report-url&revealId=dafc725b-67e8-46aa-91ce-8b7c78908e5b 200 in 76ms (next.js: 2ms, proxy.ts: 2ms, application-code: 71ms)
 POST /reports?notice=Rapport%20cr%C3%A9%C3%A9.%20R%C3%A9v%C3%A9lez%20son%20URL%20dans%20les%20cinq%20prochaines%20minutes.&reveal=report-url&revealId=cfc3c018-af3a-479f-be18-201c90014c87 200 in 105ms (next.js: 2ms, proxy.ts: 2ms, application-code: 100ms)
  └─ ƒ createShareLink({}) in 17ms src/app/actions.ts
 POST /api/secret-revelation 200 in 14ms (next.js: 1.6ms, proxy.ts: 3ms, application-code: 10ms)
 GET /r/[REDACTED]?edition=e8bf62ea-b2ae-4fdc-b35c-d88cf978e53d 200 in 91ms (next.js: 5ms, proxy.ts: 1.7ms, application-code: 85ms)
 GET /r/[REDACTED]/csv?edition=e8bf62ea-b2ae-4fdc-b35c-d88cf978e53d 200 in 15ms (next.js: 3ms, proxy.ts: 2ms, application-code: 10ms)
 GET /r/[REDACTED]/pdf?edition=e8bf62ea-b2ae-4fdc-b35c-d88cf978e53d 200 in 83ms (next.js: 4ms, proxy.ts: 3ms, application-code: 76ms)
 GET /r/[REDACTED]?edition=0738ee01-48ec-412a-9d45-f6d955f45544 200 in 87ms (next.js: 3ms, proxy.ts: 3ms, application-code: 82ms)
 GET /r/[REDACTED]/csv?edition=0738ee01-48ec-412a-9d45-f6d955f45544 200 in 18ms (next.js: 3ms, proxy.ts: 5ms, application-code: 10ms)
 GET /r/[REDACTED]/pdf?edition=0738ee01-48ec-412a-9d45-f6d955f45544 200 in 244ms (next.js: 1.8ms, proxy.ts: 1.5ms, application-code: 241ms)
 GET /reports?notice=R%C3%A9vision+publi%C3%A9e.+Les+%C3%A9ditions+pr%C3%A9c%C3%A9dentes+restent+inchang%C3%A9es.&reveal=report-url&revealId=0cbf6c98-9b9d-441d-bc22-cf6f967e4f9d 200 in 84ms (next.js: 2ms, proxy.ts: 2ms, application-code: 80ms)
 POST /reports?notice=Rapport%20cr%C3%A9%C3%A9.%20R%C3%A9v%C3%A9lez%20son%20URL%20dans%20les%20cinq%20prochaines%20minutes.&reveal=report-url&revealId=dafc725b-67e8-46aa-91ce-8b7c78908e5b 200 in 124ms (next.js: 3ms, proxy.ts: 4ms, application-code: 117ms)
  └─ ƒ reviseReportEdition({}) in 25ms src/app/actions.ts
 POST /api/secret-revelation 200 in 14ms (next.js: 1.5ms, proxy.ts: 2ms, application-code: 11ms)
 GET /r/[REDACTED]?edition=d812c1b3-0dc7-4185-a27d-76815891cd48 200 in 85ms (next.js: 4ms, proxy.ts: 1.9ms, application-code: 79ms)
 GET /r/[REDACTED]/csv?edition=d812c1b3-0dc7-4185-a27d-76815891cd48 200 in 15ms (next.js: 4ms, proxy.ts: 1.8ms, application-code: 10ms)
 GET /reports?error=Les+donn%C3%A9es+compl%C3%A8tes+de+cette+p%C3%A9riode+ne+sont+pas+disponibles.+Actualisez+l%E2%80%99historique+du+compte+avant+de+publier+ce+bilan. 200 in 76ms (next.js: 1.9ms, proxy.ts: 1.7ms, application-code: 72ms)
 POST /reports?notice=R%C3%A9vision%20publi%C3%A9e.%20Les%20%C3%A9ditions%20pr%C3%A9c%C3%A9dentes%20restent%20inchang%C3%A9es.&reveal=report-url&revealId=0cbf6c98-9b9d-441d-bc22-cf6f967e4f9d 200 in 100ms (next.js: 2ms, proxy.ts: 2ms, application-code: 95ms)
  └─ ƒ createShareLink({}) in 12ms src/app/actions.ts
 GET /r/[REDACTED]?edition=0738ee01-48ec-412a-9d45-f6d955f45544 200 in 105ms (next.js: 9ms, proxy.ts: 3ms, application-code: 93ms)
 GET /r/[REDACTED]/pdf?edition=0738ee01-48ec-412a-9d45-f6d955f45544 429 in 13ms (next.js: 4ms, proxy.ts: 3ms, application-code: 6ms)
 GET /r/[REDACTED]/csv?edition=0738ee01-48ec-412a-9d45-f6d955f45544 404 in 12ms (next.js: 3ms, proxy.ts: 1.9ms, application-code: 7ms)
 GET /reports 200 in 150ms (next.js: 2ms, proxy.ts: 2.0ms, application-code: 146ms)
  ✓  54 [chromium] › e2e/report-editions-local.spec.ts:16:53 › published report editions › creates every period and preserves HTML PDF CSV through revision in fr (9.9s)
 GET /reports 200 in 141ms (next.js: 2ms, proxy.ts: 3ms, application-code: 136ms)
 GET /api/auth/get-session 200 in 40ms (next.js: 16ms, proxy.ts: 3ms, application-code: 20ms)
 GET /api/auth/organization/list 200 in 48ms (next.js: 23ms, proxy.ts: 3ms, application-code: 22ms)
 POST /reports 200 in 77ms (next.js: 3ms, proxy.ts: 6ms, application-code: 68ms)
  └─ ƒ setCookieConsent({}) in 2ms src/app/preferences-actions.ts
 GET /reports?notice=Report+created.+Reveal+its+URL+within+the+next+five+minutes.&reveal=report-url&revealId=a0860b6b-5c89-48d3-9629-133efd226f8c 200 in 63ms (next.js: 1.8ms, proxy.ts: 1.5ms, application-code: 59ms)
 POST /reports 200 in 88ms (next.js: 2ms, proxy.ts: 3ms, application-code: 83ms)
  └─ ƒ createShareLink({}) in 14ms src/app/actions.ts
 POST /api/secret-revelation 200 in 18ms (next.js: 1.8ms, proxy.ts: 3ms, application-code: 13ms)
 GET /r/[REDACTED]?edition=b2d1bac4-4899-44c7-8af9-dc75bedec92b 200 in 81ms (next.js: 4ms, proxy.ts: 1.9ms, application-code: 75ms)
 GET /r/[REDACTED]/csv?edition=b2d1bac4-4899-44c7-8af9-dc75bedec92b 200 in 15ms (next.js: 3ms, proxy.ts: 2ms, application-code: 10ms)
 GET /r/[REDACTED]/pdf?edition=b2d1bac4-4899-44c7-8af9-dc75bedec92b 200 in 225ms (next.js: 3ms, proxy.ts: 1.4ms, application-code: 221ms)
 GET /r/[REDACTED]?error=Email+code+delivery+is+not+configured.&edition=b2d1bac4-4899-44c7-8af9-dc75bedec92b 200 in 60ms (next.js: 5ms, proxy.ts: 4ms, application-code: 52ms)
 POST /r/[REDACTED]?edition=b2d1bac4-4899-44c7-8af9-dc75bedec92b 200 in 91ms (next.js: 6ms, proxy.ts: 3ms, application-code: 83ms)
  └─ ƒ requestReportFeedbackOtp({}) in 15ms src/app/actions.ts
 GET /r/[REDACTED]?edition=b2d1bac4-4899-44c7-8af9-dc75bedec92b&otp=1 200 in 91ms (next.js: 3ms, proxy.ts: 2ms, application-code: 86ms)
 GET /r/[REDACTED]?error=Request+a+new+code.&otp=1&edition=b2d1bac4-4899-44c7-8af9-dc75bedec92b 200 in 58ms (next.js: 2ms, proxy.ts: 1.6ms, application-code: 54ms)
 POST /r/[REDACTED]?edition=b2d1bac4-4899-44c7-8af9-dc75bedec92b&otp=1 200 in 75ms (next.js: 3ms, proxy.ts: 3ms, application-code: 70ms)
  └─ ƒ verifyReportFeedbackOtp({}) in 6ms src/app/actions.ts
 GET /reports?notice=Report+created.+Reveal+its+URL+within+the+next+five+minutes.&reveal=report-url&revealId=790a9e1b-85b4-4207-b1da-e46c0c458bc2 200 in 66ms (next.js: 2ms, proxy.ts: 1.8ms, application-code: 62ms)
 POST /reports?notice=Report%20created.%20Reveal%20its%20URL%20within%20the%20next%20five%20minutes.&reveal=report-url&revealId=a0860b6b-5c89-48d3-9629-133efd226f8c 200 in 95ms (next.js: 3ms, proxy.ts: 3ms, application-code: 89ms)
  └─ ƒ createShareLink({}) in 16ms src/app/actions.ts
 POST /api/secret-revelation 200 in 14ms (next.js: 1.5ms, proxy.ts: 1.9ms, application-code: 10ms)
 GET /r/[REDACTED]?edition=0b8dbea9-1f52-4302-94c3-083d66483c35 200 in 83ms (next.js: 4ms, proxy.ts: 1.6ms, application-code: 77ms)
 GET /r/[REDACTED]/csv?edition=0b8dbea9-1f52-4302-94c3-083d66483c35 200 in 22ms (next.js: 5ms, proxy.ts: 1.7ms, application-code: 16ms)
 GET /r/[REDACTED]/pdf?edition=0b8dbea9-1f52-4302-94c3-083d66483c35 200 in 97ms (next.js: 4ms, proxy.ts: 1.7ms, application-code: 92ms)
 GET /reports?notice=Report+created.+Reveal+its+URL+within+the+next+five+minutes.&reveal=report-url&revealId=e1b135c2-b8a3-4743-9188-0fdeb19af84e 200 in 81ms (next.js: 2ms, proxy.ts: 3ms, application-code: 75ms)
 POST /reports?notice=Report%20created.%20Reveal%20its%20URL%20within%20the%20next%20five%20minutes.&reveal=report-url&revealId=790a9e1b-85b4-4207-b1da-e46c0c458bc2 200 in 125ms (next.js: 4ms, proxy.ts: 6ms, application-code: 115ms)
  └─ ƒ createShareLink({}) in 22ms src/app/actions.ts
 POST /api/secret-revelation 200 in 23ms (next.js: 5ms, proxy.ts: 3ms, application-code: 15ms)
 GET /r/[REDACTED]?edition=0ee05430-786a-4dad-b6b3-b781a807761e 200 in 168ms (next.js: 6ms, proxy.ts: 4ms, application-code: 158ms)
 GET /r/[REDACTED]/csv?edition=0ee05430-786a-4dad-b6b3-b781a807761e 200 in 23ms (next.js: 5ms, proxy.ts: 3ms, application-code: 15ms)
 GET /r/[REDACTED]/pdf?edition=0ee05430-786a-4dad-b6b3-b781a807761e 200 in 95ms (next.js: 4ms, proxy.ts: 3ms, application-code: 88ms)
 GET /reports?notice=Report+created.+Reveal+its+URL+within+the+next+five+minutes.&reveal=report-url&revealId=40c58490-00eb-4e78-bf7b-63ed57ccf900 200 in 73ms (next.js: 2.0ms, proxy.ts: 2ms, application-code: 69ms)
 POST /reports?notice=Report%20created.%20Reveal%20its%20URL%20within%20the%20next%20five%20minutes.&reveal=report-url&revealId=e1b135c2-b8a3-4743-9188-0fdeb19af84e 200 in 103ms (next.js: 2ms, proxy.ts: 2ms, application-code: 99ms)
  └─ ƒ createShareLink({}) in 19ms src/app/actions.ts
 POST /api/secret-revelation 200 in 16ms (next.js: 1.9ms, proxy.ts: 3ms, application-code: 11ms)
 GET /r/[REDACTED]?edition=52411444-3a82-4876-9bf0-427b61197a2b 200 in 93ms (next.js: 6ms, proxy.ts: 3ms, application-code: 84ms)
 GET /r/[REDACTED]/csv?edition=52411444-3a82-4876-9bf0-427b61197a2b 200 in 17ms (next.js: 4ms, proxy.ts: 3ms, application-code: 9ms)
 GET /r/[REDACTED]/pdf?edition=52411444-3a82-4876-9bf0-427b61197a2b 200 in 77ms (next.js: 3ms, proxy.ts: 1.5ms, application-code: 72ms)
 GET /reports?notice=Report+created.+Reveal+its+URL+within+the+next+five+minutes.&reveal=report-url&revealId=c4d219c2-cbb2-44a4-98b6-5fc5a429c6f2 200 in 121ms (next.js: 2ms, proxy.ts: 2.0ms, application-code: 116ms)
 POST /reports?notice=Report%20created.%20Reveal%20its%20URL%20within%20the%20next%20five%20minutes.&reveal=report-url&revealId=40c58490-00eb-4e78-bf7b-63ed57ccf900 200 in 153ms (next.js: 3ms, proxy.ts: 3ms, application-code: 148ms)
  └─ ƒ createShareLink({}) in 20ms src/app/actions.ts
 POST /api/secret-revelation 200 in 36ms (next.js: 2ms, proxy.ts: 8ms, application-code: 26ms)
 GET /r/[REDACTED]?edition=2c7098b9-6f10-4cc7-a51f-0a6484669c47 200 in 96ms (next.js: 4ms, proxy.ts: 6ms, application-code: 86ms)
 GET /r/[REDACTED]/csv?edition=2c7098b9-6f10-4cc7-a51f-0a6484669c47 200 in 18ms (next.js: 4ms, proxy.ts: 1.9ms, application-code: 12ms)
 GET /r/[REDACTED]/pdf?edition=2c7098b9-6f10-4cc7-a51f-0a6484669c47 200 in 77ms (next.js: 4ms, proxy.ts: 3ms, application-code: 71ms)
 GET /r/[REDACTED]?edition=b2d1bac4-4899-44c7-8af9-dc75bedec92b 200 in 94ms (next.js: 4ms, proxy.ts: 2ms, application-code: 89ms)
 GET /r/[REDACTED]/csv?edition=b2d1bac4-4899-44c7-8af9-dc75bedec92b 200 in 21ms (next.js: 6ms, proxy.ts: 4ms, application-code: 11ms)
 GET /r/[REDACTED]/pdf?edition=b2d1bac4-4899-44c7-8af9-dc75bedec92b 200 in 214ms (next.js: 3ms, proxy.ts: 1.6ms, application-code: 209ms)
 GET /reports?notice=Revision+published.+Previous+editions+remain+unchanged.&reveal=report-url&revealId=5effd1ab-cd22-48b3-9132-90b5cb12271a 200 in 107ms (next.js: 5ms, proxy.ts: 3ms, application-code: 100ms)
 POST /reports?notice=Report%20created.%20Reveal%20its%20URL%20within%20the%20next%20five%20minutes.&reveal=report-url&revealId=c4d219c2-cbb2-44a4-98b6-5fc5a429c6f2 200 in 174ms (next.js: 5ms, proxy.ts: 5ms, application-code: 164ms)
  └─ ƒ reviseReportEdition({}) in 40ms src/app/actions.ts
 POST /api/secret-revelation 200 in 25ms (next.js: 12ms, proxy.ts: 3ms, application-code: 10ms)
 GET /r/[REDACTED]?edition=5b10db34-2a48-44f5-bdd4-f46de3e8d1d9 200 in 87ms (next.js: 4ms, proxy.ts: 1.9ms, application-code: 81ms)
 GET /r/[REDACTED]/csv?edition=5b10db34-2a48-44f5-bdd4-f46de3e8d1d9 200 in 18ms (next.js: 5ms, proxy.ts: 3ms, application-code: 11ms)
 GET /reports?error=Les+donn%C3%A9es+compl%C3%A8tes+de+cette+p%C3%A9riode+ne+sont+pas+disponibles.+Actualisez+l%E2%80%99historique+du+compte+avant+de+publier+ce+bilan. 200 in 100ms (next.js: 1.9ms, proxy.ts: 1.6ms, application-code: 96ms)
 POST /reports?notice=Revision%20published.%20Previous%20editions%20remain%20unchanged.&reveal=report-url&revealId=5effd1ab-cd22-48b3-9132-90b5cb12271a 200 in 123ms (next.js: 2ms, proxy.ts: 2ms, application-code: 119ms)
  └─ ƒ createShareLink({}) in 12ms src/app/actions.ts
 GET /r/[REDACTED]?edition=b2d1bac4-4899-44c7-8af9-dc75bedec92b 200 in 107ms (next.js: 4ms, proxy.ts: 1.8ms, application-code: 101ms)
 GET /r/[REDACTED]/pdf?edition=b2d1bac4-4899-44c7-8af9-dc75bedec92b 429 in 14ms (next.js: 5ms, proxy.ts: 2ms, application-code: 6ms)
 GET /r/[REDACTED]/csv?edition=b2d1bac4-4899-44c7-8af9-dc75bedec92b 404 in 12ms (next.js: 4ms, proxy.ts: 1.5ms, application-code: 6ms)
 GET /reports 200 in 163ms (next.js: 2ms, proxy.ts: 2ms, application-code: 158ms)
  ✓  55 [chromium] › e2e/report-editions-local.spec.ts:16:53 › published report editions › creates every period and preserves HTML PDF CSV through revision in en (7.1s)
 GET /audit?q=COLL_AUDIT_ 200 in 167ms (next.js: 3ms, proxy.ts: 2.0ms, application-code: 162ms)
 GET /api/auth/get-session 200 in 23ms (next.js: 6ms, proxy.ts: 3ms, application-code: 14ms)
 GET /api/auth/organization/list 200 in 25ms (next.js: 12ms, proxy.ts: 3ms, application-code: 11ms)
 POST /audit?q=COLL_AUDIT_ 200 in 112ms (next.js: 2ms, proxy.ts: 2ms, application-code: 107ms)
  └─ ƒ setCookieConsent({}) in 2ms src/app/preferences-actions.ts
 GET /audit?q=COLL_AUDIT_&cursor=eyJ2IjoxLCJpdiI6ImJWcEFkdUswVzZvaFNBdlkiLCJ0YWciOiJIZWxWXzRrQ2JIMFhtMldaQ1hJcl93IiwiZGF0YSI6IlVPMVJkUFNKR1JjbVoxR2h4dDNsNjdMV3ltNGp3UFRUZFVqQzNJZjJ4bk5jd1BkMUFIcWxzLWdYMTBXcTdrWFFLeGw0VEFDR29iNTliRFpLNHZ4UlNxNDEtd1NweTIwTnZIOVVjdkZnT0lCcUdJZ1huTVBCbThEY2xiSXMwN1V3Qjc5TXZDOER5TVFLaFdONGhRYzBxNWV3SzFVakJtc2ZublVYc0p2SkcxdktOTHl3SXBNaTRDSTVoUHJQNktqRjNkeHlyekNyR0tFVV8xamNuWWVBT1pOSkVLVmJZVVhKdTZkeTR5TTliaWJqdTQ0U05rNzdESXEtWU1PZkRkR0gyekNpOWhYN0NIdU5Zc1B1SEVSdWtkSHA1WnVSWS1YNWVIRWFGLUpzR1Q5QmlNN0VFWWtCUmcifQ 200 in 72ms (next.js: 6ms, proxy.ts: 5ms, application-code: 61ms)
 GET /audit?q=COLL_AUDIT_001 200 in 121ms (next.js: 3ms, proxy.ts: 3ms, application-code: 115ms)
 GET /api/auth/get-session 200 in 102ms (next.js: 14ms, proxy.ts: 20ms, application-code: 68ms)
 GET /api/auth/organization/list 200 in 107ms (next.js: 18ms, proxy.ts: 20ms, application-code: 69ms)
 GET /tasks?q=COLL_TASK_ 200 in 486ms (next.js: 6ms, proxy.ts: 2ms, application-code: 477ms)
 GET /api/auth/get-session 200 in 24ms (next.js: 11ms, proxy.ts: 4ms, application-code: 9ms)
 GET /api/auth/organization/list 200 in 25ms (next.js: 4ms, proxy.ts: 4ms, application-code: 17ms)
 GET /tasks?q=COLL_TASK_&status=open&cursor=eyJ2IjoxLCJpdiI6Im1Cend2Wk9iMEEwQy10T0kiLCJ0YWciOiJxWk94XzJYRVdlMGpqQk91N0hZV01BIiwiZGF0YSI6ImRVSUJPc0pRY3QzNHpUVG5zNzNlVkMyYVZqR3JObzlXNXhaODhfS1ItTFNaNEhnM3dKd1ZYZ1hoSEFkMGFHdUJtOEpEcnVJYkVFNHI0MWhUSHlBenFHVlRLVktjSktpYlJiOFV5Um9HV0ZpSTNjY3BTQnF2cXpjMXJMaUgzY1Rha2gxOW9oVXR6Q2NVV3BpMHRuRjJnajB2MkpudWNlR2FDNkpEdzdLU3pENnJZdnl6V3FtVHZtQi1TMGNFa1BERzdyeWRUbHVIVmZEaWxsUGR0OXpQZDVTMWVGSXdCNnZxNWp6ZVRXaUMyZUtSTnRHY2VVWEJPU09oajVTMUVXQXNKYV9uUXFveVZ2c0p0UFh2R3hTQ0hUVUk5clg0MUxVLVlCbzJ0bzVNdXg0TkJxUnphWms1SXcifQ 200 in 131ms (next.js: 6ms, proxy.ts: 4ms, application-code: 122ms)
 GET /tasks?q=COLL_TASK_001&status=open 200 in 153ms (next.js: 3ms, proxy.ts: 2ms, application-code: 148ms)
 GET /api/auth/get-session 200 in 21ms (next.js: 7ms, proxy.ts: 3ms, application-code: 10ms)
 GET /api/auth/organization/list 200 in 21ms (next.js: 11ms, proxy.ts: 3ms, application-code: 8ms)
 GET /tasks?notice=Commentaire+ajout%C3%A9.&id=ab3356aa-c586-4c00-b478-892011303bd8 200 in 88ms (next.js: 2ms, proxy.ts: 2ms, application-code: 84ms)
 POST /tasks?q=COLL_TASK_001&status=open 200 in 111ms (next.js: 2ms, proxy.ts: 2ms, application-code: 107ms)
  └─ ƒ addWorkspaceTaskComment({}) in 10ms src/app/actions.ts
 GET /discussions/tasks/ab3356aa-c586-4c00-b478-892011303bd8 200 in 71ms (next.js: 13ms, proxy.ts: 3ms, application-code: 55ms)
 GET /discussions/tasks/ab3356aa-c586-4c00-b478-892011303bd8?cursor=eyJ2IjoxLCJpdiI6Im5NSmNxbjVWUzZ3ZjEyRU8iLCJ0YWciOiJJTjRvUm8xbWJPZ1BlSDM2ekxKMEhnIiwiZGF0YSI6InRSc2tqelotX1lzWnh6LXRwN1FIVXVGVlBKc3VvRERrTUstQmgwRE9YaHA3RjVlTEl0RU9wVHRLNnNTNkRSZWFXUVpMOURvWTFUbmUtczd6UUZqNThGR3AzbjRYMXBnTDgtUWd6WS0tTjBVa21DMjNMZXUzT2tsWUFHRGVBZjJhWXZmdnIwTVFjeWlvVHFCMktKTExPSUx5Q0hiT3gxUDNIWU1Wam9IOTIxSkxrTjNhLVJvNVJhUnBOTUFwVDhudVdka2p1dld3b1R1enluOC05S084M0xCRWd5LWtOSFRDc040OWtGOU5NT2tuVmpObTFiMDk3VUlmQzZwWld6LUVQTlFoalJjZW44aHRoZ2R6b2VuR0ZkNFBGSkJ2Y1pmbkNyYUxTWWdtSGxsb204X2VhbzFRT2cifQ 200 in 56ms (next.js: 4ms, proxy.ts: 5ms, application-code: 47ms)
 GET /discussions/tasks/ab3356aa-c586-4c00-b478-892011303bd8?q=COLL_MESSAGE_001 200 in 138ms (next.js: 3ms, proxy.ts: 4ms, application-code: 131ms)
 GET /api/auth/get-session 200 in 31ms (next.js: 8ms, proxy.ts: 4ms, application-code: 19ms)
 GET /api/auth/organization/list 200 in 35ms (next.js: 16ms, proxy.ts: 4ms, application-code: 15ms)
 GET /alerts?q=COLL_ALERT_ 200 in 352ms (next.js: 4ms, proxy.ts: 5ms, application-code: 343ms)
 GET /api/auth/get-session 200 in 20ms (next.js: 5ms, proxy.ts: 4ms, application-code: 12ms)
 GET /api/auth/organization/list 200 in 22ms (next.js: 8ms, proxy.ts: 4ms, application-code: 9ms)
 GET /alerts?q=COLL_ALERT_&cursor=eyJ2IjoxLCJpdiI6IkJvYTlJQjRNTmxrcVZBdHciLCJ0YWciOiJGejg0NjRIT0h1cW5GcUcyQ3hibGdBIiwiZGF0YSI6Ik5yb0tXcE9FM1VWMUcxLVB2V1JseEMyNVk5SVNIeVlVbTFZa1J4bjZZZjRHUjNHZGw3MjJVUC1sem9aVmx3N1M1S1JtTTNKazYyeUlVMEUtYVBkYzhTajB4c3BMcmlrY0hib25mUlIxMGJJSmxkTGxwRkpMLUhwcUp0dkJ4SWJHSDZJZnAwZkNGUHFFNEdoUEM3anRSQ3N1bkM1alVweWhDYk4xUGc5b2FRaEttTHF6Y2pmTGFDQTBBS2pVd0t6bWlZU3owZTN1UE9nZGdJN3JkTkNfcUMwaEdVQ0tNOFF1NTEzX3VDRndjMXEyNnhfS2NOT25NTXQwRnVBREo2d3dBVWpNVmcxUzZxRjJYZFJ3RFNEX0I2LXVxZ0g5b1NYS0ZiRlJXRFhPOGpJVTVjNE1laEk5X1EifQ 200 in 93ms (next.js: 2ms, proxy.ts: 3ms, application-code: 88ms)
 GET /alerts?q=COLL_ALERT_001&status= 200 in 123ms (next.js: 2ms, proxy.ts: 2ms, application-code: 119ms)
 GET /api/auth/get-session 200 in 82ms (next.js: 51ms, proxy.ts: 10ms, application-code: 21ms)
 GET /api/auth/organization/list 200 in 85ms (next.js: 54ms, proxy.ts: 10ms, application-code: 21ms)
 GET /approvals?q=COLL_APPROVAL_ 200 in 407ms (next.js: 4ms, proxy.ts: 2.0ms, application-code: 401ms)
 GET /api/auth/get-session 200 in 26ms (next.js: 3ms, proxy.ts: 12ms, application-code: 11ms)
 GET /api/auth/organization/list 200 in 19ms (next.js: 7ms, proxy.ts: 3ms, application-code: 9ms)
 GET /approvals?q=COLL_APPROVAL_&cursor=eyJ2IjoxLCJpdiI6IjBPY0ZjS1lvRU9nNGhQYWMiLCJ0YWciOiJuWlRoVWRJZ1E5anhtVHpIVzc4UmNnIiwiZGF0YSI6IkRDSU9pVW0tN3JTZ3kxYU1vRkk5VEpJQWl0NC15aEdDNGtmNnNLWXp1Zm5pN0ZTUy1jVU5xellpY1p6Sk1fakdMWVp5U09CdXU4QV9FNGNqcDZJZ1VCUG1jLWQ2cjNicHRfbHR3RkhnUFlRdy1fQXRwUUV1andCZ0ozOEo3a0Uxbmp6eXVCblpNdWlBd1BGNUloX2NLc0pFQUN1bTVENEs0N0FHUGRscU1Bdzk2UC1FRkNqRTB4ZEJIMXpqWXNiQ1JfMk1JYVRBaFprMjE3bFlIbzNjNVQySGpkTm1vX2lOY3JvMHRUNVRsMEc3S29TN2YtS2stb3VJaWVtRDh3Z2dJNl9XYThEY0x0RXRDT3BPRmNLeTZrMGlzdXZyc1dPbThPOE1oUnhYRVNZX3lBcnFsTlhoRFEifQ 200 in 106ms (next.js: 2ms, proxy.ts: 2ms, application-code: 101ms)
 GET /approvals?q=COLL_APPROVAL_001&status= 200 in 125ms (next.js: 2.0ms, proxy.ts: 2ms, application-code: 121ms)
 GET /api/auth/get-session 200 in 72ms (next.js: 41ms, proxy.ts: 10ms, application-code: 21ms)
 GET /api/auth/organization/list 200 in 83ms (next.js: 44ms, proxy.ts: 10ms, application-code: 29ms)
 GET /support?q=COLL_SUPPORT_ 200 in 309ms (next.js: 5ms, proxy.ts: 2ms, application-code: 302ms)
 GET /api/auth/get-session 200 in 20ms (next.js: 4ms, proxy.ts: 4ms, application-code: 12ms)
 GET /api/auth/organization/list 200 in 23ms (next.js: 8ms, proxy.ts: 4ms, application-code: 11ms)
 GET /support?q=COLL_SUPPORT_&cursor=eyJ2IjoxLCJpdiI6IjhCUHdRNkhkNjQ5Nk5fMFQiLCJ0YWciOiJMMlJIR2N1ck83Q1IyaDRsNUs2cXdBIiwiZGF0YSI6Ind1UnhVdEl3TTFYTTJ4SkhRYnNPZ1BkamJMMHZnVm9LY0RQT3NMMU43RGhSQkJ2c253a0pBR1BQOHlVbll1MmhoejVQeGRlLXJtamxFS2FfbVdoU09vSFgySTFXcWRnZkpVSk02ZzBGc0JWZzVxSm0zb28yRl9zbjNQdmg4WTlYdlZDbUxBaE5ZWUdJN04wdjdCNndQbjE2U1Q0NVpNejAzOVp1LWxhMmd3MW05Y0RrRjZnMGFCcDNVUmJpZEpNUXdjT20zenp6VVZiUjhKTG1zYjR0Q19UOFRGRG9BSVRmYnVScFBWSGROWU5oaUhiYUZ6V0ZlMzNHbkkzZ2hLVXZ4X0lQWUJmM2hWeW9KZTZJS21XR3FFOXVYWnM4R0F0WlZUODlMTXF0SGJITTFZckNZd1VHakEifQ 200 in 76ms (next.js: 2ms, proxy.ts: 2ms, application-code: 71ms)
 GET /support?q=COLL_SUPPORT_001&status= 200 in 137ms (next.js: 3ms, proxy.ts: 2.0ms, application-code: 132ms)
 GET /api/auth/get-session 200 in 25ms (next.js: 7ms, proxy.ts: 3ms, application-code: 15ms)
 GET /api/auth/organization/list 200 in 26ms (next.js: 14ms, proxy.ts: 3ms, application-code: 10ms)
 GET /tasks?cursor=forged 200 in 128ms (next.js: 2ms, proxy.ts: 1.8ms, application-code: 124ms)
 GET /api/auth/get-session 200 in 32ms (next.js: 5ms, proxy.ts: 4ms, application-code: 22ms)
 GET /api/auth/organization/list 200 in 33ms (next.js: 17ms, proxy.ts: 4ms, application-code: 12ms)
 GET /support?q=COLL_SUPPORT_ 200 in 93ms (next.js: 2ms, proxy.ts: 1.6ms, application-code: 90ms)
 GET /api/auth/get-session 200 in 101ms (next.js: 37ms, proxy.ts: 34ms, application-code: 31ms)
 GET /api/auth/organization/list 200 in 94ms (next.js: 41ms, proxy.ts: 23ms, application-code: 30ms)
 GET /discussions/support/14c1a0ea-1afc-4829-834d-0aee9ae5b09f 404 in 146ms (next.js: 7ms, proxy.ts: 1.8ms, application-code: 138ms)
 GET /api/auth/get-session 200 in 20ms (next.js: 5ms, proxy.ts: 4ms, application-code: 10ms)
 GET /api/auth/organization/list 200 in 19ms (next.js: 11ms, proxy.ts: 4ms, application-code: 4ms)
  ✓  56 [chromium] › e2e/workspace-collections-local.spec.ts:14:53 › workspace collection navigation › searches older records and conversations in fr (7.7s)
 GET /audit?q=COLL_AUDIT_ 200 in 158ms (next.js: 2ms, proxy.ts: 2ms, application-code: 154ms)
 GET /api/auth/get-session 200 in 23ms (next.js: 6ms, proxy.ts: 2ms, application-code: 15ms)
 GET /api/auth/organization/list 200 in 25ms (next.js: 11ms, proxy.ts: 2ms, application-code: 11ms)
 POST /audit?q=COLL_AUDIT_ 200 in 139ms (next.js: 2ms, proxy.ts: 3ms, application-code: 133ms)
  └─ ƒ setCookieConsent({}) in 2ms src/app/preferences-actions.ts
 GET /audit?q=COLL_AUDIT_&cursor=eyJ2IjoxLCJpdiI6Iko0eG5CbElFLUgzVXRjQzAiLCJ0YWciOiJ4cmRGV0NiYzZKdEtJT3RUVVZ1ODBBIiwiZGF0YSI6Ik9FRzkzU1F5bWYxNlNwNW5JX0hxTTBwQ1drMnB5MDl4eU5sdnJaallrenpyRy1XemlSZXpPVkFNT3hJNHI4MDkyNVJqay0xNW93ZzhVNjBrR1B1dW56ZWpsM2NDOUV6SF9UaWxfdllHS2NxMGs1em1USHI4U0xTeHNzZWMxb25qdGdMendwLTRWdTFJMXd3dGRxR1BtZXhmYW9OV1oybWZSWTV6Q2lQcTFnWHVmNkg4eVZHOHd3SFRMR2RFSlUtNnhlNkhMZ1hSaVRVdVdPVXNGV09GZ203a2loNzhGamw5Q1E5RXhTbVcwNjVSUEhleWluVXFoSTZlUGFiQ1dMNjF1RHlCZGs5Q0tubk9XUElvZ3B2Z0QxTFVtYTk1NTAxSkRSdWxQNXN0UF9pTnVNMmowM2VWRVEifQ 200 in 76ms (next.js: 15ms, proxy.ts: 5ms, application-code: 57ms)
 GET /audit?q=COLL_AUDIT_001 200 in 106ms (next.js: 1.8ms, proxy.ts: 1.8ms, application-code: 103ms)
 GET /api/auth/get-session 200 in 90ms (next.js: 49ms, proxy.ts: 20ms, application-code: 22ms)
 GET /api/auth/organization/list 200 in 110ms (next.js: 52ms, proxy.ts: 19ms, application-code: 39ms)
 GET /tasks?q=COLL_TASK_ 200 in 444ms (next.js: 2ms, proxy.ts: 3ms, application-code: 439ms)
 GET /api/auth/get-session 200 in 22ms (next.js: 4ms, proxy.ts: 4ms, application-code: 13ms)
 GET /api/auth/organization/list 200 in 23ms (next.js: 10ms, proxy.ts: 3ms, application-code: 10ms)
 GET /tasks?q=COLL_TASK_&status=open&cursor=eyJ2IjoxLCJpdiI6IjBWbmRncEhHLXNVSnZqU1kiLCJ0YWciOiJ2TGNMckxPMXRkZndoRU1FaUpMY0xRIiwiZGF0YSI6InExMTdoTllmQlh5N3pYSFNUakhfazEyc1E4eExzREtiY1VXZlNGTVcwdzh6YjQ4V0FQQmZ1bnYwZjJYTUZqSl92UGhIdUE4UVhDRzh4YU5sY0psNk52am82bE5mTXc4UGdhVS1lWVJJc2JaSFc4bUJQMzFwVDBmWEVkRkpsNWQ5SDE4aGNQU1NhVk9TVWVnT1hxTVZsQnRvN1VCeDREQ3U0aWM5M2ZjTlJyM2hraWg2Vk9NV2laQ1NRSnpVUXloR1kzLWpNVmNPdjkyVkF5VVlfMnFaT0VwVmF3VVZfS2hFWnZCUmZlQmU2UmFqaHE3NFlFMFNEQWhrakVFeHB6ZzB1WXNBRGpIREhmTWRXT3RmbXpMZGEyaXpKY1B2b3dDUFNzb2FsTWZDZFNWNWl1TW1NbXRXc1EifQ 200 in 101ms (next.js: 2ms, proxy.ts: 3ms, application-code: 96ms)
 GET /tasks?q=COLL_TASK_001&status=open 200 in 153ms (next.js: 2ms, proxy.ts: 2ms, application-code: 148ms)
 GET /api/auth/get-session 200 in 21ms (next.js: 6ms, proxy.ts: 3ms, application-code: 13ms)
 GET /api/auth/organization/list 200 in 22ms (next.js: 10ms, proxy.ts: 3ms, application-code: 9ms)
 GET /tasks?notice=Commentaire+ajout%C3%A9.&id=9895de00-34e6-4984-bf9e-20e2373a3581 200 in 115ms (next.js: 4ms, proxy.ts: 3ms, application-code: 108ms)
 POST /tasks?q=COLL_TASK_001&status=open 200 in 141ms (next.js: 2ms, proxy.ts: 3ms, application-code: 136ms)
  └─ ƒ addWorkspaceTaskComment({}) in 13ms src/app/actions.ts
 GET /discussions/tasks/9895de00-34e6-4984-bf9e-20e2373a3581 200 in 59ms (next.js: 5ms, proxy.ts: 2ms, application-code: 52ms)
 GET /discussions/tasks/9895de00-34e6-4984-bf9e-20e2373a3581?cursor=eyJ2IjoxLCJpdiI6ImNGRzBaMlItMVNPTzFhdUQiLCJ0YWciOiJWdTk0Q2RHbFN5eEpmRko5MWJlanlnIiwiZGF0YSI6IlkzMEhVZmYtVkNmajh2ZWVHZWZCNFVSOUhSSHk0RnA2ZVpJRXM1dDNKNGdpSENSeXoyanlqbEdubnRhSjdhZUZxSWtfUFNJUDVRSlQxUFdwLVFkOVhBMHlpYk13Q09kZDZGSnlzQlVwTE5LRDRZcFlKQ1ZzSUNUckE2azgxSHI5Z0lLcERSZXVHQjhDS24tZVl5bzZDREh4T3ZTTGtIdXRvdWdUVl9PN0lPX0RudGhXU05oM3dFYTFNWGtPU3NHTHlvUDZ3cGx5R215UDBsNElMZlBPWHVkLW9nU20wSEN6QUZ1VFNBdGIyWHBBMVdFX2RiSGE1aGRjelEweW9KQ2I1ejVJd21oYWp4OHRCSFAtTDROWlYyYWRrT212b1UyNmYxTHJWNG85ZTdKOGNJZXY0VHp4N0EifQ 200 in 113ms (next.js: 31ms, proxy.ts: 4ms, application-code: 77ms)
 GET /discussions/tasks/9895de00-34e6-4984-bf9e-20e2373a3581?q=COLL_MESSAGE_001 200 in 166ms (next.js: 2ms, proxy.ts: 5ms, application-code: 158ms)
 GET /api/auth/get-session 200 in 30ms (next.js: 8ms, proxy.ts: 5ms, application-code: 17ms)
 GET /api/auth/organization/list 200 in 36ms (next.js: 14ms, proxy.ts: 4ms, application-code: 17ms)
 GET /alerts?q=COLL_ALERT_ 200 in 368ms (next.js: 4ms, proxy.ts: 4ms, application-code: 359ms)
 GET /api/auth/get-session 200 in 115ms (next.js: 10ms, proxy.ts: 75ms, application-code: 30ms)
 GET /api/auth/organization/list 200 in 144ms (next.js: 20ms, proxy.ts: 76ms, application-code: 48ms)
 GET /alerts?q=COLL_ALERT_&cursor=eyJ2IjoxLCJpdiI6InY3VUE0cUtfNUZyX1RhRFYiLCJ0YWciOiJzclR1VzVGbHBjM0ZzT3BkTWRXWjRRIiwiZGF0YSI6IlZ1TGhEUXF4bE83dFNoU1FfcU1fN0V4TzJ6TWNqazZVT0hqSm9adEl5SDdsSy12NWtXdUxLRjRtWDNPTXJuTFZlbFMxdFdYYVVpNlRKd29LRXdYQTJabWRUOXhnZHEwdUhEbUxqNE10Q1VqTE9WWVNQOXNmckdfNURTLUZQQk1VZ3dWWGxpX1FHNm5GSlVvMlhzQ1RBU0NqQXFVc0pkbGdlUGs3MXZfVzROQ3A4MFktVmEtSkl5dmNHVW9ma1J5M2gtM042eGw0RnU4T1E1SXpDbHFQSUhFelFTZzVDLUJXSTdrakhvd3pPcXZKN19WZ3hwZGxMaUhqbGg0UVppMC1iVjF3M0E3WUdwTHF0NU5GanFxLWJMblZnX1ctRW1UQnBreGcxYk1CWENya3ZUSk9PbG1LS3cifQ 200 in 154ms (next.js: 9ms, proxy.ts: 27ms, application-code: 118ms)
 GET /alerts?q=COLL_ALERT_001&status= 200 in 142ms (next.js: 2ms, proxy.ts: 3ms, application-code: 137ms)
 GET /api/auth/get-session 200 in 395ms (next.js: 352ms, proxy.ts: 13ms, application-code: 29ms)
 GET /api/auth/organization/list 200 in 395ms (next.js: 358ms, proxy.ts: 12ms, application-code: 25ms)
 GET /approvals?q=COLL_APPROVAL_ 200 in 534ms (next.js: 3ms, proxy.ts: 3ms, application-code: 529ms)
 GET /api/auth/get-session 200 in 27ms (next.js: 4ms, proxy.ts: 3ms, application-code: 20ms)
 GET /api/auth/organization/list 200 in 33ms (next.js: 7ms, proxy.ts: 3ms, application-code: 23ms)
 GET /approvals?q=COLL_APPROVAL_&cursor=eyJ2IjoxLCJpdiI6Inc3VDhJMXhSbXlOM1Q0TkwiLCJ0YWciOiItazc5U2V0cHlVdHNaaklvOU5ER01BIiwiZGF0YSI6IkpUUmxvMWE3bmVlZkVhREpRTUV1dk80WjNfVDdkcGNjV3NaRDZBaUpQSk93SklNOGtHOEt1UXQ2djB6a0QzcFJIa0M2NlpVNy1RSjE3a05TbDIyX3lBbzl5Mk1WaVlHTGowT3lXY1M3TFB4VkZYOURTZXRjR2RvMUVSQWY3Xy1YYWppNE03bDctRXRmTldLcUhFQVBPQkRmNkR4Q1JJdjNuei1wZkdGd0lyOVNKTnhEd1RuSmFPdno2aDBBaE9sS09iLXhCUGpfV1NJbnRBV3FMYjBqMHFESmpvNWNRTFVUUjZ5OEdMZmVqV0FxVVJiMmdYY3k5a2pWNmJER0dyTzBWWTVlalRxR2dtWTZScEVXekVTcUMxZkNrZnM2VWJvUkxYa3RrQlFfSGRJclJ3VGRrUGg0S1EifQ 200 in 186ms (next.js: 3ms, proxy.ts: 3ms, application-code: 180ms)
 GET /approvals?q=COLL_APPROVAL_001&status= 200 in 236ms (next.js: 3ms, proxy.ts: 4ms, application-code: 229ms)
 GET /api/auth/get-session 200 in 98ms (next.js: 52ms, proxy.ts: 15ms, application-code: 30ms)
 GET /api/auth/organization/list 200 in 103ms (next.js: 56ms, proxy.ts: 15ms, application-code: 32ms)
 GET /support?q=COLL_SUPPORT_ 200 in 401ms (next.js: 4ms, proxy.ts: 4ms, application-code: 393ms)
 GET /api/auth/get-session 200 in 29ms (next.js: 12ms, proxy.ts: 5ms, application-code: 12ms)
 GET /api/auth/organization/list 200 in 31ms (next.js: 5ms, proxy.ts: 5ms, application-code: 21ms)
 GET /support?q=COLL_SUPPORT_&cursor=eyJ2IjoxLCJpdiI6IlZRZUJENlJCMVhqajFRSmsiLCJ0YWciOiI0VjhhZXNORkNrQ1JLWWNhaFZlejZ3IiwiZGF0YSI6IlBYVG1USGJhLVcxR1Z4TE1DNS1sQjhDRElTanBGdnJtSGs3N3pfY0M1NVhRVE8zYUZQT2RoelZBSzRuSlR3ay0tOVpVTXNtWWNjUFRPVUhhWVR3eGd6YWhSSWJiWmI5U1lBTDVtenN5VGRvdHhZTzhfdnBpcEFTVVdpVlJuWk5SOTQ3LXR3RmNCTmZucE5DNEZMT3REQVNSMjJrUVNrdVp3S3o3Nl9ZS3U2RDl2RGM4UWVvNHpfVXQ1WmhyVFNyMGhWUnhBWVFrSkVSZVc4M2ZPS1FzTWVGMnh4YnB4SHhWMzlkQ2dDTG9IYTFOUU03U2R3VzBRRGIteVlJVEFsUTJKV0llWVhHdlVQemZ2V3VOeG9fS3NsaXhhV3RkLWZabnZ1am9LOF9PTXdBbERtdTB0amNEUXcifQ 200 in 127ms (next.js: 5ms, proxy.ts: 4ms, application-code: 118ms)
 GET /support?q=COLL_SUPPORT_001&status= 200 in 170ms (next.js: 2ms, proxy.ts: 2ms, application-code: 166ms)
 GET /api/auth/get-session 200 in 35ms (next.js: 18ms, proxy.ts: 5ms, application-code: 12ms)
 GET /api/auth/organization/list 200 in 36ms (next.js: 8ms, proxy.ts: 6ms, application-code: 21ms)
 GET /tasks?cursor=forged 200 in 138ms (next.js: 2ms, proxy.ts: 2ms, application-code: 134ms)
 GET /api/auth/get-session 200 in 44ms (next.js: 5ms, proxy.ts: 4ms, application-code: 35ms)
 GET /api/auth/organization/list 200 in 49ms (next.js: 11ms, proxy.ts: 4ms, application-code: 34ms)
 GET /support?q=COLL_SUPPORT_ 200 in 127ms (next.js: 2ms, proxy.ts: 2ms, application-code: 123ms)
 GET /api/auth/get-session 200 in 104ms (next.js: 52ms, proxy.ts: 4ms, application-code: 48ms)
 GET /api/auth/organization/list 200 in 165ms (next.js: 58ms, proxy.ts: 4ms, application-code: 103ms)
 GET /discussions/support/b6721487-2a7a-4989-9c9f-f5ed516d4af0 404 in 178ms (next.js: 11ms, proxy.ts: 6ms, application-code: 162ms)
  ✓  57 [chromium] › e2e/workspace-collections-local.spec.ts:14:53 › workspace collection navigation › searches older records and conversations in en (8.6s)

  57 passed (2.6m)
{"ok":true,"cleaned":"local-browser-fixtures"}
[?25h
