
> @yodev/ads@0.1.0 test:e2e:local
> node scripts/verify-local-browser.mjs

{"ok":true,"fixtureRoles":["owner","admin","strategist","analyst","client"],"foreignExportId":"80000000-0000-4000-8000-000000000003"}

> @yodev/ads@0.1.0 dev
> next dev --hostname 127.0.0.1 --port 3017

▲ Next.js 16.3.0 (Turbopack)
- Local:         http://127.0.0.1:3017
- Network:       http://127.0.0.1:3017
- Environments: .env.local
✓ Ready in 266ms
✓ Running next.config.ts took 393ms
- Experiments (use with caution):
  · clientTraceMetadata

 GET /sign-in 200 in 2.8s (next.js: 2.4s, proxy.ts: 110ms, application-code: 320ms)
 POST /api/auth/sign-in/email 200 in 929ms (next.js: 765ms, proxy.ts: 3ms, application-code: 162ms)
 POST /api/auth/sign-in/email 200 in 82ms (next.js: 3ms, proxy.ts: 2ms, application-code: 77ms)
 POST /api/auth/sign-in/email 200 in 78ms (next.js: 2ms, proxy.ts: 2ms, application-code: 73ms)
 POST /api/auth/sign-in/email 200 in 74ms (next.js: 2.0ms, proxy.ts: 2ms, application-code: 70ms)
 POST /api/auth/sign-in/email 200 in 81ms (next.js: 9ms, proxy.ts: 2ms, application-code: 70ms)
 GET /dashboard 200 in 527ms (next.js: 186ms, proxy.ts: 3ms, application-code: 338ms)
 GET /settings 200 in 258ms (next.js: 29ms, proxy.ts: 2ms, application-code: 226ms)
 GET /billing 200 in 165ms (next.js: 26ms, proxy.ts: 2ms, application-code: 137ms)
 GET /support 200 in 134ms (next.js: 13ms, proxy.ts: 2ms, application-code: 119ms)
 GET /accounts 200 in 117ms (next.js: 15ms, proxy.ts: 2ms, application-code: 100ms)
 GET /history 200 in 124ms (next.js: 18ms, proxy.ts: 1.8ms, application-code: 103ms)
 GET /alerts 200 in 143ms (next.js: 19ms, proxy.ts: 1.8ms, application-code: 122ms)
 GET /tasks 200 in 162ms (next.js: 30ms, proxy.ts: 1.8ms, application-code: 130ms)
 GET /approvals 200 in 149ms (next.js: 29ms, proxy.ts: 3ms, application-code: 117ms)
 GET /reports 200 in 202ms (next.js: 32ms, proxy.ts: 1.9ms, application-code: 168ms)
 GET /audit 200 in 120ms (next.js: 18ms, proxy.ts: 1.7ms, application-code: 100ms)
 GET /agents 200 in 169ms (next.js: 17ms, proxy.ts: 1.6ms, application-code: 151ms)
 GET / 200 in 89ms (next.js: 16ms, proxy.ts: 1.7ms, application-code: 71ms)
 GET /privacy 200 in 48ms (next.js: 12ms, proxy.ts: 1.6ms, application-code: 35ms)
 GET /terms 200 in 54ms (next.js: 11ms, proxy.ts: 1.8ms, application-code: 41ms)
 GET /subprocessors 200 in 100ms (next.js: 40ms, proxy.ts: 1.8ms, application-code: 58ms)
 GET /status 200 in 90ms (next.js: 31ms, proxy.ts: 1.7ms, application-code: 58ms)
 GET /sign-in 200 in 32ms (next.js: 4ms, proxy.ts: 1.9ms, application-code: 26ms)
 GET /sign-up 200 in 297ms (next.js: 267ms, proxy.ts: 1.6ms, application-code: 29ms)
Local browser states ready in /var/folders/9h/sbxl7zl90j9_wc743xft5j8h0000gn/T/yodev-ads-browser-iwN2qr

Running 86 tests using 1 worker

(node:76220) Warning: The 'NO_COLOR' env is ignored due to the 'FORCE_COLOR' env being set.
(Use `node --trace-warnings ...` to show where the warning was created)
 GET /sign-in 200 in 51ms (next.js: 4ms, proxy.ts: 3ms, application-code: 44ms)
 GET /accounts 200 in 101ms (next.js: 2ms, proxy.ts: 3ms, application-code: 97ms)
 GET /api/auth/get-session 200 in 48ms (next.js: 7ms, proxy.ts: 8ms, application-code: 33ms)
 GET /api/auth/organization/list 200 in 56ms (next.js: 16ms, proxy.ts: 8ms, application-code: 32ms)
 GET /accounts?selection=saved 200 in 98ms (next.js: 4ms, proxy.ts: 10ms, application-code: 84ms)
 POST /accounts 200 in 237ms (next.js: 9ms, proxy.ts: 9ms, application-code: 219ms)
  └─ ƒ updateManagedAccounts({}) in 97ms src/app/account-selection-actions.ts
 GET /accounts?selection=workspace_changed 200 in 130ms (next.js: 1.9ms, proxy.ts: 3ms, application-code: 125ms)
 POST /accounts?selection=saved 200 in 152ms (next.js: 3ms, proxy.ts: 4ms, application-code: 144ms)
  └─ ƒ updateManagedAccounts({}) in 7ms src/app/account-selection-actions.ts
 GET /accounts?selection=unavailable 200 in 130ms (next.js: 4ms, proxy.ts: 4ms, application-code: 123ms)
 POST /accounts?selection=workspace_changed 200 in 154ms (next.js: 4ms, proxy.ts: 6ms, application-code: 144ms)
  └─ ƒ updateManagedAccounts({}) in 7ms src/app/account-selection-actions.ts
 GET /sign-in 200 in 179ms (next.js: 33ms, proxy.ts: 5ms, application-code: 141ms)
 GET /accounts 200 in 229ms (next.js: 5ms, proxy.ts: 4ms, application-code: 219ms)
 GET /api/auth/get-session 200 in 52ms (next.js: 23ms, proxy.ts: 4ms, application-code: 25ms)
 GET /api/auth/organization/list 200 in 67ms (next.js: 11ms, proxy.ts: 5ms, application-code: 51ms)
  ✓   1 [chromium] › e2e/account-selection-actors-local.spec.ts:6:7 › account selection actor fr saves and refuses stale workspace, role and grace forms (2.3s)
 GET /icon?a62dacc6b033a714 200 in 166ms (next.js: 70ms, proxy.ts: 21ms, application-code: 76ms)
⨯ Error: aborted
    at ignore-listed frames {
  code: 'ECONNRESET'
}
 GET /accounts 200 in 137ms (next.js: 6ms, proxy.ts: 11ms, application-code: 120ms)
 GET /api/auth/get-session 200 in 46ms (next.js: 10ms, proxy.ts: 6ms, application-code: 30ms)
 GET /api/auth/organization/list 200 in 51ms (next.js: 18ms, proxy.ts: 7ms, application-code: 26ms)
 GET /accounts?selection=saved 200 in 98ms (next.js: 2ms, proxy.ts: 2ms, application-code: 93ms)
 POST /accounts 200 in 140ms (next.js: 5ms, proxy.ts: 5ms, application-code: 130ms)
  └─ ƒ updateManagedAccounts({}) in 22ms src/app/account-selection-actions.ts
 GET /accounts?selection=workspace_changed 200 in 86ms (next.js: 2ms, proxy.ts: 4ms, application-code: 80ms)
 POST /accounts?selection=saved 200 in 104ms (next.js: 2ms, proxy.ts: 4ms, application-code: 98ms)
  └─ ƒ updateManagedAccounts({}) in 6ms src/app/account-selection-actions.ts
 GET /accounts?selection=unavailable 200 in 68ms (next.js: 3ms, proxy.ts: 2ms, application-code: 63ms)
 POST /accounts?selection=workspace_changed 200 in 86ms (next.js: 5ms, proxy.ts: 3ms, application-code: 78ms)
  └─ ƒ updateManagedAccounts({}) in 4ms src/app/account-selection-actions.ts
 GET /accounts 200 in 103ms (next.js: 1.8ms, proxy.ts: 1.8ms, application-code: 100ms)
 GET /api/auth/get-session 200 in 22ms (next.js: 6ms, proxy.ts: 3ms, application-code: 14ms)
 GET /api/auth/organization/list 200 in 24ms (next.js: 9ms, proxy.ts: 3ms, application-code: 12ms)
⨯ Error: aborted
    at ignore-listed frames {
  code: 'ECONNRESET',
  digest: '2296466629'
}
  ✓   2 [chromium] › e2e/account-selection-actors-local.spec.ts:6:7 › account selection actor en saves and refuses stale workspace, role and grace forms (1.8s)
(node:76220) DeprecationWarning: Calling client.query() when the client is already executing a query is deprecated and will be removed in pg@9.0. Use async/await or an external async flow control mechanism instead.
 GET /operations 200 in 320ms (next.js: 24ms, proxy.ts: 2ms, application-code: 294ms)
 GET /api/auth/get-session 200 in 21ms (next.js: 5ms, proxy.ts: 3ms, application-code: 13ms)
 GET /api/auth/organization/list 200 in 23ms (next.js: 8ms, proxy.ts: 3ms, application-code: 12ms)
  ✓   3 [chromium] › e2e/activation-local.spec.ts:7:7 › operations counts published reports and excludes legacy or future activation (968ms)
 GET /alerts?id=844a4c58-e542-468d-8a7a-b3dc8c413755 200 in 141ms (next.js: 1.9ms, proxy.ts: 2ms, application-code: 137ms)
 GET /api/auth/get-session 200 in 20ms (next.js: 6ms, proxy.ts: 2ms, application-code: 11ms)
 GET /api/auth/organization/list 200 in 22ms (next.js: 10ms, proxy.ts: 3ms, application-code: 10ms)
 GET /alerts?notice=Avis+sur+la+qualit%C3%A9+de+l%E2%80%99alerte+enregistr%C3%A9.&id=844a4c58-e542-468d-8a7a-b3dc8c413755 200 in 71ms (next.js: 2ms, proxy.ts: 2ms, application-code: 67ms)
 POST /alerts?id=844a4c58-e542-468d-8a7a-b3dc8c413755 200 in 90ms (next.js: 1.9ms, proxy.ts: 4ms, application-code: 84ms)
  └─ ƒ reviewWorkspaceAlertQuality({}) in 8ms src/app/actions.ts
 GET /alerts?error=Cette+observation+ou+cet+avis+a+chang%C3%A9.+Actualisez+la+page+avant+de+l%E2%80%99%C3%A9valuer+%C3%A0+nouveau.&id=844a4c58-e542-468d-8a7a-b3dc8c413755 200 in 58ms (next.js: 1.7ms, proxy.ts: 2ms, application-code: 54ms)
 POST /alerts?notice=Avis%20sur%20la%20qualit%C3%A9%20de%20l%E2%80%99alerte%20enregistr%C3%A9.&id=844a4c58-e542-468d-8a7a-b3dc8c413755 200 in 77ms (next.js: 2ms, proxy.ts: 3ms, application-code: 72ms)
  └─ ƒ reviewWorkspaceAlertQuality({}) in 8ms src/app/actions.ts
 GET /alerts?notice=Avis+sur+la+qualit%C3%A9+de+l%E2%80%99alerte+enregistr%C3%A9.&id=844a4c58-e542-468d-8a7a-b3dc8c413755 200 in 72ms (next.js: 2ms, proxy.ts: 1.9ms, application-code: 68ms)
 POST /alerts?error=Cette%20observation%20ou%20cet%20avis%20a%20chang%C3%A9.%20Actualisez%20la%20page%20avant%20de%20l%E2%80%99%C3%A9valuer%20%C3%A0%20nouveau.&id=844a4c58-e542-468d-8a7a-b3dc8c413755 200 in 90ms (next.js: 1.8ms, proxy.ts: 3ms, application-code: 86ms)
  └─ ƒ reviewWorkspaceAlertQuality({}) in 9ms src/app/actions.ts
 GET /alerts?q=QUALITY_bc5f42c4-f4a6-4e79-99bd-cca8f1f78202 200 in 423ms (next.js: 2.0ms, proxy.ts: 2ms, application-code: 419ms)
 GET /api/auth/get-session 200 in 114ms (next.js: 36ms, proxy.ts: 3ms, application-code: 75ms)
 GET /api/auth/organization/list 200 in 119ms (next.js: 39ms, proxy.ts: 4ms, application-code: 76ms)
 GET /alerts?id=844a4c58-e542-468d-8a7a-b3dc8c413755 200 in 162ms (next.js: 3ms, proxy.ts: 4ms, application-code: 155ms)
 GET /api/auth/get-session 200 in 25ms (next.js: 4ms, proxy.ts: 5ms, application-code: 15ms)
 GET /api/auth/organization/list 200 in 25ms (next.js: 7ms, proxy.ts: 3ms, application-code: 15ms)
 GET /alerts?notice=Avis+sur+la+qualit%C3%A9+de+l%E2%80%99alerte+enregistr%C3%A9.&id=844a4c58-e542-468d-8a7a-b3dc8c413755 200 in 72ms (next.js: 1.9ms, proxy.ts: 2ms, application-code: 68ms)
 POST /alerts?id=844a4c58-e542-468d-8a7a-b3dc8c413755 200 in 94ms (next.js: 3ms, proxy.ts: 3ms, application-code: 88ms)
  └─ ƒ reviewWorkspaceAlertQuality({}) in 10ms src/app/actions.ts
 GET /alerts?id=844a4c58-e542-468d-8a7a-b3dc8c413755 200 in 117ms (next.js: 8ms, proxy.ts: 2ms, application-code: 106ms)
 GET /api/auth/get-session 200 in 104ms (next.js: 32ms, proxy.ts: 22ms, application-code: 51ms)
 GET /api/auth/organization/list 200 in 107ms (next.js: 34ms, proxy.ts: 22ms, application-code: 51ms)
 GET /alerts?notice=Avis%20sur%20la%20qualit%C3%A9%20de%20l%E2%80%99alerte%20enregistr%C3%A9.&id=844a4c58-e542-468d-8a7a-b3dc8c413755 200 in 144ms (next.js: 4ms, proxy.ts: 3ms, application-code: 137ms)
  ✓   4 [chromium] › e2e/alert-quality-local.spec.ts:6:7 › alert quality fr reviews a specific observation without changing workflow (3.0s)
 GET /alerts?id=ab0b793e-fae1-4af9-bafb-3fea6aed0cee 200 in 130ms (next.js: 2ms, proxy.ts: 1.8ms, application-code: 126ms)
 GET /api/auth/get-session 200 in 19ms (next.js: 4ms, proxy.ts: 3ms, application-code: 12ms)
 GET /api/auth/organization/list 200 in 21ms (next.js: 8ms, proxy.ts: 3ms, application-code: 10ms)
 GET /alerts?notice=Alert+quality+review+saved.&id=ab0b793e-fae1-4af9-bafb-3fea6aed0cee 200 in 56ms (next.js: 1.6ms, proxy.ts: 1.7ms, application-code: 53ms)
 POST /alerts?id=ab0b793e-fae1-4af9-bafb-3fea6aed0cee 200 in 72ms (next.js: 1.9ms, proxy.ts: 3ms, application-code: 67ms)
  └─ ƒ reviewWorkspaceAlertQuality({}) in 7ms src/app/actions.ts
 GET /alerts?error=This+observation+or+review+has+changed.+Refresh+the+page+before+reviewing+it+again.&id=ab0b793e-fae1-4af9-bafb-3fea6aed0cee 200 in 54ms (next.js: 1.6ms, proxy.ts: 1.8ms, application-code: 51ms)
 POST /alerts?notice=Alert%20quality%20review%20saved.&id=ab0b793e-fae1-4af9-bafb-3fea6aed0cee 200 in 75ms (next.js: 8ms, proxy.ts: 2ms, application-code: 64ms)
  └─ ƒ reviewWorkspaceAlertQuality({}) in 5ms src/app/actions.ts
 GET /alerts?notice=Alert+quality+review+saved.&id=ab0b793e-fae1-4af9-bafb-3fea6aed0cee 200 in 55ms (next.js: 2ms, proxy.ts: 2ms, application-code: 51ms)
 POST /alerts?error=This%20observation%20or%20review%20has%20changed.%20Refresh%20the%20page%20before%20reviewing%20it%20again.&id=ab0b793e-fae1-4af9-bafb-3fea6aed0cee 200 in 74ms (next.js: 2ms, proxy.ts: 3ms, application-code: 68ms)
  └─ ƒ reviewWorkspaceAlertQuality({}) in 8ms src/app/actions.ts
 GET /alerts?q=QUALITY_c8e19e9b-b846-438f-98f4-1d0c861d4ace 200 in 428ms (next.js: 2ms, proxy.ts: 3ms, application-code: 423ms)
 GET /api/auth/get-session 200 in 23ms (next.js: 7ms, proxy.ts: 3ms, application-code: 13ms)
 GET /api/auth/organization/list 200 in 32ms (next.js: 10ms, proxy.ts: 3ms, application-code: 18ms)
 GET /alerts?id=ab0b793e-fae1-4af9-bafb-3fea6aed0cee 200 in 137ms (next.js: 3ms, proxy.ts: 6ms, application-code: 128ms)
 GET /api/auth/get-session 200 in 17ms (next.js: 4ms, proxy.ts: 3ms, application-code: 10ms)
 GET /api/auth/organization/list 200 in 18ms (next.js: 7ms, proxy.ts: 3ms, application-code: 8ms)
 GET /alerts?notice=Alert+quality+review+saved.&id=ab0b793e-fae1-4af9-bafb-3fea6aed0cee 200 in 71ms (next.js: 1.8ms, proxy.ts: 2.0ms, application-code: 67ms)
 POST /alerts?id=ab0b793e-fae1-4af9-bafb-3fea6aed0cee 200 in 102ms (next.js: 3ms, proxy.ts: 4ms, application-code: 94ms)
  └─ ƒ reviewWorkspaceAlertQuality({}) in 14ms src/app/actions.ts
 GET /alerts?id=ab0b793e-fae1-4af9-bafb-3fea6aed0cee 200 in 115ms (next.js: 1.6ms, proxy.ts: 3ms, application-code: 111ms)
 GET /api/auth/get-session 200 in 84ms (next.js: 16ms, proxy.ts: 23ms, application-code: 46ms)
 GET /api/auth/organization/list 200 in 116ms (next.js: 23ms, proxy.ts: 21ms, application-code: 72ms)
 GET /alerts?notice=Alert%20quality%20review%20saved.&id=ab0b793e-fae1-4af9-bafb-3fea6aed0cee 200 in 145ms (next.js: 2ms, proxy.ts: 1.9ms, application-code: 141ms)
  ✓   5 [chromium] › e2e/alert-quality-local.spec.ts:6:7 › alert quality en reviews a specific observation without changing workflow (3.0s)
 GET /analysis?client=628f7c0d-b057-4ced-9583-8b8824b407f9 200 in 181ms (next.js: 25ms, proxy.ts: 1.8ms, application-code: 154ms)
 GET /api/auth/get-session 200 in 75ms (next.js: 43ms, proxy.ts: 11ms, application-code: 21ms)
 GET /api/auth/organization/list 200 in 78ms (next.js: 45ms, proxy.ts: 11ms, application-code: 22ms)
 GET /analysis?client=628f7c0d-b057-4ced-9583-8b8824b407f9 200 in 209ms (next.js: 2ms, proxy.ts: 2ms, application-code: 205ms)
 GET /api/auth/get-session 200 in 77ms (next.js: 43ms, proxy.ts: 13ms, application-code: 21ms)
 GET /api/auth/organization/list 200 in 81ms (next.js: 46ms, proxy.ts: 14ms, application-code: 22ms)
 GET /analysis?client=628f7c0d-b057-4ced-9583-8b8824b407f9 200 in 202ms (next.js: 1.9ms, proxy.ts: 3ms, application-code: 197ms)
 GET /api/auth/get-session 200 in 118ms (next.js: 29ms, proxy.ts: 34ms, application-code: 55ms)
 GET /api/auth/organization/list 200 in 120ms (next.js: 32ms, proxy.ts: 34ms, application-code: 54ms)
 GET /analysis?client=628f7c0d-b057-4ced-9583-8b8824b407f9 200 in 266ms (next.js: 4ms, proxy.ts: 4ms, application-code: 259ms)
 GET /api/auth/get-session 200 in 77ms (next.js: 41ms, proxy.ts: 15ms, application-code: 20ms)
 GET /api/auth/organization/list 200 in 80ms (next.js: 44ms, proxy.ts: 15ms, application-code: 21ms)
 GET /analysis?client=628f7c0d-b057-4ced-9583-8b8824b407f9 200 in 207ms (next.js: 2ms, proxy.ts: 2ms, application-code: 202ms)
 GET /api/auth/get-session 200 in 116ms (next.js: 20ms, proxy.ts: 43ms, application-code: 53ms)
 GET /api/auth/organization/list 200 in 116ms (next.js: 28ms, proxy.ts: 41ms, application-code: 47ms)
 GET /analysis?client=628f7c0d-b057-4ced-9583-8b8824b407f9 200 in 220ms (next.js: 6ms, proxy.ts: 2ms, application-code: 212ms)
 GET /api/auth/get-session 200 in 27ms (next.js: 11ms, proxy.ts: 6ms, application-code: 10ms)
 GET /api/auth/organization/list 200 in 29ms (next.js: 6ms, proxy.ts: 6ms, application-code: 17ms)
 GET /analysis?client=628f7c0d-b057-4ced-9583-8b8824b407f9 200 in 176ms (next.js: 2ms, proxy.ts: 2ms, application-code: 171ms)
  ✓   6 [chromium] › e2e/analysis-evidence-local.spec.ts:7:7 › analysis evidence fr excludes empty and unqualified sources before first activation (2.6s)
 GET /analysis?client=7066a5f5-f568-4df3-9775-8c603093cf37 200 in 127ms (next.js: 1.8ms, proxy.ts: 1.8ms, application-code: 123ms)
 GET /api/auth/get-session 200 in 84ms (next.js: 21ms, proxy.ts: 19ms, application-code: 44ms)
 GET /api/auth/organization/list 200 in 87ms (next.js: 23ms, proxy.ts: 20ms, application-code: 44ms)
 GET /analysis?client=7066a5f5-f568-4df3-9775-8c603093cf37 200 in 206ms (next.js: 1.8ms, proxy.ts: 3ms, application-code: 202ms)
 GET /api/auth/get-session 200 in 78ms (next.js: 44ms, proxy.ts: 12ms, application-code: 21ms)
 GET /api/auth/organization/list 200 in 81ms (next.js: 46ms, proxy.ts: 13ms, application-code: 22ms)
 GET /analysis?client=7066a5f5-f568-4df3-9775-8c603093cf37 200 in 201ms (next.js: 1.8ms, proxy.ts: 3ms, application-code: 196ms)
 GET /api/auth/get-session 200 in 109ms (next.js: 17ms, proxy.ts: 36ms, application-code: 57ms)
 GET /api/auth/organization/list 200 in 106ms (next.js: 18ms, proxy.ts: 32ms, application-code: 56ms)
 GET /analysis?client=7066a5f5-f568-4df3-9775-8c603093cf37 200 in 208ms (next.js: 5ms, proxy.ts: 5ms, application-code: 198ms)
 GET /api/auth/get-session 200 in 75ms (next.js: 42ms, proxy.ts: 12ms, application-code: 21ms)
 GET /api/auth/organization/list 200 in 79ms (next.js: 45ms, proxy.ts: 12ms, application-code: 22ms)
 GET /analysis?client=7066a5f5-f568-4df3-9775-8c603093cf37 200 in 210ms (next.js: 1.8ms, proxy.ts: 2ms, application-code: 206ms)
 GET /api/auth/get-session 200 in 112ms (next.js: 50ms, proxy.ts: 5ms, application-code: 57ms)
 GET /api/auth/organization/list 200 in 118ms (next.js: 49ms, proxy.ts: 10ms, application-code: 60ms)
 GET /analysis?client=7066a5f5-f568-4df3-9775-8c603093cf37 200 in 215ms (next.js: 4ms, proxy.ts: 8ms, application-code: 204ms)
 GET /api/auth/get-session 200 in 17ms (next.js: 4ms, proxy.ts: 3ms, application-code: 10ms)
 GET /api/auth/organization/list 200 in 18ms (next.js: 8ms, proxy.ts: 3ms, application-code: 8ms)
 GET /analysis?client=7066a5f5-f568-4df3-9775-8c603093cf37 200 in 171ms (next.js: 2ms, proxy.ts: 2ms, application-code: 167ms)
  ✓   7 [chromium] › e2e/analysis-evidence-local.spec.ts:7:7 › analysis evidence en excludes empty and unqualified sources before first activation (2.5s)
 GET /insights?client=80000000-0000-4000-8000-000000000091 200 in 362ms (next.js: 40ms, proxy.ts: 2ms, application-code: 320ms)
 GET /api/auth/get-session 200 in 20ms (next.js: 6ms, proxy.ts: 4ms, application-code: 11ms)
 GET /api/auth/organization/list 200 in 21ms (next.js: 10ms, proxy.ts: 4ms, application-code: 8ms)
 POST /insights?client=80000000-0000-4000-8000-000000000091 200 in 123ms (next.js: 3ms, proxy.ts: 3ms, application-code: 118ms)
  └─ ƒ setCookieConsent({}) in 2ms src/app/preferences-actions.ts
 GET /insights/devices?client=80000000-0000-4000-8000-000000000091 200 in 585ms (next.js: 488ms, proxy.ts: 2ms, application-code: 94ms)
 GET /insights/devices?client=80000000-0000-4000-8000-000000000091&cursor=eyJ2IjoxLCJpdiI6Ii1Ha3pBOWpDaklabGdSbGwiLCJ0YWciOiJHSW5LUmtsQk5FR1E5OUlQUzJxS1lBIiwiZGF0YSI6IkExTW5NMnA4UFNmaWZvUGxLdFNLMVNGMHpGMDZFZnVhWU10czhfZGFJMEEtYkttRTZibEhmcHFpZnZ0WnNCNlhrT0lHRmtubV9RSVc2NHlReU5veC14eVZia0NjNXBKYzl3ZVRPaFBFR29tbHJHRUt5WjZCZDVJcE9ZcXBILWtJOFh4NG9za0t2NVo4X3hpLURWbW44d0JrZEFZUUVyb2E4T1JFU1ZjTlhuNTVEdkJLNG5PTEIzRUR6M3Y0QWo5SFNZaWxraV9QWVRoVkpsR3pTeG83QzI5LVo5Z2txbXBBUGtEbnF1WHdySlJ4b3NCNjVNQmRfbGtTbC0wNER3RTd2eWM2M0MtanRRNjAifQ 200 in 112ms (next.js: 6ms, proxy.ts: 3ms, application-code: 103ms)
 GET /insights/devices?client=80000000-0000-4000-8000-000000000091&q=%25_ 200 in 137ms (next.js: 2ms, proxy.ts: 2ms, application-code: 133ms)
 GET /api/auth/get-session 200 in 30ms (next.js: 5ms, proxy.ts: 3ms, application-code: 22ms)
 GET /api/auth/organization/list 200 in 32ms (next.js: 8ms, proxy.ts: 3ms, application-code: 21ms)
 GET /insights/devices/export?client=80000000-0000-4000-8000-000000000091&version=1b07f12b-70c1-4783-97d0-92a8cf02bab5 200 in 675ms (next.js: 647ms, proxy.ts: 2ms, application-code: 25ms)
 GET /insights/devices?client=80000000-0000-4000-8000-000000000091&cursor=eyJ2IjoxLCJpdiI6Ii1Ha3pBOWpDaklabGdSbGwiLCJ0YWciOiJHSW5LUmtsQk5FR1E5OUlQUzJxS1lBIiwiZGF0YSI6IkExTW5NMnA4UFNmaWZvUGxLdFNLMVNGMHpGMDZFZnVhWU10czhfZGFJMEEtYkttRTZibEhmcHFpZnZ0WnNCNlhrT0lHRmtubV9RSVc2NHlReU5veC14eVZia0NjNXBKYzl3ZVRPaFBFR29tbHJHRUt5WjZCZDVJcE9ZcXBILWtJOFh4NG9za0t2NVo4X3hpLURWbW44d0JrZEFZUUVyb2E4T1JFU1ZjTlhuNTVEdkJLNG5PTEIzRUR6M3Y0QWo5SFNZaWxraV9QWVRoVkpsR3pTeG83QzI5LVo5Z2txbXBBUGtEbnF1WHdySlJ4b3NCNjVNQmRfbGtTbC0wNER3RTd2eWM2M0MtanRRNjAifQ 200 in 138ms (next.js: 5ms, proxy.ts: 3ms, application-code: 130ms)
 GET /api/auth/get-session 200 in 21ms (next.js: 12ms, proxy.ts: 3ms, application-code: 6ms)
 GET /api/auth/organization/list 200 in 22ms (next.js: 6ms, proxy.ts: 4ms, application-code: 12ms)
 GET /insights/devices/export?client=80000000-0000-4000-8000-000000000091&version=1b07f12b-70c1-4783-97d0-92a8cf02bab5 409 in 17ms (next.js: 4ms, proxy.ts: 2ms, application-code: 11ms)
 GET /insights/devices?client=80000000-0000-4000-8000-000000000091&cursor=forged 200 in 170ms (next.js: 4ms, proxy.ts: 1.8ms, application-code: 165ms)
 GET /api/auth/get-session 200 in 85ms (next.js: 30ms, proxy.ts: 6ms, application-code: 48ms)
 GET /api/auth/organization/list 200 in 123ms (next.js: 53ms, proxy.ts: 6ms, application-code: 64ms)
 GET /insights/devices?client=80000000-0000-4000-8000-000000000099 404 in 226ms (next.js: 11ms, proxy.ts: 7ms, application-code: 208ms)
 GET /insights/devices/export?client=80000000-0000-4000-8000-000000000099&version=1b07f12b-70c1-4783-97d0-92a8cf02bab5 404 in 25ms (next.js: 3ms, proxy.ts: 4ms, application-code: 18ms)
 GET /insights/devices/export?client=80000000-0000-4000-8000-000000000091&version=1b07f12b-70c1-4783-97d0-92a8cf02bab5 403 in 17ms (next.js: 5ms, proxy.ts: 4ms, application-code: 8ms)
  ✓   8 [chromium] › e2e/analytical-pages-local.spec.ts:15:53 › complete analytical collections › browses, searches and exports all stored rows in fr (4.4s)
 GET /insights?client=80000000-0000-4000-8000-000000000091 200 in 353ms (next.js: 2ms, proxy.ts: 2ms, application-code: 349ms)
 GET /api/auth/get-session 200 in 38ms (next.js: 10ms, proxy.ts: 14ms, application-code: 13ms)
 GET /api/auth/organization/list 200 in 44ms (next.js: 15ms, proxy.ts: 7ms, application-code: 22ms)
 POST /insights?client=80000000-0000-4000-8000-000000000091 200 in 330ms (next.js: 3ms, proxy.ts: 8ms, application-code: 319ms)
  └─ ƒ setCookieConsent({}) in 2ms src/app/preferences-actions.ts
 GET /insights/devices?client=80000000-0000-4000-8000-000000000091 200 in 270ms (next.js: 36ms, proxy.ts: 10ms, application-code: 225ms)
 GET /insights/devices?client=80000000-0000-4000-8000-000000000091&cursor=eyJ2IjoxLCJpdiI6IkZ1MTJFQ09HdzRUckJfSmQiLCJ0YWciOiJkMUtiU1prUlJrbEMyNVdVQ2M1c0FBIiwiZGF0YSI6IkpaR1BKM3RvcW1yd1NNRW44UllHck1tVlZ4U1RfYzNhVEhCam0ybWo3OG9nWGRhY1NXb2gweFRtT0k3NWdVOU5OeDhSc0NBV3hZal9WMDNQdVY3aWtibG4tb3J6UXhZd2pwVkI5SmxSU2ZmYWZldHBTeEJnOVpTcU40Q0UzQVNYR0VvVWp4WUZvTFRDczlPWGxySzdsUTZHRWtLb2xldVFCWmREUTJad3cwZzJnWldya1pVSkdZeTl1YjBPb0VTR19MSW1WQ2p4WkkzVm9DZC1ZdVpXaUx3WUZoX2dRVFJMVFlTRnJibnM5ZjhCcmhWT1hJdmppcC1WSjFkUXlwVkVseUpHYjhxTmQtOGkifQ 200 in 176ms (next.js: 17ms, proxy.ts: 6ms, application-code: 153ms)
 GET /insights/devices?client=80000000-0000-4000-8000-000000000091&q=%25_ 200 in 162ms (next.js: 6ms, proxy.ts: 3ms, application-code: 154ms)
 GET /api/auth/get-session 200 in 26ms (next.js: 7ms, proxy.ts: 3ms, application-code: 17ms)
 GET /api/auth/organization/list 200 in 29ms (next.js: 12ms, proxy.ts: 3ms, application-code: 14ms)
 GET /insights/devices/export?client=80000000-0000-4000-8000-000000000091&version=33b2042d-5749-48a6-ad08-4cebd32242ac 200 in 22ms (next.js: 4ms, proxy.ts: 2ms, application-code: 16ms)
 GET /insights/devices?client=80000000-0000-4000-8000-000000000091&cursor=eyJ2IjoxLCJpdiI6IkZ1MTJFQ09HdzRUckJfSmQiLCJ0YWciOiJkMUtiU1prUlJrbEMyNVdVQ2M1c0FBIiwiZGF0YSI6IkpaR1BKM3RvcW1yd1NNRW44UllHck1tVlZ4U1RfYzNhVEhCam0ybWo3OG9nWGRhY1NXb2gweFRtT0k3NWdVOU5OeDhSc0NBV3hZal9WMDNQdVY3aWtibG4tb3J6UXhZd2pwVkI5SmxSU2ZmYWZldHBTeEJnOVpTcU40Q0UzQVNYR0VvVWp4WUZvTFRDczlPWGxySzdsUTZHRWtLb2xldVFCWmREUTJad3cwZzJnWldya1pVSkdZeTl1YjBPb0VTR19MSW1WQ2p4WkkzVm9DZC1ZdVpXaUx3WUZoX2dRVFJMVFlTRnJibnM5ZjhCcmhWT1hJdmppcC1WSjFkUXlwVkVseUpHYjhxTmQtOGkifQ 200 in 145ms (next.js: 4ms, proxy.ts: 2ms, application-code: 138ms)
 GET /api/auth/get-session 200 in 35ms (next.js: 23ms, proxy.ts: 4ms, application-code: 8ms)
 GET /api/auth/organization/list 200 in 37ms (next.js: 17ms, proxy.ts: 4ms, application-code: 16ms)
 GET /insights/devices/export?client=80000000-0000-4000-8000-000000000091&version=33b2042d-5749-48a6-ad08-4cebd32242ac 409 in 49ms (next.js: 9ms, proxy.ts: 6ms, application-code: 34ms)
 GET /insights/devices?client=80000000-0000-4000-8000-000000000091&cursor=forged 200 in 191ms (next.js: 4ms, proxy.ts: 2ms, application-code: 184ms)
 GET /api/auth/get-session 200 in 127ms (next.js: 58ms, proxy.ts: 28ms, application-code: 41ms)
 GET /api/auth/organization/list 200 in 117ms (next.js: 70ms, proxy.ts: 14ms, application-code: 33ms)
 GET /insights/devices?client=80000000-0000-4000-8000-000000000099 404 in 188ms (next.js: 3ms, proxy.ts: 2ms, application-code: 183ms)
 GET /insights/devices/export?client=80000000-0000-4000-8000-000000000099&version=33b2042d-5749-48a6-ad08-4cebd32242ac 404 in 20ms (next.js: 5ms, proxy.ts: 3ms, application-code: 12ms)
 GET /insights/devices/export?client=80000000-0000-4000-8000-000000000091&version=33b2042d-5749-48a6-ad08-4cebd32242ac 403 in 12ms (next.js: 3ms, proxy.ts: 4ms, application-code: 5ms)
  ✓   9 [chromium] › e2e/analytical-pages-local.spec.ts:15:53 › complete analytical collections › browses, searches and exports all stored rows in en (3.0s)
 GET /account 307 in 80ms (next.js: 36ms, proxy.ts: 2ms, application-code: 43ms)
 GET /sign-in?returnTo=%2Faccount 200 in 37ms (next.js: 4ms, proxy.ts: 1.8ms, application-code: 30ms)
 GET /account 200 in 65ms (next.js: 2ms, proxy.ts: 2ms, application-code: 60ms)
 GET /api/auth/get-session 200 in 44ms (next.js: 7ms, proxy.ts: 24ms, application-code: 13ms)
 GET /api/auth/organization/list 200 in 45ms (next.js: 9ms, proxy.ts: 25ms, application-code: 11ms)
 GET /api/auth/passkey/list-user-passkeys 200 in 47ms (next.js: 11ms, proxy.ts: 25ms, application-code: 11ms)
 GET /account 200 in 41ms (next.js: 2ms, proxy.ts: 2ms, application-code: 36ms)
 GET /api/auth/get-session 200 in 18ms (next.js: 4ms, proxy.ts: 3ms, application-code: 11ms)
 GET /api/auth/organization/list 200 in 21ms (next.js: 7ms, proxy.ts: 3ms, application-code: 11ms)
 GET /api/auth/passkey/list-user-passkeys 200 in 15ms (next.js: 4ms, proxy.ts: 5ms, application-code: 5ms)
 GET /account 200 in 44ms (next.js: 1.7ms, proxy.ts: 2.0ms, application-code: 41ms)
 GET /api/auth/get-session 200 in 23ms (next.js: 7ms, proxy.ts: 4ms, application-code: 12ms)
 GET /api/auth/passkey/list-user-passkeys 200 in 24ms (next.js: 12ms, proxy.ts: 4ms, application-code: 8ms)
 GET /api/auth/organization/list 200 in 26ms (next.js: 10ms, proxy.ts: 4ms, application-code: 12ms)
 GET /account 200 in 37ms (next.js: 2.0ms, proxy.ts: 2ms, application-code: 33ms)
 GET /api/auth/get-session 200 in 17ms (next.js: 4ms, proxy.ts: 3ms, application-code: 10ms)
 GET /api/auth/organization/list 200 in 20ms (next.js: 7ms, proxy.ts: 3ms, application-code: 10ms)
 GET /api/auth/passkey/list-user-passkeys 200 in 14ms (next.js: 4ms, proxy.ts: 5ms, application-code: 5ms)
 GET /account 200 in 40ms (next.js: 2.0ms, proxy.ts: 3ms, application-code: 36ms)
 GET /api/auth/get-session 200 in 27ms (next.js: 7ms, proxy.ts: 5ms, application-code: 15ms)
 GET /api/auth/passkey/list-user-passkeys 200 in 28ms (next.js: 13ms, proxy.ts: 6ms, application-code: 10ms)
 GET /api/auth/organization/list 200 in 31ms (next.js: 10ms, proxy.ts: 5ms, application-code: 15ms)
  ✓  10 [chromium] › e2e/auth-lifecycle-local.spec.ts:58:7 › personal account security is available to all five workspace roles (2.1s)
 GET /sign-up 200 in 31ms (next.js: 5ms, proxy.ts: 2ms, application-code: 25ms)
 POST /api/auth/sign-up/email 200 in 97ms (next.js: 4ms, proxy.ts: 3ms, application-code: 90ms)
 GET /api/auth/get-session 200 in 8ms (next.js: 2ms, proxy.ts: 2ms, application-code: 4ms)
 GET /sign-in 200 in 39ms (next.js: 3ms, proxy.ts: 1.6ms, application-code: 35ms)
 POST /api/auth/sign-in/email 403 in 90ms (next.js: 3ms, proxy.ts: 6ms, application-code: 80ms)
 GET /api/auth/get-session 200 in 10ms (next.js: 4ms, proxy.ts: 2ms, application-code: 4ms)
 GET /api/auth/verify-email?token=[REDACTED]&callbackURL=%2Fdashboard 302 in 10ms (next.js: 1.9ms, proxy.ts: 1.9ms, application-code: 6ms)
 GET /dashboard 307 in 48ms (next.js: 3ms, proxy.ts: 1.6ms, application-code: 43ms)
 GET /sign-in 200 in 32ms (next.js: 4ms, proxy.ts: 2ms, application-code: 27ms)
 GET /sign-in 200 in 37ms (next.js: 4ms, proxy.ts: 2ms, application-code: 31ms)
 POST /api/auth/sign-in/email 200 in 80ms (next.js: 2.0ms, proxy.ts: 3ms, application-code: 75ms)
 GET /dashboard 307 in 57ms (next.js: 1.8ms, proxy.ts: 3ms, application-code: 52ms)
 GET /onboarding 200 in 73ms (next.js: 24ms, proxy.ts: 2ms, application-code: 47ms)
 GET /settings 200 in 98ms (next.js: 4ms, proxy.ts: 1.8ms, application-code: 93ms)
 POST /onboarding 200 in 121ms (next.js: 1.8ms, proxy.ts: 2ms, application-code: 117ms)
  └─ ƒ createWorkspace({}) in 13ms src/app/onboarding/actions.ts
 GET /api/auth/get-session 200 in 38ms (next.js: 13ms, proxy.ts: 3ms, application-code: 21ms)
 GET /api/auth/organization/list 200 in 39ms (next.js: 6ms, proxy.ts: 3ms, application-code: 30ms)
 GET /api/auth/get-session 200 in 20ms (next.js: 3ms, proxy.ts: 11ms, application-code: 5ms)
 GET /sign-in 200 in 35ms (next.js: 4ms, proxy.ts: 2ms, application-code: 29ms)
 POST /api/auth/sign-in/magic-link 200 in 22ms (next.js: 2ms, proxy.ts: 5ms, application-code: 15ms)
 GET /api/auth/magic-link/verify?token=[REDACTED]&callbackURL=%2Fdashboard&errorCallbackURL=http%3A%2F%2Flocalhost%3A3017%2Fsign-in 302 in 24ms (next.js: 2ms, proxy.ts: 1.9ms, application-code: 20ms)
 GET /dashboard 200 in 117ms (next.js: 1.8ms, proxy.ts: 1.5ms, application-code: 114ms)
 GET /api/auth/get-session 200 in 14ms (next.js: 5ms, proxy.ts: 3ms, application-code: 7ms)
 GET /api/auth/get-session 200 in 32ms (next.js: 11ms, proxy.ts: 9ms, application-code: 12ms)
 GET /api/auth/organization/list 200 in 34ms (next.js: 13ms, proxy.ts: 10ms, application-code: 12ms)
 GET /api/auth/magic-link/verify?token=[REDACTED]&callbackURL=%2Fdashboard&errorCallbackURL=http%3A%2F%2Flocalhost%3A3017%2Fsign-in 302 in 16ms (next.js: 4ms, proxy.ts: 5ms, application-code: 6ms)
 GET /sign-in?error=INVALID_TOKEN 200 in 44ms (next.js: 4ms, proxy.ts: 2ms, application-code: 38ms)
 GET /api/auth/get-session 200 in 13ms (next.js: 3ms, proxy.ts: 3ms, application-code: 7ms)
 GET /forgot-password 200 in 71ms (next.js: 19ms, proxy.ts: 1.6ms, application-code: 51ms)
 POST /api/auth/request-password-reset 200 in 15ms (next.js: 3ms, proxy.ts: 3ms, application-code: 9ms)
 GET /api/auth/reset-password/[REDACTED]?callbackURL=%2Freset-password 302 in 11ms (next.js: 3ms, proxy.ts: 2ms, application-code: 6ms)
 GET /reset-password?token=[REDACTED] 200 in 41ms (next.js: 14ms, proxy.ts: 1.3ms, application-code: 26ms)
 POST /api/auth/reset-password 200 in 78ms (next.js: 2ms, proxy.ts: 2ms, application-code: 73ms)
 GET /api/auth/get-session 200 in 18ms (next.js: 2ms, proxy.ts: 2ms, application-code: 13ms)
 GET /api/auth/get-session 200 in 10ms (next.js: 2ms, proxy.ts: 1.8ms, application-code: 6ms)
 GET /api/auth/reset-password/[REDACTED]?callbackURL=%2Freset-password 302 in 10ms (next.js: 2ms, proxy.ts: 1.6ms, application-code: 6ms)
 GET /reset-password?error=INVALID_TOKEN 200 in 32ms (next.js: 1.7ms, proxy.ts: 1.9ms, application-code: 28ms)
 GET /sign-in 200 in 38ms (next.js: 4ms, proxy.ts: 3ms, application-code: 31ms)
2026-09-07T17:50:22.237Z WARN [Better Auth]: Invalid password
 POST /api/auth/sign-in/email 401 in 85ms (next.js: 4ms, proxy.ts: 3ms, application-code: 78ms)
 GET /api/auth/get-session 200 in 8ms (next.js: 1.9ms, proxy.ts: 1.9ms, application-code: 4ms)
 GET /sign-in 200 in 33ms (next.js: 3ms, proxy.ts: 1.5ms, application-code: 28ms)
 POST /api/auth/sign-in/email 200 in 97ms (next.js: 4ms, proxy.ts: 3ms, application-code: 91ms)
 GET /dashboard 200 in 114ms (next.js: 2.0ms, proxy.ts: 2ms, application-code: 109ms)
 GET /sign-in 200 in 60ms (next.js: 4ms, proxy.ts: 2ms, application-code: 53ms)
 GET /api/auth/get-session 200 in 52ms (next.js: 17ms, proxy.ts: 9ms, application-code: 27ms)
 GET /api/auth/organization/list 200 in 58ms (next.js: 25ms, proxy.ts: 12ms, application-code: 21ms)
 POST /api/auth/sign-in/email 200 in 81ms (next.js: 2ms, proxy.ts: 3ms, application-code: 76ms)
 GET /dashboard 200 in 103ms (next.js: 1.8ms, proxy.ts: 3ms, application-code: 98ms)
 GET /account 200 in 105ms (next.js: 4ms, proxy.ts: 5ms, application-code: 96ms)
 GET /api/auth/get-session 200 in 62ms (next.js: 11ms, proxy.ts: 34ms, application-code: 18ms)
 GET /api/auth/organization/list 200 in 57ms (next.js: 12ms, proxy.ts: 25ms, application-code: 20ms)
 GET /api/auth/get-session 200 in 24ms (next.js: 10ms, proxy.ts: 4ms, application-code: 11ms)
 GET /api/auth/organization/list 200 in 30ms (next.js: 11ms, proxy.ts: 6ms, application-code: 13ms)
 GET /api/auth/passkey/list-user-passkeys 200 in 25ms (next.js: 15ms, proxy.ts: 3ms, application-code: 7ms)
 POST /api/auth/revoke-other-sessions 200 in 14ms (next.js: 4ms, proxy.ts: 2ms, application-code: 8ms)
 GET /api/auth/get-session 200 in 16ms (next.js: 4ms, proxy.ts: 2ms, application-code: 10ms)
 GET /api/auth/get-session 200 in 15ms (next.js: 7ms, proxy.ts: 2.0ms, application-code: 7ms)
 GET /api/auth/get-session 200 in 8ms (next.js: 2ms, proxy.ts: 1.5ms, application-code: 5ms)
 GET /api/auth/passkey/generate-register-options?authenticatorAttachment=platform&name=Passkey%20Ads%20by%20Yodev 200 in 17ms (next.js: 3ms, proxy.ts: 3ms, application-code: 11ms)
 POST /api/auth/passkey/verify-registration 200 in 20ms (next.js: 2ms, proxy.ts: 2ms, application-code: 15ms)
 GET /api/auth/passkey/list-user-passkeys 200 in 10ms (next.js: 2.0ms, proxy.ts: 1.8ms, application-code: 6ms)
 GET /api/auth/passkey/list-user-passkeys 200 in 11ms (next.js: 3ms, proxy.ts: 2ms, application-code: 6ms)
 POST /api/auth/passkey/delete-passkey 401 in 12ms (next.js: 2ms, proxy.ts: 2ms, application-code: 7ms)
 POST /api/auth/sign-out 200 in 11ms (next.js: 2.0ms, proxy.ts: 1.5ms, application-code: 7ms)
 GET /sign-in 200 in 31ms (next.js: 3ms, proxy.ts: 1.7ms, application-code: 26ms)
 GET /api/auth/passkey/generate-authenticate-options 200 in 13ms (next.js: 2ms, proxy.ts: 3ms, application-code: 8ms)
 POST /api/auth/passkey/verify-authentication 200 in 18ms (next.js: 3ms, proxy.ts: 3ms, application-code: 11ms)
 GET /dashboard 200 in 113ms (next.js: 2ms, proxy.ts: 3ms, application-code: 108ms)
 GET /api/auth/get-session 200 in 13ms (next.js: 4ms, proxy.ts: 2ms, application-code: 7ms)
 GET /api/auth/organization/list 200 in 31ms (next.js: 12ms, proxy.ts: 16ms, application-code: 3ms)
 GET /api/auth/get-session 200 in 40ms (next.js: 7ms, proxy.ts: 22ms, application-code: 11ms)
 GET /account 200 in 69ms (next.js: 2ms, proxy.ts: 1.7ms, application-code: 65ms)
 GET /api/auth/get-session 200 in 18ms (next.js: 4ms, proxy.ts: 2ms, application-code: 11ms)
 GET /api/auth/organization/list 200 in 19ms (next.js: 7ms, proxy.ts: 3ms, application-code: 10ms)
 GET /api/auth/passkey/list-user-passkeys 200 in 13ms (next.js: 5ms, proxy.ts: 4ms, application-code: 5ms)
 POST /api/auth/passkey/delete-passkey 200 in 13ms (next.js: 2ms, proxy.ts: 3ms, application-code: 8ms)
 POST /api/auth/sign-out 200 in 25ms (next.js: 15ms, proxy.ts: 3ms, application-code: 7ms)
 GET /api/auth/passkey/list-user-passkeys 200 in 26ms (next.js: 4ms, proxy.ts: 3ms, application-code: 19ms)
 GET /sign-in 200 in 40ms (next.js: 4ms, proxy.ts: 3ms, application-code: 33ms)
 GET /api/auth/passkey/generate-authenticate-options 200 in 16ms (next.js: 4ms, proxy.ts: 4ms, application-code: 8ms)
 POST /api/auth/passkey/verify-authentication 401 in 17ms (next.js: 5ms, proxy.ts: 4ms, application-code: 8ms)
 GET /api/auth/get-session 200 in 11ms (next.js: 4ms, proxy.ts: 2ms, application-code: 5ms)
 POST /api/auth/sign-in/magic-link 200 in 13ms (next.js: 2ms, proxy.ts: 3ms, application-code: 8ms)
 GET /api/auth/magic-link/verify?token=[REDACTED]&callbackURL=%2Fdashboard&errorCallbackURL=http%3A%2F%2Flocalhost%3A3017%2Fsign-in 302 in 11ms (next.js: 2ms, proxy.ts: 2ms, application-code: 7ms)
 GET /dashboard 200 in 110ms (next.js: 2ms, proxy.ts: 1.7ms, application-code: 106ms)
 GET /api/auth/get-session 200 in 17ms (next.js: 4ms, proxy.ts: 3ms, application-code: 11ms)
 GET /api/auth/organization/list 200 in 18ms (next.js: 7ms, proxy.ts: 3ms, application-code: 9ms)
 GET /invitation?id=6da8a40c-281f-4081-a91a-3bb72e7d613c 200 in 64ms (next.js: 23ms, proxy.ts: 1.6ms, application-code: 39ms)
 GET /api/auth/get-session 200 in 11ms (next.js: 3ms, proxy.ts: 3ms, application-code: 6ms)
 POST /api/auth/organization/accept-invitation 403 in 15ms (next.js: 2ms, proxy.ts: 2ms, application-code: 10ms)
 POST /invitation?id=6da8a40c-281f-4081-a91a-3bb72e7d613c 200 in 19ms (next.js: 2ms, proxy.ts: 2.0ms, application-code: 15ms)
  └─ ƒ recoverAcceptedInvitation("6da8a40c-281f-4081-a91a-3bb72e7d613c") in 4ms src/app/invitation/actions.ts
 GET /invitation?id=4bbb2a3e-dca1-4d5f-9293-5841e9a133e4 200 in 36ms (next.js: 1.9ms, proxy.ts: 2ms, application-code: 32ms)
 GET /api/auth/get-session 200 in 12ms (next.js: 3ms, proxy.ts: 3ms, application-code: 6ms)
 POST /api/auth/organization/accept-invitation 400 in 12ms (next.js: 2ms, proxy.ts: 3ms, application-code: 7ms)
 POST /invitation?id=4bbb2a3e-dca1-4d5f-9293-5841e9a133e4 200 in 12ms (next.js: 1.6ms, proxy.ts: 1.9ms, application-code: 9ms)
  └─ ƒ recoverAcceptedInvitation("4bbb2a3e-dca1-4d5f-9293-5841e9a133e4") in 4ms src/app/invitation/actions.ts
 GET /invitation?id=fe9a080e-9246-43d3-844e-9f4e59f0d8b5 200 in 26ms (next.js: 1.6ms, proxy.ts: 2ms, application-code: 22ms)
 GET /api/auth/get-session 200 in 9ms (next.js: 1.7ms, proxy.ts: 2ms, application-code: 5ms)
 POST /api/auth/organization/accept-invitation 400 in 11ms (next.js: 2ms, proxy.ts: 3ms, application-code: 6ms)
 POST /invitation?id=fe9a080e-9246-43d3-844e-9f4e59f0d8b5 200 in 12ms (next.js: 1.6ms, proxy.ts: 1.9ms, application-code: 9ms)
  └─ ƒ recoverAcceptedInvitation("fe9a080e-9246-43d3-844e-9f4e59f0d8b5") in 4ms src/app/invitation/actions.ts
 GET /invitation?id=45a0ff4f-c739-4be8-8a20-3d063b5a268d 200 in 32ms (next.js: 2ms, proxy.ts: 1.8ms, application-code: 28ms)
 GET /api/auth/get-session 200 in 17ms (next.js: 3ms, proxy.ts: 9ms, application-code: 5ms)
 GET /sign-in?returnTo=%2Finvitation%3Fid%3D45a0ff4f-c739-4be8-8a20-3d063b5a268d 200 in 24ms (next.js: 4ms, proxy.ts: 2ms, application-code: 18ms)
 POST /api/auth/sign-in/magic-link 200 in 14ms (next.js: 3ms, proxy.ts: 2ms, application-code: 8ms)
 GET /api/auth/magic-link/verify?token=[REDACTED]&callbackURL=%2Finvitation%3Fid%3D45a0ff4f-c739-4be8-8a20-3d063b5a268d&errorCallbackURL=http%3A%2F%2Flocalhost%3A3017%2Fsign-in%3FreturnTo%3D%252Finvitation%253Fid%253D45a0ff4f-c739-4be8-8a20-3d063b5a268d 302 in 12ms (next.js: 3ms, proxy.ts: 2ms, application-code: 8ms)
 GET /invitation?id=45a0ff4f-c739-4be8-8a20-3d063b5a268d 200 in 28ms (next.js: 2ms, proxy.ts: 1.5ms, application-code: 24ms)
 GET /api/auth/get-session 200 in 10ms (next.js: 3ms, proxy.ts: 2ms, application-code: 6ms)
 POST /api/auth/organization/accept-invitation 403 in 14ms (next.js: 2ms, proxy.ts: 2ms, application-code: 10ms)
 POST /invitation?id=45a0ff4f-c739-4be8-8a20-3d063b5a268d 200 in 13ms (next.js: 1.7ms, proxy.ts: 3ms, application-code: 8ms)
  └─ ƒ recoverAcceptedInvitation("45a0ff4f-c739-4be8-8a20-3d063b5a268d") in 3ms src/app/invitation/actions.ts
 POST /api/auth/organization/accept-invitation 200 in 16ms (next.js: 2.0ms, proxy.ts: 2.0ms, application-code: 12ms)
 POST /invitation?id=45a0ff4f-c739-4be8-8a20-3d063b5a268d 200 in 12ms (next.js: 1.7ms, proxy.ts: 1.8ms, application-code: 9ms)
  └─ ƒ recoverAcceptedInvitation("45a0ff4f-c739-4be8-8a20-3d063b5a268d") in 4ms src/app/invitation/actions.ts
 POST /api/auth/organization/set-active 200 in 12ms (next.js: 2.0ms, proxy.ts: 2ms, application-code: 8ms)
 GET /api/auth/get-session 200 in 92ms (next.js: 19ms, proxy.ts: 29ms, application-code: 44ms)
 GET /dashboard 200 in 121ms (next.js: 3ms, proxy.ts: 11ms, application-code: 108ms)
 GET /api/auth/get-session 200 in 10ms (next.js: 1.9ms, proxy.ts: 2ms, application-code: 6ms)
 GET /api/auth/get-session 200 in 17ms (next.js: 4ms, proxy.ts: 3ms, application-code: 10ms)
 GET /api/auth/organization/list 200 in 19ms (next.js: 6ms, proxy.ts: 4ms, application-code: 9ms)
 GET /invitation?id=45a0ff4f-c739-4be8-8a20-3d063b5a268d 200 in 33ms (next.js: 1.6ms, proxy.ts: 9ms, application-code: 23ms)
 GET /api/auth/get-session 200 in 12ms (next.js: 2ms, proxy.ts: 4ms, application-code: 6ms)
 POST /api/auth/organization/accept-invitation 400 in 15ms (next.js: 2ms, proxy.ts: 2ms, application-code: 10ms)
 POST /invitation?id=45a0ff4f-c739-4be8-8a20-3d063b5a268d 200 in 18ms (next.js: 2ms, proxy.ts: 2ms, application-code: 13ms)
  └─ ƒ recoverAcceptedInvitation("45a0ff4f-c739-4be8-8a20-3d063b5a268d") in 6ms src/app/invitation/actions.ts
 POST /api/auth/organization/set-active 200 in 12ms (next.js: 2ms, proxy.ts: 2ms, application-code: 7ms)
 GET /api/auth/get-session 200 in 91ms (next.js: 47ms, proxy.ts: 18ms, application-code: 26ms)
 GET /dashboard 200 in 144ms (next.js: 2ms, proxy.ts: 1.6ms, application-code: 140ms)
 GET /invitation?id=45a0ff4f-c739-4be8-8a20-3d063b5a268d 200 in 29ms (next.js: 1.6ms, proxy.ts: 2ms, application-code: 25ms)
 GET /api/auth/get-session 200 in 12ms (next.js: 3ms, proxy.ts: 2ms, application-code: 7ms)
 POST /api/auth/organization/accept-invitation 400 in 12ms (next.js: 2ms, proxy.ts: 3ms, application-code: 7ms)
 POST /invitation?id=45a0ff4f-c739-4be8-8a20-3d063b5a268d 200 in 13ms (next.js: 1.7ms, proxy.ts: 1.8ms, application-code: 10ms)
  └─ ƒ recoverAcceptedInvitation("45a0ff4f-c739-4be8-8a20-3d063b5a268d") in 5ms src/app/invitation/actions.ts
 GET /dashboard 307 in 58ms (next.js: 1.9ms, proxy.ts: 1.9ms, application-code: 54ms)
 GET /onboarding 307 in 52ms (next.js: 1.9ms, proxy.ts: 2ms, application-code: 48ms)
 GET /dashboard 200 in 104ms (next.js: 1.7ms, proxy.ts: 1.6ms, application-code: 100ms)
 GET /api/auth/get-session 200 in 18ms (next.js: 4ms, proxy.ts: 2ms, application-code: 12ms)
 GET /api/auth/get-session 200 in 87ms (next.js: 23ms, proxy.ts: 40ms, application-code: 24ms)
 GET /api/auth/organization/list 200 in 85ms (next.js: 25ms, proxy.ts: 35ms, application-code: 24ms)
 GET /dashboard 307 in 122ms (next.js: 3ms, proxy.ts: 3ms, application-code: 116ms)
 GET /onboarding 200 in 56ms (next.js: 5ms, proxy.ts: 7ms, application-code: 45ms)
 GET /api/auth/get-session 200 in 13ms (next.js: 5ms, proxy.ts: 2ms, application-code: 5ms)
 GET /account 200 in 38ms (next.js: 1.8ms, proxy.ts: 1.9ms, application-code: 34ms)
 GET /api/auth/get-session 200 in 34ms (next.js: 22ms, proxy.ts: 4ms, application-code: 9ms)
 GET /api/auth/organization/list 200 in 39ms (next.js: 24ms, proxy.ts: 4ms, application-code: 11ms)
 GET /api/auth/passkey/list-user-passkeys 200 in 23ms (next.js: 12ms, proxy.ts: 3ms, application-code: 8ms)
 POST /api/auth/sign-out 200 in 9ms (next.js: 1.9ms, proxy.ts: 3ms, application-code: 4ms)
 GET /sign-in 200 in 38ms (next.js: 3ms, proxy.ts: 1.6ms, application-code: 33ms)
 GET /api/auth/get-session 200 in 11ms (next.js: 3ms, proxy.ts: 3ms, application-code: 5ms)
  ✓  11 [chromium] › e2e/auth-lifecycle-local.spec.ts:85:9 › auth lifecycle fr: verification, magic link, reset, sessions and passkey (11.5s)
 GET /sign-up 200 in 39ms (next.js: 5ms, proxy.ts: 2ms, application-code: 32ms)
 POST /api/auth/sign-up/email 200 in 89ms (next.js: 5ms, proxy.ts: 3ms, application-code: 80ms)
 GET /api/auth/get-session 200 in 8ms (next.js: 2.0ms, proxy.ts: 2ms, application-code: 4ms)
 GET /sign-in 200 in 38ms (next.js: 3ms, proxy.ts: 1.4ms, application-code: 33ms)
 POST /api/auth/sign-in/email 403 in 85ms (next.js: 3ms, proxy.ts: 4ms, application-code: 78ms)
 GET /api/auth/get-session 200 in 10ms (next.js: 3ms, proxy.ts: 1.8ms, application-code: 5ms)
 GET /api/auth/verify-email?token=[REDACTED]&callbackURL=%2Fdashboard 302 in 8ms (next.js: 1.8ms, proxy.ts: 1.6ms, application-code: 5ms)
 GET /dashboard 307 in 44ms (next.js: 1.9ms, proxy.ts: 1.5ms, application-code: 41ms)
 GET /sign-in 200 in 32ms (next.js: 4ms, proxy.ts: 1.8ms, application-code: 27ms)
 GET /sign-in 200 in 44ms (next.js: 4ms, proxy.ts: 3ms, application-code: 38ms)
 POST /api/auth/sign-in/email 200 in 91ms (next.js: 5ms, proxy.ts: 4ms, application-code: 83ms)
 GET /dashboard 307 in 54ms (next.js: 1.8ms, proxy.ts: 3ms, application-code: 49ms)
 GET /onboarding 200 in 46ms (next.js: 2ms, proxy.ts: 1.8ms, application-code: 42ms)
 GET /settings 200 in 86ms (next.js: 3ms, proxy.ts: 1.6ms, application-code: 81ms)
 POST /onboarding 200 in 107ms (next.js: 1.7ms, proxy.ts: 1.9ms, application-code: 103ms)
  └─ ƒ createWorkspace({}) in 10ms src/app/onboarding/actions.ts
 GET /api/auth/get-session 200 in 22ms (next.js: 5ms, proxy.ts: 2ms, application-code: 15ms)
 GET /api/auth/organization/list 200 in 24ms (next.js: 9ms, proxy.ts: 2ms, application-code: 13ms)
 GET /api/auth/get-session 200 in 17ms (next.js: 4ms, proxy.ts: 5ms, application-code: 8ms)
 GET /sign-in 200 in 33ms (next.js: 4ms, proxy.ts: 2ms, application-code: 27ms)
 POST /api/auth/sign-in/magic-link 200 in 13ms (next.js: 2ms, proxy.ts: 2ms, application-code: 9ms)
 GET /api/auth/magic-link/verify?token=[REDACTED]&callbackURL=%2Fdashboard&errorCallbackURL=http%3A%2F%2Flocalhost%3A3017%2Fsign-in 302 in 13ms (next.js: 3ms, proxy.ts: 2.0ms, application-code: 8ms)
 GET /dashboard 200 in 114ms (next.js: 1.9ms, proxy.ts: 2.0ms, application-code: 110ms)
 GET /api/auth/get-session 200 in 12ms (next.js: 4ms, proxy.ts: 2ms, application-code: 6ms)
 GET /api/auth/get-session 200 in 28ms (next.js: 10ms, proxy.ts: 9ms, application-code: 10ms)
 GET /api/auth/organization/list 200 in 32ms (next.js: 12ms, proxy.ts: 9ms, application-code: 11ms)
 GET /api/auth/magic-link/verify?token=[REDACTED]&callbackURL=%2Fdashboard&errorCallbackURL=http%3A%2F%2Flocalhost%3A3017%2Fsign-in 302 in 23ms (next.js: 12ms, proxy.ts: 5ms, application-code: 6ms)
 GET /sign-in?error=INVALID_TOKEN 200 in 41ms (next.js: 4ms, proxy.ts: 1.8ms, application-code: 36ms)
 GET /api/auth/get-session 200 in 12ms (next.js: 4ms, proxy.ts: 2ms, application-code: 6ms)
 GET /forgot-password 200 in 30ms (next.js: 3ms, proxy.ts: 1.9ms, application-code: 25ms)
 POST /api/auth/request-password-reset 200 in 14ms (next.js: 2ms, proxy.ts: 2ms, application-code: 9ms)
 GET /api/auth/reset-password/[REDACTED]?callbackURL=%2Freset-password 302 in 10ms (next.js: 2ms, proxy.ts: 2.0ms, application-code: 6ms)
 GET /reset-password?token=[REDACTED] 200 in 31ms (next.js: 1.6ms, proxy.ts: 1.4ms, application-code: 28ms)
 POST /api/auth/reset-password 200 in 90ms (next.js: 7ms, proxy.ts: 3ms, application-code: 80ms)
 GET /api/auth/get-session 200 in 8ms (next.js: 2ms, proxy.ts: 1.6ms, application-code: 5ms)
 GET /api/auth/get-session 200 in 7ms (next.js: 1.6ms, proxy.ts: 1.6ms, application-code: 4ms)
 GET /api/auth/reset-password/[REDACTED]?callbackURL=%2Freset-password 302 in 15ms (next.js: 1.7ms, proxy.ts: 1.3ms, application-code: 12ms)
 GET /reset-password?error=INVALID_TOKEN 200 in 26ms (next.js: 1.5ms, proxy.ts: 1.4ms, application-code: 23ms)
 GET /sign-in 200 in 36ms (next.js: 5ms, proxy.ts: 2ms, application-code: 28ms)
2026-09-07T17:50:33.505Z WARN [Better Auth]: Invalid password
 POST /api/auth/sign-in/email 401 in 87ms (next.js: 3ms, proxy.ts: 4ms, application-code: 80ms)
 GET /api/auth/get-session 200 in 10ms (next.js: 3ms, proxy.ts: 1.8ms, application-code: 5ms)
 GET /sign-in 200 in 35ms (next.js: 3ms, proxy.ts: 1.5ms, application-code: 30ms)
 POST /api/auth/sign-in/email 200 in 85ms (next.js: 2ms, proxy.ts: 3ms, application-code: 80ms)
 GET /dashboard 200 in 113ms (next.js: 2ms, proxy.ts: 3ms, application-code: 108ms)
 GET /sign-in 200 in 62ms (next.js: 5ms, proxy.ts: 2ms, application-code: 55ms)
 GET /api/auth/get-session 200 in 40ms (next.js: 14ms, proxy.ts: 12ms, application-code: 15ms)
 GET /api/auth/organization/list 200 in 43ms (next.js: 16ms, proxy.ts: 11ms, application-code: 16ms)
 POST /api/auth/sign-in/email 200 in 92ms (next.js: 3ms, proxy.ts: 3ms, application-code: 86ms)
 GET /dashboard 200 in 104ms (next.js: 2ms, proxy.ts: 2ms, application-code: 99ms)
 GET /account 200 in 56ms (next.js: 1.7ms, proxy.ts: 2ms, application-code: 52ms)
 GET /api/auth/get-session 200 in 38ms (next.js: 12ms, proxy.ts: 6ms, application-code: 20ms)
 GET /api/auth/organization/list 200 in 44ms (next.js: 13ms, proxy.ts: 7ms, application-code: 23ms)
 GET /api/auth/organization/list 200 in 27ms (next.js: 12ms, proxy.ts: 5ms, application-code: 10ms)
 GET /api/auth/get-session 200 in 29ms (next.js: 9ms, proxy.ts: 5ms, application-code: 16ms)
 GET /api/auth/passkey/list-user-passkeys 200 in 30ms (next.js: 14ms, proxy.ts: 3ms, application-code: 13ms)
 POST /api/auth/revoke-other-sessions 200 in 17ms (next.js: 4ms, proxy.ts: 3ms, application-code: 10ms)
 GET /api/auth/get-session 200 in 20ms (next.js: 5ms, proxy.ts: 3ms, application-code: 11ms)
 GET /api/auth/get-session 200 in 20ms (next.js: 7ms, proxy.ts: 5ms, application-code: 8ms)
 GET /api/auth/get-session 200 in 11ms (next.js: 2ms, proxy.ts: 2ms, application-code: 6ms)
 GET /api/auth/passkey/generate-register-options?authenticatorAttachment=platform&name=Ads%20by%20Yodev%20passkey 200 in 15ms (next.js: 2ms, proxy.ts: 4ms, application-code: 9ms)
 POST /api/auth/passkey/verify-registration 200 in 13ms (next.js: 3ms, proxy.ts: 1.7ms, application-code: 9ms)
 GET /api/auth/passkey/list-user-passkeys 200 in 11ms (next.js: 4ms, proxy.ts: 1.5ms, application-code: 5ms)
 GET /api/auth/passkey/list-user-passkeys 200 in 10ms (next.js: 1.9ms, proxy.ts: 2.0ms, application-code: 6ms)
 POST /api/auth/passkey/delete-passkey 401 in 9ms (next.js: 1.8ms, proxy.ts: 1.9ms, application-code: 6ms)
 POST /api/auth/sign-out 200 in 8ms (next.js: 2.0ms, proxy.ts: 1.4ms, application-code: 5ms)
 GET /sign-in 200 in 40ms (next.js: 4ms, proxy.ts: 1.5ms, application-code: 35ms)
 GET /api/auth/passkey/generate-authenticate-options 200 in 12ms (next.js: 2ms, proxy.ts: 1.7ms, application-code: 8ms)
 POST /api/auth/passkey/verify-authentication 200 in 17ms (next.js: 4ms, proxy.ts: 2ms, application-code: 11ms)
 GET /dashboard 200 in 170ms (next.js: 3ms, proxy.ts: 2ms, application-code: 165ms)
 GET /api/auth/get-session 200 in 13ms (next.js: 3ms, proxy.ts: 3ms, application-code: 7ms)
 GET /api/auth/organization/list 200 in 31ms (next.js: 14ms, proxy.ts: 14ms, application-code: 3ms)
 GET /api/auth/get-session 200 in 32ms (next.js: 9ms, proxy.ts: 14ms, application-code: 9ms)
 GET /account 200 in 69ms (next.js: 3ms, proxy.ts: 2ms, application-code: 65ms)
 GET /api/auth/get-session 200 in 24ms (next.js: 7ms, proxy.ts: 3ms, application-code: 14ms)
 GET /api/auth/organization/list 200 in 27ms (next.js: 9ms, proxy.ts: 4ms, application-code: 13ms)
 GET /api/auth/passkey/list-user-passkeys 200 in 24ms (next.js: 12ms, proxy.ts: 3ms, application-code: 9ms)
 POST /api/auth/passkey/delete-passkey 200 in 12ms (next.js: 2ms, proxy.ts: 3ms, application-code: 7ms)
 GET /api/auth/passkey/list-user-passkeys 200 in 15ms (next.js: 4ms, proxy.ts: 1.8ms, application-code: 9ms)
 POST /api/auth/sign-out 200 in 14ms (next.js: 7ms, proxy.ts: 1.7ms, application-code: 6ms)
 GET /sign-in 200 in 40ms (next.js: 3ms, proxy.ts: 1.6ms, application-code: 35ms)
 GET /api/auth/passkey/generate-authenticate-options 200 in 15ms (next.js: 4ms, proxy.ts: 4ms, application-code: 8ms)
 POST /api/auth/passkey/verify-authentication 401 in 19ms (next.js: 4ms, proxy.ts: 4ms, application-code: 11ms)
 GET /api/auth/get-session 200 in 9ms (next.js: 2ms, proxy.ts: 2ms, application-code: 4ms)
 POST /api/auth/sign-in/magic-link 200 in 13ms (next.js: 3ms, proxy.ts: 3ms, application-code: 7ms)
 GET /api/auth/magic-link/verify?token=[REDACTED]&callbackURL=%2Fdashboard&errorCallbackURL=http%3A%2F%2Flocalhost%3A3017%2Fsign-in 302 in 12ms (next.js: 3ms, proxy.ts: 1.8ms, application-code: 8ms)
 GET /dashboard 200 in 112ms (next.js: 2ms, proxy.ts: 1.7ms, application-code: 108ms)
 GET /api/auth/get-session 200 in 18ms (next.js: 4ms, proxy.ts: 2ms, application-code: 11ms)
 GET /api/auth/organization/list 200 in 19ms (next.js: 8ms, proxy.ts: 3ms, application-code: 8ms)
 GET /invitation?id=865bccda-2d6e-4fc6-a384-53fe480c57bd 200 in 26ms (next.js: 1.7ms, proxy.ts: 1.5ms, application-code: 23ms)
 GET /api/auth/get-session 200 in 9ms (next.js: 2ms, proxy.ts: 2ms, application-code: 5ms)
 POST /api/auth/organization/accept-invitation 403 in 12ms (next.js: 3ms, proxy.ts: 2ms, application-code: 7ms)
 POST /invitation?id=865bccda-2d6e-4fc6-a384-53fe480c57bd 200 in 13ms (next.js: 1.9ms, proxy.ts: 1.6ms, application-code: 9ms)
  └─ ƒ recoverAcceptedInvitation("865bccda-2d6e-4fc6-a384-53fe480c57bd") in 4ms src/app/invitation/actions.ts
 GET /invitation?id=2a2bff27-a62a-457a-b65f-8900f63893c3 200 in 31ms (next.js: 1.9ms, proxy.ts: 3ms, application-code: 26ms)
 GET /api/auth/get-session 200 in 15ms (next.js: 4ms, proxy.ts: 5ms, application-code: 6ms)
 POST /api/auth/organization/accept-invitation 400 in 19ms (next.js: 2ms, proxy.ts: 3ms, application-code: 14ms)
 POST /invitation?id=2a2bff27-a62a-457a-b65f-8900f63893c3 200 in 13ms (next.js: 1.7ms, proxy.ts: 2ms, application-code: 9ms)
  └─ ƒ recoverAcceptedInvitation("2a2bff27-a62a-457a-b65f-8900f63893c3") in 4ms src/app/invitation/actions.ts
 GET /invitation?id=e6172285-5df5-4675-8d40-fd8868a74506 200 in 27ms (next.js: 1.6ms, proxy.ts: 1.7ms, application-code: 23ms)
 GET /api/auth/get-session 200 in 9ms (next.js: 1.8ms, proxy.ts: 2.0ms, application-code: 5ms)
 POST /api/auth/organization/accept-invitation 400 in 11ms (next.js: 2ms, proxy.ts: 2ms, application-code: 6ms)
 POST /invitation?id=e6172285-5df5-4675-8d40-fd8868a74506 200 in 13ms (next.js: 1.6ms, proxy.ts: 1.6ms, application-code: 9ms)
  └─ ƒ recoverAcceptedInvitation("e6172285-5df5-4675-8d40-fd8868a74506") in 5ms src/app/invitation/actions.ts
 GET /invitation?id=544c44fa-4feb-49bc-bb31-0564db27ef77 200 in 29ms (next.js: 1.9ms, proxy.ts: 1.8ms, application-code: 25ms)
 GET /api/auth/get-session 200 in 11ms (next.js: 4ms, proxy.ts: 2ms, application-code: 5ms)
 GET /sign-in?returnTo=%2Finvitation%3Fid%3D544c44fa-4feb-49bc-bb31-0564db27ef77 200 in 29ms (next.js: 4ms, proxy.ts: 2ms, application-code: 22ms)
 POST /api/auth/sign-in/magic-link 200 in 21ms (next.js: 2ms, proxy.ts: 3ms, application-code: 16ms)
 GET /api/auth/magic-link/verify?token=[REDACTED]&callbackURL=%2Finvitation%3Fid%3D544c44fa-4feb-49bc-bb31-0564db27ef77&errorCallbackURL=http%3A%2F%2Flocalhost%3A3017%2Fsign-in%3FreturnTo%3D%252Finvitation%253Fid%253D544c44fa-4feb-49bc-bb31-0564db27ef77 302 in 12ms (next.js: 2ms, proxy.ts: 1.8ms, application-code: 8ms)
 GET /invitation?id=544c44fa-4feb-49bc-bb31-0564db27ef77 200 in 28ms (next.js: 1.7ms, proxy.ts: 1.6ms, application-code: 25ms)
 GET /api/auth/get-session 200 in 10ms (next.js: 2ms, proxy.ts: 2ms, application-code: 6ms)
 POST /api/auth/organization/accept-invitation 403 in 12ms (next.js: 2.0ms, proxy.ts: 2.0ms, application-code: 8ms)
 POST /invitation?id=544c44fa-4feb-49bc-bb31-0564db27ef77 200 in 12ms (next.js: 1.8ms, proxy.ts: 2ms, application-code: 8ms)
  └─ ƒ recoverAcceptedInvitation("544c44fa-4feb-49bc-bb31-0564db27ef77") in 3ms src/app/invitation/actions.ts
 POST /api/auth/organization/accept-invitation 200 in 16ms (next.js: 2.0ms, proxy.ts: 1.9ms, application-code: 12ms)
 POST /invitation?id=544c44fa-4feb-49bc-bb31-0564db27ef77 200 in 14ms (next.js: 2ms, proxy.ts: 3ms, application-code: 9ms)
  └─ ƒ recoverAcceptedInvitation("544c44fa-4feb-49bc-bb31-0564db27ef77") in 4ms src/app/invitation/actions.ts
 POST /api/auth/organization/set-active 200 in 11ms (next.js: 2ms, proxy.ts: 1.7ms, application-code: 7ms)
 GET /api/auth/get-session 200 in 71ms (next.js: 46ms, proxy.ts: 11ms, application-code: 15ms)
 GET /dashboard 200 in 118ms (next.js: 1.9ms, proxy.ts: 1.7ms, application-code: 115ms)
 GET /api/auth/get-session 200 in 9ms (next.js: 2.0ms, proxy.ts: 2ms, application-code: 5ms)
 GET /api/auth/get-session 200 in 16ms (next.js: 4ms, proxy.ts: 3ms, application-code: 10ms)
 GET /api/auth/organization/list 200 in 19ms (next.js: 7ms, proxy.ts: 3ms, application-code: 9ms)
 GET /invitation?id=544c44fa-4feb-49bc-bb31-0564db27ef77 200 in 27ms (next.js: 1.6ms, proxy.ts: 1.9ms, application-code: 23ms)
 GET /api/auth/get-session 200 in 11ms (next.js: 2ms, proxy.ts: 3ms, application-code: 6ms)
 POST /api/auth/organization/accept-invitation 400 in 24ms (next.js: 14ms, proxy.ts: 3ms, application-code: 7ms)
 POST /invitation?id=544c44fa-4feb-49bc-bb31-0564db27ef77 200 in 13ms (next.js: 2ms, proxy.ts: 2ms, application-code: 9ms)
  └─ ƒ recoverAcceptedInvitation("544c44fa-4feb-49bc-bb31-0564db27ef77") in 3ms src/app/invitation/actions.ts
 POST /api/auth/organization/set-active 200 in 15ms (next.js: 2ms, proxy.ts: 5ms, application-code: 8ms)
 GET /api/auth/get-session 200 in 69ms (next.js: 42ms, proxy.ts: 12ms, application-code: 15ms)
 GET /dashboard 200 in 117ms (next.js: 1.9ms, proxy.ts: 2ms, application-code: 112ms)
 GET /invitation?id=544c44fa-4feb-49bc-bb31-0564db27ef77 200 in 45ms (next.js: 1.5ms, proxy.ts: 2ms, application-code: 42ms)
 GET /api/auth/get-session 200 in 20ms (next.js: 8ms, proxy.ts: 5ms, application-code: 7ms)
 GET /api/auth/organization/list 200 in 20ms (next.js: 11ms, proxy.ts: 5ms, application-code: 3ms)
 GET /api/auth/get-session 200 in 10ms (next.js: 1.9ms, proxy.ts: 3ms, application-code: 6ms)
 POST /api/auth/organization/accept-invitation 400 in 10ms (next.js: 2ms, proxy.ts: 1.8ms, application-code: 6ms)
 POST /invitation?id=544c44fa-4feb-49bc-bb31-0564db27ef77 200 in 14ms (next.js: 1.3ms, proxy.ts: 1.7ms, application-code: 11ms)
  └─ ƒ recoverAcceptedInvitation("544c44fa-4feb-49bc-bb31-0564db27ef77") in 5ms src/app/invitation/actions.ts
 GET /dashboard 307 in 58ms (next.js: 1.9ms, proxy.ts: 1.9ms, application-code: 54ms)
 GET /onboarding 307 in 53ms (next.js: 1.6ms, proxy.ts: 1.9ms, application-code: 50ms)
 GET /dashboard 200 in 121ms (next.js: 1.8ms, proxy.ts: 3ms, application-code: 117ms)
 GET /api/auth/get-session 200 in 20ms (next.js: 5ms, proxy.ts: 4ms, application-code: 11ms)
 GET /api/auth/get-session 200 in 86ms (next.js: 35ms, proxy.ts: 26ms, application-code: 25ms)
 GET /api/auth/organization/list 200 in 81ms (next.js: 38ms, proxy.ts: 24ms, application-code: 20ms)
 GET /dashboard 307 in 112ms (next.js: 3ms, proxy.ts: 2ms, application-code: 107ms)
 GET /onboarding 200 in 51ms (next.js: 2ms, proxy.ts: 4ms, application-code: 45ms)
 GET /api/auth/get-session 200 in 10ms (next.js: 3ms, proxy.ts: 2ms, application-code: 5ms)
 GET /account 200 in 36ms (next.js: 2.0ms, proxy.ts: 1.7ms, application-code: 33ms)
 GET /api/auth/get-session 200 in 29ms (next.js: 7ms, proxy.ts: 3ms, application-code: 18ms)
 GET /api/auth/organization/list 200 in 40ms (next.js: 10ms, proxy.ts: 4ms, application-code: 26ms)
 GET /api/auth/passkey/list-user-passkeys 200 in 39ms (next.js: 11ms, proxy.ts: 3ms, application-code: 25ms)
 POST /api/auth/sign-out 200 in 23ms (next.js: 4ms, proxy.ts: 13ms, application-code: 6ms)
 GET /sign-in 200 in 41ms (next.js: 4ms, proxy.ts: 1.7ms, application-code: 36ms)
 GET /api/auth/get-session 200 in 14ms (next.js: 4ms, proxy.ts: 2ms, application-code: 8ms)
  ✓  12 [chromium] › e2e/auth-lifecycle-local.spec.ts:85:9 › auth lifecycle en: verification, magic link, reset, sessions and passkey (11.1s)
 GET /dashboard 200 in 117ms (next.js: 2ms, proxy.ts: 3ms, application-code: 112ms)
 GET /api/auth/get-session 200 in 64ms (next.js: 46ms, proxy.ts: 3ms, application-code: 15ms)
 GET /api/auth/organization/list 200 in 119ms (next.js: 49ms, proxy.ts: 3ms, application-code: 67ms)
 GET /settings 200 in 237ms (next.js: 4ms, proxy.ts: 5ms, application-code: 228ms)
 GET /api/auth/get-session 200 in 70ms (next.js: 32ms, proxy.ts: 4ms, application-code: 35ms)
 GET /api/auth/organization/list 200 in 124ms (next.js: 52ms, proxy.ts: 4ms, application-code: 69ms)
 GET /billing 200 in 198ms (next.js: 5ms, proxy.ts: 4ms, application-code: 189ms)
 GET /api/auth/get-session 200 in 60ms (next.js: 23ms, proxy.ts: 4ms, application-code: 34ms)
 GET /api/auth/organization/list 200 in 77ms (next.js: 30ms, proxy.ts: 4ms, application-code: 43ms)
 GET /support 200 in 149ms (next.js: 6ms, proxy.ts: 6ms, application-code: 138ms)
  ✓  13 [chromium] › e2e/authenticated-rbac.spec.ts:55:9 › authenticated five-role route matrix › owner has only its server-authorized product surface (1.8s)
 GET /dashboard 200 in 111ms (next.js: 9ms, proxy.ts: 1.6ms, application-code: 100ms)
 GET /api/auth/get-session 200 in 133ms (next.js: 23ms, proxy.ts: 28ms, application-code: 82ms)
 GET /api/auth/organization/list 200 in 217ms (next.js: 46ms, proxy.ts: 25ms, application-code: 146ms)
 GET /settings 200 in 257ms (next.js: 3ms, proxy.ts: 2ms, application-code: 253ms)
 GET /api/auth/get-session 200 in 110ms (next.js: 33ms, proxy.ts: 22ms, application-code: 55ms)
 GET /api/auth/organization/list 200 in 139ms (next.js: 19ms, proxy.ts: 39ms, application-code: 81ms)
 GET /support 200 in 164ms (next.js: 11ms, proxy.ts: 2ms, application-code: 151ms)
 GET /api/auth/get-session 200 in 102ms (next.js: 18ms, proxy.ts: 29ms, application-code: 54ms)
 GET /api/auth/organization/list 200 in 106ms (next.js: 21ms, proxy.ts: 29ms, application-code: 56ms)
 GET /billing 307 in 124ms (next.js: 3ms, proxy.ts: 2ms, application-code: 119ms)
 GET /support?error=You%20no%20longer%20have%20access%20to%20this%20page.%20Choose%20an%20available%20section%20or%20contact%20an%20administrator. 200 in 124ms (next.js: 2.0ms, proxy.ts: 3ms, application-code: 120ms)
  ✓  14 [chromium] › e2e/authenticated-rbac.spec.ts:55:9 › authenticated five-role route matrix › admin has only its server-authorized product surface (1.4s)
 GET /dashboard 200 in 103ms (next.js: 2ms, proxy.ts: 2.0ms, application-code: 99ms)
 GET /api/auth/get-session 200 in 99ms (next.js: 27ms, proxy.ts: 31ms, application-code: 41ms)
 GET /api/auth/organization/list 200 in 126ms (next.js: 46ms, proxy.ts: 30ms, application-code: 50ms)
 GET /tasks 200 in 166ms (next.js: 4ms, proxy.ts: 3ms, application-code: 159ms)
 GET /api/auth/get-session 200 in 86ms (next.js: 14ms, proxy.ts: 24ms, application-code: 49ms)
 GET /api/auth/organization/list 200 in 83ms (next.js: 28ms, proxy.ts: 22ms, application-code: 33ms)
 GET /support 200 in 142ms (next.js: 2ms, proxy.ts: 2ms, application-code: 137ms)
 GET /api/auth/get-session 200 in 117ms (next.js: 20ms, proxy.ts: 27ms, application-code: 70ms)
 GET /api/auth/organization/list 200 in 115ms (next.js: 30ms, proxy.ts: 25ms, application-code: 61ms)
 GET /settings 307 in 145ms (next.js: 2ms, proxy.ts: 3ms, application-code: 141ms)
 GET /support?error=You%20no%20longer%20have%20access%20to%20this%20page.%20Choose%20an%20available%20section%20or%20contact%20an%20administrator. 200 in 109ms (next.js: 2ms, proxy.ts: 3ms, application-code: 104ms)
 GET /api/auth/get-session 200 in 104ms (next.js: 36ms, proxy.ts: 24ms, application-code: 44ms)
 GET /api/auth/organization/list 200 in 102ms (next.js: 54ms, proxy.ts: 32ms, application-code: 16ms)
 GET /billing 307 in 125ms (next.js: 1.9ms, proxy.ts: 1.7ms, application-code: 121ms)
 GET /support?error=You%20no%20longer%20have%20access%20to%20this%20page.%20Choose%20an%20available%20section%20or%20contact%20an%20administrator. 200 in 121ms (next.js: 2ms, proxy.ts: 3ms, application-code: 116ms)
  ✓  15 [chromium] › e2e/authenticated-rbac.spec.ts:55:9 › authenticated five-role route matrix › strategist has only its server-authorized product surface (1.7s)
 GET /dashboard 200 in 99ms (next.js: 2ms, proxy.ts: 2ms, application-code: 95ms)
 GET /api/auth/get-session 200 in 99ms (next.js: 24ms, proxy.ts: 26ms, application-code: 49ms)
 GET /api/auth/organization/list 200 in 137ms (next.js: 32ms, proxy.ts: 23ms, application-code: 81ms)
 GET /reports 200 in 177ms (next.js: 4ms, proxy.ts: 2ms, application-code: 171ms)
 GET /api/auth/get-session 200 in 89ms (next.js: 14ms, proxy.ts: 25ms, application-code: 51ms)
 GET /api/auth/organization/list 200 in 114ms (next.js: 28ms, proxy.ts: 23ms, application-code: 63ms)
 GET /support 200 in 145ms (next.js: 2ms, proxy.ts: 1.8ms, application-code: 141ms)
 GET /api/auth/get-session 200 in 105ms (next.js: 20ms, proxy.ts: 27ms, application-code: 58ms)
 GET /api/auth/organization/list 200 in 102ms (next.js: 28ms, proxy.ts: 24ms, application-code: 50ms)
 GET /settings 307 in 129ms (next.js: 1.8ms, proxy.ts: 4ms, application-code: 123ms)
 GET /support?error=You%20no%20longer%20have%20access%20to%20this%20page.%20Choose%20an%20available%20section%20or%20contact%20an%20administrator. 200 in 105ms (next.js: 1.9ms, proxy.ts: 1.9ms, application-code: 101ms)
 GET /api/auth/get-session 200 in 106ms (next.js: 26ms, proxy.ts: 26ms, application-code: 54ms)
 GET /api/auth/organization/list 200 in 103ms (next.js: 29ms, proxy.ts: 30ms, application-code: 45ms)
 GET /billing 307 in 133ms (next.js: 3ms, proxy.ts: 3ms, application-code: 127ms)
 GET /support?error=You%20no%20longer%20have%20access%20to%20this%20page.%20Choose%20an%20available%20section%20or%20contact%20an%20administrator. 200 in 119ms (next.js: 2ms, proxy.ts: 3ms, application-code: 114ms)
  ✓  16 [chromium] › e2e/authenticated-rbac.spec.ts:55:9 › authenticated five-role route matrix › analyst has only its server-authorized product surface (1.7s)
 GET /support 200 in 90ms (next.js: 1.8ms, proxy.ts: 1.9ms, application-code: 86ms)
 GET /api/auth/get-session 200 in 63ms (next.js: 41ms, proxy.ts: 3ms, application-code: 19ms)
 GET /api/auth/organization/list 200 in 84ms (next.js: 44ms, proxy.ts: 4ms, application-code: 36ms)
 GET /dashboard 307 in 99ms (next.js: 4ms, proxy.ts: 3ms, application-code: 93ms)
 GET /support?error=You%20no%20longer%20have%20access%20to%20this%20page.%20Choose%20an%20available%20section%20or%20contact%20an%20administrator. 200 in 90ms (next.js: 1.8ms, proxy.ts: 2ms, application-code: 86ms)
 GET /api/auth/get-session 200 in 75ms (next.js: 48ms, proxy.ts: 3ms, application-code: 24ms)
 GET /api/auth/organization/list 200 in 101ms (next.js: 55ms, proxy.ts: 4ms, application-code: 43ms)
 GET /settings 307 in 106ms (next.js: 4ms, proxy.ts: 3ms, application-code: 99ms)
 GET /support?error=You%20no%20longer%20have%20access%20to%20this%20page.%20Choose%20an%20available%20section%20or%20contact%20an%20administrator. 200 in 91ms (next.js: 2ms, proxy.ts: 2.0ms, application-code: 87ms)
 GET /api/auth/get-session 200 in 68ms (next.js: 44ms, proxy.ts: 3ms, application-code: 21ms)
 GET /api/auth/organization/list 200 in 94ms (next.js: 49ms, proxy.ts: 4ms, application-code: 41ms)
 GET /billing 307 in 98ms (next.js: 4ms, proxy.ts: 3ms, application-code: 91ms)
 GET /support?error=You%20no%20longer%20have%20access%20to%20this%20page.%20Choose%20an%20available%20section%20or%20contact%20an%20administrator. 200 in 91ms (next.js: 1.8ms, proxy.ts: 1.9ms, application-code: 87ms)
  ✓  17 [chromium] › e2e/authenticated-rbac.spec.ts:55:9 › authenticated five-role route matrix › client has only its server-authorized product surface (1.3s)
 GET /api/exports/80000000-0000-4000-8000-000000000003 404 in 769ms (next.js: 745ms, proxy.ts: 1.6ms, application-code: 23ms)
  ✓  18 [chromium] › e2e/authenticated-rbac.spec.ts:75:9 › authenticated five-role route matrix › owner cannot cross the direct export API boundary (1.1s)
 GET /api/exports/80000000-0000-4000-8000-000000000003 403 in 12ms (next.js: 3ms, proxy.ts: 1.7ms, application-code: 7ms)
  ✓  19 [chromium] › e2e/authenticated-rbac.spec.ts:75:9 › authenticated five-role route matrix › admin cannot cross the direct export API boundary (50ms)
 GET /api/exports/80000000-0000-4000-8000-000000000003 403 in 12ms (next.js: 2ms, proxy.ts: 3ms, application-code: 7ms)
  ✓  20 [chromium] › e2e/authenticated-rbac.spec.ts:75:9 › authenticated five-role route matrix › strategist cannot cross the direct export API boundary (56ms)
 GET /api/exports/80000000-0000-4000-8000-000000000003 403 in 11ms (next.js: 2ms, proxy.ts: 1.7ms, application-code: 7ms)
  ✓  21 [chromium] › e2e/authenticated-rbac.spec.ts:75:9 › authenticated five-role route matrix › analyst cannot cross the direct export API boundary (49ms)
 GET /api/exports/80000000-0000-4000-8000-000000000003 403 in 10ms (next.js: 3ms, proxy.ts: 1.6ms, application-code: 6ms)
  ✓  22 [chromium] › e2e/authenticated-rbac.spec.ts:75:9 › authenticated five-role route matrix › client cannot cross the direct export API boundary (47ms)
 GET /settings 200 in 212ms (next.js: 1.9ms, proxy.ts: 1.8ms, application-code: 208ms)
 GET /api/auth/get-session 200 in 19ms (next.js: 5ms, proxy.ts: 3ms, application-code: 11ms)
 GET /api/auth/organization/list 200 in 21ms (next.js: 9ms, proxy.ts: 3ms, application-code: 10ms)
 POST /settings 200 in 59ms (next.js: 2ms, proxy.ts: 2ms, application-code: 54ms)
  └─ ƒ updateWorkspaceLocale({}) in 10ms src/app/actions.ts
 GET /settings?notice=Workspace+language+updated. 200 in 97ms (next.js: 2ms, proxy.ts: 1.7ms, application-code: 93ms)
 GET /settings?notice=Workspace+language+updated. 200 in 83ms (next.js: 1.7ms, proxy.ts: 1.4ms, application-code: 80ms)
 POST /settings 200 in 142ms (next.js: 12ms, proxy.ts: 15ms, application-code: 115ms)
  └─ ƒ updateWorkspaceLocale({}) in 28ms src/app/actions.ts
 GET /settings?notice=Workspace+language+updated. 200 in 84ms (next.js: 1.5ms, proxy.ts: 1.2ms, application-code: 81ms)
 POST /settings 200 in 99ms (next.js: 1.6ms, proxy.ts: 1.7ms, application-code: 96ms)
  └─ ƒ updateWorkspaceLocale({}) in 8ms src/app/actions.ts
 GET /settings?error=Permission+required%3A+workspace%3Aadmin 200 in 41ms (next.js: 1.7ms, proxy.ts: 1.4ms, application-code: 37ms)
 POST /settings 200 in 53ms (next.js: 2ms, proxy.ts: 1.7ms, application-code: 49ms)
  └─ ƒ updateWorkspaceLocale({}) in 5ms src/app/actions.ts
 GET /settings?error=Permission+required%3A+workspace%3Aadmin 200 in 42ms (next.js: 1.6ms, proxy.ts: 1.5ms, application-code: 39ms)
 POST /settings 200 in 55ms (next.js: 2ms, proxy.ts: 1.9ms, application-code: 51ms)
  └─ ƒ updateWorkspaceLocale({}) in 4ms src/app/actions.ts
 GET /settings?error=Permission+required%3A+workspace%3Aadmin 200 in 48ms (next.js: 1.8ms, proxy.ts: 1.4ms, application-code: 45ms)
 POST /settings 200 in 61ms (next.js: 2ms, proxy.ts: 1.7ms, application-code: 57ms)
  └─ ƒ updateWorkspaceLocale({}) in 5ms src/app/actions.ts
  ✓  23 [chromium] › e2e/authenticated-rbac.spec.ts:93:7 › authenticated Server Action authorization matrix › re-authorizes workspace administration for every session (1.1s)
 GET /dashboard?client=80000000-0000-4000-8000-000000000092 200 in 176ms (next.js: 2ms, proxy.ts: 1.6ms, application-code: 172ms)
 GET /api/auth/get-session 200 in 19ms (next.js: 5ms, proxy.ts: 3ms, application-code: 11ms)
 GET /api/auth/organization/list 200 in 21ms (next.js: 8ms, proxy.ts: 3ms, application-code: 10ms)
 POST /dashboard?client=80000000-0000-4000-8000-000000000092 200 in 262ms (next.js: 2ms, proxy.ts: 2ms, application-code: 257ms)
  └─ ƒ setCookieConsent({}) in 1ms src/app/preferences-actions.ts
 GET /dashboard?client=80000000-0000-4000-8000-000000000092 200 in 246ms (next.js: 8ms, proxy.ts: 15ms, application-code: 223ms)
 GET /api/auth/get-session 200 in 75ms (next.js: 45ms, proxy.ts: 4ms, application-code: 26ms)
 GET /api/auth/organization/list 200 in 118ms (next.js: 48ms, proxy.ts: 4ms, application-code: 66ms)
 GET /dashboard?client=80000000-0000-4000-8000-000000000092 200 in 226ms (next.js: 6ms, proxy.ts: 4ms, application-code: 217ms)
 GET /api/auth/get-session 200 in 66ms (next.js: 42ms, proxy.ts: 3ms, application-code: 20ms)
 GET /api/auth/organization/list 200 in 108ms (next.js: 45ms, proxy.ts: 3ms, application-code: 60ms)
 GET /dashboard?client=80000000-0000-4000-8000-000000000092 200 in 207ms (next.js: 3ms, proxy.ts: 3ms, application-code: 202ms)
 GET /api/auth/get-session 200 in 57ms (next.js: 35ms, proxy.ts: 3ms, application-code: 19ms)
 GET /api/auth/organization/list 200 in 101ms (next.js: 38ms, proxy.ts: 3ms, application-code: 60ms)
 GET /dashboard?client=80000000-0000-4000-8000-000000000092 200 in 178ms (next.js: 3ms, proxy.ts: 3ms, application-code: 172ms)
 GET /api/auth/get-session 200 in 21ms (next.js: 4ms, proxy.ts: 3ms, application-code: 13ms)
 GET /api/auth/organization/list 200 in 23ms (next.js: 8ms, proxy.ts: 3ms, application-code: 12ms)
 GET /dashboard?client=80000000-0000-4000-8000-000000000093 200 in 153ms (next.js: 1.6ms, proxy.ts: 1.8ms, application-code: 149ms)
  ✓  24 [chromium] › e2e/dashboard-health-local.spec.ts:15:53 › qualified cockpit health › counts all alerts and refuses unqualified scores in fr (2.4s)
 GET /dashboard?client=80000000-0000-4000-8000-000000000092 200 in 169ms (next.js: 1.7ms, proxy.ts: 1.8ms, application-code: 166ms)
 GET /api/auth/get-session 200 in 20ms (next.js: 5ms, proxy.ts: 3ms, application-code: 11ms)
 GET /api/auth/organization/list 200 in 21ms (next.js: 9ms, proxy.ts: 4ms, application-code: 9ms)
 POST /dashboard?client=80000000-0000-4000-8000-000000000092 200 in 281ms (next.js: 2ms, proxy.ts: 2ms, application-code: 276ms)
  └─ ƒ setCookieConsent({}) in 2ms src/app/preferences-actions.ts
 GET /dashboard?client=80000000-0000-4000-8000-000000000092 200 in 243ms (next.js: 11ms, proxy.ts: 8ms, application-code: 225ms)
 GET /api/auth/get-session 200 in 65ms (next.js: 38ms, proxy.ts: 3ms, application-code: 24ms)
 GET /api/auth/organization/list 200 in 80ms (next.js: 40ms, proxy.ts: 3ms, application-code: 37ms)
 GET /dashboard?client=80000000-0000-4000-8000-000000000092 200 in 205ms (next.js: 4ms, proxy.ts: 3ms, application-code: 198ms)
 GET /api/auth/get-session 200 in 74ms (next.js: 42ms, proxy.ts: 3ms, application-code: 29ms)
 GET /api/auth/organization/list 200 in 107ms (next.js: 46ms, proxy.ts: 3ms, application-code: 59ms)
 GET /dashboard?client=80000000-0000-4000-8000-000000000092 200 in 207ms (next.js: 3ms, proxy.ts: 3ms, application-code: 202ms)
 GET /api/auth/get-session 200 in 95ms (next.js: 25ms, proxy.ts: 25ms, application-code: 45ms)
 GET /api/auth/organization/list 200 in 95ms (next.js: 46ms, proxy.ts: 25ms, application-code: 24ms)
 GET /dashboard?client=80000000-0000-4000-8000-000000000092 200 in 197ms (next.js: 2ms, proxy.ts: 2ms, application-code: 192ms)
 GET /api/auth/get-session 200 in 19ms (next.js: 5ms, proxy.ts: 3ms, application-code: 11ms)
 GET /api/auth/organization/list 200 in 21ms (next.js: 9ms, proxy.ts: 3ms, application-code: 9ms)
 GET /dashboard?client=80000000-0000-4000-8000-000000000093 200 in 150ms (next.js: 1.9ms, proxy.ts: 1.7ms, application-code: 146ms)
  ✓  25 [chromium] › e2e/dashboard-health-local.spec.ts:15:53 › qualified cockpit health › counts all alerts and refuses unqualified scores in en (2.4s)
 POST /api/auth/organization/set-active 200 in 11ms (next.js: 1.9ms, proxy.ts: 1.8ms, application-code: 7ms)
 GET /settings 200 in 213ms (next.js: 1.8ms, proxy.ts: 2ms, application-code: 209ms)
 GET /api/auth/get-session 200 in 17ms (next.js: 4ms, proxy.ts: 3ms, application-code: 10ms)
 GET /api/auth/organization/list 200 in 17ms (next.js: 7ms, proxy.ts: 2ms, application-code: 8ms)
 POST /api/auth/organization/set-active 200 in 12ms (next.js: 3ms, proxy.ts: 2ms, application-code: 7ms)
 GET /settings?error=L%E2%80%99espace+actif+a+chang%C3%A9.+Rechargez+la+page+avant+d%E2%80%99enregistrer. 200 in 96ms (next.js: 1.9ms, proxy.ts: 1.9ms, application-code: 93ms)
 POST /settings 200 in 112ms (next.js: 2ms, proxy.ts: 2ms, application-code: 107ms)
  └─ ƒ createWorkspaceDomain({}) in 6ms src/app/domain-actions.ts
 GET /settings?notice=Domaine+enregistr%C3%A9.+Publiez+le+TXT+r%C3%A9v%C3%A9l%C3%A9+avant+de+v%C3%A9rifier.&reveal=domain-dns&revealId=64ba48f8-a2f9-4277-83cc-a02856270edc 200 in 85ms (next.js: 1.9ms, proxy.ts: 2ms, application-code: 81ms)
 POST /settings?error=L%E2%80%99espace%20actif%20a%20chang%C3%A9.%20Rechargez%20la%20page%20avant%20d%E2%80%99enregistrer. 200 in 110ms (next.js: 2ms, proxy.ts: 2ms, application-code: 105ms)
  └─ ƒ createWorkspaceDomain({}) in 15ms src/app/domain-actions.ts
 POST /api/auth/organization/set-active 200 in 11ms (next.js: 2.0ms, proxy.ts: 2ms, application-code: 7ms)
 GET /settings 200 in 209ms (next.js: 1.8ms, proxy.ts: 1.6ms, application-code: 205ms)
 POST /api/auth/organization/set-active 200 in 18ms (next.js: 3ms, proxy.ts: 2.0ms, application-code: 12ms)
 GET /api/auth/get-session 200 in 31ms (next.js: 5ms, proxy.ts: 3ms, application-code: 22ms)
 GET /api/auth/organization/list 200 in 33ms (next.js: 8ms, proxy.ts: 4ms, application-code: 21ms)
 GET /settings?error=L%E2%80%99espace+actif+a+chang%C3%A9.+Rechargez+la+page+avant+d%E2%80%99enregistrer. 200 in 93ms (next.js: 2ms, proxy.ts: 1.7ms, application-code: 89ms)
 POST /settings 200 in 108ms (next.js: 2ms, proxy.ts: 2ms, application-code: 103ms)
  └─ ƒ verifyWorkspaceDomain({}) in 5ms src/app/domain-actions.ts
 POST /api/auth/organization/set-active 200 in 12ms (next.js: 1.9ms, proxy.ts: 2ms, application-code: 8ms)
 GET /settings 200 in 189ms (next.js: 1.8ms, proxy.ts: 1.4ms, application-code: 185ms)
 POST /api/auth/organization/set-active 200 in 17ms (next.js: 4ms, proxy.ts: 1.9ms, application-code: 12ms)
 GET /api/auth/get-session 200 in 20ms (next.js: 5ms, proxy.ts: 3ms, application-code: 12ms)
 GET /api/auth/organization/list 200 in 22ms (next.js: 8ms, proxy.ts: 3ms, application-code: 10ms)
 GET /settings?error=L%E2%80%99espace+actif+a+chang%C3%A9.+Rechargez+la+page+avant+d%E2%80%99enregistrer. 200 in 102ms (next.js: 3ms, proxy.ts: 4ms, application-code: 96ms)
 POST /settings 200 in 131ms (next.js: 3ms, proxy.ts: 14ms, application-code: 114ms)
  └─ ƒ revokeWorkspaceDomain({}) in 6ms src/app/domain-actions.ts
 POST /api/auth/organization/set-active 200 in 11ms (next.js: 2ms, proxy.ts: 1.7ms, application-code: 7ms)
 GET /settings 200 in 182ms (next.js: 1.6ms, proxy.ts: 1.3ms, application-code: 179ms)
 GET /api/auth/get-session 200 in 17ms (next.js: 3ms, proxy.ts: 3ms, application-code: 12ms)
 GET /api/auth/organization/list 200 in 19ms (next.js: 7ms, proxy.ts: 2ms, application-code: 10ms)
 GET /settings?error=Op%C3%A9ration+du+domaine+non+finalis%C3%A9e.+R%C3%A9essayez+ou+contactez+le+support. 200 in 85ms (next.js: 1.6ms, proxy.ts: 1.7ms, application-code: 82ms)
 POST /settings 200 in 104ms (next.js: 2ms, proxy.ts: 2ms, application-code: 99ms)
  └─ ƒ revokeWorkspaceDomain({}) in 9ms src/app/domain-actions.ts
 POST /api/auth/organization/set-active 200 in 14ms (next.js: 4ms, proxy.ts: 2ms, application-code: 8ms)
  ✓  26 [chromium] › e2e/domain-forms-local.spec.ts:6:7 › custom domain fr binds all forms to their workspace and permits removal after downgrade (3.0s)
 POST /api/auth/organization/set-active 200 in 9ms (next.js: 2.0ms, proxy.ts: 1.7ms, application-code: 6ms)
 GET /settings 200 in 209ms (next.js: 2ms, proxy.ts: 1.9ms, application-code: 205ms)
 GET /api/auth/get-session 200 in 15ms (next.js: 3ms, proxy.ts: 2ms, application-code: 9ms)
 GET /api/auth/organization/list 200 in 16ms (next.js: 6ms, proxy.ts: 2ms, application-code: 8ms)
 POST /api/auth/organization/set-active 200 in 19ms (next.js: 3ms, proxy.ts: 3ms, application-code: 14ms)
 GET /settings?error=L%E2%80%99espace+actif+a+chang%C3%A9.+Rechargez+la+page+avant+d%E2%80%99enregistrer. 200 in 83ms (next.js: 1.7ms, proxy.ts: 1.6ms, application-code: 80ms)
 POST /settings 200 in 97ms (next.js: 1.9ms, proxy.ts: 2ms, application-code: 93ms)
  └─ ƒ createWorkspaceDomain({}) in 5ms src/app/domain-actions.ts
 GET /settings?notice=Domaine+enregistr%C3%A9.+Publiez+le+TXT+r%C3%A9v%C3%A9l%C3%A9+avant+de+v%C3%A9rifier.&reveal=domain-dns&revealId=6f1ba8a8-0c03-4127-9ae4-954f0c535515 200 in 83ms (next.js: 1.7ms, proxy.ts: 1.4ms, application-code: 80ms)
 POST /settings?error=L%E2%80%99espace%20actif%20a%20chang%C3%A9.%20Rechargez%20la%20page%20avant%20d%E2%80%99enregistrer. 200 in 103ms (next.js: 2ms, proxy.ts: 2ms, application-code: 98ms)
  └─ ƒ createWorkspaceDomain({}) in 10ms src/app/domain-actions.ts
 POST /api/auth/organization/set-active 200 in 12ms (next.js: 3ms, proxy.ts: 1.9ms, application-code: 7ms)
 GET /settings 200 in 197ms (next.js: 1.6ms, proxy.ts: 1.3ms, application-code: 195ms)
 POST /api/auth/organization/set-active 200 in 16ms (next.js: 2ms, proxy.ts: 2ms, application-code: 11ms)
 GET /api/auth/get-session 200 in 17ms (next.js: 4ms, proxy.ts: 3ms, application-code: 10ms)
 GET /api/auth/organization/list 200 in 19ms (next.js: 7ms, proxy.ts: 3ms, application-code: 8ms)
 GET /settings?error=L%E2%80%99espace+actif+a+chang%C3%A9.+Rechargez+la+page+avant+d%E2%80%99enregistrer. 200 in 102ms (next.js: 2ms, proxy.ts: 3ms, application-code: 97ms)
 POST /settings 200 in 119ms (next.js: 2ms, proxy.ts: 2ms, application-code: 115ms)
  └─ ƒ verifyWorkspaceDomain({}) in 8ms src/app/domain-actions.ts
 POST /api/auth/organization/set-active 200 in 19ms (next.js: 2ms, proxy.ts: 2ms, application-code: 15ms)
 GET /settings 200 in 183ms (next.js: 2ms, proxy.ts: 1.5ms, application-code: 179ms)
 POST /api/auth/organization/set-active 200 in 18ms (next.js: 4ms, proxy.ts: 2ms, application-code: 12ms)
 GET /api/auth/get-session 200 in 18ms (next.js: 5ms, proxy.ts: 3ms, application-code: 10ms)
 GET /api/auth/organization/list 200 in 20ms (next.js: 8ms, proxy.ts: 3ms, application-code: 9ms)
 GET /settings?error=L%E2%80%99espace+actif+a+chang%C3%A9.+Rechargez+la+page+avant+d%E2%80%99enregistrer. 200 in 94ms (next.js: 2.0ms, proxy.ts: 3ms, application-code: 89ms)
 POST /settings 200 in 112ms (next.js: 2ms, proxy.ts: 2ms, application-code: 107ms)
  └─ ƒ revokeWorkspaceDomain({}) in 7ms src/app/domain-actions.ts
 POST /api/auth/organization/set-active 200 in 12ms (next.js: 2ms, proxy.ts: 2.0ms, application-code: 7ms)
 GET /settings 200 in 208ms (next.js: 9ms, proxy.ts: 1.5ms, application-code: 197ms)
 GET /api/auth/get-session 200 in 20ms (next.js: 5ms, proxy.ts: 3ms, application-code: 12ms)
 GET /api/auth/organization/list 200 in 21ms (next.js: 9ms, proxy.ts: 3ms, application-code: 10ms)
 GET /settings?error=Op%C3%A9ration+du+domaine+non+finalis%C3%A9e.+R%C3%A9essayez+ou+contactez+le+support. 200 in 93ms (next.js: 2ms, proxy.ts: 2.0ms, application-code: 89ms)
 POST /settings 200 in 118ms (next.js: 2ms, proxy.ts: 3ms, application-code: 113ms)
  └─ ƒ revokeWorkspaceDomain({}) in 14ms src/app/domain-actions.ts
 POST /api/auth/organization/set-active 200 in 15ms (next.js: 3ms, proxy.ts: 2ms, application-code: 9ms)
  ✓  27 [chromium] › e2e/domain-forms-local.spec.ts:6:7 › custom domain en binds all forms to their workspace and permits removal after downgrade (3.0s)
 POST /api/auth/organization/set-active 200 in 10ms (next.js: 2ms, proxy.ts: 1.7ms, application-code: 6ms)
 GET /getting-started 200 in 176ms (next.js: 22ms, proxy.ts: 1.7ms, application-code: 152ms)
 GET /api/auth/get-session 200 in 31ms (next.js: 5ms, proxy.ts: 2ms, application-code: 24ms)
 GET /api/auth/organization/list 200 in 32ms (next.js: 10ms, proxy.ts: 2ms, application-code: 20ms)
 GET /getting-started 200 in 154ms (next.js: 5ms, proxy.ts: 13ms, application-code: 135ms)
 GET /api/auth/get-session 200 in 18ms (next.js: 8ms, proxy.ts: 3ms, application-code: 8ms)
 GET /api/auth/organization/list 200 in 20ms (next.js: 3ms, proxy.ts: 3ms, application-code: 14ms)
 GET /getting-started 200 in 161ms (next.js: 2.0ms, proxy.ts: 3ms, application-code: 156ms)
 GET /api/auth/get-session 200 in 21ms (next.js: 5ms, proxy.ts: 2ms, application-code: 14ms)
 GET /api/auth/organization/list 200 in 26ms (next.js: 8ms, proxy.ts: 2ms, application-code: 15ms)
 GET /getting-started 200 in 161ms (next.js: 4ms, proxy.ts: 5ms, application-code: 152ms)
 GET /api/auth/get-session 200 in 16ms (next.js: 3ms, proxy.ts: 3ms, application-code: 10ms)
 GET /api/auth/organization/list 200 in 17ms (next.js: 6ms, proxy.ts: 2ms, application-code: 9ms)
 GET /getting-started 200 in 130ms (next.js: 1.8ms, proxy.ts: 1.5ms, application-code: 126ms)
 GET /api/auth/get-session 200 in 20ms (next.js: 6ms, proxy.ts: 3ms, application-code: 12ms)
 GET /api/auth/organization/list 200 in 22ms (next.js: 10ms, proxy.ts: 3ms, application-code: 9ms)
 GET /getting-started 200 in 128ms (next.js: 1.7ms, proxy.ts: 1.5ms, application-code: 124ms)
  ✓  28 [chromium] › e2e/getting-started-local.spec.ts:6:7 › guided setup fr requires selected accounts and qualified milestones (2.1s)
 POST /api/auth/organization/set-active 200 in 11ms (next.js: 1.9ms, proxy.ts: 1.7ms, application-code: 7ms)
 GET /getting-started 200 in 150ms (next.js: 2ms, proxy.ts: 3ms, application-code: 145ms)
 GET /api/auth/get-session 200 in 21ms (next.js: 5ms, proxy.ts: 2ms, application-code: 14ms)
 GET /api/auth/organization/list 200 in 29ms (next.js: 10ms, proxy.ts: 2ms, application-code: 17ms)
 GET /getting-started 200 in 150ms (next.js: 3ms, proxy.ts: 5ms, application-code: 142ms)
 GET /api/auth/get-session 200 in 17ms (next.js: 3ms, proxy.ts: 2ms, application-code: 11ms)
 GET /api/auth/organization/list 200 in 26ms (next.js: 7ms, proxy.ts: 2ms, application-code: 16ms)
 GET /getting-started 200 in 142ms (next.js: 2ms, proxy.ts: 4ms, application-code: 136ms)
 GET /api/auth/get-session 200 in 27ms (next.js: 7ms, proxy.ts: 3ms, application-code: 17ms)
 GET /api/auth/organization/list 200 in 34ms (next.js: 12ms, proxy.ts: 3ms, application-code: 19ms)
 GET /getting-started 200 in 149ms (next.js: 2ms, proxy.ts: 6ms, application-code: 140ms)
 GET /api/auth/get-session 200 in 25ms (next.js: 12ms, proxy.ts: 2ms, application-code: 10ms)
 GET /api/auth/organization/list 200 in 26ms (next.js: 7ms, proxy.ts: 10ms, application-code: 9ms)
 GET /getting-started 200 in 133ms (next.js: 1.8ms, proxy.ts: 2ms, application-code: 128ms)
 GET /api/auth/get-session 200 in 19ms (next.js: 5ms, proxy.ts: 2ms, application-code: 12ms)
 GET /api/auth/organization/list 200 in 28ms (next.js: 9ms, proxy.ts: 2ms, application-code: 16ms)
 GET /getting-started 200 in 122ms (next.js: 2ms, proxy.ts: 2.0ms, application-code: 118ms)
  ✓  29 [chromium] › e2e/getting-started-local.spec.ts:6:7 › guided setup en requires selected accounts and qualified milestones (2.1s)
 GET /settings 200 in 207ms (next.js: 3ms, proxy.ts: 1.8ms, application-code: 203ms)
 GET /api/auth/get-session 200 in 25ms (next.js: 5ms, proxy.ts: 3ms, application-code: 17ms)
 GET /api/auth/organization/list 200 in 27ms (next.js: 14ms, proxy.ts: 3ms, application-code: 9ms)
 GET /settings?notice=Pr%C3%A9f%C3%A9rences+personnelles+de+t%C3%A2ches+enregistr%C3%A9es. 200 in 88ms (next.js: 1.7ms, proxy.ts: 1.8ms, application-code: 84ms)
 POST /settings 200 in 114ms (next.js: 2ms, proxy.ts: 3ms, application-code: 109ms)
  └─ ƒ updateMyTaskNotificationPreferences({}) in 14ms src/app/actions.ts
 GET /settings?notice=Pr%C3%A9f%C3%A9rences%20personnelles%20de%20t%C3%A2ches%20enregistr%C3%A9es. 200 in 210ms (next.js: 1.9ms, proxy.ts: 1.8ms, application-code: 207ms)
 GET /api/auth/get-session 200 in 19ms (next.js: 5ms, proxy.ts: 3ms, application-code: 11ms)
 GET /api/auth/organization/list 200 in 22ms (next.js: 9ms, proxy.ts: 3ms, application-code: 10ms)
 GET /settings?error=Workspace+access+state+does+not+allow%3A+workspace%3Aread 200 in 44ms (next.js: 2ms, proxy.ts: 1.8ms, application-code: 40ms)
 POST /settings?notice=Pr%C3%A9f%C3%A9rences%20personnelles%20de%20t%C3%A2ches%20enregistr%C3%A9es. 200 in 67ms (next.js: 2ms, proxy.ts: 3ms, application-code: 62ms)
  └─ ƒ updateMyTaskNotificationPreferences({}) in 13ms src/app/actions.ts
 GET /support?notice=Votre+acc%C3%A8s+actuel+est+limit%C3%A9+%C3%A0+la+facturation+et+aux+donn%C3%A9es+stock%C3%A9es. 200 in 61ms (next.js: 4ms, proxy.ts: 3ms, application-code: 55ms)
 GET /support?notice=Votre+acc%C3%A8s+actuel+est+limit%C3%A9+%C3%A0+la+facturation+et+aux+donn%C3%A9es+stock%C3%A9es. 200 in 45ms (next.js: 4ms, proxy.ts: 5ms, application-code: 36ms)
  ✓  30 [chromium] › e2e/member-preferences-local.spec.ts:6:7 › member preferences fr persist personal settings and refuse a stale grace form (1.5s)
 GET /settings 200 in 205ms (next.js: 1.8ms, proxy.ts: 2.0ms, application-code: 202ms)
 GET /api/auth/get-session 200 in 34ms (next.js: 5ms, proxy.ts: 3ms, application-code: 26ms)
 GET /api/auth/organization/list 200 in 36ms (next.js: 9ms, proxy.ts: 3ms, application-code: 24ms)
 GET /settings?notice=Pr%C3%A9f%C3%A9rences+personnelles+de+t%C3%A2ches+enregistr%C3%A9es. 200 in 84ms (next.js: 1.7ms, proxy.ts: 1.7ms, application-code: 80ms)
 POST /settings 200 in 104ms (next.js: 2ms, proxy.ts: 2ms, application-code: 100ms)
  └─ ƒ updateMyTaskNotificationPreferences({}) in 11ms src/app/actions.ts
 GET /settings?notice=Pr%C3%A9f%C3%A9rences%20personnelles%20de%20t%C3%A2ches%20enregistr%C3%A9es. 200 in 204ms (next.js: 1.8ms, proxy.ts: 2.0ms, application-code: 201ms)
 GET /api/auth/get-session 200 in 18ms (next.js: 5ms, proxy.ts: 2ms, application-code: 11ms)
 GET /api/auth/organization/list 200 in 22ms (next.js: 8ms, proxy.ts: 3ms, application-code: 12ms)
 GET /settings?error=Workspace+access+state+does+not+allow%3A+workspace%3Aread 200 in 54ms (next.js: 1.9ms, proxy.ts: 1.8ms, application-code: 50ms)
 POST /settings?notice=Pr%C3%A9f%C3%A9rences%20personnelles%20de%20t%C3%A2ches%20enregistr%C3%A9es. 200 in 70ms (next.js: 2ms, proxy.ts: 1.9ms, application-code: 66ms)
  └─ ƒ updateMyTaskNotificationPreferences({}) in 6ms src/app/actions.ts
 GET /support?notice=Your+current+access+is+limited+to+billing+and+stored+data. 200 in 68ms (next.js: 2ms, proxy.ts: 2ms, application-code: 64ms)
 GET /support?notice=Your+current+access+is+limited+to+billing+and+stored+data. 200 in 50ms (next.js: 5ms, proxy.ts: 4ms, application-code: 41ms)
  ✓  31 [chromium] › e2e/member-preferences-local.spec.ts:6:7 › member preferences en persist personal settings and refuse a stale grace form (1.6s)
 GET /agents 200 in 160ms (next.js: 4ms, proxy.ts: 1.6ms, application-code: 154ms)
 GET /api/auth/get-session 200 in 17ms (next.js: 5ms, proxy.ts: 3ms, application-code: 10ms)
 GET /api/auth/organization/list 200 in 19ms (next.js: 9ms, proxy.ts: 2ms, application-code: 8ms)
 GET /agents?notice=Vigie+activ%C3%A9e.+Elle+sera+ex%C3%A9cut%C3%A9e+chaque+jour. 200 in 78ms (next.js: 2.0ms, proxy.ts: 1.9ms, application-code: 74ms)
 POST /agents 200 in 99ms (next.js: 2ms, proxy.ts: 2ms, application-code: 95ms)
  └─ ƒ createMonitoringAgent({}) in 12ms src/app/actions.ts
 GET /agents?notice=Vigie+mise+en+pause. 200 in 67ms (next.js: 1.7ms, proxy.ts: 1.6ms, application-code: 64ms)
 POST /agents?notice=Vigie%20activ%C3%A9e.%20Elle%20sera%20ex%C3%A9cut%C3%A9e%20chaque%20jour. 200 in 85ms (next.js: 2ms, proxy.ts: 3ms, application-code: 81ms)
  └─ ƒ toggleMonitoringAgent({}) in 9ms src/app/actions.ts
 GET /agents?notice=Vigie+activ%C3%A9e. 200 in 81ms (next.js: 2ms, proxy.ts: 2ms, application-code: 76ms)
 POST /agents?notice=Vigie%20mise%20en%20pause. 200 in 102ms (next.js: 1.9ms, proxy.ts: 2ms, application-code: 97ms)
  └─ ƒ toggleMonitoringAgent({}) in 11ms src/app/actions.ts
 GET /alerts?notice=Analyse+planifi%C3%A9e.+Les+signalements+seront+actualis%C3%A9s+apr%C3%A8s+son+traitement. 200 in 53ms (next.js: 3ms, proxy.ts: 1.5ms, application-code: 48ms)
 POST /agents?notice=Vigie%20activ%C3%A9e. 200 in 70ms (next.js: 2ms, proxy.ts: 1.9ms, application-code: 66ms)
  └─ ƒ runMonitoringScan({}) in 8ms src/app/actions.ts
 GET /alerts?id=9eb5c351-d522-4a16-8800-9fdf0c02c506 200 in 125ms (next.js: 2ms, proxy.ts: 1.6ms, application-code: 121ms)
 GET /api/auth/get-session 200 in 18ms (next.js: 5ms, proxy.ts: 3ms, application-code: 11ms)
 GET /api/auth/organization/list 200 in 20ms (next.js: 8ms, proxy.ts: 3ms, application-code: 10ms)
 GET /alerts?notice=Workflow+de+l%E2%80%99alerte+mis+%C3%A0+jour.&id=9eb5c351-d522-4a16-8800-9fdf0c02c506 200 in 68ms (next.js: 1.7ms, proxy.ts: 1.5ms, application-code: 65ms)
 POST /alerts?id=9eb5c351-d522-4a16-8800-9fdf0c02c506 200 in 86ms (next.js: 1.8ms, proxy.ts: 2ms, application-code: 82ms)
  └─ ƒ updateAlertWorkflow({}) in 10ms src/app/actions.ts
 GET /alerts?notice=Workflow+de+l%E2%80%99alerte+mis+%C3%A0+jour.&id=9eb5c351-d522-4a16-8800-9fdf0c02c506 200 in 54ms (next.js: 1.8ms, proxy.ts: 1.4ms, application-code: 51ms)
 POST /alerts?notice=Workflow%20de%20l%E2%80%99alerte%20mis%20%C3%A0%20jour.&id=9eb5c351-d522-4a16-8800-9fdf0c02c506 200 in 70ms (next.js: 1.7ms, proxy.ts: 2ms, application-code: 66ms)
  └─ ƒ updateAlertWorkflow({}) in 6ms src/app/actions.ts
 GET /alerts?notice=Workflow+de+l%E2%80%99alerte+mis+%C3%A0+jour.&id=9eb5c351-d522-4a16-8800-9fdf0c02c506 200 in 62ms (next.js: 1.9ms, proxy.ts: 1.9ms, application-code: 59ms)
 POST /alerts?notice=Workflow%20de%20l%E2%80%99alerte%20mis%20%C3%A0%20jour.&id=9eb5c351-d522-4a16-8800-9fdf0c02c506 200 in 80ms (next.js: 1.8ms, proxy.ts: 1.9ms, application-code: 76ms)
  └─ ƒ updateAlertWorkflow({}) in 7ms src/app/actions.ts
 GET /alerts?error=Permission+required%3A+alerts%3Amanage&id=9eb5c351-d522-4a16-8800-9fdf0c02c506 200 in 74ms (next.js: 2ms, proxy.ts: 4ms, application-code: 69ms)
 POST /alerts?notice=Workflow%20de%20l%E2%80%99alerte%20mis%20%C3%A0%20jour.&id=9eb5c351-d522-4a16-8800-9fdf0c02c506 200 in 93ms (next.js: 3ms, proxy.ts: 3ms, application-code: 87ms)
  └─ ƒ updateAlertWorkflow({}) in 6ms src/app/actions.ts
 GET /alerts?error=Permission%20required%3A%20alerts%3Amanage&id=9eb5c351-d522-4a16-8800-9fdf0c02c506 200 in 125ms (next.js: 1.7ms, proxy.ts: 2.0ms, application-code: 121ms)
 GET /api/auth/get-session 200 in 28ms (next.js: 5ms, proxy.ts: 3ms, application-code: 20ms)
 GET /api/auth/organization/list 200 in 30ms (next.js: 12ms, proxy.ts: 3ms, application-code: 15ms)
  ✓  32 [chromium] › e2e/monitoring-actors-local.spec.ts:6:7 › monitoring actor fr preserves authorized controls and rejects a revoked form (2.4s)
 GET /agents 200 in 157ms (next.js: 1.9ms, proxy.ts: 1.6ms, application-code: 153ms)
 GET /api/auth/get-session 200 in 25ms (next.js: 12ms, proxy.ts: 3ms, application-code: 10ms)
 GET /api/auth/organization/list 200 in 26ms (next.js: 6ms, proxy.ts: 3ms, application-code: 17ms)
 GET /agents?notice=Vigie+activ%C3%A9e.+Elle+sera+ex%C3%A9cut%C3%A9e+chaque+jour. 200 in 73ms (next.js: 2ms, proxy.ts: 3ms, application-code: 68ms)
 POST /agents 200 in 94ms (next.js: 2ms, proxy.ts: 3ms, application-code: 89ms)
  └─ ƒ createMonitoringAgent({}) in 10ms src/app/actions.ts
 GET /agents?notice=Vigie+mise+en+pause. 200 in 74ms (next.js: 2ms, proxy.ts: 1.7ms, application-code: 70ms)
 POST /agents?notice=Vigie%20activ%C3%A9e.%20Elle%20sera%20ex%C3%A9cut%C3%A9e%20chaque%20jour. 200 in 92ms (next.js: 2ms, proxy.ts: 2ms, application-code: 87ms)
  └─ ƒ toggleMonitoringAgent({}) in 9ms src/app/actions.ts
 GET /agents?notice=Vigie+activ%C3%A9e. 200 in 63ms (next.js: 1.8ms, proxy.ts: 1.6ms, application-code: 60ms)
 POST /agents?notice=Vigie%20mise%20en%20pause. 200 in 79ms (next.js: 2ms, proxy.ts: 1.9ms, application-code: 75ms)
  └─ ƒ toggleMonitoringAgent({}) in 8ms src/app/actions.ts
 GET /alerts?notice=Analyse+planifi%C3%A9e.+Les+signalements+seront+actualis%C3%A9s+apr%C3%A8s+son+traitement. 200 in 60ms (next.js: 2.0ms, proxy.ts: 2ms, application-code: 56ms)
 POST /agents?notice=Vigie%20activ%C3%A9e. 200 in 75ms (next.js: 2ms, proxy.ts: 2ms, application-code: 71ms)
  └─ ƒ runMonitoringScan({}) in 6ms src/app/actions.ts
 GET /alerts?id=e5920306-ceaa-4dcb-8937-e85a19a95d2c 200 in 122ms (next.js: 2ms, proxy.ts: 1.5ms, application-code: 119ms)
 GET /api/auth/get-session 200 in 29ms (next.js: 7ms, proxy.ts: 4ms, application-code: 18ms)
 GET /api/auth/organization/list 200 in 31ms (next.js: 11ms, proxy.ts: 4ms, application-code: 16ms)
 GET /alerts?notice=Workflow+de+l%E2%80%99alerte+mis+%C3%A0+jour.&id=e5920306-ceaa-4dcb-8937-e85a19a95d2c 200 in 92ms (next.js: 2ms, proxy.ts: 1.5ms, application-code: 89ms)
 POST /alerts?id=e5920306-ceaa-4dcb-8937-e85a19a95d2c 200 in 109ms (next.js: 1.9ms, proxy.ts: 2ms, application-code: 105ms)
  └─ ƒ updateAlertWorkflow({}) in 8ms src/app/actions.ts
 GET /alerts?notice=Workflow+de+l%E2%80%99alerte+mis+%C3%A0+jour.&id=e5920306-ceaa-4dcb-8937-e85a19a95d2c 200 in 111ms (next.js: 2ms, proxy.ts: 2ms, application-code: 107ms)
 POST /alerts?notice=Workflow%20de%20l%E2%80%99alerte%20mis%20%C3%A0%20jour.&id=e5920306-ceaa-4dcb-8937-e85a19a95d2c 200 in 131ms (next.js: 3ms, proxy.ts: 2ms, application-code: 126ms)
  └─ ƒ updateAlertWorkflow({}) in 9ms src/app/actions.ts
 GET /alerts?notice=Workflow+de+l%E2%80%99alerte+mis+%C3%A0+jour.&id=e5920306-ceaa-4dcb-8937-e85a19a95d2c 200 in 63ms (next.js: 1.9ms, proxy.ts: 1.6ms, application-code: 59ms)
 POST /alerts?notice=Workflow%20de%20l%E2%80%99alerte%20mis%20%C3%A0%20jour.&id=e5920306-ceaa-4dcb-8937-e85a19a95d2c 200 in 84ms (next.js: 4ms, proxy.ts: 3ms, application-code: 76ms)
  └─ ƒ updateAlertWorkflow({}) in 8ms src/app/actions.ts
 GET /alerts?error=Permission+required%3A+alerts%3Amanage&id=e5920306-ceaa-4dcb-8937-e85a19a95d2c 200 in 59ms (next.js: 2.0ms, proxy.ts: 1.8ms, application-code: 55ms)
 POST /alerts?notice=Workflow%20de%20l%E2%80%99alerte%20mis%20%C3%A0%20jour.&id=e5920306-ceaa-4dcb-8937-e85a19a95d2c 200 in 74ms (next.js: 2ms, proxy.ts: 2ms, application-code: 70ms)
  └─ ƒ updateAlertWorkflow({}) in 5ms src/app/actions.ts
 GET /alerts?error=Permission%20required%3A%20alerts%3Amanage&id=e5920306-ceaa-4dcb-8937-e85a19a95d2c 200 in 129ms (next.js: 2ms, proxy.ts: 2ms, application-code: 124ms)
 GET /api/auth/get-session 200 in 25ms (next.js: 6ms, proxy.ts: 3ms, application-code: 16ms)
 GET /api/auth/organization/list 200 in 28ms (next.js: 12ms, proxy.ts: 3ms, application-code: 14ms)
  ✓  33 [chromium] › e2e/monitoring-actors-local.spec.ts:6:7 › monitoring actor en preserves authorized controls and rejects a revoked form (2.6s)
 GET /insights/devices?client=80000000-0000-4000-8000-000000000094 200 in 151ms (next.js: 6ms, proxy.ts: 2.0ms, application-code: 144ms)
 GET /api/auth/get-session 200 in 25ms (next.js: 6ms, proxy.ts: 3ms, application-code: 16ms)
 GET /api/auth/organization/list 200 in 27ms (next.js: 12ms, proxy.ts: 3ms, application-code: 11ms)
 GET /tasks 200 in 72ms (next.js: 7ms, proxy.ts: 3ms, application-code: 62ms)
 GET /discussions/tasks/770f9386-c810-4dd2-b068-e26ca0bf9c4a 200 in 510ms (next.js: 407ms, proxy.ts: 1.9ms, application-code: 101ms)
 GET /api/auth/get-session 200 in 22ms (next.js: 7ms, proxy.ts: 3ms, application-code: 11ms)
 GET /api/auth/organization/list 200 in 25ms (next.js: 13ms, proxy.ts: 3ms, application-code: 9ms)
 GET /dashboard 200 in 66ms (next.js: 5ms, proxy.ts: 2ms, application-code: 59ms)
 GET /tasks 200 in 49ms (next.js: 3ms, proxy.ts: 2ms, application-code: 44ms)
 GET /dashboard 200 in 62ms (next.js: 2ms, proxy.ts: 2ms, application-code: 57ms)
 GET /tasks 200 in 51ms (next.js: 2ms, proxy.ts: 2ms, application-code: 46ms)
 GET /dashboard?client=invalid 404 in 124ms (next.js: 3ms, proxy.ts: 3ms, application-code: 118ms)
 GET /dashboard?client= 404 in 103ms (next.js: 1.7ms, proxy.ts: 1.6ms, application-code: 99ms)
 GET /dashboard?client=80000000-0000-4000-8000-000000000095 404 in 101ms (next.js: 1.7ms, proxy.ts: 1.7ms, application-code: 97ms)
 GET /dashboard?client=80000000-0000-4000-8000-000000000094&client=80000000-0000-4000-8000-000000000095 404 in 103ms (next.js: 1.7ms, proxy.ts: 1.7ms, application-code: 100ms)
 GET /analysis?client=invalid 404 in 106ms (next.js: 5ms, proxy.ts: 1.5ms, application-code: 100ms)
 GET /analysis?client= 404 in 104ms (next.js: 2ms, proxy.ts: 1.8ms, application-code: 100ms)
 GET /analysis?client=80000000-0000-4000-8000-000000000095 404 in 99ms (next.js: 1.7ms, proxy.ts: 1.5ms, application-code: 96ms)
 GET /analysis?client=80000000-0000-4000-8000-000000000094&client=80000000-0000-4000-8000-000000000095 404 in 106ms (next.js: 1.7ms, proxy.ts: 1.5ms, application-code: 103ms)
 GET /insights?client=invalid 404 in 127ms (next.js: 3ms, proxy.ts: 1.4ms, application-code: 123ms)
 GET /insights?client= 404 in 101ms (next.js: 2.0ms, proxy.ts: 2ms, application-code: 97ms)
 GET /insights?client=80000000-0000-4000-8000-000000000095 404 in 110ms (next.js: 1.7ms, proxy.ts: 1.6ms, application-code: 107ms)
 GET /insights?client=80000000-0000-4000-8000-000000000094&client=80000000-0000-4000-8000-000000000095 404 in 103ms (next.js: 1.9ms, proxy.ts: 1.5ms, application-code: 99ms)
 GET /history?client=invalid 404 in 103ms (next.js: 3ms, proxy.ts: 1.6ms, application-code: 98ms)
 GET /history?client= 404 in 105ms (next.js: 1.9ms, proxy.ts: 1.9ms, application-code: 101ms)
 GET /history?client=80000000-0000-4000-8000-000000000095 404 in 112ms (next.js: 1.7ms, proxy.ts: 1.6ms, application-code: 109ms)
 GET /history?client=80000000-0000-4000-8000-000000000094&client=80000000-0000-4000-8000-000000000095 404 in 94ms (next.js: 1.6ms, proxy.ts: 1.5ms, application-code: 91ms)
 GET /dashboard?client=80000000-0000-4000-8000-000000000094 404 in 107ms (next.js: 1.8ms, proxy.ts: 8ms, application-code: 97ms)
  ✓  34 [chromium] › e2e/navigation-state-local.spec.ts:14:53 › live navigation state › follows client navigation, keyboard and invalid accounts in fr (4.2s)
 GET /insights/devices?client=80000000-0000-4000-8000-000000000094 200 in 124ms (next.js: 4ms, proxy.ts: 2ms, application-code: 118ms)
 GET /api/auth/get-session 200 in 27ms (next.js: 6ms, proxy.ts: 2ms, application-code: 19ms)
 GET /api/auth/organization/list 200 in 30ms (next.js: 11ms, proxy.ts: 2ms, application-code: 17ms)
 GET /tasks 200 in 60ms (next.js: 6ms, proxy.ts: 3ms, application-code: 51ms)
 GET /discussions/tasks/353020bb-9eba-4a2d-b79b-d3c4f4627e93 200 in 120ms (next.js: 4ms, proxy.ts: 1.7ms, application-code: 114ms)
 GET /api/auth/get-session 200 in 28ms (next.js: 9ms, proxy.ts: 3ms, application-code: 16ms)
 GET /api/auth/organization/list 200 in 30ms (next.js: 15ms, proxy.ts: 3ms, application-code: 12ms)
 GET /dashboard 200 in 58ms (next.js: 3ms, proxy.ts: 3ms, application-code: 52ms)
 GET /tasks 200 in 54ms (next.js: 2ms, proxy.ts: 2ms, application-code: 50ms)
 GET /dashboard 200 in 52ms (next.js: 2ms, proxy.ts: 2ms, application-code: 48ms)
 GET /tasks 200 in 174ms (next.js: 2ms, proxy.ts: 3ms, application-code: 169ms)
 GET /dashboard?client=invalid 404 in 145ms (next.js: 16ms, proxy.ts: 4ms, application-code: 125ms)
 GET /dashboard?client= 404 in 103ms (next.js: 2ms, proxy.ts: 1.8ms, application-code: 99ms)
 GET /dashboard?client=80000000-0000-4000-8000-000000000095 404 in 107ms (next.js: 2.0ms, proxy.ts: 1.5ms, application-code: 104ms)
 GET /dashboard?client=80000000-0000-4000-8000-000000000094&client=80000000-0000-4000-8000-000000000095 404 in 97ms (next.js: 1.8ms, proxy.ts: 1.5ms, application-code: 94ms)
 GET /analysis?client=invalid 404 in 105ms (next.js: 2ms, proxy.ts: 1.5ms, application-code: 102ms)
 GET /analysis?client= 404 in 103ms (next.js: 1.6ms, proxy.ts: 1.5ms, application-code: 99ms)
 GET /analysis?client=80000000-0000-4000-8000-000000000095 404 in 100ms (next.js: 1.6ms, proxy.ts: 1.6ms, application-code: 97ms)
 GET /analysis?client=80000000-0000-4000-8000-000000000094&client=80000000-0000-4000-8000-000000000095 404 in 111ms (next.js: 1.7ms, proxy.ts: 1.7ms, application-code: 108ms)
 GET /insights?client=invalid 404 in 95ms (next.js: 1.8ms, proxy.ts: 1.5ms, application-code: 92ms)
 GET /insights?client= 404 in 106ms (next.js: 1.7ms, proxy.ts: 1.5ms, application-code: 103ms)
 GET /insights?client=80000000-0000-4000-8000-000000000095 404 in 106ms (next.js: 1.9ms, proxy.ts: 1.6ms, application-code: 103ms)
 GET /insights?client=80000000-0000-4000-8000-000000000094&client=80000000-0000-4000-8000-000000000095 404 in 105ms (next.js: 1.6ms, proxy.ts: 1.6ms, application-code: 102ms)
 GET /history?client=invalid 404 in 95ms (next.js: 1.8ms, proxy.ts: 1.5ms, application-code: 91ms)
 GET /history?client= 404 in 97ms (next.js: 1.7ms, proxy.ts: 1.8ms, application-code: 94ms)
 GET /history?client=80000000-0000-4000-8000-000000000095 404 in 103ms (next.js: 1.8ms, proxy.ts: 1.5ms, application-code: 100ms)
 GET /history?client=80000000-0000-4000-8000-000000000094&client=80000000-0000-4000-8000-000000000095 404 in 94ms (next.js: 1.6ms, proxy.ts: 1.4ms, application-code: 91ms)
 GET /dashboard?client=80000000-0000-4000-8000-000000000094 404 in 111ms (next.js: 2.0ms, proxy.ts: 1.7ms, application-code: 108ms)
  ✓  35 [chromium] › e2e/navigation-state-local.spec.ts:14:53 › live navigation state › follows client navigation, keyboard and invalid accounts in en (3.4s)
 GET /operations/costs?month=2001-03 200 in 161ms (next.js: 29ms, proxy.ts: 1.6ms, application-code: 130ms)
 GET /api/auth/get-session 200 in 18ms (next.js: 5ms, proxy.ts: 2ms, application-code: 11ms)
 GET /api/auth/organization/list 200 in 20ms (next.js: 9ms, proxy.ts: 2ms, application-code: 9ms)
 GET /operations/costs?month=2001-03&notice=Observation+enregistr%C3%A9e+avec+sa+version+et+son+audit. 200 in 102ms (next.js: 3ms, proxy.ts: 2ms, application-code: 96ms)
 POST /operations/costs?month=2001-03 200 in 128ms (next.js: 2ms, proxy.ts: 3ms, application-code: 123ms)
  └─ ƒ recordOperatingCost({}) in 11ms src/app/(app)/operations/costs/actions.ts
 GET /operations/costs?month=2001-03&error=Cette+r%C3%A9f%C3%A9rence+a+%C3%A9t%C3%A9+modifi%C3%A9e.+Rechargez+sa+version+courante. 200 in 73ms (next.js: 1.7ms, proxy.ts: 1.6ms, application-code: 70ms)
 POST /operations/costs?month=2001-03&notice=Observation+enregistr%C3%A9e+avec+sa+version+et+son+audit. 200 in 90ms (next.js: 2.0ms, proxy.ts: 2.0ms, application-code: 86ms)
  └─ ƒ recordOperatingCost({}) in 7ms src/app/(app)/operations/costs/actions.ts
 GET /operations/costs?month=2001-03&notice=Observation+enregistr%C3%A9e+avec+sa+version+et+son+audit. 200 in 73ms (next.js: 1.7ms, proxy.ts: 1.9ms, application-code: 69ms)
 POST /operations/costs?month=2001-03&error=Cette+r%C3%A9f%C3%A9rence+a+%C3%A9t%C3%A9+modifi%C3%A9e.+Rechargez+sa+version+courante. 200 in 96ms (next.js: 2ms, proxy.ts: 4ms, application-code: 90ms)
  └─ ƒ recordOperatingCost({}) in 10ms src/app/(app)/operations/costs/actions.ts
 GET /operations/costs?month=2001-03&notice=Observation+enregistr%C3%A9e+avec+sa+version+et+son+audit. 200 in 498ms (next.js: 1.8ms, proxy.ts: 1.7ms, application-code: 494ms)
 GET /api/auth/get-session 200 in 22ms (next.js: 5ms, proxy.ts: 4ms, application-code: 12ms)
 GET /api/auth/organization/list 200 in 23ms (next.js: 10ms, proxy.ts: 4ms, application-code: 9ms)
 GET /operations/costs?month=2001-03&after=browser-cost-95af3e9e-68c9-49a5-a256-703ad171928b-24 200 in 69ms (next.js: 3ms, proxy.ts: 4ms, application-code: 63ms)
 GET /operations/costs?month=2001-03 200 in 137ms (next.js: 2ms, proxy.ts: 3ms, application-code: 132ms)
 GET /operations/costs?month=2001-03&notice=Observation+enregistr%C3%A9e+avec+sa+version+et+son+audit. 200 in 168ms (next.js: 2ms, proxy.ts: 2ms, application-code: 164ms)
 POST /operations/costs?month=2001-03 200 in 191ms (next.js: 3ms, proxy.ts: 3ms, application-code: 185ms)
  └─ ƒ recordOperatingCost({}) in 9ms src/app/(app)/operations/costs/actions.ts
 GET /operations/costs?month=2001-03 404 in 89ms (next.js: 1.9ms, proxy.ts: 1.6ms, application-code: 85ms)
 GET /operations 404 in 120ms (next.js: 4ms, proxy.ts: 2ms, application-code: 113ms)
 GET /api/auth/get-session 200 in 21ms (next.js: 7ms, proxy.ts: 3ms, application-code: 12ms)
 GET /api/auth/organization/list 200 in 52ms (next.js: 10ms, proxy.ts: 3ms, application-code: 39ms)
 GET /operations/costs?month=2001-03 404 in 123ms (next.js: 5ms, proxy.ts: 11ms, application-code: 107ms)
 GET /api/auth/organization/list 200 in 20ms (next.js: 8ms, proxy.ts: 3ms, application-code: 9ms)
 GET /api/auth/get-session 200 in 21ms (next.js: 5ms, proxy.ts: 3ms, application-code: 13ms)
  ✓  36 [chromium] › e2e/operating-costs-local.spec.ts:5:55 › operating costs preserve evidence, corrections, pagination and operator access (4.0s)
 GET /settings 200 in 234ms (next.js: 4ms, proxy.ts: 2ms, application-code: 228ms)
 GET /api/auth/get-session 200 in 20ms (next.js: 5ms, proxy.ts: 3ms, application-code: 11ms)
 GET /api/auth/organization/list 200 in 22ms (next.js: 8ms, proxy.ts: 3ms, application-code: 11ms)
 GET /settings?error=La+confirmation+ne+correspond+pas+%C3%A0+l%E2%80%99identifiant+de+l%E2%80%99espace. 200 in 151ms (next.js: 2ms, proxy.ts: 1.8ms, application-code: 147ms)
 POST /settings 200 in 181ms (next.js: 4ms, proxy.ts: 5ms, application-code: 171ms)
  └─ ƒ transferWorkspaceOwnership({}) in 9ms src/app/actions.ts
 GET /settings?notice=Propri%C3%A9t%C3%A9+de+l%E2%80%99espace+transf%C3%A9r%C3%A9e. 200 in 107ms (next.js: 3ms, proxy.ts: 3ms, application-code: 101ms)
 POST /settings?error=La%20confirmation%20ne%20correspond%20pas%20%C3%A0%20l%E2%80%99identifiant%20de%20l%E2%80%99espace. 200 in 130ms (next.js: 3ms, proxy.ts: 2ms, application-code: 125ms)
  └─ ƒ transferWorkspaceOwnership({}) in 10ms src/app/actions.ts
 GET /settings?error=Seul+le+propri%C3%A9taire+peut+transf%C3%A9rer+la+propri%C3%A9t%C3%A9. 200 in 126ms (next.js: 2ms, proxy.ts: 2ms, application-code: 122ms)
 POST /settings?error=La%20confirmation%20ne%20correspond%20pas%20%C3%A0%20l%E2%80%99identifiant%20de%20l%E2%80%99espace. 200 in 141ms (next.js: 2ms, proxy.ts: 2ms, application-code: 137ms)
  └─ ƒ transferWorkspaceOwnership({}) in 5ms src/app/actions.ts
 GET /settings 200 in 233ms (next.js: 2ms, proxy.ts: 1.9ms, application-code: 229ms)
 GET /api/auth/get-session 200 in 20ms (next.js: 4ms, proxy.ts: 3ms, application-code: 13ms)
 GET /api/auth/organization/list 200 in 23ms (next.js: 9ms, proxy.ts: 3ms, application-code: 11ms)
  ✓  37 [chromium] › e2e/ownership-local.spec.ts:5:61 › ownership transfer fr rechecks old owner authority and preserves other agencies (1.9s)
 GET /settings 200 in 231ms (next.js: 2ms, proxy.ts: 2ms, application-code: 227ms)
 GET /api/auth/get-session 200 in 23ms (next.js: 8ms, proxy.ts: 4ms, application-code: 10ms)
 GET /api/auth/organization/list 200 in 24ms (next.js: 3ms, proxy.ts: 3ms, application-code: 17ms)
 GET /settings?error=La+confirmation+ne+correspond+pas+%C3%A0+l%E2%80%99identifiant+de+l%E2%80%99espace. 200 in 106ms (next.js: 2ms, proxy.ts: 1.8ms, application-code: 101ms)
 POST /settings 200 in 125ms (next.js: 2ms, proxy.ts: 3ms, application-code: 120ms)
  └─ ƒ transferWorkspaceOwnership({}) in 9ms src/app/actions.ts
 GET /settings?notice=Workspace+ownership+transferred. 200 in 86ms (next.js: 1.9ms, proxy.ts: 1.8ms, application-code: 82ms)
 POST /settings?error=La%20confirmation%20ne%20correspond%20pas%20%C3%A0%20l%E2%80%99identifiant%20de%20l%E2%80%99espace. 200 in 103ms (next.js: 2ms, proxy.ts: 2ms, application-code: 99ms)
  └─ ƒ transferWorkspaceOwnership({}) in 9ms src/app/actions.ts
 GET /settings?error=Seul+le+propri%C3%A9taire+peut+transf%C3%A9rer+la+propri%C3%A9t%C3%A9. 200 in 87ms (next.js: 1.6ms, proxy.ts: 1.4ms, application-code: 84ms)
 POST /settings?error=La%20confirmation%20ne%20correspond%20pas%20%C3%A0%20l%E2%80%99identifiant%20de%20l%E2%80%99espace. 200 in 101ms (next.js: 1.9ms, proxy.ts: 2ms, application-code: 96ms)
  └─ ƒ transferWorkspaceOwnership({}) in 5ms src/app/actions.ts
 GET /settings 200 in 212ms (next.js: 1.8ms, proxy.ts: 1.7ms, application-code: 209ms)
  ✓  38 [chromium] › e2e/ownership-local.spec.ts:5:61 › ownership transfer en rechecks old owner authority and preserves other agencies (1.9s)
 GET /account 200 in 737ms (next.js: 624ms, proxy.ts: 49ms, application-code: 64ms)
 GET /api/auth/get-session 200 in 45ms (next.js: 7ms, proxy.ts: 16ms, application-code: 22ms)
 GET /api/auth/organization/list 200 in 47ms (next.js: 11ms, proxy.ts: 15ms, application-code: 22ms)
 GET /api/auth/passkey/list-user-passkeys 200 in 52ms (next.js: 14ms, proxy.ts: 14ms, application-code: 23ms)
 GET /account/notifications 200 in 232ms (next.js: 192ms, proxy.ts: 6ms, application-code: 34ms)
 GET /account/notifications?notice=Pr%C3%A9f%C3%A9rences+personnelles+de+t%C3%A2ches+enregistr%C3%A9es. 200 in 42ms (next.js: 2ms, proxy.ts: 1.8ms, application-code: 37ms)
 POST /account/notifications 200 in 64ms (next.js: 2ms, proxy.ts: 2ms, application-code: 59ms)
  └─ ƒ updateMyTaskNotificationPreferences({}) in 12ms src/app/actions.ts
 GET /account/notifications?notice=Pr%C3%A9f%C3%A9rences%20personnelles%20de%20t%C3%A2ches%20enregistr%C3%A9es. 200 in 82ms (next.js: 2ms, proxy.ts: 9ms, application-code: 71ms)
 GET /api/auth/get-session 200 in 28ms (next.js: 7ms, proxy.ts: 6ms, application-code: 16ms)
 GET /api/auth/organization/list 200 in 32ms (next.js: 9ms, proxy.ts: 7ms, application-code: 16ms)
 GET /account/notifications?error=L%E2%80%99espace+actif+a+chang%C3%A9.+Rechargez+la+page+avant+d%E2%80%99enregistrer. 200 in 35ms (next.js: 1.6ms, proxy.ts: 1.6ms, application-code: 31ms)
 POST /account/notifications?notice=Pr%C3%A9f%C3%A9rences%20personnelles%20de%20t%C3%A2ches%20enregistr%C3%A9es. 200 in 49ms (next.js: 1.9ms, proxy.ts: 2ms, application-code: 45ms)
  └─ ƒ updateMyTaskNotificationPreferences({}) in 5ms src/app/actions.ts
 GET /account/notifications 200 in 64ms (next.js: 14ms, proxy.ts: 2ms, application-code: 49ms)
 GET /api/auth/get-session 200 in 48ms (next.js: 24ms, proxy.ts: 4ms, application-code: 20ms)
 GET /api/auth/organization/list 200 in 65ms (next.js: 33ms, proxy.ts: 4ms, application-code: 28ms)
 GET /account/notifications 307 in 68ms (next.js: 3ms, proxy.ts: 4ms, application-code: 62ms)
 GET /support?notice=Votre%20acc%C3%A8s%20actuel%20est%20limit%C3%A9%20%C3%A0%20la%20facturation%20et%20aux%20donn%C3%A9es%20stock%C3%A9es. 200 in 126ms (next.js: 3ms, proxy.ts: 2ms, application-code: 121ms)
 GET /api/auth/get-session 200 in 43ms (next.js: 11ms, proxy.ts: 21ms, application-code: 10ms)
 GET /api/auth/organization/list 200 in 35ms (next.js: 14ms, proxy.ts: 18ms, application-code: 3ms)
 GET /account 200 in 65ms (next.js: 3ms, proxy.ts: 1.9ms, application-code: 60ms)
 GET /api/auth/organization/list 200 in 27ms (next.js: 19ms, proxy.ts: 3ms, application-code: 4ms)
 GET /api/auth/get-session 200 in 28ms (next.js: 8ms, proxy.ts: 3ms, application-code: 17ms)
  ✓  39 [chromium] › e2e/personal-notifications-local.spec.ts:6:7 › personal notifications fr accessible to analyst, tenant bound, and explicit for client (2.8s)
 GET /account 200 in 40ms (next.js: 1.9ms, proxy.ts: 1.8ms, application-code: 37ms)
 GET /api/auth/organization/list 200 in 23ms (next.js: 10ms, proxy.ts: 4ms, application-code: 9ms)
 GET /api/auth/get-session 200 in 25ms (next.js: 7ms, proxy.ts: 4ms, application-code: 14ms)
 GET /api/auth/passkey/list-user-passkeys 200 in 25ms (next.js: 12ms, proxy.ts: 3ms, application-code: 10ms)
 GET /account/notifications 200 in 33ms (next.js: 3ms, proxy.ts: 2ms, application-code: 29ms)
 GET /account/notifications?notice=Pr%C3%A9f%C3%A9rences+personnelles+de+t%C3%A2ches+enregistr%C3%A9es. 200 in 32ms (next.js: 1.6ms, proxy.ts: 1.6ms, application-code: 29ms)
 POST /account/notifications 200 in 49ms (next.js: 2.0ms, proxy.ts: 1.9ms, application-code: 45ms)
  └─ ƒ updateMyTaskNotificationPreferences({}) in 9ms src/app/actions.ts
 GET /account/notifications?notice=Pr%C3%A9f%C3%A9rences%20personnelles%20de%20t%C3%A2ches%20enregistr%C3%A9es. 200 in 60ms (next.js: 3ms, proxy.ts: 1.6ms, application-code: 55ms)
 GET /api/auth/get-session 200 in 35ms (next.js: 6ms, proxy.ts: 9ms, application-code: 20ms)
 GET /api/auth/organization/list 200 in 36ms (next.js: 9ms, proxy.ts: 9ms, application-code: 17ms)
 GET /account/notifications?error=L%E2%80%99espace+actif+a+chang%C3%A9.+Rechargez+la+page+avant+d%E2%80%99enregistrer. 200 in 40ms (next.js: 2ms, proxy.ts: 1.9ms, application-code: 36ms)
 POST /account/notifications?notice=Pr%C3%A9f%C3%A9rences%20personnelles%20de%20t%C3%A2ches%20enregistr%C3%A9es. 200 in 57ms (next.js: 3ms, proxy.ts: 3ms, application-code: 52ms)
  └─ ƒ updateMyTaskNotificationPreferences({}) in 5ms src/app/actions.ts
 GET /account/notifications 200 in 60ms (next.js: 2.0ms, proxy.ts: 2ms, application-code: 56ms)
 GET /api/auth/get-session 200 in 63ms (next.js: 35ms, proxy.ts: 3ms, application-code: 24ms)
 GET /api/auth/organization/list 200 in 65ms (next.js: 38ms, proxy.ts: 3ms, application-code: 24ms)
 GET /account/notifications 307 in 70ms (next.js: 3ms, proxy.ts: 3ms, application-code: 63ms)
 GET /support?notice=Your%20current%20access%20is%20limited%20to%20billing%20and%20stored%20data. 200 in 131ms (next.js: 3ms, proxy.ts: 3ms, application-code: 125ms)
 GET /api/auth/get-session 200 in 41ms (next.js: 11ms, proxy.ts: 21ms, application-code: 10ms)
 GET /account 200 in 65ms (next.js: 3ms, proxy.ts: 2ms, application-code: 60ms)
  ✓  40 [chromium] › e2e/personal-notifications-local.spec.ts:6:7 › personal notifications en accessible to analyst, tenant bound, and explicit for client (1.7s)
 GET /portfolio?q=PORTFOLIO_ 200 in 342ms (next.js: 29ms, proxy.ts: 1.8ms, application-code: 312ms)
 GET /api/auth/get-session 200 in 18ms (next.js: 5ms, proxy.ts: 3ms, application-code: 10ms)
 GET /api/auth/organization/list 200 in 19ms (next.js: 8ms, proxy.ts: 3ms, application-code: 8ms)
 GET /portfolio?q=PORTFOLIO_&cursor=eyJ2IjoxLCJpdiI6IlJZdGhkeGVVYnVWZ3N6R2IiLCJ0YWciOiJsRnV4b2VYMEFna3JPYklNSlNjM2hRIiwiZGF0YSI6Ik9IN29MelY1T3Z5ME5yeVVLRFVLSGJTcVRxTnVhNDdra0c3bTJrOTBIbWJ6SnkwQy1MaV9hY1BRZ0xERS1VQVRicjFSakNmMGpCdDc2NERWbWdlbDhqSkR2RTN2cl9iczFuenJ5b1RZRzFRcHFuRGI3Z1I3YjdWSHhQazN1M0RqNWJVYU9MWTRHWXFwbXVjaFRjSDhreVFuY2FxcE8zV3VEeDFUekNUZC1uOUhkMWJPLTlZQnRDT2FoYUJWQ3I0YzB1NTd3d1YyRWFIcVVJSGFmTWF1SmkwYWwzVVBYVVRibnBSUzMycmxNbXNORnJsMzktcHRfVENHTTlVUzhweWZ5a180Qk8tMG5xWUUyMUtISnRBeEx1RVFGV0l4N3BiSEk2ekEyTkV5MTYtU3l5d2dZZnViR2cifQ 200 in 109ms (next.js: 3ms, proxy.ts: 5ms, application-code: 102ms)
 GET /portfolio?q=PORTFOLIO_&attention=missing_data&currency=&assignee= 200 in 237ms (next.js: 2ms, proxy.ts: 2ms, application-code: 233ms)
 GET /api/auth/get-session 200 in 25ms (next.js: 11ms, proxy.ts: 3ms, application-code: 12ms)
 GET /api/auth/organization/list 200 in 27ms (next.js: 4ms, proxy.ts: 3ms, application-code: 20ms)
 GET /portfolio?q=PORTFOLIO_&attention=missing_data&view_notice=saved 200 in 88ms (next.js: 1.7ms, proxy.ts: 1.5ms, application-code: 85ms)
 POST /portfolio?q=PORTFOLIO_&attention=missing_data&currency=&assignee= 200 in 107ms (next.js: 2ms, proxy.ts: 3ms, application-code: 103ms)
  └─ ƒ storePortfolioView({}) in 10ms src/app/portfolio-actions.ts
 GET /portfolio?q=PORTFOLIO_&attention=missing_data&view_notice=saved 200 in 76ms (next.js: 2.0ms, proxy.ts: 1.8ms, application-code: 72ms)
 POST /portfolio?q=PORTFOLIO_&attention=missing_data&view_notice=saved 200 in 96ms (next.js: 2ms, proxy.ts: 3ms, application-code: 91ms)
  └─ ƒ storePortfolioView({}) in 10ms src/app/portfolio-actions.ts
 GET /portfolio?q=PORTFOLIO_ 200 in 329ms (next.js: 1.8ms, proxy.ts: 1.9ms, application-code: 325ms)
 GET /api/auth/get-session 200 in 26ms (next.js: 6ms, proxy.ts: 3ms, application-code: 17ms)
 GET /api/auth/organization/list 200 in 28ms (next.js: 14ms, proxy.ts: 3ms, application-code: 11ms)
 GET /portfolio?view_notice=conflict 200 in 121ms (next.js: 2ms, proxy.ts: 2ms, application-code: 116ms)
 POST /portfolio?q=PORTFOLIO_ 200 in 146ms (next.js: 3ms, proxy.ts: 3ms, application-code: 140ms)
  └─ ƒ removePortfolioView({}) in 13ms src/app/portfolio-actions.ts
 GET /portfolio?q=PORTFOLIO_ 200 in 320ms (next.js: 3ms, proxy.ts: 6ms, application-code: 312ms)
 GET /api/auth/get-session 200 in 18ms (next.js: 5ms, proxy.ts: 3ms, application-code: 10ms)
 GET /api/auth/organization/list 200 in 19ms (next.js: 8ms, proxy.ts: 3ms, application-code: 8ms)
 GET /portfolio?view_notice=deleted 200 in 115ms (next.js: 3ms, proxy.ts: 2ms, application-code: 110ms)
 POST /portfolio?q=PORTFOLIO_ 200 in 134ms (next.js: 2.0ms, proxy.ts: 2ms, application-code: 129ms)
  └─ ƒ removePortfolioView({}) in 8ms src/app/portfolio-actions.ts
 GET /tasks?status=open&assignee=unassigned 200 in 58ms (next.js: 4ms, proxy.ts: 2ms, application-code: 52ms)
 GET /portfolio?assignee=local-browser-fixture-owner 200 in 184ms (next.js: 2ms, proxy.ts: 3ms, application-code: 179ms)
 GET /api/auth/get-session 200 in 107ms (next.js: 17ms, proxy.ts: 23ms, application-code: 66ms)
 GET /api/auth/organization/list 200 in 107ms (next.js: 27ms, proxy.ts: 21ms, application-code: 59ms)
 GET /portfolio?assignee=local-browser-fixture-owner 200 in 186ms (next.js: 2.0ms, proxy.ts: 1.8ms, application-code: 182ms)
 GET /api/auth/get-session 200 in 83ms (next.js: 42ms, proxy.ts: 11ms, application-code: 30ms)
 GET /api/auth/organization/list 200 in 86ms (next.js: 45ms, proxy.ts: 11ms, application-code: 30ms)
 GET /portfolio?q=PORTFOLIO_ 200 in 349ms (next.js: 2ms, proxy.ts: 1.8ms, application-code: 345ms)
 GET /api/auth/get-session 200 in 25ms (next.js: 6ms, proxy.ts: 3ms, application-code: 16ms)
 GET /api/auth/organization/list 200 in 27ms (next.js: 9ms, proxy.ts: 3ms, application-code: 15ms)
 GET /portfolio?q=PORTFOLIO_ 200 in 303ms (next.js: 2ms, proxy.ts: 2ms, application-code: 299ms)
 GET /api/auth/get-session 200 in 22ms (next.js: 5ms, proxy.ts: 3ms, application-code: 14ms)
 GET /api/auth/organization/list 200 in 25ms (next.js: 12ms, proxy.ts: 3ms, application-code: 10ms)
 GET /portfolio?q=PORTFOLIO_ 307 in 95ms (next.js: 2ms, proxy.ts: 2ms, application-code: 90ms)
 GET /support?error=Vous%20n%E2%80%99avez%20plus%20acc%C3%A8s%20%C3%A0%20cette%20page.%20Choisissez%20une%20rubrique%20disponible%20ou%20contactez%20un%20administrateur. 200 in 93ms (next.js: 2ms, proxy.ts: 1.7ms, application-code: 89ms)
 GET /portfolio?q=PORTFOLIO_ 307 in 70ms (next.js: 10ms, proxy.ts: 1.9ms, application-code: 58ms)
 GET /sign-in 200 in 63ms (next.js: 11ms, proxy.ts: 3ms, application-code: 49ms)
{"locale":"fr","developmentStyleViolations":231,"applicationErrors":0}
  ✓  41 [chromium] › e2e/portfolio-local.spec.ts:13:53 › agency portfolio › reviews 50 accounts, personal views and team workload in fr (6.9s)
 GET /portfolio?q=PORTFOLIO_ 200 in 313ms (next.js: 3ms, proxy.ts: 4ms, application-code: 306ms)
 GET /api/auth/get-session 200 in 18ms (next.js: 5ms, proxy.ts: 3ms, application-code: 11ms)
 GET /api/auth/organization/list 200 in 20ms (next.js: 9ms, proxy.ts: 2ms, application-code: 9ms)
 GET /portfolio?q=PORTFOLIO_&cursor=eyJ2IjoxLCJpdiI6InJKamhKV1VwcHM4emhTWDgiLCJ0YWciOiJIRWxkY1FsSGlTaG1ya1hIME5NTjBBIiwiZGF0YSI6IjFwYVdhMllUajFTS3MxTTQzNl9lNnhqOS1YS2FCdjhTc25QLW1SRmdKMHQzSFJXZTgxWU5wTDJYUnpNaXc1bW84dkw4X2pacGlhQUdmXy00V3BWSzcyTGNEaUkyS21ZaFRLdkZZdFd2WWxFLUtSYThwVXJDTzZxOGJzMUp6dzM2MHl2dGZoU1lqdTJ0M2dqbDlVLXNyV1dRd3F4MVNqemVWWkpkZlc4NnE4UVZnX05QekZidWZxekR5ZHZaYmlKeFV0dkVSeV9zYnlWZlN2UndXOExwSTV6a1R2d3J3YksyNnRhT0JsOGRBQnlLdFFoSUpFTm9HZ3BZWEZpdlVLcGVZUkNLc0FNZ0FCUDd4aWF2UWRKWS1oZktyZFI4OVh5SFpMZjB0QTJ0ZXZEc3ZKQy1RaDFVMWcifQ 200 in 114ms (next.js: 2ms, proxy.ts: 2ms, application-code: 109ms)
 GET /portfolio?q=PORTFOLIO_&attention=missing_data&currency=&assignee= 200 in 176ms (next.js: 1.9ms, proxy.ts: 2ms, application-code: 172ms)
 GET /api/auth/get-session 200 in 26ms (next.js: 4ms, proxy.ts: 3ms, application-code: 19ms)
 GET /api/auth/organization/list 200 in 30ms (next.js: 9ms, proxy.ts: 3ms, application-code: 18ms)
 GET /portfolio?q=PORTFOLIO_&attention=missing_data&view_notice=saved 200 in 91ms (next.js: 2ms, proxy.ts: 1.9ms, application-code: 87ms)
 POST /portfolio?q=PORTFOLIO_&attention=missing_data&currency=&assignee= 200 in 117ms (next.js: 6ms, proxy.ts: 3ms, application-code: 108ms)
  └─ ƒ storePortfolioView({}) in 7ms src/app/portfolio-actions.ts
 GET /portfolio?q=PORTFOLIO_&attention=missing_data&view_notice=saved 200 in 79ms (next.js: 1.8ms, proxy.ts: 1.6ms, application-code: 76ms)
 POST /portfolio?q=PORTFOLIO_&attention=missing_data&view_notice=saved 200 in 95ms (next.js: 2ms, proxy.ts: 2ms, application-code: 91ms)
  └─ ƒ storePortfolioView({}) in 7ms src/app/portfolio-actions.ts
 GET /portfolio?q=PORTFOLIO_ 200 in 320ms (next.js: 1.9ms, proxy.ts: 1.7ms, application-code: 316ms)
 GET /api/auth/get-session 200 in 21ms (next.js: 5ms, proxy.ts: 3ms, application-code: 12ms)
 GET /api/auth/organization/list 200 in 22ms (next.js: 11ms, proxy.ts: 3ms, application-code: 8ms)
 GET /portfolio?view_notice=conflict 200 in 130ms (next.js: 1.9ms, proxy.ts: 3ms, application-code: 125ms)
 POST /portfolio?q=PORTFOLIO_ 200 in 153ms (next.js: 4ms, proxy.ts: 3ms, application-code: 147ms)
  └─ ƒ removePortfolioView({}) in 9ms src/app/portfolio-actions.ts
 GET /portfolio?q=PORTFOLIO_ 200 in 332ms (next.js: 2ms, proxy.ts: 2ms, application-code: 328ms)
 GET /api/auth/get-session 200 in 24ms (next.js: 7ms, proxy.ts: 3ms, application-code: 14ms)
 GET /api/auth/organization/list 200 in 26ms (next.js: 11ms, proxy.ts: 3ms, application-code: 12ms)
 GET /portfolio?view_notice=deleted 200 in 141ms (next.js: 4ms, proxy.ts: 3ms, application-code: 134ms)
 POST /portfolio?q=PORTFOLIO_ 200 in 166ms (next.js: 2ms, proxy.ts: 3ms, application-code: 161ms)
  └─ ƒ removePortfolioView({}) in 13ms src/app/portfolio-actions.ts
 GET /tasks?status=open&assignee=unassigned 200 in 74ms (next.js: 13ms, proxy.ts: 2ms, application-code: 59ms)
 GET /portfolio?assignee=local-browser-fixture-owner 200 in 218ms (next.js: 3ms, proxy.ts: 3ms, application-code: 211ms)
 GET /api/auth/get-session 200 in 152ms (next.js: 19ms, proxy.ts: 43ms, application-code: 90ms)
 GET /api/auth/organization/list 200 in 154ms (next.js: 23ms, proxy.ts: 42ms, application-code: 88ms)
 GET /portfolio?assignee=local-browser-fixture-owner 200 in 240ms (next.js: 5ms, proxy.ts: 3ms, application-code: 232ms)
 GET /api/auth/get-session 200 in 107ms (next.js: 58ms, proxy.ts: 12ms, application-code: 37ms)
 GET /api/auth/organization/list 200 in 111ms (next.js: 63ms, proxy.ts: 12ms, application-code: 36ms)
 GET /portfolio?q=PORTFOLIO_ 200 in 412ms (next.js: 2ms, proxy.ts: 3ms, application-code: 406ms)
 GET /api/auth/get-session 200 in 21ms (next.js: 6ms, proxy.ts: 3ms, application-code: 13ms)
 GET /api/auth/organization/list 200 in 23ms (next.js: 10ms, proxy.ts: 3ms, application-code: 10ms)
 GET /portfolio?q=PORTFOLIO_ 200 in 335ms (next.js: 2ms, proxy.ts: 1.9ms, application-code: 331ms)
 GET /api/auth/get-session 200 in 23ms (next.js: 11ms, proxy.ts: 3ms, application-code: 9ms)
 GET /api/auth/organization/list 200 in 27ms (next.js: 6ms, proxy.ts: 3ms, application-code: 18ms)
 GET /portfolio?q=PORTFOLIO_ 307 in 91ms (next.js: 2ms, proxy.ts: 2.0ms, application-code: 87ms)
 GET /support?error=You%20no%20longer%20have%20access%20to%20this%20page.%20Choose%20an%20available%20section%20or%20contact%20an%20administrator. 200 in 100ms (next.js: 2ms, proxy.ts: 2ms, application-code: 96ms)
 GET /portfolio?q=PORTFOLIO_ 307 in 58ms (next.js: 2.0ms, proxy.ts: 2ms, application-code: 54ms)
 GET /sign-in 200 in 40ms (next.js: 5ms, proxy.ts: 2ms, application-code: 33ms)
{"locale":"en","developmentStyleViolations":231,"applicationErrors":0}
  ✓  42 [chromium] › e2e/portfolio-local.spec.ts:13:53 › agency portfolio › reviews 50 accounts, personal views and team workload in en (6.9s)
 GET /billing 200 in 159ms (next.js: 4ms, proxy.ts: 2.0ms, application-code: 153ms)
 GET /api/auth/get-session 200 in 82ms (next.js: 41ms, proxy.ts: 11ms, application-code: 30ms)
 GET /api/auth/organization/list 200 in 92ms (next.js: 44ms, proxy.ts: 11ms, application-code: 37ms)
 GET /accounts 200 in 146ms (next.js: 4ms, proxy.ts: 3ms, application-code: 139ms)
 GET /api/auth/get-session 200 in 27ms (next.js: 3ms, proxy.ts: 3ms, application-code: 21ms)
 GET /api/auth/organization/list 200 in 29ms (next.js: 7ms, proxy.ts: 2ms, application-code: 20ms)
 POST /accounts 200 in 59ms (next.js: 2ms, proxy.ts: 2ms, application-code: 54ms)
  └─ ƒ setCookieConsent({}) in 2ms src/app/preferences-actions.ts
 GET /accounts?selection=saved 200 in 59ms (next.js: 1.8ms, proxy.ts: 1.7ms, application-code: 56ms)
 POST /accounts 200 in 83ms (next.js: 2ms, proxy.ts: 3ms, application-code: 79ms)
  └─ ƒ updateManagedAccounts({}) in 13ms src/app/account-selection-actions.ts
 GET /accounts?selection=saved 200 in 69ms (next.js: 2ms, proxy.ts: 1.6ms, application-code: 65ms)
 POST /accounts?selection=saved 200 in 92ms (next.js: 3ms, proxy.ts: 3ms, application-code: 86ms)
  └─ ƒ updateManagedAccounts({}) in 11ms src/app/account-selection-actions.ts
 GET /accounts?selection=conflict 200 in 50ms (next.js: 1.9ms, proxy.ts: 1.5ms, application-code: 47ms)
 POST /accounts?selection=saved 200 in 66ms (next.js: 1.9ms, proxy.ts: 2ms, application-code: 62ms)
  └─ ƒ updateManagedAccounts({}) in 7ms src/app/account-selection-actions.ts
 GET /accounts?selection=saved 200 in 57ms (next.js: 1.7ms, proxy.ts: 1.6ms, application-code: 54ms)
 POST /accounts?selection=conflict 200 in 78ms (next.js: 4ms, proxy.ts: 2ms, application-code: 72ms)
  └─ ƒ updateManagedAccounts({}) in 10ms src/app/account-selection-actions.ts
 GET /accounts 200 in 101ms (next.js: 2.0ms, proxy.ts: 1.6ms, application-code: 97ms)
  ✓  43 [chromium] › e2e/prod-ready-local.spec.ts:26:44 › local production readiness regression journeys › managed account selection preserves priorities and enforces quota in fr (2.4s)
 GET /billing 200 in 162ms (next.js: 2ms, proxy.ts: 1.8ms, application-code: 158ms)
 GET /api/auth/get-session 200 in 117ms (next.js: 54ms, proxy.ts: 14ms, application-code: 48ms)
 GET /api/auth/organization/list 200 in 127ms (next.js: 58ms, proxy.ts: 14ms, application-code: 56ms)
 GET /accounts 200 in 184ms (next.js: 2ms, proxy.ts: 4ms, application-code: 178ms)
 GET /api/auth/get-session 200 in 17ms (next.js: 4ms, proxy.ts: 3ms, application-code: 11ms)
 GET /api/auth/organization/list 200 in 19ms (next.js: 7ms, proxy.ts: 3ms, application-code: 9ms)
 POST /accounts 200 in 66ms (next.js: 2ms, proxy.ts: 2ms, application-code: 61ms)
  └─ ƒ setCookieConsent({}) in 2ms src/app/preferences-actions.ts
 GET /accounts?selection=saved 200 in 62ms (next.js: 2ms, proxy.ts: 1.6ms, application-code: 58ms)
 POST /accounts 200 in 94ms (next.js: 5ms, proxy.ts: 4ms, application-code: 85ms)
  └─ ƒ updateManagedAccounts({}) in 12ms src/app/account-selection-actions.ts
 GET /accounts?selection=saved 200 in 49ms (next.js: 1.8ms, proxy.ts: 1.7ms, application-code: 45ms)
 POST /accounts?selection=saved 200 in 68ms (next.js: 2ms, proxy.ts: 3ms, application-code: 63ms)
  └─ ƒ updateManagedAccounts({}) in 9ms src/app/account-selection-actions.ts
 GET /accounts?selection=conflict 200 in 49ms (next.js: 1.7ms, proxy.ts: 1.8ms, application-code: 45ms)
 POST /accounts?selection=saved 200 in 63ms (next.js: 1.9ms, proxy.ts: 2ms, application-code: 59ms)
  └─ ƒ updateManagedAccounts({}) in 6ms src/app/account-selection-actions.ts
 GET /accounts?selection=saved 200 in 49ms (next.js: 1.6ms, proxy.ts: 1.5ms, application-code: 46ms)
 POST /accounts?selection=conflict 200 in 73ms (next.js: 2ms, proxy.ts: 2ms, application-code: 69ms)
  └─ ƒ updateManagedAccounts({}) in 16ms src/app/account-selection-actions.ts
 GET /accounts 200 in 99ms (next.js: 1.8ms, proxy.ts: 1.6ms, application-code: 96ms)
  ✓  44 [chromium] › e2e/prod-ready-local.spec.ts:26:44 › local production readiness regression journeys › managed account selection preserves priorities and enforces quota in en (2.4s)
 GET /dashboard?client=80000000-0000-4000-8000-000000000004 200 in 173ms (next.js: 4ms, proxy.ts: 1.9ms, application-code: 168ms)
 GET /api/auth/get-session 200 in 23ms (next.js: 6ms, proxy.ts: 3ms, application-code: 15ms)
 GET /api/auth/organization/list 200 in 26ms (next.js: 10ms, proxy.ts: 3ms, application-code: 13ms)
 POST /dashboard?client=80000000-0000-4000-8000-000000000004 200 in 104ms (next.js: 3ms, proxy.ts: 2ms, application-code: 99ms)
  └─ ƒ setCookieConsent({}) in 2ms src/app/preferences-actions.ts
 GET /dashboard?client=80000000-0000-4000-8000-000000000004 200 in 181ms (next.js: 3ms, proxy.ts: 2.0ms, application-code: 177ms)
 GET /api/auth/get-session 200 in 32ms (next.js: 7ms, proxy.ts: 4ms, application-code: 21ms)
 GET /api/auth/organization/list 200 in 35ms (next.js: 15ms, proxy.ts: 4ms, application-code: 16ms)
  ✓  45 [chromium] › e2e/prod-ready-local.spec.ts:91:44 › local production readiness regression journeys › pacing uses covered completed days and hides forecasts with a gap in fr (1.1s)
 GET /dashboard?client=80000000-0000-4000-8000-000000000004 200 in 184ms (next.js: 4ms, proxy.ts: 4ms, application-code: 176ms)
 GET /api/auth/get-session 200 in 27ms (next.js: 6ms, proxy.ts: 3ms, application-code: 18ms)
 GET /api/auth/organization/list 200 in 30ms (next.js: 12ms, proxy.ts: 3ms, application-code: 15ms)
 POST /dashboard?client=80000000-0000-4000-8000-000000000004 200 in 118ms (next.js: 3ms, proxy.ts: 4ms, application-code: 111ms)
  └─ ƒ setCookieConsent({}) in 2ms src/app/preferences-actions.ts
 GET /dashboard?client=80000000-0000-4000-8000-000000000004 200 in 187ms (next.js: 1.9ms, proxy.ts: 1.6ms, application-code: 183ms)
 GET /api/auth/get-session 200 in 30ms (next.js: 4ms, proxy.ts: 3ms, application-code: 23ms)
 GET /api/auth/organization/list 200 in 32ms (next.js: 9ms, proxy.ts: 3ms, application-code: 19ms)
  ✓  46 [chromium] › e2e/prod-ready-local.spec.ts:91:44 › local production readiness regression journeys › pacing uses covered completed days and hides forecasts with a gap in en (1.2s)
 GET /dashboard?client=80000000-0000-4000-8000-000000000005 200 in 183ms (next.js: 1.9ms, proxy.ts: 1.6ms, application-code: 180ms)
 GET /api/auth/get-session 200 in 21ms (next.js: 4ms, proxy.ts: 3ms, application-code: 14ms)
 GET /api/auth/organization/list 200 in 25ms (next.js: 9ms, proxy.ts: 3ms, application-code: 13ms)
 GET /analysis?client=80000000-0000-4000-8000-000000000005 200 in 193ms (next.js: 6ms, proxy.ts: 5ms, application-code: 182ms)
 GET /api/auth/get-session 200 in 87ms (next.js: 45ms, proxy.ts: 14ms, application-code: 28ms)
 GET /api/auth/organization/list 200 in 90ms (next.js: 50ms, proxy.ts: 14ms, application-code: 27ms)
 GET /insights?client=80000000-0000-4000-8000-000000000005 200 in 263ms (next.js: 3ms, proxy.ts: 3ms, application-code: 257ms)
 GET /api/auth/get-session 200 in 81ms (next.js: 48ms, proxy.ts: 15ms, application-code: 19ms)
 GET /api/auth/organization/list 200 in 85ms (next.js: 44ms, proxy.ts: 14ms, application-code: 27ms)
 GET /dashboard?client=80000000-0000-4000-8000-000000000005 200 in 230ms (next.js: 2ms, proxy.ts: 2ms, application-code: 225ms)
 GET /api/auth/get-session 200 in 17ms (next.js: 3ms, proxy.ts: 3ms, application-code: 10ms)
 GET /api/auth/organization/list 200 in 19ms (next.js: 7ms, proxy.ts: 3ms, application-code: 10ms)
 GET /analysis?client=80000000-0000-4000-8000-000000000005 200 in 182ms (next.js: 2ms, proxy.ts: 3ms, application-code: 177ms)
 GET /api/auth/get-session 200 in 151ms (next.js: 85ms, proxy.ts: 11ms, application-code: 55ms)
 GET /api/auth/organization/list 200 in 154ms (next.js: 69ms, proxy.ts: 31ms, application-code: 55ms)
 GET /insights?client=80000000-0000-4000-8000-000000000005 200 in 277ms (next.js: 10ms, proxy.ts: 6ms, application-code: 260ms)
 GET /api/auth/get-session 200 in 89ms (next.js: 54ms, proxy.ts: 21ms, application-code: 14ms)
 GET /api/auth/organization/list 200 in 94ms (next.js: 46ms, proxy.ts: 17ms, application-code: 30ms)
 GET /insights?client=80000000-0000-4000-8000-000000000005 200 in 253ms (next.js: 2ms, proxy.ts: 2ms, application-code: 249ms)
 GET /api/auth/get-session 200 in 19ms (next.js: 5ms, proxy.ts: 2ms, application-code: 12ms)
 GET /api/auth/organization/list 200 in 20ms (next.js: 9ms, proxy.ts: 2ms, application-code: 9ms)
 POST /insights?client=80000000-0000-4000-8000-000000000005 200 in 81ms (next.js: 2ms, proxy.ts: 2ms, application-code: 76ms)
  └─ ƒ setCookieConsent({}) in 2ms src/app/preferences-actions.ts
  ✓  47 [chromium] › e2e/prod-ready-local.spec.ts:128:44 › local production readiness regression journeys › stored analytics remain available without Google and during grace in fr (3.1s)
 GET /dashboard?client=80000000-0000-4000-8000-000000000005 200 in 199ms (next.js: 2ms, proxy.ts: 1.7ms, application-code: 196ms)
 GET /api/auth/get-session 200 in 24ms (next.js: 5ms, proxy.ts: 3ms, application-code: 16ms)
 GET /api/auth/organization/list 200 in 27ms (next.js: 10ms, proxy.ts: 3ms, application-code: 15ms)
 GET /analysis?client=80000000-0000-4000-8000-000000000005 200 in 197ms (next.js: 5ms, proxy.ts: 5ms, application-code: 188ms)
 GET /api/auth/get-session 200 in 97ms (next.js: 23ms, proxy.ts: 28ms, application-code: 47ms)
 GET /api/auth/organization/list 200 in 84ms (next.js: 48ms, proxy.ts: 13ms, application-code: 23ms)
 GET /insights?client=80000000-0000-4000-8000-000000000005 200 in 250ms (next.js: 2ms, proxy.ts: 2ms, application-code: 246ms)
 GET /api/auth/get-session 200 in 78ms (next.js: 43ms, proxy.ts: 13ms, application-code: 22ms)
 GET /api/auth/organization/list 200 in 84ms (next.js: 46ms, proxy.ts: 13ms, application-code: 25ms)
 GET /dashboard?client=80000000-0000-4000-8000-000000000005 200 in 221ms (next.js: 2ms, proxy.ts: 2ms, application-code: 217ms)
 GET /api/auth/get-session 200 in 16ms (next.js: 3ms, proxy.ts: 2ms, application-code: 11ms)
 GET /api/auth/organization/list 200 in 19ms (next.js: 6ms, proxy.ts: 2ms, application-code: 10ms)
 GET /analysis?client=80000000-0000-4000-8000-000000000005 200 in 182ms (next.js: 3ms, proxy.ts: 3ms, application-code: 176ms)
 GET /api/auth/get-session 200 in 100ms (next.js: 19ms, proxy.ts: 32ms, application-code: 50ms)
 GET /api/auth/organization/list 200 in 98ms (next.js: 27ms, proxy.ts: 30ms, application-code: 42ms)
 GET /insights?client=80000000-0000-4000-8000-000000000005 200 in 244ms (next.js: 3ms, proxy.ts: 5ms, application-code: 237ms)
 GET /api/auth/get-session 200 in 77ms (next.js: 42ms, proxy.ts: 14ms, application-code: 20ms)
 GET /api/auth/organization/list 200 in 80ms (next.js: 45ms, proxy.ts: 15ms, application-code: 20ms)
 GET /insights?client=80000000-0000-4000-8000-000000000005 200 in 228ms (next.js: 2ms, proxy.ts: 2ms, application-code: 223ms)
 GET /api/auth/get-session 200 in 16ms (next.js: 3ms, proxy.ts: 3ms, application-code: 9ms)
 GET /api/auth/organization/list 200 in 17ms (next.js: 7ms, proxy.ts: 2ms, application-code: 8ms)
 POST /insights?client=80000000-0000-4000-8000-000000000005 200 in 83ms (next.js: 2ms, proxy.ts: 2ms, application-code: 78ms)
  └─ ƒ setCookieConsent({}) in 2ms src/app/preferences-actions.ts
  ✓  48 [chromium] › e2e/prod-ready-local.spec.ts:128:44 › local production readiness regression journeys › stored analytics remain available without Google and during grace in en (3.0s)
 GET /dashboard?client=80000000-0000-4000-8000-000000000006 200 in 163ms (next.js: 1.8ms, proxy.ts: 1.9ms, application-code: 159ms)
 GET /api/auth/get-session 200 in 19ms (next.js: 6ms, proxy.ts: 3ms, application-code: 11ms)
 GET /api/auth/organization/list 200 in 21ms (next.js: 9ms, proxy.ts: 3ms, application-code: 10ms)
 POST /dashboard?client=80000000-0000-4000-8000-000000000006 200 in 89ms (next.js: 2ms, proxy.ts: 2ms, application-code: 85ms)
  └─ ƒ setCookieConsent({}) in 2ms src/app/preferences-actions.ts
 GET /dashboard?client=80000000-0000-4000-8000-000000000006&sync=queued 200 in 74ms (next.js: 1.9ms, proxy.ts: 1.5ms, application-code: 70ms)
 POST /dashboard?client=80000000-0000-4000-8000-000000000006 200 in 96ms (next.js: 2ms, proxy.ts: 2ms, application-code: 92ms)
  └─ ƒ refreshAnalyticalData({}) in 12ms src/app/analytical-actions.ts
 GET /dashboard?client=80000000-0000-4000-8000-000000000006&sync=pending 200 in 88ms (next.js: 1.8ms, proxy.ts: 1.7ms, application-code: 85ms)
 POST /dashboard?client=80000000-0000-4000-8000-000000000006&sync=queued 200 in 105ms (next.js: 2ms, proxy.ts: 3ms, application-code: 100ms)
  └─ ƒ refreshAnalyticalData({}) in 7ms src/app/analytical-actions.ts
 GET /dashboard?client=80000000-0000-4000-8000-000000000006 200 in 156ms (next.js: 2ms, proxy.ts: 1.7ms, application-code: 152ms)
 GET /dashboard?client=80000000-0000-4000-8000-000000000006 200 in 158ms (next.js: 2ms, proxy.ts: 1.8ms, application-code: 154ms)
 GET /api/auth/get-session 200 in 21ms (next.js: 5ms, proxy.ts: 4ms, application-code: 12ms)
 GET /api/auth/organization/list 200 in 22ms (next.js: 9ms, proxy.ts: 3ms, application-code: 10ms)
 GET /dashboard?client=80000000-0000-4000-8000-000000000006&sync=unavailable 200 in 83ms (next.js: 1.9ms, proxy.ts: 1.5ms, application-code: 79ms)
 POST /dashboard?client=80000000-0000-4000-8000-000000000006 200 in 99ms (next.js: 2ms, proxy.ts: 2ms, application-code: 95ms)
  └─ ƒ refreshAnalyticalData({}) in 7ms src/app/analytical-actions.ts
  ✓  49 [chromium] › e2e/prod-ready-local.spec.ts:180:99 › local production readiness regression journeys › analytical refresh enqueues once and handles revoked connections in fr (2.0s)
 GET /dashboard?client=80000000-0000-4000-8000-000000000006 200 in 166ms (next.js: 1.9ms, proxy.ts: 1.9ms, application-code: 162ms)
 GET /api/auth/get-session 200 in 22ms (next.js: 7ms, proxy.ts: 3ms, application-code: 12ms)
 GET /api/auth/organization/list 200 in 23ms (next.js: 10ms, proxy.ts: 3ms, application-code: 10ms)
 POST /dashboard?client=80000000-0000-4000-8000-000000000006 200 in 97ms (next.js: 3ms, proxy.ts: 3ms, application-code: 91ms)
  └─ ƒ setCookieConsent({}) in 2ms src/app/preferences-actions.ts
 GET /dashboard?client=80000000-0000-4000-8000-000000000006&sync=queued 200 in 73ms (next.js: 1.7ms, proxy.ts: 1.5ms, application-code: 70ms)
 POST /dashboard?client=80000000-0000-4000-8000-000000000006 200 in 93ms (next.js: 2.0ms, proxy.ts: 2ms, application-code: 89ms)
  └─ ƒ refreshAnalyticalData({}) in 11ms src/app/analytical-actions.ts
 GET /dashboard?client=80000000-0000-4000-8000-000000000006&sync=pending 200 in 90ms (next.js: 1.8ms, proxy.ts: 1.5ms, application-code: 87ms)
 POST /dashboard?client=80000000-0000-4000-8000-000000000006&sync=queued 200 in 107ms (next.js: 3ms, proxy.ts: 2ms, application-code: 102ms)
  └─ ƒ refreshAnalyticalData({}) in 7ms src/app/analytical-actions.ts
 GET /dashboard?client=80000000-0000-4000-8000-000000000006 200 in 158ms (next.js: 2ms, proxy.ts: 1.9ms, application-code: 155ms)
 GET /dashboard?client=80000000-0000-4000-8000-000000000006 200 in 167ms (next.js: 1.8ms, proxy.ts: 1.7ms, application-code: 163ms)
 GET /api/auth/get-session 200 in 21ms (next.js: 5ms, proxy.ts: 3ms, application-code: 14ms)
 GET /api/auth/organization/list 200 in 23ms (next.js: 11ms, proxy.ts: 2ms, application-code: 10ms)
 GET /dashboard?client=80000000-0000-4000-8000-000000000006&sync=unavailable 200 in 83ms (next.js: 1.8ms, proxy.ts: 3ms, application-code: 79ms)
 POST /dashboard?client=80000000-0000-4000-8000-000000000006 200 in 101ms (next.js: 2ms, proxy.ts: 2ms, application-code: 96ms)
  └─ ƒ refreshAnalyticalData({}) in 7ms src/app/analytical-actions.ts
  ✓  50 [chromium] › e2e/prod-ready-local.spec.ts:180:99 › local production readiness regression journeys › analytical refresh enqueues once and handles revoked connections in en (2.0s)
 GET /accounts 200 in 104ms (next.js: 3ms, proxy.ts: 1.7ms, application-code: 100ms)
 GET /api/auth/get-session 200 in 115ms (next.js: 51ms, proxy.ts: 4ms, application-code: 61ms)
 GET /api/auth/organization/list 200 in 117ms (next.js: 46ms, proxy.ts: 3ms, application-code: 68ms)
 GET /history 200 in 151ms (next.js: 6ms, proxy.ts: 4ms, application-code: 140ms)
 GET /api/auth/get-session 200 in 77ms (next.js: 42ms, proxy.ts: 4ms, application-code: 31ms)
 GET /api/auth/organization/list 200 in 99ms (next.js: 48ms, proxy.ts: 4ms, application-code: 47ms)
 GET /alerts 200 in 147ms (next.js: 6ms, proxy.ts: 4ms, application-code: 137ms)
 GET /api/auth/get-session 200 in 67ms (next.js: 32ms, proxy.ts: 4ms, application-code: 32ms)
 GET /api/auth/organization/list 200 in 104ms (next.js: 49ms, proxy.ts: 4ms, application-code: 51ms)
 GET /tasks 200 in 151ms (next.js: 5ms, proxy.ts: 4ms, application-code: 142ms)
 GET /api/auth/get-session 200 in 85ms (next.js: 21ms, proxy.ts: 7ms, application-code: 57ms)
 GET /api/auth/organization/list 200 in 93ms (next.js: 25ms, proxy.ts: 7ms, application-code: 62ms)
 GET /approvals 200 in 172ms (next.js: 11ms, proxy.ts: 8ms, application-code: 153ms)
 GET /api/auth/get-session 200 in 79ms (next.js: 45ms, proxy.ts: 4ms, application-code: 31ms)
 GET /api/auth/organization/list 200 in 121ms (next.js: 53ms, proxy.ts: 4ms, application-code: 65ms)
 GET /reports 200 in 144ms (next.js: 6ms, proxy.ts: 4ms, application-code: 135ms)
 GET /api/auth/get-session 200 in 75ms (next.js: 44ms, proxy.ts: 3ms, application-code: 29ms)
 GET /api/auth/organization/list 200 in 103ms (next.js: 51ms, proxy.ts: 4ms, application-code: 48ms)
 GET /audit 200 in 173ms (next.js: 6ms, proxy.ts: 3ms, application-code: 164ms)
 GET /accounts 200 in 104ms (next.js: 2.0ms, proxy.ts: 1.8ms, application-code: 100ms)
 GET /api/auth/organization/list 200 in 71ms (next.js: 46ms, proxy.ts: 4ms, application-code: 21ms)
 GET /api/auth/get-session 200 in 76ms (next.js: 40ms, proxy.ts: 3ms, application-code: 33ms)
 GET /history 200 in 138ms (next.js: 4ms, proxy.ts: 3ms, application-code: 131ms)
 GET /api/auth/get-session 200 in 72ms (next.js: 37ms, proxy.ts: 5ms, application-code: 31ms)
 GET /api/auth/organization/list 200 in 98ms (next.js: 40ms, proxy.ts: 5ms, application-code: 53ms)
 GET /alerts 200 in 147ms (next.js: 3ms, proxy.ts: 5ms, application-code: 139ms)
 GET /api/auth/get-session 200 in 75ms (next.js: 15ms, proxy.ts: 10ms, application-code: 49ms)
 GET /api/auth/organization/list 200 in 80ms (next.js: 9ms, proxy.ts: 7ms, application-code: 64ms)
 GET /tasks 200 in 164ms (next.js: 24ms, proxy.ts: 9ms, application-code: 131ms)
 GET /api/auth/get-session 200 in 73ms (next.js: 39ms, proxy.ts: 3ms, application-code: 30ms)
 GET /api/auth/organization/list 200 in 93ms (next.js: 45ms, proxy.ts: 4ms, application-code: 44ms)
 GET /approvals 200 in 122ms (next.js: 4ms, proxy.ts: 3ms, application-code: 115ms)
 GET /api/auth/get-session 200 in 83ms (next.js: 41ms, proxy.ts: 3ms, application-code: 39ms)
 GET /api/auth/organization/list 200 in 110ms (next.js: 56ms, proxy.ts: 4ms, application-code: 51ms)
 GET /reports 200 in 131ms (next.js: 4ms, proxy.ts: 3ms, application-code: 124ms)
  ✓  51 [chromium] › e2e/prod-ready-local.spec.ts:227:9 › local production readiness regression journeys › grace permits stored views while hiding mutations (3.9s)
 GET /dashboard 307 in 78ms (next.js: 2ms, proxy.ts: 1.6ms, application-code: 74ms)
 GET /billing?notice=Your%20current%20access%20is%20limited%20to%20billing%20and%20stored%20data. 200 in 128ms (next.js: 10ms, proxy.ts: 1.7ms, application-code: 116ms)
 GET /dashboard 307 in 83ms (next.js: 1.9ms, proxy.ts: 1.6ms, application-code: 79ms)
 GET /support?notice=Your%20current%20access%20is%20limited%20to%20billing%20and%20stored%20data. 200 in 92ms (next.js: 3ms, proxy.ts: 1.5ms, application-code: 87ms)
 GET /dashboard 307 in 78ms (next.js: 2ms, proxy.ts: 1.6ms, application-code: 74ms)
 GET /support?notice=Your%20current%20access%20is%20limited%20to%20billing%20and%20stored%20data. 200 in 87ms (next.js: 1.9ms, proxy.ts: 1.7ms, application-code: 83ms)
  ✓  52 [chromium] › e2e/prod-ready-local.spec.ts:242:9 › local production readiness regression journeys › suspended members have an accessible recovery destination without redirect loops (1.3s)
 GET /dashboard 200 in 118ms (next.js: 2ms, proxy.ts: 1.7ms, application-code: 114ms)
 GET /api/auth/get-session 200 in 21ms (next.js: 6ms, proxy.ts: 2ms, application-code: 13ms)
 GET /api/auth/organization/list 200 in 22ms (next.js: 11ms, proxy.ts: 2ms, application-code: 9ms)
 POST /dashboard 200 in 63ms (next.js: 2ms, proxy.ts: 2ms, application-code: 58ms)
  └─ ƒ setCookieConsent({}) in 2ms src/app/preferences-actions.ts
 GET /settings 200 in 81ms (next.js: 12ms, proxy.ts: 2ms, application-code: 67ms)
  ✓  53 [chromium] › e2e/prod-ready-local.spec.ts:254:11 › local production readiness regression journeys › full navigation and workspace selection work at 390px in fr (776ms)
 GET /dashboard 200 in 111ms (next.js: 2ms, proxy.ts: 1.6ms, application-code: 108ms)
 GET /api/auth/get-session 200 in 25ms (next.js: 6ms, proxy.ts: 4ms, application-code: 15ms)
 GET /api/auth/organization/list 200 in 27ms (next.js: 10ms, proxy.ts: 4ms, application-code: 13ms)
 POST /dashboard 200 in 67ms (next.js: 2ms, proxy.ts: 3ms, application-code: 61ms)
  └─ ƒ setCookieConsent({}) in 2ms src/app/preferences-actions.ts
 GET /settings 200 in 67ms (next.js: 2ms, proxy.ts: 2ms, application-code: 62ms)
  ✓  54 [chromium] › e2e/prod-ready-local.spec.ts:254:11 › local production readiness regression journeys › full navigation and workspace selection work at 768px in fr (872ms)
 GET /dashboard 200 in 119ms (next.js: 2ms, proxy.ts: 1.7ms, application-code: 115ms)
 GET /api/auth/get-session 200 in 19ms (next.js: 5ms, proxy.ts: 3ms, application-code: 11ms)
 GET /api/auth/organization/list 200 in 21ms (next.js: 9ms, proxy.ts: 3ms, application-code: 9ms)
 POST /dashboard 200 in 90ms (next.js: 3ms, proxy.ts: 3ms, application-code: 84ms)
  └─ ƒ setCookieConsent({}) in 2ms src/app/preferences-actions.ts
 GET /settings 200 in 74ms (next.js: 2ms, proxy.ts: 2ms, application-code: 70ms)
  ✓  55 [chromium] › e2e/prod-ready-local.spec.ts:254:11 › local production readiness regression journeys › full navigation and workspace selection work at 390px in en (882ms)
 GET /dashboard 200 in 129ms (next.js: 2ms, proxy.ts: 3ms, application-code: 123ms)
 GET /api/auth/get-session 200 in 22ms (next.js: 6ms, proxy.ts: 3ms, application-code: 13ms)
 GET /api/auth/organization/list 200 in 23ms (next.js: 10ms, proxy.ts: 3ms, application-code: 10ms)
 POST /dashboard 200 in 63ms (next.js: 2ms, proxy.ts: 2ms, application-code: 58ms)
  └─ ƒ setCookieConsent({}) in 3ms src/app/preferences-actions.ts
 GET /settings 200 in 94ms (next.js: 6ms, proxy.ts: 4ms, application-code: 83ms)
  ✓  56 [chromium] › e2e/prod-ready-local.spec.ts:254:11 › local production readiness regression journeys › full navigation and workspace selection work at 768px in en (806ms)
 GET /dashboard 200 in 118ms (next.js: 2ms, proxy.ts: 2.0ms, application-code: 114ms)
 GET /api/auth/get-session 200 in 20ms (next.js: 5ms, proxy.ts: 2ms, application-code: 12ms)
 GET /api/auth/organization/list 200 in 22ms (next.js: 10ms, proxy.ts: 2ms, application-code: 9ms)
 POST /dashboard 200 in 73ms (next.js: 2ms, proxy.ts: 2ms, application-code: 68ms)
  └─ ƒ setCookieConsent({}) in 2ms src/app/preferences-actions.ts
 POST /api/auth/organization/set-active 200 in 16ms (next.js: 6ms, proxy.ts: 2ms, application-code: 8ms)
 GET /api/auth/get-session 200 in 50ms (next.js: 33ms, proxy.ts: 9ms, application-code: 8ms)
 GET /dashboard 307 in 82ms (next.js: 1.8ms, proxy.ts: 1.6ms, application-code: 79ms)
 GET /support?error=Vous%20n%E2%80%99avez%20plus%20acc%C3%A8s%20%C3%A0%20cette%20page.%20Choisissez%20une%20rubrique%20disponible%20ou%20contactez%20un%20administrateur. 200 in 102ms (next.js: 3ms, proxy.ts: 4ms, application-code: 96ms)
 GET /api/auth/get-session 200 in 20ms (next.js: 9ms, proxy.ts: 3ms, application-code: 8ms)
 GET /api/auth/organization/list 200 in 22ms (next.js: 4ms, proxy.ts: 2.0ms, application-code: 16ms)
 POST /api/auth/organization/set-active 200 in 14ms (next.js: 2ms, proxy.ts: 2ms, application-code: 10ms)
 GET /api/auth/get-session 200 in 85ms (next.js: 48ms, proxy.ts: 10ms, application-code: 27ms)
 GET /dashboard 200 in 144ms (next.js: 2ms, proxy.ts: 1.8ms, application-code: 140ms)
 GET /api/auth/get-session 200 in 17ms (next.js: 3ms, proxy.ts: 2ms, application-code: 11ms)
 GET /api/auth/organization/list 200 in 18ms (next.js: 7ms, proxy.ts: 2ms, application-code: 9ms)
  ✓  57 [chromium] › e2e/prod-ready-local.spec.ts:279:9 › local production readiness regression journeys › workspace selection switches context and permissions on mobile (1.3s)
 GET /agents 200 in 127ms (next.js: 4ms, proxy.ts: 1.8ms, application-code: 121ms)
  ✓  58 [chromium] › e2e/prod-ready-local.spec.ts:301:9 › local production readiness regression journeys › analysts do not see monitoring controls denied by their role (368ms)
 GET /status 200 in 59ms (next.js: 3ms, proxy.ts: 2ms, application-code: 54ms)
 GET /status 200 in 175ms (next.js: 1.7ms, proxy.ts: 1.9ms, application-code: 171ms)
 GET /status?status=active 200 in 26ms (next.js: 1.8ms, proxy.ts: 1.9ms, application-code: 22ms)
 GET /status/078c3d0b-b96e-4efc-92bd-35a22e6225ae 200 in 388ms (next.js: 354ms, proxy.ts: 2ms, application-code: 32ms)
 GET /status/078c3d0b-b96e-4efc-92bd-35a22e6225ae?cursor=eyJ2IjoxLCJpdiI6IjFSa3JmTUVaSVdfUno0UU4iLCJ0YWciOiJmbmgzcVUtdW4tRnQ4bmoxd0E1ZERBIiwiZGF0YSI6Ijg3bWZRUTVndHgtSHdIbFdqMkpxX3F6bEQ5bmJFVFNNRDd4R25VbmNWU2hpclN2WGtsS3J5MzJtc0hKMkJjd1E3cnRVMVFiV21HbFlSb19EMEVVd1pJV2o4LVZ3RlBsS25KUkc5eVA2dmtiX2xPYUVYZzcyYWRTeV9zMGM0VUNpZDVKMFdNYUxtSmVNRktxQV9jT09COEEzS1J3aWFFcnA2YVBFWmtUS09qcVZqcGd0RDBhbTJ5SmlaelVYNHBSRlpIVVBQUElicDc2YlRXU2JyR281UnB1djdCV1JFbUh1T29kSk9mUUltUWFiM3BrSGFWdmZhR3Fqc3JoeVhYRXBodHZXVDhCcFVYblFTbXU0alJEZjZUWnFzaTBpRmtiNVJxQ3lhaEFxWGR1dkVCbkRKQzM3ZWcifQ 200 in 32ms (next.js: 4ms, proxy.ts: 2ms, application-code: 25ms)
 GET /status?cursor=forged 200 in 65ms (next.js: 2ms, proxy.ts: 1.8ms, application-code: 61ms)
 GET /status/b4de9c8a-47d3-4761-85e1-dda50ad70d8a 404 in 48ms (next.js: 4ms, proxy.ts: 3ms, application-code: 41ms)
 GET /status/invalid 404 in 46ms (next.js: 4ms, proxy.ts: 2ms, application-code: 40ms)
  ✓  59 [chromium] › e2e/public-status-local.spec.ts:13:53 › truthful public status › shows unknown health and complete incident history in fr (2.3s)
 GET /status 200 in 55ms (next.js: 2.0ms, proxy.ts: 2ms, application-code: 51ms)
 GET /status 200 in 167ms (next.js: 9ms, proxy.ts: 2.0ms, application-code: 156ms)
 GET /status?status=active 200 in 33ms (next.js: 2ms, proxy.ts: 2ms, application-code: 29ms)
 GET /status/19d2f935-0271-4b78-b597-e04c88ff4b9f 200 in 32ms (next.js: 4ms, proxy.ts: 2ms, application-code: 26ms)
 GET /status/19d2f935-0271-4b78-b597-e04c88ff4b9f?cursor=eyJ2IjoxLCJpdiI6IjllRlQyTEd0SE9TWWlrV3kiLCJ0YWciOiJUendScUo1WlRTQ1U4el9oeThZS1pBIiwiZGF0YSI6IkN5UGNudFBCYWtzdzFqZ1BPZG5TQVZqLUNGdnBZRVo2dl9NcWR1X1Q1ZDJ2YW5oTlpQa0wzV3JYamNMUHdZYWJkNl9QSUlVdXVmSEs4ME45WnhRdkRnQjVTZThvTE9HZlAxVTJMWEZ6bDVZd1dXTUtnWnRSSDVDWjlqd25XQ0U3Wkx5WFowMHdOTGN5Skwxa0FhbTA1aExoX3lxVmExMHRzWEd2dURwTGlvUmw5NDNYWEFMbndsVl9NRU1QYzVHbko2MTk5dXR5SVNPZk1PandabTJhZWFzRWdfQnlYQmNyQ0hqellUYkg5bG4zbTBLdUdqckN6Rll0RE1WX1pkanZCYzlwSlkxLW1oWkhBOEZyTnBuWWxCRm5BZ1JUV0RGV216WDd2RkJKdkR1SjNVTFV6WmFXUWcifQ 200 in 32ms (next.js: 4ms, proxy.ts: 2ms, application-code: 26ms)
 GET /status?cursor=forged 200 in 54ms (next.js: 1.8ms, proxy.ts: 1.6ms, application-code: 51ms)
 GET /status/5efb2e5f-5d53-441c-b2a2-451d7de889a0 404 in 53ms (next.js: 5ms, proxy.ts: 2ms, application-code: 45ms)
 GET /status/invalid 404 in 45ms (next.js: 3ms, proxy.ts: 2ms, application-code: 40ms)
  ✓  60 [chromium] › e2e/public-status-local.spec.ts:13:53 › truthful public status › shows unknown health and complete incident history in en (1.6s)
 GET / 200 in 74ms (next.js: 3ms, proxy.ts: 1.7ms, application-code: 70ms)
  ✓  61 [chromium] › e2e/public.spec.ts:3:5 › public landing exposes the product proposition and account creation (661ms)
 GET /dashboard 307 in 51ms (next.js: 2.0ms, proxy.ts: 2ms, application-code: 47ms)
 GET /sign-in 200 in 37ms (next.js: 5ms, proxy.ts: 1.5ms, application-code: 30ms)
  ✓  62 [chromium] › e2e/public.spec.ts:24:5 › authenticated areas redirect anonymous visitors to sign-in (156ms)
 GET /privacy 200 in 41ms (next.js: 4ms, proxy.ts: 2ms, application-code: 35ms)
 GET /terms 200 in 42ms (next.js: 3ms, proxy.ts: 2ms, application-code: 36ms)
  ✓  63 [chromium] › e2e/public.spec.ts:30:5 › privacy and terms pages are public (470ms)
 GET /subprocessors 200 in 41ms (next.js: 4ms, proxy.ts: 1.6ms, application-code: 36ms)
  ✓  64 [chromium] › e2e/public.spec.ts:37:5 › the subprocessor register and change-notice policy are public (283ms)
 GET / 200 in 77ms (next.js: 1.7ms, proxy.ts: 1.7ms, application-code: 73ms)
 GET /privacy 200 in 41ms (next.js: 2ms, proxy.ts: 3ms, application-code: 36ms)
  ✓  65 [chromium] › e2e/public.spec.ts:44:5 › the public product and legal surface honor the English locale (850ms)
 GET /status 200 in 66ms (next.js: 1.9ms, proxy.ts: 1.7ms, application-code: 62ms)
  ✓  66 [chromium] › e2e/public.spec.ts:60:5 › public status page never claims operational health when status storage is unavailable (304ms)
 GET /reports 200 in 145ms (next.js: 3ms, proxy.ts: 1.6ms, application-code: 140ms)
 GET /api/auth/get-session 200 in 33ms (next.js: 8ms, proxy.ts: 3ms, application-code: 22ms)
 GET /api/auth/organization/list 200 in 37ms (next.js: 18ms, proxy.ts: 4ms, application-code: 15ms)
 POST /reports 200 in 109ms (next.js: 3ms, proxy.ts: 2ms, application-code: 104ms)
  └─ ƒ setCookieConsent({}) in 3ms src/app/preferences-actions.ts
 GET /reports?notice=Rapport+cr%C3%A9%C3%A9.+R%C3%A9v%C3%A9lez+son+URL+dans+les+cinq+prochaines+minutes.&reveal=report-url&revealId=bfcec640-2df9-4728-bec7-6182c1da5f42 200 in 82ms (next.js: 2ms, proxy.ts: 1.6ms, application-code: 78ms)
 POST /reports 200 in 117ms (next.js: 2ms, proxy.ts: 3ms, application-code: 113ms)
  └─ ƒ createShareLink({}) in 23ms src/app/report-actions.ts
 POST /api/secret-revelation 200 in 102ms (next.js: 66ms, proxy.ts: 4ms, application-code: 32ms)
 GET /r/[REDACTED]?edition=20d32bca-04a0-42f8-85fd-c4d5675f8b95 200 in 804ms (next.js: 694ms, proxy.ts: 2ms, application-code: 108ms)
 GET /r/[REDACTED]/csv?edition=20d32bca-04a0-42f8-85fd-c4d5675f8b95 200 in 653ms (next.js: 633ms, proxy.ts: 1.9ms, application-code: 19ms)
 GET /r/[REDACTED]/pdf?edition=20d32bca-04a0-42f8-85fd-c4d5675f8b95 200 in 1010ms (next.js: 732ms, proxy.ts: 1.4ms, application-code: 277ms)
 GET /r/[REDACTED]?error=L%E2%80%99envoi+de+codes+email+n%E2%80%99est+pas+configur%C3%A9.&edition=20d32bca-04a0-42f8-85fd-c4d5675f8b95 200 in 50ms (next.js: 3ms, proxy.ts: 1.6ms, application-code: 46ms)
 POST /r/[REDACTED]?edition=20d32bca-04a0-42f8-85fd-c4d5675f8b95 200 in 72ms (next.js: 4ms, proxy.ts: 2ms, application-code: 66ms)
  └─ ƒ requestReportFeedbackOtp({}) in 9ms src/app/actions.ts
 GET /r/[REDACTED]?edition=20d32bca-04a0-42f8-85fd-c4d5675f8b95&otp=1 200 in 131ms (next.js: 3ms, proxy.ts: 2ms, application-code: 126ms)
 GET /r/[REDACTED]?error=Demandez+un+nouveau+code.&otp=1&edition=20d32bca-04a0-42f8-85fd-c4d5675f8b95 200 in 71ms (next.js: 3ms, proxy.ts: 1.6ms, application-code: 66ms)
 POST /r/[REDACTED]?edition=20d32bca-04a0-42f8-85fd-c4d5675f8b95&otp=1 200 in 90ms (next.js: 3ms, proxy.ts: 3ms, application-code: 84ms)
  └─ ƒ verifyReportFeedbackOtp({}) in 6ms src/app/actions.ts
 GET /reports?notice=Rapport+cr%C3%A9%C3%A9.+R%C3%A9v%C3%A9lez+son+URL+dans+les+cinq+prochaines+minutes.&reveal=report-url&revealId=1c757b6e-0204-4ba6-86c0-b584dec9d47e 200 in 67ms (next.js: 1.9ms, proxy.ts: 1.6ms, application-code: 64ms)
 POST /reports?notice=Rapport%20cr%C3%A9%C3%A9.%20R%C3%A9v%C3%A9lez%20son%20URL%20dans%20les%20cinq%20prochaines%20minutes.&reveal=report-url&revealId=bfcec640-2df9-4728-bec7-6182c1da5f42 200 in 96ms (next.js: 2ms, proxy.ts: 2ms, application-code: 91ms)
  └─ ƒ createShareLink({}) in 17ms src/app/report-actions.ts
 POST /api/secret-revelation 200 in 26ms (next.js: 3ms, proxy.ts: 3ms, application-code: 21ms)
 GET /r/[REDACTED]?edition=c3314103-3964-4b05-a206-e34c4ca9a5ac 200 in 88ms (next.js: 4ms, proxy.ts: 1.7ms, application-code: 82ms)
 GET /r/[REDACTED]/csv?edition=c3314103-3964-4b05-a206-e34c4ca9a5ac 200 in 16ms (next.js: 4ms, proxy.ts: 2ms, application-code: 10ms)
 GET /r/[REDACTED]/pdf?edition=c3314103-3964-4b05-a206-e34c4ca9a5ac 200 in 122ms (next.js: 4ms, proxy.ts: 1.9ms, application-code: 116ms)
 GET /reports?notice=Rapport+cr%C3%A9%C3%A9.+R%C3%A9v%C3%A9lez+son+URL+dans+les+cinq+prochaines+minutes.&reveal=report-url&revealId=97c36d84-87e4-44b0-94fd-9808844af4aa 200 in 98ms (next.js: 2ms, proxy.ts: 2.0ms, application-code: 94ms)
 POST /reports?notice=Rapport%20cr%C3%A9%C3%A9.%20R%C3%A9v%C3%A9lez%20son%20URL%20dans%20les%20cinq%20prochaines%20minutes.&reveal=report-url&revealId=1c757b6e-0204-4ba6-86c0-b584dec9d47e 200 in 135ms (next.js: 3ms, proxy.ts: 4ms, application-code: 129ms)
  └─ ƒ createShareLink({}) in 21ms src/app/report-actions.ts
 POST /api/secret-revelation 200 in 35ms (next.js: 4ms, proxy.ts: 5ms, application-code: 26ms)
 GET /r/[REDACTED]?edition=a77db5a9-46eb-445d-a685-51ddc5f68f75 200 in 103ms (next.js: 7ms, proxy.ts: 3ms, application-code: 93ms)
 GET /r/[REDACTED]/csv?edition=a77db5a9-46eb-445d-a685-51ddc5f68f75 200 in 34ms (next.js: 5ms, proxy.ts: 1.9ms, application-code: 27ms)
 GET /r/[REDACTED]/pdf?edition=a77db5a9-46eb-445d-a685-51ddc5f68f75 200 in 86ms (next.js: 5ms, proxy.ts: 4ms, application-code: 77ms)
 GET /reports?notice=Rapport+cr%C3%A9%C3%A9.+R%C3%A9v%C3%A9lez+son+URL+dans+les+cinq+prochaines+minutes.&reveal=report-url&revealId=d7670148-6779-4b7c-a970-298b5a7f1267 200 in 94ms (next.js: 1.9ms, proxy.ts: 2ms, application-code: 90ms)
 POST /reports?notice=Rapport%20cr%C3%A9%C3%A9.%20R%C3%A9v%C3%A9lez%20son%20URL%20dans%20les%20cinq%20prochaines%20minutes.&reveal=report-url&revealId=97c36d84-87e4-44b0-94fd-9808844af4aa 200 in 124ms (next.js: 2ms, proxy.ts: 3ms, application-code: 118ms)
  └─ ƒ createShareLink({}) in 19ms src/app/report-actions.ts
 POST /api/secret-revelation 200 in 22ms (next.js: 3ms, proxy.ts: 4ms, application-code: 15ms)
 GET /r/[REDACTED]?edition=91c48213-d380-4b97-a380-16221e36a636 200 in 80ms (next.js: 3ms, proxy.ts: 1.9ms, application-code: 75ms)
 GET /r/[REDACTED]/csv?edition=91c48213-d380-4b97-a380-16221e36a636 200 in 14ms (next.js: 3ms, proxy.ts: 2ms, application-code: 9ms)
 GET /r/[REDACTED]/pdf?edition=91c48213-d380-4b97-a380-16221e36a636 200 in 72ms (next.js: 3ms, proxy.ts: 1.3ms, application-code: 68ms)
 GET /reports?notice=Rapport+cr%C3%A9%C3%A9.+R%C3%A9v%C3%A9lez+son+URL+dans+les+cinq+prochaines+minutes.&reveal=report-url&revealId=0b925c8c-6194-4de5-9f0c-425f34f2e949 200 in 76ms (next.js: 1.7ms, proxy.ts: 1.4ms, application-code: 73ms)
 POST /reports?notice=Rapport%20cr%C3%A9%C3%A9.%20R%C3%A9v%C3%A9lez%20son%20URL%20dans%20les%20cinq%20prochaines%20minutes.&reveal=report-url&revealId=d7670148-6779-4b7c-a970-298b5a7f1267 200 in 115ms (next.js: 13ms, proxy.ts: 3ms, application-code: 99ms)
  └─ ƒ createShareLink({}) in 18ms src/app/report-actions.ts
 POST /api/secret-revelation 200 in 17ms (next.js: 1.7ms, proxy.ts: 3ms, application-code: 13ms)
 GET /r/[REDACTED]?edition=fad38650-ed2e-4c84-9ad8-5f81d211cabf 200 in 89ms (next.js: 4ms, proxy.ts: 1.8ms, application-code: 83ms)
 GET /r/[REDACTED]/csv?edition=fad38650-ed2e-4c84-9ad8-5f81d211cabf 200 in 22ms (next.js: 4ms, proxy.ts: 2ms, application-code: 16ms)
 GET /r/[REDACTED]/pdf?edition=fad38650-ed2e-4c84-9ad8-5f81d211cabf 200 in 122ms (next.js: 3ms, proxy.ts: 2ms, application-code: 116ms)
 GET /r/[REDACTED]?edition=20d32bca-04a0-42f8-85fd-c4d5675f8b95 200 in 83ms (next.js: 3ms, proxy.ts: 3ms, application-code: 77ms)
 GET /r/[REDACTED]/csv?edition=20d32bca-04a0-42f8-85fd-c4d5675f8b95 200 in 14ms (next.js: 2ms, proxy.ts: 2ms, application-code: 10ms)
 GET /r/[REDACTED]/pdf?edition=20d32bca-04a0-42f8-85fd-c4d5675f8b95 200 in 316ms (next.js: 4ms, proxy.ts: 1.6ms, application-code: 311ms)
 GET /reports?notice=R%C3%A9vision+publi%C3%A9e.+Les+%C3%A9ditions+pr%C3%A9c%C3%A9dentes+restent+inchang%C3%A9es.&reveal=report-url&revealId=196a7dcb-1c25-4a17-bcd1-3a05595faadb 200 in 70ms (next.js: 1.7ms, proxy.ts: 1.5ms, application-code: 66ms)
 POST /reports?notice=Rapport%20cr%C3%A9%C3%A9.%20R%C3%A9v%C3%A9lez%20son%20URL%20dans%20les%20cinq%20prochaines%20minutes.&reveal=report-url&revealId=0b925c8c-6194-4de5-9f0c-425f34f2e949 200 in 101ms (next.js: 3ms, proxy.ts: 5ms, application-code: 92ms)
  └─ ƒ reviseReportEdition({}) in 16ms src/app/report-actions.ts
 POST /api/secret-revelation 200 in 16ms (next.js: 1.6ms, proxy.ts: 2ms, application-code: 12ms)
 GET /r/[REDACTED]?edition=d64282fa-c9c2-4de4-bdd0-0598651a9505 200 in 94ms (next.js: 4ms, proxy.ts: 2ms, application-code: 87ms)
 GET /r/[REDACTED]/csv?edition=d64282fa-c9c2-4de4-bdd0-0598651a9505 200 in 16ms (next.js: 5ms, proxy.ts: 3ms, application-code: 9ms)
 GET /reports?error=Les+donn%C3%A9es+compl%C3%A8tes+de+cette+p%C3%A9riode+ne+sont+pas+disponibles.+Actualisez+l%E2%80%99historique+du+compte+avant+de+publier+ce+bilan. 200 in 78ms (next.js: 1.8ms, proxy.ts: 1.6ms, application-code: 74ms)
 POST /reports?notice=R%C3%A9vision%20publi%C3%A9e.%20Les%20%C3%A9ditions%20pr%C3%A9c%C3%A9dentes%20restent%20inchang%C3%A9es.&reveal=report-url&revealId=196a7dcb-1c25-4a17-bcd1-3a05595faadb 200 in 100ms (next.js: 2ms, proxy.ts: 2ms, application-code: 96ms)
  └─ ƒ createShareLink({}) in 12ms src/app/report-actions.ts
 GET /r/[REDACTED]?edition=20d32bca-04a0-42f8-85fd-c4d5675f8b95 200 in 103ms (next.js: 3ms, proxy.ts: 2ms, application-code: 98ms)
 GET /r/[REDACTED]/pdf?edition=20d32bca-04a0-42f8-85fd-c4d5675f8b95 429 in 11ms (next.js: 3ms, proxy.ts: 2.0ms, application-code: 5ms)
 GET /r/[REDACTED]/csv?edition=20d32bca-04a0-42f8-85fd-c4d5675f8b95 404 in 8ms (next.js: 3ms, proxy.ts: 1.4ms, application-code: 4ms)
 GET /reports 200 in 143ms (next.js: 2ms, proxy.ts: 1.8ms, application-code: 139ms)
  ✓  67 [chromium] › e2e/report-editions-local.spec.ts:16:53 › published report editions › creates every period and preserves HTML PDF CSV through revision in fr (10.6s)
 GET /reports 200 in 159ms (next.js: 8ms, proxy.ts: 2ms, application-code: 149ms)
 GET /api/auth/get-session 200 in 19ms (next.js: 6ms, proxy.ts: 2ms, application-code: 12ms)
 GET /api/auth/organization/list 200 in 21ms (next.js: 10ms, proxy.ts: 2ms, application-code: 9ms)
 POST /reports 200 in 72ms (next.js: 2ms, proxy.ts: 2ms, application-code: 68ms)
  └─ ƒ setCookieConsent({}) in 2ms src/app/preferences-actions.ts
 GET /reports?notice=Report+created.+Reveal+its+URL+within+the+next+five+minutes.&reveal=report-url&revealId=b55f4836-13a0-41fc-b93e-5867da7f11a1 200 in 81ms (next.js: 1.7ms, proxy.ts: 1.6ms, application-code: 77ms)
 POST /reports 200 in 107ms (next.js: 1.9ms, proxy.ts: 2ms, application-code: 103ms)
  └─ ƒ createShareLink({}) in 16ms src/app/report-actions.ts
 POST /api/secret-revelation 200 in 16ms (next.js: 1.6ms, proxy.ts: 3ms, application-code: 12ms)
 GET /r/[REDACTED]?edition=3e3a98d2-55d6-4e46-b6ef-4787f205be32 200 in 80ms (next.js: 4ms, proxy.ts: 1.9ms, application-code: 74ms)
 GET /r/[REDACTED]/csv?edition=3e3a98d2-55d6-4e46-b6ef-4787f205be32 200 in 14ms (next.js: 4ms, proxy.ts: 1.7ms, application-code: 9ms)
 GET /r/[REDACTED]/pdf?edition=3e3a98d2-55d6-4e46-b6ef-4787f205be32 200 in 203ms (next.js: 3ms, proxy.ts: 1.4ms, application-code: 198ms)
 GET /r/[REDACTED]?error=Email+code+delivery+is+not+configured.&edition=3e3a98d2-55d6-4e46-b6ef-4787f205be32 200 in 64ms (next.js: 4ms, proxy.ts: 4ms, application-code: 57ms)
 POST /r/[REDACTED]?edition=3e3a98d2-55d6-4e46-b6ef-4787f205be32 200 in 92ms (next.js: 5ms, proxy.ts: 3ms, application-code: 84ms)
  └─ ƒ requestReportFeedbackOtp({}) in 11ms src/app/actions.ts
 GET /r/[REDACTED]?edition=3e3a98d2-55d6-4e46-b6ef-4787f205be32&otp=1 200 in 116ms (next.js: 4ms, proxy.ts: 3ms, application-code: 110ms)
 GET /r/[REDACTED]?error=Request+a+new+code.&otp=1&edition=3e3a98d2-55d6-4e46-b6ef-4787f205be32 200 in 58ms (next.js: 3ms, proxy.ts: 1.8ms, application-code: 54ms)
 POST /r/[REDACTED]?edition=3e3a98d2-55d6-4e46-b6ef-4787f205be32&otp=1 200 in 74ms (next.js: 3ms, proxy.ts: 3ms, application-code: 68ms)
  └─ ƒ verifyReportFeedbackOtp({}) in 5ms src/app/actions.ts
 GET /reports?notice=Report+created.+Reveal+its+URL+within+the+next+five+minutes.&reveal=report-url&revealId=19002191-2a79-4bb4-8d20-4110e09a8b49 200 in 66ms (next.js: 2ms, proxy.ts: 1.6ms, application-code: 63ms)
 POST /reports?notice=Report%20created.%20Reveal%20its%20URL%20within%20the%20next%20five%20minutes.&reveal=report-url&revealId=b55f4836-13a0-41fc-b93e-5867da7f11a1 200 in 92ms (next.js: 2ms, proxy.ts: 2ms, application-code: 88ms)
  └─ ƒ createShareLink({}) in 16ms src/app/report-actions.ts
 POST /api/secret-revelation 200 in 18ms (next.js: 1.7ms, proxy.ts: 2ms, application-code: 14ms)
 GET /r/[REDACTED]?edition=f7f97603-4ee4-45e2-ad0c-ed38f727e4e1 200 in 85ms (next.js: 4ms, proxy.ts: 1.9ms, application-code: 79ms)
 GET /r/[REDACTED]/csv?edition=f7f97603-4ee4-45e2-ad0c-ed38f727e4e1 200 in 16ms (next.js: 4ms, proxy.ts: 2ms, application-code: 9ms)
 GET /r/[REDACTED]/pdf?edition=f7f97603-4ee4-45e2-ad0c-ed38f727e4e1 200 in 79ms (next.js: 4ms, proxy.ts: 1.5ms, application-code: 74ms)
 GET /reports?notice=Report+created.+Reveal+its+URL+within+the+next+five+minutes.&reveal=report-url&revealId=cacd4cd8-0439-471f-90a2-faedcd0f7e4a 200 in 75ms (next.js: 2ms, proxy.ts: 2ms, application-code: 71ms)
 POST /reports?notice=Report%20created.%20Reveal%20its%20URL%20within%20the%20next%20five%20minutes.&reveal=report-url&revealId=19002191-2a79-4bb4-8d20-4110e09a8b49 200 in 119ms (next.js: 5ms, proxy.ts: 4ms, application-code: 110ms)
  └─ ƒ createShareLink({}) in 26ms src/app/report-actions.ts
 POST /api/secret-revelation 200 in 39ms (next.js: 3ms, proxy.ts: 3ms, application-code: 33ms)
 GET /r/[REDACTED]?edition=47352aec-33d7-443a-a7e9-d61b9410a261 200 in 97ms (next.js: 5ms, proxy.ts: 1.7ms, application-code: 91ms)
 GET /r/[REDACTED]/csv?edition=47352aec-33d7-443a-a7e9-d61b9410a261 200 in 26ms (next.js: 4ms, proxy.ts: 3ms, application-code: 20ms)
 GET /r/[REDACTED]/pdf?edition=47352aec-33d7-443a-a7e9-d61b9410a261 200 in 94ms (next.js: 4ms, proxy.ts: 2ms, application-code: 88ms)
 GET /reports?notice=Report+created.+Reveal+its+URL+within+the+next+five+minutes.&reveal=report-url&revealId=b5fa2721-f368-43f4-af56-4e2bcef42ca4 200 in 93ms (next.js: 2ms, proxy.ts: 1.7ms, application-code: 89ms)
 POST /reports?notice=Report%20created.%20Reveal%20its%20URL%20within%20the%20next%20five%20minutes.&reveal=report-url&revealId=cacd4cd8-0439-471f-90a2-faedcd0f7e4a 200 in 139ms (next.js: 4ms, proxy.ts: 6ms, application-code: 129ms)
  └─ ƒ createShareLink({}) in 28ms src/app/report-actions.ts
 POST /api/secret-revelation 200 in 31ms (next.js: 3ms, proxy.ts: 3ms, application-code: 25ms)
 GET /r/[REDACTED]?edition=7825c0ec-3229-4da8-aead-d39af8a51ad8 200 in 113ms (next.js: 5ms, proxy.ts: 4ms, application-code: 104ms)
 GET /r/[REDACTED]/csv?edition=7825c0ec-3229-4da8-aead-d39af8a51ad8 200 in 16ms (next.js: 4ms, proxy.ts: 3ms, application-code: 9ms)
 GET /r/[REDACTED]/pdf?edition=7825c0ec-3229-4da8-aead-d39af8a51ad8 200 in 71ms (next.js: 2ms, proxy.ts: 1.4ms, application-code: 67ms)
 GET /reports?notice=Report+created.+Reveal+its+URL+within+the+next+five+minutes.&reveal=report-url&revealId=5c7d66f3-7a11-40f8-a620-99b6d6fe2f26 200 in 79ms (next.js: 2ms, proxy.ts: 1.4ms, application-code: 76ms)
 POST /reports?notice=Report%20created.%20Reveal%20its%20URL%20within%20the%20next%20five%20minutes.&reveal=report-url&revealId=b5fa2721-f368-43f4-af56-4e2bcef42ca4 200 in 106ms (next.js: 3ms, proxy.ts: 3ms, application-code: 100ms)
  └─ ƒ createShareLink({}) in 15ms src/app/report-actions.ts
 POST /api/secret-revelation 200 in 17ms (next.js: 1.9ms, proxy.ts: 2ms, application-code: 13ms)
 GET /r/[REDACTED]?edition=792837ea-6532-4da1-9b7a-9932a80ac532 200 in 79ms (next.js: 4ms, proxy.ts: 1.9ms, application-code: 74ms)
 GET /r/[REDACTED]/csv?edition=792837ea-6532-4da1-9b7a-9932a80ac532 200 in 14ms (next.js: 3ms, proxy.ts: 1.7ms, application-code: 9ms)
 GET /r/[REDACTED]/pdf?edition=792837ea-6532-4da1-9b7a-9932a80ac532 200 in 142ms (next.js: 3ms, proxy.ts: 1.4ms, application-code: 137ms)
 GET /r/[REDACTED]?edition=3e3a98d2-55d6-4e46-b6ef-4787f205be32 200 in 156ms (next.js: 6ms, proxy.ts: 4ms, application-code: 145ms)
 GET /r/[REDACTED]/csv?edition=3e3a98d2-55d6-4e46-b6ef-4787f205be32 200 in 17ms (next.js: 2ms, proxy.ts: 6ms, application-code: 9ms)
 GET /r/[REDACTED]/pdf?edition=3e3a98d2-55d6-4e46-b6ef-4787f205be32 200 in 217ms (next.js: 2ms, proxy.ts: 1.6ms, application-code: 213ms)
 GET /reports?notice=Revision+published.+Previous+editions+remain+unchanged.&reveal=report-url&revealId=fbb25189-9ca8-479f-893f-76326ce20b77 200 in 100ms (next.js: 3ms, proxy.ts: 3ms, application-code: 95ms)
 POST /reports?notice=Report%20created.%20Reveal%20its%20URL%20within%20the%20next%20five%20minutes.&reveal=report-url&revealId=5c7d66f3-7a11-40f8-a620-99b6d6fe2f26 200 in 132ms (next.js: 3ms, proxy.ts: 3ms, application-code: 126ms)
  └─ ƒ reviseReportEdition({}) in 19ms src/app/report-actions.ts
 POST /api/secret-revelation 200 in 15ms (next.js: 1.5ms, proxy.ts: 2ms, application-code: 12ms)
 GET /r/[REDACTED]?edition=49b58c21-0dc6-4e2c-a54c-b20feb97a3f6 200 in 80ms (next.js: 4ms, proxy.ts: 1.9ms, application-code: 74ms)
 GET /r/[REDACTED]/csv?edition=49b58c21-0dc6-4e2c-a54c-b20feb97a3f6 200 in 23ms (next.js: 4ms, proxy.ts: 1.8ms, application-code: 17ms)
 GET /reports?error=Les+donn%C3%A9es+compl%C3%A8tes+de+cette+p%C3%A9riode+ne+sont+pas+disponibles.+Actualisez+l%E2%80%99historique+du+compte+avant+de+publier+ce+bilan. 200 in 137ms (next.js: 2ms, proxy.ts: 2ms, application-code: 133ms)
 POST /reports?notice=Revision%20published.%20Previous%20editions%20remain%20unchanged.&reveal=report-url&revealId=fbb25189-9ca8-479f-893f-76326ce20b77 200 in 177ms (next.js: 2ms, proxy.ts: 2ms, application-code: 172ms)
  └─ ƒ createShareLink({}) in 19ms src/app/report-actions.ts
 GET /r/[REDACTED]?edition=3e3a98d2-55d6-4e46-b6ef-4787f205be32 200 in 182ms (next.js: 7ms, proxy.ts: 4ms, application-code: 171ms)
 GET /r/[REDACTED]/pdf?edition=3e3a98d2-55d6-4e46-b6ef-4787f205be32 429 in 13ms (next.js: 4ms, proxy.ts: 3ms, application-code: 6ms)
 GET /r/[REDACTED]/csv?edition=3e3a98d2-55d6-4e46-b6ef-4787f205be32 404 in 9ms (next.js: 4ms, proxy.ts: 1.4ms, application-code: 4ms)
 GET /reports 200 in 185ms (next.js: 2ms, proxy.ts: 2ms, application-code: 180ms)
  ✓  68 [chromium] › e2e/report-editions-local.spec.ts:16:53 › published report editions › creates every period and preserves HTML PDF CSV through revision in en (7.1s)
 GET /reports 200 in 159ms (next.js: 12ms, proxy.ts: 2ms, application-code: 144ms)
 GET /api/auth/get-session 200 in 21ms (next.js: 6ms, proxy.ts: 2ms, application-code: 13ms)
 GET /api/auth/organization/list 200 in 23ms (next.js: 10ms, proxy.ts: 2ms, application-code: 10ms)
 GET /reports?notice=Mod%C3%A8le+de+rapport+cr%C3%A9%C3%A9. 200 in 72ms (next.js: 2ms, proxy.ts: 1.8ms, application-code: 68ms)
 POST /reports 200 in 98ms (next.js: 2ms, proxy.ts: 2ms, application-code: 93ms)
  └─ ƒ createReportTemplate({}) in 16ms src/app/report-actions.ts
 GET /reports?notice=Nouvelle+version+du+mod%C3%A8le+enregistr%C3%A9e. 200 in 68ms (next.js: 1.6ms, proxy.ts: 1.4ms, application-code: 65ms)
 POST /reports?notice=Mod%C3%A8le%20de%20rapport%20cr%C3%A9%C3%A9. 200 in 86ms (next.js: 2ms, proxy.ts: 2.0ms, application-code: 82ms)
  └─ ƒ updateReportTemplate({}) in 9ms src/app/report-actions.ts
 GET /reports?notice=Envoi+planifi%C3%A9+cr%C3%A9%C3%A9. 200 in 76ms (next.js: 2ms, proxy.ts: 2ms, application-code: 71ms)
 POST /reports?notice=Nouvelle%20version%20du%20mod%C3%A8le%20enregistr%C3%A9e. 200 in 104ms (next.js: 2ms, proxy.ts: 3ms, application-code: 99ms)
  └─ ƒ createReportSchedule({}) in 18ms src/app/report-actions.ts
 GET /reports?error=Un+envoi+est+en+cours.+R%C3%A9essayez+dans+quelques+minutes. 200 in 75ms (next.js: 1.9ms, proxy.ts: 1.5ms, application-code: 71ms)
 POST /reports?notice=Envoi%20planifi%C3%A9%20cr%C3%A9%C3%A9. 200 in 92ms (next.js: 2.0ms, proxy.ts: 1.9ms, application-code: 88ms)
  └─ ƒ rotateScheduledReportToken({}) in 8ms src/app/report-actions.ts
 GET /reports?error=Un+envoi+est+en+cours.+R%C3%A9essayez+dans+quelques+minutes. 200 in 77ms (next.js: 1.6ms, proxy.ts: 1.6ms, application-code: 74ms)
 POST /reports?error=Un%20envoi%20est%20en%20cours.%20R%C3%A9essayez%20dans%20quelques%20minutes. 200 in 97ms (next.js: 1.9ms, proxy.ts: 1.8ms, application-code: 93ms)
  └─ ƒ toggleReportSchedule({}) in 7ms src/app/report-actions.ts
 GET /reports?notice=Token+du+rapport+planifi%C3%A9+renouvel%C3%A9.+L%E2%80%99ancien+lien+est+imm%C3%A9diatement+invalide. 200 in 72ms (next.js: 3ms, proxy.ts: 1.8ms, application-code: 68ms)
 POST /reports?error=Un%20envoi%20est%20en%20cours.%20R%C3%A9essayez%20dans%20quelques%20minutes. 200 in 91ms (next.js: 2ms, proxy.ts: 2ms, application-code: 86ms)
  └─ ƒ rotateScheduledReportToken({}) in 9ms src/app/report-actions.ts
 GET /reports?notice=Envoi+planifi%C3%A9+suspendu+et+lien+r%C3%A9voqu%C3%A9. 200 in 69ms (next.js: 1.9ms, proxy.ts: 1.5ms, application-code: 66ms)
 POST /reports?notice=Token%20du%20rapport%20planifi%C3%A9%20renouvel%C3%A9.%20L%E2%80%99ancien%20lien%20est%20imm%C3%A9diatement%20invalide. 200 in 88ms (next.js: 2ms, proxy.ts: 2ms, application-code: 83ms)
  └─ ƒ toggleReportSchedule({}) in 9ms src/app/report-actions.ts
 GET /reports?notice=Envoi+planifi%C3%A9+activ%C3%A9. 200 in 70ms (next.js: 1.8ms, proxy.ts: 1.7ms, application-code: 67ms)
 POST /reports?notice=Envoi%20planifi%C3%A9%20suspendu%20et%20lien%20r%C3%A9voqu%C3%A9. 200 in 90ms (next.js: 2ms, proxy.ts: 3ms, application-code: 85ms)
  └─ ƒ toggleReportSchedule({}) in 9ms src/app/report-actions.ts
 GET /reports?notice=Mod%C3%A8le+d%C3%A9sactiv%C3%A9.+Les+rapports+existants+conservent+leur+snapshot. 200 in 65ms (next.js: 1.2ms, proxy.ts: 3ms, application-code: 61ms)
 POST /reports?notice=Envoi%20planifi%C3%A9%20activ%C3%A9. 200 in 84ms (next.js: 2ms, proxy.ts: 2ms, application-code: 80ms)
  └─ ƒ deactivateReportTemplate({}) in 8ms src/app/report-actions.ts
 GET /reports?error=Permission+required%3A+reports%3Amanage 200 in 42ms (next.js: 1.9ms, proxy.ts: 1.8ms, application-code: 38ms)
 POST /reports?notice=Mod%C3%A8le%20d%C3%A9sactiv%C3%A9.%20Les%20rapports%20existants%20conservent%20leur%20snapshot. 200 in 59ms (next.js: 2ms, proxy.ts: 3ms, application-code: 54ms)
  └─ ƒ createReportTemplate({}) in 7ms src/app/report-actions.ts
 GET /support?error=Vous+n%E2%80%99avez+plus+acc%C3%A8s+%C3%A0+cette+page.+Choisissez+une+rubrique+disponible+ou+contactez+un+administrateur. 200 in 77ms (next.js: 4ms, proxy.ts: 1.6ms, application-code: 71ms)
 GET /support?error=Vous+n%E2%80%99avez+plus+acc%C3%A8s+%C3%A0+cette+page.+Choisissez+une+rubrique+disponible+ou+contactez+un+administrateur. 200 in 59ms (next.js: 6ms, proxy.ts: 6ms, application-code: 48ms)
  ✓  69 [chromium] › e2e/report-management-actors-local.spec.ts:6:7 › analyst manages templates and schedules and loses write access in fr (2.5s)
 GET /reports 200 in 133ms (next.js: 2ms, proxy.ts: 2ms, application-code: 129ms)
 GET /api/auth/get-session 200 in 22ms (next.js: 12ms, proxy.ts: 3ms, application-code: 8ms)
 GET /api/auth/organization/list 200 in 25ms (next.js: 7ms, proxy.ts: 3ms, application-code: 15ms)
 GET /reports?notice=Mod%C3%A8le+de+rapport+cr%C3%A9%C3%A9. 200 in 82ms (next.js: 2.0ms, proxy.ts: 2ms, application-code: 77ms)
 POST /reports 200 in 104ms (next.js: 2ms, proxy.ts: 3ms, application-code: 99ms)
  └─ ƒ createReportTemplate({}) in 11ms src/app/report-actions.ts
 GET /reports?notice=Nouvelle+version+du+mod%C3%A8le+enregistr%C3%A9e. 200 in 80ms (next.js: 1.8ms, proxy.ts: 1.5ms, application-code: 77ms)
 POST /reports?notice=Mod%C3%A8le%20de%20rapport%20cr%C3%A9%C3%A9. 200 in 100ms (next.js: 2ms, proxy.ts: 2ms, application-code: 95ms)
  └─ ƒ updateReportTemplate({}) in 9ms src/app/report-actions.ts
 GET /reports?notice=Envoi+planifi%C3%A9+cr%C3%A9%C3%A9. 200 in 75ms (next.js: 1.9ms, proxy.ts: 1.6ms, application-code: 71ms)
 POST /reports?notice=Nouvelle%20version%20du%20mod%C3%A8le%20enregistr%C3%A9e. 200 in 95ms (next.js: 2ms, proxy.ts: 3ms, application-code: 90ms)
  └─ ƒ createReportSchedule({}) in 10ms src/app/report-actions.ts
 GET /reports?error=Un+envoi+est+en+cours.+R%C3%A9essayez+dans+quelques+minutes. 200 in 80ms (next.js: 2.0ms, proxy.ts: 1.8ms, application-code: 76ms)
 POST /reports?notice=Envoi%20planifi%C3%A9%20cr%C3%A9%C3%A9. 200 in 97ms (next.js: 2ms, proxy.ts: 2.0ms, application-code: 93ms)
  └─ ƒ rotateScheduledReportToken({}) in 8ms src/app/report-actions.ts
 GET /reports?error=Un+envoi+est+en+cours.+R%C3%A9essayez+dans+quelques+minutes. 200 in 66ms (next.js: 1.8ms, proxy.ts: 1.6ms, application-code: 62ms)
 POST /reports?error=Un%20envoi%20est%20en%20cours.%20R%C3%A9essayez%20dans%20quelques%20minutes. 200 in 81ms (next.js: 2ms, proxy.ts: 1.8ms, application-code: 77ms)
  └─ ƒ toggleReportSchedule({}) in 6ms src/app/report-actions.ts
 GET /reports?notice=Token+du+rapport+planifi%C3%A9+renouvel%C3%A9.+L%E2%80%99ancien+lien+est+imm%C3%A9diatement+invalide. 200 in 73ms (next.js: 1.8ms, proxy.ts: 1.7ms, application-code: 70ms)
 POST /reports?error=Un%20envoi%20est%20en%20cours.%20R%C3%A9essayez%20dans%20quelques%20minutes. 200 in 90ms (next.js: 1.8ms, proxy.ts: 2ms, application-code: 86ms)
  └─ ƒ rotateScheduledReportToken({}) in 8ms src/app/report-actions.ts
 GET /reports?notice=Envoi+planifi%C3%A9+suspendu+et+lien+r%C3%A9voqu%C3%A9. 200 in 63ms (next.js: 2ms, proxy.ts: 1.7ms, application-code: 59ms)
 POST /reports?notice=Token%20du%20rapport%20planifi%C3%A9%20renouvel%C3%A9.%20L%E2%80%99ancien%20lien%20est%20imm%C3%A9diatement%20invalide. 200 in 80ms (next.js: 1.9ms, proxy.ts: 2ms, application-code: 76ms)
  └─ ƒ toggleReportSchedule({}) in 8ms src/app/report-actions.ts
 GET /reports?notice=Envoi+planifi%C3%A9+activ%C3%A9. 200 in 77ms (next.js: 1.9ms, proxy.ts: 1.8ms, application-code: 73ms)
 POST /reports?notice=Envoi%20planifi%C3%A9%20suspendu%20et%20lien%20r%C3%A9voqu%C3%A9. 200 in 95ms (next.js: 2.0ms, proxy.ts: 2ms, application-code: 91ms)
  └─ ƒ toggleReportSchedule({}) in 8ms src/app/report-actions.ts
 GET /reports?notice=Mod%C3%A8le+d%C3%A9sactiv%C3%A9.+Les+rapports+existants+conservent+leur+snapshot. 200 in 67ms (next.js: 1.9ms, proxy.ts: 1.7ms, application-code: 63ms)
 POST /reports?notice=Envoi%20planifi%C3%A9%20activ%C3%A9. 200 in 83ms (next.js: 1.7ms, proxy.ts: 3ms, application-code: 79ms)
  └─ ƒ deactivateReportTemplate({}) in 8ms src/app/report-actions.ts
 GET /reports?error=Permission+required%3A+reports%3Amanage 200 in 52ms (next.js: 1.9ms, proxy.ts: 1.5ms, application-code: 48ms)
 POST /reports?notice=Mod%C3%A8le%20d%C3%A9sactiv%C3%A9.%20Les%20rapports%20existants%20conservent%20leur%20snapshot. 200 in 67ms (next.js: 2ms, proxy.ts: 2ms, application-code: 63ms)
  └─ ƒ createReportTemplate({}) in 6ms src/app/report-actions.ts
 GET /support?error=You+no+longer+have+access+to+this+page.+Choose+an+available+section+or+contact+an+administrator. 200 in 64ms (next.js: 2ms, proxy.ts: 1.9ms, application-code: 60ms)
 GET /support?error=You+no+longer+have+access+to+this+page.+Choose+an+available+section+or+contact+an+administrator. 200 in 46ms (next.js: 4ms, proxy.ts: 4ms, application-code: 38ms)
  ✓  70 [chromium] › e2e/report-management-actors-local.spec.ts:6:7 › analyst manages templates and schedules and loses write access in en (2.4s)
 POST /api/auth/organization/set-active 200 in 13ms (next.js: 4ms, proxy.ts: 1.6ms, application-code: 8ms)
 GET /reports 200 in 147ms (next.js: 2ms, proxy.ts: 2ms, application-code: 143ms)
 GET /api/auth/get-session 200 in 18ms (next.js: 4ms, proxy.ts: 3ms, application-code: 12ms)
 GET /api/auth/organization/list 200 in 20ms (next.js: 8ms, proxy.ts: 3ms, application-code: 9ms)
 POST /api/auth/organization/set-active 200 in 12ms (next.js: 3ms, proxy.ts: 1.7ms, application-code: 8ms)
 GET /reports?error=L%E2%80%99espace+actif+a+chang%C3%A9.+Rechargez+la+page+avant+d%E2%80%99enregistrer. 200 in 97ms (next.js: 2ms, proxy.ts: 2ms, application-code: 92ms)
 POST /reports 200 in 114ms (next.js: 3ms, proxy.ts: 3ms, application-code: 108ms)
  └─ ƒ createReportTemplate({}) in 6ms src/app/report-actions.ts
 GET /reports?notice=Mod%C3%A8le+de+rapport+cr%C3%A9%C3%A9. 200 in 68ms (next.js: 2ms, proxy.ts: 1.6ms, application-code: 65ms)
 POST /reports?error=L%E2%80%99espace%20actif%20a%20chang%C3%A9.%20Rechargez%20la%20page%20avant%20d%E2%80%99enregistrer. 200 in 86ms (next.js: 2ms, proxy.ts: 2ms, application-code: 81ms)
  └─ ƒ createReportTemplate({}) in 8ms src/app/report-actions.ts
 POST /api/auth/organization/set-active 200 in 12ms (next.js: 3ms, proxy.ts: 1.8ms, application-code: 7ms)
  ✓  71 [chromium] › e2e/report-workspace-forms-local.spec.ts:6:7 › report draft fr cannot cross workspaces after another tab switches the session (1.0s)
 POST /api/auth/organization/set-active 200 in 11ms (next.js: 3ms, proxy.ts: 1.8ms, application-code: 6ms)
 GET /reports 200 in 144ms (next.js: 2.0ms, proxy.ts: 1.7ms, application-code: 140ms)
 GET /api/auth/get-session 200 in 18ms (next.js: 4ms, proxy.ts: 3ms, application-code: 11ms)
 GET /api/auth/organization/list 200 in 19ms (next.js: 8ms, proxy.ts: 2ms, application-code: 8ms)
 POST /api/auth/organization/set-active 200 in 12ms (next.js: 2ms, proxy.ts: 2ms, application-code: 8ms)
 GET /reports?error=L%E2%80%99espace+actif+a+chang%C3%A9.+Rechargez+la+page+avant+d%E2%80%99enregistrer. 200 in 79ms (next.js: 1.9ms, proxy.ts: 2ms, application-code: 75ms)
 POST /reports 200 in 93ms (next.js: 2ms, proxy.ts: 2ms, application-code: 89ms)
  └─ ƒ createReportTemplate({}) in 4ms src/app/report-actions.ts
 GET /reports?notice=Mod%C3%A8le+de+rapport+cr%C3%A9%C3%A9. 200 in 70ms (next.js: 1.9ms, proxy.ts: 1.7ms, application-code: 67ms)
 POST /reports?error=L%E2%80%99espace%20actif%20a%20chang%C3%A9.%20Rechargez%20la%20page%20avant%20d%E2%80%99enregistrer. 200 in 89ms (next.js: 2ms, proxy.ts: 3ms, application-code: 84ms)
  └─ ƒ createReportTemplate({}) in 9ms src/app/report-actions.ts
 POST /api/auth/organization/set-active 200 in 14ms (next.js: 4ms, proxy.ts: 1.9ms, application-code: 9ms)
  ✓  72 [chromium] › e2e/report-workspace-forms-local.spec.ts:6:7 › report draft en cannot cross workspaces after another tab switches the session (960ms)
 GET /settings 200 in 220ms (next.js: 4ms, proxy.ts: 2ms, application-code: 214ms)
 GET /api/auth/get-session 200 in 22ms (next.js: 4ms, proxy.ts: 3ms, application-code: 14ms)
 GET /api/auth/organization/list 200 in 24ms (next.js: 8ms, proxy.ts: 3ms, application-code: 12ms)
 GET /settings?notice=Cl%C3%A9+cr%C3%A9%C3%A9e.+R%C3%A9v%C3%A9lez-la+une+seule+fois+dans+les+cinq+prochaines+minutes.&reveal=api-key&revealId=4bc5fed1-ba3e-4b37-968b-4b5d518c7328 200 in 97ms (next.js: 2.0ms, proxy.ts: 1.7ms, application-code: 93ms)
 POST /settings 200 in 118ms (next.js: 2ms, proxy.ts: 2ms, application-code: 114ms)
  └─ ƒ createAgencyApiKey({}) in 11ms src/app/actions.ts
 POST /api/secret-revelation 404 in 12ms (next.js: 1.6ms, proxy.ts: 1.8ms, application-code: 9ms)
 GET /settings 200 in 231ms (next.js: 1.8ms, proxy.ts: 1.4ms, application-code: 227ms)
 GET /api/auth/get-session 200 in 19ms (next.js: 5ms, proxy.ts: 3ms, application-code: 11ms)
 GET /api/auth/organization/list 200 in 20ms (next.js: 9ms, proxy.ts: 3ms, application-code: 9ms)
 GET /settings?notice=Cl%C3%A9+cr%C3%A9%C3%A9e.+R%C3%A9v%C3%A9lez-la+une+seule+fois+dans+les+cinq+prochaines+minutes.&reveal=api-key&revealId=a27468f7-a11d-40b2-a354-290e79be35fe 200 in 91ms (next.js: 1.8ms, proxy.ts: 2.0ms, application-code: 87ms)
 POST /settings 200 in 112ms (next.js: 2ms, proxy.ts: 2.0ms, application-code: 108ms)
  └─ ƒ createAgencyApiKey({}) in 12ms src/app/actions.ts
 POST /api/secret-revelation 404 in 12ms (next.js: 1.6ms, proxy.ts: 1.9ms, application-code: 9ms)
 POST /api/secret-revelation 404 in 14ms (next.js: 1.6ms, proxy.ts: 2.0ms, application-code: 10ms)
 POST /api/secret-revelation 200 in 18ms (next.js: 1.6ms, proxy.ts: 3ms, application-code: 14ms)
 POST /api/secret-revelation 404 in 16ms (next.js: 2ms, proxy.ts: 1.8ms, application-code: 12ms)
 GET /settings 200 in 245ms (next.js: 2ms, proxy.ts: 1.8ms, application-code: 241ms)
 GET /api/auth/get-session 200 in 20ms (next.js: 5ms, proxy.ts: 3ms, application-code: 12ms)
 GET /api/auth/organization/list 200 in 21ms (next.js: 10ms, proxy.ts: 3ms, application-code: 9ms)
 GET /settings?notice=Cl%C3%A9+cr%C3%A9%C3%A9e.+R%C3%A9v%C3%A9lez-la+une+seule+fois+dans+les+cinq+prochaines+minutes.&reveal=api-key&revealId=0fbb2c95-ced8-4fb1-b752-babc19cbb8b5 200 in 100ms (next.js: 1.9ms, proxy.ts: 1.6ms, application-code: 97ms)
 POST /settings 200 in 121ms (next.js: 2ms, proxy.ts: 2ms, application-code: 116ms)
  └─ ƒ createAgencyApiKey({}) in 11ms src/app/actions.ts
 POST /api/secret-revelation 404 in 20ms (next.js: 1.9ms, proxy.ts: 5ms, application-code: 14ms)
 POST /api/secret-revelation 404 in 17ms (next.js: 1.7ms, proxy.ts: 3ms, application-code: 12ms)
  ✓  73 [chromium] › e2e/secret-revelation-local.spec.ts:6:7 › secret revelation fr binds the pending value, recovers offline and refuses revoked authority (2.9s)
 GET /settings 200 in 211ms (next.js: 2ms, proxy.ts: 1.7ms, application-code: 207ms)
 GET /api/auth/get-session 200 in 19ms (next.js: 4ms, proxy.ts: 4ms, application-code: 11ms)
 GET /api/auth/organization/list 200 in 20ms (next.js: 8ms, proxy.ts: 3ms, application-code: 9ms)
 GET /settings?notice=Cl%C3%A9+cr%C3%A9%C3%A9e.+R%C3%A9v%C3%A9lez-la+une+seule+fois+dans+les+cinq+prochaines+minutes.&reveal=api-key&revealId=89ba9c4a-3658-4a1c-806e-312ce079a5ad 200 in 118ms (next.js: 2ms, proxy.ts: 1.8ms, application-code: 114ms)
 POST /settings 200 in 147ms (next.js: 2ms, proxy.ts: 2ms, application-code: 142ms)
  └─ ƒ createAgencyApiKey({}) in 15ms src/app/actions.ts
 POST /api/secret-revelation 404 in 11ms (next.js: 1.7ms, proxy.ts: 1.8ms, application-code: 8ms)
 GET /settings 200 in 240ms (next.js: 1.9ms, proxy.ts: 1.5ms, application-code: 237ms)
 GET /api/auth/get-session 200 in 19ms (next.js: 5ms, proxy.ts: 2ms, application-code: 12ms)
 GET /api/auth/organization/list 200 in 20ms (next.js: 9ms, proxy.ts: 2ms, application-code: 9ms)
 GET /settings?notice=Cl%C3%A9+cr%C3%A9%C3%A9e.+R%C3%A9v%C3%A9lez-la+une+seule+fois+dans+les+cinq+prochaines+minutes.&reveal=api-key&revealId=a9d6d598-2e92-43b6-9127-28ec3b3d2546 200 in 94ms (next.js: 3ms, proxy.ts: 1.6ms, application-code: 90ms)
 POST /settings 200 in 116ms (next.js: 2ms, proxy.ts: 2ms, application-code: 111ms)
  └─ ƒ createAgencyApiKey({}) in 12ms src/app/actions.ts
 POST /api/secret-revelation 404 in 19ms (next.js: 1.5ms, proxy.ts: 1.8ms, application-code: 16ms)
 POST /api/secret-revelation 404 in 12ms (next.js: 1.4ms, proxy.ts: 1.5ms, application-code: 9ms)
 POST /api/secret-revelation 200 in 15ms (next.js: 1.6ms, proxy.ts: 2ms, application-code: 11ms)
 POST /api/secret-revelation 404 in 14ms (next.js: 1.5ms, proxy.ts: 1.7ms, application-code: 11ms)
 GET /settings 200 in 259ms (next.js: 2ms, proxy.ts: 1.5ms, application-code: 255ms)
 GET /api/auth/get-session 200 in 18ms (next.js: 5ms, proxy.ts: 2ms, application-code: 11ms)
 GET /api/auth/organization/list 200 in 19ms (next.js: 9ms, proxy.ts: 2ms, application-code: 8ms)
 GET /settings?notice=Cl%C3%A9+cr%C3%A9%C3%A9e.+R%C3%A9v%C3%A9lez-la+une+seule+fois+dans+les+cinq+prochaines+minutes.&reveal=api-key&revealId=4740ce0f-226f-4f73-8fd0-405a3f6ac759 200 in 117ms (next.js: 2ms, proxy.ts: 1.6ms, application-code: 113ms)
 POST /settings 200 in 140ms (next.js: 3ms, proxy.ts: 2ms, application-code: 135ms)
  └─ ƒ createAgencyApiKey({}) in 12ms src/app/actions.ts
 POST /api/secret-revelation 404 in 17ms (next.js: 1.6ms, proxy.ts: 2ms, application-code: 13ms)
 POST /api/secret-revelation 404 in 14ms (next.js: 1.5ms, proxy.ts: 3ms, application-code: 10ms)
  ✓  74 [chromium] › e2e/secret-revelation-local.spec.ts:6:7 › secret revelation en binds the pending value, recovers offline and refuses revoked authority (2.6s)
 GET /settings 200 in 214ms (next.js: 2ms, proxy.ts: 2ms, application-code: 210ms)
 GET /api/auth/get-session 200 in 19ms (next.js: 5ms, proxy.ts: 3ms, application-code: 11ms)
 GET /api/auth/organization/list 200 in 20ms (next.js: 9ms, proxy.ts: 3ms, application-code: 9ms)
 GET /settings?notice=Cl%C3%A9+cr%C3%A9%C3%A9e.+R%C3%A9v%C3%A9lez-la+une+seule+fois+dans+les+cinq+prochaines+minutes.&reveal=api-key&revealId=8549a6de-0382-4084-ad05-8972c9dadaaf 200 in 105ms (next.js: 2ms, proxy.ts: 1.7ms, application-code: 101ms)
 POST /settings 200 in 125ms (next.js: 2ms, proxy.ts: 2.0ms, application-code: 121ms)
  └─ ƒ createAgencyApiKey({}) in 11ms src/app/actions.ts
 POST /api/secret-revelation 200 in 18ms (next.js: 1.7ms, proxy.ts: 3ms, application-code: 13ms)
 POST /api/secret-revelation 404 in 11ms (next.js: 1.3ms, proxy.ts: 1.8ms, application-code: 8ms)
 GET /settings 200 in 214ms (next.js: 2ms, proxy.ts: 1.6ms, application-code: 211ms)
 GET /api/auth/get-session 200 in 23ms (next.js: 5ms, proxy.ts: 5ms, application-code: 13ms)
 GET /api/auth/organization/list 200 in 24ms (next.js: 9ms, proxy.ts: 5ms, application-code: 11ms)
 GET /settings?notice=Cl%C3%A9+API+r%C3%A9voqu%C3%A9e. 200 in 106ms (next.js: 4ms, proxy.ts: 1.7ms, application-code: 101ms)
 POST /settings 200 in 125ms (next.js: 3ms, proxy.ts: 3ms, application-code: 119ms)
  └─ ƒ revokeAgencyApiKey({}) in 6ms src/app/actions.ts
 GET /settings?notice=Canal+de+notification+ajout%C3%A9. 200 in 97ms (next.js: 1.8ms, proxy.ts: 1.6ms, application-code: 94ms)
 POST /settings?notice=Cl%C3%A9%20API%20r%C3%A9voqu%C3%A9e. 200 in 123ms (next.js: 11ms, proxy.ts: 3ms, application-code: 110ms)
  └─ ƒ createNotificationChannel({}) in 7ms src/app/actions.ts
 GET /settings?notice=Canal+d%C3%A9sactiv%C3%A9. 200 in 104ms (next.js: 2ms, proxy.ts: 1.8ms, application-code: 100ms)
 POST /settings?notice=Canal%20de%20notification%20ajout%C3%A9. 200 in 122ms (next.js: 2ms, proxy.ts: 3ms, application-code: 117ms)
  └─ ƒ disableNotificationChannel({}) in 8ms src/app/actions.ts
 GET /settings?notice=R%C3%A8gles+de+s%C3%A9curit%C3%A9+enregistr%C3%A9es. 200 in 87ms (next.js: 1.8ms, proxy.ts: 1.7ms, application-code: 84ms)
 POST /settings?notice=Canal%20d%C3%A9sactiv%C3%A9. 200 in 108ms (next.js: 2ms, proxy.ts: 2ms, application-code: 103ms)
  └─ ƒ updateSafetyRules({}) in 11ms src/app/actions.ts
 GET /settings?notice=Le+job+sera+r%C3%A9ex%C3%A9cut%C3%A9+par+le+prochain+worker+disponible. 200 in 96ms (next.js: 9ms, proxy.ts: 1.5ms, application-code: 86ms)
 POST /settings?notice=R%C3%A8gles%20de%20s%C3%A9curit%C3%A9%20enregistr%C3%A9es. 200 in 113ms (next.js: 2ms, proxy.ts: 2ms, application-code: 109ms)
  └─ ƒ retryDeadLetterJob({}) in 8ms src/app/actions.ts
 GET /settings 200 in 205ms (next.js: 1.8ms, proxy.ts: 1.6ms, application-code: 202ms)
 GET /api/auth/get-session 200 in 19ms (next.js: 5ms, proxy.ts: 3ms, application-code: 12ms)
 GET /api/auth/organization/list 200 in 21ms (next.js: 9ms, proxy.ts: 3ms, application-code: 10ms)
 GET /settings?error=Permission+required%3A+workspace%3Aadmin 200 in 53ms (next.js: 1.9ms, proxy.ts: 2ms, application-code: 49ms)
 POST /settings 200 in 70ms (next.js: 2ms, proxy.ts: 2ms, application-code: 65ms)
  └─ ƒ createNotificationChannel({}) in 7ms src/app/actions.ts
 GET /support?error=Vous+n%E2%80%99avez+plus+acc%C3%A8s+%C3%A0+cette+page.+Choisissez+une+rubrique+disponible+ou+contactez+un+administrateur. 200 in 59ms (next.js: 4ms, proxy.ts: 1.8ms, application-code: 53ms)
 GET /support?error=Vous+n%E2%80%99avez+plus+acc%C3%A8s+%C3%A0+cette+page.+Choisissez+une+rubrique+disponible+ou+contactez+un+administrateur. 200 in 53ms (next.js: 5ms, proxy.ts: 6ms, application-code: 42ms)
  ✓  75 [chromium] › e2e/security-actors-local.spec.ts:6:7 › security actor fr manages resources and rejects obsolete authority (3.1s)
 GET /settings 200 in 229ms (next.js: 2ms, proxy.ts: 1.6ms, application-code: 225ms)
 GET /api/auth/get-session 200 in 19ms (next.js: 5ms, proxy.ts: 3ms, application-code: 11ms)
 GET /api/auth/organization/list 200 in 20ms (next.js: 9ms, proxy.ts: 3ms, application-code: 9ms)
 GET /settings?notice=Cl%C3%A9+cr%C3%A9%C3%A9e.+R%C3%A9v%C3%A9lez-la+une+seule+fois+dans+les+cinq+prochaines+minutes.&reveal=api-key&revealId=2ac73dac-591d-4509-a7a9-a4c4fffdc8c6 200 in 107ms (next.js: 2ms, proxy.ts: 1.9ms, application-code: 103ms)
 POST /settings 200 in 135ms (next.js: 2ms, proxy.ts: 2ms, application-code: 130ms)
  └─ ƒ createAgencyApiKey({}) in 17ms src/app/actions.ts
 POST /api/secret-revelation 200 in 17ms (next.js: 1.7ms, proxy.ts: 2ms, application-code: 13ms)
 POST /api/secret-revelation 404 in 11ms (next.js: 1.9ms, proxy.ts: 1.7ms, application-code: 7ms)
 GET /settings 200 in 226ms (next.js: 1.9ms, proxy.ts: 1.8ms, application-code: 222ms)
 GET /api/auth/get-session 200 in 32ms (next.js: 5ms, proxy.ts: 3ms, application-code: 24ms)
 GET /api/auth/organization/list 200 in 34ms (next.js: 10ms, proxy.ts: 3ms, application-code: 21ms)
 GET /settings?notice=Cl%C3%A9+API+r%C3%A9voqu%C3%A9e. 200 in 95ms (next.js: 2ms, proxy.ts: 2ms, application-code: 91ms)
 POST /settings 200 in 114ms (next.js: 2ms, proxy.ts: 3ms, application-code: 109ms)
  └─ ƒ revokeAgencyApiKey({}) in 6ms src/app/actions.ts
 GET /settings?notice=Canal+de+notification+ajout%C3%A9. 200 in 108ms (next.js: 2ms, proxy.ts: 1.7ms, application-code: 105ms)
 POST /settings?notice=Cl%C3%A9%20API%20r%C3%A9voqu%C3%A9e. 200 in 128ms (next.js: 2ms, proxy.ts: 3ms, application-code: 123ms)
  └─ ƒ createNotificationChannel({}) in 9ms src/app/actions.ts
 GET /settings?notice=Canal+d%C3%A9sactiv%C3%A9. 200 in 94ms (next.js: 2.0ms, proxy.ts: 3ms, application-code: 90ms)
 POST /settings?notice=Canal%20de%20notification%20ajout%C3%A9. 200 in 117ms (next.js: 2.0ms, proxy.ts: 2ms, application-code: 112ms)
  └─ ƒ disableNotificationChannel({}) in 11ms src/app/actions.ts
 GET /settings?notice=R%C3%A8gles+de+s%C3%A9curit%C3%A9+enregistr%C3%A9es. 200 in 86ms (next.js: 2ms, proxy.ts: 1.5ms, application-code: 82ms)
 POST /settings?notice=Canal%20d%C3%A9sactiv%C3%A9. 200 in 112ms (next.js: 2ms, proxy.ts: 3ms, application-code: 108ms)
  └─ ƒ updateSafetyRules({}) in 10ms src/app/actions.ts
 GET /settings?notice=Le+job+sera+r%C3%A9ex%C3%A9cut%C3%A9+par+le+prochain+worker+disponible. 200 in 104ms (next.js: 2ms, proxy.ts: 1.9ms, application-code: 100ms)
 POST /settings?notice=R%C3%A8gles%20de%20s%C3%A9curit%C3%A9%20enregistr%C3%A9es. 200 in 122ms (next.js: 2ms, proxy.ts: 3ms, application-code: 117ms)
  └─ ƒ retryDeadLetterJob({}) in 9ms src/app/actions.ts
 GET /settings 200 in 202ms (next.js: 1.9ms, proxy.ts: 1.5ms, application-code: 199ms)
 GET /api/auth/get-session 200 in 18ms (next.js: 5ms, proxy.ts: 2ms, application-code: 11ms)
 GET /api/auth/organization/list 200 in 19ms (next.js: 8ms, proxy.ts: 2ms, application-code: 9ms)
 GET /settings?error=Permission+required%3A+workspace%3Aadmin 200 in 46ms (next.js: 2ms, proxy.ts: 2ms, application-code: 41ms)
 POST /settings 200 in 61ms (next.js: 2ms, proxy.ts: 2ms, application-code: 57ms)
  └─ ƒ createNotificationChannel({}) in 6ms src/app/actions.ts
 GET /support?error=You+no+longer+have+access+to+this+page.+Choose+an+available+section+or+contact+an+administrator. 200 in 74ms (next.js: 2ms, proxy.ts: 2ms, application-code: 69ms)
 GET /support?error=You+no+longer+have+access+to+this+page.+Choose+an+available+section+or+contact+an+administrator. 200 in 59ms (next.js: 5ms, proxy.ts: 5ms, application-code: 49ms)
  ✓  76 [chromium] › e2e/security-actors-local.spec.ts:6:7 › security actor en manages resources and rejects obsolete authority (3.1s)
 GET /settings 200 in 216ms (next.js: 2ms, proxy.ts: 2ms, application-code: 211ms)
 GET /api/auth/get-session 200 in 18ms (next.js: 5ms, proxy.ts: 3ms, application-code: 11ms)
 GET /api/auth/organization/list 200 in 19ms (next.js: 8ms, proxy.ts: 3ms, application-code: 8ms)
 GET /settings?notice=Workspace+language+updated. 200 in 96ms (next.js: 2ms, proxy.ts: 1.7ms, application-code: 92ms)
 POST /settings 200 in 118ms (next.js: 2ms, proxy.ts: 3ms, application-code: 113ms)
  └─ ƒ updateWorkspaceLocale({}) in 10ms src/app/actions.ts
 GET /settings?notice=Langue+de+l%E2%80%99espace+mise+%C3%A0+jour. 200 in 89ms (next.js: 2ms, proxy.ts: 2.0ms, application-code: 84ms)
 POST /settings?notice=Workspace%20language%20updated. 200 in 117ms (next.js: 3ms, proxy.ts: 3ms, application-code: 111ms)
  └─ ƒ updateWorkspaceLocale({}) in 17ms src/app/actions.ts
 GET /settings?notice=Politique+d%E2%80%99approbation+mise+%C3%A0+jour. 200 in 99ms (next.js: 1.9ms, proxy.ts: 1.7ms, application-code: 95ms)
 POST /settings?notice=Langue%20de%20l%E2%80%99espace%20mise%20%C3%A0%20jour. 200 in 118ms (next.js: 2ms, proxy.ts: 3ms, application-code: 113ms)
  └─ ƒ updateApprovalPolicy({}) in 8ms src/app/actions.ts
 GET /settings?notice=Identit%C3%A9+de+marque+enregistr%C3%A9e. 200 in 82ms (next.js: 1.8ms, proxy.ts: 1.4ms, application-code: 78ms)
 POST /settings?notice=Politique%20d%E2%80%99approbation%20mise%20%C3%A0%20jour. 200 in 99ms (next.js: 2ms, proxy.ts: 3ms, application-code: 94ms)
  └─ ƒ updateBranding({}) in 7ms src/app/actions.ts
 GET /settings?error=Capability+required%3A+approvals.dual 200 in 93ms (next.js: 2ms, proxy.ts: 1.7ms, application-code: 89ms)
 POST /settings?notice=Identit%C3%A9%20de%20marque%20enregistr%C3%A9e. 200 in 109ms (next.js: 2ms, proxy.ts: 2ms, application-code: 104ms)
  └─ ƒ updateApprovalPolicy({}) in 6ms src/app/actions.ts
 GET /settings 200 in 207ms (next.js: 2.0ms, proxy.ts: 1.8ms, application-code: 203ms)
 GET /api/auth/get-session 200 in 18ms (next.js: 5ms, proxy.ts: 2ms, application-code: 11ms)
 GET /api/auth/organization/list 200 in 22ms (next.js: 8ms, proxy.ts: 2ms, application-code: 11ms)
 GET /settings?error=Permission+required%3A+workspace%3Aadmin 200 in 51ms (next.js: 1.8ms, proxy.ts: 2ms, application-code: 47ms)
 POST /settings 200 in 67ms (next.js: 3ms, proxy.ts: 2ms, application-code: 63ms)
  └─ ƒ updateBranding({}) in 7ms src/app/actions.ts
 GET /support?error=Vous+n%E2%80%99avez+plus+acc%C3%A8s+%C3%A0+cette+page.+Choisissez+une+rubrique+disponible+ou+contactez+un+administrateur. 200 in 73ms (next.js: 2ms, proxy.ts: 1.7ms, application-code: 69ms)
 GET /support?error=Vous+n%E2%80%99avez+plus+acc%C3%A8s+%C3%A0+cette+page.+Choisissez+une+rubrique+disponible+ou+contactez+un+administrateur. 200 in 56ms (next.js: 5ms, proxy.ts: 4ms, application-code: 46ms)
 GET /settings 307 in 86ms (next.js: 1.8ms, proxy.ts: 1.8ms, application-code: 82ms)
 GET /portfolio 200 in 154ms (next.js: 3ms, proxy.ts: 1.5ms, application-code: 149ms)
 GET /api/auth/get-session 200 in 20ms (next.js: 6ms, proxy.ts: 3ms, application-code: 12ms)
 GET /api/auth/organization/list 200 in 22ms (next.js: 10ms, proxy.ts: 3ms, application-code: 9ms)
 GET /portfolio?view_notice=unavailable 200 in 45ms (next.js: 1.8ms, proxy.ts: 1.6ms, application-code: 42ms)
 POST /portfolio 200 in 61ms (next.js: 2ms, proxy.ts: 2ms, application-code: 57ms)
  └─ ƒ storePortfolioView({}) in 6ms src/app/portfolio-actions.ts
 GET /support?error=Vous+n%E2%80%99avez+plus+acc%C3%A8s+%C3%A0+cette+page.+Choisissez+une+rubrique+disponible+ou+contactez+un+administrateur. 200 in 72ms (next.js: 2ms, proxy.ts: 1.9ms, application-code: 68ms)
 GET /support?error=Vous+n%E2%80%99avez+plus+acc%C3%A8s+%C3%A0+cette+page.+Choisissez+une+rubrique+disponible+ou+contactez+un+administrateur. 200 in 59ms (next.js: 6ms, proxy.ts: 5ms, application-code: 48ms)
 GET /portfolio 307 in 72ms (next.js: 2ms, proxy.ts: 1.7ms, application-code: 68ms)
  ✓  77 [chromium] › e2e/settings-actors-local.spec.ts:6:7 › settings actor fr saves current policy and rejects downgraded or revoked forms (3.3s)
 GET /settings 200 in 209ms (next.js: 1.9ms, proxy.ts: 1.6ms, application-code: 206ms)
 GET /api/auth/get-session 200 in 26ms (next.js: 5ms, proxy.ts: 3ms, application-code: 19ms)
 GET /api/auth/organization/list 200 in 28ms (next.js: 16ms, proxy.ts: 3ms, application-code: 10ms)
 GET /settings?notice=Langue+de+l%E2%80%99espace+mise+%C3%A0+jour. 200 in 95ms (next.js: 2.0ms, proxy.ts: 1.9ms, application-code: 91ms)
 POST /settings 200 in 114ms (next.js: 3ms, proxy.ts: 2ms, application-code: 109ms)
  └─ ƒ updateWorkspaceLocale({}) in 9ms src/app/actions.ts
 GET /settings?notice=Workspace+language+updated. 200 in 112ms (next.js: 2ms, proxy.ts: 1.8ms, application-code: 108ms)
 POST /settings?notice=Langue%20de%20l%E2%80%99espace%20mise%20%C3%A0%20jour. 200 in 133ms (next.js: 2ms, proxy.ts: 2ms, application-code: 128ms)
  └─ ƒ updateWorkspaceLocale({}) in 11ms src/app/actions.ts
 GET /settings?notice=Approval+policy+updated. 200 in 88ms (next.js: 1.9ms, proxy.ts: 1.5ms, application-code: 84ms)
 POST /settings?notice=Workspace%20language%20updated. 200 in 106ms (next.js: 2ms, proxy.ts: 2ms, application-code: 101ms)
  └─ ƒ updateApprovalPolicy({}) in 9ms src/app/actions.ts
 GET /settings?notice=Identit%C3%A9+de+marque+enregistr%C3%A9e. 200 in 82ms (next.js: 1.8ms, proxy.ts: 1.7ms, application-code: 79ms)
 POST /settings?notice=Approval%20policy%20updated. 200 in 106ms (next.js: 2ms, proxy.ts: 2ms, application-code: 102ms)
  └─ ƒ updateBranding({}) in 7ms src/app/actions.ts
 GET /settings?error=Capability+required%3A+approvals.dual 200 in 100ms (next.js: 2ms, proxy.ts: 3ms, application-code: 95ms)
 POST /settings?notice=Identit%C3%A9%20de%20marque%20enregistr%C3%A9e. 200 in 115ms (next.js: 2ms, proxy.ts: 2ms, application-code: 111ms)
  └─ ƒ updateApprovalPolicy({}) in 5ms src/app/actions.ts
 GET /settings 200 in 206ms (next.js: 2.0ms, proxy.ts: 1.8ms, application-code: 202ms)
 GET /api/auth/get-session 200 in 18ms (next.js: 5ms, proxy.ts: 2ms, application-code: 11ms)
 GET /api/auth/organization/list 200 in 20ms (next.js: 9ms, proxy.ts: 2ms, application-code: 9ms)
 GET /settings?error=Permission+required%3A+workspace%3Aadmin 200 in 49ms (next.js: 1.9ms, proxy.ts: 1.7ms, application-code: 45ms)
 POST /settings 200 in 66ms (next.js: 2ms, proxy.ts: 2ms, application-code: 62ms)
  └─ ƒ updateBranding({}) in 8ms src/app/actions.ts
 GET /support?error=You+no+longer+have+access+to+this+page.+Choose+an+available+section+or+contact+an+administrator. 200 in 74ms (next.js: 1.9ms, proxy.ts: 2ms, application-code: 70ms)
 GET /support?error=You+no+longer+have+access+to+this+page.+Choose+an+available+section+or+contact+an+administrator. 200 in 56ms (next.js: 5ms, proxy.ts: 4ms, application-code: 47ms)
 GET /settings 307 in 86ms (next.js: 1.9ms, proxy.ts: 1.9ms, application-code: 82ms)
 GET /portfolio 200 in 140ms (next.js: 1.8ms, proxy.ts: 2ms, application-code: 136ms)
 GET /api/auth/get-session 200 in 22ms (next.js: 6ms, proxy.ts: 3ms, application-code: 13ms)
 GET /api/auth/organization/list 200 in 24ms (next.js: 11ms, proxy.ts: 3ms, application-code: 11ms)
 GET /portfolio?view_notice=unavailable 200 in 67ms (next.js: 2ms, proxy.ts: 1.8ms, application-code: 63ms)
 POST /portfolio 200 in 87ms (next.js: 3ms, proxy.ts: 4ms, application-code: 81ms)
  └─ ƒ storePortfolioView({}) in 6ms src/app/portfolio-actions.ts
 GET /support?error=You+no+longer+have+access+to+this+page.+Choose+an+available+section+or+contact+an+administrator. 200 in 142ms (next.js: 6ms, proxy.ts: 7ms, application-code: 129ms)
 GET /support?error=You+no+longer+have+access+to+this+page.+Choose+an+available+section+or+contact+an+administrator. 200 in 115ms (next.js: 13ms, proxy.ts: 5ms, application-code: 97ms)
 GET /portfolio 307 in 70ms (next.js: 2ms, proxy.ts: 1.8ms, application-code: 66ms)
  ✓  78 [chromium] › e2e/settings-actors-local.spec.ts:6:7 › settings actor en saves current policy and rejects downgraded or revoked forms (3.3s)
 GET /tasks 200 in 129ms (next.js: 4ms, proxy.ts: 1.9ms, application-code: 123ms)
 GET /api/auth/get-session 200 in 19ms (next.js: 5ms, proxy.ts: 2ms, application-code: 11ms)
 GET /api/auth/organization/list 200 in 20ms (next.js: 9ms, proxy.ts: 2ms, application-code: 9ms)
 GET /tasks?notice=T%C3%A2che+cr%C3%A9%C3%A9e. 200 in 77ms (next.js: 3ms, proxy.ts: 4ms, application-code: 71ms)
 POST /tasks 200 in 100ms (next.js: 3ms, proxy.ts: 3ms, application-code: 94ms)
  └─ ƒ createWorkspaceTask({}) in 9ms src/app/actions.ts
 GET /tasks?id=0ee7d05c-b979-4298-884c-9e35d45f22b7 200 in 147ms (next.js: 1.8ms, proxy.ts: 1.6ms, application-code: 143ms)
 GET /api/auth/get-session 200 in 22ms (next.js: 5ms, proxy.ts: 3ms, application-code: 14ms)
 GET /api/auth/organization/list 200 in 23ms (next.js: 9ms, proxy.ts: 3ms, application-code: 11ms)
 GET /tasks?notice=T%C3%A2che+mise+%C3%A0+jour.&id=0ee7d05c-b979-4298-884c-9e35d45f22b7 200 in 74ms (next.js: 2ms, proxy.ts: 10ms, application-code: 62ms)
 POST /tasks?id=0ee7d05c-b979-4298-884c-9e35d45f22b7 200 in 92ms (next.js: 2ms, proxy.ts: 2ms, application-code: 88ms)
  └─ ƒ updateWorkspaceTask({}) in 9ms src/app/actions.ts
 GET /tasks?notice=T%C3%A2che+mise+%C3%A0+jour.&id=0ee7d05c-b979-4298-884c-9e35d45f22b7 200 in 61ms (next.js: 3ms, proxy.ts: 1.3ms, application-code: 57ms)
 POST /tasks?notice=T%C3%A2che%20mise%20%C3%A0%20jour.&id=0ee7d05c-b979-4298-884c-9e35d45f22b7 200 in 76ms (next.js: 1.7ms, proxy.ts: 2ms, application-code: 72ms)
  └─ ƒ updateWorkspaceTask({}) in 7ms src/app/actions.ts
 GET /tasks?notice=T%C3%A2che+mise+%C3%A0+jour.&id=0ee7d05c-b979-4298-884c-9e35d45f22b7 200 in 71ms (next.js: 1.9ms, proxy.ts: 1.5ms, application-code: 68ms)
 POST /tasks?notice=T%C3%A2che%20mise%20%C3%A0%20jour.&id=0ee7d05c-b979-4298-884c-9e35d45f22b7 200 in 87ms (next.js: 1.9ms, proxy.ts: 2ms, application-code: 83ms)
  └─ ƒ updateWorkspaceTask({}) in 8ms src/app/actions.ts
 GET /tasks?notice=T%C3%A2che+mise+%C3%A0+jour.&id=0ee7d05c-b979-4298-884c-9e35d45f22b7 200 in 74ms (next.js: 2ms, proxy.ts: 1.7ms, application-code: 70ms)
 POST /tasks?notice=T%C3%A2che%20mise%20%C3%A0%20jour.&id=0ee7d05c-b979-4298-884c-9e35d45f22b7 200 in 94ms (next.js: 3ms, proxy.ts: 2ms, application-code: 89ms)
  └─ ƒ updateWorkspaceTask({}) in 8ms src/app/actions.ts
 GET /tasks?notice=T%C3%A2che+mise+%C3%A0+jour.&id=0ee7d05c-b979-4298-884c-9e35d45f22b7 200 in 66ms (next.js: 1.8ms, proxy.ts: 2ms, application-code: 63ms)
 POST /tasks?notice=T%C3%A2che%20mise%20%C3%A0%20jour.&id=0ee7d05c-b979-4298-884c-9e35d45f22b7 200 in 82ms (next.js: 3ms, proxy.ts: 2ms, application-code: 78ms)
  └─ ƒ updateWorkspaceTask({}) in 6ms src/app/actions.ts
 GET /tasks?notice=T%C3%A2che+mise+%C3%A0+jour.&id=0ee7d05c-b979-4298-884c-9e35d45f22b7 200 in 59ms (next.js: 1.7ms, proxy.ts: 2ms, application-code: 55ms)
 POST /tasks?notice=T%C3%A2che%20mise%20%C3%A0%20jour.&id=0ee7d05c-b979-4298-884c-9e35d45f22b7 200 in 74ms (next.js: 1.9ms, proxy.ts: 2.0ms, application-code: 70ms)
  └─ ƒ updateWorkspaceTask({}) in 6ms src/app/actions.ts
 GET /tasks?notice=T%C3%A2che+mise+%C3%A0+jour.&id=0ee7d05c-b979-4298-884c-9e35d45f22b7 200 in 70ms (next.js: 1.9ms, proxy.ts: 2ms, application-code: 66ms)
 POST /tasks?notice=T%C3%A2che%20mise%20%C3%A0%20jour.&id=0ee7d05c-b979-4298-884c-9e35d45f22b7 200 in 84ms (next.js: 1.8ms, proxy.ts: 1.8ms, application-code: 80ms)
  └─ ƒ updateWorkspaceTask({}) in 6ms src/app/actions.ts
 GET /tasks?error=Transition+de+t%C3%A2che+interdite+%3A+done+%E2%86%92+start.&id=0ee7d05c-b979-4298-884c-9e35d45f22b7 200 in 60ms (next.js: 1.9ms, proxy.ts: 2ms, application-code: 56ms)
 POST /tasks?notice=T%C3%A2che%20mise%20%C3%A0%20jour.&id=0ee7d05c-b979-4298-884c-9e35d45f22b7 200 in 75ms (next.js: 2ms, proxy.ts: 2ms, application-code: 71ms)
  └─ ƒ updateWorkspaceTask({}) in 7ms src/app/actions.ts
 GET /tasks?error=Permission+required%3A+tasks%3Amanage&id=0ee7d05c-b979-4298-884c-9e35d45f22b7 200 in 72ms (next.js: 2ms, proxy.ts: 1.7ms, application-code: 68ms)
 POST /tasks?error=Transition%20de%20t%C3%A2che%20interdite%20%3A%20done%20%E2%86%92%20start.&id=0ee7d05c-b979-4298-884c-9e35d45f22b7 200 in 89ms (next.js: 3ms, proxy.ts: 3ms, application-code: 84ms)
  └─ ƒ updateWorkspaceTask({}) in 6ms src/app/actions.ts
 GET /tasks?notice=Commentaire+ajout%C3%A9.&id=0ee7d05c-b979-4298-884c-9e35d45f22b7 200 in 58ms (next.js: 2ms, proxy.ts: 1.8ms, application-code: 54ms)
 POST /tasks?error=Permission%20required%3A%20tasks%3Amanage&id=0ee7d05c-b979-4298-884c-9e35d45f22b7 200 in 74ms (next.js: 2ms, proxy.ts: 2ms, application-code: 70ms)
  └─ ƒ addWorkspaceTaskComment({}) in 8ms src/app/actions.ts
 GET /tasks?error=Workspace+access+state+does+not+allow%3A+tasks%3Acomment&id=0ee7d05c-b979-4298-884c-9e35d45f22b7 200 in 74ms (next.js: 2.0ms, proxy.ts: 1.9ms, application-code: 70ms)
 POST /tasks?notice=Commentaire%20ajout%C3%A9.&id=0ee7d05c-b979-4298-884c-9e35d45f22b7 200 in 92ms (next.js: 3ms, proxy.ts: 3ms, application-code: 85ms)
  └─ ƒ addWorkspaceTaskComment({}) in 6ms src/app/actions.ts
 GET /tasks?id=0ee7d05c-b979-4298-884c-9e35d45f22b7 200 in 134ms (next.js: 2ms, proxy.ts: 2ms, application-code: 129ms)
 GET /api/auth/get-session 200 in 32ms (next.js: 5ms, proxy.ts: 3ms, application-code: 25ms)
 GET /api/auth/organization/list 200 in 34ms (next.js: 10ms, proxy.ts: 3ms, application-code: 22ms)
  ✓  79 [chromium] › e2e/task-actors-local.spec.ts:6:7 › task actor fr creates, transitions, comments and rejects stale controls (3.5s)
 GET /tasks 200 in 119ms (next.js: 2ms, proxy.ts: 2ms, application-code: 115ms)
 GET /api/auth/get-session 200 in 594ms (next.js: 18ms, proxy.ts: 566ms, application-code: 10ms)
 GET /api/auth/organization/list 200 in 559ms (next.js: 19ms, proxy.ts: 531ms, application-code: 9ms)
 GET /tasks?notice=T%C3%A2che+cr%C3%A9%C3%A9e. 200 in 83ms (next.js: 2.0ms, proxy.ts: 1.7ms, application-code: 79ms)
 POST /tasks 200 in 118ms (next.js: 3ms, proxy.ts: 6ms, application-code: 108ms)
  └─ ƒ createWorkspaceTask({}) in 20ms src/app/actions.ts
 GET /tasks?id=0b37d6b5-bda9-4682-ba91-67e3eabb246d 200 in 156ms (next.js: 2ms, proxy.ts: 1.9ms, application-code: 151ms)
 GET /api/auth/get-session 200 in 19ms (next.js: 4ms, proxy.ts: 3ms, application-code: 11ms)
 GET /api/auth/organization/list 200 in 19ms (next.js: 8ms, proxy.ts: 2ms, application-code: 9ms)
 GET /tasks?notice=T%C3%A2che+mise+%C3%A0+jour.&id=0b37d6b5-bda9-4682-ba91-67e3eabb246d 200 in 76ms (next.js: 2ms, proxy.ts: 1.8ms, application-code: 72ms)
 POST /tasks?id=0b37d6b5-bda9-4682-ba91-67e3eabb246d 200 in 98ms (next.js: 2ms, proxy.ts: 3ms, application-code: 93ms)
  └─ ƒ updateWorkspaceTask({}) in 12ms src/app/actions.ts
 GET /tasks?notice=T%C3%A2che+mise+%C3%A0+jour.&id=0b37d6b5-bda9-4682-ba91-67e3eabb246d 200 in 72ms (next.js: 2.0ms, proxy.ts: 2ms, application-code: 68ms)
 POST /tasks?notice=T%C3%A2che%20mise%20%C3%A0%20jour.&id=0b37d6b5-bda9-4682-ba91-67e3eabb246d 200 in 87ms (next.js: 1.9ms, proxy.ts: 2.0ms, application-code: 83ms)
  └─ ƒ updateWorkspaceTask({}) in 7ms src/app/actions.ts
 GET /tasks?notice=T%C3%A2che+mise+%C3%A0+jour.&id=0b37d6b5-bda9-4682-ba91-67e3eabb246d 200 in 64ms (next.js: 1.8ms, proxy.ts: 1.4ms, application-code: 60ms)
 POST /tasks?notice=T%C3%A2che%20mise%20%C3%A0%20jour.&id=0b37d6b5-bda9-4682-ba91-67e3eabb246d 200 in 80ms (next.js: 2ms, proxy.ts: 2.0ms, application-code: 76ms)
  └─ ƒ updateWorkspaceTask({}) in 8ms src/app/actions.ts
 GET /tasks?notice=T%C3%A2che+mise+%C3%A0+jour.&id=0b37d6b5-bda9-4682-ba91-67e3eabb246d 200 in 83ms (next.js: 1.9ms, proxy.ts: 1.5ms, application-code: 79ms)
 POST /tasks?notice=T%C3%A2che%20mise%20%C3%A0%20jour.&id=0b37d6b5-bda9-4682-ba91-67e3eabb246d 200 in 99ms (next.js: 1.9ms, proxy.ts: 2.0ms, application-code: 95ms)
  └─ ƒ updateWorkspaceTask({}) in 7ms src/app/actions.ts
 GET /tasks?notice=T%C3%A2che+mise+%C3%A0+jour.&id=0b37d6b5-bda9-4682-ba91-67e3eabb246d 200 in 58ms (next.js: 1.7ms, proxy.ts: 1.3ms, application-code: 55ms)
 POST /tasks?notice=T%C3%A2che%20mise%20%C3%A0%20jour.&id=0b37d6b5-bda9-4682-ba91-67e3eabb246d 200 in 73ms (next.js: 2.0ms, proxy.ts: 2ms, application-code: 69ms)
  └─ ƒ updateWorkspaceTask({}) in 7ms src/app/actions.ts
 GET /tasks?notice=T%C3%A2che+mise+%C3%A0+jour.&id=0b37d6b5-bda9-4682-ba91-67e3eabb246d 200 in 66ms (next.js: 1.7ms, proxy.ts: 1.3ms, application-code: 63ms)
 POST /tasks?notice=T%C3%A2che%20mise%20%C3%A0%20jour.&id=0b37d6b5-bda9-4682-ba91-67e3eabb246d 200 in 81ms (next.js: 1.9ms, proxy.ts: 2ms, application-code: 77ms)
  └─ ƒ updateWorkspaceTask({}) in 6ms src/app/actions.ts
 GET /tasks?notice=T%C3%A2che+mise+%C3%A0+jour.&id=0b37d6b5-bda9-4682-ba91-67e3eabb246d 200 in 58ms (next.js: 1.8ms, proxy.ts: 1.8ms, application-code: 54ms)
 POST /tasks?notice=T%C3%A2che%20mise%20%C3%A0%20jour.&id=0b37d6b5-bda9-4682-ba91-67e3eabb246d 200 in 72ms (next.js: 1.9ms, proxy.ts: 2.0ms, application-code: 68ms)
  └─ ƒ updateWorkspaceTask({}) in 7ms src/app/actions.ts
 GET /tasks?error=Transition+de+t%C3%A2che+interdite+%3A+done+%E2%86%92+start.&id=0b37d6b5-bda9-4682-ba91-67e3eabb246d 200 in 69ms (next.js: 2ms, proxy.ts: 1.7ms, application-code: 66ms)
 POST /tasks?notice=T%C3%A2che%20mise%20%C3%A0%20jour.&id=0b37d6b5-bda9-4682-ba91-67e3eabb246d 200 in 85ms (next.js: 2ms, proxy.ts: 2ms, application-code: 81ms)
  └─ ƒ updateWorkspaceTask({}) in 7ms src/app/actions.ts
 GET /tasks?error=Permission+required%3A+tasks%3Amanage&id=0b37d6b5-bda9-4682-ba91-67e3eabb246d 200 in 60ms (next.js: 1.8ms, proxy.ts: 1.9ms, application-code: 56ms)
 POST /tasks?error=Transition%20de%20t%C3%A2che%20interdite%20%3A%20done%20%E2%86%92%20start.&id=0b37d6b5-bda9-4682-ba91-67e3eabb246d 200 in 73ms (next.js: 2ms, proxy.ts: 1.9ms, application-code: 69ms)
  └─ ƒ updateWorkspaceTask({}) in 4ms src/app/actions.ts
 GET /tasks?notice=Commentaire+ajout%C3%A9.&id=0b37d6b5-bda9-4682-ba91-67e3eabb246d 200 in 65ms (next.js: 1.7ms, proxy.ts: 1.5ms, application-code: 62ms)
 POST /tasks?error=Permission%20required%3A%20tasks%3Amanage&id=0b37d6b5-bda9-4682-ba91-67e3eabb246d 200 in 80ms (next.js: 2ms, proxy.ts: 2ms, application-code: 76ms)
  └─ ƒ addWorkspaceTaskComment({}) in 7ms src/app/actions.ts
 GET /tasks?error=Workspace+access+state+does+not+allow%3A+tasks%3Acomment&id=0b37d6b5-bda9-4682-ba91-67e3eabb246d 200 in 58ms (next.js: 1.7ms, proxy.ts: 1.6ms, application-code: 54ms)
 POST /tasks?notice=Commentaire%20ajout%C3%A9.&id=0b37d6b5-bda9-4682-ba91-67e3eabb246d 200 in 72ms (next.js: 2ms, proxy.ts: 2ms, application-code: 67ms)
  └─ ƒ addWorkspaceTaskComment({}) in 5ms src/app/actions.ts
 GET /tasks?id=0b37d6b5-bda9-4682-ba91-67e3eabb246d 200 in 140ms (next.js: 1.9ms, proxy.ts: 1.6ms, application-code: 136ms)
 GET /api/auth/get-session 200 in 34ms (next.js: 7ms, proxy.ts: 4ms, application-code: 23ms)
 GET /api/auth/organization/list 200 in 38ms (next.js: 17ms, proxy.ts: 4ms, application-code: 17ms)
  ✓  80 [chromium] › e2e/task-actors-local.spec.ts:6:7 › task actor en creates, transitions, comments and rejects stale controls (4.2s)
 GET /tasks?workspace=80000000-0000-4000-8000-000000000001&assignee=local-browser-fixture-analyst&status=open 200 in 305ms (next.js: 2ms, proxy.ts: 2ms, application-code: 301ms)
 GET /api/auth/get-session 200 in 18ms (next.js: 5ms, proxy.ts: 3ms, application-code: 11ms)
 GET /api/auth/organization/list 200 in 19ms (next.js: 9ms, proxy.ts: 3ms, application-code: 8ms)
 GET /tasks?workspace=80000000-0000-4000-8000-000000000001&assignee=local-browser-fixture-analyst&status=open&cursor=eyJ2IjoxLCJpdiI6IkdPR0F1WWNzTHdwLWJJc1IiLCJ0YWciOiJwS1Q5RDV1N1RhVG8yTHhZc3Z5REJBIiwiZGF0YSI6IklkUnZlREJLYmd6Umw2MExhVFhPVnFENkt1b0xROTNTaTZTMDF3RHJvRkNQZmN6LUpWVUNSUmxiRy1OT1d3dFRDblNUUGp2a1ZJWmlRc0x4NWxMRkRPX0VlRTkxT0NJR0xqNTRNdC04YXBqUW41VnF2SWtkZzhHYjNBcjF4R1BxZnphVW55d0VDMmhybk5HZXYyTUY1Vnh6WDlUb3I1Yzc5N3RYNjIyVHo5WUVFTFBQZkx5S19VQ00xM1pId3lESXhJQ1A4Y3lHcm9FNVJBMHZPU2ZJTncwU1B2ZUNQeEhJZnRPalBza193TFFkRUFSZkFVb2xuYVFqc2FGYjlweW5qRHlBVUNhb0JJUzFSNmVKMW9ZQ0QzMEptZGdaV2pITXc2MlRSdHFvc0RHampDMlVxeW91c2cifQ 200 in 81ms (next.js: 2ms, proxy.ts: 2ms, application-code: 77ms)
 GET /tasks?workspace=80000000-0000-4000-8000-000000000001&assignee=local-browser-fixture-analyst&status=open&cursor=eyJ2IjoxLCJpdiI6Ilhwd2MzNjNxMXRHX21FejQiLCJ0YWciOiJKNWU1WXdPaXNWTkJRb0JCblVyX3N3IiwiZGF0YSI6ImhRV2FCbmlqM2tDdU10REVGaVlhZEozSHV0QjU0VEVzekJya25pRjVST2ZCUk4tQW9lRzFqd0tMSUtod3RZVUs5WFNPU0p0VExoVy1tTHYyWWJsWlcyU0pEYXozU01qNWpnZGhCYlB0ZW5GT2ZUeTRfd0lacjhEVnFzOWhXSEQ3RzFNdzJLeGQ0MENqRFhVUzVsVEJKMnFNaU9MN1p4bzJqTXRiTG01dUVFaGpOZjVfQmdGOFk5dG9wMWZWR3JZXzR6RnhTXzZEQmRialdTdzJFdlhpQVJlRkNNVkxMSVRUTVVLTDlkb01Fa2NNUWVYRGZsMEt0WWpkaEUwZVd0X2g5TzBQVGN5amhkb183b2gxNlRfcUpSeUhHTDM3QmZrMVBLRWIyUjFxdEc3OGZkWkd3QnRCcGcifQ 200 in 60ms (next.js: 2ms, proxy.ts: 2ms, application-code: 56ms)
 GET /tasks?workspace=80000000-0000-4000-8000-000000000002 200 in 93ms (next.js: 1.7ms, proxy.ts: 2ms, application-code: 89ms)
 GET /api/auth/get-session 200 in 21ms (next.js: 6ms, proxy.ts: 3ms, application-code: 12ms)
 GET /api/auth/organization/list 200 in 23ms (next.js: 11ms, proxy.ts: 3ms, application-code: 9ms)
 GET /tasks 200 in 8ms (next.js: 3ms, proxy.ts: 2ms, application-code: 3ms)
 GET /tasks 200 in 107ms (next.js: 3ms, proxy.ts: 3ms, application-code: 101ms)
 GET /tasks 200 in 429ms (next.js: 3ms, proxy.ts: 1.8ms, application-code: 424ms)
 GET /api/auth/get-session 200 in 12ms (next.js: 4ms, proxy.ts: 1.9ms, application-code: 6ms)
 GET /api/auth/organization/list 200 in 13ms (next.js: 2ms, proxy.ts: 2ms, application-code: 8ms)
 GET /tasks?error=Date+d%E2%80%99%C3%A9ch%C3%A9ance+invalide. 200 in 151ms (next.js: 3ms, proxy.ts: 2ms, application-code: 146ms)
 POST /tasks 200 in 169ms (next.js: 2ms, proxy.ts: 2ms, application-code: 164ms)
  └─ ƒ createWorkspaceTask({}) in 6ms src/app/actions.ts
  ✓  81 [chromium] › e2e/task-digest-local.spec.ts:5:7 › task digest fr opens the complete assigned collection and rejects impossible deadlines (2.9s)
 GET /tasks?workspace=80000000-0000-4000-8000-000000000001&assignee=local-browser-fixture-analyst&status=open 200 in 303ms (next.js: 2ms, proxy.ts: 2ms, application-code: 299ms)
 GET /api/auth/get-session 200 in 16ms (next.js: 5ms, proxy.ts: 3ms, application-code: 9ms)
 GET /api/auth/organization/list 200 in 18ms (next.js: 8ms, proxy.ts: 2ms, application-code: 7ms)
 GET /tasks?workspace=80000000-0000-4000-8000-000000000001&assignee=local-browser-fixture-analyst&status=open&cursor=eyJ2IjoxLCJpdiI6Ik5CT3pGWV9rNVFZeFhFcTkiLCJ0YWciOiJjTDR1Sk11Y0pQbWVxeWFacFFrUndRIiwiZGF0YSI6IkhqVHRCT3RCdi1XM2YzaEMtNVBySGlVWEZRZXdhZ1JSNUlrWmlCNFh2SzZRWUZraEhYdHItRUR3LTloUDF5Nl91bzNxS0NEcXg3eFZsbUNRN2ZoeGdJREQ2a24wRFhxc0JhNzIwTGdjZzU2NVNtVnJaM1N4clctcjRiN1ppZW9TdHhTM3EyN0w3cHh3a1VFUS1wVTQ2NXh2MHJCb08xNF9mQnpwdmRGYzUzcW1wMFQ3SXIxek1hUmI4VGlmQ01hTmhWYmc2dUQzSDVIaTZvOGUzdEc2TVpQRFBPZ05Xc3FqZ3JjRUxUY1pFUm1BQXFxZTVUZVVFZ3ZXSTdLOTNrb1R1ZDlsbGFoRDAwY0tDOWtIZFZvYXQ4Y281TE1jaFd6X05nMzNKeTg2WTgtUHM4SGFZQ3VWdXcifQ 200 in 89ms (next.js: 3ms, proxy.ts: 2ms, application-code: 84ms)
 GET /tasks?workspace=80000000-0000-4000-8000-000000000001&assignee=local-browser-fixture-analyst&status=open&cursor=eyJ2IjoxLCJpdiI6ImlPV2VybmVUN2EzQ3ZDSnUiLCJ0YWciOiJXX0NDdWlLWE9Qa1FDYkxuemlZUk9BIiwiZGF0YSI6Im5NajFSckdDQ2xSNzZpdWZVV0JOV2dCOVZ0dHpvMFEwSVlkTUNFVU9jMUE4M1IwMkhhWHNyY2hiUi1Gck1LNkdiNWpQazZtb2JxVkVpZ01jSnV5M1loZW9NVjZuUmpaY3RzR1VockxXeUlYQUIzVVk1V01XbjdoMTdVVUQwdmxIV1oyS3R0dk1uT2xWTjF2cU5mX2Q1emdTMVdMQVFKYjFYMkkzR21vV001bEhNZjFVSUFReG9IdGF6Qm1NakktUmxaRktVN1kxTHpUUE9uUFJLd2dyZnQxNFdsZHNSWkFTLTFnTzdmeGdKNWMxS0FBT3dYNkZhcVBDRHU4dDlFWDltcThaVWhRNzZuZkJVaWVxdlphWmNQaGlSU3c5OHN4cUVIOGtzU3RpdHZJOW5FMXUxMDE4MVEifQ 200 in 45ms (next.js: 2ms, proxy.ts: 2ms, application-code: 40ms)
 GET /tasks?workspace=80000000-0000-4000-8000-000000000002 200 in 99ms (next.js: 2ms, proxy.ts: 1.7ms, application-code: 95ms)
 GET /api/auth/get-session 200 in 19ms (next.js: 5ms, proxy.ts: 2ms, application-code: 11ms)
 GET /api/auth/organization/list 200 in 20ms (next.js: 9ms, proxy.ts: 2ms, application-code: 9ms)
 GET /tasks 200 in 8ms (next.js: 3ms, proxy.ts: 1.9ms, application-code: 3ms)
 GET /tasks 200 in 82ms (next.js: 2ms, proxy.ts: 3ms, application-code: 77ms)
 GET /tasks 200 in 422ms (next.js: 1.7ms, proxy.ts: 1.7ms, application-code: 418ms)
 GET /api/auth/get-session 200 in 12ms (next.js: 4ms, proxy.ts: 1.9ms, application-code: 6ms)
 GET /api/auth/organization/list 200 in 12ms (next.js: 2ms, proxy.ts: 2ms, application-code: 8ms)
 GET /tasks?error=Date+d%E2%80%99%C3%A9ch%C3%A9ance+invalide. 200 in 146ms (next.js: 2ms, proxy.ts: 1.8ms, application-code: 142ms)
 POST /tasks 200 in 164ms (next.js: 2ms, proxy.ts: 3ms, application-code: 159ms)
  └─ ƒ createWorkspaceTask({}) in 6ms src/app/actions.ts
  ✓  82 [chromium] › e2e/task-digest-local.spec.ts:5:7 › task digest en opens the complete assigned collection and rejects impossible deadlines (2.8s)
 GET /settings/teams 200 in 1106ms (next.js: 927ms, proxy.ts: 2ms, application-code: 178ms)
 GET /api/auth/get-session 200 in 126ms (next.js: 28ms, proxy.ts: 18ms, application-code: 80ms)
 GET /api/auth/organization/list 200 in 144ms (next.js: 52ms, proxy.ts: 23ms, application-code: 68ms)
 GET /settings 200 in 243ms (next.js: 21ms, proxy.ts: 13ms, application-code: 209ms)
  ✓  83 [chromium] › e2e/teams-session-local.spec.ts:6:7 › Teams unavailable session has an actionable fr page (1.9s)
 GET /settings/teams 200 in 107ms (next.js: 2ms, proxy.ts: 2ms, application-code: 103ms)
 GET /api/auth/get-session 200 in 55ms (next.js: 5ms, proxy.ts: 5ms, application-code: 44ms)
 GET /api/auth/organization/list 200 in 57ms (next.js: 13ms, proxy.ts: 5ms, application-code: 39ms)
 GET /settings 200 in 69ms (next.js: 3ms, proxy.ts: 2ms, application-code: 65ms)
  ✓  84 [chromium] › e2e/teams-session-local.spec.ts:6:7 › Teams unavailable session has an actionable en page (696ms)
 GET /audit?q=COLL_AUDIT_ 200 in 168ms (next.js: 3ms, proxy.ts: 2ms, application-code: 163ms)
 GET /api/auth/get-session 200 in 21ms (next.js: 5ms, proxy.ts: 3ms, application-code: 13ms)
 GET /api/auth/organization/list 200 in 22ms (next.js: 11ms, proxy.ts: 2ms, application-code: 9ms)
 POST /audit?q=COLL_AUDIT_ 200 in 98ms (next.js: 2ms, proxy.ts: 3ms, application-code: 93ms)
  └─ ƒ setCookieConsent({}) in 2ms src/app/preferences-actions.ts
 GET /audit?q=COLL_AUDIT_&cursor=eyJ2IjoxLCJpdiI6ImQxTDlFdGxMeHZ0emg5ck4iLCJ0YWciOiI0a1lLRkliS2hxeGpHRWhZa3ZJT2lRIiwiZGF0YSI6ImxldDFHRktUZ3RObm1vSGprUnJReFZpQ2tLb0JBVDZwZzFyLXZhZV9yZXUyTkdDRWhOcXJyUjRtcjBnYmh5Nmk0X0Z1ZkRnSm8wdzFEdTZuSURGTExfbVFzZ05RRGttNjNfbjE3VkJ0b25IalJGNW9IQkk0SEFCMWVqUU1Za2ZqaGhiaU1Ddi1tZkNqRGJPLWJOdkNFZVAzbUhVZ1JGeFpPNFdncGljSTJiX05YTHBkQVkxMDJKV1JVSFlkRDlnS2lhM0Jac1Q2b1lTYmV6ZDczNE9GWk84dklUV3EyU1dsRlNobUk4TWVNT1FYVDV4cXR2LWRsam1OUkVoamxmaXVUaENERE0wdk9ULTBrbkFfYzU0MU9qMldDdWNlQURPVDA5ZU5xQjZHamtTZEFLTDA2SjhvZEEifQ 200 in 69ms (next.js: 3ms, proxy.ts: 14ms, application-code: 52ms)
 GET /audit?q=COLL_AUDIT_001 200 in 111ms (next.js: 1.9ms, proxy.ts: 2.0ms, application-code: 107ms)
 GET /api/auth/get-session 200 in 118ms (next.js: 84ms, proxy.ts: 12ms, application-code: 23ms)
 GET /api/auth/organization/list 200 in 407ms (next.js: 87ms, proxy.ts: 12ms, application-code: 309ms)
 GET /tasks?q=COLL_TASK_ 200 in 480ms (next.js: 8ms, proxy.ts: 3ms, application-code: 469ms)
 GET /api/auth/get-session 200 in 22ms (next.js: 9ms, proxy.ts: 3ms, application-code: 10ms)
 GET /api/auth/organization/list 200 in 23ms (next.js: 4ms, proxy.ts: 3ms, application-code: 17ms)
 GET /tasks?q=COLL_TASK_&status=open&cursor=eyJ2IjoxLCJpdiI6InBPN1duaGtiWXh3aTZPdEEiLCJ0YWciOiJibVJhUWRBeWpmbjVnLUVib3k0V3lnIiwiZGF0YSI6InBVMkdCWXhocGdpUFlueHNyaUtpN1laM2Jfc293RUx4cGRhYXJMckhOZzFGMW5PTzlFdFlpN3czd1UtTGNfaWxJNDU3dUszd2RRRW9leVE5TUZBNDdlNDBFbHpkdGlBVVBuQWc3Q2pUQnMxblFaSEoydHlQV2l4dkZCZGluQnhhMGRyanREbjg4cjd6bXZTMTAxdGNULVYzaUpUZXhrUzljV25OUWZudzVUS2tqdUNvdUtKS2RvckZoR1lBTzVxdElIUURlellWZjlXemZKN1VDUElqSU13Q2lZbWxtTkpQbzRhNGk5TU5HdS1RRXFMNXBuQ0hWN1VZekVzMVk1ZEZ2VzdsMjRVTUFzTE9HSmpSc3B3NVJGSzhBUUVBX1ZCdGVaS19iUHhKbWlrWmthUGRpakZQUVEifQ 200 in 133ms (next.js: 3ms, proxy.ts: 3ms, application-code: 126ms)
 GET /tasks?q=COLL_TASK_001&status=open 200 in 151ms (next.js: 2ms, proxy.ts: 2ms, application-code: 146ms)
 GET /api/auth/get-session 200 in 18ms (next.js: 6ms, proxy.ts: 3ms, application-code: 9ms)
 GET /api/auth/organization/list 200 in 19ms (next.js: 9ms, proxy.ts: 3ms, application-code: 7ms)
 GET /tasks?notice=Commentaire+ajout%C3%A9.&id=567e4dfd-6661-44f7-acf6-9131f9722393 200 in 77ms (next.js: 2ms, proxy.ts: 1.6ms, application-code: 74ms)
 POST /tasks?q=COLL_TASK_001&status=open 200 in 98ms (next.js: 3ms, proxy.ts: 2ms, application-code: 93ms)
  └─ ƒ addWorkspaceTaskComment({}) in 9ms src/app/actions.ts
 GET /discussions/tasks/567e4dfd-6661-44f7-acf6-9131f9722393 200 in 54ms (next.js: 6ms, proxy.ts: 2ms, application-code: 46ms)
 GET /discussions/tasks/567e4dfd-6661-44f7-acf6-9131f9722393?cursor=eyJ2IjoxLCJpdiI6IjhOVlkyOTBxYktubmRDR0YiLCJ0YWciOiIxdlcwbjE3NDZTemI4cFJTckxMTFNRIiwiZGF0YSI6ImZ4TEtSMU1ReEtETzRFSHd4ekhuTGxCT19xdFJwWkcwdzNDOXdhMHNYamtlWjJ1NTJNYUhnZkxhMFRRdEprYkp4LU5jMnpSVGxDQW5fVnVoXzlITUkxWnc3dS1aQVAzN1A2R0xScU1QVmd5a1Q0eXJvcllLcmtsM1EyT2h4VDk5QkJ1Rk0yMHJZc1pyTmJKS0tQVHZMNjlRSDBMTVVUMGJMejAyZ1RNSFlrbnRsbHozaFhlWlpKSjRqb2Y0R0JmQlpEcjBZYXhSQUFJRWNtWjhVcklTXzN3bXFJLTRrX1JIWjlOSndDS2JTU2kyRXJBLTBfUkU0eHlEVXY3TnpWcGhadTh0TWtNYm56aFJWMTNtTkJfSlZfSjh1WTNRel9xeWFrNXN3am55dzBKek14aUFkS3FjWUEifQ 200 in 52ms (next.js: 4ms, proxy.ts: 4ms, application-code: 43ms)
 GET /discussions/tasks/567e4dfd-6661-44f7-acf6-9131f9722393?q=COLL_MESSAGE_001 200 in 128ms (next.js: 3ms, proxy.ts: 3ms, application-code: 123ms)
 GET /api/auth/get-session 200 in 26ms (next.js: 7ms, proxy.ts: 4ms, application-code: 16ms)
 GET /api/auth/organization/list 200 in 28ms (next.js: 11ms, proxy.ts: 3ms, application-code: 14ms)
 GET /alerts?q=COLL_ALERT_ 200 in 474ms (next.js: 22ms, proxy.ts: 3ms, application-code: 449ms)
 GET /api/auth/get-session 200 in 17ms (next.js: 5ms, proxy.ts: 3ms, application-code: 10ms)
 GET /api/auth/organization/list 200 in 18ms (next.js: 8ms, proxy.ts: 3ms, application-code: 8ms)
 GET /alerts?q=COLL_ALERT_&cursor=eyJ2IjoxLCJpdiI6InM0c2c5ak92T05zRXZkY2wiLCJ0YWciOiJuMFRqS1ZUYmhYdE9aNGNibUs5UHlnIiwiZGF0YSI6Ii1vVFNkZHhLVThGY1MxVVNZZjhScWYwN3JHNFR4UF91ZEhKWTUxODVESDVyV09zangtVzh6SEFfY3lRdEFrdHIwb0hDdndTa2YzWFplX0JlTlpZUUIxRHo2Sk5QazNCQWEydzBBMXVvUmY5cjZkYS13OHV1SWMxXzdSNTYya3NRR1QtUlNDRGtEcU9wUWVuemRaUVFJT2pvQjh5LWhvM2dLbHRJdkhEdFRTZGl4YW1kclpQdmVacGV0empZS2I1MmFzZURVNUxxSllnTUtuQkg4OGR4N2lTaE53TDU0akRVVUs1a3hSaG1tRXVGUnV6bGQ3aHVkcVZ2cXV4SnctUW1BTzBkVzFLRDI4T1laQkM1ZXJxQmktU1JyN29ONmVJNjBHTU9JdE9FZTFwX1l4clRIUk1Hd0EifQ 200 in 111ms (next.js: 2ms, proxy.ts: 2ms, application-code: 106ms)
 GET /alerts?q=COLL_ALERT_001&status= 200 in 133ms (next.js: 2ms, proxy.ts: 2ms, application-code: 129ms)
 GET /api/auth/get-session 200 in 109ms (next.js: 23ms, proxy.ts: 37ms, application-code: 49ms)
 GET /api/auth/organization/list 200 in 85ms (next.js: 50ms, proxy.ts: 12ms, application-code: 23ms)
 GET /approvals?q=COLL_APPROVAL_ 200 in 427ms (next.js: 9ms, proxy.ts: 4ms, application-code: 414ms)
 GET /api/auth/get-session 200 in 35ms (next.js: 13ms, proxy.ts: 4ms, application-code: 18ms)
 GET /api/auth/organization/list 200 in 38ms (next.js: 9ms, proxy.ts: 4ms, application-code: 25ms)
 GET /approvals?q=COLL_APPROVAL_&cursor=eyJ2IjoxLCJpdiI6InhBMERXdzN2TGswZ1AybHYiLCJ0YWciOiJydUZza1JScHZfdWhnMC1OOWlwVEJBIiwiZGF0YSI6IkVWTjFJVzczSTNnUzN1VnhMc2Q0UG83bkIydXJfT3BLcXN3dnNnOHM2QnVUaWo5SlRzUHBsZGZuVmN1X2VnOFAwSUFwLXBpQ3hmVkFqbzdfdzBLSk0taHczNExtNTE1UW5LbGg3RjVHdVdWNVBSWDJNamRSSE1sRE16LXBRSVhnVmh6aTA5QkNMNnRnc0ltckxqdUkyYTl3bTNTY0xxakYxRlZqWjZISGJaTHhOaG05NWFvQ3VMWDI3OFd4cldudTZMWnhIZUxzeGE5SlhjZHo1U2tZXzZXdG40RUxxNFZhdzV1dHBlOHNMc1FoTmNuS0lHX0RDVHRleG9JR2hCVXpLUWMtbWVRZUgtVEtGdEJUNjFUb2R1UnI2Vml6bmpvTGVwWndldUhyb1RtSDhlX09PSHFKOFEifQ 200 in 101ms (next.js: 3ms, proxy.ts: 2ms, application-code: 96ms)
 GET /approvals?q=COLL_APPROVAL_001&status= 200 in 125ms (next.js: 1.8ms, proxy.ts: 1.8ms, application-code: 122ms)
 GET /api/auth/get-session 200 in 83ms (next.js: 43ms, proxy.ts: 11ms, application-code: 28ms)
 GET /api/auth/organization/list 200 in 94ms (next.js: 46ms, proxy.ts: 12ms, application-code: 36ms)
 GET /support?q=COLL_SUPPORT_ 200 in 310ms (next.js: 4ms, proxy.ts: 2ms, application-code: 304ms)
 GET /api/auth/get-session 200 in 19ms (next.js: 6ms, proxy.ts: 3ms, application-code: 11ms)
 GET /api/auth/organization/list 200 in 20ms (next.js: 9ms, proxy.ts: 3ms, application-code: 8ms)
 GET /support?q=COLL_SUPPORT_&cursor=eyJ2IjoxLCJpdiI6IllSMExCd2NpcmhmYzBRSGciLCJ0YWciOiJtdWxZYTFjaFF5aFVEQmYyZXY1ZVlnIiwiZGF0YSI6InpUOVJSRGhKb1JoYlBrUWxMb1g3LV9VTXNDSmt4RmY1NjV2S1g1Qkh6UHVyamxpVXpscjAwUWVhcUJfVnhDZVoxa3FxbFhSUF8tMk1maHl3MTN3ZVpIdzQ2MThXTUkwM2NqU0stOFgzam1HSUtNdktlWGZfX1ZBeVB4R21zUkhVaDhUVnhUcWZydzByRjViUzhvR3RueGZEQ3NwM2VidFplWlctTlVzLWI1QmM5MjNob1hnOWQyR1JIeWNIVm1EelhiaXdjcm5nZW5zQ3JhQUVOdmlkZWxEMlVVaFU2Vks2MGdMVTc3VlBTdERRcTFoNDVuTmRFRVNWSXZ0SVJsMGp6QVNDN1BIRnFNTnFZZllnN0Vmd2U0MjF6MndwZ0ZwVUhHSFRCMkZkakg1MkVnTGlCNU0wSHcifQ 200 in 70ms (next.js: 3ms, proxy.ts: 2ms, application-code: 65ms)
 GET /support?q=COLL_SUPPORT_001&status= 200 in 134ms (next.js: 1.9ms, proxy.ts: 2.0ms, application-code: 131ms)
 GET /api/auth/get-session 200 in 24ms (next.js: 6ms, proxy.ts: 3ms, application-code: 15ms)
 GET /api/auth/organization/list 200 in 27ms (next.js: 12ms, proxy.ts: 3ms, application-code: 13ms)
 GET /tasks?cursor=forged 200 in 141ms (next.js: 2ms, proxy.ts: 2ms, application-code: 136ms)
 GET /api/auth/get-session 200 in 19ms (next.js: 4ms, proxy.ts: 4ms, application-code: 11ms)
 GET /api/auth/organization/list 200 in 25ms (next.js: 8ms, proxy.ts: 4ms, application-code: 13ms)
 GET /support?q=COLL_SUPPORT_ 200 in 97ms (next.js: 3ms, proxy.ts: 3ms, application-code: 92ms)
 GET /api/auth/get-session 200 in 94ms (next.js: 26ms, proxy.ts: 39ms, application-code: 28ms)
 GET /api/auth/organization/list 200 in 87ms (next.js: 29ms, proxy.ts: 28ms, application-code: 30ms)
 GET /discussions/support/62f58c72-7f8f-4c8a-932d-5f69ff7ca792 404 in 125ms (next.js: 6ms, proxy.ts: 3ms, application-code: 117ms)
  ✓  85 [chromium] › e2e/workspace-collections-local.spec.ts:14:53 › workspace collection navigation › searches older records and conversations in fr (7.9s)
 GET /audit?q=COLL_AUDIT_ 200 in 154ms (next.js: 2ms, proxy.ts: 1.9ms, application-code: 150ms)
 GET /api/auth/get-session 200 in 21ms (next.js: 5ms, proxy.ts: 3ms, application-code: 13ms)
 GET /api/auth/organization/list 200 in 23ms (next.js: 10ms, proxy.ts: 2ms, application-code: 10ms)
 POST /audit?q=COLL_AUDIT_ 200 in 113ms (next.js: 2ms, proxy.ts: 2ms, application-code: 108ms)
  └─ ƒ setCookieConsent({}) in 2ms src/app/preferences-actions.ts
 GET /audit?q=COLL_AUDIT_&cursor=eyJ2IjoxLCJpdiI6InVZVEkwUmdNVWI2MTFTQXAiLCJ0YWciOiJpNlhYV09LOWJVSEt1V1lsR1BqUjJnIiwiZGF0YSI6InJRT3hQZXJJZVg2bHUydjBpMlk5ZXZXQlJjS00yODBJeDBLUnhSZURrQTdfcEZTYlpzN3k0RDhWZXRrR3NfaFNoaDF0enJkNklsWmFiSW14WF9vdWkwaFF4WVlMMmp6WDNxQzBsMGVkbHlLSC1STWhDUi1ET3lpaHpFOEJzUm5QNU44T21SZEgxU0gtOUtRc3RNcGs2VUN0dk1CdlU5RUVERDlvcmZ1dWY2THkyVEZLRkZlYVJkaUFrN1B4djRkOUtTM0c0LU85MW1pR2MxNm1zM18wQ09DanEwZmlhZG5OOTRzbzVKZEtsT1VQaXhzbmp6MkRwN1U2VDk2b2ozWVBnRFVpSnlMdWRXSkRCNTdQMS1GWndDQUltNnJlR2NMVjFlMFNoX1ZLQmwwZEJkOV84YmpqbXcifQ 200 in 60ms (next.js: 3ms, proxy.ts: 2ms, application-code: 55ms)
 GET /audit?q=COLL_AUDIT_001 200 in 100ms (next.js: 1.9ms, proxy.ts: 1.8ms, application-code: 96ms)
 GET /api/auth/get-session 200 in 87ms (next.js: 46ms, proxy.ts: 18ms, application-code: 23ms)
 GET /api/auth/organization/list 200 in 376ms (next.js: 57ms, proxy.ts: 18ms, application-code: 300ms)
 GET /tasks?q=COLL_TASK_ 200 in 442ms (next.js: 2ms, proxy.ts: 2ms, application-code: 438ms)
 GET /api/auth/get-session 200 in 17ms (next.js: 5ms, proxy.ts: 2ms, application-code: 9ms)
 GET /api/auth/organization/list 200 in 18ms (next.js: 8ms, proxy.ts: 2ms, application-code: 7ms)
 GET /tasks?q=COLL_TASK_&status=open&cursor=eyJ2IjoxLCJpdiI6InVEOVBzRDZJTlc3Sl9icUgiLCJ0YWciOiJFcWtOdGhwcDk5U01vTVBiM05EOTN3IiwiZGF0YSI6ImpvdGtKRGVQUkR2clc5V2tWLVJfSW9tNTNDRDN6MWkyTkVqMG9xTFRHbUVGV0lYZWt4eG1naV9lVXdXNWJEMEpVcDgyZ1I2VFNQUkxnRjBOVnZob2xSRDF3WXVjSk0zekt6QTNQTU8tXy10aXdtaDZ1eHhidjZMTVdURE5WSkxkandJZ3pwZ3NrbmZCdE1PWkxoc3VON2NZSTlJLXY2elJvUENEd19OSVVSNWwySTVNYkhMSXpmd2NiS0JOYXZXUmZ4Yi1MMzRWRGpZTmw3ZFdCeDZRVkRxWXVtSUliQm1LeHBDUVpuTHV1M0Q4cEQyeXdZbjVvS2IycTBYQklwNnpIZXoxSGtnZmFiOTloWVlJZzh4SU5zZTRBcmFvQlVqdFVwOGRPRXd2N0JqMF92Qmd4MHpTN3cifQ 200 in 104ms (next.js: 2ms, proxy.ts: 2ms, application-code: 99ms)
 GET /tasks?q=COLL_TASK_001&status=open 200 in 152ms (next.js: 2ms, proxy.ts: 2.0ms, application-code: 148ms)
 GET /api/auth/get-session 200 in 21ms (next.js: 5ms, proxy.ts: 2ms, application-code: 13ms)
 GET /api/auth/organization/list 200 in 22ms (next.js: 11ms, proxy.ts: 2ms, application-code: 8ms)
 GET /tasks?notice=Commentaire+ajout%C3%A9.&id=93cff2f0-0ebc-4ab1-947a-bbdcf3e82f94 200 in 77ms (next.js: 2ms, proxy.ts: 1.7ms, application-code: 73ms)
 POST /tasks?q=COLL_TASK_001&status=open 200 in 97ms (next.js: 2ms, proxy.ts: 2ms, application-code: 92ms)
  └─ ƒ addWorkspaceTaskComment({}) in 10ms src/app/actions.ts
 GET /discussions/tasks/93cff2f0-0ebc-4ab1-947a-bbdcf3e82f94 200 in 40ms (next.js: 5ms, proxy.ts: 3ms, application-code: 33ms)
 GET /discussions/tasks/93cff2f0-0ebc-4ab1-947a-bbdcf3e82f94?cursor=eyJ2IjoxLCJpdiI6IjlnODhWbEkyeXE4YWhJVWYiLCJ0YWciOiJidkZLRkdIZXhwSmQzTXh0bzVoSFVBIiwiZGF0YSI6Inc3VW90bTJkWDZSZ1pha2N3WEtZTE1BR3hBbUtRbFZiV1FLenFBSzFHNm5qZUhtY1lUMklPTnhJUFM4TVJqSk9hd0syRS15RjN0UWtSMWl0TllYck5KRDB3Q25rWFJrdXE0eUR4bjI5YjlyY2N4T2RtcGUyR0Y2NEV4N1AxdDFtRV9PdC1rMEdwczFGZTg0MWJzd3lYUFBLOV9kWWtTRzVGa0ZobGVwaEdBbUtXX2ZUaHhJNTRvUVBmbjc5RE1xNHloOHQ4Y0xORl84cUdpWkF4dGQ5SkFiNkpadi1RMWV6bU1yd1VzVUMzVE45YmdDVjkyd2ZlZWJVTWVNbFJLM1prVVpNNzVDU1NZcWRWOUJHaE5MNFVMQmNWMHlyMlBfcG5mOXA5ZzV5cmxkczBJdkpVNG5QcmcifQ 200 in 41ms (next.js: 4ms, proxy.ts: 3ms, application-code: 35ms)
 GET /discussions/tasks/93cff2f0-0ebc-4ab1-947a-bbdcf3e82f94?q=COLL_MESSAGE_001 200 in 136ms (next.js: 3ms, proxy.ts: 3ms, application-code: 130ms)
 GET /api/auth/get-session 200 in 41ms (next.js: 9ms, proxy.ts: 4ms, application-code: 29ms)
 GET /api/auth/organization/list 200 in 58ms (next.js: 13ms, proxy.ts: 4ms, application-code: 41ms)
 GET /alerts?q=COLL_ALERT_ 200 in 459ms (next.js: 7ms, proxy.ts: 9ms, application-code: 443ms)
 GET /api/auth/get-session 200 in 24ms (next.js: 5ms, proxy.ts: 9ms, application-code: 10ms)
 GET /api/auth/organization/list 200 in 26ms (next.js: 8ms, proxy.ts: 10ms, application-code: 8ms)
 GET /alerts?q=COLL_ALERT_&cursor=eyJ2IjoxLCJpdiI6IlJvMXRza01yaGREZWhsNmwiLCJ0YWciOiJ5S1RiRzJkVDlXa0pyU3dQWmZUaGJ3IiwiZGF0YSI6IncyQU1YcXhUV1Jra3VpWXdyT0t3QlZnT1lUcEkzcDd2c18teG5RREgxclVCX2FNSGJXc1hEeF9fQWJFbnlTVzhCUGlKc056TlZoV0J2TDlBeTAxek4zYWgxRVlLWHRxaE5DZTRVT2hOeGl4dlNUZjZSR1h1RWxsLWlCOWotOE50RHVBNDBaN2xSb0UzOUlxYVFpeTRqeHd0OFJORWZ3eTBVQ2ZCc0o1Qld5VWFtbkl3WGpkTEwzSjhEVHowUVFXNXUzN3ZFSkhwQndhTVg1LUpyT0RJX042RlJKS1RrVmdVVnE2Rzh6dDA3Z0VTMkRwYmRDdDhhU0UxX01WZkhmdWZxaXR3Wl90VmF0VnRrWkgxZG5zQzJhVXdqVWxyamlHRVFZVlVxaWtnSnNFNWxtVG14VWl5bGcifQ 200 in 102ms (next.js: 3ms, proxy.ts: 3ms, application-code: 97ms)
 GET /alerts?q=COLL_ALERT_001&status= 200 in 139ms (next.js: 2ms, proxy.ts: 1.8ms, application-code: 135ms)
 GET /api/auth/get-session 200 in 81ms (next.js: 42ms, proxy.ts: 10ms, application-code: 28ms)
 GET /api/auth/organization/list 200 in 84ms (next.js: 45ms, proxy.ts: 10ms, application-code: 28ms)
 GET /approvals?q=COLL_APPROVAL_ 200 in 403ms (next.js: 5ms, proxy.ts: 3ms, application-code: 395ms)
 GET /api/auth/get-session 200 in 20ms (next.js: 4ms, proxy.ts: 2ms, application-code: 14ms)
 GET /api/auth/organization/list 200 in 23ms (next.js: 7ms, proxy.ts: 2ms, application-code: 13ms)
 GET /approvals?q=COLL_APPROVAL_&cursor=eyJ2IjoxLCJpdiI6Im5pU29iUmtHU2EyVmRJWjAiLCJ0YWciOiJLOGhnVnhJWU9XY0JXTUF1bTNTa2xRIiwiZGF0YSI6IlJoT181alBhYmtpR1ZsbFdETGNCbTRyOW03cG1fZ0Z4S0J2QzVOQlZEa0lra0dGM2RjTVZtQl9MTDhwVTZ3MnR4amlENmVaOThVdS1WWW94VGp0aFZOVWZVSlA2d3YyTzZxUXNwMWxQd2xVR0pCbWM1cUI4MDlrN1FxeXY1RklUWWRpSXE1azZ2bEpuVUZVSGhKeURmM1laa0hpT3BFb3RjX0pmYU5OTV8ta2tPSzF4S3BsWnNXTlVrYjRNYU9jTGZtY0xoNWlXc01Ca21kaDRpWHZmdUtaN3FxSEFKZEtncEhscEM2NlQzS20zZm1Oekd5eGd0eUh4NklPbE1BUUlsTDVhaUNXSC00ZU9XQV9DMWVhWUdJVW5VOHpXMUlveDNYYmZGc3dhbjRYVVc0bUJoM2ZRdVEifQ 200 in 116ms (next.js: 3ms, proxy.ts: 2ms, application-code: 111ms)
 GET /approvals?q=COLL_APPROVAL_001&status= 200 in 114ms (next.js: 2ms, proxy.ts: 2ms, application-code: 110ms)
 GET /api/auth/get-session 200 in 82ms (next.js: 42ms, proxy.ts: 18ms, application-code: 22ms)
 GET /api/auth/organization/list 200 in 250ms (next.js: 52ms, proxy.ts: 9ms, application-code: 189ms)
 GET /support?q=COLL_SUPPORT_ 200 in 305ms (next.js: 2ms, proxy.ts: 1.8ms, application-code: 302ms)
 GET /api/auth/get-session 200 in 28ms (next.js: 3ms, proxy.ts: 7ms, application-code: 18ms)
 GET /api/auth/organization/list 200 in 27ms (next.js: 7ms, proxy.ts: 4ms, application-code: 17ms)
 GET /support?q=COLL_SUPPORT_&cursor=eyJ2IjoxLCJpdiI6IkEwaFptYnpURk1ZVERCczAiLCJ0YWciOiJoNWRIQ0RzblNQbVdOaU9iZmlJaUlnIiwiZGF0YSI6Ik5pUGVIdGdNZXNRbWVOS2VJRXJhaVlGbC1oaUFTd3BvMTNIZEJ3bkU3dFQxaHNGQXlYNGdPM0pSMDF1bFR6RUR0NnZwMVp0cGl2dW02a01KdG9IVHhlbzQwRlJaNW1nb2Z0Vm55SDVPQ2pOUkY2UWhRdlZDMjY0TDZjcmkwZnNEN0RYTkZFWkZKRll1dzFwOTF4UkRrazdzTHVVdTZLS2FQaWZ0cWVDN3Q2QVFTNzdnbFZTaFJxek9wWlhVVUstR1dlZ3NjMTg4VW1aenEzQ2FzZUZaWW05QUw0ZHdnTDNEMnVwU2ZSRG9EbTR6ZmlhZkhWMFhMcmNoWTlVYzEwTjRXNjZnWU9UcndyZ2NUUU5iY2tzR2hpbkJFQmRteWw4RDEtcjhnX1ZuaTZXUzR2eUlKXzJZNHcifQ 200 in 80ms (next.js: 3ms, proxy.ts: 2ms, application-code: 74ms)
 GET /support?q=COLL_SUPPORT_001&status= 200 in 133ms (next.js: 3ms, proxy.ts: 1.9ms, application-code: 128ms)
 GET /api/auth/get-session 200 in 20ms (next.js: 6ms, proxy.ts: 2ms, application-code: 12ms)
 GET /api/auth/organization/list 200 in 21ms (next.js: 11ms, proxy.ts: 2ms, application-code: 8ms)
 GET /tasks?cursor=forged 200 in 133ms (next.js: 2ms, proxy.ts: 1.9ms, application-code: 129ms)
 GET /api/auth/get-session 200 in 24ms (next.js: 4ms, proxy.ts: 3ms, application-code: 17ms)
 GET /api/auth/organization/list 200 in 27ms (next.js: 8ms, proxy.ts: 3ms, application-code: 16ms)
 GET /support?q=COLL_SUPPORT_ 200 in 104ms (next.js: 2.0ms, proxy.ts: 1.6ms, application-code: 101ms)
 GET /api/auth/get-session 429 in 74ms (next.js: 28ms, proxy.ts: 30ms, application-code: 16ms)
 GET /api/auth/organization/list 429 in 77ms (next.js: 31ms, proxy.ts: 21ms, application-code: 25ms)
 GET /discussions/support/e4bc2bf6-0312-4662-af70-9ca80de0e71b 404 in 117ms (next.js: 5ms, proxy.ts: 3ms, application-code: 109ms)
  ✓  86 [chromium] › e2e/workspace-collections-local.spec.ts:14:53 › workspace collection navigation › searches older records and conversations in en (7.5s)

  86 passed (3.7m)
{"ok":true,"cleaned":"local-browser-fixtures"}
[?25h
