
> @yodev/ads@0.1.0 test:e2e:local
> node scripts/verify-local-browser.mjs

{"ok":true,"fixtureRoles":["owner","admin","strategist","analyst","client"],"foreignExportId":"80000000-0000-4000-8000-000000000003"}

> @yodev/ads@0.1.0 dev
> next dev --hostname 127.0.0.1 --port 3017

▲ Next.js 16.3.0 (Turbopack)
- Local:         http://127.0.0.1:3017
- Network:       http://127.0.0.1:3017
- Environments: .env.local
✓ Ready in 435ms
✓ Running next.config.ts took 1194ms
- Experiments (use with caution):
  · clientTraceMetadata

 GET /sign-in 200 in 2.2s (next.js: 1832ms, proxy.ts: 287ms, application-code: 98ms)
 GET / 200 in 2.4s (next.js: 1379ms, proxy.ts: 275ms, application-code: 711ms)
 GET /icon?a62dacc6b033a714 200 in 356ms (next.js: 95ms, proxy.ts: 22ms, application-code: 240ms)
 GET /sign-in 200 in 396ms (next.js: 288ms, proxy.ts: 29ms, application-code: 80ms)
 POST /api/auth/sign-in/email 200 in 1211ms (next.js: 990ms, proxy.ts: 3ms, application-code: 217ms)
 POST /api/auth/sign-in/email 200 in 124ms (next.js: 6ms, proxy.ts: 4ms, application-code: 114ms)
 POST /api/auth/sign-in/email 200 in 113ms (next.js: 2ms, proxy.ts: 4ms, application-code: 106ms)
 POST /api/auth/sign-in/email 200 in 99ms (next.js: 3ms, proxy.ts: 3ms, application-code: 93ms)
 POST /api/auth/sign-in/email 200 in 94ms (next.js: 2ms, proxy.ts: 3ms, application-code: 89ms)
 GET /dashboard 200 in 616ms (next.js: 229ms, proxy.ts: 5ms, application-code: 382ms)
 GET /settings 200 in 345ms (next.js: 40ms, proxy.ts: 3ms, application-code: 302ms)
 GET /billing 200 in 219ms (next.js: 17ms, proxy.ts: 3ms, application-code: 200ms)
 GET /support 200 in 182ms (next.js: 20ms, proxy.ts: 2ms, application-code: 160ms)
 GET /accounts 200 in 176ms (next.js: 21ms, proxy.ts: 3ms, application-code: 152ms)
 GET /history 200 in 174ms (next.js: 20ms, proxy.ts: 3ms, application-code: 150ms)
 GET /alerts 200 in 196ms (next.js: 25ms, proxy.ts: 3ms, application-code: 168ms)
 GET /tasks 200 in 242ms (next.js: 26ms, proxy.ts: 2ms, application-code: 213ms)
 GET /approvals 200 in 184ms (next.js: 31ms, proxy.ts: 3ms, application-code: 150ms)
 GET /reports 200 in 257ms (next.js: 24ms, proxy.ts: 3ms, application-code: 230ms)
 GET /audit 200 in 169ms (next.js: 26ms, proxy.ts: 2ms, application-code: 141ms)
 GET /agents 200 in 243ms (next.js: 25ms, proxy.ts: 4ms, application-code: 214ms)
 GET / 200 in 95ms (next.js: 1.5ms, proxy.ts: 2ms, application-code: 91ms)
 GET /privacy 200 in 74ms (next.js: 15ms, proxy.ts: 3ms, application-code: 57ms)
 GET /terms 200 in 63ms (next.js: 16ms, proxy.ts: 4ms, application-code: 44ms)
 GET /subprocessors 200 in 137ms (next.js: 50ms, proxy.ts: 4ms, application-code: 83ms)
 GET /status 200 in 138ms (next.js: 44ms, proxy.ts: 2ms, application-code: 92ms)
 GET /sign-in 200 in 50ms (next.js: 6ms, proxy.ts: 2.0ms, application-code: 42ms)
 GET /sign-up 200 in 569ms (next.js: 528ms, proxy.ts: 2ms, application-code: 39ms)
Local browser states ready in /var/folders/9h/sbxl7zl90j9_wc743xft5j8h0000gn/T/yodev-ads-browser-rrRNu7

Running 60 tests using 1 worker

(node:94434) Warning: The 'NO_COLOR' env is ignored due to the 'FORCE_COLOR' env being set.
(Use `node --trace-warnings ...` to show where the warning was created)
(node:94434) DeprecationWarning: Calling client.query() when the client is already executing a query is deprecated and will be removed in pg@9.0. Use async/await or an external async flow control mechanism instead.
 GET /operations 200 in 555ms (next.js: 34ms, proxy.ts: 4ms, application-code: 518ms)
 GET /api/auth/get-session 200 in 66ms (next.js: 16ms, proxy.ts: 5ms, application-code: 45ms)
 GET /api/auth/organization/list 200 in 72ms (next.js: 30ms, proxy.ts: 4ms, application-code: 38ms)
  ✓   1 [chromium] › e2e/activation-local.spec.ts:7:7 › operations counts published reports and excludes legacy or future activation (1.7s)
 GET /alerts?id=ebaed343-9c4e-42a5-a9bb-ad618891806c 200 in 208ms (next.js: 3ms, proxy.ts: 3ms, application-code: 202ms)
 GET /api/auth/get-session 200 in 34ms (next.js: 8ms, proxy.ts: 5ms, application-code: 21ms)
 GET /api/auth/organization/list 200 in 44ms (next.js: 13ms, proxy.ts: 6ms, application-code: 26ms)
 GET /alerts?notice=Avis+sur+la+qualit%C3%A9+de+l%E2%80%99alerte+enregistr%C3%A9.&id=ebaed343-9c4e-42a5-a9bb-ad618891806c 200 in 105ms (next.js: 3ms, proxy.ts: 6ms, application-code: 97ms)
 POST /alerts?id=ebaed343-9c4e-42a5-a9bb-ad618891806c 200 in 152ms (next.js: 3ms, proxy.ts: 4ms, application-code: 146ms)
  └─ ƒ reviewWorkspaceAlertQuality({}) in 24ms src/app/actions.ts
 GET /alerts?error=Cette+observation+ou+cet+avis+a+chang%C3%A9.+Actualisez+la+page+avant+de+l%E2%80%99%C3%A9valuer+%C3%A0+nouveau.&id=ebaed343-9c4e-42a5-a9bb-ad618891806c 200 in 98ms (next.js: 1.6ms, proxy.ts: 2ms, application-code: 94ms)
 POST /alerts?notice=Avis%20sur%20la%20qualit%C3%A9%20de%20l%E2%80%99alerte%20enregistr%C3%A9.&id=ebaed343-9c4e-42a5-a9bb-ad618891806c 200 in 120ms (next.js: 1.8ms, proxy.ts: 3ms, application-code: 115ms)
  └─ ƒ reviewWorkspaceAlertQuality({}) in 8ms src/app/actions.ts
 GET /alerts?notice=Avis+sur+la+qualit%C3%A9+de+l%E2%80%99alerte+enregistr%C3%A9.&id=ebaed343-9c4e-42a5-a9bb-ad618891806c 200 in 90ms (next.js: 2ms, proxy.ts: 3ms, application-code: 85ms)
 POST /alerts?error=Cette%20observation%20ou%20cet%20avis%20a%20chang%C3%A9.%20Actualisez%20la%20page%20avant%20de%20l%E2%80%99%C3%A9valuer%20%C3%A0%20nouveau.&id=ebaed343-9c4e-42a5-a9bb-ad618891806c 200 in 131ms (next.js: 6ms, proxy.ts: 5ms, application-code: 120ms)
  └─ ƒ reviewWorkspaceAlertQuality({}) in 16ms src/app/actions.ts
 GET /alerts?q=QUALITY_9c82ae20-748e-49b6-87fb-38a20f7d20bd 200 in 579ms (next.js: 3ms, proxy.ts: 7ms, application-code: 569ms)
 GET /api/auth/get-session 200 in 183ms (next.js: 64ms, proxy.ts: 34ms, application-code: 84ms)
 GET /api/auth/organization/list 200 in 236ms (next.js: 40ms, proxy.ts: 63ms, application-code: 133ms)
 GET /alerts?id=ebaed343-9c4e-42a5-a9bb-ad618891806c 200 in 258ms (next.js: 6ms, proxy.ts: 7ms, application-code: 244ms)
 GET /api/auth/get-session 200 in 61ms (next.js: 10ms, proxy.ts: 23ms, application-code: 28ms)
 GET /api/auth/organization/list 200 in 51ms (next.js: 17ms, proxy.ts: 8ms, application-code: 26ms)
 GET /alerts?notice=Avis+sur+la+qualit%C3%A9+de+l%E2%80%99alerte+enregistr%C3%A9.&id=ebaed343-9c4e-42a5-a9bb-ad618891806c 200 in 98ms (next.js: 5ms, proxy.ts: 2ms, application-code: 91ms)
 POST /alerts?id=ebaed343-9c4e-42a5-a9bb-ad618891806c 200 in 134ms (next.js: 4ms, proxy.ts: 12ms, application-code: 118ms)
  └─ ƒ reviewWorkspaceAlertQuality({}) in 12ms src/app/actions.ts
 GET /alerts?id=ebaed343-9c4e-42a5-a9bb-ad618891806c 200 in 208ms (next.js: 4ms, proxy.ts: 5ms, application-code: 199ms)
 GET /api/auth/get-session 200 in 146ms (next.js: 24ms, proxy.ts: 53ms, application-code: 69ms)
 GET /api/auth/organization/list 200 in 176ms (next.js: 24ms, proxy.ts: 50ms, application-code: 101ms)
 GET /alerts?notice=Avis%20sur%20la%20qualit%C3%A9%20de%20l%E2%80%99alerte%20enregistr%C3%A9.&id=ebaed343-9c4e-42a5-a9bb-ad618891806c 200 in 217ms (next.js: 4ms, proxy.ts: 4ms, application-code: 209ms)
  ✓   2 [chromium] › e2e/alert-quality-local.spec.ts:6:7 › alert quality fr reviews a specific observation without changing workflow (3.9s)
 GET /alerts?id=9bf061ac-ae5f-4397-9de5-a16c284beeeb 200 in 173ms (next.js: 2ms, proxy.ts: 3ms, application-code: 168ms)
 GET /api/auth/get-session 200 in 57ms (next.js: 6ms, proxy.ts: 5ms, application-code: 45ms)
 GET /api/auth/organization/list 200 in 62ms (next.js: 14ms, proxy.ts: 5ms, application-code: 43ms)
 GET /alerts?notice=Alert+quality+review+saved.&id=9bf061ac-ae5f-4397-9de5-a16c284beeeb 200 in 91ms (next.js: 2ms, proxy.ts: 3ms, application-code: 86ms)
 POST /alerts?id=9bf061ac-ae5f-4397-9de5-a16c284beeeb 200 in 117ms (next.js: 4ms, proxy.ts: 4ms, application-code: 109ms)
  └─ ƒ reviewWorkspaceAlertQuality({}) in 9ms src/app/actions.ts
 GET /alerts?error=This+observation+or+review+has+changed.+Refresh+the+page+before+reviewing+it+again.&id=9bf061ac-ae5f-4397-9de5-a16c284beeeb 200 in 95ms (next.js: 5ms, proxy.ts: 2ms, application-code: 88ms)
 POST /alerts?notice=Alert%20quality%20review%20saved.&id=9bf061ac-ae5f-4397-9de5-a16c284beeeb 200 in 119ms (next.js: 2ms, proxy.ts: 3ms, application-code: 114ms)
  └─ ƒ reviewWorkspaceAlertQuality({}) in 9ms src/app/actions.ts
 GET /alerts?notice=Alert+quality+review+saved.&id=9bf061ac-ae5f-4397-9de5-a16c284beeeb 200 in 85ms (next.js: 4ms, proxy.ts: 2ms, application-code: 78ms)
 POST /alerts?error=This%20observation%20or%20review%20has%20changed.%20Refresh%20the%20page%20before%20reviewing%20it%20again.&id=9bf061ac-ae5f-4397-9de5-a16c284beeeb 200 in 124ms (next.js: 2ms, proxy.ts: 17ms, application-code: 105ms)
  └─ ƒ reviewWorkspaceAlertQuality({}) in 13ms src/app/actions.ts
 GET /alerts?q=QUALITY_85e4c6fc-c2bd-4601-be7d-74f7150db102 200 in 545ms (next.js: 2ms, proxy.ts: 3ms, application-code: 540ms)
 GET /api/auth/get-session 200 in 183ms (next.js: 50ms, proxy.ts: 14ms, application-code: 118ms)
 GET /api/auth/organization/list 200 in 191ms (next.js: 65ms, proxy.ts: 14ms, application-code: 113ms)
 GET /alerts?id=9bf061ac-ae5f-4397-9de5-a16c284beeeb 200 in 515ms (next.js: 75ms, proxy.ts: 16ms, application-code: 424ms)
 GET /api/auth/get-session 200 in 108ms (next.js: 21ms, proxy.ts: 20ms, application-code: 66ms)
 GET /api/auth/organization/list 200 in 114ms (next.js: 35ms, proxy.ts: 17ms, application-code: 62ms)
 GET /alerts?notice=Alert+quality+review+saved.&id=9bf061ac-ae5f-4397-9de5-a16c284beeeb 200 in 189ms (next.js: 9ms, proxy.ts: 5ms, application-code: 176ms)
 POST /alerts?id=9bf061ac-ae5f-4397-9de5-a16c284beeeb 200 in 267ms (next.js: 26ms, proxy.ts: 6ms, application-code: 235ms)
  └─ ƒ reviewWorkspaceAlertQuality({}) in 25ms src/app/actions.ts
 GET /alerts?id=9bf061ac-ae5f-4397-9de5-a16c284beeeb 200 in 287ms (next.js: 6ms, proxy.ts: 7ms, application-code: 274ms)
 GET /api/auth/get-session 200 in 136ms (next.js: 81ms, proxy.ts: 9ms, application-code: 47ms)
 GET /api/auth/organization/list 200 in 193ms (next.js: 89ms, proxy.ts: 10ms, application-code: 94ms)
 GET /alerts?notice=Alert%20quality%20review%20saved.&id=9bf061ac-ae5f-4397-9de5-a16c284beeeb 200 in 255ms (next.js: 13ms, proxy.ts: 10ms, application-code: 233ms)
  ✓   3 [chromium] › e2e/alert-quality-local.spec.ts:6:7 › alert quality en reviews a specific observation without changing workflow (4.5s)
 GET /analysis?client=845756f9-0fe1-4ce8-b405-fc644d01e7db 200 in 273ms (next.js: 48ms, proxy.ts: 3ms, application-code: 223ms)
 GET /api/auth/get-session 200 in 179ms (next.js: 25ms, proxy.ts: 53ms, application-code: 101ms)
 GET /api/auth/organization/list 200 in 190ms (next.js: 29ms, proxy.ts: 53ms, application-code: 108ms)
 GET /analysis?client=845756f9-0fe1-4ce8-b405-fc644d01e7db 200 in 370ms (next.js: 23ms, proxy.ts: 8ms, application-code: 339ms)
 GET /api/auth/get-session 200 in 199ms (next.js: 27ms, proxy.ts: 77ms, application-code: 96ms)
 GET /api/auth/organization/list 200 in 196ms (next.js: 27ms, proxy.ts: 71ms, application-code: 98ms)
 GET /analysis?client=845756f9-0fe1-4ce8-b405-fc644d01e7db 200 in 406ms (next.js: 7ms, proxy.ts: 8ms, application-code: 392ms)
 GET /api/auth/get-session 200 in 173ms (next.js: 46ms, proxy.ts: 43ms, application-code: 84ms)
 GET /api/auth/organization/list 200 in 176ms (next.js: 40ms, proxy.ts: 43ms, application-code: 92ms)
 GET /analysis?client=845756f9-0fe1-4ce8-b405-fc644d01e7db 200 in 333ms (next.js: 9ms, proxy.ts: 7ms, application-code: 318ms)
 GET /api/auth/get-session 200 in 295ms (next.js: 66ms, proxy.ts: 99ms, application-code: 130ms)
 GET /api/auth/organization/list 200 in 274ms (next.js: 81ms, proxy.ts: 73ms, application-code: 120ms)
 GET /analysis?client=845756f9-0fe1-4ce8-b405-fc644d01e7db 200 in 523ms (next.js: 28ms, proxy.ts: 7ms, application-code: 489ms)
 GET /api/auth/get-session 200 in 265ms (next.js: 52ms, proxy.ts: 67ms, application-code: 146ms)
 GET /api/auth/organization/list 200 in 270ms (next.js: 67ms, proxy.ts: 67ms, application-code: 137ms)
 GET /analysis?client=845756f9-0fe1-4ce8-b405-fc644d01e7db 200 in 547ms (next.js: 6ms, proxy.ts: 4ms, application-code: 537ms)
 GET /api/auth/get-session 200 in 72ms (next.js: 9ms, proxy.ts: 12ms, application-code: 51ms)
 GET /api/auth/organization/list 200 in 77ms (next.js: 15ms, proxy.ts: 14ms, application-code: 47ms)
 GET /analysis?client=845756f9-0fe1-4ce8-b405-fc644d01e7db 200 in 402ms (next.js: 3ms, proxy.ts: 4ms, application-code: 395ms)
  ✓   4 [chromium] › e2e/analysis-evidence-local.spec.ts:7:7 › analysis evidence fr excludes empty and unqualified sources before first activation (4.4s)
 GET /analysis?client=46a23c47-efbb-47a2-98f6-c047b5c43470 200 in 160ms (next.js: 2.0ms, proxy.ts: 2ms, application-code: 156ms)
 GET /api/auth/get-session 200 in 128ms (next.js: 17ms, proxy.ts: 27ms, application-code: 84ms)
 GET /api/auth/organization/list 200 in 136ms (next.js: 23ms, proxy.ts: 27ms, application-code: 86ms)
 GET /analysis?client=46a23c47-efbb-47a2-98f6-c047b5c43470 200 in 325ms (next.js: 10ms, proxy.ts: 4ms, application-code: 311ms)
 GET /api/auth/get-session 200 in 137ms (next.js: 31ms, proxy.ts: 37ms, application-code: 69ms)
 GET /api/auth/organization/list 200 in 124ms (next.js: 66ms, proxy.ts: 18ms, application-code: 40ms)
 GET /analysis?client=46a23c47-efbb-47a2-98f6-c047b5c43470 200 in 377ms (next.js: 3ms, proxy.ts: 5ms, application-code: 368ms)
 GET /api/auth/get-session 200 in 102ms (next.js: 53ms, proxy.ts: 17ms, application-code: 32ms)
 GET /api/auth/organization/list 200 in 112ms (next.js: 56ms, proxy.ts: 17ms, application-code: 39ms)
 GET /analysis?client=46a23c47-efbb-47a2-98f6-c047b5c43470 200 in 350ms (next.js: 2ms, proxy.ts: 2ms, application-code: 345ms)
 GET /api/auth/get-session 200 in 142ms (next.js: 21ms, proxy.ts: 44ms, application-code: 77ms)
 GET /api/auth/organization/list 200 in 138ms (next.js: 34ms, proxy.ts: 35ms, application-code: 69ms)
 GET /analysis?client=46a23c47-efbb-47a2-98f6-c047b5c43470 200 in 366ms (next.js: 4ms, proxy.ts: 6ms, application-code: 356ms)
 GET /api/auth/get-session 200 in 91ms (next.js: 20ms, proxy.ts: 9ms, application-code: 62ms)
 GET /api/auth/organization/list 200 in 102ms (next.js: 13ms, proxy.ts: 6ms, application-code: 83ms)
 GET /analysis?client=46a23c47-efbb-47a2-98f6-c047b5c43470 200 in 263ms (next.js: 22ms, proxy.ts: 7ms, application-code: 233ms)
 GET /api/auth/get-session 200 in 24ms (next.js: 6ms, proxy.ts: 4ms, application-code: 13ms)
 GET /api/auth/organization/list 200 in 26ms (next.js: 11ms, proxy.ts: 5ms, application-code: 10ms)
 GET /analysis?client=46a23c47-efbb-47a2-98f6-c047b5c43470 200 in 188ms (next.js: 2ms, proxy.ts: 2ms, application-code: 184ms)
  ✓   5 [chromium] › e2e/analysis-evidence-local.spec.ts:7:7 › analysis evidence en excludes empty and unqualified sources before first activation (3.4s)
 GET /insights?client=80000000-0000-4000-8000-000000000091 200 in 457ms (next.js: 74ms, proxy.ts: 4ms, application-code: 379ms)
 GET /api/auth/get-session 200 in 33ms (next.js: 6ms, proxy.ts: 3ms, application-code: 24ms)
 GET /api/auth/organization/list 200 in 40ms (next.js: 14ms, proxy.ts: 3ms, application-code: 23ms)
 POST /insights?client=80000000-0000-4000-8000-000000000091 200 in 220ms (next.js: 5ms, proxy.ts: 6ms, application-code: 210ms)
  └─ ƒ setCookieConsent({}) in 2ms src/app/preferences-actions.ts
 GET /insights/devices?client=80000000-0000-4000-8000-000000000091 200 in 837ms (next.js: 682ms, proxy.ts: 17ms, application-code: 138ms)
 GET /insights/devices?client=80000000-0000-4000-8000-000000000091&cursor=eyJ2IjoxLCJpdiI6IkxuRkUzMmdoRVBHY0Fkd2EiLCJ0YWciOiJjdnc1U1FoNGlPTlhlenBUSE85ZW1nIiwiZGF0YSI6IldJT1ppNG5odkFTMTlOV1NPWWpsMW9kSWVmc2xuUVhmUXFCZUxRcnVwZDBmbjg4bmlUOXBYbzFNVHRmY0M3dTJlWHZBOUhKUlVvaW9qbzZpLXdTQmRXbUFjQzBSdEJnVGhQS092dnBOdEQ2aFZjUUdjMWVMTTNkZnNqeXNkeUdDeFFEelJCdDZnVkxvMmFybU1ILWtKdUF4WmNsaTFiajE1X2RES1RPZkRBQzJ1YnFOVmRjV21KLUZpTWVCeEZROWZBMmpBX1NibXc4VU1qOVB6M3dWSmZLci1XOTNXNUFoZmNqWkNjekJOTmt6cS15NmQ5RFFFbXpua1kya0FIeFVIWWc3R29oSmtvU1AifQ 200 in 128ms (next.js: 7ms, proxy.ts: 3ms, application-code: 117ms)
 GET /insights/devices?client=80000000-0000-4000-8000-000000000091&q=%25_ 200 in 235ms (next.js: 9ms, proxy.ts: 12ms, application-code: 214ms)
 GET /api/auth/get-session 200 in 45ms (next.js: 9ms, proxy.ts: 18ms, application-code: 19ms)
 GET /api/auth/organization/list 200 in 48ms (next.js: 15ms, proxy.ts: 18ms, application-code: 16ms)
 GET /insights/devices/export?client=80000000-0000-4000-8000-000000000091&version=463a6a30-edd3-463b-895f-13ae9007efa5 200 in 868ms (next.js: 820ms, proxy.ts: 3ms, application-code: 45ms)
 GET /insights/devices?client=80000000-0000-4000-8000-000000000091&cursor=eyJ2IjoxLCJpdiI6IkxuRkUzMmdoRVBHY0Fkd2EiLCJ0YWciOiJjdnc1U1FoNGlPTlhlenBUSE85ZW1nIiwiZGF0YSI6IldJT1ppNG5odkFTMTlOV1NPWWpsMW9kSWVmc2xuUVhmUXFCZUxRcnVwZDBmbjg4bmlUOXBYbzFNVHRmY0M3dTJlWHZBOUhKUlVvaW9qbzZpLXdTQmRXbUFjQzBSdEJnVGhQS092dnBOdEQ2aFZjUUdjMWVMTTNkZnNqeXNkeUdDeFFEelJCdDZnVkxvMmFybU1ILWtKdUF4WmNsaTFiajE1X2RES1RPZkRBQzJ1YnFOVmRjV21KLUZpTWVCeEZROWZBMmpBX1NibXc4VU1qOVB6M3dWSmZLci1XOTNXNUFoZmNqWkNjekJOTmt6cS15NmQ5RFFFbXpua1kya0FIeFVIWWc3R29oSmtvU1AifQ 200 in 152ms (next.js: 4ms, proxy.ts: 2ms, application-code: 146ms)
 GET /api/auth/get-session 200 in 45ms (next.js: 11ms, proxy.ts: 5ms, application-code: 29ms)
 GET /api/auth/organization/list 200 in 48ms (next.js: 19ms, proxy.ts: 6ms, application-code: 24ms)
  ✘   6 [chromium] › e2e/analytical-pages-local.spec.ts:15:53 › complete analytical collections › browses, searches and exports all stored rows in fr (4.0s)
  -   7 [chromium] › e2e/analytical-pages-local.spec.ts:15:53 › complete analytical collections › browses, searches and exports all stored rows in en
(node:95055) Warning: The 'NO_COLOR' env is ignored due to the 'FORCE_COLOR' env being set.
(Use `node --trace-warnings ...` to show where the warning was created)
 GET /account 307 in 127ms (next.js: 56ms, proxy.ts: 3ms, application-code: 67ms)
 GET /sign-in?returnTo=%2Faccount 200 in 59ms (next.js: 9ms, proxy.ts: 5ms, application-code: 44ms)
 GET /account 200 in 89ms (next.js: 4ms, proxy.ts: 5ms, application-code: 80ms)
 GET /api/auth/get-session 200 in 52ms (next.js: 14ms, proxy.ts: 12ms, application-code: 26ms)
 GET /api/auth/organization/list 200 in 52ms (next.js: 19ms, proxy.ts: 12ms, application-code: 21ms)
 GET /api/auth/passkey/list-user-passkeys 200 in 57ms (next.js: 24ms, proxy.ts: 12ms, application-code: 21ms)
 GET /account 200 in 60ms (next.js: 2ms, proxy.ts: 5ms, application-code: 53ms)
 GET /api/auth/get-session 200 in 39ms (next.js: 11ms, proxy.ts: 7ms, application-code: 21ms)
 GET /api/auth/organization/list 200 in 40ms (next.js: 15ms, proxy.ts: 7ms, application-code: 18ms)
 GET /api/auth/passkey/list-user-passkeys 200 in 41ms (next.js: 17ms, proxy.ts: 6ms, application-code: 18ms)
 GET /account 200 in 63ms (next.js: 4ms, proxy.ts: 12ms, application-code: 47ms)
 GET /api/auth/get-session 200 in 36ms (next.js: 12ms, proxy.ts: 5ms, application-code: 19ms)
 GET /api/auth/organization/list 200 in 38ms (next.js: 15ms, proxy.ts: 6ms, application-code: 17ms)
 GET /api/auth/passkey/list-user-passkeys 200 in 37ms (next.js: 17ms, proxy.ts: 5ms, application-code: 15ms)
 GET /account 200 in 48ms (next.js: 2ms, proxy.ts: 3ms, application-code: 43ms)
 GET /api/auth/get-session 200 in 55ms (next.js: 13ms, proxy.ts: 5ms, application-code: 36ms)
 GET /api/auth/passkey/list-user-passkeys 200 in 58ms (next.js: 17ms, proxy.ts: 6ms, application-code: 35ms)
 GET /api/auth/organization/list 200 in 63ms (next.js: 22ms, proxy.ts: 5ms, application-code: 36ms)
 GET /account 200 in 51ms (next.js: 3ms, proxy.ts: 3ms, application-code: 44ms)
 GET /api/auth/get-session 200 in 40ms (next.js: 13ms, proxy.ts: 7ms, application-code: 20ms)
 GET /api/auth/organization/list 200 in 41ms (next.js: 17ms, proxy.ts: 6ms, application-code: 18ms)
 GET /api/auth/passkey/list-user-passkeys 200 in 38ms (next.js: 19ms, proxy.ts: 4ms, application-code: 14ms)
  ✓   8 [chromium] › e2e/auth-lifecycle-local.spec.ts:58:7 › personal account security is available to all five workspace roles (2.8s)
 GET /sign-up 200 in 40ms (next.js: 5ms, proxy.ts: 3ms, application-code: 32ms)
 POST /api/auth/sign-up/email 200 in 157ms (next.js: 9ms, proxy.ts: 13ms, application-code: 136ms)
 GET /api/auth/get-session 200 in 15ms (next.js: 5ms, proxy.ts: 3ms, application-code: 7ms)
 GET /sign-in 200 in 71ms (next.js: 5ms, proxy.ts: 2ms, application-code: 64ms)
 POST /api/auth/sign-in/email 403 in 118ms (next.js: 6ms, proxy.ts: 4ms, application-code: 107ms)
 GET /api/auth/get-session 200 in 13ms (next.js: 3ms, proxy.ts: 3ms, application-code: 6ms)
 GET /api/auth/verify-email?token=[REDACTED]&callbackURL=%2Fdashboard 302 in 17ms (next.js: 3ms, proxy.ts: 3ms, application-code: 11ms)
 GET /dashboard 307 in 66ms (next.js: 4ms, proxy.ts: 4ms, application-code: 58ms)
 GET /sign-in 200 in 48ms (next.js: 5ms, proxy.ts: 4ms, application-code: 39ms)
 GET /sign-in 200 in 84ms (next.js: 8ms, proxy.ts: 7ms, application-code: 70ms)
 POST /api/auth/sign-in/email 200 in 101ms (next.js: 4ms, proxy.ts: 3ms, application-code: 94ms)
 GET /dashboard 307 in 117ms (next.js: 23ms, proxy.ts: 35ms, application-code: 59ms)
 GET /onboarding 200 in 103ms (next.js: 37ms, proxy.ts: 3ms, application-code: 62ms)
 GET /settings 200 in 109ms (next.js: 6ms, proxy.ts: 2ms, application-code: 101ms)
 POST /onboarding 200 in 140ms (next.js: 3ms, proxy.ts: 3ms, application-code: 135ms)
  └─ ƒ createWorkspace({}) in 12ms src/app/onboarding/actions.ts
 GET /api/auth/get-session 200 in 42ms (next.js: 14ms, proxy.ts: 5ms, application-code: 23ms)
 GET /api/auth/organization/list 200 in 47ms (next.js: 4ms, proxy.ts: 6ms, application-code: 37ms)
 GET /api/auth/get-session 200 in 25ms (next.js: 6ms, proxy.ts: 13ms, application-code: 6ms)
 GET /sign-in 200 in 54ms (next.js: 4ms, proxy.ts: 5ms, application-code: 44ms)
 POST /api/auth/sign-in/magic-link 200 in 26ms (next.js: 6ms, proxy.ts: 3ms, application-code: 17ms)
 GET /api/auth/magic-link/verify?token=[REDACTED]&callbackURL=%2Fdashboard&errorCallbackURL=http%3A%2F%2Flocalhost%3A3017%2Fsign-in 302 in 17ms (next.js: 3ms, proxy.ts: 2ms, application-code: 12ms)
 GET /dashboard 200 in 128ms (next.js: 2ms, proxy.ts: 2ms, application-code: 124ms)
 GET /api/auth/get-session 200 in 23ms (next.js: 3ms, proxy.ts: 4ms, application-code: 16ms)
 GET /api/auth/get-session 200 in 42ms (next.js: 9ms, proxy.ts: 10ms, application-code: 23ms)
 GET /api/auth/organization/list 200 in 46ms (next.js: 15ms, proxy.ts: 10ms, application-code: 22ms)
 GET /api/auth/magic-link/verify?token=[REDACTED]&callbackURL=%2Fdashboard&errorCallbackURL=http%3A%2F%2Flocalhost%3A3017%2Fsign-in 302 in 16ms (next.js: 3ms, proxy.ts: 4ms, application-code: 9ms)
 GET /sign-in?error=INVALID_TOKEN 200 in 60ms (next.js: 4ms, proxy.ts: 2ms, application-code: 54ms)
 GET /api/auth/get-session 200 in 16ms (next.js: 4ms, proxy.ts: 5ms, application-code: 7ms)
 GET /forgot-password 200 in 72ms (next.js: 23ms, proxy.ts: 4ms, application-code: 45ms)
 POST /api/auth/request-password-reset 200 in 29ms (next.js: 6ms, proxy.ts: 4ms, application-code: 19ms)
 GET /api/auth/reset-password/[REDACTED]?callbackURL=%2Freset-password 302 in 15ms (next.js: 3ms, proxy.ts: 4ms, application-code: 8ms)
 GET /reset-password?token=[REDACTED] 200 in 85ms (next.js: 27ms, proxy.ts: 2ms, application-code: 55ms)
 POST /api/auth/reset-password 200 in 102ms (next.js: 4ms, proxy.ts: 3ms, application-code: 94ms)
 GET /api/auth/get-session 200 in 12ms (next.js: 3ms, proxy.ts: 3ms, application-code: 7ms)
 GET /api/auth/get-session 200 in 12ms (next.js: 3ms, proxy.ts: 2ms, application-code: 7ms)
 GET /api/auth/reset-password/[REDACTED]?callbackURL=%2Freset-password 302 in 11ms (next.js: 2ms, proxy.ts: 1.7ms, application-code: 7ms)
 GET /reset-password?error=INVALID_TOKEN 200 in 34ms (next.js: 1.8ms, proxy.ts: 1.7ms, application-code: 31ms)
 GET /sign-in 200 in 43ms (next.js: 4ms, proxy.ts: 3ms, application-code: 36ms)
2026-09-07T09:39:35.884Z WARN [Better Auth]: Invalid password
 POST /api/auth/sign-in/email 401 in 116ms (next.js: 9ms, proxy.ts: 3ms, application-code: 104ms)
 GET /api/auth/get-session 200 in 12ms (next.js: 5ms, proxy.ts: 3ms, application-code: 5ms)
 GET /sign-in 200 in 43ms (next.js: 4ms, proxy.ts: 1.7ms, application-code: 37ms)
 POST /api/auth/sign-in/email 200 in 112ms (next.js: 3ms, proxy.ts: 4ms, application-code: 105ms)
 GET /dashboard 200 in 176ms (next.js: 17ms, proxy.ts: 5ms, application-code: 154ms)
 GET /sign-in 200 in 73ms (next.js: 6ms, proxy.ts: 2ms, application-code: 64ms)
 GET /api/auth/get-session 200 in 45ms (next.js: 16ms, proxy.ts: 9ms, application-code: 20ms)
 GET /api/auth/organization/list 200 in 49ms (next.js: 12ms, proxy.ts: 9ms, application-code: 28ms)
 POST /api/auth/sign-in/email 200 in 129ms (next.js: 11ms, proxy.ts: 5ms, application-code: 113ms)
 GET /dashboard 200 in 199ms (next.js: 52ms, proxy.ts: 11ms, application-code: 135ms)
 GET /account 200 in 97ms (next.js: 3ms, proxy.ts: 3ms, application-code: 91ms)
 GET /api/auth/get-session 200 in 66ms (next.js: 11ms, proxy.ts: 24ms, application-code: 31ms)
 GET /api/auth/organization/list 200 in 64ms (next.js: 16ms, proxy.ts: 17ms, application-code: 31ms)
 GET /api/auth/get-session 200 in 74ms (next.js: 29ms, proxy.ts: 9ms, application-code: 37ms)
 GET /api/auth/organization/list 200 in 84ms (next.js: 32ms, proxy.ts: 20ms, application-code: 32ms)
 GET /api/auth/passkey/list-user-passkeys 200 in 69ms (next.js: 50ms, proxy.ts: 4ms, application-code: 15ms)
 POST /api/auth/revoke-other-sessions 200 in 41ms (next.js: 11ms, proxy.ts: 16ms, application-code: 14ms)
 GET /api/auth/get-session 200 in 13ms (next.js: 2ms, proxy.ts: 3ms, application-code: 7ms)
 GET /api/auth/get-session 200 in 24ms (next.js: 5ms, proxy.ts: 3ms, application-code: 17ms)
 GET /api/auth/get-session 200 in 16ms (next.js: 5ms, proxy.ts: 4ms, application-code: 7ms)
 GET /api/auth/passkey/generate-register-options?authenticatorAttachment=platform&name=Passkey%20Ads%20by%20Yodev 200 in 22ms (next.js: 2ms, proxy.ts: 4ms, application-code: 16ms)
 POST /api/auth/passkey/verify-registration 200 in 19ms (next.js: 2ms, proxy.ts: 3ms, application-code: 14ms)
 GET /api/auth/passkey/list-user-passkeys 200 in 13ms (next.js: 2ms, proxy.ts: 2ms, application-code: 8ms)
 GET /api/auth/passkey/list-user-passkeys 200 in 11ms (next.js: 2ms, proxy.ts: 2ms, application-code: 7ms)
 POST /api/auth/passkey/delete-passkey 401 in 11ms (next.js: 2ms, proxy.ts: 2.0ms, application-code: 7ms)
 POST /api/auth/sign-out 200 in 11ms (next.js: 2ms, proxy.ts: 2ms, application-code: 7ms)
 GET /sign-in 200 in 42ms (next.js: 4ms, proxy.ts: 3ms, application-code: 35ms)
 GET /api/auth/passkey/generate-authenticate-options 200 in 16ms (next.js: 3ms, proxy.ts: 3ms, application-code: 10ms)
 POST /api/auth/passkey/verify-authentication 200 in 38ms (next.js: 5ms, proxy.ts: 6ms, application-code: 27ms)
 GET /dashboard 200 in 159ms (next.js: 7ms, proxy.ts: 6ms, application-code: 146ms)
 GET /api/auth/get-session 200 in 19ms (next.js: 6ms, proxy.ts: 4ms, application-code: 10ms)
 GET /api/auth/get-session 200 in 96ms (next.js: 53ms, proxy.ts: 9ms, application-code: 33ms)
 GET /api/auth/organization/list 200 in 99ms (next.js: 55ms, proxy.ts: 11ms, application-code: 33ms)
 GET /account 200 in 106ms (next.js: 12ms, proxy.ts: 8ms, application-code: 86ms)
 GET /api/auth/get-session 200 in 32ms (next.js: 8ms, proxy.ts: 5ms, application-code: 19ms)
 GET /api/auth/organization/list 200 in 35ms (next.js: 12ms, proxy.ts: 5ms, application-code: 18ms)
 GET /api/auth/passkey/list-user-passkeys 200 in 35ms (next.js: 16ms, proxy.ts: 5ms, application-code: 14ms)
 POST /api/auth/passkey/delete-passkey 200 in 24ms (next.js: 4ms, proxy.ts: 5ms, application-code: 16ms)
 POST /api/auth/sign-out 200 in 20ms (next.js: 5ms, proxy.ts: 4ms, application-code: 11ms)
 GET /api/auth/passkey/list-user-passkeys 200 in 20ms (next.js: 8ms, proxy.ts: 4ms, application-code: 9ms)
 GET /sign-in 200 in 40ms (next.js: 4ms, proxy.ts: 3ms, application-code: 33ms)
 GET /api/auth/passkey/generate-authenticate-options 200 in 24ms (next.js: 5ms, proxy.ts: 8ms, application-code: 10ms)
 POST /api/auth/passkey/verify-authentication 401 in 52ms (next.js: 8ms, proxy.ts: 21ms, application-code: 24ms)
 GET /api/auth/get-session 200 in 30ms (next.js: 6ms, proxy.ts: 7ms, application-code: 17ms)
 POST /api/auth/sign-in/magic-link 200 in 129ms (next.js: 7ms, proxy.ts: 15ms, application-code: 107ms)
 GET /api/auth/magic-link/verify?token=[REDACTED]&callbackURL=%2Fdashboard&errorCallbackURL=http%3A%2F%2Flocalhost%3A3017%2Fsign-in 302 in 17ms (next.js: 5ms, proxy.ts: 2ms, application-code: 10ms)
 GET /dashboard 200 in 174ms (next.js: 3ms, proxy.ts: 3ms, application-code: 169ms)
 GET /api/auth/get-session 200 in 551ms (next.js: 242ms, proxy.ts: 137ms, application-code: 171ms)
 GET /api/auth/organization/list 200 in 989ms (next.js: 273ms, proxy.ts: 106ms, application-code: 609ms)
 GET /invitation?id=8f05f3b9-24c0-4cd2-8404-f8e5b59ba994 200 in 704ms (next.js: 181ms, proxy.ts: 94ms, application-code: 429ms)
 GET /api/auth/get-session 200 in 50ms (next.js: 8ms, proxy.ts: 11ms, application-code: 31ms)
 POST /api/auth/organization/accept-invitation 403 in 59ms (next.js: 6ms, proxy.ts: 12ms, application-code: 41ms)
 POST /invitation?id=8f05f3b9-24c0-4cd2-8404-f8e5b59ba994 200 in 62ms (next.js: 4ms, proxy.ts: 32ms, application-code: 26ms)
  └─ ƒ recoverAcceptedInvitation("8f05f3b9-24c0-4cd2-8404-f8e5b59ba994") in 11ms src/app/invitation/actions.ts
 GET /invitation?id=4fde6a40-2867-4dbd-90fa-8fbbf6aef78c 200 in 46ms (next.js: 4ms, proxy.ts: 3ms, application-code: 38ms)
 GET /api/auth/get-session 200 in 17ms (next.js: 4ms, proxy.ts: 3ms, application-code: 10ms)
 POST /api/auth/organization/accept-invitation 400 in 21ms (next.js: 3ms, proxy.ts: 5ms, application-code: 13ms)
 POST /invitation?id=4fde6a40-2867-4dbd-90fa-8fbbf6aef78c 200 in 18ms (next.js: 2ms, proxy.ts: 4ms, application-code: 11ms)
  └─ ƒ recoverAcceptedInvitation("4fde6a40-2867-4dbd-90fa-8fbbf6aef78c") in 5ms src/app/invitation/actions.ts
 GET /invitation?id=b81999b9-b054-4431-bc94-cba586083446 200 in 33ms (next.js: 1.9ms, proxy.ts: 2ms, application-code: 29ms)
 GET /api/auth/get-session 200 in 12ms (next.js: 3ms, proxy.ts: 2ms, application-code: 7ms)
 POST /api/auth/organization/accept-invitation 400 in 16ms (next.js: 2ms, proxy.ts: 3ms, application-code: 10ms)
 POST /invitation?id=b81999b9-b054-4431-bc94-cba586083446 200 in 18ms (next.js: 3ms, proxy.ts: 2ms, application-code: 13ms)
  └─ ƒ recoverAcceptedInvitation("b81999b9-b054-4431-bc94-cba586083446") in 6ms src/app/invitation/actions.ts
 GET /invitation?id=8f663f1b-cba6-4e47-ad9d-7dcd5ac62c1d 200 in 38ms (next.js: 2ms, proxy.ts: 2ms, application-code: 34ms)
 GET /api/auth/get-session 200 in 15ms (next.js: 4ms, proxy.ts: 5ms, application-code: 5ms)
 GET /sign-in?returnTo=%2Finvitation%3Fid%3D8f663f1b-cba6-4e47-ad9d-7dcd5ac62c1d 200 in 29ms (next.js: 4ms, proxy.ts: 4ms, application-code: 21ms)
 POST /api/auth/sign-in/magic-link 200 in 24ms (next.js: 4ms, proxy.ts: 5ms, application-code: 15ms)
 GET /api/auth/magic-link/verify?token=[REDACTED]&callbackURL=%2Finvitation%3Fid%3D8f663f1b-cba6-4e47-ad9d-7dcd5ac62c1d&errorCallbackURL=http%3A%2F%2Flocalhost%3A3017%2Fsign-in%3FreturnTo%3D%252Finvitation%253Fid%253D8f663f1b-cba6-4e47-ad9d-7dcd5ac62c1d 302 in 18ms (next.js: 3ms, proxy.ts: 4ms, application-code: 12ms)
 GET /invitation?id=8f663f1b-cba6-4e47-ad9d-7dcd5ac62c1d 200 in 52ms (next.js: 2ms, proxy.ts: 3ms, application-code: 47ms)
 GET /api/auth/get-session 200 in 39ms (next.js: 18ms, proxy.ts: 5ms, application-code: 16ms)
 POST /api/auth/organization/accept-invitation 403 in 26ms (next.js: 5ms, proxy.ts: 4ms, application-code: 17ms)
 POST /invitation?id=8f663f1b-cba6-4e47-ad9d-7dcd5ac62c1d 200 in 28ms (next.js: 1.7ms, proxy.ts: 5ms, application-code: 22ms)
  └─ ƒ recoverAcceptedInvitation("8f663f1b-cba6-4e47-ad9d-7dcd5ac62c1d") in 7ms src/app/invitation/actions.ts
 POST /api/auth/organization/accept-invitation 200 in 28ms (next.js: 4ms, proxy.ts: 5ms, application-code: 19ms)
 POST /invitation?id=8f663f1b-cba6-4e47-ad9d-7dcd5ac62c1d 200 in 27ms (next.js: 2ms, proxy.ts: 3ms, application-code: 22ms)
  └─ ƒ recoverAcceptedInvitation("8f663f1b-cba6-4e47-ad9d-7dcd5ac62c1d") in 11ms src/app/invitation/actions.ts
 POST /api/auth/organization/set-active 200 in 37ms (next.js: 8ms, proxy.ts: 5ms, application-code: 25ms)
 GET /api/auth/get-session 200 in 120ms (next.js: 74ms, proxy.ts: 3ms, application-code: 44ms)
 GET /dashboard 200 in 220ms (next.js: 9ms, proxy.ts: 4ms, application-code: 206ms)
 GET /api/auth/get-session 200 in 50ms (next.js: 3ms, proxy.ts: 3ms, application-code: 44ms)
 GET /api/auth/get-session 200 in 101ms (next.js: 35ms, proxy.ts: 12ms, application-code: 54ms)
 GET /api/auth/organization/list 200 in 114ms (next.js: 26ms, proxy.ts: 33ms, application-code: 55ms)
 GET /invitation?id=8f663f1b-cba6-4e47-ad9d-7dcd5ac62c1d 200 in 55ms (next.js: 3ms, proxy.ts: 6ms, application-code: 47ms)
 GET /api/auth/get-session 200 in 16ms (next.js: 3ms, proxy.ts: 2ms, application-code: 11ms)
 POST /api/auth/organization/accept-invitation 400 in 45ms (next.js: 4ms, proxy.ts: 21ms, application-code: 21ms)
 POST /invitation?id=8f663f1b-cba6-4e47-ad9d-7dcd5ac62c1d 200 in 18ms (next.js: 3ms, proxy.ts: 2ms, application-code: 13ms)
  └─ ƒ recoverAcceptedInvitation("8f663f1b-cba6-4e47-ad9d-7dcd5ac62c1d") in 6ms src/app/invitation/actions.ts
 POST /api/auth/organization/set-active 200 in 16ms (next.js: 4ms, proxy.ts: 2ms, application-code: 10ms)
 GET /api/auth/get-session 200 in 109ms (next.js: 8ms, proxy.ts: 26ms, application-code: 75ms)
 GET /dashboard 200 in 172ms (next.js: 2ms, proxy.ts: 4ms, application-code: 165ms)
 GET /invitation?id=8f663f1b-cba6-4e47-ad9d-7dcd5ac62c1d 200 in 99ms (next.js: 5ms, proxy.ts: 6ms, application-code: 88ms)
 GET /api/auth/get-session 200 in 18ms (next.js: 3ms, proxy.ts: 3ms, application-code: 13ms)
 POST /api/auth/organization/accept-invitation 400 in 45ms (next.js: 5ms, proxy.ts: 22ms, application-code: 18ms)
 POST /invitation?id=8f663f1b-cba6-4e47-ad9d-7dcd5ac62c1d 200 in 19ms (next.js: 2ms, proxy.ts: 2ms, application-code: 14ms)
  └─ ƒ recoverAcceptedInvitation("8f663f1b-cba6-4e47-ad9d-7dcd5ac62c1d") in 6ms src/app/invitation/actions.ts
 GET /dashboard 307 in 86ms (next.js: 2ms, proxy.ts: 5ms, application-code: 79ms)
 GET /onboarding 307 in 53ms (next.js: 3ms, proxy.ts: 4ms, application-code: 47ms)
 GET /dashboard 200 in 120ms (next.js: 2ms, proxy.ts: 1.6ms, application-code: 116ms)
 GET /api/auth/get-session 200 in 19ms (next.js: 5ms, proxy.ts: 4ms, application-code: 9ms)
 GET /api/auth/get-session 200 in 59ms (next.js: 28ms, proxy.ts: 15ms, application-code: 16ms)
 GET /api/auth/organization/list 200 in 61ms (next.js: 31ms, proxy.ts: 15ms, application-code: 15ms)
 GET /dashboard 307 in 111ms (next.js: 3ms, proxy.ts: 4ms, application-code: 104ms)
 GET /onboarding 200 in 77ms (next.js: 3ms, proxy.ts: 7ms, application-code: 67ms)
 GET /api/auth/get-session 200 in 16ms (next.js: 6ms, proxy.ts: 3ms, application-code: 7ms)
 GET /account 200 in 55ms (next.js: 5ms, proxy.ts: 2ms, application-code: 48ms)
 GET /api/auth/get-session 200 in 118ms (next.js: 6ms, proxy.ts: 15ms, application-code: 98ms)
 GET /api/auth/passkey/list-user-passkeys 200 in 126ms (next.js: 15ms, proxy.ts: 15ms, application-code: 97ms)
 GET /api/auth/organization/list 200 in 138ms (next.js: 57ms, proxy.ts: 13ms, application-code: 68ms)
 POST /api/auth/sign-out 200 in 50ms (next.js: 23ms, proxy.ts: 17ms, application-code: 9ms)
 GET /sign-in 200 in 81ms (next.js: 5ms, proxy.ts: 4ms, application-code: 72ms)
 GET /api/auth/get-session 200 in 20ms (next.js: 8ms, proxy.ts: 5ms, application-code: 8ms)
  ✓   9 [chromium] › e2e/auth-lifecycle-local.spec.ts:85:9 › auth lifecycle fr: verification, magic link, reset, sessions and passkey (16.3s)
 GET /sign-up 200 in 52ms (next.js: 7ms, proxy.ts: 4ms, application-code: 42ms)
 POST /api/auth/sign-up/email 200 in 105ms (next.js: 5ms, proxy.ts: 5ms, application-code: 95ms)
 GET /api/auth/get-session 200 in 9ms (next.js: 3ms, proxy.ts: 1.9ms, application-code: 4ms)
 GET /sign-in 200 in 44ms (next.js: 8ms, proxy.ts: 1.8ms, application-code: 34ms)
 POST /api/auth/sign-in/email 403 in 93ms (next.js: 4ms, proxy.ts: 3ms, application-code: 86ms)
 GET /api/auth/get-session 200 in 10ms (next.js: 1.9ms, proxy.ts: 2ms, application-code: 6ms)
 GET /api/auth/verify-email?token=[REDACTED]&callbackURL=%2Fdashboard 302 in 11ms (next.js: 2ms, proxy.ts: 1.7ms, application-code: 7ms)
 GET /dashboard 307 in 51ms (next.js: 1.9ms, proxy.ts: 2ms, application-code: 47ms)
 GET /sign-in 200 in 37ms (next.js: 4ms, proxy.ts: 3ms, application-code: 31ms)
 GET /sign-in 200 in 60ms (next.js: 7ms, proxy.ts: 6ms, application-code: 48ms)
 POST /api/auth/sign-in/email 200 in 97ms (next.js: 2ms, proxy.ts: 4ms, application-code: 91ms)
 GET /dashboard 307 in 78ms (next.js: 2ms, proxy.ts: 6ms, application-code: 70ms)
 GET /onboarding 200 in 59ms (next.js: 1.9ms, proxy.ts: 4ms, application-code: 53ms)
 GET /settings 200 in 96ms (next.js: 3ms, proxy.ts: 3ms, application-code: 89ms)
 POST /onboarding 200 in 126ms (next.js: 2ms, proxy.ts: 2ms, application-code: 121ms)
  └─ ƒ createWorkspace({}) in 15ms src/app/onboarding/actions.ts
 GET /api/auth/get-session 200 in 44ms (next.js: 6ms, proxy.ts: 3ms, application-code: 34ms)
 GET /api/auth/organization/list 200 in 50ms (next.js: 22ms, proxy.ts: 4ms, application-code: 24ms)
 GET /api/auth/get-session 200 in 21ms (next.js: 5ms, proxy.ts: 10ms, application-code: 6ms)
 GET /sign-in 200 in 49ms (next.js: 5ms, proxy.ts: 2ms, application-code: 42ms)
 POST /api/auth/sign-in/magic-link 200 in 25ms (next.js: 3ms, proxy.ts: 4ms, application-code: 18ms)
 GET /api/auth/magic-link/verify?token=[REDACTED]&callbackURL=%2Fdashboard&errorCallbackURL=http%3A%2F%2Flocalhost%3A3017%2Fsign-in 302 in 15ms (next.js: 2ms, proxy.ts: 2ms, application-code: 11ms)
 GET /dashboard 200 in 131ms (next.js: 3ms, proxy.ts: 2ms, application-code: 126ms)
 GET /api/auth/get-session 200 in 17ms (next.js: 6ms, proxy.ts: 3ms, application-code: 9ms)
 GET /api/auth/get-session 200 in 34ms (next.js: 6ms, proxy.ts: 6ms, application-code: 22ms)
 GET /api/auth/organization/list 200 in 39ms (next.js: 16ms, proxy.ts: 6ms, application-code: 16ms)
 GET /api/auth/magic-link/verify?token=[REDACTED]&callbackURL=%2Fdashboard&errorCallbackURL=http%3A%2F%2Flocalhost%3A3017%2Fsign-in 302 in 13ms (next.js: 2ms, proxy.ts: 2ms, application-code: 8ms)
 GET /sign-in?error=INVALID_TOKEN 200 in 40ms (next.js: 3ms, proxy.ts: 2ms, application-code: 35ms)
 GET /api/auth/get-session 200 in 18ms (next.js: 3ms, proxy.ts: 6ms, application-code: 9ms)
 GET /forgot-password 200 in 41ms (next.js: 4ms, proxy.ts: 1.9ms, application-code: 35ms)
 POST /api/auth/request-password-reset 200 in 14ms (next.js: 2ms, proxy.ts: 3ms, application-code: 9ms)
 GET /api/auth/reset-password/[REDACTED]?callbackURL=%2Freset-password 302 in 12ms (next.js: 1.9ms, proxy.ts: 3ms, application-code: 7ms)
 GET /reset-password?token=[REDACTED] 200 in 37ms (next.js: 3ms, proxy.ts: 1.7ms, application-code: 32ms)
 POST /api/auth/reset-password 200 in 87ms (next.js: 4ms, proxy.ts: 3ms, application-code: 80ms)
 GET /api/auth/get-session 200 in 9ms (next.js: 2ms, proxy.ts: 1.9ms, application-code: 5ms)
 GET /api/auth/get-session 200 in 8ms (next.js: 1.7ms, proxy.ts: 1.7ms, application-code: 4ms)
 GET /api/auth/reset-password/[REDACTED]?callbackURL=%2Freset-password 302 in 10ms (next.js: 2.0ms, proxy.ts: 2ms, application-code: 5ms)
 GET /reset-password?error=INVALID_TOKEN 200 in 33ms (next.js: 1.4ms, proxy.ts: 1.5ms, application-code: 30ms)
 GET /sign-in 200 in 61ms (next.js: 5ms, proxy.ts: 4ms, application-code: 51ms)
2026-09-07T09:39:51.593Z WARN [Better Auth]: Invalid password
 POST /api/auth/sign-in/email 401 in 92ms (next.js: 3ms, proxy.ts: 4ms, application-code: 85ms)
 GET /api/auth/get-session 200 in 12ms (next.js: 4ms, proxy.ts: 2ms, application-code: 6ms)
 GET /sign-in 200 in 41ms (next.js: 5ms, proxy.ts: 1.8ms, application-code: 34ms)
 POST /api/auth/sign-in/email 200 in 96ms (next.js: 2ms, proxy.ts: 3ms, application-code: 91ms)
 GET /dashboard 200 in 158ms (next.js: 3ms, proxy.ts: 4ms, application-code: 151ms)
 GET /sign-in 200 in 130ms (next.js: 10ms, proxy.ts: 4ms, application-code: 116ms)
 GET /api/auth/get-session 200 in 97ms (next.js: 37ms, proxy.ts: 17ms, application-code: 43ms)
 GET /api/auth/organization/list 200 in 105ms (next.js: 45ms, proxy.ts: 18ms, application-code: 43ms)
 POST /api/auth/sign-in/email 200 in 96ms (next.js: 3ms, proxy.ts: 3ms, application-code: 90ms)
 GET /dashboard 200 in 146ms (next.js: 3ms, proxy.ts: 4ms, application-code: 139ms)
 GET /account 200 in 84ms (next.js: 3ms, proxy.ts: 4ms, application-code: 77ms)
 GET /api/auth/get-session 200 in 37ms (next.js: 10ms, proxy.ts: 10ms, application-code: 17ms)
 GET /api/auth/organization/list 200 in 46ms (next.js: 14ms, proxy.ts: 10ms, application-code: 22ms)
 GET /api/auth/organization/list 200 in 28ms (next.js: 10ms, proxy.ts: 6ms, application-code: 12ms)
 GET /api/auth/get-session 200 in 31ms (next.js: 7ms, proxy.ts: 6ms, application-code: 17ms)
 GET /api/auth/passkey/list-user-passkeys 200 in 31ms (next.js: 13ms, proxy.ts: 6ms, application-code: 12ms)
 POST /api/auth/revoke-other-sessions 200 in 17ms (next.js: 2ms, proxy.ts: 4ms, application-code: 11ms)
 GET /api/auth/get-session 200 in 35ms (next.js: 6ms, proxy.ts: 5ms, application-code: 24ms)
 GET /api/auth/get-session 200 in 34ms (next.js: 9ms, proxy.ts: 5ms, application-code: 20ms)
 GET /api/auth/get-session 200 in 12ms (next.js: 2ms, proxy.ts: 1.8ms, application-code: 8ms)
 GET /api/auth/passkey/generate-register-options?authenticatorAttachment=platform&name=Ads%20by%20Yodev%20passkey 200 in 16ms (next.js: 2ms, proxy.ts: 3ms, application-code: 10ms)
 POST /api/auth/passkey/verify-registration 200 in 26ms (next.js: 8ms, proxy.ts: 4ms, application-code: 14ms)
 GET /api/auth/passkey/list-user-passkeys 200 in 22ms (next.js: 5ms, proxy.ts: 5ms, application-code: 12ms)
 GET /api/auth/passkey/list-user-passkeys 200 in 16ms (next.js: 6ms, proxy.ts: 3ms, application-code: 8ms)
 POST /api/auth/passkey/delete-passkey 401 in 13ms (next.js: 1.6ms, proxy.ts: 4ms, application-code: 7ms)
 POST /api/auth/sign-out 200 in 22ms (next.js: 3ms, proxy.ts: 3ms, application-code: 17ms)
 GET /sign-in 200 in 55ms (next.js: 5ms, proxy.ts: 3ms, application-code: 47ms)
 GET /api/auth/passkey/generate-authenticate-options 200 in 17ms (next.js: 4ms, proxy.ts: 3ms, application-code: 10ms)
 POST /api/auth/passkey/verify-authentication 200 in 21ms (next.js: 4ms, proxy.ts: 2ms, application-code: 15ms)
 GET /dashboard 200 in 139ms (next.js: 2ms, proxy.ts: 4ms, application-code: 132ms)
 GET /api/auth/get-session 200 in 14ms (next.js: 2ms, proxy.ts: 3ms, application-code: 9ms)
 GET /api/auth/organization/list 200 in 52ms (next.js: 13ms, proxy.ts: 19ms, application-code: 20ms)
 GET /account 200 in 93ms (next.js: 2ms, proxy.ts: 2ms, application-code: 89ms)
 GET /api/auth/get-session 200 in 29ms (next.js: 7ms, proxy.ts: 7ms, application-code: 16ms)
 GET /api/auth/organization/list 200 in 31ms (next.js: 10ms, proxy.ts: 7ms, application-code: 15ms)
 GET /api/auth/passkey/list-user-passkeys 200 in 33ms (next.js: 13ms, proxy.ts: 7ms, application-code: 13ms)
 POST /api/auth/passkey/delete-passkey 200 in 12ms (next.js: 2ms, proxy.ts: 2ms, application-code: 7ms)
 GET /api/auth/passkey/list-user-passkeys 200 in 16ms (next.js: 4ms, proxy.ts: 3ms, application-code: 9ms)
 POST /api/auth/sign-out 200 in 15ms (next.js: 6ms, proxy.ts: 2ms, application-code: 7ms)
 GET /sign-in 200 in 34ms (next.js: 4ms, proxy.ts: 1.5ms, application-code: 29ms)
 GET /api/auth/passkey/generate-authenticate-options 200 in 17ms (next.js: 6ms, proxy.ts: 3ms, application-code: 8ms)
 POST /api/auth/passkey/verify-authentication 401 in 31ms (next.js: 7ms, proxy.ts: 5ms, application-code: 19ms)
 GET /api/auth/get-session 200 in 14ms (next.js: 3ms, proxy.ts: 4ms, application-code: 7ms)
 POST /api/auth/sign-in/magic-link 200 in 34ms (next.js: 9ms, proxy.ts: 7ms, application-code: 18ms)
 GET /api/auth/magic-link/verify?token=[REDACTED]&callbackURL=%2Fdashboard&errorCallbackURL=http%3A%2F%2Flocalhost%3A3017%2Fsign-in 302 in 33ms (next.js: 5ms, proxy.ts: 17ms, application-code: 11ms)
 GET /dashboard 200 in 128ms (next.js: 3ms, proxy.ts: 2.0ms, application-code: 123ms)
 GET /api/auth/get-session 200 in 27ms (next.js: 8ms, proxy.ts: 3ms, application-code: 17ms)
 GET /api/auth/organization/list 200 in 31ms (next.js: 14ms, proxy.ts: 3ms, application-code: 15ms)
 GET /invitation?id=51758b5a-2a3b-438e-a5a9-0ed512341400 200 in 47ms (next.js: 1.9ms, proxy.ts: 1.9ms, application-code: 43ms)
 GET /api/auth/get-session 200 in 12ms (next.js: 2ms, proxy.ts: 3ms, application-code: 8ms)
 POST /api/auth/organization/accept-invitation 403 in 13ms (next.js: 2ms, proxy.ts: 2ms, application-code: 8ms)
 POST /invitation?id=51758b5a-2a3b-438e-a5a9-0ed512341400 200 in 15ms (next.js: 2.0ms, proxy.ts: 1.8ms, application-code: 11ms)
  └─ ƒ recoverAcceptedInvitation("51758b5a-2a3b-438e-a5a9-0ed512341400") in 5ms src/app/invitation/actions.ts
 GET /invitation?id=e0ccdecd-0177-4ac9-86cb-312bf0108e92 200 in 34ms (next.js: 1.7ms, proxy.ts: 1.8ms, application-code: 30ms)
 GET /api/auth/get-session 200 in 14ms (next.js: 5ms, proxy.ts: 2ms, application-code: 7ms)
 POST /api/auth/organization/accept-invitation 400 in 12ms (next.js: 2ms, proxy.ts: 2ms, application-code: 7ms)
 POST /invitation?id=e0ccdecd-0177-4ac9-86cb-312bf0108e92 200 in 14ms (next.js: 2ms, proxy.ts: 1.9ms, application-code: 10ms)
  └─ ƒ recoverAcceptedInvitation("e0ccdecd-0177-4ac9-86cb-312bf0108e92") in 5ms src/app/invitation/actions.ts
 GET /invitation?id=9506d210-c265-4bd4-9de8-e485a64b1e16 200 in 28ms (next.js: 1.7ms, proxy.ts: 1.7ms, application-code: 24ms)
 GET /api/auth/get-session 200 in 14ms (next.js: 2ms, proxy.ts: 6ms, application-code: 6ms)
 POST /api/auth/organization/accept-invitation 400 in 21ms (next.js: 3ms, proxy.ts: 12ms, application-code: 7ms)
 POST /invitation?id=9506d210-c265-4bd4-9de8-e485a64b1e16 200 in 12ms (next.js: 2ms, proxy.ts: 2ms, application-code: 8ms)
  └─ ƒ recoverAcceptedInvitation("9506d210-c265-4bd4-9de8-e485a64b1e16") in 3ms src/app/invitation/actions.ts
 GET /invitation?id=f2b53e57-d032-451a-81e9-1db2dda55c8f 200 in 33ms (next.js: 1.8ms, proxy.ts: 2ms, application-code: 29ms)
 GET /api/auth/get-session 200 in 12ms (next.js: 3ms, proxy.ts: 3ms, application-code: 6ms)
 GET /sign-in?returnTo=%2Finvitation%3Fid%3Df2b53e57-d032-451a-81e9-1db2dda55c8f 200 in 22ms (next.js: 4ms, proxy.ts: 2ms, application-code: 16ms)
 POST /api/auth/sign-in/magic-link 200 in 16ms (next.js: 3ms, proxy.ts: 3ms, application-code: 11ms)
 GET /api/auth/magic-link/verify?token=[REDACTED]&callbackURL=%2Finvitation%3Fid%3Df2b53e57-d032-451a-81e9-1db2dda55c8f&errorCallbackURL=http%3A%2F%2Flocalhost%3A3017%2Fsign-in%3FreturnTo%3D%252Finvitation%253Fid%253Df2b53e57-d032-451a-81e9-1db2dda55c8f 302 in 18ms (next.js: 3ms, proxy.ts: 2ms, application-code: 13ms)
 GET /invitation?id=f2b53e57-d032-451a-81e9-1db2dda55c8f 200 in 30ms (next.js: 1.6ms, proxy.ts: 1.5ms, application-code: 27ms)
 GET /api/auth/get-session 200 in 22ms (next.js: 3ms, proxy.ts: 2ms, application-code: 17ms)
 POST /api/auth/organization/accept-invitation 403 in 15ms (next.js: 2ms, proxy.ts: 1.9ms, application-code: 11ms)
 POST /invitation?id=f2b53e57-d032-451a-81e9-1db2dda55c8f 200 in 15ms (next.js: 1.7ms, proxy.ts: 3ms, application-code: 11ms)
  └─ ƒ recoverAcceptedInvitation("f2b53e57-d032-451a-81e9-1db2dda55c8f") in 4ms src/app/invitation/actions.ts
 POST /api/auth/organization/accept-invitation 200 in 22ms (next.js: 2ms, proxy.ts: 2.0ms, application-code: 18ms)
 POST /invitation?id=f2b53e57-d032-451a-81e9-1db2dda55c8f 200 in 16ms (next.js: 1.7ms, proxy.ts: 3ms, application-code: 11ms)
  └─ ƒ recoverAcceptedInvitation("f2b53e57-d032-451a-81e9-1db2dda55c8f") in 5ms src/app/invitation/actions.ts
 POST /api/auth/organization/set-active 200 in 15ms (next.js: 3ms, proxy.ts: 2ms, application-code: 10ms)
 GET /api/auth/get-session 200 in 340ms (next.js: 141ms, proxy.ts: 16ms, application-code: 183ms)
 GET /dashboard 200 in 437ms (next.js: 18ms, proxy.ts: 17ms, application-code: 402ms)
 GET /api/auth/get-session 200 in 54ms (next.js: 4ms, proxy.ts: 7ms, application-code: 42ms)
 GET /api/auth/get-session 200 in 57ms (next.js: 16ms, proxy.ts: 17ms, application-code: 24ms)
 GET /api/auth/organization/list 200 in 60ms (next.js: 25ms, proxy.ts: 21ms, application-code: 14ms)
 GET /invitation?id=f2b53e57-d032-451a-81e9-1db2dda55c8f 200 in 142ms (next.js: 4ms, proxy.ts: 4ms, application-code: 134ms)
 GET /api/auth/get-session 200 in 38ms (next.js: 4ms, proxy.ts: 8ms, application-code: 26ms)
 POST /api/auth/organization/accept-invitation 400 in 19ms (next.js: 5ms, proxy.ts: 3ms, application-code: 11ms)
 POST /invitation?id=f2b53e57-d032-451a-81e9-1db2dda55c8f 200 in 21ms (next.js: 2ms, proxy.ts: 3ms, application-code: 15ms)
  └─ ƒ recoverAcceptedInvitation("f2b53e57-d032-451a-81e9-1db2dda55c8f") in 7ms src/app/invitation/actions.ts
 POST /api/auth/organization/set-active 200 in 25ms (next.js: 4ms, proxy.ts: 2.0ms, application-code: 19ms)
 GET /api/auth/get-session 200 in 91ms (next.js: 47ms, proxy.ts: 24ms, application-code: 20ms)
 GET /dashboard 200 in 155ms (next.js: 2ms, proxy.ts: 3ms, application-code: 150ms)
 GET /invitation?id=f2b53e57-d032-451a-81e9-1db2dda55c8f 200 in 62ms (next.js: 3ms, proxy.ts: 2ms, application-code: 56ms)
 GET /api/auth/organization/list 200 in 26ms (next.js: 14ms, proxy.ts: 8ms, application-code: 4ms)
 GET /api/auth/get-session 200 in 31ms (next.js: 7ms, proxy.ts: 10ms, application-code: 13ms)
 GET /api/auth/get-session 200 in 15ms (next.js: 3ms, proxy.ts: 3ms, application-code: 9ms)
 POST /api/auth/organization/accept-invitation 400 in 25ms (next.js: 2ms, proxy.ts: 3ms, application-code: 19ms)
 POST /invitation?id=f2b53e57-d032-451a-81e9-1db2dda55c8f 200 in 17ms (next.js: 3ms, proxy.ts: 2.0ms, application-code: 12ms)
  └─ ƒ recoverAcceptedInvitation("f2b53e57-d032-451a-81e9-1db2dda55c8f") in 6ms src/app/invitation/actions.ts
 GET /dashboard 307 in 71ms (next.js: 3ms, proxy.ts: 2.0ms, application-code: 66ms)
 GET /onboarding 307 in 61ms (next.js: 4ms, proxy.ts: 2ms, application-code: 55ms)
 GET /dashboard 200 in 120ms (next.js: 2ms, proxy.ts: 3ms, application-code: 114ms)
 GET /api/auth/get-session 200 in 14ms (next.js: 4ms, proxy.ts: 2ms, application-code: 8ms)
 GET /api/auth/get-session 200 in 62ms (next.js: 31ms, proxy.ts: 15ms, application-code: 16ms)
 GET /api/auth/organization/list 200 in 63ms (next.js: 34ms, proxy.ts: 15ms, application-code: 14ms)
 GET /dashboard 307 in 110ms (next.js: 3ms, proxy.ts: 3ms, application-code: 104ms)
 GET /onboarding 200 in 153ms (next.js: 4ms, proxy.ts: 10ms, application-code: 139ms)
 GET /api/auth/get-session 200 in 19ms (next.js: 3ms, proxy.ts: 8ms, application-code: 8ms)
 GET /account 200 in 130ms (next.js: 2ms, proxy.ts: 2ms, application-code: 126ms)
 GET /api/auth/get-session 200 in 57ms (next.js: 14ms, proxy.ts: 9ms, application-code: 34ms)
 GET /api/auth/organization/list 200 in 62ms (next.js: 18ms, proxy.ts: 10ms, application-code: 34ms)
 GET /api/auth/passkey/list-user-passkeys 200 in 63ms (next.js: 29ms, proxy.ts: 11ms, application-code: 23ms)
 POST /api/auth/sign-out 200 in 45ms (next.js: 13ms, proxy.ts: 22ms, application-code: 11ms)
 GET /sign-in 200 in 62ms (next.js: 6ms, proxy.ts: 2ms, application-code: 55ms)
 GET /api/auth/get-session 200 in 16ms (next.js: 4ms, proxy.ts: 3ms, application-code: 9ms)
  ✓  10 [chromium] › e2e/auth-lifecycle-local.spec.ts:85:9 › auth lifecycle en: verification, magic link, reset, sessions and passkey (13.8s)
 GET /dashboard 200 in 131ms (next.js: 2ms, proxy.ts: 2ms, application-code: 127ms)
 GET /api/auth/get-session 200 in 129ms (next.js: 23ms, proxy.ts: 55ms, application-code: 51ms)
 GET /api/auth/organization/list 200 in 193ms (next.js: 44ms, proxy.ts: 52ms, application-code: 97ms)
 GET /settings 200 in 302ms (next.js: 60ms, proxy.ts: 20ms, application-code: 222ms)
 GET /api/auth/get-session 200 in 105ms (next.js: 16ms, proxy.ts: 30ms, application-code: 59ms)
 GET /api/auth/organization/list 200 in 107ms (next.js: 25ms, proxy.ts: 29ms, application-code: 53ms)
 GET /billing 200 in 204ms (next.js: 4ms, proxy.ts: 3ms, application-code: 197ms)
 GET /api/auth/get-session 200 in 97ms (next.js: 16ms, proxy.ts: 28ms, application-code: 53ms)
 GET /api/auth/organization/list 200 in 121ms (next.js: 25ms, proxy.ts: 24ms, application-code: 72ms)
 GET /support 200 in 163ms (next.js: 3ms, proxy.ts: 2ms, application-code: 157ms)
  ✓  11 [chromium] › e2e/authenticated-rbac.spec.ts:55:9 › authenticated five-role route matrix › owner has only its server-authorized product surface (1.7s)
 GET /dashboard 200 in 146ms (next.js: 5ms, proxy.ts: 2ms, application-code: 139ms)
 GET /api/auth/get-session 200 in 118ms (next.js: 20ms, proxy.ts: 27ms, application-code: 71ms)
 GET /api/auth/organization/list 200 in 189ms (next.js: 31ms, proxy.ts: 25ms, application-code: 133ms)
 GET /settings 200 in 221ms (next.js: 2ms, proxy.ts: 2ms, application-code: 216ms)
 GET /api/auth/get-session 200 in 136ms (next.js: 29ms, proxy.ts: 45ms, application-code: 62ms)
 GET /api/auth/organization/list 200 in 153ms (next.js: 38ms, proxy.ts: 35ms, application-code: 80ms)
 GET /support 200 in 192ms (next.js: 3ms, proxy.ts: 3ms, application-code: 185ms)
⨯ Error [PermissionDeniedError]: Permission required: billing:manage
    at requirePermission (src/lib/permissions.ts:79:19)
    at requireWorkspacePermission (src/lib/workspace.ts:164:73)
    at async BillingPage (src/app/(app)/billing/page.tsx:23:40)
  77 | export function requirePermission(role: WorkspaceRole, permission: Permission) {
  78 |   if (!rolePermissions[role].has(permission)) {
> 79 |     const error = new Error(`Permission required: ${permission}`)
     |                   ^
  80 |     error.name = 'PermissionDeniedError'
  81 |     throw error
  82 |   } {
  digest: '701358427'
}
 GET /api/auth/get-session 200 in 118ms (next.js: 39ms, proxy.ts: 28ms, application-code: 51ms)
 GET /api/auth/organization/list 200 in 128ms (next.js: 43ms, proxy.ts: 26ms, application-code: 60ms)
 GET /billing 307 in 180ms (next.js: 2ms, proxy.ts: 4ms, application-code: 173ms)
 GET /support?error=Acc%C3%A8s%20non%20autoris%C3%A9 200 in 749ms (next.js: 14ms, proxy.ts: 21ms, application-code: 713ms)
  ✓  12 [chromium] › e2e/authenticated-rbac.spec.ts:55:9 › authenticated five-role route matrix › admin has only its server-authorized product surface (2.3s)
 GET /dashboard 200 in 438ms (next.js: 16ms, proxy.ts: 16ms, application-code: 407ms)
 GET /api/auth/get-session 200 in 246ms (next.js: 32ms, proxy.ts: 40ms, application-code: 174ms)
 GET /api/auth/organization/list 200 in 291ms (next.js: 63ms, proxy.ts: 37ms, application-code: 191ms)
 GET /tasks 200 in 358ms (next.js: 11ms, proxy.ts: 6ms, application-code: 341ms)
 GET /api/auth/get-session 200 in 205ms (next.js: 93ms, proxy.ts: 23ms, application-code: 89ms)
 GET /api/auth/organization/list 200 in 218ms (next.js: 104ms, proxy.ts: 24ms, application-code: 90ms)
 GET /support 200 in 365ms (next.js: 21ms, proxy.ts: 23ms, application-code: 321ms)
⨯ Error [PermissionDeniedError]: Permission required: workspace:admin
    at requirePermission (src/lib/permissions.ts:79:19)
    at requireWorkspacePermission (src/lib/workspace.ts:164:73)
    at async SettingsPage (src/app/(app)/settings/page.tsx:51:57)
  77 | export function requirePermission(role: WorkspaceRole, permission: Permission) {
  78 |   if (!rolePermissions[role].has(permission)) {
> 79 |     const error = new Error(`Permission required: ${permission}`)
     |                   ^
  80 |     error.name = 'PermissionDeniedError'
  81 |     throw error
  82 |   } {
  digest: '1941415885'
}
 GET /api/auth/get-session 200 in 107ms (next.js: 43ms, proxy.ts: 32ms, application-code: 33ms)
 GET /api/auth/organization/list 200 in 108ms (next.js: 45ms, proxy.ts: 30ms, application-code: 33ms)
 GET /settings 307 in 159ms (next.js: 11ms, proxy.ts: 7ms, application-code: 142ms)
 GET /support?error=Acc%C3%A8s%20non%20autoris%C3%A9 200 in 144ms (next.js: 2ms, proxy.ts: 5ms, application-code: 136ms)
⨯ Error [PermissionDeniedError]: Permission required: billing:manage
    at requirePermission (src/lib/permissions.ts:79:19)
    at requireWorkspacePermission (src/lib/workspace.ts:164:73)
    at async BillingPage (src/app/(app)/billing/page.tsx:23:40)
  77 | export function requirePermission(role: WorkspaceRole, permission: Permission) {
  78 |   if (!rolePermissions[role].has(permission)) {
> 79 |     const error = new Error(`Permission required: ${permission}`)
     |                   ^
  80 |     error.name = 'PermissionDeniedError'
  81 |     throw error
  82 |   } {
  digest: '701358427'
}
 GET /api/auth/get-session 200 in 110ms (next.js: 36ms, proxy.ts: 34ms, application-code: 39ms)
 GET /api/auth/organization/list 200 in 106ms (next.js: 45ms, proxy.ts: 31ms, application-code: 30ms)
 GET /billing 307 in 146ms (next.js: 5ms, proxy.ts: 3ms, application-code: 139ms)
 GET /support?error=Acc%C3%A8s%20non%20autoris%C3%A9 200 in 166ms (next.js: 2ms, proxy.ts: 6ms, application-code: 158ms)
  ✓  13 [chromium] › e2e/authenticated-rbac.spec.ts:55:9 › authenticated five-role route matrix › strategist has only its server-authorized product surface (3.0s)
 GET /dashboard 200 in 115ms (next.js: 7ms, proxy.ts: 2ms, application-code: 106ms)
 GET /api/auth/get-session 200 in 122ms (next.js: 32ms, proxy.ts: 29ms, application-code: 60ms)
 GET /api/auth/organization/list 200 in 159ms (next.js: 22ms, proxy.ts: 45ms, application-code: 92ms)
 GET /reports 200 in 171ms (next.js: 6ms, proxy.ts: 4ms, application-code: 162ms)
 GET /api/auth/get-session 200 in 133ms (next.js: 35ms, proxy.ts: 37ms, application-code: 61ms)
 GET /api/auth/organization/list 200 in 138ms (next.js: 39ms, proxy.ts: 37ms, application-code: 62ms)
 GET /support 200 in 210ms (next.js: 5ms, proxy.ts: 3ms, application-code: 202ms)
⨯ Error [PermissionDeniedError]: Permission required: workspace:admin
    at requirePermission (src/lib/permissions.ts:79:19)
    at requireWorkspacePermission (src/lib/workspace.ts:164:73)
    at async SettingsPage (src/app/(app)/settings/page.tsx:51:57)
  77 | export function requirePermission(role: WorkspaceRole, permission: Permission) {
  78 |   if (!rolePermissions[role].has(permission)) {
> 79 |     const error = new Error(`Permission required: ${permission}`)
     |                   ^
  80 |     error.name = 'PermissionDeniedError'
  81 |     throw error
  82 |   } {
  digest: '1941415885'
}
 GET /api/auth/get-session 200 in 108ms (next.js: 72ms, proxy.ts: 6ms, application-code: 30ms)
 GET /api/auth/organization/list 200 in 130ms (next.js: 74ms, proxy.ts: 8ms, application-code: 48ms)
 GET /settings 307 in 138ms (next.js: 7ms, proxy.ts: 7ms, application-code: 124ms)
 GET /support?error=Acc%C3%A8s%20non%20autoris%C3%A9 200 in 126ms (next.js: 2.0ms, proxy.ts: 2ms, application-code: 122ms)
⨯ Error [PermissionDeniedError]: Permission required: billing:manage
    at requirePermission (src/lib/permissions.ts:79:19)
    at requireWorkspacePermission (src/lib/workspace.ts:164:73)
    at async BillingPage (src/app/(app)/billing/page.tsx:23:40)
  77 | export function requirePermission(role: WorkspaceRole, permission: Permission) {
  78 |   if (!rolePermissions[role].has(permission)) {
> 79 |     const error = new Error(`Permission required: ${permission}`)
     |                   ^
  80 |     error.name = 'PermissionDeniedError'
  81 |     throw error
  82 |   } {
  digest: '701358427'
}
 GET /api/auth/get-session 200 in 91ms (next.js: 31ms, proxy.ts: 26ms, application-code: 34ms)
 GET /api/auth/organization/list 200 in 98ms (next.js: 34ms, proxy.ts: 26ms, application-code: 38ms)
 GET /billing 307 in 106ms (next.js: 4ms, proxy.ts: 4ms, application-code: 99ms)
 GET /support?error=Acc%C3%A8s%20non%20autoris%C3%A9 200 in 149ms (next.js: 2ms, proxy.ts: 2.0ms, application-code: 145ms)
  ✓  14 [chromium] › e2e/authenticated-rbac.spec.ts:55:9 › authenticated five-role route matrix › analyst has only its server-authorized product surface (2.2s)
 GET /support 200 in 747ms (next.js: 604ms, proxy.ts: 38ms, application-code: 106ms)
⨯ Error [PermissionDeniedError]: Permission required: portfolio:read
    at requirePermission (src/lib/permissions.ts:79:19)
    at requireWorkspacePermission (src/lib/workspace.ts:164:73)
    at async DashboardPage (src/app/(app)/dashboard/page.tsx:27:54)
  77 | export function requirePermission(role: WorkspaceRole, permission: Permission) {
  78 |   if (!rolePermissions[role].has(permission)) {
> 79 |     const error = new Error(`Permission required: ${permission}`)
     |                   ^
  80 |     error.name = 'PermissionDeniedError'
  81 |     throw error
  82 |   } {
  digest: '3272672268'
}
 GET /api/auth/get-session 200 in 76ms (next.js: 42ms, proxy.ts: 5ms, application-code: 29ms)
 GET /api/auth/organization/list 200 in 103ms (next.js: 47ms, proxy.ts: 5ms, application-code: 52ms)
 GET /dashboard 307 in 117ms (next.js: 3ms, proxy.ts: 5ms, application-code: 109ms)
 GET /support?error=Acc%C3%A8s%20non%20autoris%C3%A9 200 in 110ms (next.js: 2ms, proxy.ts: 4ms, application-code: 104ms)
 GET /api/auth/get-session 200 in 87ms (next.js: 37ms, proxy.ts: 5ms, application-code: 45ms)
 GET /api/auth/organization/list 200 in 87ms (next.js: 12ms, proxy.ts: 5ms, application-code: 71ms)
⨯ Error [PermissionDeniedError]: Permission required: workspace:admin
    at requirePermission (src/lib/permissions.ts:79:19)
    at requireWorkspacePermission (src/lib/workspace.ts:164:73)
    at async SettingsPage (src/app/(app)/settings/page.tsx:51:57)
  77 | export function requirePermission(role: WorkspaceRole, permission: Permission) {
  78 |   if (!rolePermissions[role].has(permission)) {
> 79 |     const error = new Error(`Permission required: ${permission}`)
     |                   ^
  80 |     error.name = 'PermissionDeniedError'
  81 |     throw error
  82 |   } {
  digest: '1941415885'
}
 GET /settings 307 in 136ms (next.js: 18ms, proxy.ts: 5ms, application-code: 113ms)
 GET /support?error=Acc%C3%A8s%20non%20autoris%C3%A9 200 in 105ms (next.js: 2ms, proxy.ts: 3ms, application-code: 100ms)
 GET /api/auth/get-session 200 in 89ms (next.js: 45ms, proxy.ts: 7ms, application-code: 37ms)
⨯ Error [PermissionDeniedError]: Permission required: billing:manage
    at requirePermission (src/lib/permissions.ts:79:19)
    at requireWorkspacePermission (src/lib/workspace.ts:164:73)
    at async BillingPage (src/app/(app)/billing/page.tsx:23:40)
  77 | export function requirePermission(role: WorkspaceRole, permission: Permission) {
  78 |   if (!rolePermissions[role].has(permission)) {
> 79 |     const error = new Error(`Permission required: ${permission}`)
     |                   ^
  80 |     error.name = 'PermissionDeniedError'
  81 |     throw error
  82 |   } {
  digest: '701358427'
}
 GET /api/auth/organization/list 200 in 111ms (next.js: 49ms, proxy.ts: 7ms, application-code: 55ms)
 GET /billing 307 in 117ms (next.js: 5ms, proxy.ts: 8ms, application-code: 104ms)
 GET /support?error=Acc%C3%A8s%20non%20autoris%C3%A9 200 in 103ms (next.js: 2ms, proxy.ts: 3ms, application-code: 98ms)
  ✓  15 [chromium] › e2e/authenticated-rbac.spec.ts:55:9 › authenticated five-role route matrix › client has only its server-authorized product surface (2.2s)
 GET /api/exports/80000000-0000-4000-8000-000000000003 404 in 1391ms (next.js: 1357ms, proxy.ts: 2ms, application-code: 32ms)
  ✓  16 [chromium] › e2e/authenticated-rbac.spec.ts:75:9 › authenticated five-role route matrix › owner cannot cross the direct export API boundary (1.7s)
 GET /api/exports/80000000-0000-4000-8000-000000000003 403 in 15ms (next.js: 4ms, proxy.ts: 3ms, application-code: 9ms)
  ✓  17 [chromium] › e2e/authenticated-rbac.spec.ts:75:9 › authenticated five-role route matrix › admin cannot cross the direct export API boundary (63ms)
 GET /api/exports/80000000-0000-4000-8000-000000000003 403 in 13ms (next.js: 2ms, proxy.ts: 2ms, application-code: 9ms)
  ✓  18 [chromium] › e2e/authenticated-rbac.spec.ts:75:9 › authenticated five-role route matrix › strategist cannot cross the direct export API boundary (60ms)
 GET /api/exports/80000000-0000-4000-8000-000000000003 403 in 13ms (next.js: 2ms, proxy.ts: 2ms, application-code: 8ms)
  ✓  19 [chromium] › e2e/authenticated-rbac.spec.ts:75:9 › authenticated five-role route matrix › analyst cannot cross the direct export API boundary (61ms)
 GET /api/exports/80000000-0000-4000-8000-000000000003 403 in 14ms (next.js: 4ms, proxy.ts: 2ms, application-code: 8ms)
  ✓  20 [chromium] › e2e/authenticated-rbac.spec.ts:75:9 › authenticated five-role route matrix › client cannot cross the direct export API boundary (81ms)
 GET /settings 200 in 316ms (next.js: 3ms, proxy.ts: 2ms, application-code: 311ms)
 GET /api/auth/get-session 200 in 93ms (next.js: 34ms, proxy.ts: 26ms, application-code: 33ms)
 GET /api/auth/organization/list 200 in 98ms (next.js: 14ms, proxy.ts: 21ms, application-code: 62ms)
 POST /settings 200 in 162ms (next.js: 21ms, proxy.ts: 6ms, application-code: 134ms)
  └─ ƒ updateWorkspaceLocale({}) in 38ms src/app/actions.ts
 GET /settings?notice=Langue+de+l%E2%80%99espace+mise+%C3%A0+jour. 200 in 141ms (next.js: 4ms, proxy.ts: 4ms, application-code: 134ms)
 GET /settings?notice=Langue+de+l%E2%80%99espace+mise+%C3%A0+jour. 200 in 83ms (next.js: 3ms, proxy.ts: 2ms, application-code: 78ms)
 POST /settings 200 in 149ms (next.js: 14ms, proxy.ts: 11ms, application-code: 124ms)
  └─ ƒ updateWorkspaceLocale({}) in 30ms src/app/actions.ts
 GET /settings?notice=Langue+de+l%E2%80%99espace+mise+%C3%A0+jour. 200 in 107ms (next.js: 2ms, proxy.ts: 1.9ms, application-code: 102ms)
 POST /settings 200 in 125ms (next.js: 2ms, proxy.ts: 3ms, application-code: 120ms)
  └─ ƒ updateWorkspaceLocale({}) in 8ms src/app/actions.ts
⨯ Error [PermissionDeniedError]: Permission required: workspace:admin
    at requirePermission (src/lib/permissions.ts:79:19)
    at requireWorkspacePermission (src/lib/workspace.ts:164:73)
    at async SettingsPage (src/app/(app)/settings/page.tsx:51:57)
  77 | export function requirePermission(role: WorkspaceRole, permission: Permission) {
  78 |   if (!rolePermissions[role].has(permission)) {
> 79 |     const error = new Error(`Permission required: ${permission}`)
     |                   ^
  80 |     error.name = 'PermissionDeniedError'
  81 |     throw error
  82 |   } {
  digest: '1941415885'
}
 GET /settings?error=Permission+required%3A+workspace%3Aadmin 200 in 59ms (next.js: 2ms, proxy.ts: 1.8ms, application-code: 55ms)
 POST /settings 200 in 82ms (next.js: 3ms, proxy.ts: 3ms, application-code: 77ms)
  └─ ƒ updateWorkspaceLocale({}) in 8ms src/app/actions.ts
⨯ Error [PermissionDeniedError]: Permission required: workspace:admin
    at requirePermission (src/lib/permissions.ts:79:19)
    at requireWorkspacePermission (src/lib/workspace.ts:164:73)
    at async SettingsPage (src/app/(app)/settings/page.tsx:51:57)
  77 | export function requirePermission(role: WorkspaceRole, permission: Permission) {
  78 |   if (!rolePermissions[role].has(permission)) {
> 79 |     const error = new Error(`Permission required: ${permission}`)
     |                   ^
  80 |     error.name = 'PermissionDeniedError'
  81 |     throw error
  82 |   } {
  digest: '1941415885'
}
 GET /settings?error=Permission+required%3A+workspace%3Aadmin 200 in 68ms (next.js: 2.0ms, proxy.ts: 2ms, application-code: 64ms)
 POST /settings 200 in 87ms (next.js: 2ms, proxy.ts: 3ms, application-code: 83ms)
  └─ ƒ updateWorkspaceLocale({}) in 5ms src/app/actions.ts
⨯ Error [PermissionDeniedError]: Permission required: workspace:admin
    at requirePermission (src/lib/permissions.ts:79:19)
    at requireWorkspacePermission (src/lib/workspace.ts:164:73)
    at async SettingsPage (src/app/(app)/settings/page.tsx:51:57)
  77 | export function requirePermission(role: WorkspaceRole, permission: Permission) {
  78 |   if (!rolePermissions[role].has(permission)) {
> 79 |     const error = new Error(`Permission required: ${permission}`)
     |                   ^
  80 |     error.name = 'PermissionDeniedError'
  81 |     throw error
  82 |   } {
  digest: '1941415885'
}
 GET /settings?error=Permission+required%3A+workspace%3Aadmin 200 in 65ms (next.js: 2ms, proxy.ts: 2ms, application-code: 60ms)
 POST /settings 200 in 87ms (next.js: 3ms, proxy.ts: 4ms, application-code: 80ms)
  └─ ƒ updateWorkspaceLocale({}) in 7ms src/app/actions.ts
  ✓  21 [chromium] › e2e/authenticated-rbac.spec.ts:93:7 › authenticated Server Action authorization matrix › re-authorizes workspace administration for every session (1.6s)
 GET /dashboard?client=80000000-0000-4000-8000-000000000092 200 in 214ms (next.js: 2ms, proxy.ts: 3ms, application-code: 209ms)
 GET /api/auth/get-session 200 in 69ms (next.js: 14ms, proxy.ts: 9ms, application-code: 47ms)
 GET /api/auth/organization/list 200 in 84ms (next.js: 40ms, proxy.ts: 6ms, application-code: 38ms)
 POST /dashboard?client=80000000-0000-4000-8000-000000000092 200 in 449ms (next.js: 5ms, proxy.ts: 9ms, application-code: 434ms)
  └─ ƒ setCookieConsent({}) in 5ms src/app/preferences-actions.ts
 GET /dashboard?client=80000000-0000-4000-8000-000000000092 200 in 413ms (next.js: 39ms, proxy.ts: 38ms, application-code: 336ms)
 GET /api/auth/get-session 200 in 110ms (next.js: 67ms, proxy.ts: 11ms, application-code: 32ms)
 GET /api/auth/organization/list 200 in 153ms (next.js: 70ms, proxy.ts: 11ms, application-code: 72ms)
 GET /dashboard?client=80000000-0000-4000-8000-000000000092 200 in 287ms (next.js: 10ms, proxy.ts: 10ms, application-code: 267ms)
 GET /api/auth/get-session 200 in 117ms (next.js: 19ms, proxy.ts: 29ms, application-code: 69ms)
 GET /api/auth/organization/list 200 in 117ms (next.js: 31ms, proxy.ts: 24ms, application-code: 62ms)
 GET /dashboard?client=80000000-0000-4000-8000-000000000092 200 in 283ms (next.js: 3ms, proxy.ts: 3ms, application-code: 277ms)
 GET /api/auth/get-session 200 in 164ms (next.js: 37ms, proxy.ts: 44ms, application-code: 83ms)
 GET /api/auth/organization/list 200 in 177ms (next.js: 30ms, proxy.ts: 62ms, application-code: 85ms)
 GET /dashboard?client=80000000-0000-4000-8000-000000000092 200 in 305ms (next.js: 8ms, proxy.ts: 8ms, application-code: 289ms)
 GET /api/auth/get-session 200 in 102ms (next.js: 30ms, proxy.ts: 10ms, application-code: 63ms)
 GET /api/auth/organization/list 200 in 108ms (next.js: 62ms, proxy.ts: 11ms, application-code: 35ms)
 GET /dashboard?client=80000000-0000-4000-8000-000000000093 200 in 404ms (next.js: 3ms, proxy.ts: 3ms, application-code: 399ms)
  ✓  22 [chromium] › e2e/dashboard-health-local.spec.ts:15:53 › qualified cockpit health › counts all alerts and refuses unqualified scores in fr (3.4s)
 GET /dashboard?client=80000000-0000-4000-8000-000000000092 200 in 337ms (next.js: 7ms, proxy.ts: 7ms, application-code: 323ms)
 GET /api/auth/get-session 200 in 148ms (next.js: 13ms, proxy.ts: 8ms, application-code: 128ms)
 GET /api/auth/organization/list 200 in 182ms (next.js: 27ms, proxy.ts: 8ms, application-code: 148ms)
 POST /dashboard?client=80000000-0000-4000-8000-000000000092 200 in 583ms (next.js: 8ms, proxy.ts: 7ms, application-code: 568ms)
  └─ ƒ setCookieConsent({}) in 8ms src/app/preferences-actions.ts
 GET /dashboard?client=80000000-0000-4000-8000-000000000092 200 in 510ms (next.js: 22ms, proxy.ts: 62ms, application-code: 426ms)
 GET /api/auth/get-session 200 in 147ms (next.js: 17ms, proxy.ts: 61ms, application-code: 69ms)
 GET /api/auth/organization/list 200 in 139ms (next.js: 29ms, proxy.ts: 52ms, application-code: 59ms)
 GET /dashboard?client=80000000-0000-4000-8000-000000000092 200 in 282ms (next.js: 3ms, proxy.ts: 3ms, application-code: 276ms)
 GET /api/auth/get-session 200 in 169ms (next.js: 70ms, proxy.ts: 47ms, application-code: 51ms)
 GET /api/auth/organization/list 200 in 253ms (next.js: 95ms, proxy.ts: 47ms, application-code: 111ms)
 GET /dashboard?client=80000000-0000-4000-8000-000000000092 200 in 675ms (next.js: 10ms, proxy.ts: 68ms, application-code: 597ms)
 GET /api/auth/get-session 200 in 128ms (next.js: 22ms, proxy.ts: 12ms, application-code: 94ms)
 GET /api/auth/organization/list 200 in 152ms (next.js: 46ms, proxy.ts: 17ms, application-code: 89ms)
 GET /dashboard?client=80000000-0000-4000-8000-000000000092 200 in 376ms (next.js: 7ms, proxy.ts: 7ms, application-code: 363ms)
 GET /api/auth/get-session 200 in 45ms (next.js: 14ms, proxy.ts: 5ms, application-code: 25ms)
 GET /api/auth/organization/list 200 in 53ms (next.js: 21ms, proxy.ts: 6ms, application-code: 25ms)
 GET /dashboard?client=80000000-0000-4000-8000-000000000093 200 in 217ms (next.js: 4ms, proxy.ts: 2ms, application-code: 211ms)
  ✓  23 [chromium] › e2e/dashboard-health-local.spec.ts:15:53 › qualified cockpit health › counts all alerts and refuses unqualified scores in en (4.3s)
 POST /api/auth/organization/set-active 200 in 19ms (next.js: 4ms, proxy.ts: 3ms, application-code: 12ms)
 GET /getting-started 200 in 200ms (next.js: 43ms, proxy.ts: 2ms, application-code: 154ms)
 GET /api/auth/get-session 200 in 46ms (next.js: 11ms, proxy.ts: 11ms, application-code: 25ms)
 GET /api/auth/organization/list 200 in 50ms (next.js: 19ms, proxy.ts: 12ms, application-code: 18ms)
 GET /getting-started 200 in 212ms (next.js: 5ms, proxy.ts: 9ms, application-code: 198ms)
 GET /api/auth/get-session 200 in 31ms (next.js: 6ms, proxy.ts: 4ms, application-code: 21ms)
 GET /api/auth/organization/list 200 in 36ms (next.js: 12ms, proxy.ts: 3ms, application-code: 21ms)
 GET /getting-started 200 in 206ms (next.js: 7ms, proxy.ts: 6ms, application-code: 193ms)
 GET /api/auth/get-session 200 in 53ms (next.js: 8ms, proxy.ts: 7ms, application-code: 37ms)
 GET /api/auth/organization/list 200 in 60ms (next.js: 17ms, proxy.ts: 7ms, application-code: 36ms)
 GET /getting-started 200 in 273ms (next.js: 18ms, proxy.ts: 13ms, application-code: 243ms)
 GET /api/auth/get-session 200 in 127ms (next.js: 67ms, proxy.ts: 8ms, application-code: 52ms)
 GET /api/auth/organization/list 200 in 130ms (next.js: 86ms, proxy.ts: 6ms, application-code: 38ms)
 GET /getting-started 200 in 157ms (next.js: 2ms, proxy.ts: 2ms, application-code: 152ms)
 GET /api/auth/get-session 200 in 55ms (next.js: 25ms, proxy.ts: 10ms, application-code: 19ms)
 GET /api/auth/organization/list 200 in 80ms (next.js: 13ms, proxy.ts: 11ms, application-code: 56ms)
 GET /getting-started 200 in 218ms (next.js: 7ms, proxy.ts: 14ms, application-code: 197ms)
  ✓  24 [chromium] › e2e/getting-started-local.spec.ts:6:7 › guided setup fr requires selected accounts and qualified milestones (3.2s)
 POST /api/auth/organization/set-active 200 in 16ms (next.js: 4ms, proxy.ts: 2ms, application-code: 10ms)
 GET /getting-started 200 in 248ms (next.js: 5ms, proxy.ts: 6ms, application-code: 237ms)
 GET /api/auth/get-session 200 in 49ms (next.js: 22ms, proxy.ts: 10ms, application-code: 18ms)
 GET /api/auth/organization/list 200 in 53ms (next.js: 8ms, proxy.ts: 10ms, application-code: 35ms)
 GET /getting-started 200 in 328ms (next.js: 12ms, proxy.ts: 8ms, application-code: 308ms)
 GET /api/auth/get-session 200 in 37ms (next.js: 7ms, proxy.ts: 4ms, application-code: 25ms)
 GET /api/auth/organization/list 200 in 40ms (next.js: 18ms, proxy.ts: 4ms, application-code: 18ms)
 GET /getting-started 200 in 204ms (next.js: 9ms, proxy.ts: 6ms, application-code: 189ms)
 GET /api/auth/get-session 200 in 30ms (next.js: 6ms, proxy.ts: 3ms, application-code: 21ms)
 GET /api/auth/organization/list 200 in 41ms (next.js: 11ms, proxy.ts: 4ms, application-code: 26ms)
 GET /getting-started 200 in 212ms (next.js: 4ms, proxy.ts: 8ms, application-code: 200ms)
 GET /api/auth/get-session 200 in 45ms (next.js: 12ms, proxy.ts: 10ms, application-code: 24ms)
 GET /api/auth/organization/list 200 in 48ms (next.js: 13ms, proxy.ts: 13ms, application-code: 22ms)
 GET /getting-started 200 in 148ms (next.js: 3ms, proxy.ts: 1.9ms, application-code: 143ms)
 GET /api/auth/get-session 200 in 30ms (next.js: 10ms, proxy.ts: 5ms, application-code: 15ms)
 GET /api/auth/organization/list 200 in 32ms (next.js: 12ms, proxy.ts: 8ms, application-code: 13ms)
 GET /getting-started 200 in 212ms (next.js: 6ms, proxy.ts: 6ms, application-code: 200ms)
  ✓  25 [chromium] › e2e/getting-started-local.spec.ts:6:7 › guided setup en requires selected accounts and qualified milestones (2.9s)
 GET /insights/devices?client=80000000-0000-4000-8000-000000000094 200 in 144ms (next.js: 5ms, proxy.ts: 2ms, application-code: 136ms)
 GET /api/auth/get-session 200 in 32ms (next.js: 9ms, proxy.ts: 8ms, application-code: 16ms)
 GET /api/auth/organization/list 200 in 35ms (next.js: 13ms, proxy.ts: 9ms, application-code: 13ms)
 GET /tasks 200 in 73ms (next.js: 6ms, proxy.ts: 3ms, application-code: 64ms)
 GET /discussions/tasks/eb0ef5e5-49a8-4470-89cc-60d394b51663 200 in 685ms (next.js: 535ms, proxy.ts: 2ms, application-code: 148ms)
 GET /api/auth/get-session 200 in 39ms (next.js: 12ms, proxy.ts: 7ms, application-code: 20ms)
 GET /api/auth/organization/list 200 in 43ms (next.js: 17ms, proxy.ts: 7ms, application-code: 19ms)
 GET /dashboard 200 in 68ms (next.js: 4ms, proxy.ts: 3ms, application-code: 61ms)
 GET /tasks 200 in 67ms (next.js: 3ms, proxy.ts: 3ms, application-code: 61ms)
 GET /dashboard 200 in 115ms (next.js: 4ms, proxy.ts: 3ms, application-code: 107ms)
 GET /tasks 200 in 204ms (next.js: 3ms, proxy.ts: 4ms, application-code: 197ms)
 GET /dashboard?client=invalid 404 in 163ms (next.js: 5ms, proxy.ts: 8ms, application-code: 150ms)
 GET /dashboard?client= 404 in 124ms (next.js: 3ms, proxy.ts: 3ms, application-code: 118ms)
 GET /dashboard?client=80000000-0000-4000-8000-000000000095 404 in 130ms (next.js: 2ms, proxy.ts: 1.7ms, application-code: 126ms)
 GET /dashboard?client=80000000-0000-4000-8000-000000000094&client=80000000-0000-4000-8000-000000000095 404 in 113ms (next.js: 2ms, proxy.ts: 2ms, application-code: 109ms)
 GET /analysis?client=invalid 404 in 122ms (next.js: 4ms, proxy.ts: 1.9ms, application-code: 116ms)
 GET /analysis?client= 404 in 114ms (next.js: 2ms, proxy.ts: 2ms, application-code: 110ms)
 GET /analysis?client=80000000-0000-4000-8000-000000000095 404 in 132ms (next.js: 2ms, proxy.ts: 1.9ms, application-code: 128ms)
 GET /analysis?client=80000000-0000-4000-8000-000000000094&client=80000000-0000-4000-8000-000000000095 404 in 129ms (next.js: 2ms, proxy.ts: 2ms, application-code: 125ms)
 GET /insights?client=invalid 404 in 125ms (next.js: 4ms, proxy.ts: 2ms, application-code: 119ms)
 GET /insights?client= 404 in 123ms (next.js: 2ms, proxy.ts: 2ms, application-code: 119ms)
 GET /insights?client=80000000-0000-4000-8000-000000000095 404 in 114ms (next.js: 1.7ms, proxy.ts: 2ms, application-code: 110ms)
 GET /insights?client=80000000-0000-4000-8000-000000000094&client=80000000-0000-4000-8000-000000000095 404 in 116ms (next.js: 1.9ms, proxy.ts: 1.7ms, application-code: 112ms)
 GET /history?client=invalid 404 in 109ms (next.js: 3ms, proxy.ts: 3ms, application-code: 102ms)
 GET /history?client= 404 in 119ms (next.js: 1.7ms, proxy.ts: 1.7ms, application-code: 115ms)
 GET /history?client=80000000-0000-4000-8000-000000000095 404 in 125ms (next.js: 1.7ms, proxy.ts: 1.7ms, application-code: 122ms)
 GET /history?client=80000000-0000-4000-8000-000000000094&client=80000000-0000-4000-8000-000000000095 404 in 119ms (next.js: 2ms, proxy.ts: 1.9ms, application-code: 115ms)
 GET /dashboard?client=80000000-0000-4000-8000-000000000094 404 in 133ms (next.js: 2.0ms, proxy.ts: 2ms, application-code: 128ms)
  ✓  26 [chromium] › e2e/navigation-state-local.spec.ts:14:53 › live navigation state › follows client navigation, keyboard and invalid accounts in fr (4.7s)
 GET /insights/devices?client=80000000-0000-4000-8000-000000000094 200 in 155ms (next.js: 5ms, proxy.ts: 2ms, application-code: 148ms)
 GET /api/auth/get-session 200 in 61ms (next.js: 10ms, proxy.ts: 5ms, application-code: 45ms)
 GET /api/auth/organization/list 200 in 64ms (next.js: 19ms, proxy.ts: 7ms, application-code: 38ms)
 GET /tasks 200 in 84ms (next.js: 6ms, proxy.ts: 6ms, application-code: 73ms)
 GET /discussions/tasks/03f859d1-9dbc-49c5-a6ea-78b13a530dbe 200 in 143ms (next.js: 4ms, proxy.ts: 2ms, application-code: 137ms)
 GET /api/auth/get-session 200 in 88ms (next.js: 38ms, proxy.ts: 8ms, application-code: 43ms)
 GET /api/auth/organization/list 200 in 90ms (next.js: 51ms, proxy.ts: 10ms, application-code: 29ms)
 GET /dashboard 200 in 96ms (next.js: 11ms, proxy.ts: 4ms, application-code: 80ms)
 GET /tasks 200 in 57ms (next.js: 2ms, proxy.ts: 2ms, application-code: 52ms)
 GET /dashboard 200 in 79ms (next.js: 2ms, proxy.ts: 2ms, application-code: 75ms)
 GET /tasks 200 in 219ms (next.js: 8ms, proxy.ts: 6ms, application-code: 204ms)
 GET /dashboard?client=invalid 404 in 177ms (next.js: 4ms, proxy.ts: 7ms, application-code: 166ms)
 GET /dashboard?client= 404 in 131ms (next.js: 3ms, proxy.ts: 5ms, application-code: 123ms)
 GET /dashboard?client=80000000-0000-4000-8000-000000000095 404 in 133ms (next.js: 2ms, proxy.ts: 1.8ms, application-code: 129ms)
 GET /dashboard?client=80000000-0000-4000-8000-000000000094&client=80000000-0000-4000-8000-000000000095 404 in 109ms (next.js: 2.0ms, proxy.ts: 2ms, application-code: 105ms)
 GET /analysis?client=invalid 404 in 121ms (next.js: 2ms, proxy.ts: 2.0ms, application-code: 117ms)
 GET /analysis?client= 404 in 111ms (next.js: 1.7ms, proxy.ts: 1.7ms, application-code: 107ms)
 GET /analysis?client=80000000-0000-4000-8000-000000000095 404 in 170ms (next.js: 3ms, proxy.ts: 3ms, application-code: 164ms)
 GET /analysis?client=80000000-0000-4000-8000-000000000094&client=80000000-0000-4000-8000-000000000095 404 in 126ms (next.js: 2ms, proxy.ts: 3ms, application-code: 120ms)
 GET /insights?client=invalid 404 in 138ms (next.js: 2ms, proxy.ts: 2ms, application-code: 133ms)
 GET /insights?client= 404 in 127ms (next.js: 3ms, proxy.ts: 2ms, application-code: 122ms)
 GET /insights?client=80000000-0000-4000-8000-000000000095 404 in 144ms (next.js: 3ms, proxy.ts: 12ms, application-code: 129ms)
 GET /insights?client=80000000-0000-4000-8000-000000000094&client=80000000-0000-4000-8000-000000000095 404 in 124ms (next.js: 2ms, proxy.ts: 1.9ms, application-code: 120ms)
 GET /history?client=invalid 404 in 116ms (next.js: 3ms, proxy.ts: 3ms, application-code: 110ms)
 GET /history?client= 404 in 118ms (next.js: 1.9ms, proxy.ts: 1.9ms, application-code: 114ms)
 GET /history?client=80000000-0000-4000-8000-000000000095 404 in 118ms (next.js: 3ms, proxy.ts: 1.8ms, application-code: 114ms)
 GET /history?client=80000000-0000-4000-8000-000000000094&client=80000000-0000-4000-8000-000000000095 404 in 121ms (next.js: 4ms, proxy.ts: 2ms, application-code: 115ms)
 GET /dashboard?client=80000000-0000-4000-8000-000000000094 404 in 121ms (next.js: 2ms, proxy.ts: 1.9ms, application-code: 117ms)
  ✓  27 [chromium] › e2e/navigation-state-local.spec.ts:14:53 › live navigation state › follows client navigation, keyboard and invalid accounts in en (4.3s)
 GET /operations/costs?month=2001-03 200 in 186ms (next.js: 42ms, proxy.ts: 2ms, application-code: 142ms)
 GET /api/auth/get-session 200 in 22ms (next.js: 5ms, proxy.ts: 4ms, application-code: 13ms)
 GET /api/auth/organization/list 200 in 39ms (next.js: 5ms, proxy.ts: 6ms, application-code: 28ms)
 GET /operations/costs?month=2001-03&notice=Observation+enregistr%C3%A9e+avec+sa+version+et+son+audit. 200 in 112ms (next.js: 5ms, proxy.ts: 3ms, application-code: 103ms)
 POST /operations/costs?month=2001-03 200 in 173ms (next.js: 8ms, proxy.ts: 3ms, application-code: 161ms)
  └─ ƒ recordOperatingCost({}) in 29ms src/app/(app)/operations/costs/actions.ts
 GET /operations/costs?month=2001-03&error=Cette+r%C3%A9f%C3%A9rence+a+%C3%A9t%C3%A9+modifi%C3%A9e.+Rechargez+sa+version+courante. 200 in 96ms (next.js: 2.0ms, proxy.ts: 2.0ms, application-code: 92ms)
 POST /operations/costs?month=2001-03&notice=Observation+enregistr%C3%A9e+avec+sa+version+et+son+audit. 200 in 116ms (next.js: 2ms, proxy.ts: 2ms, application-code: 112ms)
  └─ ƒ recordOperatingCost({}) in 9ms src/app/(app)/operations/costs/actions.ts
 GET /operations/costs?month=2001-03&notice=Observation+enregistr%C3%A9e+avec+sa+version+et+son+audit. 200 in 88ms (next.js: 2ms, proxy.ts: 4ms, application-code: 82ms)
 POST /operations/costs?month=2001-03&error=Cette+r%C3%A9f%C3%A9rence+a+%C3%A9t%C3%A9+modifi%C3%A9e.+Rechargez+sa+version+courante. 200 in 114ms (next.js: 2ms, proxy.ts: 3ms, application-code: 108ms)
  └─ ƒ recordOperatingCost({}) in 11ms src/app/(app)/operations/costs/actions.ts
 GET /operations/costs?month=2001-03&notice=Observation+enregistr%C3%A9e+avec+sa+version+et+son+audit. 200 in 571ms (next.js: 1.9ms, proxy.ts: 2ms, application-code: 567ms)
 GET /api/auth/get-session 200 in 33ms (next.js: 9ms, proxy.ts: 9ms, application-code: 15ms)
 GET /api/auth/organization/list 200 in 36ms (next.js: 15ms, proxy.ts: 9ms, application-code: 11ms)
 GET /operations/costs?month=2001-03&after=browser-cost-5759f123-aff8-4e2a-a4d7-c88f47c5d837-24 200 in 95ms (next.js: 4ms, proxy.ts: 6ms, application-code: 85ms)
 GET /operations/costs?month=2001-03 200 in 133ms (next.js: 3ms, proxy.ts: 4ms, application-code: 126ms)
 GET /operations/costs?month=2001-03&notice=Observation+enregistr%C3%A9e+avec+sa+version+et+son+audit. 200 in 476ms (next.js: 7ms, proxy.ts: 11ms, application-code: 458ms)
 POST /operations/costs?month=2001-03 200 in 517ms (next.js: 5ms, proxy.ts: 5ms, application-code: 506ms)
  └─ ƒ recordOperatingCost({}) in 17ms src/app/(app)/operations/costs/actions.ts
 GET /operations/costs?month=2001-03 404 in 196ms (next.js: 5ms, proxy.ts: 5ms, application-code: 186ms)
 GET /api/auth/get-session 200 in 190ms (next.js: 46ms, proxy.ts: 59ms, application-code: 85ms)
 GET /api/auth/organization/list 200 in 189ms (next.js: 94ms, proxy.ts: 59ms, application-code: 36ms)
 GET /operations 404 in 289ms (next.js: 7ms, proxy.ts: 3ms, application-code: 280ms)
 GET /api/auth/get-session 200 in 44ms (next.js: 11ms, proxy.ts: 4ms, application-code: 29ms)
 GET /api/auth/organization/list 200 in 48ms (next.js: 17ms, proxy.ts: 4ms, application-code: 27ms)
 GET /operations/costs?month=2001-03 404 in 177ms (next.js: 10ms, proxy.ts: 12ms, application-code: 155ms)
 GET /api/auth/get-session 200 in 46ms (next.js: 33ms, proxy.ts: 5ms, application-code: 8ms)
 GET /api/auth/organization/list 200 in 44ms (next.js: 22ms, proxy.ts: 5ms, application-code: 17ms)
  ✓  28 [chromium] › e2e/operating-costs-local.spec.ts:5:55 › operating costs preserve evidence, corrections, pagination and operator access (5.5s)
 GET /settings 200 in 220ms (next.js: 5ms, proxy.ts: 1.9ms, application-code: 214ms)
 GET /api/auth/get-session 200 in 26ms (next.js: 7ms, proxy.ts: 3ms, application-code: 16ms)
 GET /api/auth/organization/list 200 in 28ms (next.js: 13ms, proxy.ts: 3ms, application-code: 12ms)
 GET /settings?error=La+confirmation+ne+correspond+pas+%C3%A0+l%E2%80%99identifiant+de+l%E2%80%99espace. 200 in 123ms (next.js: 3ms, proxy.ts: 3ms, application-code: 118ms)
 POST /settings 200 in 160ms (next.js: 5ms, proxy.ts: 5ms, application-code: 150ms)
  └─ ƒ transferWorkspaceOwnership({}) in 10ms src/app/actions.ts
 GET /settings?notice=Propri%C3%A9t%C3%A9+de+l%E2%80%99espace+transf%C3%A9r%C3%A9e. 200 in 127ms (next.js: 2ms, proxy.ts: 2ms, application-code: 123ms)
 POST /settings?error=La%20confirmation%20ne%20correspond%20pas%20%C3%A0%20l%E2%80%99identifiant%20de%20l%E2%80%99espace. 200 in 191ms (next.js: 10ms, proxy.ts: 5ms, application-code: 176ms)
  └─ ƒ transferWorkspaceOwnership({}) in 40ms src/app/actions.ts
 GET /settings?error=Seul+le+propri%C3%A9taire+peut+transf%C3%A9rer+la+propri%C3%A9t%C3%A9. 200 in 126ms (next.js: 2ms, proxy.ts: 2ms, application-code: 122ms)
 POST /settings?error=La%20confirmation%20ne%20correspond%20pas%20%C3%A0%20l%E2%80%99identifiant%20de%20l%E2%80%99espace. 200 in 144ms (next.js: 2ms, proxy.ts: 3ms, application-code: 138ms)
  └─ ƒ transferWorkspaceOwnership({}) in 4ms src/app/actions.ts
 GET /settings 200 in 255ms (next.js: 2ms, proxy.ts: 3ms, application-code: 249ms)
  ✓  29 [chromium] › e2e/ownership-local.spec.ts:5:61 › ownership transfer fr rechecks old owner authority and preserves other agencies (2.5s)
 GET /api/auth/organization/list 200 in 190ms (next.js: 88ms, proxy.ts: 91ms, application-code: 12ms)
 GET /api/auth/get-session 200 in 193ms (next.js: 75ms, proxy.ts: 80ms, application-code: 38ms)
 GET /settings 200 in 518ms (next.js: 15ms, proxy.ts: 17ms, application-code: 487ms)
 GET /api/auth/get-session 200 in 59ms (next.js: 15ms, proxy.ts: 9ms, application-code: 34ms)
 GET /api/auth/organization/list 200 in 60ms (next.js: 27ms, proxy.ts: 7ms, application-code: 27ms)
 GET /settings?error=La+confirmation+ne+correspond+pas+%C3%A0+l%E2%80%99identifiant+de+l%E2%80%99espace. 200 in 92ms (next.js: 3ms, proxy.ts: 3ms, application-code: 87ms)
 POST /settings 200 in 117ms (next.js: 3ms, proxy.ts: 4ms, application-code: 110ms)
  └─ ƒ transferWorkspaceOwnership({}) in 9ms src/app/actions.ts
 GET /settings?notice=Workspace+ownership+transferred. 200 in 187ms (next.js: 2ms, proxy.ts: 2ms, application-code: 182ms)
 POST /settings?error=La%20confirmation%20ne%20correspond%20pas%20%C3%A0%20l%E2%80%99identifiant%20de%20l%E2%80%99espace. 200 in 250ms (next.js: 8ms, proxy.ts: 8ms, application-code: 234ms)
  └─ ƒ transferWorkspaceOwnership({}) in 33ms src/app/actions.ts
 GET /settings?error=Seul+le+propri%C3%A9taire+peut+transf%C3%A9rer+la+propri%C3%A9t%C3%A9. 200 in 121ms (next.js: 2ms, proxy.ts: 2ms, application-code: 116ms)
 POST /settings?error=La%20confirmation%20ne%20correspond%20pas%20%C3%A0%20l%E2%80%99identifiant%20de%20l%E2%80%99espace. 200 in 140ms (next.js: 3ms, proxy.ts: 3ms, application-code: 134ms)
  └─ ƒ transferWorkspaceOwnership({}) in 5ms src/app/actions.ts
 GET /settings 200 in 298ms (next.js: 7ms, proxy.ts: 4ms, application-code: 287ms)
 GET /api/auth/get-session 200 in 78ms (next.js: 12ms, proxy.ts: 5ms, application-code: 61ms)
 GET /api/auth/organization/list 200 in 77ms (next.js: 55ms, proxy.ts: 3ms, application-code: 18ms)
  ✓  30 [chromium] › e2e/ownership-local.spec.ts:5:61 › ownership transfer en rechecks old owner authority and preserves other agencies (2.6s)
 GET /portfolio?q=PORTFOLIO_ 200 in 768ms (next.js: 123ms, proxy.ts: 3ms, application-code: 643ms)
 GET /api/auth/get-session 200 in 303ms (next.js: 149ms, proxy.ts: 96ms, application-code: 57ms)
 GET /api/auth/organization/list 200 in 331ms (next.js: 106ms, proxy.ts: 98ms, application-code: 126ms)
 GET /portfolio?q=PORTFOLIO_&cursor=eyJ2IjoxLCJpdiI6Ii0yNTJoTXpwX2VNbGlJZW0iLCJ0YWciOiJzODFYcUkxZ2V4VGZ5aWtaZnM1Rmt3IiwiZGF0YSI6ImdiT2h2MV9zMGFUYjVMT05Dcm1STUs3V3R2d1RfU1drZ2VSOXdkRVVwRXBiWGtyUUxMTG1hNmtOZDFYa1JNNFNMZmhaSFBsVVNKeHpiVnUxekY3UkJ6Z1U4TExMSkJEWVRDSnlvdHhlNWN4dUdBS1N1UWpOUUpGUG1zaFdienNRcTBCbk92N1hySXRxVnFVemozczN6TjNLOVoyQ3RCanVDUUthbHNYVWdROXY3XzJJdUlMT0ZyaVVYcFVJVDBsSFRWSWxPZmt6YVVvVjVDdHE1NzN2eVd4a2xnUmIzVS1fdUFzZElTQUZZRGJmcnA0U1RyTWhMaVlwdF9KelRWZG93NVRSb1AyanBCMDBMclpLbVU5MHlBS2RMZDBIc05JdEp4YWRaWFNIclpid19qN0VQYnU5YmcifQ 200 in 352ms (next.js: 42ms, proxy.ts: 19ms, application-code: 291ms)
 GET /portfolio?q=PORTFOLIO_&attention=missing_data&currency=&assignee= 200 in 358ms (next.js: 3ms, proxy.ts: 4ms, application-code: 351ms)
 GET /api/auth/get-session 200 in 17ms (next.js: 5ms, proxy.ts: 4ms, application-code: 8ms)
 GET /api/auth/organization/list 200 in 20ms (next.js: 4ms, proxy.ts: 3ms, application-code: 13ms)
 GET /portfolio?q=PORTFOLIO_&attention=missing_data&view_notice=saved 200 in 128ms (next.js: 3ms, proxy.ts: 3ms, application-code: 123ms)
 POST /portfolio?q=PORTFOLIO_&attention=missing_data&currency=&assignee= 200 in 159ms (next.js: 3ms, proxy.ts: 4ms, application-code: 152ms)
  └─ ƒ storePortfolioView({}) in 12ms src/app/portfolio-actions.ts
 GET /portfolio?q=PORTFOLIO_&attention=missing_data&view_notice=saved 200 in 129ms (next.js: 4ms, proxy.ts: 3ms, application-code: 122ms)
 POST /portfolio?q=PORTFOLIO_&attention=missing_data&view_notice=saved 200 in 163ms (next.js: 7ms, proxy.ts: 5ms, application-code: 152ms)
  └─ ƒ storePortfolioView({}) in 14ms src/app/portfolio-actions.ts
 GET /portfolio?q=PORTFOLIO_ 200 in 383ms (next.js: 5ms, proxy.ts: 3ms, application-code: 375ms)
 GET /api/auth/get-session 200 in 45ms (next.js: 12ms, proxy.ts: 6ms, application-code: 27ms)
 GET /api/auth/organization/list 200 in 52ms (next.js: 19ms, proxy.ts: 6ms, application-code: 28ms)
 GET /portfolio?view_notice=conflict 200 in 202ms (next.js: 3ms, proxy.ts: 3ms, application-code: 196ms)
 POST /portfolio?q=PORTFOLIO_ 200 in 238ms (next.js: 3ms, proxy.ts: 3ms, application-code: 232ms)
  └─ ƒ removePortfolioView({}) in 14ms src/app/portfolio-actions.ts
 GET /portfolio?q=PORTFOLIO_ 200 in 360ms (next.js: 3ms, proxy.ts: 2ms, application-code: 355ms)
 GET /api/auth/get-session 200 in 34ms (next.js: 9ms, proxy.ts: 4ms, application-code: 21ms)
 GET /api/auth/organization/list 200 in 41ms (next.js: 14ms, proxy.ts: 4ms, application-code: 23ms)
 GET /portfolio?view_notice=deleted 200 in 315ms (next.js: 3ms, proxy.ts: 6ms, application-code: 306ms)
 POST /portfolio?q=PORTFOLIO_ 200 in 364ms (next.js: 6ms, proxy.ts: 7ms, application-code: 352ms)
  └─ ƒ removePortfolioView({}) in 17ms src/app/portfolio-actions.ts
 GET /tasks?status=open&assignee=unassigned 200 in 180ms (next.js: 8ms, proxy.ts: 4ms, application-code: 168ms)
 GET /portfolio?assignee=local-browser-fixture-owner 200 in 346ms (next.js: 13ms, proxy.ts: 5ms, application-code: 328ms)
 GET /api/auth/get-session 200 in 259ms (next.js: 93ms, proxy.ts: 11ms, application-code: 154ms)
 GET /api/auth/organization/list 200 in 274ms (next.js: 44ms, proxy.ts: 44ms, application-code: 186ms)
 GET /portfolio?assignee=local-browser-fixture-owner 200 in 390ms (next.js: 13ms, proxy.ts: 3ms, application-code: 375ms)
 GET /api/auth/get-session 200 in 118ms (next.js: 50ms, proxy.ts: 9ms, application-code: 59ms)
 GET /api/auth/organization/list 200 in 120ms (next.js: 52ms, proxy.ts: 10ms, application-code: 58ms)
 GET /portfolio?q=PORTFOLIO_ 200 in 522ms (next.js: 9ms, proxy.ts: 13ms, application-code: 500ms)
 GET /api/auth/get-session 200 in 27ms (next.js: 8ms, proxy.ts: 3ms, application-code: 15ms)
 GET /api/auth/organization/list 200 in 29ms (next.js: 11ms, proxy.ts: 3ms, application-code: 14ms)
 GET /portfolio?q=PORTFOLIO_ 200 in 350ms (next.js: 2ms, proxy.ts: 2ms, application-code: 346ms)
 GET /api/auth/get-session 200 in 31ms (next.js: 12ms, proxy.ts: 3ms, application-code: 16ms)
 GET /api/auth/organization/list 200 in 34ms (next.js: 17ms, proxy.ts: 3ms, application-code: 14ms)
⨯ Error [PermissionDeniedError]: Permission required: portfolio:read
    at requirePermission (src/lib/permissions.ts:79:19)
    at requireWorkspacePermission (src/lib/workspace.ts:164:73)
    at async PortfolioPage (src/app/(app)/portfolio/page.tsx:16:40)
  77 | export function requirePermission(role: WorkspaceRole, permission: Permission) {
  78 |   if (!rolePermissions[role].has(permission)) {
> 79 |     const error = new Error(`Permission required: ${permission}`)
     |                   ^
  80 |     error.name = 'PermissionDeniedError'
  81 |     throw error
  82 |   } {
  digest: '840931461'
}
 GET /portfolio?q=PORTFOLIO_ 307 in 116ms (next.js: 3ms, proxy.ts: 3ms, application-code: 110ms)
 GET /support?error=Acc%C3%A8s%20non%20autoris%C3%A9 200 in 118ms (next.js: 6ms, proxy.ts: 8ms, application-code: 105ms)
 GET /portfolio?q=PORTFOLIO_ 307 in 84ms (next.js: 3ms, proxy.ts: 3ms, application-code: 78ms)
 GET /sign-in 200 in 68ms (next.js: 7ms, proxy.ts: 4ms, application-code: 58ms)
{"locale":"fr","developmentStyleViolations":234,"applicationErrors":0}
  ✓  31 [chromium] › e2e/portfolio-local.spec.ts:13:53 › agency portfolio › reviews 50 accounts, personal views and team workload in fr (10.0s)
 GET /portfolio?q=PORTFOLIO_ 200 in 331ms (next.js: 3ms, proxy.ts: 4ms, application-code: 324ms)
 GET /api/auth/get-session 200 in 25ms (next.js: 7ms, proxy.ts: 4ms, application-code: 15ms)
 GET /api/auth/organization/list 200 in 28ms (next.js: 13ms, proxy.ts: 3ms, application-code: 11ms)
 GET /portfolio?q=PORTFOLIO_&cursor=eyJ2IjoxLCJpdiI6InZzc2E3dzNrenV2eWw0ajgiLCJ0YWciOiJlZWRqM3ByQkVQR0xWSWo1N3NjOVNRIiwiZGF0YSI6IjU3R3IzZXhOS3hiSDQyM1ByQ0pHdHo2eVQ1SDVMM2F2QXlDTGIwQ2o4UFYyc3Y2ZmQ4cm10Yk1KWTB1WnlsTlQwLVRlMXo1Qm5CYS1QaVl3d0hILWYzeXViSzFKa2RpV0RmVTNxRjFGMVdDekIwOFluc29FQnlXN3Boejg3SXNZSFJmdktfTXVWajdMcnpmLWYzMjJST1Z5SlRYb2R0VjhGNk10LW05UmhKcmxCM3Y1N01fRnh2UzkxeWIwZlVLcGZhY21TQUtkWV9oZHU2VXNsX2RpTDNvaUc2d3hfWnNDNzU0Q1hOTTYxVzk1RmxMakI2aF9yUlVQLXJXM2tENGpud2I4djFMQ3hmc1pKOHFRbnFoMFhNUUh6OWhDMDU1OTlqMFM2OUt2bkNxc0FTbmtwQU5hbXcifQ 200 in 117ms (next.js: 2ms, proxy.ts: 2ms, application-code: 113ms)
 GET /portfolio?q=PORTFOLIO_&attention=missing_data&currency=&assignee= 200 in 260ms (next.js: 5ms, proxy.ts: 3ms, application-code: 252ms)
 GET /api/auth/get-session 200 in 48ms (next.js: 18ms, proxy.ts: 11ms, application-code: 19ms)
 GET /api/auth/organization/list 200 in 57ms (next.js: 10ms, proxy.ts: 6ms, application-code: 42ms)
 GET /portfolio?q=PORTFOLIO_&attention=missing_data&view_notice=saved 200 in 106ms (next.js: 2ms, proxy.ts: 1.8ms, application-code: 102ms)
 POST /portfolio?q=PORTFOLIO_&attention=missing_data&currency=&assignee= 200 in 132ms (next.js: 4ms, proxy.ts: 5ms, application-code: 123ms)
  └─ ƒ storePortfolioView({}) in 8ms src/app/portfolio-actions.ts
 GET /portfolio?q=PORTFOLIO_&attention=missing_data&view_notice=saved 200 in 98ms (next.js: 1.9ms, proxy.ts: 1.8ms, application-code: 94ms)
 POST /portfolio?q=PORTFOLIO_&attention=missing_data&view_notice=saved 200 in 117ms (next.js: 3ms, proxy.ts: 2ms, application-code: 112ms)
  └─ ƒ storePortfolioView({}) in 9ms src/app/portfolio-actions.ts
 GET /portfolio?q=PORTFOLIO_ 200 in 963ms (next.js: 16ms, proxy.ts: 10ms, application-code: 937ms)
 GET /api/auth/get-session 200 in 70ms (next.js: 17ms, proxy.ts: 7ms, application-code: 47ms)
 GET /api/auth/organization/list 200 in 74ms (next.js: 36ms, proxy.ts: 6ms, application-code: 32ms)
 GET /portfolio?view_notice=conflict 200 in 163ms (next.js: 5ms, proxy.ts: 2ms, application-code: 156ms)
 POST /portfolio?q=PORTFOLIO_ 200 in 220ms (next.js: 6ms, proxy.ts: 6ms, application-code: 207ms)
  └─ ƒ removePortfolioView({}) in 25ms src/app/portfolio-actions.ts
 GET /portfolio?q=PORTFOLIO_ 200 in 748ms (next.js: 32ms, proxy.ts: 4ms, application-code: 712ms)
 GET /api/auth/get-session 200 in 516ms (next.js: 73ms, proxy.ts: 41ms, application-code: 402ms)
 GET /api/auth/organization/list 200 in 507ms (next.js: 340ms, proxy.ts: 18ms, application-code: 149ms)
 GET /portfolio?view_notice=deleted 200 in 500ms (next.js: 7ms, proxy.ts: 8ms, application-code: 485ms)
 POST /portfolio?q=PORTFOLIO_ 200 in 717ms (next.js: 19ms, proxy.ts: 58ms, application-code: 641ms)
  └─ ƒ removePortfolioView({}) in 114ms src/app/portfolio-actions.ts
 GET /tasks?status=open&assignee=unassigned 200 in 125ms (next.js: 17ms, proxy.ts: 7ms, application-code: 101ms)
 GET /portfolio?assignee=local-browser-fixture-owner 200 in 205ms (next.js: 3ms, proxy.ts: 3ms, application-code: 200ms)
 GET /api/auth/get-session 200 in 89ms (next.js: 33ms, proxy.ts: 12ms, application-code: 44ms)
 GET /api/auth/organization/list 200 in 118ms (next.js: 39ms, proxy.ts: 10ms, application-code: 69ms)
 GET /portfolio?assignee=local-browser-fixture-owner 200 in 281ms (next.js: 4ms, proxy.ts: 9ms, application-code: 268ms)
 GET /api/auth/get-session 200 in 1100ms (next.js: 779ms, proxy.ts: 128ms, application-code: 193ms)
 GET /api/auth/organization/list 200 in 1286ms (next.js: 849ms, proxy.ts: 124ms, application-code: 313ms)
 GET /portfolio?q=PORTFOLIO_ 200 in 1902ms (next.js: 62ms, proxy.ts: 124ms, application-code: 1716ms)
 GET /api/auth/get-session 200 in 87ms (next.js: 24ms, proxy.ts: 11ms, application-code: 52ms)
 GET /api/auth/organization/list 200 in 92ms (next.js: 31ms, proxy.ts: 12ms, application-code: 50ms)
 GET /portfolio?q=PORTFOLIO_ 200 in 644ms (next.js: 6ms, proxy.ts: 5ms, application-code: 634ms)
 GET /api/auth/get-session 200 in 77ms (next.js: 10ms, proxy.ts: 7ms, application-code: 61ms)
 GET /api/auth/organization/list 200 in 89ms (next.js: 27ms, proxy.ts: 7ms, application-code: 56ms)
⨯ Error [PermissionDeniedError]: Permission required: portfolio:read
    at requirePermission (src/lib/permissions.ts:79:19)
    at requireWorkspacePermission (src/lib/workspace.ts:164:73)
    at async PortfolioPage (src/app/(app)/portfolio/page.tsx:16:40)
  77 | export function requirePermission(role: WorkspaceRole, permission: Permission) {
  78 |   if (!rolePermissions[role].has(permission)) {
> 79 |     const error = new Error(`Permission required: ${permission}`)
     |                   ^
  80 |     error.name = 'PermissionDeniedError'
  81 |     throw error
  82 |   } {
  digest: '840931461'
}
 GET /portfolio?q=PORTFOLIO_ 307 in 132ms (next.js: 3ms, proxy.ts: 4ms, application-code: 124ms)
 GET /support?error=Acc%C3%A8s%20non%20autoris%C3%A9 200 in 121ms (next.js: 3ms, proxy.ts: 4ms, application-code: 114ms)
 GET /portfolio?q=PORTFOLIO_ 307 in 88ms (next.js: 4ms, proxy.ts: 4ms, application-code: 80ms)
 GET /sign-in 200 in 75ms (next.js: 11ms, proxy.ts: 5ms, application-code: 59ms)
{"locale":"en","developmentStyleViolations":232,"applicationErrors":0}
  ✓  32 [chromium] › e2e/portfolio-local.spec.ts:13:53 › agency portfolio › reviews 50 accounts, personal views and team workload in en (12.6s)
 GET /billing 200 in 197ms (next.js: 5ms, proxy.ts: 3ms, application-code: 189ms)
 GET /api/auth/get-session 200 in 130ms (next.js: 20ms, proxy.ts: 33ms, application-code: 77ms)
 GET /api/auth/organization/list 200 in 152ms (next.js: 31ms, proxy.ts: 30ms, application-code: 92ms)
 GET /accounts 200 in 211ms (next.js: 5ms, proxy.ts: 4ms, application-code: 203ms)
 GET /api/auth/get-session 200 in 95ms (next.js: 7ms, proxy.ts: 6ms, application-code: 82ms)
 GET /api/auth/organization/list 200 in 145ms (next.js: 63ms, proxy.ts: 6ms, application-code: 76ms)
 POST /accounts 200 in 141ms (next.js: 6ms, proxy.ts: 16ms, application-code: 119ms)
  └─ ƒ setCookieConsent({}) in 5ms src/app/preferences-actions.ts
 GET /accounts?selection=saved 200 in 82ms (next.js: 5ms, proxy.ts: 2ms, application-code: 74ms)
 POST /accounts 200 in 135ms (next.js: 6ms, proxy.ts: 4ms, application-code: 125ms)
  └─ ƒ updateManagedAccounts({}) in 32ms src/app/account-selection-actions.ts
 GET /accounts?selection=saved 200 in 97ms (next.js: 2ms, proxy.ts: 2ms, application-code: 92ms)
 POST /accounts?selection=saved 200 in 130ms (next.js: 3ms, proxy.ts: 4ms, application-code: 123ms)
  └─ ƒ updateManagedAccounts({}) in 13ms src/app/account-selection-actions.ts
 GET /accounts?selection=conflict 200 in 56ms (next.js: 2ms, proxy.ts: 2ms, application-code: 52ms)
 POST /accounts?selection=saved 200 in 76ms (next.js: 2ms, proxy.ts: 2ms, application-code: 71ms)
  └─ ƒ updateManagedAccounts({}) in 9ms src/app/account-selection-actions.ts
 GET /accounts?selection=saved 200 in 77ms (next.js: 5ms, proxy.ts: 2ms, application-code: 70ms)
 POST /accounts?selection=conflict 200 in 102ms (next.js: 4ms, proxy.ts: 2ms, application-code: 96ms)
  └─ ƒ updateManagedAccounts({}) in 12ms src/app/account-selection-actions.ts
 GET /accounts 200 in 122ms (next.js: 3ms, proxy.ts: 7ms, application-code: 113ms)
  ✓  33 [chromium] › e2e/prod-ready-local.spec.ts:26:44 › local production readiness regression journeys › managed account selection preserves priorities and enforces quota in fr (3.0s)
 GET /billing 200 in 281ms (next.js: 3ms, proxy.ts: 4ms, application-code: 273ms)
 GET /api/auth/get-session 200 in 148ms (next.js: 69ms, proxy.ts: 17ms, application-code: 61ms)
 GET /api/auth/organization/list 200 in 159ms (next.js: 76ms, proxy.ts: 17ms, application-code: 67ms)
 GET /accounts 200 in 240ms (next.js: 3ms, proxy.ts: 4ms, application-code: 233ms)
 GET /api/auth/get-session 200 in 27ms (next.js: 4ms, proxy.ts: 5ms, application-code: 17ms)
 GET /api/auth/organization/list 200 in 30ms (next.js: 10ms, proxy.ts: 5ms, application-code: 15ms)
 POST /accounts 200 in 92ms (next.js: 3ms, proxy.ts: 3ms, application-code: 86ms)
  └─ ƒ setCookieConsent({}) in 2ms src/app/preferences-actions.ts
 GET /accounts?selection=saved 200 in 180ms (next.js: 9ms, proxy.ts: 6ms, application-code: 165ms)
 POST /accounts 200 in 228ms (next.js: 8ms, proxy.ts: 5ms, application-code: 215ms)
  └─ ƒ updateManagedAccounts({}) in 24ms src/app/account-selection-actions.ts
 GET /accounts?selection=saved 200 in 71ms (next.js: 2ms, proxy.ts: 2ms, application-code: 67ms)
 POST /accounts?selection=saved 200 in 95ms (next.js: 3ms, proxy.ts: 3ms, application-code: 90ms)
  └─ ƒ updateManagedAccounts({}) in 10ms src/app/account-selection-actions.ts
 GET /accounts?selection=conflict 200 in 68ms (next.js: 3ms, proxy.ts: 2ms, application-code: 63ms)
 POST /accounts?selection=saved 200 in 91ms (next.js: 2ms, proxy.ts: 3ms, application-code: 86ms)
  └─ ƒ updateManagedAccounts({}) in 8ms src/app/account-selection-actions.ts
 GET /accounts?selection=saved 200 in 74ms (next.js: 3ms, proxy.ts: 1.8ms, application-code: 70ms)
 POST /accounts?selection=conflict 200 in 115ms (next.js: 3ms, proxy.ts: 4ms, application-code: 109ms)
  └─ ƒ updateManagedAccounts({}) in 29ms src/app/account-selection-actions.ts
 GET /accounts 200 in 108ms (next.js: 4ms, proxy.ts: 1.9ms, application-code: 103ms)
  ✓  34 [chromium] › e2e/prod-ready-local.spec.ts:26:44 › local production readiness regression journeys › managed account selection preserves priorities and enforces quota in en (3.1s)
 GET /dashboard?client=80000000-0000-4000-8000-000000000004 200 in 198ms (next.js: 4ms, proxy.ts: 1.8ms, application-code: 192ms)
 GET /api/auth/get-session 200 in 48ms (next.js: 15ms, proxy.ts: 6ms, application-code: 27ms)
 GET /api/auth/organization/list 200 in 68ms (next.js: 20ms, proxy.ts: 9ms, application-code: 38ms)
 POST /dashboard?client=80000000-0000-4000-8000-000000000004 200 in 141ms (next.js: 6ms, proxy.ts: 11ms, application-code: 124ms)
  └─ ƒ setCookieConsent({}) in 4ms src/app/preferences-actions.ts
 GET /dashboard?client=80000000-0000-4000-8000-000000000004 200 in 269ms (next.js: 1.9ms, proxy.ts: 1.8ms, application-code: 265ms)
 GET /api/auth/get-session 200 in 68ms (next.js: 13ms, proxy.ts: 18ms, application-code: 38ms)
 GET /api/auth/organization/list 200 in 70ms (next.js: 25ms, proxy.ts: 20ms, application-code: 25ms)
  ✓  35 [chromium] › e2e/prod-ready-local.spec.ts:91:44 › local production readiness regression journeys › pacing uses covered completed days and hides forecasts with a gap in fr (1.4s)
 GET /dashboard?client=80000000-0000-4000-8000-000000000004 200 in 235ms (next.js: 4ms, proxy.ts: 3ms, application-code: 227ms)
 GET /api/auth/get-session 200 in 35ms (next.js: 8ms, proxy.ts: 4ms, application-code: 24ms)
 GET /api/auth/organization/list 200 in 41ms (next.js: 16ms, proxy.ts: 4ms, application-code: 22ms)
 POST /dashboard?client=80000000-0000-4000-8000-000000000004 200 in 172ms (next.js: 2ms, proxy.ts: 8ms, application-code: 162ms)
  └─ ƒ setCookieConsent({}) in 3ms src/app/preferences-actions.ts
 GET /dashboard?client=80000000-0000-4000-8000-000000000004 200 in 249ms (next.js: 3ms, proxy.ts: 5ms, application-code: 241ms)
 GET /api/auth/get-session 200 in 33ms (next.js: 8ms, proxy.ts: 3ms, application-code: 22ms)
 GET /api/auth/organization/list 200 in 36ms (next.js: 14ms, proxy.ts: 3ms, application-code: 19ms)
  ✓  36 [chromium] › e2e/prod-ready-local.spec.ts:91:44 › local production readiness regression journeys › pacing uses covered completed days and hides forecasts with a gap in en (1.4s)
 GET /dashboard?client=80000000-0000-4000-8000-000000000005 200 in 211ms (next.js: 4ms, proxy.ts: 5ms, application-code: 202ms)
 GET /api/auth/get-session 200 in 33ms (next.js: 9ms, proxy.ts: 5ms, application-code: 19ms)
 GET /api/auth/organization/list 200 in 42ms (next.js: 14ms, proxy.ts: 5ms, application-code: 23ms)
 GET /analysis?client=80000000-0000-4000-8000-000000000005 200 in 207ms (next.js: 5ms, proxy.ts: 6ms, application-code: 196ms)
 GET /api/auth/get-session 200 in 162ms (next.js: 19ms, proxy.ts: 71ms, application-code: 73ms)
 GET /api/auth/organization/list 200 in 161ms (next.js: 29ms, proxy.ts: 65ms, application-code: 66ms)
 GET /insights?client=80000000-0000-4000-8000-000000000005 200 in 347ms (next.js: 4ms, proxy.ts: 4ms, application-code: 340ms)
 GET /api/auth/get-session 200 in 75ms (next.js: 26ms, proxy.ts: 3ms, application-code: 46ms)
 GET /api/auth/organization/list 200 in 81ms (next.js: 10ms, proxy.ts: 5ms, application-code: 66ms)
 GET /dashboard?client=80000000-0000-4000-8000-000000000005 200 in 385ms (next.js: 8ms, proxy.ts: 25ms, application-code: 352ms)
 GET /api/auth/get-session 200 in 38ms (next.js: 15ms, proxy.ts: 3ms, application-code: 20ms)
 GET /api/auth/organization/list 200 in 48ms (next.js: 21ms, proxy.ts: 4ms, application-code: 23ms)
 GET /analysis?client=80000000-0000-4000-8000-000000000005 200 in 401ms (next.js: 5ms, proxy.ts: 6ms, application-code: 390ms)
 GET /api/auth/get-session 200 in 113ms (next.js: 20ms, proxy.ts: 35ms, application-code: 57ms)
 GET /api/auth/organization/list 200 in 112ms (next.js: 31ms, proxy.ts: 34ms, application-code: 48ms)
 GET /insights?client=80000000-0000-4000-8000-000000000005 200 in 273ms (next.js: 3ms, proxy.ts: 6ms, application-code: 264ms)
 GET /api/auth/get-session 200 in 151ms (next.js: 36ms, proxy.ts: 43ms, application-code: 71ms)
 GET /api/auth/organization/list 200 in 129ms (next.js: 75ms, proxy.ts: 19ms, application-code: 35ms)
 GET /insights?client=80000000-0000-4000-8000-000000000005 200 in 394ms (next.js: 2ms, proxy.ts: 5ms, application-code: 387ms)
 GET /api/auth/get-session 200 in 25ms (next.js: 8ms, proxy.ts: 3ms, application-code: 15ms)
 GET /api/auth/organization/list 200 in 28ms (next.js: 13ms, proxy.ts: 3ms, application-code: 12ms)
 POST /insights?client=80000000-0000-4000-8000-000000000005 200 in 91ms (next.js: 2ms, proxy.ts: 4ms, application-code: 85ms)
  └─ ƒ setCookieConsent({}) in 1ms src/app/preferences-actions.ts
  ✓  37 [chromium] › e2e/prod-ready-local.spec.ts:128:44 › local production readiness regression journeys › stored analytics remain available without Google and during grace in fr (4.0s)
 GET /dashboard?client=80000000-0000-4000-8000-000000000005 200 in 205ms (next.js: 3ms, proxy.ts: 1.9ms, application-code: 200ms)
 GET /api/auth/get-session 200 in 65ms (next.js: 16ms, proxy.ts: 19ms, application-code: 30ms)
 GET /api/auth/organization/list 200 in 57ms (next.js: 24ms, proxy.ts: 9ms, application-code: 25ms)
 GET /analysis?client=80000000-0000-4000-8000-000000000005 200 in 468ms (next.js: 16ms, proxy.ts: 6ms, application-code: 447ms)
 GET /api/auth/get-session 200 in 381ms (next.js: 209ms, proxy.ts: 25ms, application-code: 147ms)
 GET /api/auth/organization/list 200 in 386ms (next.js: 190ms, proxy.ts: 32ms, application-code: 164ms)
 GET /insights?client=80000000-0000-4000-8000-000000000005 200 in 652ms (next.js: 226ms, proxy.ts: 29ms, application-code: 398ms)
 GET /api/auth/get-session 200 in 74ms (next.js: 36ms, proxy.ts: 11ms, application-code: 27ms)
 GET /api/auth/organization/list 200 in 81ms (next.js: 41ms, proxy.ts: 15ms, application-code: 26ms)
 GET /dashboard?client=80000000-0000-4000-8000-000000000005 200 in 355ms (next.js: 106ms, proxy.ts: 12ms, application-code: 237ms)
 GET /api/auth/get-session 200 in 40ms (next.js: 9ms, proxy.ts: 5ms, application-code: 26ms)
 GET /api/auth/organization/list 200 in 42ms (next.js: 14ms, proxy.ts: 5ms, application-code: 23ms)
 GET /analysis?client=80000000-0000-4000-8000-000000000005 200 in 239ms (next.js: 11ms, proxy.ts: 6ms, application-code: 221ms)
 GET /api/auth/get-session 200 in 78ms (next.js: 44ms, proxy.ts: 12ms, application-code: 23ms)
 GET /api/auth/organization/list 200 in 82ms (next.js: 47ms, proxy.ts: 12ms, application-code: 23ms)
 GET /insights?client=80000000-0000-4000-8000-000000000005 200 in 255ms (next.js: 1.9ms, proxy.ts: 2ms, application-code: 250ms)
 GET /api/auth/get-session 200 in 129ms (next.js: 33ms, proxy.ts: 33ms, application-code: 64ms)
 GET /api/auth/organization/list 200 in 127ms (next.js: 43ms, proxy.ts: 29ms, application-code: 55ms)
 GET /insights?client=80000000-0000-4000-8000-000000000005 200 in 315ms (next.js: 2ms, proxy.ts: 2ms, application-code: 310ms)
 GET /api/auth/get-session 200 in 52ms (next.js: 24ms, proxy.ts: 5ms, application-code: 23ms)
 GET /api/auth/organization/list 200 in 54ms (next.js: 36ms, proxy.ts: 5ms, application-code: 13ms)
 POST /insights?client=80000000-0000-4000-8000-000000000005 200 in 100ms (next.js: 2ms, proxy.ts: 4ms, application-code: 94ms)
  └─ ƒ setCookieConsent({}) in 2ms src/app/preferences-actions.ts
  ✓  38 [chromium] › e2e/prod-ready-local.spec.ts:128:44 › local production readiness regression journeys › stored analytics remain available without Google and during grace in en (6.1s)
 GET /dashboard?client=80000000-0000-4000-8000-000000000006 200 in 219ms (next.js: 2ms, proxy.ts: 2ms, application-code: 214ms)
 GET /api/auth/get-session 200 in 24ms (next.js: 5ms, proxy.ts: 4ms, application-code: 15ms)
 GET /api/auth/organization/list 200 in 27ms (next.js: 8ms, proxy.ts: 4ms, application-code: 15ms)
 POST /dashboard?client=80000000-0000-4000-8000-000000000006 200 in 105ms (next.js: 2ms, proxy.ts: 3ms, application-code: 99ms)
  └─ ƒ setCookieConsent({}) in 0ms src/app/preferences-actions.ts
 GET /dashboard?client=80000000-0000-4000-8000-000000000006&sync=queued 200 in 104ms (next.js: 2ms, proxy.ts: 2ms, application-code: 99ms)
 POST /dashboard?client=80000000-0000-4000-8000-000000000006 200 in 136ms (next.js: 3ms, proxy.ts: 3ms, application-code: 130ms)
  └─ ƒ refreshAnalyticalData({}) in 14ms src/app/analytical-actions.ts
 GET /dashboard?client=80000000-0000-4000-8000-000000000006&sync=pending 200 in 122ms (next.js: 15ms, proxy.ts: 1.9ms, application-code: 105ms)
 POST /dashboard?client=80000000-0000-4000-8000-000000000006&sync=queued 200 in 145ms (next.js: 3ms, proxy.ts: 3ms, application-code: 139ms)
  └─ ƒ refreshAnalyticalData({}) in 10ms src/app/analytical-actions.ts
 GET /dashboard?client=80000000-0000-4000-8000-000000000006 200 in 194ms (next.js: 2ms, proxy.ts: 4ms, application-code: 188ms)
 GET /api/auth/get-session 200 in 148ms (next.js: 24ms, proxy.ts: 79ms, application-code: 45ms)
 GET /api/auth/organization/list 200 in 111ms (next.js: 67ms, proxy.ts: 29ms, application-code: 15ms)
 GET /dashboard?client=80000000-0000-4000-8000-000000000006 200 in 279ms (next.js: 3ms, proxy.ts: 6ms, application-code: 270ms)
 GET /api/auth/get-session 200 in 77ms (next.js: 49ms, proxy.ts: 6ms, application-code: 22ms)
 GET /api/auth/organization/list 200 in 76ms (next.js: 35ms, proxy.ts: 6ms, application-code: 35ms)
 GET /dashboard?client=80000000-0000-4000-8000-000000000006&sync=unavailable 200 in 128ms (next.js: 2ms, proxy.ts: 3ms, application-code: 122ms)
 POST /dashboard?client=80000000-0000-4000-8000-000000000006 200 in 162ms (next.js: 7ms, proxy.ts: 8ms, application-code: 147ms)
  └─ ƒ refreshAnalyticalData({}) in 13ms src/app/analytical-actions.ts
  ✓  39 [chromium] › e2e/prod-ready-local.spec.ts:180:99 › local production readiness regression journeys › analytical refresh enqueues once and handles revoked connections in fr (2.9s)
 GET /dashboard?client=80000000-0000-4000-8000-000000000006 200 in 172ms (next.js: 2ms, proxy.ts: 2ms, application-code: 168ms)
 GET /api/auth/get-session 200 in 45ms (next.js: 9ms, proxy.ts: 8ms, application-code: 28ms)
 GET /api/auth/organization/list 200 in 51ms (next.js: 15ms, proxy.ts: 9ms, application-code: 26ms)
 POST /dashboard?client=80000000-0000-4000-8000-000000000006 200 in 140ms (next.js: 5ms, proxy.ts: 9ms, application-code: 126ms)
  └─ ƒ setCookieConsent({}) in 2ms src/app/preferences-actions.ts
 GET /dashboard?client=80000000-0000-4000-8000-000000000006&sync=queued 200 in 96ms (next.js: 3ms, proxy.ts: 1.4ms, application-code: 92ms)
 POST /dashboard?client=80000000-0000-4000-8000-000000000006 200 in 122ms (next.js: 2ms, proxy.ts: 3ms, application-code: 116ms)
  └─ ƒ refreshAnalyticalData({}) in 15ms src/app/analytical-actions.ts
 GET /dashboard?client=80000000-0000-4000-8000-000000000006&sync=pending 200 in 87ms (next.js: 2.0ms, proxy.ts: 1.7ms, application-code: 83ms)
 POST /dashboard?client=80000000-0000-4000-8000-000000000006&sync=queued 200 in 106ms (next.js: 3ms, proxy.ts: 3ms, application-code: 100ms)
  └─ ƒ refreshAnalyticalData({}) in 7ms src/app/analytical-actions.ts
 GET /dashboard?client=80000000-0000-4000-8000-000000000006 200 in 205ms (next.js: 2ms, proxy.ts: 4ms, application-code: 199ms)
 GET /dashboard?client=80000000-0000-4000-8000-000000000006 200 in 190ms (next.js: 2ms, proxy.ts: 2ms, application-code: 186ms)
 GET /api/auth/get-session 200 in 21ms (next.js: 5ms, proxy.ts: 3ms, application-code: 13ms)
 GET /api/auth/organization/list 200 in 23ms (next.js: 9ms, proxy.ts: 3ms, application-code: 11ms)
 GET /dashboard?client=80000000-0000-4000-8000-000000000006&sync=unavailable 200 in 123ms (next.js: 2ms, proxy.ts: 3ms, application-code: 117ms)
 POST /dashboard?client=80000000-0000-4000-8000-000000000006 200 in 151ms (next.js: 2ms, proxy.ts: 2ms, application-code: 146ms)
  └─ ƒ refreshAnalyticalData({}) in 9ms src/app/analytical-actions.ts
  ✓  40 [chromium] › e2e/prod-ready-local.spec.ts:180:99 › local production readiness regression journeys › analytical refresh enqueues once and handles revoked connections in en (2.3s)
 GET /accounts 200 in 160ms (next.js: 53ms, proxy.ts: 3ms, application-code: 105ms)
 GET /api/auth/get-session 200 in 42ms (next.js: 14ms, proxy.ts: 5ms, application-code: 23ms)
 GET /api/auth/organization/list 200 in 47ms (next.js: 23ms, proxy.ts: 7ms, application-code: 16ms)
 GET /history 200 in 218ms (next.js: 65ms, proxy.ts: 6ms, application-code: 146ms)
 GET /api/auth/get-session 200 in 33ms (next.js: 9ms, proxy.ts: 7ms, application-code: 16ms)
 GET /api/auth/organization/list 200 in 33ms (next.js: 17ms, proxy.ts: 5ms, application-code: 11ms)
 GET /alerts 200 in 254ms (next.js: 51ms, proxy.ts: 7ms, application-code: 196ms)
 GET /api/auth/get-session 200 in 30ms (next.js: 7ms, proxy.ts: 4ms, application-code: 19ms)
 GET /api/auth/organization/list 200 in 34ms (next.js: 15ms, proxy.ts: 4ms, application-code: 15ms)
 GET /tasks 200 in 234ms (next.js: 57ms, proxy.ts: 4ms, application-code: 173ms)
 GET /api/auth/get-session 200 in 39ms (next.js: 14ms, proxy.ts: 11ms, application-code: 14ms)
 GET /api/auth/organization/list 200 in 41ms (next.js: 17ms, proxy.ts: 10ms, application-code: 14ms)
 GET /approvals 200 in 183ms (next.js: 44ms, proxy.ts: 5ms, application-code: 134ms)
 GET /api/auth/get-session 200 in 24ms (next.js: 6ms, proxy.ts: 4ms, application-code: 14ms)
 GET /api/auth/organization/list 200 in 26ms (next.js: 9ms, proxy.ts: 4ms, application-code: 12ms)
 GET /reports 200 in 215ms (next.js: 42ms, proxy.ts: 4ms, application-code: 169ms)
 GET /api/auth/get-session 200 in 68ms (next.js: 10ms, proxy.ts: 37ms, application-code: 22ms)
 GET /api/auth/organization/list 200 in 69ms (next.js: 17ms, proxy.ts: 35ms, application-code: 17ms)
 GET /audit 200 in 256ms (next.js: 50ms, proxy.ts: 35ms, application-code: 172ms)
 GET /accounts 200 in 123ms (next.js: 4ms, proxy.ts: 1.8ms, application-code: 117ms)
 GET /api/auth/get-session 200 in 107ms (next.js: 63ms, proxy.ts: 9ms, application-code: 35ms)
 GET /api/auth/organization/list 200 in 179ms (next.js: 67ms, proxy.ts: 7ms, application-code: 105ms)
 GET /history 200 in 190ms (next.js: 9ms, proxy.ts: 7ms, application-code: 173ms)
 GET /api/auth/get-session 200 in 112ms (next.js: 64ms, proxy.ts: 7ms, application-code: 41ms)
 GET /api/auth/organization/list 200 in 151ms (next.js: 67ms, proxy.ts: 8ms, application-code: 77ms)
 GET /alerts 200 in 203ms (next.js: 5ms, proxy.ts: 8ms, application-code: 190ms)
 GET /api/auth/get-session 200 in 103ms (next.js: 61ms, proxy.ts: 5ms, application-code: 36ms)
 GET /api/auth/organization/list 200 in 140ms (next.js: 66ms, proxy.ts: 5ms, application-code: 69ms)
 GET /tasks 200 in 177ms (next.js: 4ms, proxy.ts: 6ms, application-code: 167ms)
 GET /api/auth/get-session 200 in 107ms (next.js: 28ms, proxy.ts: 12ms, application-code: 67ms)
 GET /api/auth/organization/list 200 in 110ms (next.js: 31ms, proxy.ts: 11ms, application-code: 68ms)
 GET /approvals 200 in 188ms (next.js: 7ms, proxy.ts: 8ms, application-code: 173ms)
 GET /api/auth/get-session 200 in 90ms (next.js: 51ms, proxy.ts: 4ms, application-code: 35ms)
 GET /api/auth/organization/list 200 in 132ms (next.js: 58ms, proxy.ts: 4ms, application-code: 70ms)
 GET /reports 200 in 164ms (next.js: 5ms, proxy.ts: 4ms, application-code: 155ms)
  ✓  41 [chromium] › e2e/prod-ready-local.spec.ts:227:9 › local production readiness regression journeys › grace permits stored views while hiding mutations (4.9s)
⨯ Error [WorkspaceAccessRestrictedError]: Workspace access state does not allow: portfolio:read
    at requireWorkspacePermission (src/lib/workspace.ts:166:19)
    at async DashboardPage (src/app/(app)/dashboard/page.tsx:27:54)
  164 |   if (!decision.allowed && decision.reason === 'role') requirePermission(context.role, permission)
  165 |   if (!decision.allowed) {
> 166 |     const error = new Error(`Workspace access state does not allow: ${permission}`)
      |                   ^
  167 |     error.name = 'WorkspaceAccessRestrictedError'
  168 |     throw error
  169 |   } {
  digest: '3420982325'
}
 GET /dashboard 307 in 89ms (next.js: 2ms, proxy.ts: 3ms, application-code: 84ms)
 GET /billing?notice=Your%20current%20access%20is%20limited%20to%20billing%20and%20stored%20data. 200 in 189ms (next.js: 33ms, proxy.ts: 7ms, application-code: 149ms)
⨯ Error [WorkspaceAccessRestrictedError]: Workspace access state does not allow: portfolio:read
    at requireWorkspacePermission (src/lib/workspace.ts:166:19)
    at async DashboardPage (src/app/(app)/dashboard/page.tsx:27:54)
  164 |   if (!decision.allowed && decision.reason === 'role') requirePermission(context.role, permission)
  165 |   if (!decision.allowed) {
> 166 |     const error = new Error(`Workspace access state does not allow: ${permission}`)
      |                   ^
  167 |     error.name = 'WorkspaceAccessRestrictedError'
  168 |     throw error
  169 |   } {
  digest: '3420982325'
}
 GET /dashboard 307 in 68ms (next.js: 1.9ms, proxy.ts: 2ms, application-code: 64ms)
 GET /support?notice=Your%20current%20access%20is%20limited%20to%20billing%20and%20stored%20data. 200 in 136ms (next.js: 28ms, proxy.ts: 2.0ms, application-code: 107ms)
⨯ Error [PermissionDeniedError]: Permission required: portfolio:read
    at requirePermission (src/lib/permissions.ts:79:19)
    at requireWorkspacePermission (src/lib/workspace.ts:164:73)
    at async DashboardPage (src/app/(app)/dashboard/page.tsx:27:54)
  77 | export function requirePermission(role: WorkspaceRole, permission: Permission) {
  78 |   if (!rolePermissions[role].has(permission)) {
> 79 |     const error = new Error(`Permission required: ${permission}`)
     |                   ^
  80 |     error.name = 'PermissionDeniedError'
  81 |     throw error
  82 |   } {
  digest: '3272672268'
}
 GET /dashboard 307 in 92ms (next.js: 2ms, proxy.ts: 1.8ms, application-code: 88ms)
 GET /support?notice=Your%20current%20access%20is%20limited%20to%20billing%20and%20stored%20data. 200 in 122ms (next.js: 2ms, proxy.ts: 4ms, application-code: 116ms)
  ✓  42 [chromium] › e2e/prod-ready-local.spec.ts:242:9 › local production readiness regression journeys › suspended members have an accessible recovery destination without redirect loops (1.6s)
 GET /dashboard 200 in 156ms (next.js: 3ms, proxy.ts: 3ms, application-code: 151ms)
 GET /api/auth/get-session 200 in 43ms (next.js: 13ms, proxy.ts: 6ms, application-code: 24ms)
 GET /api/auth/organization/list 200 in 47ms (next.js: 19ms, proxy.ts: 8ms, application-code: 20ms)
 POST /dashboard 200 in 121ms (next.js: 6ms, proxy.ts: 9ms, application-code: 107ms)
  └─ ƒ setCookieConsent({}) in 3ms src/app/preferences-actions.ts
 GET /settings 200 in 164ms (next.js: 38ms, proxy.ts: 3ms, application-code: 123ms)
  ✓  43 [chromium] › e2e/prod-ready-local.spec.ts:254:11 › local production readiness regression journeys › full navigation and workspace selection work at 390px in fr (1.1s)
 GET /dashboard 200 in 236ms (next.js: 3ms, proxy.ts: 6ms, application-code: 227ms)
 GET /api/auth/get-session 200 in 51ms (next.js: 17ms, proxy.ts: 8ms, application-code: 27ms)
 GET /api/auth/organization/list 200 in 58ms (next.js: 24ms, proxy.ts: 9ms, application-code: 25ms)
 POST /dashboard 200 in 145ms (next.js: 7ms, proxy.ts: 7ms, application-code: 130ms)
  └─ ƒ setCookieConsent({}) in 2ms src/app/preferences-actions.ts
 GET /settings 200 in 101ms (next.js: 5ms, proxy.ts: 4ms, application-code: 91ms)
  ✓  44 [chromium] › e2e/prod-ready-local.spec.ts:254:11 › local production readiness regression journeys › full navigation and workspace selection work at 768px in fr (1.1s)
 GET /dashboard 200 in 194ms (next.js: 7ms, proxy.ts: 5ms, application-code: 182ms)
 GET /api/auth/get-session 200 in 43ms (next.js: 14ms, proxy.ts: 6ms, application-code: 23ms)
 GET /api/auth/organization/list 200 in 44ms (next.js: 21ms, proxy.ts: 6ms, application-code: 17ms)
 POST /dashboard 200 in 108ms (next.js: 9ms, proxy.ts: 6ms, application-code: 93ms)
  └─ ƒ setCookieConsent({}) in 2ms src/app/preferences-actions.ts
 GET /settings 200 in 112ms (next.js: 4ms, proxy.ts: 9ms, application-code: 99ms)
  ✓  45 [chromium] › e2e/prod-ready-local.spec.ts:254:11 › local production readiness regression journeys › full navigation and workspace selection work at 390px in en (1.1s)
 GET /dashboard 200 in 433ms (next.js: 2ms, proxy.ts: 4ms, application-code: 427ms)
 GET /api/auth/get-session 200 in 37ms (next.js: 7ms, proxy.ts: 4ms, application-code: 27ms)
 GET /api/auth/organization/list 200 in 47ms (next.js: 16ms, proxy.ts: 4ms, application-code: 27ms)
 POST /dashboard 200 in 167ms (next.js: 16ms, proxy.ts: 7ms, application-code: 144ms)
  └─ ƒ setCookieConsent({}) in 2ms src/app/preferences-actions.ts
 GET /settings 200 in 154ms (next.js: 11ms, proxy.ts: 4ms, application-code: 138ms)
  ✓  46 [chromium] › e2e/prod-ready-local.spec.ts:254:11 › local production readiness regression journeys › full navigation and workspace selection work at 768px in en (1.5s)
 GET /dashboard 200 in 205ms (next.js: 3ms, proxy.ts: 3ms, application-code: 199ms)
 GET /api/auth/get-session 200 in 36ms (next.js: 7ms, proxy.ts: 5ms, application-code: 24ms)
 GET /api/auth/organization/list 200 in 42ms (next.js: 16ms, proxy.ts: 5ms, application-code: 21ms)
 POST /dashboard 200 in 84ms (next.js: 5ms, proxy.ts: 9ms, application-code: 70ms)
  └─ ƒ setCookieConsent({}) in 2ms src/app/preferences-actions.ts
 POST /api/auth/organization/set-active 200 in 18ms (next.js: 4ms, proxy.ts: 2ms, application-code: 11ms)
⨯ Error [PermissionDeniedError]: Permission required: portfolio:read
    at requirePermission (src/lib/permissions.ts:79:19)
    at requireWorkspacePermission (src/lib/workspace.ts:164:73)
    at async DashboardPage (src/app/(app)/dashboard/page.tsx:27:54)
  77 | export function requirePermission(role: WorkspaceRole, permission: Permission) {
  78 |   if (!rolePermissions[role].has(permission)) {
> 79 |     const error = new Error(`Permission required: ${permission}`)
     |                   ^
  80 |     error.name = 'PermissionDeniedError'
  81 |     throw error
  82 |   } {
  digest: '3272672268'
}
 GET /api/auth/get-session 200 in 66ms (next.js: 29ms, proxy.ts: 11ms, application-code: 26ms)
 GET /dashboard 307 in 100ms (next.js: 2ms, proxy.ts: 2ms, application-code: 96ms)
 GET /support?error=Acc%C3%A8s%20non%20autoris%C3%A9 200 in 128ms (next.js: 4ms, proxy.ts: 6ms, application-code: 118ms)
 GET /api/auth/get-session 200 in 43ms (next.js: 13ms, proxy.ts: 8ms, application-code: 21ms)
 GET /api/auth/organization/list 200 in 47ms (next.js: 18ms, proxy.ts: 6ms, application-code: 23ms)
 POST /api/auth/organization/set-active 200 in 21ms (next.js: 5ms, proxy.ts: 5ms, application-code: 11ms)
 GET /api/auth/get-session 200 in 140ms (next.js: 34ms, proxy.ts: 47ms, application-code: 58ms)
 GET /dashboard 200 in 201ms (next.js: 4ms, proxy.ts: 3ms, application-code: 193ms)
 GET /api/auth/get-session 200 in 33ms (next.js: 9ms, proxy.ts: 4ms, application-code: 21ms)
 GET /api/auth/organization/list 200 in 35ms (next.js: 19ms, proxy.ts: 4ms, application-code: 12ms)
  ✓  47 [chromium] › e2e/prod-ready-local.spec.ts:279:9 › local production readiness regression journeys › workspace selection switches context and permissions on mobile (1.8s)
 GET /agents 200 in 256ms (next.js: 38ms, proxy.ts: 3ms, application-code: 216ms)
  ✓  48 [chromium] › e2e/prod-ready-local.spec.ts:301:9 › local production readiness regression journeys › analysts do not see monitoring controls denied by their role (652ms)
 GET /status 200 in 84ms (next.js: 20ms, proxy.ts: 2ms, application-code: 62ms)
 GET /status 200 in 735ms (next.js: 17ms, proxy.ts: 17ms, application-code: 701ms)
 GET /status?status=active 200 in 65ms (next.js: 3ms, proxy.ts: 5ms, application-code: 57ms)
 GET /status/00ac9c0c-9d32-4f3f-a790-69357cb6538c 200 in 583ms (next.js: 530ms, proxy.ts: 11ms, application-code: 42ms)
 GET /status/00ac9c0c-9d32-4f3f-a790-69357cb6538c?cursor=eyJ2IjoxLCJpdiI6InliWmg0SGdxZnpCVkJfN3IiLCJ0YWciOiJ3cmp1RXFRLW94cVMzeU9aUklzRWZnIiwiZGF0YSI6IlJPWWJ3aElCRzhQWUZtRTNVMUtMTWxGNk5WWWF6VDNDR3hIRERDYXZTQ2gzMjUzX1lpZ21pTEV2VmRNOG9pcFRGX3FIQ3d5c0JxVGFfajZWb3p5YXE5Mmc1dWpoYjg0UFhIVmRadE44Qm1Vbk9KVFM4QTVNalg1a20yZ0FXdXJ2U3BrX05mR3JSRkFiQ2g4cEQxMlJsWTFfUTNCZmQydW5fYVNCQWdJb3VfZUM0VEpMbUFjY2diUWRvcmc4aHVJZzJ2NU5KWU9mMmg1YS1oQUN6ZXQxbkU3dV9MNWhoUmhzeUZQVF8wZ2hrMUZJS2J5Z2s5SGJrLURtY2xxXzFwbmRDMWZoU2lzbWxiSGlMMmRKTFZDU3lYQmlLZ1FzNEducDhPOXNUajY0VXJvd3JXei1YSGRIVkEifQ 200 in 67ms (next.js: 7ms, proxy.ts: 22ms, application-code: 37ms)
 GET /status?cursor=forged 200 in 71ms (next.js: 1.9ms, proxy.ts: 1.9ms, application-code: 67ms)
 GET /status/7ab2bd38-1a73-420c-b496-63b75064a26a 404 in 54ms (next.js: 5ms, proxy.ts: 4ms, application-code: 45ms)
 GET /status/invalid 404 in 62ms (next.js: 5ms, proxy.ts: 2ms, application-code: 55ms)
  ✓  49 [chromium] › e2e/public-status-local.spec.ts:13:53 › truthful public status › shows unknown health and complete incident history in fr (3.7s)
 GET /status 200 in 61ms (next.js: 2.0ms, proxy.ts: 2ms, application-code: 57ms)
 GET /status 200 in 186ms (next.js: 1.6ms, proxy.ts: 1.7ms, application-code: 182ms)
 GET /status?status=active 200 in 34ms (next.js: 2ms, proxy.ts: 2ms, application-code: 30ms)
 GET /status/5c5daede-7e52-4698-a08d-33c8b8ec4b57 200 in 33ms (next.js: 4ms, proxy.ts: 2ms, application-code: 26ms)
 GET /status/5c5daede-7e52-4698-a08d-33c8b8ec4b57?cursor=eyJ2IjoxLCJpdiI6IjAyR29IMENxa1ZfanpMblUiLCJ0YWciOiJDS2hWdDZHVGtlX3B3ZjU1V0xlR0dnIiwiZGF0YSI6IjRKeTBWYXU1NEJuMWFxaHFiazd2bUNiSkpDYWlfRnh3V2tkOUJvMDhJQlZjU2NPOWNEUVhJVEJVNU1MTE9TWXc0ejVrM3E5Vk1OM0JKZkdWQzZIUFFWTUNuM0NtTWFCMm84Q2FfakptQlc0UGFKWlg0LWFkVmYwbWhpRE9fZG5oanBBcWhMRVpKOWFQSnVZMzdzX1p1SUlqT2E1V0xlMzFJaHYtcG9OajhYN3dyV3U3bXpYS1EwVmVITGs0VW1raENaYVl0c2Nrem9TNnZKcEcxQUdVbEVwbUlNYzFxWUhNN0dNMlc4QmowWThMLURGenVtNWNWU0VrRW5Kb1VGNW9ERDJfYnZzYnVOMUI5Mk9EN2tXb3hGdjRRbjU1NXZSWjJMcTgyQnFKOUxKa1htbUNCcE5FX0EifQ 200 in 40ms (next.js: 4ms, proxy.ts: 3ms, application-code: 33ms)
 GET /status?cursor=forged 200 in 119ms (next.js: 2ms, proxy.ts: 2ms, application-code: 114ms)
 GET /status/52118525-bc55-4a3e-85f3-9085d80c9cc2 404 in 55ms (next.js: 4ms, proxy.ts: 12ms, application-code: 39ms)
 GET /status/invalid 404 in 49ms (next.js: 4ms, proxy.ts: 3ms, application-code: 43ms)
  ✓  50 [chromium] › e2e/public-status-local.spec.ts:13:53 › truthful public status › shows unknown health and complete incident history in en (1.8s)
 GET / 200 in 104ms (next.js: 25ms, proxy.ts: 2ms, application-code: 77ms)
  ✓  51 [chromium] › e2e/public.spec.ts:3:5 › public landing exposes the product proposition and account creation (711ms)
 GET /dashboard 307 in 47ms (next.js: 2ms, proxy.ts: 1.9ms, application-code: 43ms)
 GET /sign-in 200 in 39ms (next.js: 6ms, proxy.ts: 1.6ms, application-code: 32ms)
  ✓  52 [chromium] › e2e/public.spec.ts:24:5 › authenticated areas redirect anonymous visitors to sign-in (162ms)
 GET /privacy 200 in 65ms (next.js: 22ms, proxy.ts: 1.7ms, application-code: 41ms)
 GET /terms 200 in 56ms (next.js: 20ms, proxy.ts: 2ms, application-code: 34ms)
  ✓  53 [chromium] › e2e/public.spec.ts:30:5 › privacy and terms pages are public (536ms)
 GET /subprocessors 200 in 71ms (next.js: 19ms, proxy.ts: 1.8ms, application-code: 50ms)
  ✓  54 [chromium] › e2e/public.spec.ts:37:5 › the subprocessor register and change-notice policy are public (320ms)
 GET / 200 in 76ms (next.js: 2ms, proxy.ts: 2ms, application-code: 72ms)
 GET /privacy 200 in 39ms (next.js: 1.8ms, proxy.ts: 1.7ms, application-code: 35ms)
  ✓  55 [chromium] › e2e/public.spec.ts:44:5 › the public product and legal surface honor the English locale (915ms)
 GET /status 200 in 58ms (next.js: 2ms, proxy.ts: 1.8ms, application-code: 54ms)
  ✓  56 [chromium] › e2e/public.spec.ts:60:5 › public status page never claims operational health when status storage is unavailable (313ms)
 GET /reports 200 in 173ms (next.js: 14ms, proxy.ts: 1.9ms, application-code: 157ms)
 GET /api/auth/get-session 200 in 23ms (next.js: 5ms, proxy.ts: 3ms, application-code: 16ms)
 GET /api/auth/organization/list 200 in 25ms (next.js: 11ms, proxy.ts: 3ms, application-code: 12ms)
 POST /reports 200 in 73ms (next.js: 2ms, proxy.ts: 4ms, application-code: 67ms)
  └─ ƒ setCookieConsent({}) in 2ms src/app/preferences-actions.ts
 GET /reports?notice=Rapport+cr%C3%A9%C3%A9.+R%C3%A9v%C3%A9lez+son+URL+dans+les+cinq+prochaines+minutes.&reveal=report-url&revealId=818265b3-8535-4e69-92da-337c1671798d 200 in 98ms (next.js: 3ms, proxy.ts: 2ms, application-code: 93ms)
 POST /reports 200 in 160ms (next.js: 2ms, proxy.ts: 2ms, application-code: 156ms)
  └─ ƒ createShareLink({}) in 46ms src/app/actions.ts
 POST /api/secret-revelation 200 in 376ms (next.js: 330ms, proxy.ts: 4ms, application-code: 42ms)
 GET /r/[REDACTED]?edition=f0a7c49e-1562-41a8-bdd8-04103b985aeb 200 in 1205ms (next.js: 1050ms, proxy.ts: 3ms, application-code: 152ms)
 GET /r/[REDACTED]/csv?edition=f0a7c49e-1562-41a8-bdd8-04103b985aeb 200 in 639ms (next.js: 615ms, proxy.ts: 4ms, application-code: 19ms)
 GET /r/[REDACTED]/pdf?edition=f0a7c49e-1562-41a8-bdd8-04103b985aeb 200 in 1093ms (next.js: 781ms, proxy.ts: 2.0ms, application-code: 309ms)
 GET /r/[REDACTED]?error=L%E2%80%99envoi+de+codes+email+n%E2%80%99est+pas+configur%C3%A9.&edition=f0a7c49e-1562-41a8-bdd8-04103b985aeb 200 in 51ms (next.js: 3ms, proxy.ts: 2ms, application-code: 46ms)
 POST /r/[REDACTED]?edition=f0a7c49e-1562-41a8-bdd8-04103b985aeb 200 in 83ms (next.js: 8ms, proxy.ts: 3ms, application-code: 72ms)
  └─ ƒ requestReportFeedbackOtp({}) in 13ms src/app/actions.ts
 GET /r/[REDACTED]?edition=f0a7c49e-1562-41a8-bdd8-04103b985aeb&otp=1 200 in 97ms (next.js: 3ms, proxy.ts: 2.0ms, application-code: 92ms)
 GET /r/[REDACTED]?error=Demandez+un+nouveau+code.&otp=1&edition=f0a7c49e-1562-41a8-bdd8-04103b985aeb 200 in 66ms (next.js: 8ms, proxy.ts: 3ms, application-code: 54ms)
 POST /r/[REDACTED]?edition=f0a7c49e-1562-41a8-bdd8-04103b985aeb&otp=1 200 in 89ms (next.js: 5ms, proxy.ts: 3ms, application-code: 80ms)
  └─ ƒ verifyReportFeedbackOtp({}) in 6ms src/app/actions.ts
 GET /reports?notice=Rapport+cr%C3%A9%C3%A9.+R%C3%A9v%C3%A9lez+son+URL+dans+les+cinq+prochaines+minutes.&reveal=report-url&revealId=edc28384-ef8c-4b43-b677-821180610df6 200 in 70ms (next.js: 1.8ms, proxy.ts: 1.8ms, application-code: 66ms)
 POST /reports?notice=Rapport%20cr%C3%A9%C3%A9.%20R%C3%A9v%C3%A9lez%20son%20URL%20dans%20les%20cinq%20prochaines%20minutes.&reveal=report-url&revealId=818265b3-8535-4e69-92da-337c1671798d 200 in 101ms (next.js: 3ms, proxy.ts: 2ms, application-code: 96ms)
  └─ ƒ createShareLink({}) in 20ms src/app/actions.ts
 POST /api/secret-revelation 200 in 23ms (next.js: 1.9ms, proxy.ts: 2ms, application-code: 19ms)
 GET /r/[REDACTED]?edition=5aad7060-306a-44d5-bd15-d065ac9677d4 200 in 79ms (next.js: 5ms, proxy.ts: 1.7ms, application-code: 73ms)
 GET /r/[REDACTED]/csv?edition=5aad7060-306a-44d5-bd15-d065ac9677d4 200 in 21ms (next.js: 4ms, proxy.ts: 3ms, application-code: 14ms)
 GET /r/[REDACTED]/pdf?edition=5aad7060-306a-44d5-bd15-d065ac9677d4 200 in 123ms (next.js: 5ms, proxy.ts: 1.9ms, application-code: 116ms)
 GET /reports?notice=Rapport+cr%C3%A9%C3%A9.+R%C3%A9v%C3%A9lez+son+URL+dans+les+cinq+prochaines+minutes.&reveal=report-url&revealId=137cc96a-b133-4562-829d-3cc2d3c2e8dc 200 in 107ms (next.js: 2ms, proxy.ts: 3ms, application-code: 101ms)
 POST /reports?notice=Rapport%20cr%C3%A9%C3%A9.%20R%C3%A9v%C3%A9lez%20son%20URL%20dans%20les%20cinq%20prochaines%20minutes.&reveal=report-url&revealId=edc28384-ef8c-4b43-b677-821180610df6 200 in 166ms (next.js: 7ms, proxy.ts: 5ms, application-code: 154ms)
  └─ ƒ createShareLink({}) in 32ms src/app/actions.ts
 POST /api/secret-revelation 200 in 29ms (next.js: 4ms, proxy.ts: 4ms, application-code: 21ms)
 GET /r/[REDACTED]?edition=2fea23a7-3fe5-462c-80e1-d541b7d398ce 200 in 212ms (next.js: 10ms, proxy.ts: 4ms, application-code: 198ms)
 GET /r/[REDACTED]/csv?edition=2fea23a7-3fe5-462c-80e1-d541b7d398ce 200 in 21ms (next.js: 8ms, proxy.ts: 4ms, application-code: 10ms)
 GET /r/[REDACTED]/pdf?edition=2fea23a7-3fe5-462c-80e1-d541b7d398ce 200 in 80ms (next.js: 4ms, proxy.ts: 1.6ms, application-code: 75ms)
 GET /reports?notice=Rapport+cr%C3%A9%C3%A9.+R%C3%A9v%C3%A9lez+son+URL+dans+les+cinq+prochaines+minutes.&reveal=report-url&revealId=0dc13066-3539-4e19-afa6-99d7a36dcff4 200 in 70ms (next.js: 2.0ms, proxy.ts: 1.6ms, application-code: 67ms)
 POST /reports?notice=Rapport%20cr%C3%A9%C3%A9.%20R%C3%A9v%C3%A9lez%20son%20URL%20dans%20les%20cinq%20prochaines%20minutes.&reveal=report-url&revealId=137cc96a-b133-4562-829d-3cc2d3c2e8dc 200 in 107ms (next.js: 2ms, proxy.ts: 11ms, application-code: 93ms)
  └─ ƒ createShareLink({}) in 17ms src/app/actions.ts
 POST /api/secret-revelation 200 in 18ms (next.js: 2ms, proxy.ts: 3ms, application-code: 13ms)
 GET /r/[REDACTED]?edition=02993d8f-7357-49ff-b2f8-888faeba116c 200 in 132ms (next.js: 5ms, proxy.ts: 2ms, application-code: 125ms)
 GET /r/[REDACTED]/csv?edition=02993d8f-7357-49ff-b2f8-888faeba116c 200 in 28ms (next.js: 4ms, proxy.ts: 8ms, application-code: 17ms)
 GET /r/[REDACTED]/pdf?edition=02993d8f-7357-49ff-b2f8-888faeba116c 200 in 97ms (next.js: 2ms, proxy.ts: 3ms, application-code: 91ms)
 GET /reports?notice=Rapport+cr%C3%A9%C3%A9.+R%C3%A9v%C3%A9lez+son+URL+dans+les+cinq+prochaines+minutes.&reveal=report-url&revealId=ae76dfc2-ccfc-4df6-964a-73ef507e69f2 200 in 74ms (next.js: 2ms, proxy.ts: 2ms, application-code: 70ms)
 POST /reports?notice=Rapport%20cr%C3%A9%C3%A9.%20R%C3%A9v%C3%A9lez%20son%20URL%20dans%20les%20cinq%20prochaines%20minutes.&reveal=report-url&revealId=0dc13066-3539-4e19-afa6-99d7a36dcff4 200 in 102ms (next.js: 2ms, proxy.ts: 2ms, application-code: 97ms)
  └─ ƒ createShareLink({}) in 15ms src/app/actions.ts
 POST /api/secret-revelation 200 in 22ms (next.js: 3ms, proxy.ts: 3ms, application-code: 16ms)
 GET /r/[REDACTED]?edition=030ef969-57e7-4c34-8e93-abce09bd2db2 200 in 96ms (next.js: 3ms, proxy.ts: 2ms, application-code: 91ms)
 GET /r/[REDACTED]/csv?edition=030ef969-57e7-4c34-8e93-abce09bd2db2 200 in 15ms (next.js: 4ms, proxy.ts: 1.7ms, application-code: 9ms)
 GET /r/[REDACTED]/pdf?edition=030ef969-57e7-4c34-8e93-abce09bd2db2 200 in 73ms (next.js: 3ms, proxy.ts: 1.5ms, application-code: 68ms)
 GET /r/[REDACTED]?edition=f0a7c49e-1562-41a8-bdd8-04103b985aeb 200 in 111ms (next.js: 4ms, proxy.ts: 4ms, application-code: 103ms)
 GET /r/[REDACTED]/csv?edition=f0a7c49e-1562-41a8-bdd8-04103b985aeb 200 in 22ms (next.js: 5ms, proxy.ts: 4ms, application-code: 13ms)
 GET /r/[REDACTED]/pdf?edition=f0a7c49e-1562-41a8-bdd8-04103b985aeb 200 in 462ms (next.js: 3ms, proxy.ts: 1.8ms, application-code: 458ms)
 GET /reports?notice=R%C3%A9vision+publi%C3%A9e.+Les+%C3%A9ditions+pr%C3%A9c%C3%A9dentes+restent+inchang%C3%A9es.&reveal=report-url&revealId=67707ede-32b5-4dd9-ae32-1d2521094b5b 200 in 149ms (next.js: 4ms, proxy.ts: 4ms, application-code: 141ms)
 POST /reports?notice=Rapport%20cr%C3%A9%C3%A9.%20R%C3%A9v%C3%A9lez%20son%20URL%20dans%20les%20cinq%20prochaines%20minutes.&reveal=report-url&revealId=ae76dfc2-ccfc-4df6-964a-73ef507e69f2 200 in 246ms (next.js: 12ms, proxy.ts: 7ms, application-code: 227ms)
  └─ ƒ reviseReportEdition({}) in 57ms src/app/actions.ts
 POST /api/secret-revelation 200 in 19ms (next.js: 3ms, proxy.ts: 3ms, application-code: 13ms)
 GET /r/[REDACTED]?edition=e4775c96-3887-46b6-8d5e-b994a0e83d83 200 in 101ms (next.js: 5ms, proxy.ts: 3ms, application-code: 94ms)
 GET /r/[REDACTED]/csv?edition=e4775c96-3887-46b6-8d5e-b994a0e83d83 200 in 221ms (next.js: 39ms, proxy.ts: 15ms, application-code: 166ms)
 GET /reports?error=Les+donn%C3%A9es+compl%C3%A8tes+de+cette+p%C3%A9riode+ne+sont+pas+disponibles.+Actualisez+l%E2%80%99historique+du+compte+avant+de+publier+ce+bilan. 200 in 280ms (next.js: 6ms, proxy.ts: 8ms, application-code: 266ms)
 POST /reports?notice=R%C3%A9vision%20publi%C3%A9e.%20Les%20%C3%A9ditions%20pr%C3%A9c%C3%A9dentes%20restent%20inchang%C3%A9es.&reveal=report-url&revealId=67707ede-32b5-4dd9-ae32-1d2521094b5b 200 in 392ms (next.js: 15ms, proxy.ts: 14ms, application-code: 363ms)
  └─ ƒ createShareLink({}) in 54ms src/app/actions.ts
 GET /r/[REDACTED]?edition=f0a7c49e-1562-41a8-bdd8-04103b985aeb 200 in 246ms (next.js: 7ms, proxy.ts: 4ms, application-code: 234ms)
 GET /r/[REDACTED]/pdf?edition=f0a7c49e-1562-41a8-bdd8-04103b985aeb 429 in 32ms (next.js: 5ms, proxy.ts: 4ms, application-code: 22ms)
 GET /r/[REDACTED]/csv?edition=f0a7c49e-1562-41a8-bdd8-04103b985aeb 404 in 71ms (next.js: 27ms, proxy.ts: 18ms, application-code: 27ms)
 GET /reports 200 in 620ms (next.js: 7ms, proxy.ts: 4ms, application-code: 609ms)
  ✓  57 [chromium] › e2e/report-editions-local.spec.ts:16:53 › published report editions › creates every period and preserves HTML PDF CSV through revision in fr (14.2s)
 GET /reports 200 in 240ms (next.js: 12ms, proxy.ts: 5ms, application-code: 223ms)
 GET /api/auth/get-session 200 in 69ms (next.js: 11ms, proxy.ts: 21ms, application-code: 37ms)
 GET /api/auth/organization/list 200 in 59ms (next.js: 20ms, proxy.ts: 5ms, application-code: 35ms)
 POST /reports 200 in 156ms (next.js: 9ms, proxy.ts: 15ms, application-code: 132ms)
  └─ ƒ setCookieConsent({}) in 2ms src/app/preferences-actions.ts
 GET /reports?notice=Report+created.+Reveal+its+URL+within+the+next+five+minutes.&reveal=report-url&revealId=53f2aee5-31f5-4dbc-ad14-8c55a60c5d46 200 in 104ms (next.js: 2ms, proxy.ts: 2.0ms, application-code: 100ms)
 POST /reports 200 in 155ms (next.js: 5ms, proxy.ts: 4ms, application-code: 145ms)
  └─ ƒ createShareLink({}) in 27ms src/app/actions.ts
 POST /api/secret-revelation 200 in 22ms (next.js: 4ms, proxy.ts: 4ms, application-code: 14ms)
 GET /r/[REDACTED]?edition=09981769-b58c-4b44-a2de-a02494f88e62 200 in 123ms (next.js: 6ms, proxy.ts: 3ms, application-code: 114ms)
 GET /r/[REDACTED]/csv?edition=09981769-b58c-4b44-a2de-a02494f88e62 200 in 27ms (next.js: 7ms, proxy.ts: 4ms, application-code: 16ms)
 GET /r/[REDACTED]/pdf?edition=09981769-b58c-4b44-a2de-a02494f88e62 200 in 419ms (next.js: 5ms, proxy.ts: 2ms, application-code: 411ms)
 GET /r/[REDACTED]?error=Email+code+delivery+is+not+configured.&edition=09981769-b58c-4b44-a2de-a02494f88e62 200 in 234ms (next.js: 51ms, proxy.ts: 31ms, application-code: 153ms)
 POST /r/[REDACTED]?edition=09981769-b58c-4b44-a2de-a02494f88e62 200 in 383ms (next.js: 16ms, proxy.ts: 13ms, application-code: 354ms)
  └─ ƒ requestReportFeedbackOtp({}) in 63ms src/app/actions.ts
 GET /r/[REDACTED]?edition=09981769-b58c-4b44-a2de-a02494f88e62&otp=1 200 in 133ms (next.js: 7ms, proxy.ts: 3ms, application-code: 123ms)
 GET /r/[REDACTED]?error=Request+a+new+code.&otp=1&edition=09981769-b58c-4b44-a2de-a02494f88e62 200 in 136ms (next.js: 9ms, proxy.ts: 14ms, application-code: 113ms)
 POST /r/[REDACTED]?edition=09981769-b58c-4b44-a2de-a02494f88e62&otp=1 200 in 190ms (next.js: 11ms, proxy.ts: 15ms, application-code: 164ms)
  └─ ƒ verifyReportFeedbackOtp({}) in 9ms src/app/actions.ts
 GET /reports?notice=Report+created.+Reveal+its+URL+within+the+next+five+minutes.&reveal=report-url&revealId=54385057-b2e9-4105-a0a8-12bb01696aaa 200 in 296ms (next.js: 21ms, proxy.ts: 8ms, application-code: 267ms)
 POST /reports?notice=Report%20created.%20Reveal%20its%20URL%20within%20the%20next%20five%20minutes.&reveal=report-url&revealId=53f2aee5-31f5-4dbc-ad14-8c55a60c5d46 200 in 406ms (next.js: 8ms, proxy.ts: 5ms, application-code: 393ms)
  └─ ƒ createShareLink({}) in 76ms src/app/actions.ts
 POST /api/secret-revelation 200 in 43ms (next.js: 9ms, proxy.ts: 13ms, application-code: 20ms)
 GET /r/[REDACTED]?edition=dd7c5cc0-e1b7-4e96-a4be-bb7054743138 200 in 265ms (next.js: 6ms, proxy.ts: 2ms, application-code: 257ms)
 GET /r/[REDACTED]/csv?edition=dd7c5cc0-e1b7-4e96-a4be-bb7054743138 200 in 101ms (next.js: 23ms, proxy.ts: 9ms, application-code: 68ms)
 GET /r/[REDACTED]/pdf?edition=dd7c5cc0-e1b7-4e96-a4be-bb7054743138 200 in 332ms (next.js: 13ms, proxy.ts: 11ms, application-code: 308ms)
 GET /reports?notice=Report+created.+Reveal+its+URL+within+the+next+five+minutes.&reveal=report-url&revealId=5773dbf9-1669-4144-8fba-bee6844288ed 200 in 787ms (next.js: 128ms, proxy.ts: 11ms, application-code: 648ms)
 POST /reports?notice=Report%20created.%20Reveal%20its%20URL%20within%20the%20next%20five%20minutes.&reveal=report-url&revealId=54385057-b2e9-4105-a0a8-12bb01696aaa 200 in 1137ms (next.js: 17ms, proxy.ts: 16ms, application-code: 1105ms)
  └─ ƒ createShareLink({}) in 267ms src/app/actions.ts
 POST /api/secret-revelation 200 in 38ms (next.js: 6ms, proxy.ts: 8ms, application-code: 24ms)
 GET /r/[REDACTED]?edition=9b947d84-b17a-4bfe-98ba-2e15d5fbf255 200 in 304ms (next.js: 7ms, proxy.ts: 3ms, application-code: 294ms)
 GET /r/[REDACTED]/csv?edition=9b947d84-b17a-4bfe-98ba-2e15d5fbf255 200 in 87ms (next.js: 25ms, proxy.ts: 19ms, application-code: 43ms)
 GET /r/[REDACTED]/pdf?edition=9b947d84-b17a-4bfe-98ba-2e15d5fbf255 200 in 285ms (next.js: 10ms, proxy.ts: 5ms, application-code: 270ms)
 GET /reports?notice=Report+created.+Reveal+its+URL+within+the+next+five+minutes.&reveal=report-url&revealId=f96c1b6b-7d4f-42de-bf08-1d83c303db47 200 in 380ms (next.js: 21ms, proxy.ts: 6ms, application-code: 353ms)
 POST /reports?notice=Report%20created.%20Reveal%20its%20URL%20within%20the%20next%20five%20minutes.&reveal=report-url&revealId=5773dbf9-1669-4144-8fba-bee6844288ed 200 in 610ms (next.js: 25ms, proxy.ts: 12ms, application-code: 572ms)
  └─ ƒ createShareLink({}) in 156ms src/app/actions.ts
 POST /api/secret-revelation 200 in 42ms (next.js: 9ms, proxy.ts: 5ms, application-code: 27ms)
 GET /r/[REDACTED]?edition=7aac05e5-8525-4777-9da5-aee5edc78856 200 in 169ms (next.js: 13ms, proxy.ts: 6ms, application-code: 150ms)
 GET /r/[REDACTED]/csv?edition=7aac05e5-8525-4777-9da5-aee5edc78856 200 in 39ms (next.js: 6ms, proxy.ts: 14ms, application-code: 19ms)
 GET /r/[REDACTED]/pdf?edition=7aac05e5-8525-4777-9da5-aee5edc78856 200 in 176ms (next.js: 4ms, proxy.ts: 9ms, application-code: 163ms)
 GET /reports?notice=Report+created.+Reveal+its+URL+within+the+next+five+minutes.&reveal=report-url&revealId=faae3619-8780-4ac8-8397-daa53021a093 200 in 488ms (next.js: 7ms, proxy.ts: 7ms, application-code: 474ms)
 POST /reports?notice=Report%20created.%20Reveal%20its%20URL%20within%20the%20next%20five%20minutes.&reveal=report-url&revealId=f96c1b6b-7d4f-42de-bf08-1d83c303db47 200 in 569ms (next.js: 5ms, proxy.ts: 10ms, application-code: 554ms)
  └─ ƒ createShareLink({}) in 41ms src/app/actions.ts
 POST /api/secret-revelation 200 in 210ms (next.js: 32ms, proxy.ts: 99ms, application-code: 79ms)
 GET /r/[REDACTED]?edition=91211a84-1895-4d58-b60d-35b443d70318 200 in 179ms (next.js: 10ms, proxy.ts: 4ms, application-code: 165ms)
 GET /r/[REDACTED]/csv?edition=91211a84-1895-4d58-b60d-35b443d70318 200 in 34ms (next.js: 5ms, proxy.ts: 3ms, application-code: 26ms)
 GET /r/[REDACTED]/pdf?edition=91211a84-1895-4d58-b60d-35b443d70318 200 in 383ms (next.js: 8ms, proxy.ts: 3ms, application-code: 372ms)
 GET /r/[REDACTED]?edition=09981769-b58c-4b44-a2de-a02494f88e62 200 in 488ms (next.js: 11ms, proxy.ts: 5ms, application-code: 472ms)
 GET /r/[REDACTED]/csv?edition=09981769-b58c-4b44-a2de-a02494f88e62 200 in 158ms (next.js: 35ms, proxy.ts: 18ms, application-code: 106ms)
 GET /r/[REDACTED]/pdf?edition=09981769-b58c-4b44-a2de-a02494f88e62 200 in 388ms (next.js: 7ms, proxy.ts: 10ms, application-code: 370ms)
 GET /reports?notice=Revision+published.+Previous+editions+remain+unchanged.&reveal=report-url&revealId=3102fe6d-90b4-4574-9873-fa28365da101 200 in 151ms (next.js: 4ms, proxy.ts: 2ms, application-code: 145ms)
 POST /reports?notice=Report%20created.%20Reveal%20its%20URL%20within%20the%20next%20five%20minutes.&reveal=report-url&revealId=faae3619-8780-4ac8-8397-daa53021a093 200 in 190ms (next.js: 3ms, proxy.ts: 3ms, application-code: 185ms)
  └─ ƒ reviseReportEdition({}) in 21ms src/app/actions.ts
 POST /api/secret-revelation 200 in 31ms (next.js: 4ms, proxy.ts: 4ms, application-code: 23ms)
 GET /r/[REDACTED]?edition=434088c2-2103-4d5f-8f3d-a5d0bf4389dc 200 in 181ms (next.js: 10ms, proxy.ts: 4ms, application-code: 167ms)
 GET /r/[REDACTED]/csv?edition=434088c2-2103-4d5f-8f3d-a5d0bf4389dc 200 in 119ms (next.js: 19ms, proxy.ts: 34ms, application-code: 65ms)
 GET /reports?error=Les+donn%C3%A9es+compl%C3%A8tes+de+cette+p%C3%A9riode+ne+sont+pas+disponibles.+Actualisez+l%E2%80%99historique+du+compte+avant+de+publier+ce+bilan. 200 in 320ms (next.js: 3ms, proxy.ts: 3ms, application-code: 315ms)
 POST /reports?notice=Revision%20published.%20Previous%20editions%20remain%20unchanged.&reveal=report-url&revealId=3102fe6d-90b4-4574-9873-fa28365da101 200 in 401ms (next.js: 9ms, proxy.ts: 14ms, application-code: 377ms)
  └─ ƒ createShareLink({}) in 28ms src/app/actions.ts
 GET /r/[REDACTED]?edition=09981769-b58c-4b44-a2de-a02494f88e62 200 in 114ms (next.js: 7ms, proxy.ts: 3ms, application-code: 103ms)
 GET /r/[REDACTED]/pdf?edition=09981769-b58c-4b44-a2de-a02494f88e62 429 in 20ms (next.js: 5ms, proxy.ts: 3ms, application-code: 11ms)
 GET /r/[REDACTED]/csv?edition=09981769-b58c-4b44-a2de-a02494f88e62 404 in 15ms (next.js: 4ms, proxy.ts: 3ms, application-code: 8ms)
 GET /reports 200 in 617ms (next.js: 7ms, proxy.ts: 3ms, application-code: 607ms)
  ✓  58 [chromium] › e2e/report-editions-local.spec.ts:16:53 › published report editions › creates every period and preserves HTML PDF CSV through revision in en (17.7s)
 GET /audit?q=COLL_AUDIT_ 200 in 285ms (next.js: 4ms, proxy.ts: 4ms, application-code: 278ms)
 GET /api/auth/get-session 200 in 54ms (next.js: 8ms, proxy.ts: 3ms, application-code: 43ms)
 GET /api/auth/organization/list 200 in 58ms (next.js: 16ms, proxy.ts: 3ms, application-code: 38ms)
 GET /audit?q=COLL_AUDIT_&cursor=eyJ2IjoxLCJpdiI6IjQ4dWU2TmZGbXo5bExQNFYiLCJ0YWciOiJnMUROSko1bkY5S3pzcWp6eU1PcUpnIiwiZGF0YSI6Img2YlppN1JZOUVwLW44eWlYTGpUY0NIR1NxR3lpU0xDZWw3SzRKX2RYZnNIZ0dybFZ2X1hiNjhQZWVweHlHSTM3QUhnbDRIUzNxd0lCMU1NY0lETXVaM0VLb2pQY3NmNERVYlZRczgzRWtCVjBZYzNUNHJUbUNoemtERnd4ZDlYZ0Uwd0JVY2N4RDZQbzVQdElkV0xSMDU4aHBCQjJEdHVrN1RUclBFN0x2ZnBqaXZmQXpfNUp1bEJzWWZPZ0t2WW5KWXpfNnQ4WGFLUHo2OFQxMHJkWm4takpJMWlXY2NXYXo5WmcxNl9OZjg5NkFJNFpoQnR2bERhWVhiZ2hKQ09DNTNfRndrX3NBejJNTnNTUS1qdmZQbERmNFpCY2x1NkZSOW9ib2pSUllZR3lFS0NqOTlsVXcifQ 200 in 201ms (next.js: 10ms, proxy.ts: 23ms, application-code: 168ms)
 POST /audit?q=COLL_AUDIT_ 200 in 321ms (next.js: 7ms, proxy.ts: 14ms, application-code: 301ms)
  └─ ƒ setCookieConsent({}) in 2ms src/app/preferences-actions.ts
 GET /audit?q=COLL_AUDIT_&cursor=eyJ2IjoxLCJpdiI6IjQ4dWU2TmZGbXo5bExQNFYiLCJ0YWciOiJnMUROSko1bkY5S3pzcWp6eU1PcUpnIiwiZGF0YSI6Img2YlppN1JZOUVwLW44eWlYTGpUY0NIR1NxR3lpU0xDZWw3SzRKX2RYZnNIZ0dybFZ2X1hiNjhQZWVweHlHSTM3QUhnbDRIUzNxd0lCMU1NY0lETXVaM0VLb2pQY3NmNERVYlZRczgzRWtCVjBZYzNUNHJUbUNoemtERnd4ZDlYZ0Uwd0JVY2N4RDZQbzVQdElkV0xSMDU4aHBCQjJEdHVrN1RUclBFN0x2ZnBqaXZmQXpfNUp1bEJzWWZPZ0t2WW5KWXpfNnQ4WGFLUHo2OFQxMHJkWm4takpJMWlXY2NXYXo5WmcxNl9OZjg5NkFJNFpoQnR2bERhWVhiZ2hKQ09DNTNfRndrX3NBejJNTnNTUS1qdmZQbERmNFpCY2x1NkZSOW9ib2pSUllZR3lFS0NqOTlsVXcifQ 200 in 115ms (next.js: 12ms, proxy.ts: 6ms, application-code: 97ms)
 GET /audit?q=COLL_AUDIT_001 200 in 201ms (next.js: 10ms, proxy.ts: 8ms, application-code: 183ms)
 GET /api/auth/get-session 200 in 579ms (next.js: 74ms, proxy.ts: 25ms, application-code: 480ms)
 GET /api/auth/organization/list 200 in 584ms (next.js: 78ms, proxy.ts: 21ms, application-code: 485ms)
 GET /tasks?q=COLL_TASK_ 200 in 754ms (next.js: 37ms, proxy.ts: 5ms, application-code: 713ms)
 GET /api/auth/get-session 200 in 28ms (next.js: 8ms, proxy.ts: 4ms, application-code: 16ms)
 GET /api/auth/organization/list 200 in 30ms (next.js: 13ms, proxy.ts: 4ms, application-code: 13ms)
 GET /tasks?q=COLL_TASK_&status=open&cursor=eyJ2IjoxLCJpdiI6InRaMzE1VzRSa2pja3FpWHEiLCJ0YWciOiJVZFM0RzhnRkNZeWV4UWNBWmZWNnF3IiwiZGF0YSI6IldkWThKSW5SLVFTbmFJQWdjTDUwRWhJa2l6ZXhycU9SaTZCOVNxTlBDNERyaGJiV2s5UkJIbDNYdE4yM2FqRVhCYkJpdHJVM25JQTJKVDRXay1PN2V0R3k2R0xwRDJ6QWUxODNrcU96S3N3OUZKOE80SEtPTnNVYVhhaWhQUGZmOGI0ZGtieDlfSEpabVRJbnVVSXZ3cW55MV93TkpFR0M5MVBQVGM3U0JXNzBSVjdESU5NNTFCdmxGWDlvQ19fVnhTT1luZUlfZTI2NnlUSk93TjdEYzIzRUhWSGhoYk1aZER5V085eGIzQ0JURlpZWGRuQktNTi13bnFZUnpvUEZrVW9TclE2aE4yRFMweWJIeHUyMFZobXQwNERYdlByYzV5WERsYVNPcVhPTlp6bXhpSXYteWcifQ 200 in 139ms (next.js: 4ms, proxy.ts: 3ms, application-code: 133ms)
 GET /tasks?q=COLL_TASK_001&status=open 200 in 178ms (next.js: 2ms, proxy.ts: 1.8ms, application-code: 174ms)
 GET /api/auth/get-session 200 in 63ms (next.js: 9ms, proxy.ts: 12ms, application-code: 42ms)
 GET /api/auth/organization/list 200 in 65ms (next.js: 16ms, proxy.ts: 11ms, application-code: 37ms)
 GET /tasks?notice=Commentaire+ajout%C3%A9.&id=0a69bf92-c4d6-4a58-b237-ac4a8c6736ad 200 in 83ms (next.js: 2ms, proxy.ts: 4ms, application-code: 77ms)
 POST /tasks?q=COLL_TASK_001&status=open 200 in 111ms (next.js: 2ms, proxy.ts: 3ms, application-code: 106ms)
  └─ ƒ addWorkspaceTaskComment({}) in 10ms src/app/actions.ts
 GET /discussions/tasks/0a69bf92-c4d6-4a58-b237-ac4a8c6736ad 200 in 293ms (next.js: 246ms, proxy.ts: 3ms, application-code: 44ms)
 GET /discussions/tasks/0a69bf92-c4d6-4a58-b237-ac4a8c6736ad?cursor=eyJ2IjoxLCJpdiI6Ikg3UlhOTUdFV0s5THlRczUiLCJ0YWciOiJmUURwZUQ3MjBZX3UzTUZVbDF3eVNBIiwiZGF0YSI6IkFVVVlrN2ZEc2VYTmZlY3IzZ0x3SzltNHRIcTNUN0ljanViam51MVhuUXA2djhfU1FFSUNMOW1yWFZDZ3ZrUThWRVd3MWN3ZEx3MmZveWh3eU1JVUVHUHNDZmpJemk0dTZKU1Rwd2RSX3Q0UkUwbVdSaERxSlozWWtBMWRzUG1rQ3A4c2pLU3hmNUdEX1M4OUtvbUJHcFc4bUhOcFpTUHVERnlJekMyTkk3clNya3FtWGJHQUE2aVplaHFqY1hrMDdOQjFYVldiTTVjeFNGS3NKeHFZV042Mnp3Zmt6S0xEN1hUS0t0LU55OEpXRXZ5ZDQwV25XdllGNFdUbUVXQTZYQURnV2xrMWdlSXUxM2M3Z05BSEpkeGhScFdXeEdsTDg3bWxBd1p1a0dDa1ZOajFoTURCX0EifQ 200 in 68ms (next.js: 7ms, proxy.ts: 4ms, application-code: 56ms)
 GET /discussions/tasks/0a69bf92-c4d6-4a58-b237-ac4a8c6736ad?q=COLL_MESSAGE_001 200 in 164ms (next.js: 5ms, proxy.ts: 4ms, application-code: 155ms)
 GET /api/auth/get-session 200 in 410ms (next.js: 87ms, proxy.ts: 18ms, application-code: 305ms)
 GET /api/auth/organization/list 200 in 760ms (next.js: 95ms, proxy.ts: 17ms, application-code: 648ms)
 GET /alerts?q=COLL_ALERT_ 200 in 1044ms (next.js: 11ms, proxy.ts: 5ms, application-code: 1027ms)
 GET /api/auth/get-session 200 in 37ms (next.js: 15ms, proxy.ts: 5ms, application-code: 17ms)
 GET /api/auth/organization/list 200 in 40ms (next.js: 7ms, proxy.ts: 5ms, application-code: 28ms)
 GET /alerts?q=COLL_ALERT_&cursor=eyJ2IjoxLCJpdiI6Ik9EbzJjckVpRVV1eHplSy0iLCJ0YWciOiJwYUN6QndfMWFRZ3d2THRjdXVxN1JnIiwiZGF0YSI6IkJBajZOejNUckJGY1JlT0p2cEFiYU1Cc1VFcEJ4ZEVvS2lKY0I2bEhSVXpuXy1lemx6STNVY3JJTndVTFM0dHNWSERLNWlwdTlqcU1yODhuLUFGZjZwYzF6dTl2dHZrTWZDUF9qU3VLYS0ybzJWVTk0Slk0VWMydk8xdnR5cnM5aHNJVDdtWHBrMk9tUWtIYXRRY2ZoMXJXZDJzOG93ek1yNEJUVE9YckI3R0FHMHFwSnFGQkpyMVpKMVJIbFNtbHZQN0o1WUhMbzBzTUNtS2xMQi10V093SkJmY3dyR1JWOEpiY2FCWkV2WUwzenYwWjhYNGcyemlNMk0tSlBHdTVMZjFQR1FQRFBpSXlkOVVtZS05OEJlekJIbTRKbnRYVktoQkdZNXFTU2lYRUhJY0V1UmRsSWcifQ 200 in 395ms (next.js: 13ms, proxy.ts: 10ms, application-code: 372ms)
 GET /alerts?q=COLL_ALERT_001&status= 200 in 402ms (next.js: 12ms, proxy.ts: 3ms, application-code: 387ms)
 GET /api/auth/get-session 200 in 112ms (next.js: 78ms, proxy.ts: 14ms, application-code: 20ms)
 GET /api/auth/organization/list 200 in 116ms (next.js: 72ms, proxy.ts: 13ms, application-code: 31ms)
 GET /approvals?q=COLL_APPROVAL_ 200 in 614ms (next.js: 21ms, proxy.ts: 12ms, application-code: 580ms)
 GET /api/auth/get-session 200 in 110ms (next.js: 22ms, proxy.ts: 7ms, application-code: 81ms)
 GET /api/auth/organization/list 200 in 113ms (next.js: 49ms, proxy.ts: 6ms, application-code: 57ms)
 GET /approvals?q=COLL_APPROVAL_&cursor=eyJ2IjoxLCJpdiI6IlVGalk5UWRtSExmakt6a1QiLCJ0YWciOiJOeTlwM19FbXhzV19PRjBKbG11YlVRIiwiZGF0YSI6IkcwUjFKZTZSSXYySUNYNWprZ0tldDRDR3VHVGNRWGVDY01tYTlxc214QVYzbzRHaDlLNzZlZ3M1WVJhYXVzMjg2RDVPOUJreGZiNFFSYkg2UldiYjJMeVNyNWg0VjVaX1pMMTF1OU5VVjhQNFB5ekoxRXRrRmJzOUkwWEk4blYxaFpta2I1aHZudy10UjFlOVQwNGZDY2VaQWF1OWNSazZVMWhiNGV1Z0FoRkVsMWNkQ2MzTElSdXhhdlA5MlJQWFJJUHY3UEgxUFhCWm42NkItTWZvQ0lJRUlNeHFKZklzMlcxdHN3dC1kY2tYTnJlRjlPcG56c1VNTDExT3Vvcmd0RXN1NUtLbUVRbVJjUTdINnpQTmNraWN6bTdEUG5FVnRKd19yU2NLeVliQVdMYWs5TWhNTEEifQ 200 in 356ms (next.js: 8ms, proxy.ts: 7ms, application-code: 341ms)
 GET /approvals?q=COLL_APPROVAL_001&status= 200 in 581ms (next.js: 24ms, proxy.ts: 14ms, application-code: 542ms)
 GET /api/auth/get-session 200 in 1777ms (next.js: 325ms, proxy.ts: 100ms, application-code: 1352ms)
 GET /api/auth/organization/list 200 in 1787ms (next.js: 356ms, proxy.ts: 97ms, application-code: 1334ms)
 GET /support?q=COLL_SUPPORT_ 200 in 2.1s (next.js: 31ms, proxy.ts: 39ms, application-code: 2.0s)
 GET /api/auth/get-session 200 in 118ms (next.js: 68ms, proxy.ts: 13ms, application-code: 38ms)
 GET /api/auth/organization/list 200 in 212ms (next.js: 43ms, proxy.ts: 24ms, application-code: 146ms)
 GET /support?q=COLL_SUPPORT_&cursor=eyJ2IjoxLCJpdiI6ImtQVmdDOVpVMXM4TlUyTVQiLCJ0YWciOiJzR0lpZnMtd2tYTFg5REV0ZktmcVJBIiwiZGF0YSI6IjRzNG1Td2UzU2pncGNRY0RaTUZ2U0J4dDFLeDFEQjR0U2lvcHVkRlhxa1lSTzRiTnVwSmNKZ1Q2bjZCYkhoMGNYM2JnRUpXVmY4Y19VVVhVRF9STDF2cDNfTml1d2lSeE1qdHN0ajZyT0REQlNzMHVfLU04ZjBlVUU4cF90OUxsUURJeUY4OWZLZjJoZzVfN3lFTEtRS2k4N1NtVklFUVpBWkdfVlU4RGhpUkpqNkxKNnhyYXM4MXYxOG4zemdOUFdnUkhpN1djMkc5ckRMRzNTamVsRUp3cXdhM3RuLWpCc3JUUktmVjFsci1rXzN0VTBtdG9id0ViNXA4a0dfcWZCeXJOV2E2VS11bV9FbWt5SU92ODFGMTJ2dDlNa3VfSjEzTHQ4amxkSlU4clE1N1hmV2YzcFEifQ 200 in 164ms (next.js: 63ms, proxy.ts: 8ms, application-code: 92ms)
 GET /support?q=COLL_SUPPORT_001&status= 200 in 234ms (next.js: 3ms, proxy.ts: 2ms, application-code: 229ms)
 GET /api/auth/get-session 200 in 51ms (next.js: 14ms, proxy.ts: 7ms, application-code: 30ms)
 GET /api/auth/organization/list 200 in 57ms (next.js: 25ms, proxy.ts: 5ms, application-code: 27ms)
 GET /tasks?cursor=forged 200 in 226ms (next.js: 6ms, proxy.ts: 5ms, application-code: 214ms)
 GET /api/auth/get-session 200 in 56ms (next.js: 25ms, proxy.ts: 8ms, application-code: 23ms)
 GET /api/auth/organization/list 200 in 58ms (next.js: 25ms, proxy.ts: 14ms, application-code: 20ms)
 GET /support?q=COLL_SUPPORT_ 200 in 125ms (next.js: 3ms, proxy.ts: 3ms, application-code: 118ms)
 GET /api/auth/get-session 200 in 81ms (next.js: 10ms, proxy.ts: 21ms, application-code: 49ms)
 GET /api/auth/organization/list 200 in 80ms (next.js: 31ms, proxy.ts: 19ms, application-code: 30ms)
 GET /discussions/support/bd4932a6-d110-4324-a25b-9239224c7cde 404 in 157ms (next.js: 15ms, proxy.ts: 17ms, application-code: 125ms)
  ✓  59 [chromium] › e2e/workspace-collections-local.spec.ts:14:53 › workspace collection navigation › searches older records and conversations in fr (14.8s)
 GET /audit?q=COLL_AUDIT_ 200 in 197ms (next.js: 4ms, proxy.ts: 2ms, application-code: 191ms)
 GET /api/auth/get-session 200 in 773ms (next.js: 45ms, proxy.ts: 684ms, application-code: 44ms)
 GET /api/auth/organization/list 200 in 758ms (next.js: 55ms, proxy.ts: 661ms, application-code: 42ms)
 GET /audit?q=COLL_AUDIT_&cursor=eyJ2IjoxLCJpdiI6ImhDeFJSRXRsWWdhMDRHNTUiLCJ0YWciOiJiZlVXeUtBVXAwczloMjRuOGE2YTF3IiwiZGF0YSI6IndRZXllOFpKQUxTUGN4M0htblhySTdIcTFuRk40UjlWQnh5dnpBRUNSVUdNSVpwUHBpZ3lCcjhMQi1NZU01VW5VRC1kZkJpZWNVeUN4REFoQXcxTUZ3cmd2UUhoSkNHYmtMMzl6czMxaUdnUHVIVFRqQ2JGRlNMRzhvcHVLejNsZkhCdjIzcF9uUXVZWWVTZ1otWW9nOTlrd0hoVkZDZVkxcWJSTUExcUVfU2dWSGZDWEFLVV9FYUhJRlZoV05LcHVkWHR5cXNFWk1MR2d4emdLWTc3dHFQcC0wWERtNExaZjVBQndXbHhwUmpJZ2wtUXhwaVJCLWFuMW1qc3c5eWFWb2dCSXQyM3RSeXBWZkFHTkUwb0lWSTFWQUVNVGFZek9NeDJTNF9paTBncEdoaEV2YUhiT0EifQ 200 in 217ms (next.js: 30ms, proxy.ts: 5ms, application-code: 182ms)
 POST /audit?q=COLL_AUDIT_ 200 in 225ms (next.js: 4ms, proxy.ts: 5ms, application-code: 216ms)
  └─ ƒ setCookieConsent({}) in 3ms src/app/preferences-actions.ts
 GET /audit?q=COLL_AUDIT_&cursor=eyJ2IjoxLCJpdiI6ImhDeFJSRXRsWWdhMDRHNTUiLCJ0YWciOiJiZlVXeUtBVXAwczloMjRuOGE2YTF3IiwiZGF0YSI6IndRZXllOFpKQUxTUGN4M0htblhySTdIcTFuRk40UjlWQnh5dnpBRUNSVUdNSVpwUHBpZ3lCcjhMQi1NZU01VW5VRC1kZkJpZWNVeUN4REFoQXcxTUZ3cmd2UUhoSkNHYmtMMzl6czMxaUdnUHVIVFRqQ2JGRlNMRzhvcHVLejNsZkhCdjIzcF9uUXVZWWVTZ1otWW9nOTlrd0hoVkZDZVkxcWJSTUExcUVfU2dWSGZDWEFLVV9FYUhJRlZoV05LcHVkWHR5cXNFWk1MR2d4emdLWTc3dHFQcC0wWERtNExaZjVBQndXbHhwUmpJZ2wtUXhwaVJCLWFuMW1qc3c5eWFWb2dCSXQyM3RSeXBWZkFHTkUwb0lWSTFWQUVNVGFZek9NeDJTNF9paTBncEdoaEV2YUhiT0EifQ 200 in 101ms (next.js: 7ms, proxy.ts: 11ms, application-code: 84ms)
 GET /audit?q=COLL_AUDIT_001 200 in 123ms (next.js: 1.9ms, proxy.ts: 1.8ms, application-code: 119ms)
 GET /api/auth/get-session 200 in 431ms (next.js: 70ms, proxy.ts: 12ms, application-code: 349ms)
 GET /api/auth/organization/list 200 in 448ms (next.js: 75ms, proxy.ts: 13ms, application-code: 361ms)
 GET /tasks?q=COLL_TASK_ 200 in 518ms (next.js: 3ms, proxy.ts: 3ms, application-code: 512ms)
 GET /api/auth/get-session 200 in 29ms (next.js: 6ms, proxy.ts: 7ms, application-code: 16ms)
 GET /api/auth/organization/list 200 in 31ms (next.js: 9ms, proxy.ts: 8ms, application-code: 14ms)
 GET /tasks?q=COLL_TASK_&status=open&cursor=eyJ2IjoxLCJpdiI6Ik0wb19RcUJyZHE3WFZpREgiLCJ0YWciOiJraGxaUnFLTWhXQUlnOVI1TmI0WGxRIiwiZGF0YSI6IktiU2s0dnplNkRqVzAyLXJNZWNWTE5lTDE3eHFIblJyZ1lpRVJQcURJYlRwbEZfMFdWSjVnOFFSdVJxU1l0bmZnb2paQ3hlVDcxalp5Zy0wYjV0cVpNendzLUdEQVBHdTN3ZkxMRUM2ejFLZzJhajBqRVVZN1daS1hoU1o2QmtIZjRwR0JmaExya00xTGktM2FMNGwzZ1h0MFlMVzA3YnZMNWJITk9MZl9PRWZlYmRVekllVkVtQ1dVbVdPaUZlYUxwWVdqSzBwREs1Z3Q4NEppVUJpWTVmcnk2Sk9yUVdSY0hNbko2RThSbExab3dRRV9JaDZRbUNFQ09USGQ2X3hDdVRLRm8zZ09hQjlPSi1VWlVtU3g0WXM0cm9OMGJJQ0RFM2J4S0V2cFQ3MXVWcTdsMHBXZ1EifQ 200 in 128ms (next.js: 4ms, proxy.ts: 3ms, application-code: 121ms)
 GET /tasks?q=COLL_TASK_001&status=open 200 in 170ms (next.js: 2ms, proxy.ts: 2ms, application-code: 166ms)
 GET /api/auth/get-session 200 in 33ms (next.js: 11ms, proxy.ts: 2ms, application-code: 20ms)
 GET /api/auth/organization/list 200 in 35ms (next.js: 12ms, proxy.ts: 6ms, application-code: 17ms)
 GET /tasks?notice=Commentaire+ajout%C3%A9.&id=179ce3f2-8586-461c-a7c5-89ea4fccb4c3 200 in 1308ms (next.js: 2ms, proxy.ts: 3ms, application-code: 1302ms)
 POST /tasks?q=COLL_TASK_001&status=open 200 in 1350ms (next.js: 3ms, proxy.ts: 3ms, application-code: 1345ms)
  └─ ƒ addWorkspaceTaskComment({}) in 8ms src/app/actions.ts
 GET /discussions/tasks/179ce3f2-8586-461c-a7c5-89ea4fccb4c3 200 in 104ms (next.js: 14ms, proxy.ts: 6ms, application-code: 84ms)
 GET /discussions/tasks/179ce3f2-8586-461c-a7c5-89ea4fccb4c3?cursor=eyJ2IjoxLCJpdiI6InBDTTZ4eVFJaWR2T3pBc2YiLCJ0YWciOiJoaDFXQjZndlltQ2xfcTNyY2t2UU9RIiwiZGF0YSI6IlhLOXVwb3ZxVHRFN0gzNWw0blBlZXJhYmpTcElSVkF3eE4wTDU2bV9rQ1h0NUpKeUxmRVVTYmVUbHh1LVBaSWcxV1VfQXVoa3BURzNaZXFIMFItZUM0bnlDR1N0VzdIamc0SUtqZEMybUNTZjdqa1RNY2FqaFZqOXdyNVRscl9hY1hIQUIzMU9SUHhMMkhJUzhIT1BiYkVMRk5tRDROMkhyVlZPV3hWbFlZRGg4b1hzSUNoZmh1a2J4Wmk3QnFHNnFnMENicjRfTDBlVXZhS0R2Z0tCQnpERlF4bFdYamdvTzVaalNxeGVxYnNKUVd0Z29oSVRpMGE3RUh1cVJuYWF5S2Q2Nlo0dFllM0M5VTVNdXZWeWR6aUpNdWQ1YTd0eWNIMEk2YTk0UXRjYmxIYm5MMGtlU3cifQ 200 in 88ms (next.js: 9ms, proxy.ts: 3ms, application-code: 76ms)
 GET /discussions/tasks/179ce3f2-8586-461c-a7c5-89ea4fccb4c3?q=COLL_MESSAGE_001 200 in 179ms (next.js: 3ms, proxy.ts: 2ms, application-code: 173ms)
 GET /api/auth/get-session 200 in 113ms (next.js: 52ms, proxy.ts: 26ms, application-code: 35ms)
 GET /api/auth/organization/list 200 in 454ms (next.js: 58ms, proxy.ts: 26ms, application-code: 369ms)
 GET /alerts?q=COLL_ALERT_ 200 in 609ms (next.js: 5ms, proxy.ts: 4ms, application-code: 600ms)
 GET /api/auth/get-session 200 in 35ms (next.js: 8ms, proxy.ts: 8ms, application-code: 19ms)
 GET /api/auth/organization/list 200 in 36ms (next.js: 15ms, proxy.ts: 7ms, application-code: 14ms)
 GET /alerts?q=COLL_ALERT_&cursor=eyJ2IjoxLCJpdiI6ImN3MlZZY05GdVB4REZid0ciLCJ0YWciOiIzX2FPcVhmdV9BNHMxNUhMbDBiTWxRIiwiZGF0YSI6IldleDFPTlIwdGh0TzBEYmdUR1AzNDRmVzhfbWFHQzFIc0hNb21Eb1MwRDQ4VjhYQ09nVno1Zzg3a21iUThUc2RfYnZNc2FMV0dkSm1zMVN4azh5VlZ0VkdhZXhleW42Sms1NHRrVUZMUXgzX0ZDR2pVSHgtMUN0dEotR1JqZ3hybm5IaTJrMHQxT1NTOW9VTzBGNFdyVVB1aGhXZEs0SFdsWmhGT0lXS2t2c0lrazlJSEVBUndzQklBUmFWeUhUTWw4bDJRRGN3UzZTR0VBamdnenNqZTVYUHFpclhrclFWWkFKdkxhaUxabzhjUGZYUXNSZTVzcmFRVUJJRFo3c3lYSVZyeVBhZkVwcTdRMUdVSzdsUmxIRXR4OTFIbkdZMzJhRHlWb1BnMXVVanNpcEktMGRKS3cifQ 200 in 162ms (next.js: 4ms, proxy.ts: 3ms, application-code: 155ms)
 GET /alerts?q=COLL_ALERT_001&status= 200 in 169ms (next.js: 2ms, proxy.ts: 2ms, application-code: 165ms)
 GET /api/auth/get-session 200 in 347ms (next.js: 8ms, proxy.ts: 8ms, application-code: 331ms)
 GET /api/auth/organization/list 200 in 353ms (next.js: 11ms, proxy.ts: 8ms, application-code: 334ms)
 GET /approvals?q=COLL_APPROVAL_ 200 in 539ms (next.js: 6ms, proxy.ts: 6ms, application-code: 527ms)
 GET /api/auth/get-session 200 in 31ms (next.js: 6ms, proxy.ts: 3ms, application-code: 22ms)
 GET /api/auth/organization/list 200 in 36ms (next.js: 11ms, proxy.ts: 3ms, application-code: 22ms)
 GET /approvals?q=COLL_APPROVAL_&cursor=eyJ2IjoxLCJpdiI6IlFzS0dsZTFlcVBxWkd1LUYiLCJ0YWciOiJmQ21lSm5tZi12cFR2RkhjbXVpZDd3IiwiZGF0YSI6InljQkVYaU90MjZHUDFLUG9NRkZvOGh3dW45dGJGeWlqZHNFdGhUT2xRMTRUc04tXzdfN0VITWhRX0xka2FiRmlaVzA5N09CcWQ1YkFJSkpkT1g0eHoxSV9OLVJQc0R4Ym9jNWkxa3QtazBrdFQ1dGhQWWVtcWpwUF9sU3VWa0pxeUd1bzc2d2VnVjM1MHp1eC1JYWo0QUk0UFJQa1lqN0VYWXhTVUxkZER4bkpUQ3FrVnVmRk52c3F2REtVSjROZWtRNFN0cnhjay1IZm5LM3FPeW1icXc0MDZCbXdFelptWUhjSjhaWEdqZTZxMXRveFRTYk5lVjB3eFh2dFM2N1FWVDNxY25haGlMMkZoc0lUaUdEYVI3R2QtZERuUXZ3cHdMRklMZzJPdHQ5bUtwZFdwMThNOHcifQ 200 in 126ms (next.js: 5ms, proxy.ts: 3ms, application-code: 119ms)
 GET /approvals?q=COLL_APPROVAL_001&status= 200 in 139ms (next.js: 2ms, proxy.ts: 1.9ms, application-code: 135ms)
 GET /api/auth/get-session 200 in 123ms (next.js: 28ms, proxy.ts: 29ms, application-code: 66ms)
 GET /api/auth/organization/list 200 in 108ms (next.js: 57ms, proxy.ts: 14ms, application-code: 36ms)
 GET /support?q=COLL_SUPPORT_ 200 in 361ms (next.js: 5ms, proxy.ts: 5ms, application-code: 350ms)
 GET /api/auth/get-session 200 in 53ms (next.js: 11ms, proxy.ts: 6ms, application-code: 36ms)
 GET /api/auth/organization/list 200 in 59ms (next.js: 22ms, proxy.ts: 5ms, application-code: 31ms)
 GET /support?q=COLL_SUPPORT_&cursor=eyJ2IjoxLCJpdiI6InpzQ0liZkpHOWVndzFmREMiLCJ0YWciOiJqQVdLQm1hbDZYWlZ0bjFLZWdYT0xnIiwiZGF0YSI6InZPbVVJaWliZm50SGJOTy1HY0Z6alpGajN5NXM2dlBQS1NVaVVBS3Jsa3FPZVNiejl6N2lNLTR0amZFb3pzMXRfQUtOblBSeXhHTUJyMFQ4cHJHN2VUcUlNN2I2a1Q2c2hfSTdZM2xOaVdaUnRSUnlCbm5ueC1LbF9iQVJpMnV0cS1STTl6dlE1dXJpWFh5QkxUVktDNVBMM0FQQnJVRUIzUnBUNUp3SkNVeEE1VGIwX1ExUDRuQW5Ra0xYcUdKNUtkOHBJTkZWd1FUS2thQ19iakUzYUtpMlc4VzJrU3FaMGNMem1IY21wWjlVY0ZFWVRvemlnRmNHZVRLSTN3ckY2VUJ5cnNUQlV3WmZaYVNRMDBYdGpCUm5SbFhuaHNEMmxXZUdEdkJfWld4WnFORHIxdXRSbGcifQ 200 in 105ms (next.js: 5ms, proxy.ts: 3ms, application-code: 97ms)
 GET /support?q=COLL_SUPPORT_001&status= 200 in 151ms (next.js: 2ms, proxy.ts: 2.0ms, application-code: 146ms)
 GET /api/auth/get-session 200 in 59ms (next.js: 6ms, proxy.ts: 18ms, application-code: 35ms)
 GET /api/auth/organization/list 200 in 64ms (next.js: 14ms, proxy.ts: 18ms, application-code: 33ms)
 GET /tasks?cursor=forged 200 in 160ms (next.js: 3ms, proxy.ts: 3ms, application-code: 155ms)
 GET /api/auth/get-session 200 in 37ms (next.js: 10ms, proxy.ts: 5ms, application-code: 21ms)
 GET /api/auth/organization/list 200 in 41ms (next.js: 17ms, proxy.ts: 6ms, application-code: 19ms)
 GET /support?q=COLL_SUPPORT_ 200 in 124ms (next.js: 2ms, proxy.ts: 2ms, application-code: 119ms)
 GET /api/auth/get-session 200 in 115ms (next.js: 38ms, proxy.ts: 30ms, application-code: 47ms)
 GET /api/auth/organization/list 200 in 121ms (next.js: 41ms, proxy.ts: 29ms, application-code: 51ms)
 GET /discussions/support/587a2670-43df-4a1a-b2cb-d081bb1b880b 404 in 199ms (next.js: 10ms, proxy.ts: 4ms, application-code: 185ms)
  ✓  60 [chromium] › e2e/workspace-collections-local.spec.ts:14:53 › workspace collection navigation › searches older records and conversations in en (12.4s)


  1) [chromium] › e2e/analytical-pages-local.spec.ts:15:53 › complete analytical collections › browses, searches and exports all stored rows in fr

    Error: expect(locator).toContainText(expected) failed

    Locator: getByRole('alert')
    Expected substring: "collecte a changé"
    Error: strict mode violation: getByRole('alert') resolved to 2 elements:
        1) <p role="alert" class="my-4 rounded-lg border border-amber-300 bg-amber-50 p-4 text-sm">…</p> aka getByText('La collecte a changé pendant')
        2) <div role="alert" aria-live="assertive" id="__next-route-announcer__"></div> aka locator('[id="__next-route-announcer__"]')

    Call log:
      - Expect "toContainText" with timeout 15000ms
      - waiting for getByRole('alert')


      51 |         await db.query('update analytical_collections set source_version=$1 where client_id=$2', [randomUUID(), clientId])
      52 |         await page.goto(oldPage)
    > 53 |         await expect(page.getByRole('alert')).toContainText(locale === 'en' ? 'collection changed' : 'collecte a changé')
         |                                               ^
      54 |         await expect(page.locator('[data-analytical-record]')).toHaveCount(0)
      55 |         expect((await context.request.get(`/insights/devices/export?client=${clientId}&version=${version}`)).status()).toBe(409)
      56 |         await page.goto(`/insights/devices?client=${clientId}&cursor=forged`)
        at /Users/yoannandrieux/Projets/yodev-ads/web/e2e/analytical-pages-local.spec.ts:53:47

    Error Context: test-results/analytical-pages-local-com-adc7c-ports-all-stored-rows-in-fr-chromium/error-context.md

    Error Context: test-results/analytical-pages-local-com-adc7c-ports-all-stored-rows-in-fr-chromium/error-context.md

  1 failed
    [chromium] › e2e/analytical-pages-local.spec.ts:15:53 › complete analytical collections › browses, searches and exports all stored rows in fr
  1 did not run
  58 passed (3.9m)
{"ok":true,"cleaned":"local-browser-fixtures"}
