
> @yodev/ads@0.1.0 test:e2e:local
> node scripts/verify-local-browser.mjs

{"ok":true,"fixtureRoles":["owner","admin","strategist","analyst","client"],"foreignExportId":"80000000-0000-4000-8000-000000000003"}

> @yodev/ads@0.1.0 dev
> next dev --hostname 127.0.0.1 --port 3017

▲ Next.js 16.3.0 (Turbopack)
- Local:         http://127.0.0.1:3017
- Network:       http://127.0.0.1:3017
- Environments: .env.local
✓ Ready in 956ms
✓ Running next.config.ts took 628ms
- Experiments (use with caution):
  · clientTraceMetadata

 GET /sign-in 200 in 3.4s (proxy.ts: 192ms)
 GET / 200 in 3.6s (next.js: 2.3s, proxy.ts: 190ms, application-code: 1098ms)
 GET /sign-in 200 in 145ms (next.js: 46ms, proxy.ts: 36ms, application-code: 62ms)
 GET /icon?a62dacc6b033a714 200 in 597ms (next.js: 147ms, proxy.ts: 37ms, application-code: 413ms)
 POST /api/auth/sign-in/email 200 in 1324ms (next.js: 1053ms, proxy.ts: 4ms, application-code: 268ms)
 POST /api/auth/sign-in/email 200 in 134ms (next.js: 11ms, proxy.ts: 3ms, application-code: 120ms)
 POST /api/auth/sign-in/email 200 in 102ms (next.js: 5ms, proxy.ts: 3ms, application-code: 95ms)
 POST /api/auth/sign-in/email 200 in 83ms (next.js: 2ms, proxy.ts: 2ms, application-code: 78ms)
 POST /api/auth/sign-in/email 200 in 82ms (next.js: 3ms, proxy.ts: 2ms, application-code: 77ms)
 GET /dashboard 200 in 648ms (next.js: 244ms, proxy.ts: 4ms, application-code: 399ms)
 GET /settings 200 in 309ms (next.js: 44ms, proxy.ts: 3ms, application-code: 263ms)
 GET /billing 200 in 203ms (next.js: 24ms, proxy.ts: 3ms, application-code: 176ms)
 GET /support 200 in 508ms (next.js: 21ms, proxy.ts: 3ms, application-code: 485ms)
 GET / 200 in 429ms (next.js: 14ms, proxy.ts: 152ms, application-code: 263ms)
 GET /accounts 200 in 592ms (next.js: 63ms, proxy.ts: 19ms, application-code: 510ms)
 GET /history 200 in 507ms (next.js: 120ms, proxy.ts: 6ms, application-code: 381ms)
 GET /alerts 200 in 299ms (next.js: 42ms, proxy.ts: 8ms, application-code: 249ms)
 GET /tasks 200 in 226ms (next.js: 30ms, proxy.ts: 2ms, application-code: 194ms)
 GET /approvals 200 in 269ms (next.js: 36ms, proxy.ts: 2ms, application-code: 231ms)
 GET /reports 200 in 281ms (next.js: 46ms, proxy.ts: 4ms, application-code: 231ms)
 GET /audit 200 in 172ms (next.js: 30ms, proxy.ts: 3ms, application-code: 139ms)
 GET /agents 200 in 260ms (next.js: 37ms, proxy.ts: 4ms, application-code: 220ms)
 GET / 200 in 85ms (next.js: 3ms, proxy.ts: 2ms, application-code: 80ms)
 GET /privacy 200 in 60ms (next.js: 17ms, proxy.ts: 2ms, application-code: 41ms)
 GET /terms 200 in 58ms (next.js: 19ms, proxy.ts: 2ms, application-code: 37ms)
 GET /subprocessors 200 in 125ms (next.js: 45ms, proxy.ts: 2ms, application-code: 77ms)
 GET /status 200 in 161ms (next.js: 55ms, proxy.ts: 5ms, application-code: 100ms)
 GET /sign-in 200 in 42ms (next.js: 5ms, proxy.ts: 2ms, application-code: 34ms)
 GET /sign-up 200 in 472ms (next.js: 434ms, proxy.ts: 3ms, application-code: 35ms)
Local browser states ready in /var/folders/9h/sbxl7zl90j9_wc743xft5j8h0000gn/T/yodev-ads-browser-VCmdRh

Running 60 tests using 1 worker

(node:88249) Warning: The 'NO_COLOR' env is ignored due to the 'FORCE_COLOR' env being set.
(Use `node --trace-warnings ...` to show where the warning was created)
(node:88249) DeprecationWarning: Calling client.query() when the client is already executing a query is deprecated and will be removed in pg@9.0. Use async/await or an external async flow control mechanism instead.
 GET /operations 200 in 645ms (next.js: 133ms, proxy.ts: 9ms, application-code: 502ms)
 GET /api/auth/get-session 200 in 66ms (next.js: 30ms, proxy.ts: 5ms, application-code: 32ms)
 GET /api/auth/organization/list 200 in 72ms (next.js: 19ms, proxy.ts: 5ms, application-code: 48ms)
  ✓   1 [chromium] › e2e/activation-local.spec.ts:7:7 › operations counts published reports and excludes legacy or future activation (1.8s)
 GET /alerts?id=11f04d38-fc49-468d-bed4-72752328b3c9 200 in 363ms (next.js: 46ms, proxy.ts: 4ms, application-code: 313ms)
 GET /api/auth/get-session 200 in 40ms (next.js: 8ms, proxy.ts: 4ms, application-code: 28ms)
 GET /api/auth/organization/list 200 in 44ms (next.js: 14ms, proxy.ts: 3ms, application-code: 27ms)
 GET /alerts?notice=Avis+sur+la+qualit%C3%A9+de+l%E2%80%99alerte+enregistr%C3%A9.&id=11f04d38-fc49-468d-bed4-72752328b3c9 200 in 156ms (next.js: 9ms, proxy.ts: 3ms, application-code: 144ms)
 POST /alerts?id=11f04d38-fc49-468d-bed4-72752328b3c9 200 in 221ms (next.js: 5ms, proxy.ts: 7ms, application-code: 209ms)
  └─ ƒ reviewWorkspaceAlertQuality({}) in 30ms src/app/actions.ts
 GET /alerts?error=Cette+observation+ou+cet+avis+a+chang%C3%A9.+Actualisez+la+page+avant+de+l%E2%80%99%C3%A9valuer+%C3%A0+nouveau.&id=11f04d38-fc49-468d-bed4-72752328b3c9 200 in 127ms (next.js: 2ms, proxy.ts: 4ms, application-code: 121ms)
 POST /alerts?notice=Avis%20sur%20la%20qualit%C3%A9%20de%20l%E2%80%99alerte%20enregistr%C3%A9.&id=11f04d38-fc49-468d-bed4-72752328b3c9 200 in 160ms (next.js: 3ms, proxy.ts: 6ms, application-code: 151ms)
  └─ ƒ reviewWorkspaceAlertQuality({}) in 14ms src/app/actions.ts
 GET /alerts?notice=Avis+sur+la+qualit%C3%A9+de+l%E2%80%99alerte+enregistr%C3%A9.&id=11f04d38-fc49-468d-bed4-72752328b3c9 200 in 71ms (next.js: 3ms, proxy.ts: 2ms, application-code: 66ms)
 POST /alerts?error=Cette%20observation%20ou%20cet%20avis%20a%20chang%C3%A9.%20Actualisez%20la%20page%20avant%20de%20l%E2%80%99%C3%A9valuer%20%C3%A0%20nouveau.&id=11f04d38-fc49-468d-bed4-72752328b3c9 200 in 94ms (next.js: 3ms, proxy.ts: 4ms, application-code: 88ms)
  └─ ƒ reviewWorkspaceAlertQuality({}) in 8ms src/app/actions.ts
 GET /alerts?q=QUALITY_a1c8f271-c9f5-4831-90ba-74f8ecaf0a64 200 in 487ms (next.js: 2ms, proxy.ts: 4ms, application-code: 481ms)
 GET /api/auth/get-session 200 in 99ms (next.js: 22ms, proxy.ts: 5ms, application-code: 71ms)
 GET /api/auth/organization/list 200 in 117ms (next.js: 26ms, proxy.ts: 6ms, application-code: 86ms)
 GET /alerts?id=11f04d38-fc49-468d-bed4-72752328b3c9 200 in 208ms (next.js: 2ms, proxy.ts: 4ms, application-code: 202ms)
 GET /api/auth/get-session 200 in 36ms (next.js: 6ms, proxy.ts: 12ms, application-code: 18ms)
 GET /api/auth/organization/list 200 in 33ms (next.js: 9ms, proxy.ts: 5ms, application-code: 18ms)
 GET /alerts?notice=Avis+sur+la+qualit%C3%A9+de+l%E2%80%99alerte+enregistr%C3%A9.&id=11f04d38-fc49-468d-bed4-72752328b3c9 200 in 99ms (next.js: 3ms, proxy.ts: 2ms, application-code: 94ms)
 POST /alerts?id=11f04d38-fc49-468d-bed4-72752328b3c9 200 in 123ms (next.js: 3ms, proxy.ts: 3ms, application-code: 117ms)
  └─ ƒ reviewWorkspaceAlertQuality({}) in 10ms src/app/actions.ts
 GET /alerts?id=11f04d38-fc49-468d-bed4-72752328b3c9 200 in 161ms (next.js: 2ms, proxy.ts: 5ms, application-code: 154ms)
 GET /api/auth/get-session 200 in 140ms (next.js: 35ms, proxy.ts: 32ms, application-code: 73ms)
 GET /api/auth/organization/list 200 in 184ms (next.js: 24ms, proxy.ts: 47ms, application-code: 113ms)
 GET /alerts?notice=Avis%20sur%20la%20qualit%C3%A9%20de%20l%E2%80%99alerte%20enregistr%C3%A9.&id=11f04d38-fc49-468d-bed4-72752328b3c9 200 in 208ms (next.js: 4ms, proxy.ts: 4ms, application-code: 200ms)
  ✓   2 [chromium] › e2e/alert-quality-local.spec.ts:6:7 › alert quality fr reviews a specific observation without changing workflow (3.8s)
 GET /alerts?id=114154fb-37d4-4c41-8a02-3644cbe9c425 200 in 169ms (next.js: 1.9ms, proxy.ts: 4ms, application-code: 163ms)
 GET /api/auth/get-session 200 in 70ms (next.js: 26ms, proxy.ts: 4ms, application-code: 39ms)
 GET /api/auth/organization/list 200 in 75ms (next.js: 10ms, proxy.ts: 6ms, application-code: 59ms)
 GET /alerts?notice=Alert+quality+review+saved.&id=114154fb-37d4-4c41-8a02-3644cbe9c425 200 in 156ms (next.js: 7ms, proxy.ts: 6ms, application-code: 143ms)
 POST /alerts?id=114154fb-37d4-4c41-8a02-3644cbe9c425 200 in 191ms (next.js: 8ms, proxy.ts: 4ms, application-code: 180ms)
  └─ ƒ reviewWorkspaceAlertQuality({}) in 10ms src/app/actions.ts
 GET /alerts?error=This+observation+or+review+has+changed.+Refresh+the+page+before+reviewing+it+again.&id=114154fb-37d4-4c41-8a02-3644cbe9c425 200 in 93ms (next.js: 1.7ms, proxy.ts: 2ms, application-code: 89ms)
 POST /alerts?notice=Alert%20quality%20review%20saved.&id=114154fb-37d4-4c41-8a02-3644cbe9c425 200 in 131ms (next.js: 8ms, proxy.ts: 6ms, application-code: 118ms)
  └─ ƒ reviewWorkspaceAlertQuality({}) in 13ms src/app/actions.ts
 GET /alerts?notice=Alert+quality+review+saved.&id=114154fb-37d4-4c41-8a02-3644cbe9c425 200 in 128ms (next.js: 7ms, proxy.ts: 9ms, application-code: 111ms)
 POST /alerts?error=This%20observation%20or%20review%20has%20changed.%20Refresh%20the%20page%20before%20reviewing%20it%20again.&id=114154fb-37d4-4c41-8a02-3644cbe9c425 200 in 201ms (next.js: 7ms, proxy.ts: 23ms, application-code: 170ms)
  └─ ƒ reviewWorkspaceAlertQuality({}) in 22ms src/app/actions.ts
 GET /alerts?q=QUALITY_648b4d00-e7b2-4362-acb7-9e8f1907c8e9 200 in 759ms (next.js: 14ms, proxy.ts: 8ms, application-code: 737ms)
 GET /api/auth/get-session 200 in 138ms (next.js: 88ms, proxy.ts: 5ms, application-code: 45ms)
 GET /api/auth/organization/list 200 in 205ms (next.js: 111ms, proxy.ts: 6ms, application-code: 87ms)
 GET /alerts?id=114154fb-37d4-4c41-8a02-3644cbe9c425 200 in 287ms (next.js: 29ms, proxy.ts: 6ms, application-code: 253ms)
 GET /api/auth/get-session 200 in 23ms (next.js: 5ms, proxy.ts: 5ms, application-code: 13ms)
 GET /api/auth/organization/list 200 in 25ms (next.js: 7ms, proxy.ts: 5ms, application-code: 13ms)
 GET /alerts?notice=Alert+quality+review+saved.&id=114154fb-37d4-4c41-8a02-3644cbe9c425 200 in 86ms (next.js: 2ms, proxy.ts: 2.0ms, application-code: 82ms)
 POST /alerts?id=114154fb-37d4-4c41-8a02-3644cbe9c425 200 in 134ms (next.js: 4ms, proxy.ts: 22ms, application-code: 108ms)
  └─ ƒ reviewWorkspaceAlertQuality({}) in 12ms src/app/actions.ts
 GET /alerts?id=114154fb-37d4-4c41-8a02-3644cbe9c425 200 in 223ms (next.js: 1.9ms, proxy.ts: 5ms, application-code: 217ms)
 GET /api/auth/get-session 200 in 119ms (next.js: 28ms, proxy.ts: 26ms, application-code: 64ms)
 GET /api/auth/organization/list 200 in 154ms (next.js: 58ms, proxy.ts: 28ms, application-code: 69ms)
 GET /alerts?notice=Alert%20quality%20review%20saved.&id=114154fb-37d4-4c41-8a02-3644cbe9c425 200 in 205ms (next.js: 3ms, proxy.ts: 2ms, application-code: 200ms)
  ✓   3 [chromium] › e2e/alert-quality-local.spec.ts:6:7 › alert quality en reviews a specific observation without changing workflow (4.3s)
 GET /analysis?client=46942d39-ca10-4784-a7f0-fb3af5603731 200 in 397ms (next.js: 157ms, proxy.ts: 3ms, application-code: 237ms)
 GET /api/auth/get-session 200 in 120ms (next.js: 27ms, proxy.ts: 23ms, application-code: 69ms)
 GET /api/auth/organization/list 200 in 125ms (next.js: 29ms, proxy.ts: 25ms, application-code: 71ms)
 GET /analysis?client=46942d39-ca10-4784-a7f0-fb3af5603731 200 in 285ms (next.js: 2ms, proxy.ts: 3ms, application-code: 279ms)
 GET /api/auth/get-session 200 in 137ms (next.js: 22ms, proxy.ts: 44ms, application-code: 70ms)
 GET /api/auth/organization/list 200 in 126ms (next.js: 33ms, proxy.ts: 33ms, application-code: 60ms)
 GET /analysis?client=46942d39-ca10-4784-a7f0-fb3af5603731 200 in 289ms (next.js: 5ms, proxy.ts: 5ms, application-code: 279ms)
 GET /api/auth/get-session 200 in 88ms (next.js: 57ms, proxy.ts: 13ms, application-code: 17ms)
 GET /api/auth/organization/list 200 in 92ms (next.js: 61ms, proxy.ts: 13ms, application-code: 19ms)
 GET /analysis?client=46942d39-ca10-4784-a7f0-fb3af5603731 200 in 263ms (next.js: 3ms, proxy.ts: 3ms, application-code: 257ms)
 GET /api/auth/get-session 200 in 138ms (next.js: 18ms, proxy.ts: 34ms, application-code: 85ms)
 GET /api/auth/organization/list 200 in 133ms (next.js: 27ms, proxy.ts: 27ms, application-code: 80ms)
 GET /analysis?client=46942d39-ca10-4784-a7f0-fb3af5603731 200 in 446ms (next.js: 3ms, proxy.ts: 4ms, application-code: 439ms)
 GET /api/auth/get-session 200 in 81ms (next.js: 19ms, proxy.ts: 8ms, application-code: 55ms)
 GET /api/auth/organization/list 200 in 105ms (next.js: 27ms, proxy.ts: 10ms, application-code: 68ms)
 GET /analysis?client=46942d39-ca10-4784-a7f0-fb3af5603731 200 in 291ms (next.js: 31ms, proxy.ts: 8ms, application-code: 252ms)
 GET /api/auth/get-session 200 in 43ms (next.js: 12ms, proxy.ts: 3ms, application-code: 28ms)
 GET /api/auth/organization/list 200 in 51ms (next.js: 18ms, proxy.ts: 4ms, application-code: 29ms)
 GET /analysis?client=46942d39-ca10-4784-a7f0-fb3af5603731 200 in 380ms (next.js: 5ms, proxy.ts: 9ms, application-code: 367ms)
  ✓   4 [chromium] › e2e/analysis-evidence-local.spec.ts:7:7 › analysis evidence fr excludes empty and unqualified sources before first activation (3.7s)
 GET /analysis?client=6836a8fe-3b66-49b9-a758-e5553e111ff7 200 in 271ms (next.js: 1.8ms, proxy.ts: 4ms, application-code: 265ms)
 GET /api/auth/get-session 200 in 153ms (next.js: 59ms, proxy.ts: 10ms, application-code: 84ms)
 GET /api/auth/organization/list 200 in 162ms (next.js: 62ms, proxy.ts: 11ms, application-code: 89ms)
 GET /analysis?client=6836a8fe-3b66-49b9-a758-e5553e111ff7 200 in 302ms (next.js: 9ms, proxy.ts: 23ms, application-code: 269ms)
 GET /api/auth/get-session 200 in 99ms (next.js: 68ms, proxy.ts: 7ms, application-code: 25ms)
 GET /api/auth/organization/list 200 in 159ms (next.js: 74ms, proxy.ts: 8ms, application-code: 78ms)
 GET /analysis?client=6836a8fe-3b66-49b9-a758-e5553e111ff7 200 in 343ms (next.js: 10ms, proxy.ts: 10ms, application-code: 323ms)
 GET /api/auth/get-session 200 in 129ms (next.js: 82ms, proxy.ts: 9ms, application-code: 38ms)
 GET /api/auth/organization/list 200 in 203ms (next.js: 72ms, proxy.ts: 12ms, application-code: 119ms)
 GET /analysis?client=6836a8fe-3b66-49b9-a758-e5553e111ff7 200 in 411ms (next.js: 11ms, proxy.ts: 8ms, application-code: 392ms)
 GET /api/auth/get-session 200 in 164ms (next.js: 41ms, proxy.ts: 39ms, application-code: 84ms)
 GET /api/auth/organization/list 200 in 167ms (next.js: 36ms, proxy.ts: 47ms, application-code: 84ms)
 GET /analysis?client=6836a8fe-3b66-49b9-a758-e5553e111ff7 200 in 351ms (next.js: 12ms, proxy.ts: 8ms, application-code: 332ms)
 GET /api/auth/get-session 200 in 104ms (next.js: 62ms, proxy.ts: 7ms, application-code: 35ms)
 GET /api/auth/organization/list 200 in 155ms (next.js: 66ms, proxy.ts: 7ms, application-code: 83ms)
 GET /analysis?client=6836a8fe-3b66-49b9-a758-e5553e111ff7 200 in 283ms (next.js: 7ms, proxy.ts: 5ms, application-code: 270ms)
 GET /api/auth/get-session 200 in 59ms (next.js: 21ms, proxy.ts: 9ms, application-code: 28ms)
 GET /api/auth/organization/list 200 in 63ms (next.js: 24ms, proxy.ts: 13ms, application-code: 27ms)
 GET /analysis?client=6836a8fe-3b66-49b9-a758-e5553e111ff7 200 in 363ms (next.js: 2ms, proxy.ts: 3ms, application-code: 358ms)
 GET /api/auth/get-session 200 in 45ms (next.js: 29ms, proxy.ts: 9ms, application-code: 7ms)
 GET /api/auth/organization/list 200 in 45ms (next.js: 18ms, proxy.ts: 10ms, application-code: 17ms)
  ✓   5 [chromium] › e2e/analysis-evidence-local.spec.ts:7:7 › analysis evidence en excludes empty and unqualified sources before first activation (4.1s)
 GET /insights?client=80000000-0000-4000-8000-000000000091 200 in 768ms (next.js: 179ms, proxy.ts: 4ms, application-code: 585ms)
 GET /api/auth/get-session 200 in 41ms (next.js: 8ms, proxy.ts: 4ms, application-code: 29ms)
 GET /api/auth/organization/list 200 in 46ms (next.js: 16ms, proxy.ts: 4ms, application-code: 26ms)
 POST /insights?client=80000000-0000-4000-8000-000000000091 200 in 342ms (next.js: 6ms, proxy.ts: 6ms, application-code: 331ms)
  └─ ƒ setCookieConsent({}) in 1ms src/app/preferences-actions.ts
 GET /insights/devices?client=80000000-0000-4000-8000-000000000091 200 in 970ms (next.js: 839ms, proxy.ts: 6ms, application-code: 126ms)
 GET /insights/devices?client=80000000-0000-4000-8000-000000000091&cursor=eyJ2IjoxLCJpdiI6IlJfaDdlSHEzMC1mb1NLaHUiLCJ0YWciOiJKMTQySUxTSi02UFdNZGdEM1JqeVlBIiwiZGF0YSI6Ind6RDFSdGlBZEI0WF9GYnp6UGIzRE5QMTJ3Z0ppX0ZUcWpxVmYyaENOUmtjanJneENuZTJDMEN6VTdnckswMDJkdHhIcGdsc0pGbUNaZTFDM2JQczVIRlEyalFZcFFBYnNfWUtGazNnMlZ5NGtXSm5kOHAtcmVsZWN4dUZDZ1diZVZmTnJRU05KeTdPUlVlTnBycjE5d3lFX0F5YlpDS1ZsdXhSUlZ6YnhzellqQU8xMDhUVmNhOG03MmEteDVnMm9lZnZSanE2Q3R0eC01REpwdWIyNEdUeTN0blVLM2VRSi1DLVlUc0c3cnJVczJwQ01DaFlXTlFtU3AyS3d6VVJ4Z1Vud0dtQkNLOVoifQ 200 in 142ms (next.js: 4ms, proxy.ts: 3ms, application-code: 135ms)
 GET /insights/devices?client=80000000-0000-4000-8000-000000000091&q=%25_ 200 in 215ms (next.js: 2ms, proxy.ts: 2ms, application-code: 210ms)
 GET /api/auth/get-session 200 in 66ms (next.js: 10ms, proxy.ts: 13ms, application-code: 44ms)
 GET /api/auth/organization/list 200 in 67ms (next.js: 38ms, proxy.ts: 11ms, application-code: 18ms)
 GET /insights/devices/export?client=80000000-0000-4000-8000-000000000091&version=689909dd-e0d2-4541-aae6-698be8e438a8 200 in 939ms (next.js: 886ms, proxy.ts: 5ms, application-code: 48ms)
 GET /insights/devices?client=80000000-0000-4000-8000-000000000091&cursor=eyJ2IjoxLCJpdiI6IlJfaDdlSHEzMC1mb1NLaHUiLCJ0YWciOiJKMTQySUxTSi02UFdNZGdEM1JqeVlBIiwiZGF0YSI6Ind6RDFSdGlBZEI0WF9GYnp6UGIzRE5QMTJ3Z0ppX0ZUcWpxVmYyaENOUmtjanJneENuZTJDMEN6VTdnckswMDJkdHhIcGdsc0pGbUNaZTFDM2JQczVIRlEyalFZcFFBYnNfWUtGazNnMlZ5NGtXSm5kOHAtcmVsZWN4dUZDZ1diZVZmTnJRU05KeTdPUlVlTnBycjE5d3lFX0F5YlpDS1ZsdXhSUlZ6YnhzellqQU8xMDhUVmNhOG03MmEteDVnMm9lZnZSanE2Q3R0eC01REpwdWIyNEdUeTN0blVLM2VRSi1DLVlUc0c3cnJVczJwQ01DaFlXTlFtU3AyS3d6VVJ4Z1Vud0dtQkNLOVoifQ 200 in 166ms (next.js: 5ms, proxy.ts: 2ms, application-code: 160ms)
 GET /api/auth/get-session 200 in 41ms (next.js: 18ms, proxy.ts: 7ms, application-code: 16ms)
 GET /api/auth/organization/list 200 in 43ms (next.js: 13ms, proxy.ts: 15ms, application-code: 15ms)
 GET /insights/devices/export?client=80000000-0000-4000-8000-000000000091&version=689909dd-e0d2-4541-aae6-698be8e438a8 409 in 22ms (next.js: 6ms, proxy.ts: 3ms, application-code: 13ms)
 GET /insights/devices?client=80000000-0000-4000-8000-000000000091&cursor=forged 200 in 288ms (next.js: 4ms, proxy.ts: 3ms, application-code: 281ms)
 GET /api/auth/get-session 200 in 167ms (next.js: 48ms, proxy.ts: 17ms, application-code: 101ms)
 GET /api/auth/organization/list 200 in 170ms (next.js: 53ms, proxy.ts: 12ms, application-code: 105ms)
 GET /insights/devices?client=80000000-0000-4000-8000-000000000099 404 in 336ms (next.js: 16ms, proxy.ts: 20ms, application-code: 300ms)
 GET /insights/devices/export?client=80000000-0000-4000-8000-000000000099&version=689909dd-e0d2-4541-aae6-698be8e438a8 404 in 30ms (next.js: 6ms, proxy.ts: 5ms, application-code: 19ms)
 GET /insights/devices/export?client=80000000-0000-4000-8000-000000000091&version=689909dd-e0d2-4541-aae6-698be8e438a8 403 in 24ms (next.js: 7ms, proxy.ts: 5ms, application-code: 12ms)
  ✓   6 [chromium] › e2e/analytical-pages-local.spec.ts:15:53 › complete analytical collections › browses, searches and exports all stored rows in fr (6.2s)
 GET /insights?client=80000000-0000-4000-8000-000000000091 200 in 366ms (next.js: 2ms, proxy.ts: 2ms, application-code: 361ms)
 GET /api/auth/get-session 200 in 31ms (next.js: 8ms, proxy.ts: 4ms, application-code: 20ms)
 GET /api/auth/organization/list 200 in 46ms (next.js: 13ms, proxy.ts: 3ms, application-code: 30ms)
 POST /insights?client=80000000-0000-4000-8000-000000000091 200 in 307ms (next.js: 1.9ms, proxy.ts: 4ms, application-code: 301ms)
  └─ ƒ setCookieConsent({}) in 2ms src/app/preferences-actions.ts
 GET /insights/devices?client=80000000-0000-4000-8000-000000000091 200 in 148ms (next.js: 5ms, proxy.ts: 4ms, application-code: 138ms)
 GET /insights/devices?client=80000000-0000-4000-8000-000000000091&cursor=eyJ2IjoxLCJpdiI6IjV4MmZ4X2RVYTl2cXVuaFAiLCJ0YWciOiIwWUZncVFERFJvek4zTlRMQVVYbXFnIiwiZGF0YSI6Ijh3ek83cjNmZy1MakxOdGRwWWY0RUs5YVlLVEtyRjVTdmQxU1FFUGtSX041NldRUlhIX0F6OUFfeDg1WWdnY0F5VjBvTXIzUV8tSG1ybWNUMWtXRWgtU0lqRDd2NGpTazJ3VzExc3g0V0JUb3p5X2tsRURZMGY2eG5GM1k0ajA3M2l6cVRZQUVlQTg3amdXdTl4eTc4OFpjQ2VhU2QyWFRBSXlHQUtkcVJqUkFFUlJseEJ0enk4MHVPVlU3S0VlbEV4VTByRHRwTTZ6U18wWWNvdzF6VmwtWjMtWHdoWGs4QWtTNmdzUU9Jdzh6akZBODNQM2I3eGdRZlZ0QlBtdTNZRGdOVmxpMURyX2MifQ 200 in 290ms (next.js: 28ms, proxy.ts: 24ms, application-code: 238ms)
 GET /insights/devices?client=80000000-0000-4000-8000-000000000091&q=%25_ 200 in 269ms (next.js: 7ms, proxy.ts: 6ms, application-code: 255ms)
 GET /api/auth/get-session 200 in 30ms (next.js: 6ms, proxy.ts: 6ms, application-code: 18ms)
 GET /api/auth/organization/list 200 in 33ms (next.js: 13ms, proxy.ts: 7ms, application-code: 14ms)
 GET /insights/devices/export?client=80000000-0000-4000-8000-000000000091&version=38fc9159-eda4-4131-b159-02f163a250c6 200 in 21ms (next.js: 4ms, proxy.ts: 2ms, application-code: 15ms)
 GET /insights/devices?client=80000000-0000-4000-8000-000000000091&cursor=eyJ2IjoxLCJpdiI6IjV4MmZ4X2RVYTl2cXVuaFAiLCJ0YWciOiIwWUZncVFERFJvek4zTlRMQVVYbXFnIiwiZGF0YSI6Ijh3ek83cjNmZy1MakxOdGRwWWY0RUs5YVlLVEtyRjVTdmQxU1FFUGtSX041NldRUlhIX0F6OUFfeDg1WWdnY0F5VjBvTXIzUV8tSG1ybWNUMWtXRWgtU0lqRDd2NGpTazJ3VzExc3g0V0JUb3p5X2tsRURZMGY2eG5GM1k0ajA3M2l6cVRZQUVlQTg3amdXdTl4eTc4OFpjQ2VhU2QyWFRBSXlHQUtkcVJqUkFFUlJseEJ0enk4MHVPVlU3S0VlbEV4VTByRHRwTTZ6U18wWWNvdzF6VmwtWjMtWHdoWGs4QWtTNmdzUU9Jdzh6akZBODNQM2I3eGdRZlZ0QlBtdTNZRGdOVmxpMURyX2MifQ 200 in 249ms (next.js: 7ms, proxy.ts: 3ms, application-code: 240ms)
 GET /api/auth/get-session 200 in 82ms (next.js: 15ms, proxy.ts: 29ms, application-code: 38ms)
 GET /api/auth/organization/list 200 in 86ms (next.js: 20ms, proxy.ts: 27ms, application-code: 39ms)
 GET /insights/devices/export?client=80000000-0000-4000-8000-000000000091&version=38fc9159-eda4-4131-b159-02f163a250c6 409 in 93ms (next.js: 28ms, proxy.ts: 24ms, application-code: 41ms)
 GET /insights/devices?client=80000000-0000-4000-8000-000000000091&cursor=forged 200 in 474ms (next.js: 7ms, proxy.ts: 9ms, application-code: 459ms)
 GET /api/auth/get-session 200 in 167ms (next.js: 61ms, proxy.ts: 34ms, application-code: 72ms)
 GET /api/auth/organization/list 200 in 172ms (next.js: 67ms, proxy.ts: 34ms, application-code: 70ms)
 GET /insights/devices?client=80000000-0000-4000-8000-000000000099 404 in 260ms (next.js: 15ms, proxy.ts: 4ms, application-code: 241ms)
 GET /insights/devices/export?client=80000000-0000-4000-8000-000000000099&version=38fc9159-eda4-4131-b159-02f163a250c6 404 in 27ms (next.js: 6ms, proxy.ts: 5ms, application-code: 17ms)
 GET /insights/devices/export?client=80000000-0000-4000-8000-000000000091&version=38fc9159-eda4-4131-b159-02f163a250c6 403 in 25ms (next.js: 10ms, proxy.ts: 6ms, application-code: 9ms)
  ✓   7 [chromium] › e2e/analytical-pages-local.spec.ts:15:53 › complete analytical collections › browses, searches and exports all stored rows in en (3.9s)
 GET /account 307 in 286ms (next.js: 171ms, proxy.ts: 3ms, application-code: 112ms)
 GET /sign-in?returnTo=%2Faccount 200 in 84ms (next.js: 12ms, proxy.ts: 5ms, application-code: 67ms)
 GET /account 200 in 123ms (next.js: 5ms, proxy.ts: 5ms, application-code: 113ms)
 GET /api/auth/get-session 200 in 33ms (next.js: 11ms, proxy.ts: 4ms, application-code: 18ms)
 GET /api/auth/organization/list 200 in 37ms (next.js: 15ms, proxy.ts: 4ms, application-code: 18ms)
 GET /api/auth/passkey/list-user-passkeys 200 in 43ms (next.js: 18ms, proxy.ts: 5ms, application-code: 21ms)
 GET /account 200 in 54ms (next.js: 4ms, proxy.ts: 4ms, application-code: 46ms)
 GET /api/auth/get-session 200 in 30ms (next.js: 8ms, proxy.ts: 5ms, application-code: 18ms)
 GET /api/auth/passkey/list-user-passkeys 200 in 32ms (next.js: 14ms, proxy.ts: 6ms, application-code: 12ms)
 GET /api/auth/organization/list 200 in 35ms (next.js: 12ms, proxy.ts: 5ms, application-code: 17ms)
 GET /account 200 in 44ms (next.js: 2ms, proxy.ts: 3ms, application-code: 39ms)
 GET /api/auth/get-session 200 in 43ms (next.js: 14ms, proxy.ts: 15ms, application-code: 13ms)
 GET /api/auth/organization/list 200 in 43ms (next.js: 12ms, proxy.ts: 11ms, application-code: 20ms)
 GET /api/auth/passkey/list-user-passkeys 200 in 44ms (next.js: 16ms, proxy.ts: 14ms, application-code: 14ms)
 GET /account 200 in 46ms (next.js: 2ms, proxy.ts: 3ms, application-code: 41ms)
 GET /api/auth/get-session 200 in 40ms (next.js: 7ms, proxy.ts: 7ms, application-code: 26ms)
 GET /api/auth/passkey/list-user-passkeys 200 in 41ms (next.js: 14ms, proxy.ts: 7ms, application-code: 21ms)
 GET /api/auth/organization/list 200 in 43ms (next.js: 12ms, proxy.ts: 6ms, application-code: 26ms)
 GET /account 200 in 43ms (next.js: 2ms, proxy.ts: 3ms, application-code: 38ms)
 GET /api/auth/get-session 200 in 44ms (next.js: 17ms, proxy.ts: 5ms, application-code: 21ms)
 GET /api/auth/organization/list 200 in 46ms (next.js: 22ms, proxy.ts: 6ms, application-code: 19ms)
 GET /api/auth/passkey/list-user-passkeys 200 in 43ms (next.js: 21ms, proxy.ts: 7ms, application-code: 15ms)
  ✓   8 [chromium] › e2e/auth-lifecycle-local.spec.ts:58:7 › personal account security is available to all five workspace roles (3.0s)
 GET /sign-up 200 in 85ms (next.js: 42ms, proxy.ts: 3ms, application-code: 40ms)
 POST /api/auth/sign-up/email 200 in 152ms (next.js: 6ms, proxy.ts: 5ms, application-code: 141ms)
 GET /api/auth/get-session 200 in 23ms (next.js: 10ms, proxy.ts: 3ms, application-code: 11ms)
 GET /sign-in 200 in 46ms (next.js: 5ms, proxy.ts: 3ms, application-code: 38ms)
 POST /api/auth/sign-in/email 403 in 126ms (next.js: 7ms, proxy.ts: 4ms, application-code: 115ms)
 GET /api/auth/get-session 200 in 84ms (next.js: 32ms, proxy.ts: 24ms, application-code: 27ms)
 GET /api/auth/verify-email?token=[REDACTED]&callbackURL=%2Fdashboard 302 in 37ms (next.js: 9ms, proxy.ts: 8ms, application-code: 20ms)
 GET /dashboard 307 in 199ms (next.js: 87ms, proxy.ts: 6ms, application-code: 106ms)
 GET /sign-in 200 in 87ms (next.js: 8ms, proxy.ts: 6ms, application-code: 74ms)
 GET /sign-in 200 in 180ms (next.js: 21ms, proxy.ts: 7ms, application-code: 153ms)
 POST /api/auth/sign-in/email 200 in 214ms (next.js: 38ms, proxy.ts: 10ms, application-code: 166ms)
 GET /dashboard 307 in 153ms (next.js: 7ms, proxy.ts: 6ms, application-code: 140ms)
 GET /onboarding 200 in 192ms (next.js: 95ms, proxy.ts: 4ms, application-code: 94ms)
 GET /settings 200 in 197ms (next.js: 70ms, proxy.ts: 3ms, application-code: 125ms)
 POST /onboarding 200 in 236ms (next.js: 4ms, proxy.ts: 5ms, application-code: 227ms)
  └─ ƒ createWorkspace({}) in 18ms src/app/onboarding/actions.ts
 GET /api/auth/organization/list 200 in 59ms (next.js: 16ms, proxy.ts: 13ms, application-code: 30ms)
 GET /api/auth/get-session 200 in 63ms (next.js: 32ms, proxy.ts: 13ms, application-code: 18ms)
 GET /api/auth/get-session 200 in 38ms (next.js: 14ms, proxy.ts: 14ms, application-code: 10ms)
 GET /sign-in 200 in 61ms (next.js: 7ms, proxy.ts: 4ms, application-code: 50ms)
 POST /api/auth/sign-in/magic-link 200 in 66ms (next.js: 4ms, proxy.ts: 8ms, application-code: 53ms)
 GET /api/auth/magic-link/verify?token=[REDACTED]&callbackURL=%2Fdashboard&errorCallbackURL=http%3A%2F%2Flocalhost%3A3017%2Fsign-in 302 in 19ms (next.js: 2ms, proxy.ts: 1.9ms, application-code: 15ms)
 GET /dashboard 200 in 131ms (next.js: 2.0ms, proxy.ts: 1.6ms, application-code: 128ms)
 GET /api/auth/get-session 200 in 30ms (next.js: 7ms, proxy.ts: 3ms, application-code: 20ms)
 GET /api/auth/get-session 200 in 57ms (next.js: 9ms, proxy.ts: 14ms, application-code: 34ms)
 GET /api/auth/organization/list 200 in 159ms (next.js: 15ms, proxy.ts: 14ms, application-code: 130ms)
 GET /api/auth/magic-link/verify?token=[REDACTED]&callbackURL=%2Fdashboard&errorCallbackURL=http%3A%2F%2Flocalhost%3A3017%2Fsign-in 302 in 34ms (next.js: 10ms, proxy.ts: 4ms, application-code: 20ms)
 GET /sign-in?error=INVALID_TOKEN 200 in 137ms (next.js: 19ms, proxy.ts: 15ms, application-code: 103ms)
 GET /api/auth/get-session 200 in 21ms (next.js: 9ms, proxy.ts: 5ms, application-code: 7ms)
 GET /forgot-password 200 in 119ms (next.js: 55ms, proxy.ts: 3ms, application-code: 61ms)
 POST /api/auth/request-password-reset 200 in 23ms (next.js: 5ms, proxy.ts: 4ms, application-code: 14ms)
 GET /api/auth/reset-password/[REDACTED]?callbackURL=%2Freset-password 302 in 12ms (next.js: 3ms, proxy.ts: 2ms, application-code: 7ms)
 GET /reset-password?token=[REDACTED] 200 in 79ms (next.js: 44ms, proxy.ts: 1.8ms, application-code: 33ms)
 POST /api/auth/reset-password 200 in 97ms (next.js: 2ms, proxy.ts: 3ms, application-code: 92ms)
 GET /api/auth/get-session 200 in 13ms (next.js: 3ms, proxy.ts: 2ms, application-code: 8ms)
 GET /api/auth/get-session 200 in 12ms (next.js: 1.9ms, proxy.ts: 1.7ms, application-code: 8ms)
 GET /api/auth/reset-password/[REDACTED]?callbackURL=%2Freset-password 302 in 16ms (next.js: 2ms, proxy.ts: 1.8ms, application-code: 12ms)
 GET /reset-password?error=INVALID_TOKEN 200 in 47ms (next.js: 1.7ms, proxy.ts: 1.9ms, application-code: 43ms)
 GET /sign-in 200 in 62ms (next.js: 7ms, proxy.ts: 3ms, application-code: 52ms)
2026-09-07T09:33:17.115Z WARN [Better Auth]: Invalid password
 POST /api/auth/sign-in/email 401 in 100ms (next.js: 5ms, proxy.ts: 3ms, application-code: 91ms)
 GET /api/auth/get-session 200 in 11ms (next.js: 3ms, proxy.ts: 2.0ms, application-code: 5ms)
 GET /sign-in 200 in 53ms (next.js: 6ms, proxy.ts: 2ms, application-code: 45ms)
 POST /api/auth/sign-in/email 200 in 102ms (next.js: 2ms, proxy.ts: 3ms, application-code: 97ms)
 GET /dashboard 200 in 152ms (next.js: 4ms, proxy.ts: 4ms, application-code: 144ms)
 GET /sign-in 200 in 86ms (next.js: 7ms, proxy.ts: 3ms, application-code: 77ms)
 GET /api/auth/get-session 200 in 57ms (next.js: 21ms, proxy.ts: 7ms, application-code: 29ms)
 GET /api/auth/organization/list 200 in 69ms (next.js: 27ms, proxy.ts: 9ms, application-code: 33ms)
 POST /api/auth/sign-in/email 200 in 112ms (next.js: 6ms, proxy.ts: 4ms, application-code: 101ms)
 GET /dashboard 200 in 184ms (next.js: 4ms, proxy.ts: 4ms, application-code: 176ms)
 GET /api/auth/get-session 200 in 219ms (next.js: 37ms, proxy.ts: 8ms, application-code: 173ms)
 GET /api/auth/organization/list 200 in 248ms (next.js: 77ms, proxy.ts: 12ms, application-code: 159ms)
 GET /account 200 in 265ms (next.js: 36ms, proxy.ts: 24ms, application-code: 205ms)
 GET /api/auth/get-session 200 in 87ms (next.js: 14ms, proxy.ts: 15ms, application-code: 58ms)
 GET /api/auth/organization/list 200 in 106ms (next.js: 28ms, proxy.ts: 12ms, application-code: 65ms)
 GET /api/auth/passkey/list-user-passkeys 200 in 116ms (next.js: 36ms, proxy.ts: 11ms, application-code: 69ms)
 POST /api/auth/revoke-other-sessions 200 in 94ms (next.js: 39ms, proxy.ts: 26ms, application-code: 28ms)
 GET /api/auth/get-session 200 in 22ms (next.js: 6ms, proxy.ts: 3ms, application-code: 13ms)
 GET /api/auth/get-session 200 in 14ms (next.js: 2ms, proxy.ts: 5ms, application-code: 6ms)
 GET /api/auth/get-session 200 in 13ms (next.js: 2ms, proxy.ts: 5ms, application-code: 6ms)
 GET /api/auth/passkey/generate-register-options?authenticatorAttachment=platform&name=Passkey%20Ads%20by%20Yodev 200 in 63ms (next.js: 5ms, proxy.ts: 14ms, application-code: 44ms)
 POST /api/auth/passkey/verify-registration 200 in 64ms (next.js: 46ms, proxy.ts: 4ms, application-code: 15ms)
 GET /api/auth/passkey/list-user-passkeys 200 in 15ms (next.js: 2ms, proxy.ts: 1.8ms, application-code: 11ms)
 GET /api/auth/passkey/list-user-passkeys 200 in 12ms (next.js: 1.0ms, proxy.ts: 4ms, application-code: 7ms)
 POST /api/auth/passkey/delete-passkey 401 in 12ms (next.js: 2ms, proxy.ts: 2ms, application-code: 8ms)
 POST /api/auth/sign-out 200 in 11ms (next.js: 2ms, proxy.ts: 3ms, application-code: 6ms)
 GET /sign-in 200 in 52ms (next.js: 4ms, proxy.ts: 4ms, application-code: 44ms)
 GET /api/auth/passkey/generate-authenticate-options 200 in 25ms (next.js: 6ms, proxy.ts: 6ms, application-code: 13ms)
 POST /api/auth/passkey/verify-authentication 200 in 57ms (next.js: 9ms, proxy.ts: 7ms, application-code: 41ms)
 GET /dashboard 200 in 178ms (next.js: 12ms, proxy.ts: 12ms, application-code: 153ms)
 GET /api/auth/get-session 200 in 26ms (next.js: 6ms, proxy.ts: 3ms, application-code: 17ms)
 GET /api/auth/organization/list 200 in 46ms (next.js: 18ms, proxy.ts: 23ms, application-code: 5ms)
 GET /api/auth/get-session 200 in 59ms (next.js: 14ms, proxy.ts: 31ms, application-code: 14ms)
 GET /account 200 in 108ms (next.js: 4ms, proxy.ts: 5ms, application-code: 99ms)
 GET /api/auth/get-session 200 in 84ms (next.js: 24ms, proxy.ts: 16ms, application-code: 44ms)
 GET /api/auth/organization/list 200 in 83ms (next.js: 33ms, proxy.ts: 13ms, application-code: 37ms)
 GET /api/auth/passkey/list-user-passkeys 200 in 78ms (next.js: 32ms, proxy.ts: 21ms, application-code: 25ms)
 POST /api/auth/passkey/delete-passkey 200 in 20ms (next.js: 5ms, proxy.ts: 5ms, application-code: 10ms)
 POST /api/auth/sign-out 200 in 23ms (next.js: 11ms, proxy.ts: 3ms, application-code: 9ms)
 GET /api/auth/passkey/list-user-passkeys 401 in 31ms (next.js: 6ms, proxy.ts: 13ms, application-code: 11ms)
 GET /sign-in 200 in 64ms (next.js: 11ms, proxy.ts: 5ms, application-code: 49ms)
 GET /api/auth/passkey/generate-authenticate-options 200 in 91ms (next.js: 37ms, proxy.ts: 8ms, application-code: 46ms)
 POST /api/auth/passkey/verify-authentication 401 in 53ms (next.js: 8ms, proxy.ts: 9ms, application-code: 36ms)
 GET /api/auth/get-session 200 in 15ms (next.js: 6ms, proxy.ts: 3ms, application-code: 7ms)
 POST /api/auth/sign-in/magic-link 200 in 28ms (next.js: 5ms, proxy.ts: 5ms, application-code: 19ms)
 GET /api/auth/magic-link/verify?token=[REDACTED]&callbackURL=%2Fdashboard&errorCallbackURL=http%3A%2F%2Flocalhost%3A3017%2Fsign-in 302 in 25ms (next.js: 5ms, proxy.ts: 4ms, application-code: 16ms)
 GET /dashboard 200 in 309ms (next.js: 6ms, proxy.ts: 4ms, application-code: 300ms)
 GET /api/auth/get-session 200 in 98ms (next.js: 31ms, proxy.ts: 23ms, application-code: 44ms)
 GET /api/auth/organization/list 200 in 96ms (next.js: 18ms, proxy.ts: 19ms, application-code: 59ms)
 GET /invitation?id=022abbb7-f53e-4f97-8a2a-d07055b86516 200 in 549ms (next.js: 297ms, proxy.ts: 21ms, application-code: 230ms)
 GET /api/auth/get-session 200 in 19ms (next.js: 5ms, proxy.ts: 4ms, application-code: 9ms)
 POST /api/auth/organization/accept-invitation 403 in 38ms (next.js: 5ms, proxy.ts: 13ms, application-code: 20ms)
 POST /invitation?id=022abbb7-f53e-4f97-8a2a-d07055b86516 200 in 24ms (next.js: 3ms, proxy.ts: 4ms, application-code: 17ms)
  └─ ƒ recoverAcceptedInvitation("022abbb7-f53e-4f97-8a2a-d07055b86516") in 8ms src/app/invitation/actions.ts
 GET /invitation?id=652d34c1-ff60-4fee-9af2-ae7cedc6e521 200 in 61ms (next.js: 4ms, proxy.ts: 4ms, application-code: 53ms)
 GET /api/auth/get-session 200 in 27ms (next.js: 4ms, proxy.ts: 11ms, application-code: 12ms)
 POST /api/auth/organization/accept-invitation 400 in 25ms (next.js: 3ms, proxy.ts: 9ms, application-code: 13ms)
 POST /invitation?id=652d34c1-ff60-4fee-9af2-ae7cedc6e521 200 in 34ms (next.js: 3ms, proxy.ts: 7ms, application-code: 24ms)
  └─ ƒ recoverAcceptedInvitation("652d34c1-ff60-4fee-9af2-ae7cedc6e521") in 11ms src/app/invitation/actions.ts
 GET /invitation?id=6acb9fb8-9679-470b-ab9c-f3587a4b97cf 200 in 88ms (next.js: 15ms, proxy.ts: 6ms, application-code: 67ms)
 GET /api/auth/get-session 200 in 20ms (next.js: 5ms, proxy.ts: 7ms, application-code: 8ms)
 POST /api/auth/organization/accept-invitation 400 in 36ms (next.js: 4ms, proxy.ts: 21ms, application-code: 11ms)
 POST /invitation?id=6acb9fb8-9679-470b-ab9c-f3587a4b97cf 200 in 30ms (next.js: 4ms, proxy.ts: 5ms, application-code: 20ms)
  └─ ƒ recoverAcceptedInvitation("6acb9fb8-9679-470b-ab9c-f3587a4b97cf") in 7ms src/app/invitation/actions.ts
 GET /invitation?id=814230af-9b38-42ad-86f3-63f0f87d339d 200 in 42ms (next.js: 3ms, proxy.ts: 4ms, application-code: 35ms)
 GET /api/auth/get-session 200 in 16ms (next.js: 4ms, proxy.ts: 4ms, application-code: 8ms)
 GET /sign-in?returnTo=%2Finvitation%3Fid%3D814230af-9b38-42ad-86f3-63f0f87d339d 200 in 53ms (next.js: 10ms, proxy.ts: 9ms, application-code: 33ms)
 POST /api/auth/sign-in/magic-link 200 in 51ms (next.js: 5ms, proxy.ts: 13ms, application-code: 34ms)
 GET /api/auth/magic-link/verify?token=[REDACTED]&callbackURL=%2Finvitation%3Fid%3D814230af-9b38-42ad-86f3-63f0f87d339d&errorCallbackURL=http%3A%2F%2Flocalhost%3A3017%2Fsign-in%3FreturnTo%3D%252Finvitation%253Fid%253D814230af-9b38-42ad-86f3-63f0f87d339d 302 in 28ms (next.js: 3ms, proxy.ts: 5ms, application-code: 20ms)
 GET /invitation?id=814230af-9b38-42ad-86f3-63f0f87d339d 200 in 65ms (next.js: 5ms, proxy.ts: 4ms, application-code: 56ms)
 GET /api/auth/get-session 200 in 38ms (next.js: 25ms, proxy.ts: 3ms, application-code: 11ms)
 POST /api/auth/organization/accept-invitation 403 in 19ms (next.js: 2ms, proxy.ts: 2ms, application-code: 14ms)
 POST /invitation?id=814230af-9b38-42ad-86f3-63f0f87d339d 200 in 25ms (next.js: 4ms, proxy.ts: 4ms, application-code: 17ms)
  └─ ƒ recoverAcceptedInvitation("814230af-9b38-42ad-86f3-63f0f87d339d") in 8ms src/app/invitation/actions.ts
 POST /api/auth/organization/accept-invitation 200 in 36ms (next.js: 4ms, proxy.ts: 4ms, application-code: 29ms)
 POST /invitation?id=814230af-9b38-42ad-86f3-63f0f87d339d 200 in 26ms (next.js: 3ms, proxy.ts: 6ms, application-code: 17ms)
  └─ ƒ recoverAcceptedInvitation("814230af-9b38-42ad-86f3-63f0f87d339d") in 7ms src/app/invitation/actions.ts
 POST /api/auth/organization/set-active 200 in 42ms (next.js: 19ms, proxy.ts: 3ms, application-code: 20ms)
 GET /api/auth/get-session 200 in 106ms (next.js: 27ms, proxy.ts: 26ms, application-code: 53ms)
 GET /dashboard 200 in 163ms (next.js: 3ms, proxy.ts: 2.0ms, application-code: 159ms)
 GET /api/auth/get-session 200 in 61ms (next.js: 16ms, proxy.ts: 10ms, application-code: 36ms)
 GET /api/auth/get-session 200 in 89ms (next.js: 15ms, proxy.ts: 29ms, application-code: 46ms)
 GET /api/auth/organization/list 200 in 75ms (next.js: 19ms, proxy.ts: 13ms, application-code: 43ms)
 GET /invitation?id=814230af-9b38-42ad-86f3-63f0f87d339d 200 in 61ms (next.js: 3ms, proxy.ts: 5ms, application-code: 54ms)
 GET /api/auth/get-session 200 in 16ms (next.js: 3ms, proxy.ts: 4ms, application-code: 9ms)
 POST /api/auth/organization/accept-invitation 400 in 36ms (next.js: 8ms, proxy.ts: 9ms, application-code: 18ms)
 POST /invitation?id=814230af-9b38-42ad-86f3-63f0f87d339d 200 in 27ms (next.js: 3ms, proxy.ts: 7ms, application-code: 17ms)
  └─ ƒ recoverAcceptedInvitation("814230af-9b38-42ad-86f3-63f0f87d339d") in 8ms src/app/invitation/actions.ts
 POST /api/auth/organization/set-active 200 in 19ms (next.js: 5ms, proxy.ts: 2ms, application-code: 12ms)
 GET /api/auth/get-session 200 in 115ms (next.js: 30ms, proxy.ts: 30ms, application-code: 54ms)
 GET /dashboard 200 in 191ms (next.js: 2ms, proxy.ts: 3ms, application-code: 186ms)
 GET /invitation?id=814230af-9b38-42ad-86f3-63f0f87d339d 200 in 118ms (next.js: 6ms, proxy.ts: 10ms, application-code: 102ms)
 GET /api/auth/get-session 200 in 20ms (next.js: 4ms, proxy.ts: 4ms, application-code: 12ms)
 POST /api/auth/organization/accept-invitation 400 in 38ms (next.js: 6ms, proxy.ts: 4ms, application-code: 28ms)
 POST /invitation?id=814230af-9b38-42ad-86f3-63f0f87d339d 200 in 22ms (next.js: 3ms, proxy.ts: 3ms, application-code: 17ms)
  └─ ƒ recoverAcceptedInvitation("814230af-9b38-42ad-86f3-63f0f87d339d") in 7ms src/app/invitation/actions.ts
 GET /dashboard 307 in 142ms (next.js: 3ms, proxy.ts: 4ms, application-code: 135ms)
 GET /onboarding 307 in 82ms (next.js: 10ms, proxy.ts: 3ms, application-code: 70ms)
 GET /dashboard 200 in 146ms (next.js: 3ms, proxy.ts: 4ms, application-code: 139ms)
 GET /api/auth/get-session 200 in 34ms (next.js: 9ms, proxy.ts: 4ms, application-code: 21ms)
 GET /api/auth/get-session 200 in 175ms (next.js: 32ms, proxy.ts: 38ms, application-code: 104ms)
 GET /api/auth/organization/list 200 in 181ms (next.js: 60ms, proxy.ts: 29ms, application-code: 91ms)
 GET /dashboard 307 in 218ms (next.js: 54ms, proxy.ts: 31ms, application-code: 133ms)
 GET /onboarding 200 in 88ms (next.js: 4ms, proxy.ts: 6ms, application-code: 78ms)
 GET /api/auth/get-session 200 in 19ms (next.js: 2ms, proxy.ts: 7ms, application-code: 9ms)
 GET /account 200 in 88ms (next.js: 3ms, proxy.ts: 3ms, application-code: 82ms)
 GET /api/auth/get-session 200 in 80ms (next.js: 9ms, proxy.ts: 11ms, application-code: 60ms)
 GET /api/auth/organization/list 200 in 91ms (next.js: 24ms, proxy.ts: 11ms, application-code: 56ms)
 GET /api/auth/passkey/list-user-passkeys 200 in 89ms (next.js: 49ms, proxy.ts: 9ms, application-code: 31ms)
 POST /api/auth/sign-out 200 in 63ms (next.js: 16ms, proxy.ts: 24ms, application-code: 23ms)
 GET /api/auth/get-session 200 in 125ms (next.js: 33ms, proxy.ts: 6ms, application-code: 85ms)
 GET /api/auth/passkey/list-user-passkeys 401 in 252ms (next.js: 40ms, proxy.ts: 9ms, application-code: 203ms)
 GET /sign-in 200 in 299ms (next.js: 22ms, proxy.ts: 11ms, application-code: 266ms)
 GET /api/auth/get-session 200 in 26ms (next.js: 5ms, proxy.ts: 6ms, application-code: 16ms)
  ✓   9 [chromium] › e2e/auth-lifecycle-local.spec.ts:85:9 › auth lifecycle fr: verification, magic link, reset, sessions and passkey (18.8s)
 GET /sign-up 200 in 70ms (next.js: 9ms, proxy.ts: 6ms, application-code: 55ms)
 POST /api/auth/sign-up/email 200 in 276ms (next.js: 12ms, proxy.ts: 12ms, application-code: 253ms)
 GET /api/auth/get-session 200 in 26ms (next.js: 9ms, proxy.ts: 5ms, application-code: 13ms)
 GET /sign-in 200 in 93ms (next.js: 13ms, proxy.ts: 5ms, application-code: 75ms)
 POST /api/auth/sign-in/email 403 in 278ms (next.js: 12ms, proxy.ts: 6ms, application-code: 260ms)
 GET /api/auth/get-session 200 in 119ms (next.js: 18ms, proxy.ts: 14ms, application-code: 87ms)
 GET /api/auth/verify-email?token=[REDACTED]&callbackURL=%2Fdashboard 302 in 24ms (next.js: 7ms, proxy.ts: 5ms, application-code: 12ms)
 GET /dashboard 307 in 67ms (next.js: 3ms, proxy.ts: 2ms, application-code: 62ms)
 GET /sign-in 200 in 75ms (next.js: 4ms, proxy.ts: 3ms, application-code: 68ms)
 GET /sign-in 200 in 67ms (next.js: 7ms, proxy.ts: 6ms, application-code: 55ms)
 POST /api/auth/sign-in/email 200 in 137ms (next.js: 4ms, proxy.ts: 12ms, application-code: 121ms)
 GET /dashboard 307 in 89ms (next.js: 2ms, proxy.ts: 3ms, application-code: 83ms)
 GET /onboarding 200 in 48ms (next.js: 2ms, proxy.ts: 3ms, application-code: 43ms)
 GET /settings 200 in 130ms (next.js: 4ms, proxy.ts: 2ms, application-code: 124ms)
 POST /onboarding 200 in 231ms (next.js: 1.6ms, proxy.ts: 2ms, application-code: 227ms)
  └─ ƒ createWorkspace({}) in 15ms src/app/onboarding/actions.ts
 GET /api/auth/get-session 200 in 91ms (next.js: 38ms, proxy.ts: 9ms, application-code: 44ms)
 GET /api/auth/organization/list 200 in 104ms (next.js: 19ms, proxy.ts: 35ms, application-code: 50ms)
 GET /api/auth/get-session 200 in 55ms (next.js: 7ms, proxy.ts: 35ms, application-code: 13ms)
 GET /sign-in 200 in 64ms (next.js: 6ms, proxy.ts: 5ms, application-code: 53ms)
 POST /api/auth/sign-in/magic-link 200 in 94ms (next.js: 16ms, proxy.ts: 10ms, application-code: 69ms)
 GET /api/auth/magic-link/verify?token=[REDACTED]&callbackURL=%2Fdashboard&errorCallbackURL=http%3A%2F%2Flocalhost%3A3017%2Fsign-in 302 in 23ms (next.js: 3ms, proxy.ts: 4ms, application-code: 16ms)
 GET /dashboard 200 in 267ms (next.js: 2ms, proxy.ts: 3ms, application-code: 261ms)
 GET /api/auth/get-session 200 in 15ms (next.js: 4ms, proxy.ts: 4ms, application-code: 8ms)
 GET /api/auth/get-session 200 in 37ms (next.js: 17ms, proxy.ts: 11ms, application-code: 10ms)
 GET /api/auth/organization/list 200 in 40ms (next.js: 7ms, proxy.ts: 13ms, application-code: 19ms)
 GET /api/auth/magic-link/verify?token=[REDACTED]&callbackURL=%2Fdashboard&errorCallbackURL=http%3A%2F%2Flocalhost%3A3017%2Fsign-in 302 in 21ms (next.js: 9ms, proxy.ts: 4ms, application-code: 7ms)
 GET /sign-in?error=INVALID_TOKEN 200 in 58ms (next.js: 4ms, proxy.ts: 2ms, application-code: 51ms)
 GET /api/auth/get-session 200 in 17ms (next.js: 3ms, proxy.ts: 7ms, application-code: 7ms)
 GET /forgot-password 200 in 57ms (next.js: 3ms, proxy.ts: 1.7ms, application-code: 53ms)
 POST /api/auth/request-password-reset 200 in 23ms (next.js: 4ms, proxy.ts: 8ms, application-code: 11ms)
 GET /api/auth/reset-password/[REDACTED]?callbackURL=%2Freset-password 302 in 22ms (next.js: 5ms, proxy.ts: 6ms, application-code: 10ms)
 GET /reset-password?token=[REDACTED] 200 in 43ms (next.js: 3ms, proxy.ts: 3ms, application-code: 37ms)
 POST /api/auth/reset-password 200 in 133ms (next.js: 5ms, proxy.ts: 2ms, application-code: 126ms)
 GET /api/auth/get-session 200 in 20ms (next.js: 8ms, proxy.ts: 4ms, application-code: 8ms)
 GET /api/auth/get-session 200 in 46ms (next.js: 9ms, proxy.ts: 9ms, application-code: 28ms)
 GET /api/auth/reset-password/[REDACTED]?callbackURL=%2Freset-password 302 in 31ms (next.js: 8ms, proxy.ts: 6ms, application-code: 18ms)
 GET /reset-password?error=INVALID_TOKEN 200 in 114ms (next.js: 12ms, proxy.ts: 5ms, application-code: 96ms)
 GET /sign-in 200 in 327ms (next.js: 22ms, proxy.ts: 7ms, application-code: 298ms)
2026-09-07T09:33:36.342Z WARN [Better Auth]: Invalid password
 POST /api/auth/sign-in/email 401 in 206ms (next.js: 27ms, proxy.ts: 21ms, application-code: 158ms)
 GET /api/auth/get-session 200 in 43ms (next.js: 22ms, proxy.ts: 10ms, application-code: 12ms)
 GET /sign-in 200 in 53ms (next.js: 5ms, proxy.ts: 3ms, application-code: 46ms)
 POST /api/auth/sign-in/email 200 in 150ms (next.js: 7ms, proxy.ts: 6ms, application-code: 137ms)
 GET /dashboard 200 in 238ms (next.js: 11ms, proxy.ts: 15ms, application-code: 213ms)
 GET /sign-in 200 in 75ms (next.js: 6ms, proxy.ts: 3ms, application-code: 65ms)
 GET /api/auth/get-session 200 in 52ms (next.js: 19ms, proxy.ts: 9ms, application-code: 23ms)
 GET /api/auth/organization/list 200 in 58ms (next.js: 24ms, proxy.ts: 8ms, application-code: 25ms)
 POST /api/auth/sign-in/email 200 in 107ms (next.js: 7ms, proxy.ts: 7ms, application-code: 93ms)
 GET /dashboard 200 in 134ms (next.js: 3ms, proxy.ts: 4ms, application-code: 126ms)
 GET /account 200 in 111ms (next.js: 5ms, proxy.ts: 6ms, application-code: 100ms)
 GET /api/auth/get-session 200 in 74ms (next.js: 24ms, proxy.ts: 23ms, application-code: 27ms)
 GET /api/auth/organization/list 200 in 68ms (next.js: 16ms, proxy.ts: 16ms, application-code: 36ms)
 GET /api/auth/get-session 200 in 55ms (next.js: 14ms, proxy.ts: 6ms, application-code: 35ms)
 GET /api/auth/organization/list 200 in 60ms (next.js: 18ms, proxy.ts: 7ms, application-code: 36ms)
 GET /api/auth/passkey/list-user-passkeys 200 in 66ms (next.js: 21ms, proxy.ts: 7ms, application-code: 38ms)
 POST /api/auth/revoke-other-sessions 200 in 52ms (next.js: 22ms, proxy.ts: 8ms, application-code: 21ms)
 GET /api/auth/get-session 200 in 14ms (next.js: 3ms, proxy.ts: 4ms, application-code: 8ms)
 GET /api/auth/get-session 200 in 13ms (next.js: 3ms, proxy.ts: 4ms, application-code: 7ms)
 GET /api/auth/get-session 200 in 12ms (next.js: 3ms, proxy.ts: 3ms, application-code: 6ms)
 GET /api/auth/passkey/generate-register-options?authenticatorAttachment=platform&name=Ads%20by%20Yodev%20passkey 200 in 22ms (next.js: 7ms, proxy.ts: 4ms, application-code: 11ms)
 POST /api/auth/passkey/verify-registration 200 in 21ms (next.js: 2ms, proxy.ts: 5ms, application-code: 14ms)
 GET /api/auth/passkey/list-user-passkeys 200 in 14ms (next.js: 4ms, proxy.ts: 2ms, application-code: 8ms)
 GET /api/auth/passkey/list-user-passkeys 200 in 11ms (next.js: 2ms, proxy.ts: 3ms, application-code: 6ms)
 POST /api/auth/passkey/delete-passkey 401 in 12ms (next.js: 2ms, proxy.ts: 1.7ms, application-code: 8ms)
 POST /api/auth/sign-out 200 in 11ms (next.js: 2ms, proxy.ts: 2ms, application-code: 7ms)
 GET /sign-in 200 in 42ms (next.js: 5ms, proxy.ts: 2ms, application-code: 34ms)
 GET /api/auth/passkey/generate-authenticate-options 200 in 18ms (next.js: 6ms, proxy.ts: 3ms, application-code: 9ms)
 POST /api/auth/passkey/verify-authentication 200 in 56ms (next.js: 6ms, proxy.ts: 6ms, application-code: 44ms)
 GET /dashboard 200 in 229ms (next.js: 11ms, proxy.ts: 7ms, application-code: 210ms)
 GET /api/auth/get-session 200 in 21ms (next.js: 6ms, proxy.ts: 4ms, application-code: 11ms)
 GET /api/auth/get-session 200 in 69ms (next.js: 16ms, proxy.ts: 39ms, application-code: 15ms)
 GET /api/auth/organization/list 200 in 60ms (next.js: 20ms, proxy.ts: 35ms, application-code: 5ms)
 GET /account 200 in 118ms (next.js: 4ms, proxy.ts: 5ms, application-code: 109ms)
 GET /api/auth/organization/list 200 in 48ms (next.js: 10ms, proxy.ts: 15ms, application-code: 23ms)
 GET /api/auth/get-session 200 in 53ms (next.js: 13ms, proxy.ts: 19ms, application-code: 20ms)
 GET /api/auth/passkey/list-user-passkeys 200 in 48ms (next.js: 17ms, proxy.ts: 14ms, application-code: 17ms)
 POST /api/auth/passkey/delete-passkey 200 in 19ms (next.js: 4ms, proxy.ts: 3ms, application-code: 12ms)
 POST /api/auth/sign-out 200 in 29ms (next.js: 7ms, proxy.ts: 3ms, application-code: 18ms)
 GET /api/auth/passkey/list-user-passkeys 401 in 28ms (next.js: 13ms, proxy.ts: 3ms, application-code: 13ms)
 GET /sign-in 200 in 59ms (next.js: 8ms, proxy.ts: 4ms, application-code: 47ms)
 GET /api/auth/passkey/generate-authenticate-options 200 in 37ms (next.js: 5ms, proxy.ts: 16ms, application-code: 17ms)
 POST /api/auth/passkey/verify-authentication 401 in 42ms (next.js: 8ms, proxy.ts: 7ms, application-code: 27ms)
 GET /api/auth/get-session 200 in 37ms (next.js: 22ms, proxy.ts: 7ms, application-code: 8ms)
 POST /api/auth/sign-in/magic-link 200 in 19ms (next.js: 4ms, proxy.ts: 4ms, application-code: 11ms)
 GET /api/auth/magic-link/verify?token=[REDACTED]&callbackURL=%2Fdashboard&errorCallbackURL=http%3A%2F%2Flocalhost%3A3017%2Fsign-in 302 in 19ms (next.js: 4ms, proxy.ts: 3ms, application-code: 12ms)
 GET /dashboard 200 in 139ms (next.js: 3ms, proxy.ts: 2ms, application-code: 134ms)
 GET /api/auth/get-session 200 in 51ms (next.js: 11ms, proxy.ts: 5ms, application-code: 35ms)
 GET /api/auth/organization/list 200 in 60ms (next.js: 23ms, proxy.ts: 5ms, application-code: 33ms)
 GET /invitation?id=51cc5507-37eb-457e-8de6-652387da7e20 200 in 45ms (next.js: 3ms, proxy.ts: 8ms, application-code: 33ms)
 GET /api/auth/get-session 200 in 13ms (next.js: 2ms, proxy.ts: 2ms, application-code: 9ms)
 POST /api/auth/organization/accept-invitation 403 in 20ms (next.js: 6ms, proxy.ts: 5ms, application-code: 10ms)
 POST /invitation?id=51cc5507-37eb-457e-8de6-652387da7e20 200 in 25ms (next.js: 5ms, proxy.ts: 5ms, application-code: 15ms)
  └─ ƒ recoverAcceptedInvitation("51cc5507-37eb-457e-8de6-652387da7e20") in 6ms src/app/invitation/actions.ts
 GET /invitation?id=c8df911f-56f3-4c95-bd0a-6844332fdae7 200 in 43ms (next.js: 4ms, proxy.ts: 2ms, application-code: 37ms)
 GET /api/auth/get-session 200 in 14ms (next.js: 4ms, proxy.ts: 3ms, application-code: 7ms)
 POST /api/auth/organization/accept-invitation 400 in 16ms (next.js: 4ms, proxy.ts: 4ms, application-code: 9ms)
 POST /invitation?id=c8df911f-56f3-4c95-bd0a-6844332fdae7 200 in 16ms (next.js: 2.0ms, proxy.ts: 2ms, application-code: 12ms)
  └─ ƒ recoverAcceptedInvitation("c8df911f-56f3-4c95-bd0a-6844332fdae7") in 5ms src/app/invitation/actions.ts
 GET /invitation?id=34e49459-903b-4549-9c42-5a4512be9808 200 in 39ms (next.js: 4ms, proxy.ts: 2ms, application-code: 33ms)
 GET /api/auth/get-session 200 in 15ms (next.js: 2ms, proxy.ts: 7ms, application-code: 6ms)
 POST /api/auth/organization/accept-invitation 400 in 85ms (next.js: 3ms, proxy.ts: 3ms, application-code: 79ms)
 POST /invitation?id=34e49459-903b-4549-9c42-5a4512be9808 200 in 18ms (next.js: 3ms, proxy.ts: 2ms, application-code: 13ms)
  └─ ƒ recoverAcceptedInvitation("34e49459-903b-4549-9c42-5a4512be9808") in 6ms src/app/invitation/actions.ts
 GET /invitation?id=d95f735a-0c9e-4d8c-abd4-6eda9cb673b5 200 in 44ms (next.js: 4ms, proxy.ts: 2ms, application-code: 37ms)
 GET /api/auth/get-session 200 in 13ms (next.js: 5ms, proxy.ts: 3ms, application-code: 6ms)
 GET /sign-in?returnTo=%2Finvitation%3Fid%3Dd95f735a-0c9e-4d8c-abd4-6eda9cb673b5 200 in 39ms (next.js: 9ms, proxy.ts: 8ms, application-code: 22ms)
 POST /api/auth/sign-in/magic-link 200 in 53ms (next.js: 7ms, proxy.ts: 7ms, application-code: 40ms)
 GET /api/auth/magic-link/verify?token=[REDACTED]&callbackURL=%2Finvitation%3Fid%3Dd95f735a-0c9e-4d8c-abd4-6eda9cb673b5&errorCallbackURL=http%3A%2F%2Flocalhost%3A3017%2Fsign-in%3FreturnTo%3D%252Finvitation%253Fid%253Dd95f735a-0c9e-4d8c-abd4-6eda9cb673b5 302 in 38ms (next.js: 6ms, proxy.ts: 16ms, application-code: 16ms)
 GET /invitation?id=d95f735a-0c9e-4d8c-abd4-6eda9cb673b5 200 in 81ms (next.js: 4ms, proxy.ts: 4ms, application-code: 73ms)
 GET /api/auth/get-session 200 in 19ms (next.js: 5ms, proxy.ts: 6ms, application-code: 8ms)
 POST /api/auth/organization/accept-invitation 403 in 31ms (next.js: 9ms, proxy.ts: 3ms, application-code: 19ms)
 POST /invitation?id=d95f735a-0c9e-4d8c-abd4-6eda9cb673b5 200 in 24ms (next.js: 5ms, proxy.ts: 4ms, application-code: 14ms)
  └─ ƒ recoverAcceptedInvitation("d95f735a-0c9e-4d8c-abd4-6eda9cb673b5") in 6ms src/app/invitation/actions.ts
 POST /api/auth/organization/accept-invitation 200 in 44ms (next.js: 11ms, proxy.ts: 10ms, application-code: 23ms)
 POST /invitation?id=d95f735a-0c9e-4d8c-abd4-6eda9cb673b5 200 in 19ms (next.js: 2ms, proxy.ts: 4ms, application-code: 13ms)
  └─ ƒ recoverAcceptedInvitation("d95f735a-0c9e-4d8c-abd4-6eda9cb673b5") in 5ms src/app/invitation/actions.ts
 POST /api/auth/organization/set-active 200 in 18ms (next.js: 4ms, proxy.ts: 3ms, application-code: 11ms)
 GET /api/auth/get-session 200 in 115ms (next.js: 28ms, proxy.ts: 28ms, application-code: 59ms)
 GET /dashboard 200 in 168ms (next.js: 4ms, proxy.ts: 4ms, application-code: 161ms)
 GET /api/auth/get-session 200 in 36ms (next.js: 4ms, proxy.ts: 5ms, application-code: 27ms)
 GET /api/auth/get-session 200 in 40ms (next.js: 12ms, proxy.ts: 10ms, application-code: 18ms)
 GET /api/auth/organization/list 200 in 43ms (next.js: 16ms, proxy.ts: 12ms, application-code: 15ms)
 GET /invitation?id=d95f735a-0c9e-4d8c-abd4-6eda9cb673b5 200 in 36ms (next.js: 2ms, proxy.ts: 3ms, application-code: 31ms)
 GET /api/auth/get-session 200 in 17ms (next.js: 3ms, proxy.ts: 4ms, application-code: 10ms)
 POST /api/auth/organization/accept-invitation 400 in 17ms (next.js: 4ms, proxy.ts: 3ms, application-code: 10ms)
 POST /invitation?id=d95f735a-0c9e-4d8c-abd4-6eda9cb673b5 200 in 24ms (next.js: 4ms, proxy.ts: 3ms, application-code: 17ms)
  └─ ƒ recoverAcceptedInvitation("d95f735a-0c9e-4d8c-abd4-6eda9cb673b5") in 8ms src/app/invitation/actions.ts
 POST /api/auth/organization/set-active 200 in 25ms (next.js: 4ms, proxy.ts: 5ms, application-code: 16ms)
 GET /api/auth/get-session 200 in 106ms (next.js: 53ms, proxy.ts: 3ms, application-code: 50ms)
 GET /dashboard 200 in 156ms (next.js: 7ms, proxy.ts: 15ms, application-code: 133ms)
 GET /invitation?id=d95f735a-0c9e-4d8c-abd4-6eda9cb673b5 200 in 75ms (next.js: 4ms, proxy.ts: 3ms, application-code: 69ms)
 GET /api/auth/get-session 200 in 27ms (next.js: 2ms, proxy.ts: 3ms, application-code: 21ms)
 POST /api/auth/organization/accept-invitation 400 in 18ms (next.js: 3ms, proxy.ts: 5ms, application-code: 10ms)
 POST /invitation?id=d95f735a-0c9e-4d8c-abd4-6eda9cb673b5 200 in 19ms (next.js: 3ms, proxy.ts: 2ms, application-code: 14ms)
  └─ ƒ recoverAcceptedInvitation("d95f735a-0c9e-4d8c-abd4-6eda9cb673b5") in 6ms src/app/invitation/actions.ts
 GET /dashboard 307 in 72ms (next.js: 2ms, proxy.ts: 3ms, application-code: 66ms)
 GET /onboarding 307 in 51ms (next.js: 2ms, proxy.ts: 1.9ms, application-code: 47ms)
 GET /dashboard 200 in 114ms (next.js: 1.5ms, proxy.ts: 2ms, application-code: 110ms)
 GET /api/auth/get-session 200 in 22ms (next.js: 6ms, proxy.ts: 5ms, application-code: 11ms)
 GET /api/auth/get-session 200 in 105ms (next.js: 32ms, proxy.ts: 34ms, application-code: 39ms)
 GET /api/auth/organization/list 200 in 101ms (next.js: 34ms, proxy.ts: 31ms, application-code: 36ms)
 GET /dashboard 307 in 152ms (next.js: 4ms, proxy.ts: 4ms, application-code: 144ms)
 GET /onboarding 200 in 91ms (next.js: 4ms, proxy.ts: 6ms, application-code: 82ms)
 GET /api/auth/get-session 200 in 17ms (next.js: 3ms, proxy.ts: 4ms, application-code: 10ms)
 GET /account 200 in 57ms (next.js: 4ms, proxy.ts: 3ms, application-code: 51ms)
 GET /api/auth/get-session 200 in 33ms (next.js: 9ms, proxy.ts: 6ms, application-code: 18ms)
 GET /api/auth/passkey/list-user-passkeys 200 in 37ms (next.js: 12ms, proxy.ts: 7ms, application-code: 18ms)
 GET /api/auth/organization/list 200 in 38ms (next.js: 13ms, proxy.ts: 9ms, application-code: 16ms)
 POST /api/auth/sign-out 200 in 15ms (next.js: 2ms, proxy.ts: 2ms, application-code: 10ms)
 GET /sign-in 200 in 73ms (next.js: 6ms, proxy.ts: 2.0ms, application-code: 66ms)
 GET /api/auth/get-session 200 in 25ms (next.js: 6ms, proxy.ts: 3ms, application-code: 16ms)
  ✓  10 [chromium] › e2e/auth-lifecycle-local.spec.ts:85:9 › auth lifecycle en: verification, magic link, reset, sessions and passkey (16.6s)
 GET /dashboard 200 in 140ms (next.js: 3ms, proxy.ts: 3ms, application-code: 134ms)
 GET /api/auth/get-session 200 in 131ms (next.js: 21ms, proxy.ts: 41ms, application-code: 68ms)
 GET /api/auth/organization/list 200 in 199ms (next.js: 30ms, proxy.ts: 40ms, application-code: 129ms)
 GET /settings 200 in 274ms (next.js: 5ms, proxy.ts: 3ms, application-code: 265ms)
 GET /api/auth/get-session 200 in 44ms (next.js: 7ms, proxy.ts: 5ms, application-code: 31ms)
 GET /api/auth/organization/list 200 in 47ms (next.js: 11ms, proxy.ts: 6ms, application-code: 30ms)
 GET /billing 200 in 337ms (next.js: 149ms, proxy.ts: 5ms, application-code: 183ms)
 GET /api/auth/get-session 200 in 39ms (next.js: 10ms, proxy.ts: 6ms, application-code: 24ms)
 GET /api/auth/organization/list 200 in 43ms (next.js: 21ms, proxy.ts: 6ms, application-code: 16ms)
 GET /support 200 in 320ms (next.js: 126ms, proxy.ts: 6ms, application-code: 188ms)
  ✓  11 [chromium] › e2e/authenticated-rbac.spec.ts:55:9 › authenticated five-role route matrix › owner has only its server-authorized product surface (1.9s)
 GET /dashboard 200 in 149ms (next.js: 3ms, proxy.ts: 3ms, application-code: 143ms)
 GET /api/auth/get-session 200 in 190ms (next.js: 32ms, proxy.ts: 30ms, application-code: 128ms)
 GET /api/auth/organization/list 200 in 205ms (next.js: 65ms, proxy.ts: 29ms, application-code: 111ms)
 GET /settings 200 in 249ms (next.js: 2ms, proxy.ts: 3ms, application-code: 243ms)
 GET /api/auth/get-session 200 in 123ms (next.js: 29ms, proxy.ts: 35ms, application-code: 59ms)
 GET /api/auth/organization/list 200 in 152ms (next.js: 36ms, proxy.ts: 32ms, application-code: 84ms)
 GET /support 200 in 223ms (next.js: 4ms, proxy.ts: 4ms, application-code: 214ms)
⨯ Error [PermissionDeniedError]: Permission required: billing:manage
    at requirePermission (src/lib/permissions.ts:79:19)
    at requireWorkspacePermission (src/lib/workspace.ts:164:73)
    at async BillingPage (src/app/(app)/billing/page.tsx:23:40)
  77 | export function requirePermission(role: WorkspaceRole, permission: Permission) {
  78 |   if (!rolePermissions[role].has(permission)) {
> 79 |     const error = new Error(`Permission required: ${permission}`)
     |                   ^
  80 |     error.name = 'PermissionDeniedError'
  81 |     throw error
  82 |   } {
  digest: '701358427'
}
 GET /api/auth/get-session 200 in 667ms (next.js: 96ms, proxy.ts: 36ms, application-code: 536ms)
 GET /api/auth/organization/list 200 in 757ms (next.js: 100ms, proxy.ts: 37ms, application-code: 619ms)
 GET /billing 307 in 823ms (next.js: 34ms, proxy.ts: 21ms, application-code: 768ms)
 GET /support?error=Acc%C3%A8s%20non%20autoris%C3%A9 200 in 276ms (next.js: 27ms, proxy.ts: 23ms, application-code: 226ms)
  ✓  12 [chromium] › e2e/authenticated-rbac.spec.ts:55:9 › authenticated five-role route matrix › admin has only its server-authorized product surface (2.5s)
 GET /dashboard 200 in 233ms (next.js: 5ms, proxy.ts: 3ms, application-code: 225ms)
 GET /api/auth/get-session 200 in 43ms (next.js: 10ms, proxy.ts: 6ms, application-code: 27ms)
 GET /api/auth/organization/list 200 in 52ms (next.js: 27ms, proxy.ts: 6ms, application-code: 19ms)
 GET /tasks 200 in 329ms (next.js: 132ms, proxy.ts: 7ms, application-code: 191ms)
 GET /api/auth/get-session 200 in 113ms (next.js: 20ms, proxy.ts: 36ms, application-code: 58ms)
 GET /api/auth/organization/list 200 in 151ms (next.js: 30ms, proxy.ts: 34ms, application-code: 86ms)
 GET /support 200 in 206ms (next.js: 4ms, proxy.ts: 5ms, application-code: 196ms)
⨯ Error [PermissionDeniedError]: Permission required: workspace:admin
    at requirePermission (src/lib/permissions.ts:79:19)
    at requireWorkspacePermission (src/lib/workspace.ts:164:73)
    at async SettingsPage (src/app/(app)/settings/page.tsx:51:57)
  77 | export function requirePermission(role: WorkspaceRole, permission: Permission) {
  78 |   if (!rolePermissions[role].has(permission)) {
> 79 |     const error = new Error(`Permission required: ${permission}`)
     |                   ^
  80 |     error.name = 'PermissionDeniedError'
  81 |     throw error
  82 |   } {
  digest: '1941415885'
}
 GET /api/auth/get-session 200 in 83ms (next.js: 26ms, proxy.ts: 27ms, application-code: 30ms)
 GET /api/auth/organization/list 200 in 87ms (next.js: 32ms, proxy.ts: 26ms, application-code: 29ms)
 GET /settings 307 in 116ms (next.js: 2ms, proxy.ts: 2ms, application-code: 111ms)
 GET /support?error=Acc%C3%A8s%20non%20autoris%C3%A9 200 in 159ms (next.js: 4ms, proxy.ts: 6ms, application-code: 150ms)
⨯ Error [PermissionDeniedError]: Permission required: billing:manage
    at requirePermission (src/lib/permissions.ts:79:19)
    at requireWorkspacePermission (src/lib/workspace.ts:164:73)
    at async BillingPage (src/app/(app)/billing/page.tsx:23:40)
  77 | export function requirePermission(role: WorkspaceRole, permission: Permission) {
  78 |   if (!rolePermissions[role].has(permission)) {
> 79 |     const error = new Error(`Permission required: ${permission}`)
     |                   ^
  80 |     error.name = 'PermissionDeniedError'
  81 |     throw error
  82 |   } {
  digest: '701358427'
}
 GET /api/auth/get-session 200 in 97ms (next.js: 23ms, proxy.ts: 27ms, application-code: 46ms)
 GET /api/auth/organization/list 200 in 99ms (next.js: 27ms, proxy.ts: 27ms, application-code: 44ms)
 GET /billing 307 in 125ms (next.js: 3ms, proxy.ts: 3ms, application-code: 120ms)
 GET /support?error=Acc%C3%A8s%20non%20autoris%C3%A9 200 in 139ms (next.js: 6ms, proxy.ts: 6ms, application-code: 127ms)
  ✓  13 [chromium] › e2e/authenticated-rbac.spec.ts:55:9 › authenticated five-role route matrix › strategist has only its server-authorized product surface (2.2s)
 GET /dashboard 200 in 152ms (next.js: 3ms, proxy.ts: 3ms, application-code: 147ms)
 GET /api/auth/get-session 200 in 47ms (next.js: 14ms, proxy.ts: 10ms, application-code: 22ms)
 GET /api/auth/organization/list 200 in 50ms (next.js: 23ms, proxy.ts: 12ms, application-code: 15ms)
 GET /reports 200 in 253ms (next.js: 97ms, proxy.ts: 2ms, application-code: 154ms)
 GET /api/auth/get-session 200 in 115ms (next.js: 24ms, proxy.ts: 35ms, application-code: 56ms)
 GET /api/auth/organization/list 200 in 150ms (next.js: 28ms, proxy.ts: 35ms, application-code: 87ms)
 GET /support 200 in 205ms (next.js: 10ms, proxy.ts: 3ms, application-code: 192ms)
 GET /api/auth/get-session 200 in 73ms (next.js: 10ms, proxy.ts: 7ms, application-code: 56ms)
 GET /api/auth/organization/list 200 in 74ms (next.js: 16ms, proxy.ts: 7ms, application-code: 52ms)
⨯ Error [PermissionDeniedError]: Permission required: workspace:admin
    at requirePermission (src/lib/permissions.ts:79:19)
    at requireWorkspacePermission (src/lib/workspace.ts:164:73)
    at async SettingsPage (src/app/(app)/settings/page.tsx:51:57)
  77 | export function requirePermission(role: WorkspaceRole, permission: Permission) {
  78 |   if (!rolePermissions[role].has(permission)) {
> 79 |     const error = new Error(`Permission required: ${permission}`)
     |                   ^
  80 |     error.name = 'PermissionDeniedError'
  81 |     throw error
  82 |   } {
  digest: '1941415885'
}
 GET /settings 307 in 119ms (next.js: 17ms, proxy.ts: 3ms, application-code: 99ms)
 GET /support?error=Acc%C3%A8s%20non%20autoris%C3%A9 200 in 126ms (next.js: 2ms, proxy.ts: 3ms, application-code: 121ms)
⨯ Error [PermissionDeniedError]: Permission required: billing:manage
    at requirePermission (src/lib/permissions.ts:79:19)
    at requireWorkspacePermission (src/lib/workspace.ts:164:73)
    at async BillingPage (src/app/(app)/billing/page.tsx:23:40)
  77 | export function requirePermission(role: WorkspaceRole, permission: Permission) {
  78 |   if (!rolePermissions[role].has(permission)) {
> 79 |     const error = new Error(`Permission required: ${permission}`)
     |                   ^
  80 |     error.name = 'PermissionDeniedError'
  81 |     throw error
  82 |   } {
  digest: '701358427'
}
 GET /api/auth/get-session 200 in 86ms (next.js: 20ms, proxy.ts: 40ms, application-code: 27ms)
 GET /api/auth/organization/list 200 in 85ms (next.js: 25ms, proxy.ts: 35ms, application-code: 25ms)
 GET /billing 307 in 114ms (next.js: 2ms, proxy.ts: 2ms, application-code: 110ms)
 GET /support?error=Acc%C3%A8s%20non%20autoris%C3%A9 200 in 160ms (next.js: 2ms, proxy.ts: 4ms, application-code: 154ms)
  ✓  14 [chromium] › e2e/authenticated-rbac.spec.ts:55:9 › authenticated five-role route matrix › analyst has only its server-authorized product surface (2.9s)
 GET /support 200 in 96ms (next.js: 3ms, proxy.ts: 2.0ms, application-code: 91ms)
 GET /api/auth/get-session 200 in 78ms (next.js: 41ms, proxy.ts: 3ms, application-code: 34ms)
⨯ Error [PermissionDeniedError]: Permission required: portfolio:read
    at requirePermission (src/lib/permissions.ts:79:19)
    at requireWorkspacePermission (src/lib/workspace.ts:164:73)
    at async DashboardPage (src/app/(app)/dashboard/page.tsx:27:54)
  77 | export function requirePermission(role: WorkspaceRole, permission: Permission) {
  78 |   if (!rolePermissions[role].has(permission)) {
> 79 |     const error = new Error(`Permission required: ${permission}`)
     |                   ^
  80 |     error.name = 'PermissionDeniedError'
  81 |     throw error
  82 |   } {
  digest: '3272672268'
}
 GET /api/auth/organization/list 200 in 90ms (next.js: 45ms, proxy.ts: 4ms, application-code: 41ms)
 GET /dashboard 307 in 114ms (next.js: 4ms, proxy.ts: 3ms, application-code: 107ms)
 GET /support?error=Acc%C3%A8s%20non%20autoris%C3%A9 200 in 104ms (next.js: 2ms, proxy.ts: 2ms, application-code: 100ms)
⨯ Error [PermissionDeniedError]: Permission required: workspace:admin
    at requirePermission (src/lib/permissions.ts:79:19)
    at requireWorkspacePermission (src/lib/workspace.ts:164:73)
    at async SettingsPage (src/app/(app)/settings/page.tsx:51:57)
  77 | export function requirePermission(role: WorkspaceRole, permission: Permission) {
  78 |   if (!rolePermissions[role].has(permission)) {
> 79 |     const error = new Error(`Permission required: ${permission}`)
     |                   ^
  80 |     error.name = 'PermissionDeniedError'
  81 |     throw error
  82 |   } {
  digest: '1941415885'
}
 GET /api/auth/get-session 200 in 90ms (next.js: 22ms, proxy.ts: 39ms, application-code: 29ms)
 GET /api/auth/organization/list 200 in 90ms (next.js: 25ms, proxy.ts: 38ms, application-code: 27ms)
 GET /settings 307 in 124ms (next.js: 3ms, proxy.ts: 3ms, application-code: 118ms)
 GET /support?error=Acc%C3%A8s%20non%20autoris%C3%A9 200 in 106ms (next.js: 2ms, proxy.ts: 3ms, application-code: 100ms)
⨯ Error [PermissionDeniedError]: Permission required: billing:manage
    at requirePermission (src/lib/permissions.ts:79:19)
    at requireWorkspacePermission (src/lib/workspace.ts:164:73)
    at async BillingPage (src/app/(app)/billing/page.tsx:23:40)
  77 | export function requirePermission(role: WorkspaceRole, permission: Permission) {
  78 |   if (!rolePermissions[role].has(permission)) {
> 79 |     const error = new Error(`Permission required: ${permission}`)
     |                   ^
  80 |     error.name = 'PermissionDeniedError'
  81 |     throw error
  82 |   } {
  digest: '701358427'
}
 GET /api/auth/get-session 200 in 83ms (next.js: 20ms, proxy.ts: 34ms, application-code: 29ms)
 GET /api/auth/organization/list 200 in 88ms (next.js: 24ms, proxy.ts: 34ms, application-code: 30ms)
 GET /billing 307 in 115ms (next.js: 4ms, proxy.ts: 2ms, application-code: 109ms)
 GET /support?error=Acc%C3%A8s%20non%20autoris%C3%A9 200 in 102ms (next.js: 2ms, proxy.ts: 1.9ms, application-code: 98ms)
  ✓  15 [chromium] › e2e/authenticated-rbac.spec.ts:55:9 › authenticated five-role route matrix › client has only its server-authorized product surface (1.5s)
 GET /api/exports/80000000-0000-4000-8000-000000000003 404 in 939ms (next.js: 906ms, proxy.ts: 2ms, application-code: 31ms)
  ✓  16 [chromium] › e2e/authenticated-rbac.spec.ts:75:9 › authenticated five-role route matrix › owner cannot cross the direct export API boundary (1.3s)
 GET /api/exports/80000000-0000-4000-8000-000000000003 403 in 14ms (next.js: 4ms, proxy.ts: 1.7ms, application-code: 9ms)
  ✓  17 [chromium] › e2e/authenticated-rbac.spec.ts:75:9 › authenticated five-role route matrix › admin cannot cross the direct export API boundary (60ms)
 GET /api/exports/80000000-0000-4000-8000-000000000003 403 in 15ms (next.js: 2ms, proxy.ts: 5ms, application-code: 9ms)
  ✓  18 [chromium] › e2e/authenticated-rbac.spec.ts:75:9 › authenticated five-role route matrix › strategist cannot cross the direct export API boundary (59ms)
 GET /api/exports/80000000-0000-4000-8000-000000000003 403 in 14ms (next.js: 4ms, proxy.ts: 2ms, application-code: 8ms)
  ✓  19 [chromium] › e2e/authenticated-rbac.spec.ts:75:9 › authenticated five-role route matrix › analyst cannot cross the direct export API boundary (58ms)
 GET /api/exports/80000000-0000-4000-8000-000000000003 403 in 12ms (next.js: 2ms, proxy.ts: 1.9ms, application-code: 8ms)
  ✓  20 [chromium] › e2e/authenticated-rbac.spec.ts:75:9 › authenticated five-role route matrix › client cannot cross the direct export API boundary (58ms)
 GET /settings 200 in 195ms (next.js: 3ms, proxy.ts: 2.0ms, application-code: 189ms)
 GET /api/auth/get-session 200 in 97ms (next.js: 9ms, proxy.ts: 54ms, application-code: 34ms)
 GET /api/auth/organization/list 200 in 70ms (next.js: 20ms, proxy.ts: 10ms, application-code: 39ms)
 POST /settings 200 in 121ms (next.js: 11ms, proxy.ts: 11ms, application-code: 99ms)
  └─ ƒ updateWorkspaceLocale({}) in 20ms src/app/actions.ts
 GET /settings?notice=Workspace+language+updated. 200 in 171ms (next.js: 3ms, proxy.ts: 3ms, application-code: 166ms)
 GET /settings?notice=Workspace+language+updated. 200 in 94ms (next.js: 3ms, proxy.ts: 3ms, application-code: 88ms)
 POST /settings 200 in 156ms (next.js: 17ms, proxy.ts: 13ms, application-code: 127ms)
  └─ ƒ updateWorkspaceLocale({}) in 27ms src/app/actions.ts
 GET /settings?notice=Workspace+language+updated. 200 in 69ms (next.js: 1.8ms, proxy.ts: 1.8ms, application-code: 66ms)
 POST /settings 200 in 86ms (next.js: 2.0ms, proxy.ts: 1.9ms, application-code: 82ms)
  └─ ƒ updateWorkspaceLocale({}) in 8ms src/app/actions.ts
⨯ Error [PermissionDeniedError]: Permission required: workspace:admin
    at requirePermission (src/lib/permissions.ts:79:19)
    at requireWorkspacePermission (src/lib/workspace.ts:164:73)
    at async SettingsPage (src/app/(app)/settings/page.tsx:51:57)
  77 | export function requirePermission(role: WorkspaceRole, permission: Permission) {
  78 |   if (!rolePermissions[role].has(permission)) {
> 79 |     const error = new Error(`Permission required: ${permission}`)
     |                   ^
  80 |     error.name = 'PermissionDeniedError'
  81 |     throw error
  82 |   } {
  digest: '1941415885'
}
 GET /settings?error=Permission+required%3A+workspace%3Aadmin 200 in 56ms (next.js: 1.7ms, proxy.ts: 1.6ms, application-code: 53ms)
 POST /settings 200 in 72ms (next.js: 2ms, proxy.ts: 1.8ms, application-code: 68ms)
  └─ ƒ updateWorkspaceLocale({}) in 5ms src/app/actions.ts
⨯ Error [PermissionDeniedError]: Permission required: workspace:admin
    at requirePermission (src/lib/permissions.ts:79:19)
    at requireWorkspacePermission (src/lib/workspace.ts:164:73)
    at async SettingsPage (src/app/(app)/settings/page.tsx:51:57)
  77 | export function requirePermission(role: WorkspaceRole, permission: Permission) {
  78 |   if (!rolePermissions[role].has(permission)) {
> 79 |     const error = new Error(`Permission required: ${permission}`)
     |                   ^
  80 |     error.name = 'PermissionDeniedError'
  81 |     throw error
  82 |   } {
  digest: '1941415885'
}
 GET /settings?error=Permission+required%3A+workspace%3Aadmin 200 in 49ms (next.js: 1.9ms, proxy.ts: 1.6ms, application-code: 45ms)
 POST /settings 200 in 64ms (next.js: 1.9ms, proxy.ts: 1.9ms, application-code: 60ms)
  └─ ƒ updateWorkspaceLocale({}) in 6ms src/app/actions.ts
⨯ Error [PermissionDeniedError]: Permission required: workspace:admin
    at requirePermission (src/lib/permissions.ts:79:19)
    at requireWorkspacePermission (src/lib/workspace.ts:164:73)
    at async SettingsPage (src/app/(app)/settings/page.tsx:51:57)
  77 | export function requirePermission(role: WorkspaceRole, permission: Permission) {
  78 |   if (!rolePermissions[role].has(permission)) {
> 79 |     const error = new Error(`Permission required: ${permission}`)
     |                   ^
  80 |     error.name = 'PermissionDeniedError'
  81 |     throw error
  82 |   } {
  digest: '1941415885'
}
 GET /settings?error=Permission+required%3A+workspace%3Aadmin 200 in 50ms (next.js: 2ms, proxy.ts: 2.0ms, application-code: 46ms)
 POST /settings 200 in 65ms (next.js: 2ms, proxy.ts: 3ms, application-code: 60ms)
  └─ ƒ updateWorkspaceLocale({}) in 5ms src/app/actions.ts
  ✓  21 [chromium] › e2e/authenticated-rbac.spec.ts:93:7 › authenticated Server Action authorization matrix › re-authorizes workspace administration for every session (1.2s)
 GET /dashboard?client=80000000-0000-4000-8000-000000000092 200 in 215ms (next.js: 2ms, proxy.ts: 2ms, application-code: 211ms)
 GET /api/auth/get-session 200 in 28ms (next.js: 7ms, proxy.ts: 4ms, application-code: 18ms)
 GET /api/auth/organization/list 200 in 33ms (next.js: 13ms, proxy.ts: 4ms, application-code: 16ms)
 POST /dashboard?client=80000000-0000-4000-8000-000000000092 200 in 387ms (next.js: 5ms, proxy.ts: 6ms, application-code: 376ms)
  └─ ƒ setCookieConsent({}) in 1ms src/app/preferences-actions.ts
 GET /dashboard?client=80000000-0000-4000-8000-000000000092 200 in 355ms (next.js: 16ms, proxy.ts: 24ms, application-code: 316ms)
 GET /api/auth/get-session 200 in 180ms (next.js: 41ms, proxy.ts: 40ms, application-code: 100ms)
 GET /api/auth/organization/list 200 in 190ms (next.js: 60ms, proxy.ts: 47ms, application-code: 83ms)
 GET /dashboard?client=80000000-0000-4000-8000-000000000092 200 in 317ms (next.js: 10ms, proxy.ts: 5ms, application-code: 302ms)
 GET /api/auth/get-session 200 in 77ms (next.js: 25ms, proxy.ts: 5ms, application-code: 47ms)
 GET /api/auth/organization/list 200 in 81ms (next.js: 29ms, proxy.ts: 5ms, application-code: 47ms)
 GET /dashboard?client=80000000-0000-4000-8000-000000000092 200 in 240ms (next.js: 4ms, proxy.ts: 5ms, application-code: 231ms)
 GET /api/auth/get-session 200 in 79ms (next.js: 38ms, proxy.ts: 7ms, application-code: 34ms)
 GET /api/auth/organization/list 200 in 86ms (next.js: 39ms, proxy.ts: 9ms, application-code: 38ms)
 GET /dashboard?client=80000000-0000-4000-8000-000000000092 200 in 258ms (next.js: 5ms, proxy.ts: 10ms, application-code: 243ms)
 GET /api/auth/get-session 200 in 23ms (next.js: 6ms, proxy.ts: 3ms, application-code: 14ms)
 GET /api/auth/organization/list 200 in 26ms (next.js: 11ms, proxy.ts: 3ms, application-code: 12ms)
 GET /dashboard?client=80000000-0000-4000-8000-000000000093 200 in 187ms (next.js: 3ms, proxy.ts: 3ms, application-code: 182ms)
  ✓  22 [chromium] › e2e/dashboard-health-local.spec.ts:15:53 › qualified cockpit health › counts all alerts and refuses unqualified scores in fr (2.9s)
 GET /dashboard?client=80000000-0000-4000-8000-000000000092 200 in 214ms (next.js: 2ms, proxy.ts: 4ms, application-code: 207ms)
 GET /api/auth/get-session 200 in 35ms (next.js: 7ms, proxy.ts: 5ms, application-code: 23ms)
 GET /api/auth/organization/list 200 in 41ms (next.js: 15ms, proxy.ts: 5ms, application-code: 21ms)
 POST /dashboard?client=80000000-0000-4000-8000-000000000092 200 in 333ms (next.js: 3ms, proxy.ts: 5ms, application-code: 325ms)
  └─ ƒ setCookieConsent({}) in 2ms src/app/preferences-actions.ts
 GET /dashboard?client=80000000-0000-4000-8000-000000000092 200 in 284ms (next.js: 6ms, proxy.ts: 11ms, application-code: 266ms)
 GET /api/auth/organization/list 200 in 130ms (next.js: 51ms, proxy.ts: 4ms, application-code: 75ms)
 GET /api/auth/get-session 200 in 141ms (next.js: 73ms, proxy.ts: 6ms, application-code: 63ms)
 GET /dashboard?client=80000000-0000-4000-8000-000000000092 200 in 250ms (next.js: 7ms, proxy.ts: 3ms, application-code: 240ms)
 GET /api/auth/get-session 200 in 78ms (next.js: 40ms, proxy.ts: 4ms, application-code: 35ms)
 GET /api/auth/organization/list 200 in 136ms (next.js: 57ms, proxy.ts: 4ms, application-code: 75ms)
 GET /dashboard?client=80000000-0000-4000-8000-000000000092 200 in 246ms (next.js: 5ms, proxy.ts: 4ms, application-code: 237ms)
 GET /api/auth/get-session 200 in 76ms (next.js: 49ms, proxy.ts: 3ms, application-code: 23ms)
 GET /api/auth/organization/list 200 in 85ms (next.js: 52ms, proxy.ts: 3ms, application-code: 30ms)
 GET /dashboard?client=80000000-0000-4000-8000-000000000092 200 in 232ms (next.js: 3ms, proxy.ts: 4ms, application-code: 225ms)
 GET /api/auth/get-session 200 in 32ms (next.js: 8ms, proxy.ts: 4ms, application-code: 21ms)
 GET /api/auth/organization/list 200 in 35ms (next.js: 14ms, proxy.ts: 4ms, application-code: 17ms)
 GET /dashboard?client=80000000-0000-4000-8000-000000000093 200 in 166ms (next.js: 2ms, proxy.ts: 2ms, application-code: 162ms)
  ✓  23 [chromium] › e2e/dashboard-health-local.spec.ts:15:53 › qualified cockpit health › counts all alerts and refuses unqualified scores in en (2.8s)
 POST /api/auth/organization/set-active 200 in 13ms (next.js: 3ms, proxy.ts: 2ms, application-code: 8ms)
 GET /getting-started 200 in 220ms (next.js: 68ms, proxy.ts: 2ms, application-code: 150ms)
 GET /api/auth/get-session 200 in 95ms (next.js: 18ms, proxy.ts: 9ms, application-code: 68ms)
 GET /api/auth/organization/list 200 in 108ms (next.js: 22ms, proxy.ts: 10ms, application-code: 75ms)
 GET /getting-started 200 in 214ms (next.js: 23ms, proxy.ts: 7ms, application-code: 184ms)
 GET /api/auth/get-session 200 in 73ms (next.js: 18ms, proxy.ts: 13ms, application-code: 42ms)
 GET /api/auth/organization/list 200 in 160ms (next.js: 37ms, proxy.ts: 11ms, application-code: 112ms)
 GET /getting-started 200 in 253ms (next.js: 6ms, proxy.ts: 9ms, application-code: 238ms)
 GET /api/auth/get-session 200 in 81ms (next.js: 23ms, proxy.ts: 5ms, application-code: 52ms)
 GET /api/auth/organization/list 200 in 105ms (next.js: 44ms, proxy.ts: 5ms, application-code: 56ms)
 GET /getting-started 200 in 239ms (next.js: 3ms, proxy.ts: 5ms, application-code: 230ms)
 GET /api/auth/get-session 200 in 34ms (next.js: 15ms, proxy.ts: 3ms, application-code: 15ms)
 GET /api/auth/organization/list 200 in 36ms (next.js: 22ms, proxy.ts: 4ms, application-code: 10ms)
 GET /getting-started 200 in 159ms (next.js: 2ms, proxy.ts: 1.9ms, application-code: 155ms)
 GET /api/auth/get-session 200 in 26ms (next.js: 6ms, proxy.ts: 3ms, application-code: 17ms)
 GET /api/auth/organization/list 200 in 37ms (next.js: 13ms, proxy.ts: 3ms, application-code: 21ms)
 GET /getting-started 200 in 139ms (next.js: 2ms, proxy.ts: 4ms, application-code: 132ms)
  ✓  24 [chromium] › e2e/getting-started-local.spec.ts:6:7 › guided setup fr requires selected accounts and qualified milestones (2.7s)
 POST /api/auth/organization/set-active 200 in 14ms (next.js: 2ms, proxy.ts: 2ms, application-code: 9ms)
 GET /getting-started 200 in 156ms (next.js: 2.0ms, proxy.ts: 2ms, application-code: 151ms)
 GET /api/auth/get-session 200 in 25ms (next.js: 6ms, proxy.ts: 3ms, application-code: 16ms)
 GET /api/auth/organization/list 200 in 28ms (next.js: 10ms, proxy.ts: 3ms, application-code: 15ms)
 GET /getting-started 200 in 159ms (next.js: 5ms, proxy.ts: 5ms, application-code: 149ms)
 GET /api/auth/get-session 200 in 56ms (next.js: 11ms, proxy.ts: 5ms, application-code: 40ms)
 GET /api/auth/organization/list 200 in 103ms (next.js: 18ms, proxy.ts: 6ms, application-code: 79ms)
 GET /getting-started 200 in 264ms (next.js: 12ms, proxy.ts: 19ms, application-code: 233ms)
 GET /api/auth/get-session 200 in 42ms (next.js: 15ms, proxy.ts: 8ms, application-code: 19ms)
 GET /api/auth/organization/list 200 in 43ms (next.js: 21ms, proxy.ts: 8ms, application-code: 15ms)
 GET /getting-started 200 in 176ms (next.js: 6ms, proxy.ts: 5ms, application-code: 165ms)
 GET /api/auth/get-session 200 in 24ms (next.js: 4ms, proxy.ts: 3ms, application-code: 18ms)
 GET /api/auth/organization/list 200 in 25ms (next.js: 11ms, proxy.ts: 3ms, application-code: 11ms)
 GET /getting-started 200 in 176ms (next.js: 2ms, proxy.ts: 4ms, application-code: 169ms)
 GET /api/auth/get-session 200 in 33ms (next.js: 8ms, proxy.ts: 3ms, application-code: 23ms)
 GET /api/auth/organization/list 200 in 37ms (next.js: 14ms, proxy.ts: 3ms, application-code: 20ms)
 GET /getting-started 200 in 244ms (next.js: 3ms, proxy.ts: 3ms, application-code: 239ms)
  ✓  25 [chromium] › e2e/getting-started-local.spec.ts:6:7 › guided setup en requires selected accounts and qualified milestones (2.7s)
 GET /insights/devices?client=80000000-0000-4000-8000-000000000094 200 in 177ms (next.js: 6ms, proxy.ts: 2ms, application-code: 169ms)
 GET /api/auth/get-session 200 in 34ms (next.js: 9ms, proxy.ts: 7ms, application-code: 18ms)
 GET /api/auth/organization/list 200 in 36ms (next.js: 15ms, proxy.ts: 6ms, application-code: 15ms)
 GET /tasks 200 in 92ms (next.js: 8ms, proxy.ts: 14ms, application-code: 70ms)
 GET /discussions/tasks/22bcd0ad-3422-4176-9b5c-bd6013609aae 200 in 1283ms (next.js: 1130ms, proxy.ts: 2ms, application-code: 151ms)
 GET /api/auth/get-session 200 in 88ms (next.js: 16ms, proxy.ts: 16ms, application-code: 55ms)
 GET /api/auth/organization/list 200 in 94ms (next.js: 36ms, proxy.ts: 18ms, application-code: 40ms)
 GET /dashboard 200 in 273ms (next.js: 7ms, proxy.ts: 4ms, application-code: 262ms)
 GET /tasks 200 in 79ms (next.js: 4ms, proxy.ts: 6ms, application-code: 68ms)
 GET /dashboard 200 in 114ms (next.js: 8ms, proxy.ts: 4ms, application-code: 102ms)
 GET /tasks 200 in 73ms (next.js: 3ms, proxy.ts: 3ms, application-code: 67ms)
 GET /dashboard?client=invalid 404 in 107ms (next.js: 2ms, proxy.ts: 2ms, application-code: 103ms)
 GET /dashboard?client= 404 in 111ms (next.js: 2ms, proxy.ts: 2ms, application-code: 107ms)
 GET /dashboard?client=80000000-0000-4000-8000-000000000095 404 in 129ms (next.js: 1.9ms, proxy.ts: 1.7ms, application-code: 126ms)
 GET /dashboard?client=80000000-0000-4000-8000-000000000094&client=80000000-0000-4000-8000-000000000095 404 in 121ms (next.js: 1.9ms, proxy.ts: 1.7ms, application-code: 118ms)
 GET /analysis?client=invalid 404 in 124ms (next.js: 4ms, proxy.ts: 2ms, application-code: 118ms)
 GET /analysis?client= 404 in 129ms (next.js: 3ms, proxy.ts: 3ms, application-code: 123ms)
 GET /analysis?client=80000000-0000-4000-8000-000000000095 404 in 148ms (next.js: 5ms, proxy.ts: 2ms, application-code: 141ms)
 GET /analysis?client=80000000-0000-4000-8000-000000000094&client=80000000-0000-4000-8000-000000000095 404 in 106ms (next.js: 2ms, proxy.ts: 1.7ms, application-code: 102ms)
 GET /insights?client=invalid 404 in 114ms (next.js: 3ms, proxy.ts: 1.6ms, application-code: 109ms)
 GET /insights?client= 404 in 109ms (next.js: 1.7ms, proxy.ts: 1.6ms, application-code: 106ms)
 GET /insights?client=80000000-0000-4000-8000-000000000095 404 in 112ms (next.js: 1.7ms, proxy.ts: 1.9ms, application-code: 109ms)
 GET /insights?client=80000000-0000-4000-8000-000000000094&client=80000000-0000-4000-8000-000000000095 404 in 139ms (next.js: 1.6ms, proxy.ts: 3ms, application-code: 135ms)
 GET /history?client=invalid 404 in 178ms (next.js: 62ms, proxy.ts: 1.8ms, application-code: 113ms)
 GET /history?client= 404 in 117ms (next.js: 2ms, proxy.ts: 1.6ms, application-code: 113ms)
 GET /history?client=80000000-0000-4000-8000-000000000095 404 in 121ms (next.js: 1.7ms, proxy.ts: 1.6ms, application-code: 117ms)
 GET /history?client=80000000-0000-4000-8000-000000000094&client=80000000-0000-4000-8000-000000000095 404 in 137ms (next.js: 2ms, proxy.ts: 3ms, application-code: 132ms)
 GET /dashboard?client=80000000-0000-4000-8000-000000000094 404 in 129ms (next.js: 2ms, proxy.ts: 2ms, application-code: 124ms)
  ✓  26 [chromium] › e2e/navigation-state-local.spec.ts:14:53 › live navigation state › follows client navigation, keyboard and invalid accounts in fr (6.0s)
 GET /insights/devices?client=80000000-0000-4000-8000-000000000094 200 in 151ms (next.js: 5ms, proxy.ts: 2ms, application-code: 143ms)
 GET /api/auth/get-session 200 in 34ms (next.js: 6ms, proxy.ts: 11ms, application-code: 17ms)
 GET /api/auth/organization/list 200 in 30ms (next.js: 12ms, proxy.ts: 5ms, application-code: 13ms)
 GET /tasks 200 in 107ms (next.js: 9ms, proxy.ts: 5ms, application-code: 93ms)
 GET /discussions/tasks/9d45e7e9-7de8-4e6e-aa56-36fcaf770ab0 200 in 130ms (next.js: 6ms, proxy.ts: 1.9ms, application-code: 122ms)
 GET /api/auth/get-session 200 in 47ms (next.js: 17ms, proxy.ts: 11ms, application-code: 18ms)
 GET /api/auth/organization/list 200 in 61ms (next.js: 14ms, proxy.ts: 7ms, application-code: 41ms)
 GET /dashboard 200 in 111ms (next.js: 4ms, proxy.ts: 3ms, application-code: 104ms)
 GET /tasks 200 in 63ms (next.js: 3ms, proxy.ts: 3ms, application-code: 58ms)
 GET /dashboard 200 in 138ms (next.js: 7ms, proxy.ts: 3ms, application-code: 129ms)
 GET /tasks 200 in 171ms (next.js: 2ms, proxy.ts: 3ms, application-code: 166ms)
 GET /dashboard?client=invalid 404 in 141ms (next.js: 3ms, proxy.ts: 13ms, application-code: 126ms)
 GET /dashboard?client= 404 in 135ms (next.js: 2ms, proxy.ts: 8ms, application-code: 125ms)
 GET /dashboard?client=80000000-0000-4000-8000-000000000095 404 in 123ms (next.js: 2.0ms, proxy.ts: 1.8ms, application-code: 119ms)
 GET /dashboard?client=80000000-0000-4000-8000-000000000094&client=80000000-0000-4000-8000-000000000095 404 in 136ms (next.js: 1.9ms, proxy.ts: 3ms, application-code: 131ms)
 GET /analysis?client=invalid 404 in 124ms (next.js: 2ms, proxy.ts: 2ms, application-code: 120ms)
 GET /analysis?client= 404 in 114ms (next.js: 2ms, proxy.ts: 3ms, application-code: 108ms)
 GET /analysis?client=80000000-0000-4000-8000-000000000095 404 in 119ms (next.js: 1.8ms, proxy.ts: 1.7ms, application-code: 116ms)
 GET /analysis?client=80000000-0000-4000-8000-000000000094&client=80000000-0000-4000-8000-000000000095 404 in 151ms (next.js: 2ms, proxy.ts: 2ms, application-code: 147ms)
 GET /insights?client=invalid 404 in 265ms (next.js: 4ms, proxy.ts: 4ms, application-code: 257ms)
 GET /insights?client= 404 in 117ms (next.js: 3ms, proxy.ts: 2ms, application-code: 112ms)
 GET /insights?client=80000000-0000-4000-8000-000000000095 404 in 125ms (next.js: 1.9ms, proxy.ts: 2ms, application-code: 121ms)
 GET /insights?client=80000000-0000-4000-8000-000000000094&client=80000000-0000-4000-8000-000000000095 404 in 114ms (next.js: 3ms, proxy.ts: 2ms, application-code: 109ms)
 GET /history?client=invalid 404 in 104ms (next.js: 1.9ms, proxy.ts: 1.7ms, application-code: 101ms)
 GET /history?client= 404 in 270ms (next.js: 3ms, proxy.ts: 4ms, application-code: 264ms)
 GET /history?client=80000000-0000-4000-8000-000000000095 404 in 174ms (next.js: 2ms, proxy.ts: 2ms, application-code: 169ms)
 GET /history?client=80000000-0000-4000-8000-000000000094&client=80000000-0000-4000-8000-000000000095 404 in 158ms (next.js: 4ms, proxy.ts: 2ms, application-code: 152ms)
 GET /dashboard?client=80000000-0000-4000-8000-000000000094 404 in 317ms (next.js: 2ms, proxy.ts: 1.8ms, application-code: 313ms)
  ✓  27 [chromium] › e2e/navigation-state-local.spec.ts:14:53 › live navigation state › follows client navigation, keyboard and invalid accounts in en (4.9s)
 GET /operations/costs?month=2001-03 200 in 492ms (next.js: 139ms, proxy.ts: 2ms, application-code: 351ms)
 GET /api/auth/get-session 200 in 30ms (next.js: 6ms, proxy.ts: 4ms, application-code: 20ms)
 GET /api/auth/organization/list 200 in 26ms (next.js: 5ms, proxy.ts: 7ms, application-code: 14ms)
 GET /operations/costs?month=2001-03&notice=Observation+enregistr%C3%A9e+avec+sa+version+et+son+audit. 200 in 143ms (next.js: 8ms, proxy.ts: 2ms, application-code: 133ms)
 POST /operations/costs?month=2001-03 200 in 178ms (next.js: 2ms, proxy.ts: 2ms, application-code: 174ms)
  └─ ƒ recordOperatingCost({}) in 19ms src/app/(app)/operations/costs/actions.ts
 GET /operations/costs?month=2001-03&error=Cette+r%C3%A9f%C3%A9rence+a+%C3%A9t%C3%A9+modifi%C3%A9e.+Rechargez+sa+version+courante. 200 in 120ms (next.js: 2ms, proxy.ts: 1.9ms, application-code: 116ms)
 POST /operations/costs?month=2001-03&notice=Observation+enregistr%C3%A9e+avec+sa+version+et+son+audit. 200 in 148ms (next.js: 2ms, proxy.ts: 5ms, application-code: 140ms)
  └─ ƒ recordOperatingCost({}) in 8ms src/app/(app)/operations/costs/actions.ts
 GET /operations/costs?month=2001-03&notice=Observation+enregistr%C3%A9e+avec+sa+version+et+son+audit. 200 in 88ms (next.js: 2ms, proxy.ts: 1.5ms, application-code: 84ms)
 POST /operations/costs?month=2001-03&error=Cette+r%C3%A9f%C3%A9rence+a+%C3%A9t%C3%A9+modifi%C3%A9e.+Rechargez+sa+version+courante. 200 in 110ms (next.js: 2ms, proxy.ts: 2ms, application-code: 106ms)
  └─ ƒ recordOperatingCost({}) in 11ms src/app/(app)/operations/costs/actions.ts
 GET /operations/costs?month=2001-03&notice=Observation+enregistr%C3%A9e+avec+sa+version+et+son+audit. 200 in 566ms (next.js: 1.8ms, proxy.ts: 1.8ms, application-code: 563ms)
 GET /api/auth/get-session 200 in 30ms (next.js: 5ms, proxy.ts: 3ms, application-code: 22ms)
 GET /api/auth/organization/list 200 in 32ms (next.js: 17ms, proxy.ts: 3ms, application-code: 12ms)
 GET /operations/costs?month=2001-03&after=browser-cost-baadcb24-8c6d-4737-ae9d-11db16c0e767-24 200 in 80ms (next.js: 3ms, proxy.ts: 3ms, application-code: 73ms)
 GET /operations/costs?month=2001-03 200 in 119ms (next.js: 2ms, proxy.ts: 2ms, application-code: 115ms)
 GET /operations/costs?month=2001-03&notice=Observation+enregistr%C3%A9e+avec+sa+version+et+son+audit. 200 in 182ms (next.js: 1.7ms, proxy.ts: 1.7ms, application-code: 178ms)
 POST /operations/costs?month=2001-03 200 in 202ms (next.js: 2ms, proxy.ts: 2ms, application-code: 197ms)
  └─ ƒ recordOperatingCost({}) in 9ms src/app/(app)/operations/costs/actions.ts
 GET /operations/costs?month=2001-03 404 in 106ms (next.js: 2ms, proxy.ts: 3ms, application-code: 100ms)
 GET /api/auth/get-session 200 in 155ms (next.js: 101ms, proxy.ts: 33ms, application-code: 20ms)
 GET /api/auth/organization/list 200 in 152ms (next.js: 107ms, proxy.ts: 34ms, application-code: 10ms)
 GET /operations 404 in 231ms (next.js: 6ms, proxy.ts: 4ms, application-code: 221ms)
 GET /api/auth/get-session 200 in 26ms (next.js: 7ms, proxy.ts: 5ms, application-code: 14ms)
 GET /api/auth/organization/list 200 in 27ms (next.js: 13ms, proxy.ts: 3ms, application-code: 11ms)
 GET /operations/costs?month=2001-03 404 in 115ms (next.js: 5ms, proxy.ts: 4ms, application-code: 106ms)
  ✓  28 [chromium] › e2e/operating-costs-local.spec.ts:5:55 › operating costs preserve evidence, corrections, pagination and operator access (4.8s)
 GET /settings 200 in 214ms (next.js: 6ms, proxy.ts: 1.9ms, application-code: 206ms)
 GET /api/auth/get-session 200 in 43ms (next.js: 12ms, proxy.ts: 8ms, application-code: 23ms)
 GET /api/auth/organization/list 200 in 44ms (next.js: 18ms, proxy.ts: 10ms, application-code: 16ms)
 GET /settings?error=La+confirmation+ne+correspond+pas+%C3%A0+l%E2%80%99identifiant+de+l%E2%80%99espace. 200 in 101ms (next.js: 11ms, proxy.ts: 2ms, application-code: 88ms)
 POST /settings 200 in 136ms (next.js: 5ms, proxy.ts: 3ms, application-code: 127ms)
  └─ ƒ transferWorkspaceOwnership({}) in 10ms src/app/actions.ts
 GET /settings?notice=Propri%C3%A9t%C3%A9+de+l%E2%80%99espace+transf%C3%A9r%C3%A9e. 200 in 100ms (next.js: 3ms, proxy.ts: 3ms, application-code: 93ms)
 POST /settings?error=La%20confirmation%20ne%20correspond%20pas%20%C3%A0%20l%E2%80%99identifiant%20de%20l%E2%80%99espace. 200 in 142ms (next.js: 4ms, proxy.ts: 3ms, application-code: 135ms)
  └─ ƒ transferWorkspaceOwnership({}) in 11ms src/app/actions.ts
  ✘  29 [chromium] › e2e/ownership-local.spec.ts:5:61 › ownership transfer fr rechecks old owner authority and preserves other agencies (1.1s)
(node:89719) Warning: The 'NO_COLOR' env is ignored due to the 'FORCE_COLOR' env being set.
(Use `node --trace-warnings ...` to show where the warning was created)
 GET /settings 200 in 179ms (next.js: 2.0ms, proxy.ts: 2ms, application-code: 175ms)
 GET /api/auth/get-session 200 in 19ms (next.js: 6ms, proxy.ts: 3ms, application-code: 11ms)
 GET /api/auth/organization/list 200 in 21ms (next.js: 9ms, proxy.ts: 3ms, application-code: 8ms)
 GET /settings?error=La+confirmation+ne+correspond+pas+%C3%A0+l%E2%80%99identifiant+de+l%E2%80%99espace. 200 in 107ms (next.js: 2.0ms, proxy.ts: 2ms, application-code: 103ms)
 POST /settings 200 in 128ms (next.js: 2ms, proxy.ts: 2ms, application-code: 123ms)
  └─ ƒ transferWorkspaceOwnership({}) in 7ms src/app/actions.ts
 GET /settings?notice=Workspace+ownership+transferred. 200 in 92ms (next.js: 2ms, proxy.ts: 1.9ms, application-code: 88ms)
 POST /settings?error=La%20confirmation%20ne%20correspond%20pas%20%C3%A0%20l%E2%80%99identifiant%20de%20l%E2%80%99espace. 200 in 121ms (next.js: 5ms, proxy.ts: 4ms, application-code: 112ms)
  └─ ƒ transferWorkspaceOwnership({}) in 11ms src/app/actions.ts
 GET /settings?error=Seul+le+propri%C3%A9taire+peut+transf%C3%A9rer+la+propri%C3%A9t%C3%A9. 200 in 83ms (next.js: 2ms, proxy.ts: 3ms, application-code: 77ms)
 POST /settings?error=La%20confirmation%20ne%20correspond%20pas%20%C3%A0%20l%E2%80%99identifiant%20de%20l%E2%80%99espace. 200 in 109ms (next.js: 5ms, proxy.ts: 6ms, application-code: 99ms)
  └─ ƒ transferWorkspaceOwnership({}) in 6ms src/app/actions.ts
 GET /settings 200 in 176ms (next.js: 1.8ms, proxy.ts: 1.7ms, application-code: 173ms)
 GET /api/auth/get-session 200 in 26ms (next.js: 9ms, proxy.ts: 3ms, application-code: 15ms)
 GET /api/auth/organization/list 200 in 36ms (next.js: 13ms, proxy.ts: 3ms, application-code: 20ms)
  ✓  30 [chromium] › e2e/ownership-local.spec.ts:5:61 › ownership transfer en rechecks old owner authority and preserves other agencies (2.0s)
 GET /portfolio?q=PORTFOLIO_ 200 in 439ms (next.js: 89ms, proxy.ts: 1.8ms, application-code: 348ms)
 GET /api/auth/get-session 200 in 21ms (next.js: 5ms, proxy.ts: 3ms, application-code: 12ms)
 GET /api/auth/organization/list 200 in 22ms (next.js: 10ms, proxy.ts: 3ms, application-code: 10ms)
 GET /portfolio?q=PORTFOLIO_&cursor=eyJ2IjoxLCJpdiI6IlhSQXdaandYUEQ4ZzUtTTEiLCJ0YWciOiJzYXhXQW9tTERIY2FyQVZ1cWFIVlpnIiwiZGF0YSI6IlZMNUVLMHc0a2FEZzlTb3M4ZFNrS2w0cTF4YkVpX1B4dDlZRVlHZ0NIZXlPSUVXLWZqa0c0aDU0MDRucjZwaEoxQUN3NVd0ZjhYeWZTcEdibzd1OXVyM2VtbUpJZ0h6MzNzRHZMeFh6Z2o1aElZbjdKbWxjQkkwLVRXcm5ZTlRib1ZKWnd3MEI4enZCWldHMEpVZHptQUxqUkp2YUt6TkRDdTBTZS1vbnF6cjBEQjVtSDY1UkNRLVg2c0FpZnlJWTByVF9YR3pBRHlkTXJhcFgzaTlxUzJzZkJtaGxYbEp3alYxN3FlcXlOOGUzRk5qREltQjRpN2UxNlYwOW5oSUZiS25wcUVVektRb2lkOEhhSjYyQjJ2UkJxb2VWWDh4d1R5R3NYaG1ZcjNwNVVEeXF4dUVlancifQ 200 in 119ms (next.js: 5ms, proxy.ts: 4ms, application-code: 110ms)
 GET /portfolio?q=PORTFOLIO_&attention=missing_data&currency=&assignee= 200 in 175ms (next.js: 1.8ms, proxy.ts: 2.0ms, application-code: 171ms)
 GET /api/auth/get-session 200 in 26ms (next.js: 12ms, proxy.ts: 2ms, application-code: 12ms)
 GET /api/auth/organization/list 200 in 28ms (next.js: 6ms, proxy.ts: 3ms, application-code: 19ms)
 GET /portfolio?q=PORTFOLIO_&attention=missing_data&view_notice=saved 200 in 98ms (next.js: 1.8ms, proxy.ts: 2ms, application-code: 94ms)
 POST /portfolio?q=PORTFOLIO_&attention=missing_data&currency=&assignee= 200 in 125ms (next.js: 4ms, proxy.ts: 4ms, application-code: 117ms)
  └─ ƒ storePortfolioView({}) in 10ms src/app/portfolio-actions.ts
 GET /portfolio?q=PORTFOLIO_&attention=missing_data&view_notice=saved 200 in 119ms (next.js: 1.7ms, proxy.ts: 1.6ms, application-code: 115ms)
 POST /portfolio?q=PORTFOLIO_&attention=missing_data&view_notice=saved 200 in 137ms (next.js: 2ms, proxy.ts: 3ms, application-code: 132ms)
  └─ ƒ storePortfolioView({}) in 9ms src/app/portfolio-actions.ts
 GET /portfolio?q=PORTFOLIO_ 200 in 652ms (next.js: 2ms, proxy.ts: 3ms, application-code: 647ms)
 GET /api/auth/get-session 200 in 61ms (next.js: 8ms, proxy.ts: 5ms, application-code: 47ms)
 GET /api/auth/organization/list 200 in 76ms (next.js: 26ms, proxy.ts: 5ms, application-code: 44ms)
 GET /portfolio?view_notice=conflict 200 in 308ms (next.js: 20ms, proxy.ts: 14ms, application-code: 274ms)
 POST /portfolio?q=PORTFOLIO_ 200 in 504ms (next.js: 36ms, proxy.ts: 11ms, application-code: 457ms)
  └─ ƒ removePortfolioView({}) in 87ms src/app/portfolio-actions.ts
 GET /portfolio?q=PORTFOLIO_ 200 in 434ms (next.js: 4ms, proxy.ts: 5ms, application-code: 425ms)
 GET /api/auth/get-session 200 in 64ms (next.js: 16ms, proxy.ts: 9ms, application-code: 38ms)
 GET /api/auth/organization/list 200 in 71ms (next.js: 24ms, proxy.ts: 11ms, application-code: 37ms)
 GET /portfolio?view_notice=deleted 200 in 257ms (next.js: 4ms, proxy.ts: 5ms, application-code: 247ms)
 POST /portfolio?q=PORTFOLIO_ 200 in 294ms (next.js: 3ms, proxy.ts: 4ms, application-code: 286ms)
  └─ ƒ removePortfolioView({}) in 16ms src/app/portfolio-actions.ts
 GET /tasks?status=open&assignee=unassigned 200 in 65ms (next.js: 5ms, proxy.ts: 2ms, application-code: 57ms)
 GET /portfolio?assignee=local-browser-fixture-owner 200 in 405ms (next.js: 11ms, proxy.ts: 37ms, application-code: 357ms)
 GET /api/auth/get-session 200 in 149ms (next.js: 46ms, proxy.ts: 7ms, application-code: 96ms)
 GET /api/auth/organization/list 200 in 154ms (next.js: 36ms, proxy.ts: 23ms, application-code: 94ms)
 GET /portfolio?assignee=local-browser-fixture-owner 200 in 228ms (next.js: 4ms, proxy.ts: 3ms, application-code: 221ms)
 GET /api/auth/get-session 200 in 98ms (next.js: 47ms, proxy.ts: 14ms, application-code: 37ms)
 GET /api/auth/organization/list 200 in 102ms (next.js: 52ms, proxy.ts: 13ms, application-code: 37ms)
 GET /portfolio?q=PORTFOLIO_ 200 in 403ms (next.js: 2ms, proxy.ts: 6ms, application-code: 394ms)
 GET /api/auth/get-session 200 in 28ms (next.js: 6ms, proxy.ts: 5ms, application-code: 17ms)
 GET /api/auth/organization/list 200 in 28ms (next.js: 9ms, proxy.ts: 4ms, application-code: 15ms)
 GET /portfolio?q=PORTFOLIO_ 200 in 476ms (next.js: 3ms, proxy.ts: 4ms, application-code: 469ms)
 GET /api/auth/get-session 200 in 50ms (next.js: 37ms, proxy.ts: 4ms, application-code: 10ms)
 GET /api/auth/organization/list 200 in 52ms (next.js: 30ms, proxy.ts: 4ms, application-code: 17ms)
⨯ Error [PermissionDeniedError]: Permission required: portfolio:read
    at requirePermission (src/lib/permissions.ts:79:19)
    at requireWorkspacePermission (src/lib/workspace.ts:164:73)
    at async PortfolioPage (src/app/(app)/portfolio/page.tsx:16:40)
  77 | export function requirePermission(role: WorkspaceRole, permission: Permission) {
  78 |   if (!rolePermissions[role].has(permission)) {
> 79 |     const error = new Error(`Permission required: ${permission}`)
     |                   ^
  80 |     error.name = 'PermissionDeniedError'
  81 |     throw error
  82 |   } {
  digest: '840931461'
}
 GET /portfolio?q=PORTFOLIO_ 307 in 124ms (next.js: 4ms, proxy.ts: 3ms, application-code: 117ms)
 GET /support?error=Acc%C3%A8s%20non%20autoris%C3%A9 200 in 161ms (next.js: 51ms, proxy.ts: 6ms, application-code: 104ms)
 GET /portfolio?q=PORTFOLIO_ 307 in 95ms (next.js: 2ms, proxy.ts: 2ms, application-code: 91ms)
 GET /sign-in 200 in 47ms (next.js: 8ms, proxy.ts: 3ms, application-code: 36ms)
{"locale":"fr","developmentStyleViolations":232,"applicationErrors":0}
  ✓  31 [chromium] › e2e/portfolio-local.spec.ts:13:53 › agency portfolio › reviews 50 accounts, personal views and team workload in fr (9.6s)
 GET /portfolio?q=PORTFOLIO_ 200 in 311ms (next.js: 2ms, proxy.ts: 2ms, application-code: 306ms)
 GET /api/auth/get-session 200 in 26ms (next.js: 7ms, proxy.ts: 3ms, application-code: 16ms)
 GET /api/auth/organization/list 200 in 27ms (next.js: 12ms, proxy.ts: 3ms, application-code: 12ms)
 GET /portfolio?q=PORTFOLIO_&cursor=eyJ2IjoxLCJpdiI6Ijg3R3h4MmljMnJ0Y1FVcUwiLCJ0YWciOiJvUFI0Znp6XzUtOVdDVkF6Sy00Wi1RIiwiZGF0YSI6IlVEbDUydS1DZ1h1cXpKdWFJMF9rVkQ3UHpLcDktSWcyOV9ZUjQwbTZjSGVZMzN1QnhTU1ZIV1A4elQwaHJndldBTWJBMW8zZkhReUZ2b25fTGdUWmM0ZXhkQXp6M0FjQlR0U0U3d0xEX2pEc2JfRnVlZy1JcjB4dTlFNElrMnk1aS1WMTlkRUdDT2llbjB2MTZOSkVmbVNibjV4RWJUMkh1cE8tOGdHTDhJandUS0YzMkFUV1FtbGM5NU1vVF8xZEFBYllMN1RRMU05VjJqclJKRzdGU2g1TnJNbGlxbk0yT05kLWxmZkxGb1V4RHhRNnVLcm4yaTBORW9MTnJSMEVVRlJXM2VtOHNUaER6M1RabzNEN0pUOXdmT3pNSEt3RGZiOUNJMVFnWGE3Wk9NdXpKYjlUYncifQ 200 in 330ms (next.js: 5ms, proxy.ts: 2ms, application-code: 323ms)
 GET /portfolio?q=PORTFOLIO_&attention=missing_data&currency=&assignee= 200 in 288ms (next.js: 3ms, proxy.ts: 3ms, application-code: 282ms)
 GET /api/auth/get-session 200 in 298ms (next.js: 110ms, proxy.ts: 77ms, application-code: 110ms)
 GET /api/auth/organization/list 200 in 286ms (next.js: 107ms, proxy.ts: 86ms, application-code: 93ms)
 GET /portfolio?q=PORTFOLIO_&attention=missing_data&view_notice=saved 200 in 188ms (next.js: 15ms, proxy.ts: 13ms, application-code: 161ms)
 POST /portfolio?q=PORTFOLIO_&attention=missing_data&currency=&assignee= 200 in 301ms (next.js: 25ms, proxy.ts: 33ms, application-code: 242ms)
  └─ ƒ storePortfolioView({}) in 30ms src/app/portfolio-actions.ts
 GET /portfolio?q=PORTFOLIO_&attention=missing_data&view_notice=saved 200 in 112ms (next.js: 2ms, proxy.ts: 4ms, application-code: 107ms)
 POST /portfolio?q=PORTFOLIO_&attention=missing_data&view_notice=saved 200 in 142ms (next.js: 5ms, proxy.ts: 6ms, application-code: 131ms)
  └─ ƒ storePortfolioView({}) in 8ms src/app/portfolio-actions.ts
 GET /portfolio?q=PORTFOLIO_ 200 in 423ms (next.js: 4ms, proxy.ts: 5ms, application-code: 414ms)
 GET /api/auth/get-session 200 in 33ms (next.js: 9ms, proxy.ts: 3ms, application-code: 20ms)
 GET /api/auth/organization/list 200 in 37ms (next.js: 15ms, proxy.ts: 4ms, application-code: 19ms)
 GET /portfolio?view_notice=conflict 200 in 166ms (next.js: 5ms, proxy.ts: 3ms, application-code: 158ms)
 POST /portfolio?q=PORTFOLIO_ 200 in 202ms (next.js: 4ms, proxy.ts: 5ms, application-code: 193ms)
  └─ ƒ removePortfolioView({}) in 14ms src/app/portfolio-actions.ts
 GET /portfolio?q=PORTFOLIO_ 200 in 440ms (next.js: 4ms, proxy.ts: 2ms, application-code: 435ms)
 GET /api/auth/get-session 200 in 30ms (next.js: 6ms, proxy.ts: 3ms, application-code: 21ms)
 GET /api/auth/organization/list 200 in 36ms (next.js: 13ms, proxy.ts: 3ms, application-code: 20ms)
 GET /portfolio?view_notice=deleted 200 in 187ms (next.js: 2ms, proxy.ts: 1.9ms, application-code: 183ms)
 POST /portfolio?q=PORTFOLIO_ 200 in 222ms (next.js: 5ms, proxy.ts: 3ms, application-code: 215ms)
  └─ ƒ removePortfolioView({}) in 16ms src/app/portfolio-actions.ts
 GET /tasks?status=open&assignee=unassigned 200 in 343ms (next.js: 79ms, proxy.ts: 3ms, application-code: 261ms)
 GET /portfolio?assignee=local-browser-fixture-owner 200 in 312ms (next.js: 10ms, proxy.ts: 18ms, application-code: 284ms)
 GET /api/auth/get-session 200 in 126ms (next.js: 22ms, proxy.ts: 27ms, application-code: 76ms)
 GET /api/auth/organization/list 200 in 124ms (next.js: 31ms, proxy.ts: 26ms, application-code: 67ms)
 GET /portfolio?assignee=local-browser-fixture-owner 200 in 227ms (next.js: 2ms, proxy.ts: 3ms, application-code: 222ms)
 GET /api/auth/get-session 200 in 244ms (next.js: 175ms, proxy.ts: 17ms, application-code: 52ms)
 GET /api/auth/organization/list 200 in 247ms (next.js: 179ms, proxy.ts: 16ms, application-code: 51ms)
 GET /portfolio?q=PORTFOLIO_ 200 in 673ms (next.js: 2ms, proxy.ts: 2.0ms, application-code: 669ms)
 GET /api/auth/get-session 200 in 50ms (next.js: 10ms, proxy.ts: 6ms, application-code: 35ms)
 GET /api/auth/organization/list 200 in 57ms (next.js: 24ms, proxy.ts: 6ms, application-code: 26ms)
 GET /portfolio?q=PORTFOLIO_ 200 in 380ms (next.js: 2ms, proxy.ts: 2ms, application-code: 376ms)
 GET /api/auth/get-session 200 in 32ms (next.js: 7ms, proxy.ts: 6ms, application-code: 19ms)
 GET /api/auth/organization/list 200 in 37ms (next.js: 12ms, proxy.ts: 6ms, application-code: 19ms)
⨯ Error [PermissionDeniedError]: Permission required: portfolio:read
    at requirePermission (src/lib/permissions.ts:79:19)
    at requireWorkspacePermission (src/lib/workspace.ts:164:73)
    at async PortfolioPage (src/app/(app)/portfolio/page.tsx:16:40)
  77 | export function requirePermission(role: WorkspaceRole, permission: Permission) {
  78 |   if (!rolePermissions[role].has(permission)) {
> 79 |     const error = new Error(`Permission required: ${permission}`)
     |                   ^
  80 |     error.name = 'PermissionDeniedError'
  81 |     throw error
  82 |   } {
  digest: '840931461'
}
 GET /portfolio?q=PORTFOLIO_ 307 in 156ms (next.js: 4ms, proxy.ts: 10ms, application-code: 142ms)
 GET /support?error=Acc%C3%A8s%20non%20autoris%C3%A9 200 in 166ms (next.js: 5ms, proxy.ts: 8ms, application-code: 153ms)
 GET /portfolio?q=PORTFOLIO_ 307 in 106ms (next.js: 2ms, proxy.ts: 3ms, application-code: 100ms)
 GET /sign-in 200 in 43ms (next.js: 6ms, proxy.ts: 2ms, application-code: 35ms)
{"locale":"en","developmentStyleViolations":234,"applicationErrors":0}
  ✓  32 [chromium] › e2e/portfolio-local.spec.ts:13:53 › agency portfolio › reviews 50 accounts, personal views and team workload in en (9.6s)
 GET /billing 200 in 206ms (next.js: 47ms, proxy.ts: 2.0ms, application-code: 157ms)
 GET /api/auth/get-session 200 in 24ms (next.js: 5ms, proxy.ts: 2ms, application-code: 17ms)
 GET /api/auth/organization/list 200 in 27ms (next.js: 12ms, proxy.ts: 2ms, application-code: 13ms)
 GET /accounts 200 in 186ms (next.js: 57ms, proxy.ts: 3ms, application-code: 126ms)
 GET /api/auth/get-session 200 in 44ms (next.js: 4ms, proxy.ts: 4ms, application-code: 36ms)
 GET /api/auth/organization/list 200 in 47ms (next.js: 26ms, proxy.ts: 4ms, application-code: 17ms)
 POST /accounts 200 in 80ms (next.js: 2ms, proxy.ts: 4ms, application-code: 74ms)
  └─ ƒ setCookieConsent({}) in 2ms src/app/preferences-actions.ts
 GET /accounts?selection=saved 200 in 64ms (next.js: 2ms, proxy.ts: 3ms, application-code: 59ms)
 POST /accounts 200 in 100ms (next.js: 5ms, proxy.ts: 6ms, application-code: 90ms)
  └─ ƒ updateManagedAccounts({}) in 16ms src/app/account-selection-actions.ts
 GET /accounts?selection=saved 200 in 154ms (next.js: 3ms, proxy.ts: 2ms, application-code: 149ms)
 POST /accounts?selection=saved 200 in 196ms (next.js: 7ms, proxy.ts: 8ms, application-code: 181ms)
  └─ ƒ updateManagedAccounts({}) in 12ms src/app/account-selection-actions.ts
 GET /accounts?selection=conflict 200 in 85ms (next.js: 1.9ms, proxy.ts: 2ms, application-code: 81ms)
 POST /accounts?selection=saved 200 in 113ms (next.js: 4ms, proxy.ts: 5ms, application-code: 104ms)
  └─ ƒ updateManagedAccounts({}) in 9ms src/app/account-selection-actions.ts
 GET /accounts?selection=saved 200 in 90ms (next.js: 3ms, proxy.ts: 3ms, application-code: 84ms)
 POST /accounts?selection=conflict 200 in 124ms (next.js: 5ms, proxy.ts: 3ms, application-code: 116ms)
  └─ ƒ updateManagedAccounts({}) in 17ms src/app/account-selection-actions.ts
 GET /accounts 200 in 135ms (next.js: 3ms, proxy.ts: 2ms, application-code: 130ms)
 GET /api/auth/get-session 200 in 50ms (next.js: 35ms, proxy.ts: 4ms, application-code: 11ms)
 GET /api/auth/organization/list 200 in 50ms (next.js: 15ms, proxy.ts: 3ms, application-code: 31ms)
  ✓  33 [chromium] › e2e/prod-ready-local.spec.ts:26:44 › local production readiness regression journeys › managed account selection preserves priorities and enforces quota in fr (3.0s)
 GET /billing 200 in 388ms (next.js: 4ms, proxy.ts: 4ms, application-code: 380ms)
 GET /api/auth/get-session 200 in 111ms (next.js: 28ms, proxy.ts: 44ms, application-code: 40ms)
 GET /api/auth/organization/list 200 in 188ms (next.js: 24ms, proxy.ts: 38ms, application-code: 126ms)
 GET /accounts 200 in 299ms (next.js: 9ms, proxy.ts: 23ms, application-code: 267ms)
 GET /api/auth/get-session 200 in 113ms (next.js: 29ms, proxy.ts: 6ms, application-code: 78ms)
 GET /api/auth/organization/list 200 in 138ms (next.js: 56ms, proxy.ts: 7ms, application-code: 75ms)
 POST /accounts 200 in 331ms (next.js: 10ms, proxy.ts: 31ms, application-code: 290ms)
  └─ ƒ setCookieConsent({}) in 5ms src/app/preferences-actions.ts
 GET /accounts?selection=saved 200 in 80ms (next.js: 2ms, proxy.ts: 2ms, application-code: 75ms)
 POST /accounts 200 in 188ms (next.js: 16ms, proxy.ts: 13ms, application-code: 159ms)
  └─ ƒ updateManagedAccounts({}) in 59ms src/app/account-selection-actions.ts
 GET /accounts?selection=saved 200 in 70ms (next.js: 3ms, proxy.ts: 2ms, application-code: 65ms)
 POST /accounts?selection=saved 200 in 111ms (next.js: 6ms, proxy.ts: 10ms, application-code: 95ms)
  └─ ƒ updateManagedAccounts({}) in 15ms src/app/account-selection-actions.ts
 GET /accounts?selection=conflict 200 in 108ms (next.js: 2ms, proxy.ts: 3ms, application-code: 102ms)
 POST /accounts?selection=saved 200 in 150ms (next.js: 3ms, proxy.ts: 20ms, application-code: 127ms)
  └─ ƒ updateManagedAccounts({}) in 11ms src/app/account-selection-actions.ts
 GET /accounts?selection=saved 200 in 229ms (next.js: 3ms, proxy.ts: 3ms, application-code: 224ms)
 POST /accounts?selection=conflict 200 in 273ms (next.js: 13ms, proxy.ts: 4ms, application-code: 256ms)
  └─ ƒ updateManagedAccounts({}) in 14ms src/app/account-selection-actions.ts
 GET /accounts 200 in 138ms (next.js: 3ms, proxy.ts: 2ms, application-code: 133ms)
  ✓  34 [chromium] › e2e/prod-ready-local.spec.ts:26:44 › local production readiness regression journeys › managed account selection preserves priorities and enforces quota in en (4.1s)
 GET /dashboard?client=80000000-0000-4000-8000-000000000004 200 in 590ms (next.js: 379ms, proxy.ts: 3ms, application-code: 209ms)
 GET /api/auth/get-session 200 in 41ms (next.js: 11ms, proxy.ts: 4ms, application-code: 25ms)
 GET /api/auth/organization/list 200 in 53ms (next.js: 20ms, proxy.ts: 4ms, application-code: 29ms)
 POST /dashboard?client=80000000-0000-4000-8000-000000000004 200 in 120ms (next.js: 6ms, proxy.ts: 7ms, application-code: 107ms)
  └─ ƒ setCookieConsent({}) in 2ms src/app/preferences-actions.ts
 GET /dashboard?client=80000000-0000-4000-8000-000000000004 200 in 224ms (next.js: 2ms, proxy.ts: 3ms, application-code: 219ms)
 GET /api/auth/get-session 200 in 41ms (next.js: 9ms, proxy.ts: 8ms, application-code: 23ms)
 GET /api/auth/organization/list 200 in 41ms (next.js: 14ms, proxy.ts: 8ms, application-code: 19ms)
  ✓  35 [chromium] › e2e/prod-ready-local.spec.ts:91:44 › local production readiness regression journeys › pacing uses covered completed days and hides forecasts with a gap in fr (1.8s)
 GET /dashboard?client=80000000-0000-4000-8000-000000000004 200 in 178ms (next.js: 2ms, proxy.ts: 2ms, application-code: 174ms)
 GET /api/auth/get-session 200 in 33ms (next.js: 8ms, proxy.ts: 6ms, application-code: 19ms)
 GET /api/auth/organization/list 200 in 49ms (next.js: 14ms, proxy.ts: 7ms, application-code: 27ms)
 POST /dashboard?client=80000000-0000-4000-8000-000000000004 200 in 98ms (next.js: 2ms, proxy.ts: 2ms, application-code: 94ms)
  └─ ƒ setCookieConsent({}) in 2ms src/app/preferences-actions.ts
 GET /dashboard?client=80000000-0000-4000-8000-000000000004 200 in 186ms (next.js: 1.9ms, proxy.ts: 2.0ms, application-code: 182ms)
 GET /api/auth/get-session 200 in 27ms (next.js: 6ms, proxy.ts: 3ms, application-code: 18ms)
 GET /api/auth/organization/list 200 in 30ms (next.js: 10ms, proxy.ts: 3ms, application-code: 17ms)
  ✓  36 [chromium] › e2e/prod-ready-local.spec.ts:91:44 › local production readiness regression journeys › pacing uses covered completed days and hides forecasts with a gap in en (1.1s)
 GET /dashboard?client=80000000-0000-4000-8000-000000000005 200 in 183ms (next.js: 1.9ms, proxy.ts: 1.7ms, application-code: 180ms)
 GET /api/auth/get-session 200 in 24ms (next.js: 6ms, proxy.ts: 3ms, application-code: 15ms)
 GET /api/auth/organization/list 200 in 28ms (next.js: 11ms, proxy.ts: 3ms, application-code: 15ms)
 GET /analysis?client=80000000-0000-4000-8000-000000000005 200 in 273ms (next.js: 66ms, proxy.ts: 6ms, application-code: 200ms)
 GET /api/auth/get-session 200 in 177ms (next.js: 4ms, proxy.ts: 4ms, application-code: 169ms)
 GET /api/auth/organization/list 200 in 183ms (next.js: 86ms, proxy.ts: 4ms, application-code: 94ms)
 GET /insights?client=80000000-0000-4000-8000-000000000005 200 in 359ms (next.js: 110ms, proxy.ts: 2ms, application-code: 247ms)
 GET /api/auth/get-session 200 in 78ms (next.js: 42ms, proxy.ts: 14ms, application-code: 23ms)
 GET /api/auth/organization/list 200 in 83ms (next.js: 46ms, proxy.ts: 14ms, application-code: 23ms)
 GET /dashboard?client=80000000-0000-4000-8000-000000000005 200 in 221ms (next.js: 1.8ms, proxy.ts: 2ms, application-code: 217ms)
 GET /api/auth/get-session 200 in 59ms (next.js: 10ms, proxy.ts: 5ms, application-code: 44ms)
 GET /api/auth/organization/list 200 in 93ms (next.js: 17ms, proxy.ts: 4ms, application-code: 72ms)
 GET /analysis?client=80000000-0000-4000-8000-000000000005 200 in 335ms (next.js: 7ms, proxy.ts: 19ms, application-code: 309ms)
 GET /api/auth/get-session 200 in 102ms (next.js: 27ms, proxy.ts: 29ms, application-code: 46ms)
 GET /api/auth/organization/list 200 in 106ms (next.js: 30ms, proxy.ts: 29ms, application-code: 47ms)
 GET /insights?client=80000000-0000-4000-8000-000000000005 200 in 244ms (next.js: 2ms, proxy.ts: 3ms, application-code: 238ms)
 GET /api/auth/get-session 200 in 87ms (next.js: 46ms, proxy.ts: 18ms, application-code: 22ms)
 GET /api/auth/organization/list 200 in 92ms (next.js: 50ms, proxy.ts: 18ms, application-code: 24ms)
 GET /insights?client=80000000-0000-4000-8000-000000000005 200 in 247ms (next.js: 2.0ms, proxy.ts: 2.0ms, application-code: 243ms)
 GET /api/auth/get-session 200 in 23ms (next.js: 6ms, proxy.ts: 3ms, application-code: 14ms)
 GET /api/auth/organization/list 200 in 25ms (next.js: 12ms, proxy.ts: 3ms, application-code: 11ms)
 POST /insights?client=80000000-0000-4000-8000-000000000005 200 in 99ms (next.js: 2ms, proxy.ts: 4ms, application-code: 92ms)
  └─ ƒ setCookieConsent({}) in 1ms src/app/preferences-actions.ts
  ✓  37 [chromium] › e2e/prod-ready-local.spec.ts:128:44 › local production readiness regression journeys › stored analytics remain available without Google and during grace in fr (3.5s)
 GET /dashboard?client=80000000-0000-4000-8000-000000000005 200 in 257ms (next.js: 2ms, proxy.ts: 2.0ms, application-code: 253ms)
 GET /api/auth/get-session 200 in 41ms (next.js: 9ms, proxy.ts: 5ms, application-code: 27ms)
 GET /api/auth/organization/list 200 in 47ms (next.js: 14ms, proxy.ts: 5ms, application-code: 28ms)
 GET /analysis?client=80000000-0000-4000-8000-000000000005 200 in 215ms (next.js: 11ms, proxy.ts: 4ms, application-code: 200ms)
 GET /api/auth/get-session 200 in 93ms (next.js: 59ms, proxy.ts: 16ms, application-code: 18ms)
 GET /api/auth/organization/list 200 in 99ms (next.js: 63ms, proxy.ts: 16ms, application-code: 20ms)
 GET /insights?client=80000000-0000-4000-8000-000000000005 200 in 312ms (next.js: 3ms, proxy.ts: 3ms, application-code: 307ms)
 GET /api/auth/get-session 200 in 82ms (next.js: 45ms, proxy.ts: 13ms, application-code: 23ms)
 GET /api/auth/organization/list 200 in 90ms (next.js: 49ms, proxy.ts: 13ms, application-code: 27ms)
 GET /dashboard?client=80000000-0000-4000-8000-000000000005 200 in 252ms (next.js: 2ms, proxy.ts: 4ms, application-code: 246ms)
 GET /api/auth/get-session 200 in 37ms (next.js: 4ms, proxy.ts: 3ms, application-code: 29ms)
 GET /api/auth/organization/list 200 in 45ms (next.js: 14ms, proxy.ts: 3ms, application-code: 27ms)
 GET /analysis?client=80000000-0000-4000-8000-000000000005 200 in 233ms (next.js: 7ms, proxy.ts: 8ms, application-code: 217ms)
 GET /api/auth/get-session 200 in 111ms (next.js: 21ms, proxy.ts: 34ms, application-code: 57ms)
 GET /api/auth/organization/list 200 in 109ms (next.js: 32ms, proxy.ts: 29ms, application-code: 48ms)
 GET /insights?client=80000000-0000-4000-8000-000000000005 200 in 278ms (next.js: 3ms, proxy.ts: 4ms, application-code: 271ms)
 GET /api/auth/get-session 200 in 115ms (next.js: 59ms, proxy.ts: 31ms, application-code: 26ms)
 GET /api/auth/organization/list 200 in 118ms (next.js: 60ms, proxy.ts: 32ms, application-code: 26ms)
 GET /insights?client=80000000-0000-4000-8000-000000000005 200 in 324ms (next.js: 1.8ms, proxy.ts: 2ms, application-code: 320ms)
 GET /api/auth/get-session 200 in 38ms (next.js: 12ms, proxy.ts: 4ms, application-code: 22ms)
 GET /api/auth/organization/list 200 in 41ms (next.js: 21ms, proxy.ts: 4ms, application-code: 16ms)
 POST /insights?client=80000000-0000-4000-8000-000000000005 200 in 90ms (next.js: 3ms, proxy.ts: 4ms, application-code: 83ms)
  └─ ƒ setCookieConsent({}) in 2ms src/app/preferences-actions.ts
  ✓  38 [chromium] › e2e/prod-ready-local.spec.ts:128:44 › local production readiness regression journeys › stored analytics remain available without Google and during grace in en (4.7s)
 GET /dashboard?client=80000000-0000-4000-8000-000000000006 200 in 205ms (next.js: 2ms, proxy.ts: 2ms, application-code: 201ms)
 GET /api/auth/get-session 200 in 28ms (next.js: 7ms, proxy.ts: 3ms, application-code: 18ms)
 GET /api/auth/organization/list 200 in 32ms (next.js: 13ms, proxy.ts: 3ms, application-code: 16ms)
 POST /dashboard?client=80000000-0000-4000-8000-000000000006 200 in 134ms (next.js: 1.7ms, proxy.ts: 4ms, application-code: 128ms)
  └─ ƒ setCookieConsent({}) in 2ms src/app/preferences-actions.ts
 GET /dashboard?client=80000000-0000-4000-8000-000000000006&sync=queued 200 in 93ms (next.js: 3ms, proxy.ts: 1.8ms, application-code: 89ms)
 POST /dashboard?client=80000000-0000-4000-8000-000000000006 200 in 119ms (next.js: 4ms, proxy.ts: 3ms, application-code: 113ms)
  └─ ƒ refreshAnalyticalData({}) in 12ms src/app/analytical-actions.ts
 GET /dashboard?client=80000000-0000-4000-8000-000000000006&sync=pending 200 in 104ms (next.js: 1.9ms, proxy.ts: 1.6ms, application-code: 101ms)
 POST /dashboard?client=80000000-0000-4000-8000-000000000006&sync=queued 200 in 124ms (next.js: 2ms, proxy.ts: 3ms, application-code: 119ms)
  └─ ƒ refreshAnalyticalData({}) in 8ms src/app/analytical-actions.ts
 GET /dashboard?client=80000000-0000-4000-8000-000000000006 200 in 196ms (next.js: 7ms, proxy.ts: 3ms, application-code: 187ms)
 GET /dashboard?client=80000000-0000-4000-8000-000000000006 200 in 168ms (next.js: 2ms, proxy.ts: 1.9ms, application-code: 164ms)
 GET /api/auth/get-session 200 in 25ms (next.js: 5ms, proxy.ts: 4ms, application-code: 16ms)
 GET /api/auth/organization/list 200 in 27ms (next.js: 11ms, proxy.ts: 4ms, application-code: 11ms)
 GET /dashboard?client=80000000-0000-4000-8000-000000000006&sync=unavailable 200 in 88ms (next.js: 2ms, proxy.ts: 3ms, application-code: 82ms)
 POST /dashboard?client=80000000-0000-4000-8000-000000000006 200 in 109ms (next.js: 3ms, proxy.ts: 2ms, application-code: 104ms)
  └─ ƒ refreshAnalyticalData({}) in 7ms src/app/analytical-actions.ts
  ✓  39 [chromium] › e2e/prod-ready-local.spec.ts:180:99 › local production readiness regression journeys › analytical refresh enqueues once and handles revoked connections in fr (2.2s)
 GET /dashboard?client=80000000-0000-4000-8000-000000000006 200 in 168ms (next.js: 2ms, proxy.ts: 3ms, application-code: 164ms)
 GET /api/auth/get-session 200 in 42ms (next.js: 19ms, proxy.ts: 4ms, application-code: 19ms)
 GET /api/auth/organization/list 200 in 43ms (next.js: 24ms, proxy.ts: 4ms, application-code: 15ms)
 POST /dashboard?client=80000000-0000-4000-8000-000000000006 200 in 116ms (next.js: 5ms, proxy.ts: 5ms, application-code: 106ms)
  └─ ƒ setCookieConsent({}) in 2ms src/app/preferences-actions.ts
 GET /dashboard?client=80000000-0000-4000-8000-000000000006&sync=queued 200 in 84ms (next.js: 1.8ms, proxy.ts: 1.5ms, application-code: 80ms)
 POST /dashboard?client=80000000-0000-4000-8000-000000000006 200 in 105ms (next.js: 2ms, proxy.ts: 2ms, application-code: 100ms)
  └─ ƒ refreshAnalyticalData({}) in 11ms src/app/analytical-actions.ts
 GET /dashboard?client=80000000-0000-4000-8000-000000000006&sync=pending 200 in 420ms (next.js: 49ms, proxy.ts: 60ms, application-code: 311ms)
 POST /dashboard?client=80000000-0000-4000-8000-000000000006&sync=queued 200 in 666ms (next.js: 3ms, proxy.ts: 3ms, application-code: 661ms)
  └─ ƒ refreshAnalyticalData({}) in 207ms src/app/analytical-actions.ts
 GET /dashboard?client=80000000-0000-4000-8000-000000000006 200 in 154ms (next.js: 2ms, proxy.ts: 1.8ms, application-code: 150ms)
 GET /dashboard?client=80000000-0000-4000-8000-000000000006 200 in 164ms (next.js: 2ms, proxy.ts: 2ms, application-code: 160ms)
 GET /api/auth/get-session 200 in 23ms (next.js: 7ms, proxy.ts: 2ms, application-code: 14ms)
 GET /api/auth/organization/list 200 in 28ms (next.js: 11ms, proxy.ts: 2ms, application-code: 15ms)
 GET /dashboard?client=80000000-0000-4000-8000-000000000006&sync=unavailable 200 in 118ms (next.js: 3ms, proxy.ts: 2.0ms, application-code: 113ms)
 POST /dashboard?client=80000000-0000-4000-8000-000000000006 200 in 151ms (next.js: 13ms, proxy.ts: 2ms, application-code: 136ms)
  └─ ƒ refreshAnalyticalData({}) in 8ms src/app/analytical-actions.ts
  ✓  40 [chromium] › e2e/prod-ready-local.spec.ts:180:99 › local production readiness regression journeys › analytical refresh enqueues once and handles revoked connections in en (2.7s)
 GET /accounts 200 in 114ms (next.js: 4ms, proxy.ts: 4ms, application-code: 107ms)
 GET /api/auth/get-session 200 in 48ms (next.js: 10ms, proxy.ts: 7ms, application-code: 31ms)
 GET /api/auth/organization/list 200 in 50ms (next.js: 26ms, proxy.ts: 7ms, application-code: 17ms)
 GET /history 200 in 181ms (next.js: 52ms, proxy.ts: 6ms, application-code: 123ms)
 GET /api/auth/get-session 200 in 30ms (next.js: 11ms, proxy.ts: 3ms, application-code: 15ms)
 GET /api/auth/organization/list 200 in 31ms (next.js: 16ms, proxy.ts: 4ms, application-code: 11ms)
 GET /alerts 200 in 181ms (next.js: 48ms, proxy.ts: 5ms, application-code: 128ms)
 GET /api/auth/get-session 200 in 65ms (next.js: 5ms, proxy.ts: 7ms, application-code: 53ms)
 GET /api/auth/organization/list 200 in 67ms (next.js: 9ms, proxy.ts: 7ms, application-code: 51ms)
 GET /tasks 200 in 149ms (next.js: 12ms, proxy.ts: 5ms, application-code: 131ms)
 GET /api/auth/get-session 200 in 27ms (next.js: 6ms, proxy.ts: 5ms, application-code: 17ms)
 GET /api/auth/organization/list 200 in 43ms (next.js: 11ms, proxy.ts: 4ms, application-code: 28ms)
 GET /approvals 200 in 165ms (next.js: 54ms, proxy.ts: 4ms, application-code: 107ms)
 GET /api/auth/get-session 200 in 37ms (next.js: 13ms, proxy.ts: 3ms, application-code: 21ms)
 GET /api/auth/organization/list 200 in 38ms (next.js: 23ms, proxy.ts: 3ms, application-code: 13ms)
 GET /reports 200 in 285ms (next.js: 98ms, proxy.ts: 15ms, application-code: 172ms)
 GET /api/auth/get-session 200 in 54ms (next.js: 12ms, proxy.ts: 8ms, application-code: 34ms)
 GET /api/auth/organization/list 200 in 62ms (next.js: 25ms, proxy.ts: 9ms, application-code: 28ms)
 GET /audit 200 in 321ms (next.js: 70ms, proxy.ts: 3ms, application-code: 248ms)
 GET /accounts 200 in 107ms (next.js: 2ms, proxy.ts: 2.0ms, application-code: 103ms)
 GET /api/auth/get-session 200 in 99ms (next.js: 48ms, proxy.ts: 16ms, application-code: 35ms)
 GET /api/auth/organization/list 200 in 124ms (next.js: 54ms, proxy.ts: 16ms, application-code: 54ms)
 GET /history 200 in 160ms (next.js: 5ms, proxy.ts: 16ms, application-code: 139ms)
 GET /api/auth/get-session 200 in 425ms (next.js: 60ms, proxy.ts: 4ms, application-code: 361ms)
 GET /api/auth/organization/list 200 in 938ms (next.js: 173ms, proxy.ts: 4ms, application-code: 761ms)
 GET /alerts 200 in 1251ms (next.js: 7ms, proxy.ts: 3ms, application-code: 1241ms)
 GET /api/auth/get-session 200 in 78ms (next.js: 19ms, proxy.ts: 23ms, application-code: 36ms)
 GET /api/auth/organization/list 200 in 77ms (next.js: 29ms, proxy.ts: 24ms, application-code: 24ms)
 GET /tasks 200 in 214ms (next.js: 7ms, proxy.ts: 11ms, application-code: 196ms)
 GET /api/auth/get-session 200 in 81ms (next.js: 57ms, proxy.ts: 6ms, application-code: 18ms)
 GET /api/auth/organization/list 200 in 123ms (next.js: 60ms, proxy.ts: 7ms, application-code: 56ms)
 GET /approvals 200 in 170ms (next.js: 7ms, proxy.ts: 5ms, application-code: 158ms)
 GET /api/auth/get-session 200 in 78ms (next.js: 52ms, proxy.ts: 6ms, application-code: 20ms)
 GET /api/auth/organization/list 200 in 113ms (next.js: 56ms, proxy.ts: 5ms, application-code: 53ms)
 GET /reports 200 in 139ms (next.js: 4ms, proxy.ts: 5ms, application-code: 130ms)
  ✓  41 [chromium] › e2e/prod-ready-local.spec.ts:227:9 › local production readiness regression journeys › grace permits stored views while hiding mutations (5.8s)
⨯ Error [WorkspaceAccessRestrictedError]: Workspace access state does not allow: portfolio:read
    at requireWorkspacePermission (src/lib/workspace.ts:166:19)
    at async DashboardPage (src/app/(app)/dashboard/page.tsx:27:54)
  164 |   if (!decision.allowed && decision.reason === 'role') requirePermission(context.role, permission)
  165 |   if (!decision.allowed) {
> 166 |     const error = new Error(`Workspace access state does not allow: ${permission}`)
      |                   ^
  167 |     error.name = 'WorkspaceAccessRestrictedError'
  168 |     throw error
  169 |   } {
  digest: '3420982325'
}
 GET /dashboard 307 in 120ms (next.js: 4ms, proxy.ts: 3ms, application-code: 112ms)
 GET /billing?notice=Your%20current%20access%20is%20limited%20to%20billing%20and%20stored%20data. 200 in 139ms (next.js: 4ms, proxy.ts: 3ms, application-code: 132ms)
⨯ Error [WorkspaceAccessRestrictedError]: Workspace access state does not allow: portfolio:read
    at requireWorkspacePermission (src/lib/workspace.ts:166:19)
    at async DashboardPage (src/app/(app)/dashboard/page.tsx:27:54)
  164 |   if (!decision.allowed && decision.reason === 'role') requirePermission(context.role, permission)
  165 |   if (!decision.allowed) {
> 166 |     const error = new Error(`Workspace access state does not allow: ${permission}`)
      |                   ^
  167 |     error.name = 'WorkspaceAccessRestrictedError'
  168 |     throw error
  169 |   } {
  digest: '3420982325'
}
 GET /dashboard 307 in 67ms (next.js: 1.9ms, proxy.ts: 2ms, application-code: 63ms)
 GET /support?notice=Your%20current%20access%20is%20limited%20to%20billing%20and%20stored%20data. 200 in 105ms (next.js: 6ms, proxy.ts: 2ms, application-code: 96ms)
⨯ Error [PermissionDeniedError]: Permission required: portfolio:read
    at requirePermission (src/lib/permissions.ts:79:19)
    at requireWorkspacePermission (src/lib/workspace.ts:164:73)
    at async DashboardPage (src/app/(app)/dashboard/page.tsx:27:54)
  77 | export function requirePermission(role: WorkspaceRole, permission: Permission) {
  78 |   if (!rolePermissions[role].has(permission)) {
> 79 |     const error = new Error(`Permission required: ${permission}`)
     |                   ^
  80 |     error.name = 'PermissionDeniedError'
  81 |     throw error
  82 |   } {
  digest: '3272672268'
}
 GET /dashboard 307 in 118ms (next.js: 2ms, proxy.ts: 2ms, application-code: 113ms)
 GET /support?notice=Your%20current%20access%20is%20limited%20to%20billing%20and%20stored%20data. 200 in 112ms (next.js: 2ms, proxy.ts: 2ms, application-code: 107ms)
  ✓  42 [chromium] › e2e/prod-ready-local.spec.ts:242:9 › local production readiness regression journeys › suspended members have an accessible recovery destination without redirect loops (1.6s)
 GET /dashboard 200 in 113ms (next.js: 2ms, proxy.ts: 1.7ms, application-code: 109ms)
 GET /api/auth/get-session 200 in 36ms (next.js: 8ms, proxy.ts: 4ms, application-code: 24ms)
 GET /api/auth/organization/list 200 in 40ms (next.js: 16ms, proxy.ts: 4ms, application-code: 20ms)
 POST /dashboard 200 in 132ms (next.js: 8ms, proxy.ts: 9ms, application-code: 115ms)
  └─ ƒ setCookieConsent({}) in 2ms src/app/preferences-actions.ts
 GET /settings 200 in 199ms (next.js: 84ms, proxy.ts: 13ms, application-code: 103ms)
  ✓  43 [chromium] › e2e/prod-ready-local.spec.ts:254:11 › local production readiness regression journeys › full navigation and workspace selection work at 390px in fr (1.1s)
 GET /dashboard 200 in 214ms (next.js: 11ms, proxy.ts: 7ms, application-code: 197ms)
 GET /api/auth/get-session 200 in 47ms (next.js: 10ms, proxy.ts: 6ms, application-code: 30ms)
 GET /api/auth/organization/list 200 in 60ms (next.js: 17ms, proxy.ts: 7ms, application-code: 36ms)
 POST /dashboard 200 in 107ms (next.js: 4ms, proxy.ts: 13ms, application-code: 89ms)
  └─ ƒ setCookieConsent({}) in 2ms src/app/preferences-actions.ts
 GET /settings 200 in 78ms (next.js: 2ms, proxy.ts: 5ms, application-code: 71ms)
  ✓  44 [chromium] › e2e/prod-ready-local.spec.ts:254:11 › local production readiness regression journeys › full navigation and workspace selection work at 768px in fr (1.0s)
 GET /dashboard 200 in 138ms (next.js: 3ms, proxy.ts: 3ms, application-code: 133ms)
 GET /api/auth/get-session 200 in 37ms (next.js: 10ms, proxy.ts: 5ms, application-code: 23ms)
 GET /api/auth/organization/list 200 in 51ms (next.js: 18ms, proxy.ts: 4ms, application-code: 28ms)
 POST /dashboard 200 in 126ms (next.js: 7ms, proxy.ts: 7ms, application-code: 112ms)
  └─ ƒ setCookieConsent({}) in 3ms src/app/preferences-actions.ts
 GET /settings 200 in 69ms (next.js: 3ms, proxy.ts: 4ms, application-code: 62ms)
  ✓  45 [chromium] › e2e/prod-ready-local.spec.ts:254:11 › local production readiness regression journeys › full navigation and workspace selection work at 390px in en (1.0s)
 GET /dashboard 200 in 184ms (next.js: 2ms, proxy.ts: 4ms, application-code: 178ms)
 GET /api/auth/get-session 200 in 36ms (next.js: 9ms, proxy.ts: 5ms, application-code: 22ms)
 GET /api/auth/organization/list 200 in 38ms (next.js: 16ms, proxy.ts: 6ms, application-code: 16ms)
 POST /dashboard 200 in 94ms (next.js: 6ms, proxy.ts: 7ms, application-code: 82ms)
  └─ ƒ setCookieConsent({}) in 1ms src/app/preferences-actions.ts
 GET /settings 200 in 93ms (next.js: 3ms, proxy.ts: 4ms, application-code: 86ms)
  ✓  46 [chromium] › e2e/prod-ready-local.spec.ts:254:11 › local production readiness regression journeys › full navigation and workspace selection work at 768px in en (1.0s)
 GET /dashboard 200 in 170ms (next.js: 2ms, proxy.ts: 6ms, application-code: 162ms)
 GET /api/auth/get-session 200 in 33ms (next.js: 10ms, proxy.ts: 5ms, application-code: 19ms)
 GET /api/auth/organization/list 200 in 37ms (next.js: 16ms, proxy.ts: 4ms, application-code: 17ms)
 POST /dashboard 200 in 110ms (next.js: 4ms, proxy.ts: 4ms, application-code: 102ms)
  └─ ƒ setCookieConsent({}) in 2ms src/app/preferences-actions.ts
 POST /api/auth/organization/set-active 200 in 16ms (next.js: 3ms, proxy.ts: 3ms, application-code: 11ms)
⨯ Error [PermissionDeniedError]: Permission required: portfolio:read
    at requirePermission (src/lib/permissions.ts:79:19)
    at requireWorkspacePermission (src/lib/workspace.ts:164:73)
    at async DashboardPage (src/app/(app)/dashboard/page.tsx:27:54)
  77 | export function requirePermission(role: WorkspaceRole, permission: Permission) {
  78 |   if (!rolePermissions[role].has(permission)) {
> 79 |     const error = new Error(`Permission required: ${permission}`)
     |                   ^
  80 |     error.name = 'PermissionDeniedError'
  81 |     throw error
  82 |   } {
  digest: '3272672268'
}
 GET /api/auth/get-session 200 in 81ms (next.js: 22ms, proxy.ts: 22ms, application-code: 36ms)
 GET /dashboard 307 in 113ms (next.js: 5ms, proxy.ts: 3ms, application-code: 105ms)
 GET /support?error=Acc%C3%A8s%20non%20autoris%C3%A9 200 in 139ms (next.js: 3ms, proxy.ts: 5ms, application-code: 131ms)
 GET /api/auth/get-session 200 in 45ms (next.js: 10ms, proxy.ts: 14ms, application-code: 21ms)
 GET /api/auth/organization/list 200 in 47ms (next.js: 18ms, proxy.ts: 13ms, application-code: 16ms)
 POST /api/auth/organization/set-active 200 in 31ms (next.js: 8ms, proxy.ts: 8ms, application-code: 15ms)
 GET /api/auth/get-session 200 in 117ms (next.js: 25ms, proxy.ts: 28ms, application-code: 64ms)
 GET /dashboard 200 in 189ms (next.js: 5ms, proxy.ts: 5ms, application-code: 179ms)
 GET /api/auth/get-session 200 in 27ms (next.js: 6ms, proxy.ts: 5ms, application-code: 16ms)
 GET /api/auth/organization/list 200 in 30ms (next.js: 12ms, proxy.ts: 5ms, application-code: 13ms)
  ✓  47 [chromium] › e2e/prod-ready-local.spec.ts:279:9 › local production readiness regression journeys › workspace selection switches context and permissions on mobile (1.7s)
 GET /agents 200 in 200ms (next.js: 48ms, proxy.ts: 2ms, application-code: 150ms)
  ✓  48 [chromium] › e2e/prod-ready-local.spec.ts:301:9 › local production readiness regression journeys › analysts do not see monitoring controls denied by their role (539ms)
 GET /status 200 in 89ms (next.js: 26ms, proxy.ts: 3ms, application-code: 60ms)
 GET /status 200 in 290ms (next.js: 2ms, proxy.ts: 3ms, application-code: 285ms)
 GET /status?status=active 200 in 41ms (next.js: 2ms, proxy.ts: 3ms, application-code: 36ms)
 GET /status/e333bfe6-9d0e-4818-a295-ee60f42beff3 200 in 496ms (next.js: 454ms, proxy.ts: 2ms, application-code: 40ms)
 GET /status/e333bfe6-9d0e-4818-a295-ee60f42beff3?cursor=eyJ2IjoxLCJpdiI6IkdYNUgwOFNmSlhBbWJXNnIiLCJ0YWciOiJ5WUNfQl9rbGtfRV9VWmxDS3JfYzV3IiwiZGF0YSI6IkRiWHItNFB3Rlo4cWZkQUROcDVKcE1fb3lDWVRVWDc0ajBpQ1VxbERPVmpFVzN4RU9VRXhudWZ2RlBPRFdiaHRNVWdDUm9uM0pjbzdWVmhOWkIwTE02dUtESFdRaXpWN2RUUHhiaTFBUzNROE03SzdPcW9feTZtMUFZTGF5aE82WEViYzJUdHRqeEhSTGE3bFh2UjQ1TU1KZXBOb0Fmd3BiWWpUem94a2owdDBRNUpjbC1PYjFXeFJyTDJybmhSTmNjRHRuUEVxVW9hcUlkMl8tOXNHV1JxRjU0dWtxS2owZzhqSHVUUW1CSWUxM1dEQUdVN0hjczJPb3FhT19hdGJIWHpMTWdMdUQ1Q3RWZEJXdDVEeEgyNzluUHBfd29McXVGSUNzMHAtSUtQc214VVd6Z2pHZncifQ 200 in 42ms (next.js: 10ms, proxy.ts: 3ms, application-code: 30ms)
 GET /status?cursor=forged 200 in 81ms (next.js: 2ms, proxy.ts: 2ms, application-code: 77ms)
 GET /status/7e2cd9e0-34ff-44ce-88df-eeed0d1abdc2 404 in 75ms (next.js: 4ms, proxy.ts: 9ms, application-code: 62ms)
 GET /status/invalid 404 in 129ms (next.js: 13ms, proxy.ts: 3ms, application-code: 113ms)
  ✓  49 [chromium] › e2e/public-status-local.spec.ts:13:53 › truthful public status › shows unknown health and complete incident history in fr (2.9s)
 GET /status 200 in 68ms (next.js: 2ms, proxy.ts: 2ms, application-code: 63ms)
 GET /status 200 in 175ms (next.js: 1.7ms, proxy.ts: 2ms, application-code: 171ms)
 GET /status?status=active 200 in 43ms (next.js: 3ms, proxy.ts: 3ms, application-code: 37ms)
 GET /status/6f563bd3-1fa3-4fef-876d-1a7947665211 200 in 40ms (next.js: 5ms, proxy.ts: 2ms, application-code: 33ms)
 GET /status/6f563bd3-1fa3-4fef-876d-1a7947665211?cursor=eyJ2IjoxLCJpdiI6Il9zQWN4enp6NHZPR1Q5S1YiLCJ0YWciOiJyb3JvcXlzalZjU1dnelFvQkVZUHd3IiwiZGF0YSI6ImhJNDVKc1F3aWNBVE1lTm9DeEp4cm4yV05MODhxUkNKYlk5T1cxVS1VZ2VfYUxDWHlTNUJ5eHdZbjJQc1dpVllWSjNIYnBHbmJMbEozNU9KWVNSWGlZQm1ucF9hNFZyNVRLeVNwZTg4SnExazBSdUxWaUFFVVNBNkdUQTdCUWpqcEMzQ1JrMGZZcnBnQzEyOGs5bkZKelJ6T1gwTGJaMHdOS2xTbVc2a3BaZ1A5S3Z4S2EyUjd0S19NWUR5Nk9QWkUxLXU5Yk51bWgyNlY3MjVQalRBR0FLcktSdWVnLXA3RWtaQndYQldlQ1NaQmMtLU5qMnJEM2xRdm5LeUlaVDNVZXc5Skt1d1VETzkzT0g0ZmJVSDJNRWFSMDRJbExvUGRCUUx5NVMxSzhtTVZBaEE0eG1VTlEifQ 200 in 45ms (next.js: 5ms, proxy.ts: 4ms, application-code: 36ms)
 GET /status?cursor=forged 200 in 88ms (next.js: 4ms, proxy.ts: 1.8ms, application-code: 82ms)
 GET /status/82d58b38-1625-4b39-bfb7-32a90797655c 404 in 60ms (next.js: 5ms, proxy.ts: 3ms, application-code: 53ms)
 GET /status/invalid 404 in 57ms (next.js: 4ms, proxy.ts: 2ms, application-code: 50ms)
  ✓  50 [chromium] › e2e/public-status-local.spec.ts:13:53 › truthful public status › shows unknown health and complete incident history in en (1.9s)
 GET / 200 in 110ms (next.js: 29ms, proxy.ts: 3ms, application-code: 78ms)
  ✓  51 [chromium] › e2e/public.spec.ts:3:5 › public landing exposes the product proposition and account creation (719ms)
 GET /dashboard 307 in 63ms (next.js: 4ms, proxy.ts: 2ms, application-code: 56ms)
 GET /sign-in 200 in 40ms (next.js: 5ms, proxy.ts: 2ms, application-code: 33ms)
  ✓  52 [chromium] › e2e/public.spec.ts:24:5 › authenticated areas redirect anonymous visitors to sign-in (189ms)
 GET /privacy 200 in 80ms (next.js: 32ms, proxy.ts: 2ms, application-code: 47ms)
 GET /terms 200 in 67ms (next.js: 26ms, proxy.ts: 3ms, application-code: 38ms)
  ✓  53 [chromium] › e2e/public.spec.ts:30:5 › privacy and terms pages are public (636ms)
 GET /subprocessors 200 in 75ms (next.js: 27ms, proxy.ts: 3ms, application-code: 45ms)
  ✓  54 [chromium] › e2e/public.spec.ts:37:5 › the subprocessor register and change-notice policy are public (344ms)
 GET / 200 in 90ms (next.js: 1.7ms, proxy.ts: 2ms, application-code: 86ms)
 GET /privacy 200 in 38ms (next.js: 1.6ms, proxy.ts: 1.8ms, application-code: 35ms)
  ✓  55 [chromium] › e2e/public.spec.ts:44:5 › the public product and legal surface honor the English locale (926ms)
 GET /status 200 in 73ms (next.js: 2ms, proxy.ts: 3ms, application-code: 68ms)
  ✓  56 [chromium] › e2e/public.spec.ts:60:5 › public status page never claims operational health when status storage is unavailable (403ms)
 GET /reports 200 in 165ms (next.js: 4ms, proxy.ts: 2ms, application-code: 159ms)
 GET /api/auth/get-session 200 in 51ms (next.js: 23ms, proxy.ts: 4ms, application-code: 23ms)
 GET /api/auth/organization/list 200 in 56ms (next.js: 9ms, proxy.ts: 4ms, application-code: 42ms)
 POST /reports 200 in 119ms (next.js: 8ms, proxy.ts: 11ms, application-code: 100ms)
  └─ ƒ setCookieConsent({}) in 2ms src/app/preferences-actions.ts
 GET /reports?notice=Rapport+cr%C3%A9%C3%A9.+R%C3%A9v%C3%A9lez+son+URL+dans+les+cinq+prochaines+minutes.&reveal=report-url&revealId=278001a6-0ae3-4423-8c49-06964c44f074 200 in 104ms (next.js: 3ms, proxy.ts: 3ms, application-code: 98ms)
 POST /reports 200 in 161ms (next.js: 4ms, proxy.ts: 4ms, application-code: 153ms)
  └─ ƒ createShareLink({}) in 38ms src/app/actions.ts
 POST /api/secret-revelation 200 in 187ms (next.js: 141ms, proxy.ts: 3ms, application-code: 43ms)
 GET /r/[REDACTED]?edition=97548d26-9533-471b-b15b-c73850da1306 200 in 1169ms (next.js: 1005ms, proxy.ts: 2ms, application-code: 162ms)
 GET /r/[REDACTED]/csv?edition=97548d26-9533-471b-b15b-c73850da1306 200 in 686ms (next.js: 659ms, proxy.ts: 3ms, application-code: 25ms)
 GET /r/[REDACTED]/pdf?edition=97548d26-9533-471b-b15b-c73850da1306 200 in 1125ms (next.js: 799ms, proxy.ts: 2ms, application-code: 324ms)
 GET /r/[REDACTED]?error=L%E2%80%99envoi+de+codes+email+n%E2%80%99est+pas+configur%C3%A9.&edition=97548d26-9533-471b-b15b-c73850da1306 200 in 65ms (next.js: 6ms, proxy.ts: 3ms, application-code: 55ms)
 POST /r/[REDACTED]?edition=97548d26-9533-471b-b15b-c73850da1306 200 in 115ms (next.js: 7ms, proxy.ts: 4ms, application-code: 104ms)
  └─ ƒ requestReportFeedbackOtp({}) in 26ms src/app/actions.ts
 GET /r/[REDACTED]?edition=97548d26-9533-471b-b15b-c73850da1306&otp=1 200 in 115ms (next.js: 5ms, proxy.ts: 4ms, application-code: 107ms)
 GET /r/[REDACTED]?error=Demandez+un+nouveau+code.&otp=1&edition=97548d26-9533-471b-b15b-c73850da1306 200 in 68ms (next.js: 6ms, proxy.ts: 1.8ms, application-code: 60ms)
 POST /r/[REDACTED]?edition=97548d26-9533-471b-b15b-c73850da1306&otp=1 200 in 92ms (next.js: 4ms, proxy.ts: 3ms, application-code: 86ms)
  └─ ƒ verifyReportFeedbackOtp({}) in 6ms src/app/actions.ts
 GET /reports?notice=Rapport+cr%C3%A9%C3%A9.+R%C3%A9v%C3%A9lez+son+URL+dans+les+cinq+prochaines+minutes.&reveal=report-url&revealId=d409500e-1b0d-488a-aaac-f7a6a071f394 200 in 78ms (next.js: 2ms, proxy.ts: 2ms, application-code: 74ms)
 POST /reports?notice=Rapport%20cr%C3%A9%C3%A9.%20R%C3%A9v%C3%A9lez%20son%20URL%20dans%20les%20cinq%20prochaines%20minutes.&reveal=report-url&revealId=278001a6-0ae3-4423-8c49-06964c44f074 200 in 116ms (next.js: 3ms, proxy.ts: 3ms, application-code: 110ms)
  └─ ƒ createShareLink({}) in 22ms src/app/actions.ts
 POST /api/secret-revelation 200 in 24ms (next.js: 1.8ms, proxy.ts: 2ms, application-code: 20ms)
 GET /r/[REDACTED]?edition=64d382a7-fbff-483b-abc2-2e0230e2fd38 200 in 86ms (next.js: 4ms, proxy.ts: 2ms, application-code: 80ms)
 GET /r/[REDACTED]/csv?edition=64d382a7-fbff-483b-abc2-2e0230e2fd38 200 in 17ms (next.js: 4ms, proxy.ts: 2ms, application-code: 11ms)
 GET /r/[REDACTED]/pdf?edition=64d382a7-fbff-483b-abc2-2e0230e2fd38 200 in 122ms (next.js: 5ms, proxy.ts: 3ms, application-code: 114ms)
 GET /reports?notice=Rapport+cr%C3%A9%C3%A9.+R%C3%A9v%C3%A9lez+son+URL+dans+les+cinq+prochaines+minutes.&reveal=report-url&revealId=12060f37-9364-46ae-9919-9e67ef7905ec 200 in 134ms (next.js: 4ms, proxy.ts: 6ms, application-code: 124ms)
 POST /reports?notice=Rapport%20cr%C3%A9%C3%A9.%20R%C3%A9v%C3%A9lez%20son%20URL%20dans%20les%20cinq%20prochaines%20minutes.&reveal=report-url&revealId=d409500e-1b0d-488a-aaac-f7a6a071f394 200 in 195ms (next.js: 5ms, proxy.ts: 6ms, application-code: 183ms)
  └─ ƒ createShareLink({}) in 35ms src/app/actions.ts
 POST /api/secret-revelation 200 in 46ms (next.js: 7ms, proxy.ts: 9ms, application-code: 29ms)
 GET /r/[REDACTED]?edition=16fa713f-d4a8-4aa0-b155-2dad6a8d84c8 200 in 175ms (next.js: 5ms, proxy.ts: 5ms, application-code: 166ms)
 GET /r/[REDACTED]/csv?edition=16fa713f-d4a8-4aa0-b155-2dad6a8d84c8 200 in 22ms (next.js: 6ms, proxy.ts: 2ms, application-code: 14ms)
 GET /r/[REDACTED]/pdf?edition=16fa713f-d4a8-4aa0-b155-2dad6a8d84c8 200 in 105ms (next.js: 6ms, proxy.ts: 2ms, application-code: 97ms)
 GET /reports?notice=Rapport+cr%C3%A9%C3%A9.+R%C3%A9v%C3%A9lez+son+URL+dans+les+cinq+prochaines+minutes.&reveal=report-url&revealId=1cec0440-1ce8-4b07-b065-337f977bb2f4 200 in 92ms (next.js: 2ms, proxy.ts: 3ms, application-code: 87ms)
 POST /reports?notice=Rapport%20cr%C3%A9%C3%A9.%20R%C3%A9v%C3%A9lez%20son%20URL%20dans%20les%20cinq%20prochaines%20minutes.&reveal=report-url&revealId=12060f37-9364-46ae-9919-9e67ef7905ec 200 in 134ms (next.js: 4ms, proxy.ts: 4ms, application-code: 127ms)
  └─ ƒ createShareLink({}) in 25ms src/app/actions.ts
 POST /api/secret-revelation 200 in 19ms (next.js: 2ms, proxy.ts: 3ms, application-code: 14ms)
 GET /r/[REDACTED]?edition=93cab335-988d-4d3d-96b4-3c44ca609618 200 in 212ms (next.js: 6ms, proxy.ts: 4ms, application-code: 202ms)
 GET /r/[REDACTED]/csv?edition=93cab335-988d-4d3d-96b4-3c44ca609618 200 in 40ms (next.js: 9ms, proxy.ts: 5ms, application-code: 26ms)
 GET /r/[REDACTED]/pdf?edition=93cab335-988d-4d3d-96b4-3c44ca609618 200 in 101ms (next.js: 3ms, proxy.ts: 3ms, application-code: 95ms)
 GET /reports?notice=Rapport+cr%C3%A9%C3%A9.+R%C3%A9v%C3%A9lez+son+URL+dans+les+cinq+prochaines+minutes.&reveal=report-url&revealId=c729c66d-6a0e-4c08-bbc4-f468d7805f0d 200 in 86ms (next.js: 2ms, proxy.ts: 1.8ms, application-code: 82ms)
 POST /reports?notice=Rapport%20cr%C3%A9%C3%A9.%20R%C3%A9v%C3%A9lez%20son%20URL%20dans%20les%20cinq%20prochaines%20minutes.&reveal=report-url&revealId=1cec0440-1ce8-4b07-b065-337f977bb2f4 200 in 128ms (next.js: 4ms, proxy.ts: 3ms, application-code: 121ms)
  └─ ƒ createShareLink({}) in 21ms src/app/actions.ts
 POST /api/secret-revelation 200 in 18ms (next.js: 3ms, proxy.ts: 3ms, application-code: 13ms)
 GET /r/[REDACTED]?edition=628d0a79-ac06-4264-b5c4-b8276a59c443 200 in 182ms (next.js: 3ms, proxy.ts: 3ms, application-code: 176ms)
 GET /r/[REDACTED]/csv?edition=628d0a79-ac06-4264-b5c4-b8276a59c443 200 in 21ms (next.js: 5ms, proxy.ts: 4ms, application-code: 13ms)
 GET /r/[REDACTED]/pdf?edition=628d0a79-ac06-4264-b5c4-b8276a59c443 200 in 98ms (next.js: 4ms, proxy.ts: 1.6ms, application-code: 93ms)
 GET /r/[REDACTED]?edition=97548d26-9533-471b-b15b-c73850da1306 200 in 122ms (next.js: 7ms, proxy.ts: 4ms, application-code: 111ms)
 GET /r/[REDACTED]/csv?edition=97548d26-9533-471b-b15b-c73850da1306 200 in 18ms (next.js: 4ms, proxy.ts: 4ms, application-code: 10ms)
 GET /r/[REDACTED]/pdf?edition=97548d26-9533-471b-b15b-c73850da1306 200 in 323ms (next.js: 3ms, proxy.ts: 1.8ms, application-code: 319ms)
 GET /reports?notice=R%C3%A9vision+publi%C3%A9e.+Les+%C3%A9ditions+pr%C3%A9c%C3%A9dentes+restent+inchang%C3%A9es.&reveal=report-url&revealId=86773eae-a65a-4eed-9411-a6f8cb03f933 200 in 160ms (next.js: 10ms, proxy.ts: 6ms, application-code: 145ms)
 POST /reports?notice=Rapport%20cr%C3%A9%C3%A9.%20R%C3%A9v%C3%A9lez%20son%20URL%20dans%20les%20cinq%20prochaines%20minutes.&reveal=report-url&revealId=c729c66d-6a0e-4c08-bbc4-f468d7805f0d 200 in 237ms (next.js: 7ms, proxy.ts: 4ms, application-code: 225ms)
  └─ ƒ reviseReportEdition({}) in 52ms src/app/actions.ts
 POST /api/secret-revelation 200 in 21ms (next.js: 2ms, proxy.ts: 3ms, application-code: 16ms)
 GET /r/[REDACTED]?edition=ebd5621b-daf7-45c9-8df2-9023321e721f 200 in 103ms (next.js: 5ms, proxy.ts: 2ms, application-code: 96ms)
 GET /r/[REDACTED]/csv?edition=ebd5621b-daf7-45c9-8df2-9023321e721f 200 in 18ms (next.js: 5ms, proxy.ts: 3ms, application-code: 11ms)
 GET /reports?error=Les+donn%C3%A9es+compl%C3%A8tes+de+cette+p%C3%A9riode+ne+sont+pas+disponibles.+Actualisez+l%E2%80%99historique+du+compte+avant+de+publier+ce+bilan. 200 in 134ms (next.js: 4ms, proxy.ts: 1.9ms, application-code: 128ms)
 POST /reports?notice=R%C3%A9vision%20publi%C3%A9e.%20Les%20%C3%A9ditions%20pr%C3%A9c%C3%A9dentes%20restent%20inchang%C3%A9es.&reveal=report-url&revealId=86773eae-a65a-4eed-9411-a6f8cb03f933 200 in 160ms (next.js: 2ms, proxy.ts: 3ms, application-code: 154ms)
  └─ ƒ createShareLink({}) in 13ms src/app/actions.ts
 GET /r/[REDACTED]?edition=97548d26-9533-471b-b15b-c73850da1306 200 in 154ms (next.js: 6ms, proxy.ts: 5ms, application-code: 143ms)
 GET /r/[REDACTED]/pdf?edition=97548d26-9533-471b-b15b-c73850da1306 429 in 14ms (next.js: 5ms, proxy.ts: 3ms, application-code: 6ms)
 GET /r/[REDACTED]/csv?edition=97548d26-9533-471b-b15b-c73850da1306 404 in 11ms (next.js: 4ms, proxy.ts: 1.8ms, application-code: 5ms)
 GET /reports 200 in 227ms (next.js: 3ms, proxy.ts: 4ms, application-code: 220ms)
  ✓  57 [chromium] › e2e/report-editions-local.spec.ts:16:53 › published report editions › creates every period and preserves HTML PDF CSV through revision in fr (11.8s)
 GET /reports 200 in 171ms (next.js: 4ms, proxy.ts: 5ms, application-code: 162ms)
 GET /api/auth/get-session 200 in 41ms (next.js: 9ms, proxy.ts: 12ms, application-code: 20ms)
 GET /api/auth/organization/list 200 in 44ms (next.js: 14ms, proxy.ts: 12ms, application-code: 17ms)
 POST /reports 200 in 91ms (next.js: 4ms, proxy.ts: 4ms, application-code: 82ms)
  └─ ƒ setCookieConsent({}) in 2ms src/app/preferences-actions.ts
 GET /reports?notice=Report+created.+Reveal+its+URL+within+the+next+five+minutes.&reveal=report-url&revealId=e9c27d44-f177-462a-8562-6ade1bb40bc5 200 in 86ms (next.js: 3ms, proxy.ts: 3ms, application-code: 80ms)
 POST /reports 200 in 120ms (next.js: 3ms, proxy.ts: 3ms, application-code: 115ms)
  └─ ƒ createShareLink({}) in 18ms src/app/actions.ts
 POST /api/secret-revelation 200 in 20ms (next.js: 3ms, proxy.ts: 2ms, application-code: 14ms)
 GET /r/[REDACTED]?edition=a00c3b7e-d55c-42bd-ad90-b2196df68e2d 200 in 141ms (next.js: 6ms, proxy.ts: 5ms, application-code: 130ms)
 GET /r/[REDACTED]/csv?edition=a00c3b7e-d55c-42bd-ad90-b2196df68e2d 200 in 36ms (next.js: 8ms, proxy.ts: 4ms, application-code: 25ms)
 GET /r/[REDACTED]/pdf?edition=a00c3b7e-d55c-42bd-ad90-b2196df68e2d 200 in 320ms (next.js: 6ms, proxy.ts: 3ms, application-code: 310ms)
 GET /r/[REDACTED]?error=Email+code+delivery+is+not+configured.&edition=a00c3b7e-d55c-42bd-ad90-b2196df68e2d 200 in 108ms (next.js: 7ms, proxy.ts: 6ms, application-code: 94ms)
 POST /r/[REDACTED]?edition=a00c3b7e-d55c-42bd-ad90-b2196df68e2d 200 in 189ms (next.js: 14ms, proxy.ts: 10ms, application-code: 165ms)
  └─ ƒ requestReportFeedbackOtp({}) in 34ms src/app/actions.ts
 GET /r/[REDACTED]?edition=a00c3b7e-d55c-42bd-ad90-b2196df68e2d&otp=1 200 in 137ms (next.js: 5ms, proxy.ts: 5ms, application-code: 126ms)
 GET /r/[REDACTED]?error=Request+a+new+code.&otp=1&edition=a00c3b7e-d55c-42bd-ad90-b2196df68e2d 200 in 106ms (next.js: 4ms, proxy.ts: 4ms, application-code: 98ms)
 POST /r/[REDACTED]?edition=a00c3b7e-d55c-42bd-ad90-b2196df68e2d&otp=1 200 in 132ms (next.js: 9ms, proxy.ts: 3ms, application-code: 120ms)
  └─ ƒ verifyReportFeedbackOtp({}) in 5ms src/app/actions.ts
 GET /reports?notice=Report+created.+Reveal+its+URL+within+the+next+five+minutes.&reveal=report-url&revealId=ed2b34dc-c9d2-4e6f-b88c-f93eb452c44d 200 in 147ms (next.js: 8ms, proxy.ts: 9ms, application-code: 130ms)
 POST /reports?notice=Report%20created.%20Reveal%20its%20URL%20within%20the%20next%20five%20minutes.&reveal=report-url&revealId=e9c27d44-f177-462a-8562-6ade1bb40bc5 200 in 211ms (next.js: 6ms, proxy.ts: 5ms, application-code: 200ms)
  └─ ƒ createShareLink({}) in 41ms src/app/actions.ts
 POST /api/secret-revelation 200 in 21ms (next.js: 2ms, proxy.ts: 3ms, application-code: 16ms)
 GET /r/[REDACTED]?edition=fc952bff-1bda-4952-b1ae-3e6b3041c2b5 200 in 103ms (next.js: 4ms, proxy.ts: 2ms, application-code: 96ms)
 GET /r/[REDACTED]/csv?edition=fc952bff-1bda-4952-b1ae-3e6b3041c2b5 200 in 25ms (next.js: 7ms, proxy.ts: 2ms, application-code: 15ms)
 GET /r/[REDACTED]/pdf?edition=fc952bff-1bda-4952-b1ae-3e6b3041c2b5 200 in 128ms (next.js: 4ms, proxy.ts: 1.7ms, application-code: 123ms)
 GET /reports?notice=Report+created.+Reveal+its+URL+within+the+next+five+minutes.&reveal=report-url&revealId=fe8c5fb5-2a68-490e-9bec-74ba25b315b5 200 in 99ms (next.js: 4ms, proxy.ts: 3ms, application-code: 92ms)
 POST /reports?notice=Report%20created.%20Reveal%20its%20URL%20within%20the%20next%20five%20minutes.&reveal=report-url&revealId=ed2b34dc-c9d2-4e6f-b88c-f93eb452c44d 200 in 165ms (next.js: 8ms, proxy.ts: 3ms, application-code: 153ms)
  └─ ƒ createShareLink({}) in 34ms src/app/actions.ts
 POST /api/secret-revelation 200 in 31ms (next.js: 3ms, proxy.ts: 3ms, application-code: 25ms)
 GET /r/[REDACTED]?edition=2b4dca02-6cc2-4e33-9e0d-f1f786be5375 200 in 161ms (next.js: 10ms, proxy.ts: 4ms, application-code: 148ms)
 GET /r/[REDACTED]/csv?edition=2b4dca02-6cc2-4e33-9e0d-f1f786be5375 200 in 24ms (next.js: 4ms, proxy.ts: 2ms, application-code: 17ms)
 GET /r/[REDACTED]/pdf?edition=2b4dca02-6cc2-4e33-9e0d-f1f786be5375 200 in 138ms (next.js: 4ms, proxy.ts: 3ms, application-code: 131ms)
 GET /reports?notice=Report+created.+Reveal+its+URL+within+the+next+five+minutes.&reveal=report-url&revealId=a308fce1-71ed-4ee3-af01-4b810f57732c 200 in 205ms (next.js: 4ms, proxy.ts: 6ms, application-code: 195ms)
 POST /reports?notice=Report%20created.%20Reveal%20its%20URL%20within%20the%20next%20five%20minutes.&reveal=report-url&revealId=fe8c5fb5-2a68-490e-9bec-74ba25b315b5 200 in 300ms (next.js: 12ms, proxy.ts: 8ms, application-code: 280ms)
  └─ ƒ createShareLink({}) in 54ms src/app/actions.ts
 POST /api/secret-revelation 200 in 26ms (next.js: 4ms, proxy.ts: 5ms, application-code: 17ms)
 GET /r/[REDACTED]?edition=3253f92b-3077-4163-9324-a0f44cc14c0d 200 in 133ms (next.js: 7ms, proxy.ts: 3ms, application-code: 123ms)
 GET /r/[REDACTED]/csv?edition=3253f92b-3077-4163-9324-a0f44cc14c0d 200 in 21ms (next.js: 6ms, proxy.ts: 2ms, application-code: 12ms)
 GET /r/[REDACTED]/pdf?edition=3253f92b-3077-4163-9324-a0f44cc14c0d 200 in 171ms (next.js: 9ms, proxy.ts: 4ms, application-code: 158ms)
 GET /reports?notice=Report+created.+Reveal+its+URL+within+the+next+five+minutes.&reveal=report-url&revealId=474be4ac-6e6b-4743-ae58-4d4f4734af7d 200 in 118ms (next.js: 3ms, proxy.ts: 2ms, application-code: 113ms)
 POST /reports?notice=Report%20created.%20Reveal%20its%20URL%20within%20the%20next%20five%20minutes.&reveal=report-url&revealId=a308fce1-71ed-4ee3-af01-4b810f57732c 200 in 159ms (next.js: 3ms, proxy.ts: 3ms, application-code: 152ms)
  └─ ƒ createShareLink({}) in 23ms src/app/actions.ts
 POST /api/secret-revelation 200 in 113ms (next.js: 13ms, proxy.ts: 44ms, application-code: 56ms)
 GET /r/[REDACTED]?edition=00110909-4797-4b1f-b239-c6b0dde303d0 200 in 149ms (next.js: 11ms, proxy.ts: 2ms, application-code: 136ms)
 GET /r/[REDACTED]/csv?edition=00110909-4797-4b1f-b239-c6b0dde303d0 200 in 34ms (next.js: 5ms, proxy.ts: 3ms, application-code: 27ms)
 GET /r/[REDACTED]/pdf?edition=00110909-4797-4b1f-b239-c6b0dde303d0 200 in 152ms (next.js: 7ms, proxy.ts: 4ms, application-code: 141ms)
 GET /r/[REDACTED]?edition=a00c3b7e-d55c-42bd-ad90-b2196df68e2d 200 in 112ms (next.js: 3ms, proxy.ts: 3ms, application-code: 106ms)
 GET /r/[REDACTED]/csv?edition=a00c3b7e-d55c-42bd-ad90-b2196df68e2d 200 in 24ms (next.js: 3ms, proxy.ts: 4ms, application-code: 16ms)
 GET /r/[REDACTED]/pdf?edition=a00c3b7e-d55c-42bd-ad90-b2196df68e2d 200 in 282ms (next.js: 4ms, proxy.ts: 2ms, application-code: 276ms)
 GET /reports?notice=Revision+published.+Previous+editions+remain+unchanged.&reveal=report-url&revealId=9bf43a73-17c1-4738-8711-4f346cacfc02 200 in 108ms (next.js: 1.9ms, proxy.ts: 2ms, application-code: 104ms)
 POST /reports?notice=Report%20created.%20Reveal%20its%20URL%20within%20the%20next%20five%20minutes.&reveal=report-url&revealId=474be4ac-6e6b-4743-ae58-4d4f4734af7d 200 in 139ms (next.js: 2ms, proxy.ts: 3ms, application-code: 134ms)
  └─ ƒ reviseReportEdition({}) in 19ms src/app/actions.ts
 POST /api/secret-revelation 200 in 30ms (next.js: 4ms, proxy.ts: 6ms, application-code: 20ms)
 GET /r/[REDACTED]?edition=4b920efc-a812-47e7-9d01-668c35153841 200 in 206ms (next.js: 7ms, proxy.ts: 2ms, application-code: 196ms)
 GET /r/[REDACTED]/csv?edition=4b920efc-a812-47e7-9d01-668c35153841 200 in 29ms (next.js: 5ms, proxy.ts: 5ms, application-code: 19ms)
 GET /reports?error=Les+donn%C3%A9es+compl%C3%A8tes+de+cette+p%C3%A9riode+ne+sont+pas+disponibles.+Actualisez+l%E2%80%99historique+du+compte+avant+de+publier+ce+bilan. 200 in 119ms (next.js: 2ms, proxy.ts: 1.9ms, application-code: 115ms)
 POST /reports?notice=Revision%20published.%20Previous%20editions%20remain%20unchanged.&reveal=report-url&revealId=9bf43a73-17c1-4738-8711-4f346cacfc02 200 in 148ms (next.js: 3ms, proxy.ts: 4ms, application-code: 142ms)
  └─ ƒ createShareLink({}) in 14ms src/app/actions.ts
 GET /r/[REDACTED]?edition=a00c3b7e-d55c-42bd-ad90-b2196df68e2d 200 in 119ms (next.js: 3ms, proxy.ts: 3ms, application-code: 113ms)
 GET /r/[REDACTED]/pdf?edition=a00c3b7e-d55c-42bd-ad90-b2196df68e2d 429 in 16ms (next.js: 5ms, proxy.ts: 3ms, application-code: 8ms)
 GET /r/[REDACTED]/csv?edition=a00c3b7e-d55c-42bd-ad90-b2196df68e2d 404 in 11ms (next.js: 4ms, proxy.ts: 1.6ms, application-code: 6ms)
 GET /reports 200 in 165ms (next.js: 3ms, proxy.ts: 4ms, application-code: 159ms)
  ✓  58 [chromium] › e2e/report-editions-local.spec.ts:16:53 › published report editions › creates every period and preserves HTML PDF CSV through revision in en (9.6s)
 GET /audit?q=COLL_AUDIT_ 200 in 325ms (next.js: 5ms, proxy.ts: 7ms, application-code: 313ms)
 GET /api/auth/get-session 200 in 29ms (next.js: 7ms, proxy.ts: 4ms, application-code: 19ms)
 GET /api/auth/organization/list 200 in 31ms (next.js: 13ms, proxy.ts: 4ms, application-code: 15ms)
 POST /audit?q=COLL_AUDIT_ 200 in 149ms (next.js: 3ms, proxy.ts: 2ms, application-code: 144ms)
  └─ ƒ setCookieConsent({}) in 2ms src/app/preferences-actions.ts
 GET /audit?q=COLL_AUDIT_&cursor=eyJ2IjoxLCJpdiI6IkQzaTdiYThyYkc2OGwzbmYiLCJ0YWciOiJFcW1oRWY2ME9qdS1jWnlmak5NSi1RIiwiZGF0YSI6IkV2eDV3MUpaNXRfS0JiWVV4OXNtUjVRdWVHSnA5N1FMSS1Mai1ocmV0aXFWcGVwVDBVbjZpOUZuZUY5SmttLVNBRGxfd01XblJGalQwVWV4R28yckRqdnZKb0dRNll2MVVDTTROMzgwQmw5SF8tQ1huazQxMzVTTXNOX29EOUZNSGRnN0JqY0l0YlJrdXdiQUNOd1g0Rmc3WDM2UVlMZUFlREVQT3pIX3VMbnZZeHFkTjVlUFhLSTFhVkU2a1o2YTloOUZrMWs3aXRVRFJVcHdnNWtfVEVERW0zTUpYQTlKRXVLTjdKVzZnSGZCNVZFNDl5QS0xb3BxSlUzOVk1Tmw0VmxfS3FQR2FwSVNtSklMUS01ZUhkQmRiZjUzOWFpV1BoNVZyRHYzMjFUNk1DRDV6MVBsR0EifQ 200 in 80ms (next.js: 5ms, proxy.ts: 3ms, application-code: 72ms)
 GET /audit?q=COLL_AUDIT_001 200 in 133ms (next.js: 2ms, proxy.ts: 2ms, application-code: 128ms)
 GET /api/auth/get-session 200 in 177ms (next.js: 58ms, proxy.ts: 55ms, application-code: 64ms)
 GET /api/auth/organization/list 200 in 183ms (next.js: 93ms, proxy.ts: 44ms, application-code: 46ms)
 GET /tasks?q=COLL_TASK_ 200 in 569ms (next.js: 8ms, proxy.ts: 6ms, application-code: 556ms)
 GET /api/auth/get-session 200 in 45ms (next.js: 11ms, proxy.ts: 5ms, application-code: 29ms)
 GET /api/auth/organization/list 200 in 50ms (next.js: 22ms, proxy.ts: 5ms, application-code: 22ms)
 GET /tasks?q=COLL_TASK_&status=open&cursor=eyJ2IjoxLCJpdiI6IlBoWUt4d2VHOGJ2aHVsUDciLCJ0YWciOiI1TnNOUEV1TWVUYXlVY09KYmt2QWJRIiwiZGF0YSI6IjRrVERkVXlaUVdHX3RyMFNxa2VCbks1YTlyLVB6SmlGYmZtZllJSUl6YjRlMUEwZWY1bkxacEdiWGlXTlNOcWt4M0xQRHhZSmczSjFLVTVBNnFaRVc4aXRlcWNsVTdESGIyUmpIYjZDZEJ4ZnZreEhucVU1RXhtb2RNSUZER1p6dmpyNVhKaFpVNUZKVXk4YzlGY3NyQ3BTeUNRTGFjek9BTVZEcXFUTGlBX0piOFJvZWtyRldBVXRfRTdpY1BucVlvM1c2YVV5YzYzQnlFQUY3N09qN2V2aDI4SDdreFg4TjlBMFZFRDM4cjh5TFNUX3VWRl9ub3dLTXFwU21SMUJBNzBRb2tsZVl4aVB6MkQzNEQ2Y0xQQmxVQlJFajJydE5GMVRhZ0pKV0RuY05fMEhWdERKQWcifQ 200 in 177ms (next.js: 4ms, proxy.ts: 6ms, application-code: 167ms)
 GET /tasks?q=COLL_TASK_001&status=open 200 in 166ms (next.js: 1.9ms, proxy.ts: 2.0ms, application-code: 163ms)
 GET /api/auth/get-session 200 in 25ms (next.js: 8ms, proxy.ts: 4ms, application-code: 12ms)
 GET /api/auth/organization/list 200 in 26ms (next.js: 11ms, proxy.ts: 6ms, application-code: 8ms)
 GET /tasks?notice=Commentaire+ajout%C3%A9.&id=3d8be99c-a7f2-4b3a-9bd6-26efd25872f6 200 in 88ms (next.js: 2ms, proxy.ts: 1.7ms, application-code: 84ms)
 POST /tasks?q=COLL_TASK_001&status=open 200 in 121ms (next.js: 2ms, proxy.ts: 4ms, application-code: 114ms)
  └─ ƒ addWorkspaceTaskComment({}) in 11ms src/app/actions.ts
 GET /discussions/tasks/3d8be99c-a7f2-4b3a-9bd6-26efd25872f6 200 in 211ms (next.js: 123ms, proxy.ts: 13ms, application-code: 74ms)
 GET /discussions/tasks/3d8be99c-a7f2-4b3a-9bd6-26efd25872f6?cursor=eyJ2IjoxLCJpdiI6InVVam5lZ3Y3cUo0d0NfRnAiLCJ0YWciOiJPTXp6UlM1bkVaTGJaTEpLVFdGOXBnIiwiZGF0YSI6Ik5sdTZxTGtaaHVHdzl0ZTZBNDBQMWVOaXNwNm9XZ0hESVIxNGx1UlZEeU9yXzJvU1lIZFFSODcyM0tDeVotZmoxdVloT0hldGl4RzVQR25GNDNIbkhNeWdOZ05Ub1p6R1RmWlZ3SVMxVVBJYlY5YTRHa29hQkI0WGxkeHRLY05rLVhteU9DQzJRRkdyZk5XUXM2elp3dHFURVkxamJ4bjJ2Vml3R1V2dndVNVJmd2M2U0lYSkk1b3EyNjJUY3lXVUwyMEthVTlleldYOTdXLUFOTDJLUERHcWFXdGptNGJ0aUVNOXVhMkFQbEkxTmJUS29CZGVzcjF4ZTBCMVVFV1RhUjEwSnB4aktySkI1S0ZPdDFmZVpkRjh6bEYwY3IzaExYRTQ3bnFZbXVYbVZYNWNiOEUxQ3cifQ 200 in 63ms (next.js: 6ms, proxy.ts: 3ms, application-code: 54ms)
 GET /discussions/tasks/3d8be99c-a7f2-4b3a-9bd6-26efd25872f6?q=COLL_MESSAGE_001 200 in 161ms (next.js: 4ms, proxy.ts: 2ms, application-code: 155ms)
 GET /api/auth/get-session 200 in 103ms (next.js: 55ms, proxy.ts: 13ms, application-code: 35ms)
 GET /api/auth/organization/list 200 in 481ms (next.js: 66ms, proxy.ts: 12ms, application-code: 403ms)
 GET /alerts?q=COLL_ALERT_ 200 in 565ms (next.js: 5ms, proxy.ts: 3ms, application-code: 556ms)
 GET /api/auth/get-session 200 in 29ms (next.js: 5ms, proxy.ts: 4ms, application-code: 20ms)
 GET /api/auth/organization/list 200 in 30ms (next.js: 14ms, proxy.ts: 4ms, application-code: 13ms)
 GET /alerts?q=COLL_ALERT_&cursor=eyJ2IjoxLCJpdiI6IkljZUZPQzZqWFhRRGU1R18iLCJ0YWciOiJNcy1FQVVSdG02THoydFN5MVVzdmxRIiwiZGF0YSI6IlBXX0o1NEloRXZOLU50ckJxNDZlekRUU0ZIX0ZiaU5EVV9mOTJpMjYwcmxCZFA5TlZId2RLdXVTRHRmbFBpYVBDR2N0alpVdC13czFNd01DUHI3c3E5X2MzODN6cUl1WFFIenRDZ2s1eWowbm9ZMmhrZ3VHVkJWbjJWTmRfVk9mN1dZbFRIN1dwckVaTlhMd29xZlBJb1lrdkJRMzJIdll5WW5wb2xIRWl3cWtybm01RGgxRjhHTmdpek5wa0d5Wm9sTDNJRFBBTnBqQUM4cWRxRTdJOXEtV0RHVDNwOWdYNHZ5VUd4MnBhTU5hVXk5Q0FIdk1NN0xGWEF0N1NoS2hhRC1TSlF5YTRWYlNJQW1PaEhLZHRiSzgwbFhENl9VT19XUXhQNnEzMjJLbFFrbjR6R2R5VEEifQ 200 in 142ms (next.js: 4ms, proxy.ts: 2ms, application-code: 135ms)
 GET /alerts?q=COLL_ALERT_001&status= 200 in 159ms (next.js: 1.8ms, proxy.ts: 1.9ms, application-code: 155ms)
 GET /api/auth/get-session 200 in 349ms (next.js: 10ms, proxy.ts: 8ms, application-code: 331ms)
 GET /api/auth/organization/list 200 in 353ms (next.js: 15ms, proxy.ts: 8ms, application-code: 331ms)
 GET /approvals?q=COLL_APPROVAL_ 200 in 531ms (next.js: 6ms, proxy.ts: 4ms, application-code: 521ms)
 GET /api/auth/get-session 200 in 28ms (next.js: 4ms, proxy.ts: 5ms, application-code: 20ms)
 GET /api/auth/organization/list 200 in 37ms (next.js: 8ms, proxy.ts: 5ms, application-code: 23ms)
 GET /approvals?q=COLL_APPROVAL_&cursor=eyJ2IjoxLCJpdiI6IlBJTW5ScWxpR1FhcEYxZEMiLCJ0YWciOiJjQTBHeXJ6a2g4NFV6YW9ieVZvWTZ3IiwiZGF0YSI6IjJ3LTRjWWtNY3Vld2xpQnE1VTZQdWV0Z3U5VDdUY1Nfd0RkeVduMDVTYjFPLVV3WTREOEU3YXJNSFpINzVDQ1ZsUWdyLTR6MEFtdDNtVTc0ZTFyR3RRMUpTVDBocExObERHOTZfSi1nellWLWdFdXU3RUF6SXRqLUZ4enFRZm4yRHVzMWp5RzJRUFhCbDFmdXpqR3A5bVFkdUlkQWpXVHN5aUlUMGhQaWxxdU5UenpQQjBHT0JvNWxZRjBNTWEwbDlWemJ4bEFMd2J4cUZ1azJRTXFvYjdOWHhSekgxbFVEdWdBZWQwZVNmOUpFNzJlT3p2SEVfTzdSTGc3Q2twUEtTczFwX1hiV0NkdDltbUpNUEZfZ0ljODdzQVZkdFBoS1dYT0Q5YTBLTEhnMWxSVGZHNTlSNVEifQ 200 in 163ms (next.js: 4ms, proxy.ts: 3ms, application-code: 155ms)
 GET /approvals?q=COLL_APPROVAL_001&status= 200 in 140ms (next.js: 2ms, proxy.ts: 2ms, application-code: 136ms)
 GET /api/auth/get-session 200 in 87ms (next.js: 47ms, proxy.ts: 13ms, application-code: 27ms)
 GET /api/auth/organization/list 200 in 282ms (next.js: 51ms, proxy.ts: 13ms, application-code: 218ms)
 GET /support?q=COLL_SUPPORT_ 200 in 346ms (next.js: 5ms, proxy.ts: 3ms, application-code: 338ms)
 GET /api/auth/get-session 200 in 22ms (next.js: 4ms, proxy.ts: 4ms, application-code: 14ms)
 GET /api/auth/organization/list 200 in 27ms (next.js: 7ms, proxy.ts: 4ms, application-code: 16ms)
 GET /support?q=COLL_SUPPORT_&cursor=eyJ2IjoxLCJpdiI6IkdVa0ZHVVk0NnBnb2V4b2UiLCJ0YWciOiJfSml0S3E1ZjQ1VXBMZzNYMmpKS1J3IiwiZGF0YSI6Ii1naUlnU1NFMGFVZGN4MERKS1RKLXV0VTNlWU1FWnRha3dfUjRQa2NweWFTRS1BYkFBcHZnQnB6elgxbW1rSGk2aS1XWjBZbjlQSXozSkJTT216aHRFb3NHWFBsM001c25fYmpRMVJ1Nk1aUXZ6RTlzd2NVQVBOaTRKR3d5QmlKVnFXUE4zbXE1VTdCQUhZTjNXUlFyUUVfVGdxZTJwcGo2Tjlqbk9GOVRGSkZSYnh5eTllakh5bzQ0SlZaX0syQkwyQnNHMUlTY3FvT3JRdDVZUVJGV0NPN2pjRUo3RVVmUnkxekh6cTFjUDJXVm56VV9CMHhhdzFkNEVqSDZHNnpiZ2N0ZjdWck5LbHFZZXMxSlVPRHRUa3Z6MWFERnFYNXJlRjl0clAxY3ZBbFcwdlFiMThoMGcifQ 200 in 184ms (next.js: 4ms, proxy.ts: 5ms, application-code: 175ms)
 GET /support?q=COLL_SUPPORT_001&status= 200 in 154ms (next.js: 2ms, proxy.ts: 2ms, application-code: 150ms)
 GET /api/auth/get-session 200 in 28ms (next.js: 7ms, proxy.ts: 3ms, application-code: 19ms)
 GET /api/auth/organization/list 200 in 32ms (next.js: 14ms, proxy.ts: 3ms, application-code: 15ms)
 GET /tasks?cursor=forged 200 in 141ms (next.js: 2ms, proxy.ts: 2ms, application-code: 137ms)
 GET /api/auth/get-session 200 in 67ms (next.js: 15ms, proxy.ts: 18ms, application-code: 34ms)
 GET /api/auth/organization/list 200 in 72ms (next.js: 32ms, proxy.ts: 18ms, application-code: 22ms)
 GET /support?q=COLL_SUPPORT_ 200 in 122ms (next.js: 2ms, proxy.ts: 2ms, application-code: 117ms)
 GET /api/auth/get-session 200 in 126ms (next.js: 81ms, proxy.ts: 4ms, application-code: 41ms)
 GET /api/auth/organization/list 200 in 128ms (next.js: 84ms, proxy.ts: 4ms, application-code: 39ms)
 GET /discussions/support/fb1fb5ad-1fdf-44a7-b334-dcd58f085872 404 in 184ms (next.js: 12ms, proxy.ts: 3ms, application-code: 169ms)
  ✓  59 [chromium] › e2e/workspace-collections-local.spec.ts:14:53 › workspace collection navigation › searches older records and conversations in fr (9.4s)
 GET /audit?q=COLL_AUDIT_ 200 in 208ms (next.js: 4ms, proxy.ts: 2ms, application-code: 201ms)
 GET /api/auth/get-session 200 in 29ms (next.js: 8ms, proxy.ts: 4ms, application-code: 17ms)
 GET /api/auth/organization/list 200 in 32ms (next.js: 12ms, proxy.ts: 4ms, application-code: 15ms)
 POST /audit?q=COLL_AUDIT_ 200 in 94ms (next.js: 4ms, proxy.ts: 3ms, application-code: 87ms)
  └─ ƒ setCookieConsent({}) in 2ms src/app/preferences-actions.ts
 GET /audit?q=COLL_AUDIT_&cursor=eyJ2IjoxLCJpdiI6ImV4RDA2RVRzdWpWazVpQzUiLCJ0YWciOiJwaXVNS1pld2p2WEQ1OEpGcHhlSFpBIiwiZGF0YSI6Ii1lZnBhUTRzbExaNlBDVmV5UmJWd3B1TmswUXk5bzg3Tnl5Q0JqcHBMTDVjSkVxak5NSXphTERIN1hGeTNlQlpJVXRrcHgwaWhEUHBlT3FabTlwanh1WUc4R0paOHRVVzlGM2pfbzFPc3drNHM1Njdwb2VTLVAtbl9nMnpFZmg3LW9WakFPejFSSlktQmxPSkhXc0xaRXdpUGlVMThUUEU3aUNQYl9yVUJ2S1QyRkN2cElNd2FhczMyenBsRXMyNVFKb0F3TFRwaHFGWTlyOE8wREN5S0s2clE4LVBwenFQcGxaNzVYdDUxTU54bjlFYjZMUHlnVERHVW5NYkR3Tk5pZkdyZUZUSngtbEFPN0hWTTlmZTlhd0RORl9ZcXhaSmNEcHlMQVFmc1NGb1R2dTc2eTVWWHcifQ 200 in 75ms (next.js: 5ms, proxy.ts: 4ms, application-code: 66ms)
 GET /audit?q=COLL_AUDIT_001 200 in 122ms (next.js: 1.9ms, proxy.ts: 1.9ms, application-code: 118ms)
 GET /api/auth/get-session 200 in 102ms (next.js: 77ms, proxy.ts: 11ms, application-code: 14ms)
 GET /api/auth/organization/list 200 in 417ms (next.js: 81ms, proxy.ts: 8ms, application-code: 328ms)
 GET /tasks?q=COLL_TASK_ 200 in 511ms (next.js: 4ms, proxy.ts: 3ms, application-code: 504ms)
 GET /api/auth/get-session 200 in 26ms (next.js: 4ms, proxy.ts: 6ms, application-code: 16ms)
 GET /api/auth/organization/list 200 in 27ms (next.js: 9ms, proxy.ts: 6ms, application-code: 12ms)
 GET /tasks?q=COLL_TASK_&status=open&cursor=eyJ2IjoxLCJpdiI6InFBTnJGTG1OUmdpazV3VjQiLCJ0YWciOiJKVHZyQVBKZU5xWkFTYVhySEx4VlFRIiwiZGF0YSI6InFqN0NlQlpfa1FZc1Jta3lwN3BKbWpVamRNaEhncEZIQnJhRVRHV0QtaTduZHRRbkphSWUtVEFrS0Z5bUliMFlzMTVQbEFfREk1TlFvMlVfT3pQS1l3aWx4dW5PS0JmY3JDMTRJM2ZJelhqOS04YW1GbEZxTEJrbXdoSjA5YnZYUHh4REpaVk5BOWVtMjJQM2haQ2RKTktZWlROcWltaEYxTUtWQTNRLTk5VlMzcHJieVRGU2dkRzlQNk9pUWMtRDB0VHo1VmR4RzNLM1FEdXlGRzBxZVBLd2RXcmZBdUZxSVh5Z3NXZ1FYTUZqVDQzZDhVZnYyeC16dTY1RlgwUE5kbVg0WnlLN05hMTJLZjRMc0s2blh5UVMteU1vMnRENzNROXBmTEdtWGc5UktxeUEzUUtZb0EifQ 200 in 202ms (next.js: 2ms, proxy.ts: 3ms, application-code: 197ms)
 GET /tasks?q=COLL_TASK_001&status=open 200 in 166ms (next.js: 1.9ms, proxy.ts: 2ms, application-code: 162ms)
 GET /api/auth/get-session 200 in 23ms (next.js: 8ms, proxy.ts: 4ms, application-code: 11ms)
 GET /api/auth/organization/list 200 in 24ms (next.js: 9ms, proxy.ts: 6ms, application-code: 10ms)
 GET /tasks?notice=Commentaire+ajout%C3%A9.&id=5ee8a06b-07d7-4f6b-b773-9d530373269c 200 in 105ms (next.js: 4ms, proxy.ts: 3ms, application-code: 98ms)
 POST /tasks?q=COLL_TASK_001&status=open 200 in 130ms (next.js: 3ms, proxy.ts: 2ms, application-code: 125ms)
  └─ ƒ addWorkspaceTaskComment({}) in 9ms src/app/actions.ts
 GET /discussions/tasks/5ee8a06b-07d7-4f6b-b773-9d530373269c 200 in 65ms (next.js: 6ms, proxy.ts: 3ms, application-code: 57ms)
 GET /discussions/tasks/5ee8a06b-07d7-4f6b-b773-9d530373269c?cursor=eyJ2IjoxLCJpdiI6ImRrZUdHbUNmdDlFcDFmNzMiLCJ0YWciOiJzcE5zVU9YdmZ0SVhocF8xeGF6WHFBIiwiZGF0YSI6IkZpcWNqWHJfcjd3b2hfbW9NWmdKZG9jSm9jSGIxc1BlejlhVGpJM004QzRSUUpkVGJ5ck9ZYXM5Um9zT1BQWW9WWk94TkdCMGdEdks2QmZuOENRekJGeTFfRC1jbU1CQTBiRU5peGVZbG5lRW1VdjlsdGI2aVRudUR2YWhTYWNaM3lvc1JkbWZtb2tSWl9QNW1jU042QjlDMjFUc20yR2gtVHdqcVVZTDdyTVphZTJWanhIREpacC1SYkdxOWNDV2xCYnNZTHZ3RFBMLU1CeWlfMmxQWTFHTmEzdW1lS0RXWXYtVy1ZMlJsLVNuVnEyUWxZaW4wZm5hNENVTmJ3MV83YlNwaUI1RnNYUThrM0NfWUl5Z0o0YW53WUNZQmRIU1JUSGt2b3Jtdm1LS1JjQmpxc1pFencifQ 200 in 75ms (next.js: 8ms, proxy.ts: 6ms, application-code: 61ms)
 GET /discussions/tasks/5ee8a06b-07d7-4f6b-b773-9d530373269c?q=COLL_MESSAGE_001 200 in 204ms (next.js: 4ms, proxy.ts: 3ms, application-code: 197ms)
 GET /api/auth/get-session 200 in 45ms (next.js: 19ms, proxy.ts: 9ms, application-code: 17ms)
 GET /api/auth/organization/list 200 in 65ms (next.js: 23ms, proxy.ts: 10ms, application-code: 32ms)
 GET /alerts?q=COLL_ALERT_ 200 in 529ms (next.js: 5ms, proxy.ts: 10ms, application-code: 515ms)
 GET /api/auth/get-session 200 in 63ms (next.js: 10ms, proxy.ts: 18ms, application-code: 34ms)
 GET /api/auth/organization/list 200 in 64ms (next.js: 21ms, proxy.ts: 14ms, application-code: 29ms)
 GET /alerts?q=COLL_ALERT_&cursor=eyJ2IjoxLCJpdiI6ImtWY3RmSHFYWndOWjh0YjQiLCJ0YWciOiJzUVJFSTFXc1IwRG5VWGk5YzEyWlZRIiwiZGF0YSI6Ik5WTnMxcUpkaVlfS3dLYUNlU1ptakNTcGJURHVlQ1hiTGJ5cFJiWHJzWTV1V1JPZEhQaFloNjY1em9SaXlGbkpnSm1kV1FVQ1pwVlZpbFpZVFFRc3dtbl93bjVUdUs5QXQxTVdYSVMtZ1YwZGk0QVJqaWVfSGpBcmtoREEtTkJPLWhlZ0REdUhKRncwQW5CcV9hNTFwcHh2M3dNMmh6QkJrNnB3dm9SWm9XZTVBZUV2SDF4Z1NhRFpGSDVBbkhHZHk1ekdKNjR4RUdQNThzUDFBTGhDVXRFT1N2OFNDMUNXbklGb0xKY0tzNFFoRDBkX0VuZVJvY0t4MjlRRjczc1NhRGE5Q3ZCY3k1QUhKTGUyV1ZpbTZ3dldSa1BEVkItVE80cDVyYjNOaC1qM29aT24tUElOLWcifQ 200 in 142ms (next.js: 4ms, proxy.ts: 3ms, application-code: 136ms)
 GET /alerts?q=COLL_ALERT_001&status= 200 in 187ms (next.js: 2ms, proxy.ts: 2ms, application-code: 183ms)
 GET /api/auth/get-session 200 in 149ms (next.js: 19ms, proxy.ts: 54ms, application-code: 76ms)
 GET /api/auth/organization/list 200 in 144ms (next.js: 23ms, proxy.ts: 51ms, application-code: 70ms)
 GET /approvals?q=COLL_APPROVAL_ 200 in 472ms (next.js: 5ms, proxy.ts: 5ms, application-code: 461ms)
 GET /api/auth/get-session 200 in 27ms (next.js: 4ms, proxy.ts: 4ms, application-code: 20ms)
 GET /api/auth/organization/list 200 in 34ms (next.js: 9ms, proxy.ts: 4ms, application-code: 21ms)
 GET /approvals?q=COLL_APPROVAL_&cursor=eyJ2IjoxLCJpdiI6IndoazZpTmVKa21xdldqS24iLCJ0YWciOiJwSTRfSnVYcDFIa3lKTXVoSnlmQWhBIiwiZGF0YSI6InRpSHpJZjB5LUlWc1pncks0M2ZjQ1VVQ0ZiTHlydUdFd19ERDZBU3haX0oyMWZMTU9TNHhycTg5bFFCZy1vdDlvTGxyZHQxNjVQVVI3amlSWWJkQzloU3NZTU9VMS1jWmh4dkx2bnJnUkcxLTJiQVRCNXhreG9Va3hKLTRham9qQ0dyUU8xMWNqbXBwNFMyUjRoSDBQZWt6ZDdQXzdaS1BDQ1BQczJlOGhJdUkxcGZIR2JtTF9RMTQ4XzdrMUJEdGhRVm9ZV1ZHeVFHS3hGeWFqUlEzVzhiMWxRVnQ0RjZWS1hnVjg3ZHRCOGREdHVOdDFfWE95ekVyb0xDWVotSHdoU2NmS2pDMF84VnVlTTJCT016b2lmVkIzbjROYWw5RV9uZHFmV21lYjVmX05Ca29rQWdRUkEifQ 200 in 155ms (next.js: 4ms, proxy.ts: 6ms, application-code: 145ms)
 GET /approvals?q=COLL_APPROVAL_001&status= 200 in 133ms (next.js: 2ms, proxy.ts: 3ms, application-code: 128ms)
 GET /api/auth/get-session 200 in 89ms (next.js: 44ms, proxy.ts: 21ms, application-code: 24ms)
 GET /api/auth/organization/list 200 in 303ms (next.js: 48ms, proxy.ts: 21ms, application-code: 235ms)
 GET /support?q=COLL_SUPPORT_ 200 in 371ms (next.js: 5ms, proxy.ts: 2ms, application-code: 364ms)
 GET /api/auth/get-session 200 in 37ms (next.js: 4ms, proxy.ts: 10ms, application-code: 23ms)
 GET /api/auth/organization/list 200 in 37ms (next.js: 10ms, proxy.ts: 9ms, application-code: 19ms)
 GET /support?q=COLL_SUPPORT_&cursor=eyJ2IjoxLCJpdiI6IjZCNTV6eUtRTlFZbjlad2siLCJ0YWciOiJldURCN0NnNFJyZHB4SGVwT3AxcXlRIiwiZGF0YSI6Ii1UYVRwVkNpT0IwdmVDUFNHOGo1N3RBVHhOQUhFNnh4S1FCOXV4a3FqbnM3Sk9vbThpN2RnbjAwblFuRVJucGpkb25YMjRTVUpxeFhSYmhPME40bS1TUHZucE9jS1hJcWMteFZJZTNGMWkyVGFtY3BLMFBLbmRScmJ4Mm9OZ2t5dlZIMTRRbTllNF93TnR1TEZxeVlnSF8wMlQ4MC01SUpsZkNFQ1NjY3RpbWhNLUFwZUdfbGgtX091Q1NHekxGTWU3UVBxTXIxMW5tRVJZeDk2WkFBb29hTFFuYWlUcDZDa2hZcmN0TG5Wb2k3eEZhUnVnSC1nTUQyYmF1WFpUMm1paGNIWC1tam1jWUJXVjZzeUJJRGd1SGNTV3lPd0sybXJuQS15R2pYdmlaUklCcC1OZ1RwMEEifQ 200 in 134ms (next.js: 5ms, proxy.ts: 3ms, application-code: 126ms)
 GET /support?q=COLL_SUPPORT_001&status= 200 in 161ms (next.js: 3ms, proxy.ts: 3ms, application-code: 156ms)
 GET /api/auth/get-session 200 in 27ms (next.js: 7ms, proxy.ts: 3ms, application-code: 17ms)
 GET /api/auth/organization/list 200 in 30ms (next.js: 12ms, proxy.ts: 3ms, application-code: 15ms)
 GET /tasks?cursor=forged 200 in 161ms (next.js: 2ms, proxy.ts: 2ms, application-code: 156ms)
 GET /api/auth/get-session 200 in 40ms (next.js: 8ms, proxy.ts: 7ms, application-code: 25ms)
 GET /api/auth/organization/list 200 in 43ms (next.js: 20ms, proxy.ts: 7ms, application-code: 16ms)
 GET /support?q=COLL_SUPPORT_ 200 in 143ms (next.js: 3ms, proxy.ts: 3ms, application-code: 137ms)
 GET /api/auth/get-session 200 in 45ms (next.js: 9ms, proxy.ts: 4ms, application-code: 32ms)
 GET /api/auth/organization/list 200 in 49ms (next.js: 25ms, proxy.ts: 4ms, application-code: 20ms)
 GET /discussions/support/01bc0921-5197-4c09-b7ce-a09d2d5a0643 404 in 181ms (next.js: 12ms, proxy.ts: 9ms, application-code: 161ms)
  ✓  60 [chromium] › e2e/workspace-collections-local.spec.ts:14:53 › workspace collection navigation › searches older records and conversations in en (10.1s)


  1) [chromium] › e2e/ownership-local.spec.ts:5:61 › ownership transfer fr rechecks old owner authority and preserves other agencies

    Error: apiRequestContext.fetch: read ECONNRESET
    Call log:
      - → POST http://localhost:3017/settings?error=La%20confirmation%20ne%20correspond%20pas%20%C3%A0%20l%E2%80%99identifiant%20de%20l%E2%80%99espace.
        - user-agent: Mozilla/5.0 (Windows NT 10.0; Win64; x64) AppleWebKit/537.36 (KHTML, like Gecko) Chrome/151.0.7922.34 Safari/537.36
        - accept: text/x-component
        - accept-encoding: gzip,deflate,br
        - Origin: http://localhost:3017
        - x-forwarded-for: 198.51.100.111
        - next-action: 4069718ef57f5b5aa0ade6e6bc15835e922fba3f8c
        - next-router-state-tree: %5B%22%22%2C%7B%22children%22%3A%5B%22(app)%22%2C%7B%22children%22%3A%5B%22settings%22%2C%7B%22children%22%3A%5B%22__PAGE__%22%2C%7B%7D%2Cnull%2Cnull%2C4096%5D%7D%2Cnull%2Cnull%2C4096%5D%7D%2Cnull%2Cnull%2C4096%5D%7D%2Cnull%2Cnull%2C4112%5D
        - content-type: multipart/form-data; boundary=----WebKitFormBoundary3kGpKWdkq07kQhVR
        - content-length: 390
        - cookie: [REDACTED]


      45 |       const headers = Object.fromEntries(Object.entries(sent.headers()).filter(([key]) => ['accept', 'content-type', 'next-action', 'next-router-state-tree', 'next-url', 'origin'].includes(key)))
      46 |       expect(headers.cookie).toBeUndefined()
    > 47 |       const replay = await owner.request.fetch(sent.url(), { method: 'POST', headers, data: sent.postDataBuffer()!, maxRedirects: 0 })
         |                                          ^
      48 |       expect(replay.headers()['x-action-redirect']).toContain('error=')
      49 |       expect(Number((await db.query("select count(*) from audit_events where workspace_id=$1 and action='workspace.ownership_transferred'", [workspaceId])).rows[0].count)).toBe(baseline + 1)
      50 |       await successor.goto('/settings')
        at /Users/yoannandrieux/Projets/yodev-ads/web/e2e/ownership-local.spec.ts:47:42

    Error Context: test-results/ownership-local-ownership--5ee64-nd-preserves-other-agencies-chromium/error-context.md

  1 failed
    [chromium] › e2e/ownership-local.spec.ts:5:61 › ownership transfer fr rechecks old owner authority and preserves other agencies
  59 passed (3.6m)
{"ok":true,"cleaned":"local-browser-fixtures"}
