
> @yodev/ads@0.1.0 test:e2e:local
> node scripts/verify-local-browser.mjs

{"ok":true,"fixtureRoles":["owner","admin","strategist","analyst","client"],"foreignExportId":"80000000-0000-4000-8000-000000000003"}

> @yodev/ads@0.1.0 dev
> next dev --hostname 127.0.0.1 --port 3017

▲ Next.js 16.3.0 (Turbopack)
- Local:         http://127.0.0.1:3017
- Network:       http://127.0.0.1:3017
- Environments: .env.local
✓ Ready in 379ms
✓ Running next.config.ts took 1001ms
- Experiments (use with caution):
  · clientTraceMetadata

 GET /sign-in 200 in 2.3s (next.js: 1964ms, proxy.ts: 148ms, application-code: 153ms)
 GET / 200 in 2.3s (next.js: 1565ms, proxy.ts: 145ms, application-code: 590ms)
 GET /icon?a62dacc6b033a714 200 in 263ms (next.js: 59ms, proxy.ts: 6ms, application-code: 198ms)
 GET /sign-in 200 in 60ms (next.js: 6ms, proxy.ts: 4ms, application-code: 50ms)
 POST /api/auth/sign-in/email 200 in 991ms (next.js: 787ms, proxy.ts: 5ms, application-code: 199ms)
 POST /api/auth/sign-in/email 200 in 110ms (next.js: 4ms, proxy.ts: 3ms, application-code: 102ms)
 POST /api/auth/sign-in/email 200 in 88ms (next.js: 2ms, proxy.ts: 3ms, application-code: 82ms)
 POST /api/auth/sign-in/email 200 in 80ms (next.js: 2ms, proxy.ts: 2ms, application-code: 76ms)
 POST /api/auth/sign-in/email 200 in 78ms (next.js: 2ms, proxy.ts: 2ms, application-code: 74ms)
 GET /dashboard 200 in 483ms (next.js: 188ms, proxy.ts: 3ms, application-code: 292ms)
 GET /settings 200 in 242ms (next.js: 35ms, proxy.ts: 2ms, application-code: 205ms)
 GET /billing 200 in 171ms (next.js: 16ms, proxy.ts: 2.0ms, application-code: 153ms)
 GET /support 200 in 146ms (next.js: 16ms, proxy.ts: 1.9ms, application-code: 128ms)
 GET /accounts 200 in 125ms (next.js: 14ms, proxy.ts: 2.0ms, application-code: 109ms)
 GET /history 200 in 142ms (next.js: 16ms, proxy.ts: 3ms, application-code: 124ms)
 GET /alerts 200 in 159ms (next.js: 18ms, proxy.ts: 2ms, application-code: 139ms)
 GET /tasks 200 in 177ms (next.js: 26ms, proxy.ts: 2ms, application-code: 149ms)
 GET /approvals 200 in 138ms (next.js: 23ms, proxy.ts: 2ms, application-code: 112ms)
 GET /reports 200 in 200ms (next.js: 24ms, proxy.ts: 1.9ms, application-code: 174ms)
 GET /audit 200 in 128ms (next.js: 21ms, proxy.ts: 2.0ms, application-code: 104ms)
 GET /agents 200 in 198ms (next.js: 19ms, proxy.ts: 2ms, application-code: 177ms)
 GET / 200 in 93ms (next.js: 3ms, proxy.ts: 2ms, application-code: 87ms)
 GET /privacy 200 in 59ms (next.js: 15ms, proxy.ts: 1.8ms, application-code: 42ms)
 GET /terms 200 in 56ms (next.js: 15ms, proxy.ts: 2ms, application-code: 39ms)
 GET /subprocessors 200 in 117ms (next.js: 45ms, proxy.ts: 2ms, application-code: 70ms)
 GET /status 200 in 113ms (next.js: 37ms, proxy.ts: 1.9ms, application-code: 74ms)
 GET /sign-in 200 in 35ms (next.js: 4ms, proxy.ts: 2ms, application-code: 30ms)
 GET /sign-up 200 in 335ms (next.js: 302ms, proxy.ts: 1.8ms, application-code: 31ms)
Local browser states ready in /var/folders/9h/sbxl7zl90j9_wc743xft5j8h0000gn/T/yodev-ads-browser-TMZwa3

Running 60 tests using 1 worker

(node:628) Warning: The 'NO_COLOR' env is ignored due to the 'FORCE_COLOR' env being set.
(Use `node --trace-warnings ...` to show where the warning was created)
(node:628) DeprecationWarning: Calling client.query() when the client is already executing a query is deprecated and will be removed in pg@9.0. Use async/await or an external async flow control mechanism instead.
 GET /operations 200 in 619ms (next.js: 39ms, proxy.ts: 3ms, application-code: 577ms)
 GET /api/auth/get-session 200 in 63ms (next.js: 26ms, proxy.ts: 7ms, application-code: 31ms)
 GET /api/auth/organization/list 200 in 67ms (next.js: 13ms, proxy.ts: 6ms, application-code: 47ms)
  ✓   1 [chromium] › e2e/activation-local.spec.ts:7:7 › operations counts published reports and excludes legacy or future activation (1.9s)
 GET /alerts?id=24b72e62-01e2-41a5-a10e-e8e3f911d845 200 in 220ms (next.js: 3ms, proxy.ts: 4ms, application-code: 213ms)
 GET /api/auth/get-session 200 in 51ms (next.js: 13ms, proxy.ts: 3ms, application-code: 34ms)
 GET /api/auth/organization/list 200 in 55ms (next.js: 22ms, proxy.ts: 3ms, application-code: 30ms)
 GET /alerts?notice=Avis+sur+la+qualit%C3%A9+de+l%E2%80%99alerte+enregistr%C3%A9.&id=24b72e62-01e2-41a5-a10e-e8e3f911d845 200 in 132ms (next.js: 3ms, proxy.ts: 4ms, application-code: 125ms)
 POST /alerts?id=24b72e62-01e2-41a5-a10e-e8e3f911d845 200 in 235ms (next.js: 3ms, proxy.ts: 4ms, application-code: 227ms)
  └─ ƒ reviewWorkspaceAlertQuality({}) in 44ms src/app/actions.ts
 GET /alerts?error=Cette+observation+ou+cet+avis+a+chang%C3%A9.+Actualisez+la+page+avant+de+l%E2%80%99%C3%A9valuer+%C3%A0+nouveau.&id=24b72e62-01e2-41a5-a10e-e8e3f911d845 200 in 102ms (next.js: 2ms, proxy.ts: 5ms, application-code: 96ms)
 POST /alerts?notice=Avis%20sur%20la%20qualit%C3%A9%20de%20l%E2%80%99alerte%20enregistr%C3%A9.&id=24b72e62-01e2-41a5-a10e-e8e3f911d845 200 in 133ms (next.js: 2ms, proxy.ts: 4ms, application-code: 127ms)
  └─ ƒ reviewWorkspaceAlertQuality({}) in 14ms src/app/actions.ts
 GET /alerts?notice=Avis+sur+la+qualit%C3%A9+de+l%E2%80%99alerte+enregistr%C3%A9.&id=24b72e62-01e2-41a5-a10e-e8e3f911d845 200 in 79ms (next.js: 3ms, proxy.ts: 2ms, application-code: 74ms)
 POST /alerts?error=Cette%20observation%20ou%20cet%20avis%20a%20chang%C3%A9.%20Actualisez%20la%20page%20avant%20de%20l%E2%80%99%C3%A9valuer%20%C3%A0%20nouveau.&id=24b72e62-01e2-41a5-a10e-e8e3f911d845 200 in 109ms (next.js: 4ms, proxy.ts: 4ms, application-code: 102ms)
  └─ ƒ reviewWorkspaceAlertQuality({}) in 10ms src/app/actions.ts
 GET /alerts?q=QUALITY_494b9a36-e113-45f7-a9af-0ef892a1f94c 200 in 511ms (next.js: 2ms, proxy.ts: 4ms, application-code: 505ms)
 GET /api/auth/get-session 200 in 119ms (next.js: 38ms, proxy.ts: 4ms, application-code: 77ms)
 GET /api/auth/organization/list 200 in 154ms (next.js: 83ms, proxy.ts: 7ms, application-code: 65ms)
 GET /alerts?id=24b72e62-01e2-41a5-a10e-e8e3f911d845 200 in 245ms (next.js: 4ms, proxy.ts: 6ms, application-code: 234ms)
 GET /api/auth/get-session 200 in 28ms (next.js: 4ms, proxy.ts: 5ms, application-code: 19ms)
 GET /api/auth/organization/list 200 in 31ms (next.js: 10ms, proxy.ts: 5ms, application-code: 16ms)
 GET /alerts?notice=Avis+sur+la+qualit%C3%A9+de+l%E2%80%99alerte+enregistr%C3%A9.&id=24b72e62-01e2-41a5-a10e-e8e3f911d845 200 in 86ms (next.js: 1.8ms, proxy.ts: 3ms, application-code: 82ms)
 POST /alerts?id=24b72e62-01e2-41a5-a10e-e8e3f911d845 200 in 116ms (next.js: 5ms, proxy.ts: 5ms, application-code: 106ms)
  └─ ƒ reviewWorkspaceAlertQuality({}) in 9ms src/app/actions.ts
 GET /alerts?id=24b72e62-01e2-41a5-a10e-e8e3f911d845 200 in 145ms (next.js: 5ms, proxy.ts: 5ms, application-code: 135ms)
 GET /api/auth/get-session 200 in 82ms (next.js: 33ms, proxy.ts: 11ms, application-code: 38ms)
 GET /api/auth/organization/list 200 in 84ms (next.js: 48ms, proxy.ts: 15ms, application-code: 22ms)
 GET /alerts?notice=Avis%20sur%20la%20qualit%C3%A9%20de%20l%E2%80%99alerte%20enregistr%C3%A9.&id=24b72e62-01e2-41a5-a10e-e8e3f911d845 200 in 188ms (next.js: 9ms, proxy.ts: 12ms, application-code: 167ms)
  ✓   2 [chromium] › e2e/alert-quality-local.spec.ts:6:7 › alert quality fr reviews a specific observation without changing workflow (3.8s)
 GET /alerts?id=2148468d-3677-42a7-87c4-3a24405fddfe 200 in 154ms (next.js: 2ms, proxy.ts: 2ms, application-code: 149ms)
 GET /api/auth/get-session 200 in 51ms (next.js: 9ms, proxy.ts: 7ms, application-code: 35ms)
 GET /api/auth/organization/list 200 in 57ms (next.js: 19ms, proxy.ts: 8ms, application-code: 30ms)
 GET /alerts?notice=Alert+quality+review+saved.&id=2148468d-3677-42a7-87c4-3a24405fddfe 200 in 87ms (next.js: 2ms, proxy.ts: 3ms, application-code: 82ms)
 POST /alerts?id=2148468d-3677-42a7-87c4-3a24405fddfe 200 in 116ms (next.js: 4ms, proxy.ts: 4ms, application-code: 108ms)
  └─ ƒ reviewWorkspaceAlertQuality({}) in 12ms src/app/actions.ts
 GET /alerts?error=This+observation+or+review+has+changed.+Refresh+the+page+before+reviewing+it+again.&id=2148468d-3677-42a7-87c4-3a24405fddfe 200 in 94ms (next.js: 2ms, proxy.ts: 2ms, application-code: 90ms)
 POST /alerts?notice=Alert%20quality%20review%20saved.&id=2148468d-3677-42a7-87c4-3a24405fddfe 200 in 116ms (next.js: 2ms, proxy.ts: 3ms, application-code: 111ms)
  └─ ƒ reviewWorkspaceAlertQuality({}) in 9ms src/app/actions.ts
 GET /alerts?notice=Alert+quality+review+saved.&id=2148468d-3677-42a7-87c4-3a24405fddfe 200 in 81ms (next.js: 3ms, proxy.ts: 3ms, application-code: 74ms)
 POST /alerts?error=This%20observation%20or%20review%20has%20changed.%20Refresh%20the%20page%20before%20reviewing%20it%20again.&id=2148468d-3677-42a7-87c4-3a24405fddfe 200 in 123ms (next.js: 3ms, proxy.ts: 18ms, application-code: 102ms)
  └─ ƒ reviewWorkspaceAlertQuality({}) in 12ms src/app/actions.ts
 GET /alerts?q=QUALITY_bd3a3ac0-ba8e-4538-90db-2470dee0a97b 200 in 514ms (next.js: 2ms, proxy.ts: 3ms, application-code: 509ms)
 GET /api/auth/get-session 200 in 58ms (next.js: 8ms, proxy.ts: 4ms, application-code: 45ms)
 GET /api/auth/organization/list 200 in 78ms (next.js: 18ms, proxy.ts: 4ms, application-code: 56ms)
 GET /alerts?id=2148468d-3677-42a7-87c4-3a24405fddfe 200 in 177ms (next.js: 3ms, proxy.ts: 14ms, application-code: 160ms)
 GET /api/auth/get-session 200 in 35ms (next.js: 9ms, proxy.ts: 5ms, application-code: 21ms)
 GET /api/auth/organization/list 200 in 41ms (next.js: 14ms, proxy.ts: 6ms, application-code: 21ms)
 GET /alerts?notice=Alert+quality+review+saved.&id=2148468d-3677-42a7-87c4-3a24405fddfe 200 in 83ms (next.js: 4ms, proxy.ts: 4ms, application-code: 75ms)
 POST /alerts?id=2148468d-3677-42a7-87c4-3a24405fddfe 200 in 121ms (next.js: 3ms, proxy.ts: 5ms, application-code: 113ms)
  └─ ƒ reviewWorkspaceAlertQuality({}) in 19ms src/app/actions.ts
 GET /alerts?id=2148468d-3677-42a7-87c4-3a24405fddfe 200 in 135ms (next.js: 2ms, proxy.ts: 1.9ms, application-code: 131ms)
 GET /api/auth/get-session 200 in 163ms (next.js: 22ms, proxy.ts: 32ms, application-code: 109ms)
 GET /api/auth/organization/list 200 in 208ms (next.js: 31ms, proxy.ts: 30ms, application-code: 147ms)
 GET /alerts?notice=Alert%20quality%20review%20saved.&id=2148468d-3677-42a7-87c4-3a24405fddfe 200 in 265ms (next.js: 6ms, proxy.ts: 6ms, application-code: 253ms)
  ✓   3 [chromium] › e2e/alert-quality-local.spec.ts:6:7 › alert quality en reviews a specific observation without changing workflow (3.7s)
 GET /analysis?client=461903ef-fdfc-41aa-b284-06fb43cf9adb 200 in 263ms (next.js: 46ms, proxy.ts: 2ms, application-code: 214ms)
 GET /api/auth/get-session 200 in 112ms (next.js: 28ms, proxy.ts: 22ms, application-code: 62ms)
 GET /api/auth/organization/list 200 in 106ms (next.js: 59ms, proxy.ts: 13ms, application-code: 34ms)
 GET /analysis?client=461903ef-fdfc-41aa-b284-06fb43cf9adb 200 in 354ms (next.js: 1.8ms, proxy.ts: 3ms, application-code: 350ms)
 GET /api/auth/get-session 200 in 174ms (next.js: 26ms, proxy.ts: 74ms, application-code: 75ms)
 GET /api/auth/organization/list 200 in 174ms (next.js: 29ms, proxy.ts: 67ms, application-code: 78ms)
 GET /analysis?client=461903ef-fdfc-41aa-b284-06fb43cf9adb 200 in 303ms (next.js: 5ms, proxy.ts: 5ms, application-code: 293ms)
 GET /api/auth/get-session 200 in 94ms (next.js: 51ms, proxy.ts: 16ms, application-code: 27ms)
 GET /api/auth/organization/list 200 in 97ms (next.js: 55ms, proxy.ts: 16ms, application-code: 26ms)
 GET /analysis?client=461903ef-fdfc-41aa-b284-06fb43cf9adb 200 in 241ms (next.js: 1.8ms, proxy.ts: 3ms, application-code: 236ms)
 GET /api/auth/get-session 200 in 84ms (next.js: 45ms, proxy.ts: 15ms, application-code: 24ms)
 GET /api/auth/organization/list 200 in 88ms (next.js: 48ms, proxy.ts: 15ms, application-code: 25ms)
 GET /analysis?client=461903ef-fdfc-41aa-b284-06fb43cf9adb 200 in 232ms (next.js: 1.7ms, proxy.ts: 3ms, application-code: 228ms)
 GET /api/auth/get-session 200 in 92ms (next.js: 56ms, proxy.ts: 7ms, application-code: 29ms)
 GET /api/auth/organization/list 200 in 107ms (next.js: 62ms, proxy.ts: 6ms, application-code: 38ms)
 GET /analysis?client=461903ef-fdfc-41aa-b284-06fb43cf9adb 200 in 238ms (next.js: 5ms, proxy.ts: 7ms, application-code: 227ms)
 GET /api/auth/get-session 200 in 46ms (next.js: 19ms, proxy.ts: 6ms, application-code: 21ms)
 GET /api/auth/organization/list 200 in 50ms (next.js: 27ms, proxy.ts: 8ms, application-code: 14ms)
 GET /analysis?client=461903ef-fdfc-41aa-b284-06fb43cf9adb 200 in 186ms (next.js: 1.8ms, proxy.ts: 3ms, application-code: 181ms)
  ✓   4 [chromium] › e2e/analysis-evidence-local.spec.ts:7:7 › analysis evidence fr excludes empty and unqualified sources before first activation (3.1s)
 GET /analysis?client=9be47d19-c91e-4b4e-a39b-76754fecb621 200 in 161ms (next.js: 1.8ms, proxy.ts: 2ms, application-code: 157ms)
 GET /api/auth/get-session 200 in 105ms (next.js: 26ms, proxy.ts: 23ms, application-code: 56ms)
 GET /api/auth/organization/list 200 in 111ms (next.js: 29ms, proxy.ts: 23ms, application-code: 59ms)
 GET /analysis?client=9be47d19-c91e-4b4e-a39b-76754fecb621 200 in 270ms (next.js: 4ms, proxy.ts: 4ms, application-code: 262ms)
 GET /api/auth/get-session 200 in 116ms (next.js: 19ms, proxy.ts: 33ms, application-code: 63ms)
 GET /api/auth/organization/list 200 in 115ms (next.js: 30ms, proxy.ts: 32ms, application-code: 53ms)
 GET /analysis?client=9be47d19-c91e-4b4e-a39b-76754fecb621 200 in 297ms (next.js: 3ms, proxy.ts: 3ms, application-code: 291ms)
 GET /api/auth/get-session 200 in 93ms (next.js: 48ms, proxy.ts: 17ms, application-code: 27ms)
 GET /api/auth/organization/list 200 in 97ms (next.js: 52ms, proxy.ts: 17ms, application-code: 28ms)
 GET /analysis?client=9be47d19-c91e-4b4e-a39b-76754fecb621 200 in 241ms (next.js: 2ms, proxy.ts: 4ms, application-code: 235ms)
 GET /api/auth/get-session 200 in 85ms (next.js: 46ms, proxy.ts: 17ms, application-code: 22ms)
 GET /api/auth/organization/list 200 in 89ms (next.js: 48ms, proxy.ts: 17ms, application-code: 24ms)
 GET /analysis?client=9be47d19-c91e-4b4e-a39b-76754fecb621 200 in 239ms (next.js: 3ms, proxy.ts: 3ms, application-code: 233ms)
 GET /api/auth/get-session 200 in 125ms (next.js: 59ms, proxy.ts: 11ms, application-code: 56ms)
 GET /api/auth/organization/list 200 in 175ms (next.js: 63ms, proxy.ts: 11ms, application-code: 102ms)
 GET /analysis?client=9be47d19-c91e-4b4e-a39b-76754fecb621 200 in 314ms (next.js: 7ms, proxy.ts: 9ms, application-code: 298ms)
 GET /api/auth/get-session 200 in 30ms (next.js: 10ms, proxy.ts: 4ms, application-code: 16ms)
 GET /api/auth/organization/list 200 in 30ms (next.js: 15ms, proxy.ts: 4ms, application-code: 11ms)
 GET /analysis?client=9be47d19-c91e-4b4e-a39b-76754fecb621 200 in 208ms (next.js: 2ms, proxy.ts: 5ms, application-code: 201ms)
  ✓   5 [chromium] › e2e/analysis-evidence-local.spec.ts:7:7 › analysis evidence en excludes empty and unqualified sources before first activation (3.1s)
 GET /insights?client=80000000-0000-4000-8000-000000000091 200 in 448ms (next.js: 81ms, proxy.ts: 3ms, application-code: 364ms)
 GET /api/auth/get-session 200 in 23ms (next.js: 6ms, proxy.ts: 4ms, application-code: 13ms)
 GET /api/auth/organization/list 200 in 26ms (next.js: 10ms, proxy.ts: 3ms, application-code: 13ms)
 POST /insights?client=80000000-0000-4000-8000-000000000091 200 in 266ms (next.js: 2ms, proxy.ts: 6ms, application-code: 258ms)
  └─ ƒ setCookieConsent({}) in 2ms src/app/preferences-actions.ts
 GET /insights/devices?client=80000000-0000-4000-8000-000000000091 200 in 808ms (next.js: 678ms, proxy.ts: 10ms, application-code: 120ms)
 GET /insights/devices?client=80000000-0000-4000-8000-000000000091&cursor=eyJ2IjoxLCJpdiI6Ik1QOUpsbUFDbER6Y28tQ1MiLCJ0YWciOiI3ZG9nMmhxbGdKWGJDZEhrZHdOYlBnIiwiZGF0YSI6InByMTFQMjQ3UnRwYTNONkFYdUpjYjlQYU5iM1A4SjBzYVhLQzdPV3RQOVRpdWlhZW1XZ1VNRkQycUVFM3BjaGtrSk9PS1JzUUExdVhkanFWSDdvMFBKVHZMS096Y2tjWlZ6YmMwQ2wtUXJrYm5JZU1nb1k4Z3d6dGluRkl6b3hBdHVleXpzX2NUbWhyb3ptVUlCc1ZVWnkyZmF1WlVIWk52OG9wdFZFd1lXZGZubEY4bnBtZWNJX1FQLUxrQ25kMXAtUjBhRjVfeWUwS1Q3dDZzUnBlWldmY1hVZFFuNlI0THB4dHFPY0dGa016UzhVRFFFMnFQMU1uWVB3SHVRNC15aFNFZWFCMHBUdlkifQ 200 in 393ms (next.js: 11ms, proxy.ts: 5ms, application-code: 378ms)
 GET /insights/devices?client=80000000-0000-4000-8000-000000000091&q=%25_ 200 in 210ms (next.js: 5ms, proxy.ts: 3ms, application-code: 202ms)
 GET /api/auth/get-session 200 in 64ms (next.js: 14ms, proxy.ts: 4ms, application-code: 45ms)
 GET /api/auth/organization/list 200 in 69ms (next.js: 42ms, proxy.ts: 8ms, application-code: 20ms)
 GET /insights/devices/export?client=80000000-0000-4000-8000-000000000091&version=df92421f-ec07-4c68-a81e-4ec73ddfb951 200 in 839ms (next.js: 803ms, proxy.ts: 3ms, application-code: 33ms)
 GET /insights/devices?client=80000000-0000-4000-8000-000000000091&cursor=eyJ2IjoxLCJpdiI6Ik1QOUpsbUFDbER6Y28tQ1MiLCJ0YWciOiI3ZG9nMmhxbGdKWGJDZEhrZHdOYlBnIiwiZGF0YSI6InByMTFQMjQ3UnRwYTNONkFYdUpjYjlQYU5iM1A4SjBzYVhLQzdPV3RQOVRpdWlhZW1XZ1VNRkQycUVFM3BjaGtrSk9PS1JzUUExdVhkanFWSDdvMFBKVHZMS096Y2tjWlZ6YmMwQ2wtUXJrYm5JZU1nb1k4Z3d6dGluRkl6b3hBdHVleXpzX2NUbWhyb3ptVUlCc1ZVWnkyZmF1WlVIWk52OG9wdFZFd1lXZGZubEY4bnBtZWNJX1FQLUxrQ25kMXAtUjBhRjVfeWUwS1Q3dDZzUnBlWldmY1hVZFFuNlI0THB4dHFPY0dGa016UzhVRFFFMnFQMU1uWVB3SHVRNC15aFNFZWFCMHBUdlkifQ 200 in 150ms (next.js: 4ms, proxy.ts: 2ms, application-code: 143ms)
 GET /api/auth/get-session 200 in 40ms (next.js: 16ms, proxy.ts: 7ms, application-code: 16ms)
 GET /api/auth/organization/list 200 in 45ms (next.js: 15ms, proxy.ts: 13ms, application-code: 16ms)
 GET /insights/devices/export?client=80000000-0000-4000-8000-000000000091&version=df92421f-ec07-4c68-a81e-4ec73ddfb951 409 in 21ms (next.js: 4ms, proxy.ts: 3ms, application-code: 14ms)
 GET /insights/devices?client=80000000-0000-4000-8000-000000000091&cursor=forged 200 in 324ms (next.js: 6ms, proxy.ts: 3ms, application-code: 315ms)
 GET /api/auth/get-session 200 in 103ms (next.js: 22ms, proxy.ts: 10ms, application-code: 71ms)
 GET /api/auth/organization/list 200 in 117ms (next.js: 27ms, proxy.ts: 12ms, application-code: 78ms)
 GET /insights/devices?client=80000000-0000-4000-8000-000000000099 404 in 215ms (next.js: 32ms, proxy.ts: 12ms, application-code: 171ms)
 GET /insights/devices/export?client=80000000-0000-4000-8000-000000000099&version=df92421f-ec07-4c68-a81e-4ec73ddfb951 404 in 23ms (next.js: 5ms, proxy.ts: 4ms, application-code: 15ms)
 GET /insights/devices/export?client=80000000-0000-4000-8000-000000000091&version=df92421f-ec07-4c68-a81e-4ec73ddfb951 403 in 45ms (next.js: 27ms, proxy.ts: 15ms, application-code: 4ms)
 GET /api/auth/get-session 200 in 57ms (next.js: 20ms, proxy.ts: 15ms, application-code: 22ms)
 GET /api/auth/organization/list 200 in 57ms (next.js: 32ms, proxy.ts: 17ms, application-code: 7ms)
  ✓   6 [chromium] › e2e/analytical-pages-local.spec.ts:15:53 › complete analytical collections › browses, searches and exports all stored rows in fr (5.8s)
 GET /insights?client=80000000-0000-4000-8000-000000000091 200 in 390ms (next.js: 2ms, proxy.ts: 3ms, application-code: 385ms)
 GET /api/auth/get-session 200 in 36ms (next.js: 13ms, proxy.ts: 4ms, application-code: 19ms)
 GET /api/auth/organization/list 200 in 38ms (next.js: 7ms, proxy.ts: 4ms, application-code: 27ms)
 POST /insights?client=80000000-0000-4000-8000-000000000091 200 in 303ms (next.js: 4ms, proxy.ts: 5ms, application-code: 295ms)
  └─ ƒ setCookieConsent({}) in 2ms src/app/preferences-actions.ts
 GET /insights/devices?client=80000000-0000-4000-8000-000000000091 200 in 245ms (next.js: 11ms, proxy.ts: 6ms, application-code: 229ms)
 GET /insights/devices?client=80000000-0000-4000-8000-000000000091&cursor=eyJ2IjoxLCJpdiI6InFUTnp6V0pBZkxmdG05ZV8iLCJ0YWciOiJoSHdVcF8xX0JRWWxCcFVPTElQSTVnIiwiZGF0YSI6Ikdrb3FTTWxWaUJwcXNCdEtLc0tDdVpyT1FFTGhaOTdUczUwZFFKTTBaZ3ctYWQ2eG5DU2s5TTVyaWM3S0lVZjZLd3JHMmJqeEpJQkk0TmVROFhqUjdveXBzVmQxRjhyY1JxZC1OQU5mN01oa0VTX2VYS014Qzl3czE5QWQ2TmNBMHZJbUswb05ud2l3Y2xsZThMSmxoM3YwZHdBRUFaWFpJTXdtUGVZdWhNc3JTVEZ6bHFjMGZ3N25FWnNTRU1DQzN3dktqUGZyTFVaOGZVQmhFV1dJS2E3SGs0cE9GaGZPdWxwOXc5anF5UHc2cU5hbmNxbmIzTGRmTnJpRXBPbTVrRTZ2d0dkem9mQVgifQ 200 in 146ms (next.js: 10ms, proxy.ts: 4ms, application-code: 132ms)
 GET /insights/devices?client=80000000-0000-4000-8000-000000000091&q=%25_ 200 in 160ms (next.js: 4ms, proxy.ts: 3ms, application-code: 153ms)
 GET /api/auth/get-session 200 in 51ms (next.js: 32ms, proxy.ts: 5ms, application-code: 13ms)
 GET /api/auth/organization/list 200 in 54ms (next.js: 10ms, proxy.ts: 6ms, application-code: 38ms)
 GET /insights/devices/export?client=80000000-0000-4000-8000-000000000091&version=a5db8e84-303b-4cbc-b5dd-542e48df97cb 200 in 25ms (next.js: 4ms, proxy.ts: 3ms, application-code: 19ms)
 GET /insights/devices?client=80000000-0000-4000-8000-000000000091&cursor=eyJ2IjoxLCJpdiI6InFUTnp6V0pBZkxmdG05ZV8iLCJ0YWciOiJoSHdVcF8xX0JRWWxCcFVPTElQSTVnIiwiZGF0YSI6Ikdrb3FTTWxWaUJwcXNCdEtLc0tDdVpyT1FFTGhaOTdUczUwZFFKTTBaZ3ctYWQ2eG5DU2s5TTVyaWM3S0lVZjZLd3JHMmJqeEpJQkk0TmVROFhqUjdveXBzVmQxRjhyY1JxZC1OQU5mN01oa0VTX2VYS014Qzl3czE5QWQ2TmNBMHZJbUswb05ud2l3Y2xsZThMSmxoM3YwZHdBRUFaWFpJTXdtUGVZdWhNc3JTVEZ6bHFjMGZ3N25FWnNTRU1DQzN3dktqUGZyTFVaOGZVQmhFV1dJS2E3SGs0cE9GaGZPdWxwOXc5anF5UHc2cU5hbmNxbmIzTGRmTnJpRXBPbTVrRTZ2d0dkem9mQVgifQ 200 in 196ms (next.js: 3ms, proxy.ts: 4ms, application-code: 189ms)
 GET /api/auth/get-session 200 in 33ms (next.js: 8ms, proxy.ts: 12ms, application-code: 13ms)
 GET /insights/devices/export?client=80000000-0000-4000-8000-000000000091&version=a5db8e84-303b-4cbc-b5dd-542e48df97cb 409 in 43ms (next.js: 5ms, proxy.ts: 4ms, application-code: 35ms)
 GET /api/auth/organization/list 200 in 32ms (next.js: 11ms, proxy.ts: 8ms, application-code: 13ms)
 GET /insights/devices?client=80000000-0000-4000-8000-000000000091&cursor=forged 200 in 225ms (next.js: 6ms, proxy.ts: 3ms, application-code: 216ms)
 GET /api/auth/get-session 200 in 122ms (next.js: 56ms, proxy.ts: 18ms, application-code: 48ms)
 GET /api/auth/organization/list 200 in 127ms (next.js: 59ms, proxy.ts: 18ms, application-code: 49ms)
 GET /insights/devices?client=80000000-0000-4000-8000-000000000099 404 in 173ms (next.js: 4ms, proxy.ts: 3ms, application-code: 166ms)
 GET /insights/devices/export?client=80000000-0000-4000-8000-000000000099&version=a5db8e84-303b-4cbc-b5dd-542e48df97cb 404 in 78ms (next.js: 22ms, proxy.ts: 7ms, application-code: 49ms)
 GET /api/auth/get-session 200 in 44ms (next.js: 10ms, proxy.ts: 11ms, application-code: 23ms)
 GET /api/auth/organization/list 200 in 46ms (next.js: 13ms, proxy.ts: 12ms, application-code: 21ms)
 GET /insights/devices/export?client=80000000-0000-4000-8000-000000000091&version=a5db8e84-303b-4cbc-b5dd-542e48df97cb 403 in 26ms (next.js: 10ms, proxy.ts: 12ms, application-code: 5ms)
  ✓   7 [chromium] › e2e/analytical-pages-local.spec.ts:15:53 › complete analytical collections › browses, searches and exports all stored rows in en (3.3s)
 GET /account 307 in 101ms (next.js: 54ms, proxy.ts: 3ms, application-code: 44ms)
 GET /sign-in?returnTo=%2Faccount 200 in 41ms (next.js: 5ms, proxy.ts: 2ms, application-code: 34ms)
 GET /account 200 in 81ms (next.js: 2ms, proxy.ts: 3ms, application-code: 76ms)
 GET /api/auth/get-session 200 in 33ms (next.js: 10ms, proxy.ts: 5ms, application-code: 18ms)
 GET /api/auth/passkey/list-user-passkeys 200 in 34ms (next.js: 16ms, proxy.ts: 6ms, application-code: 12ms)
 GET /api/auth/organization/list 200 in 41ms (next.js: 14ms, proxy.ts: 6ms, application-code: 22ms)
 GET /account 200 in 49ms (next.js: 1.9ms, proxy.ts: 3ms, application-code: 44ms)
 GET /api/auth/organization/list 200 in 35ms (next.js: 19ms, proxy.ts: 4ms, application-code: 12ms)
 GET /api/auth/get-session 200 in 38ms (next.js: 6ms, proxy.ts: 4ms, application-code: 28ms)
 GET /api/auth/passkey/list-user-passkeys 200 in 38ms (next.js: 22ms, proxy.ts: 5ms, application-code: 12ms)
 GET /account 200 in 42ms (next.js: 2ms, proxy.ts: 3ms, application-code: 37ms)
 GET /api/auth/organization/list 200 in 27ms (next.js: 11ms, proxy.ts: 5ms, application-code: 10ms)
 GET /api/auth/get-session 200 in 30ms (next.js: 7ms, proxy.ts: 6ms, application-code: 17ms)
 GET /api/auth/passkey/list-user-passkeys 200 in 30ms (next.js: 14ms, proxy.ts: 5ms, application-code: 11ms)
 GET /account 200 in 43ms (next.js: 1.6ms, proxy.ts: 3ms, application-code: 38ms)
 GET /api/auth/get-session 200 in 35ms (next.js: 16ms, proxy.ts: 5ms, application-code: 14ms)
 GET /api/auth/organization/list 200 in 36ms (next.js: 18ms, proxy.ts: 5ms, application-code: 13ms)
 GET /api/auth/passkey/list-user-passkeys 200 in 37ms (next.js: 21ms, proxy.ts: 5ms, application-code: 12ms)
 GET /account 200 in 41ms (next.js: 1.8ms, proxy.ts: 3ms, application-code: 36ms)
 GET /api/auth/get-session 200 in 26ms (next.js: 9ms, proxy.ts: 4ms, application-code: 14ms)
 GET /api/auth/passkey/list-user-passkeys 200 in 28ms (next.js: 15ms, proxy.ts: 4ms, application-code: 10ms)
 GET /api/auth/organization/list 200 in 31ms (next.js: 12ms, proxy.ts: 4ms, application-code: 14ms)
  ✓   8 [chromium] › e2e/auth-lifecycle-local.spec.ts:58:7 › personal account security is available to all five workspace roles (2.5s)
 GET /sign-up 200 in 40ms (next.js: 6ms, proxy.ts: 3ms, application-code: 31ms)
 POST /api/auth/sign-up/email 200 in 141ms (next.js: 6ms, proxy.ts: 6ms, application-code: 128ms)
 GET /api/auth/get-session 200 in 9ms (next.js: 2.0ms, proxy.ts: 2ms, application-code: 4ms)
 GET /sign-in 200 in 41ms (next.js: 4ms, proxy.ts: 3ms, application-code: 34ms)
 POST /api/auth/sign-in/email 403 in 92ms (next.js: 4ms, proxy.ts: 3ms, application-code: 86ms)
 GET /api/auth/get-session 200 in 10ms (next.js: 2ms, proxy.ts: 2ms, application-code: 5ms)
 GET /api/auth/verify-email?token=[REDACTED]&callbackURL=%2Fdashboard 302 in 12ms (next.js: 2ms, proxy.ts: 1.7ms, application-code: 8ms)
 GET /dashboard 307 in 49ms (next.js: 3ms, proxy.ts: 1.7ms, application-code: 44ms)
 GET /sign-in 200 in 33ms (next.js: 4ms, proxy.ts: 1.9ms, application-code: 28ms)
 GET /sign-in 200 in 68ms (next.js: 4ms, proxy.ts: 4ms, application-code: 60ms)
 POST /api/auth/sign-in/email 200 in 115ms (next.js: 3ms, proxy.ts: 5ms, application-code: 107ms)
 GET /dashboard 307 in 61ms (next.js: 3ms, proxy.ts: 2ms, application-code: 55ms)
 GET /onboarding 200 in 84ms (next.js: 33ms, proxy.ts: 2ms, application-code: 49ms)
 GET /settings 200 in 90ms (next.js: 6ms, proxy.ts: 3ms, application-code: 81ms)
 POST /onboarding 200 in 125ms (next.js: 2ms, proxy.ts: 4ms, application-code: 119ms)
  └─ ƒ createWorkspace({}) in 20ms src/app/onboarding/actions.ts
 GET /api/auth/get-session 200 in 49ms (next.js: 8ms, proxy.ts: 4ms, application-code: 37ms)
 GET /api/auth/organization/list 200 in 56ms (next.js: 14ms, proxy.ts: 5ms, application-code: 36ms)
 GET /api/auth/get-session 200 in 34ms (next.js: 12ms, proxy.ts: 15ms, application-code: 7ms)
 GET /sign-in 200 in 41ms (next.js: 4ms, proxy.ts: 3ms, application-code: 34ms)
 POST /api/auth/sign-in/magic-link 200 in 23ms (next.js: 4ms, proxy.ts: 5ms, application-code: 14ms)
 GET /api/auth/magic-link/verify?token=[REDACTED]&callbackURL=%2Fdashboard&errorCallbackURL=http%3A%2F%2Flocalhost%3A3017%2Fsign-in 302 in 17ms (next.js: 2ms, proxy.ts: 3ms, application-code: 12ms)
 GET /dashboard 200 in 116ms (next.js: 1.9ms, proxy.ts: 1.7ms, application-code: 112ms)
 GET /api/auth/get-session 200 in 18ms (next.js: 5ms, proxy.ts: 3ms, application-code: 10ms)
 GET /api/auth/get-session 200 in 50ms (next.js: 31ms, proxy.ts: 8ms, application-code: 11ms)
 GET /api/auth/organization/list 200 in 52ms (next.js: 10ms, proxy.ts: 8ms, application-code: 35ms)
 GET /api/auth/magic-link/verify?token=[REDACTED]&callbackURL=%2Fdashboard&errorCallbackURL=http%3A%2F%2Flocalhost%3A3017%2Fsign-in 302 in 17ms (next.js: 4ms, proxy.ts: 7ms, application-code: 6ms)
 GET /sign-in?error=INVALID_TOKEN 200 in 41ms (next.js: 4ms, proxy.ts: 3ms, application-code: 35ms)
 GET /api/auth/get-session 200 in 15ms (next.js: 4ms, proxy.ts: 5ms, application-code: 6ms)
 GET /forgot-password 200 in 86ms (next.js: 26ms, proxy.ts: 3ms, application-code: 57ms)
 POST /api/auth/request-password-reset 200 in 18ms (next.js: 3ms, proxy.ts: 3ms, application-code: 12ms)
 GET /api/auth/reset-password/[REDACTED]?callbackURL=%2Freset-password 302 in 12ms (next.js: 4ms, proxy.ts: 2ms, application-code: 6ms)
 GET /reset-password?token=[REDACTED] 200 in 65ms (next.js: 23ms, proxy.ts: 1.9ms, application-code: 40ms)
 POST /api/auth/reset-password 200 in 90ms (next.js: 2ms, proxy.ts: 3ms, application-code: 85ms)
 GET /api/auth/get-session 200 in 20ms (next.js: 2ms, proxy.ts: 2.0ms, application-code: 16ms)
 GET /api/auth/get-session 200 in 12ms (next.js: 2ms, proxy.ts: 3ms, application-code: 7ms)
 GET /api/auth/reset-password/[REDACTED]?callbackURL=%2Freset-password 302 in 12ms (next.js: 2ms, proxy.ts: 2ms, application-code: 7ms)
 GET /reset-password?error=INVALID_TOKEN 200 in 40ms (next.js: 2ms, proxy.ts: 2.0ms, application-code: 35ms)
 GET /sign-in 200 in 53ms (next.js: 5ms, proxy.ts: 3ms, application-code: 46ms)
2026-09-07T09:44:56.920Z WARN [Better Auth]: Invalid password
 POST /api/auth/sign-in/email 401 in 99ms (next.js: 8ms, proxy.ts: 3ms, application-code: 88ms)
 GET /api/auth/get-session 200 in 10ms (next.js: 3ms, proxy.ts: 2ms, application-code: 5ms)
 GET /sign-in 200 in 47ms (next.js: 4ms, proxy.ts: 1.5ms, application-code: 42ms)
 POST /api/auth/sign-in/email 200 in 100ms (next.js: 4ms, proxy.ts: 2ms, application-code: 94ms)
 GET /dashboard 200 in 138ms (next.js: 6ms, proxy.ts: 4ms, application-code: 129ms)
 GET /sign-in 200 in 84ms (next.js: 4ms, proxy.ts: 2ms, application-code: 77ms)
 GET /api/auth/get-session 200 in 44ms (next.js: 11ms, proxy.ts: 11ms, application-code: 22ms)
 GET /api/auth/organization/list 200 in 47ms (next.js: 16ms, proxy.ts: 9ms, application-code: 22ms)
 POST /api/auth/sign-in/email 200 in 143ms (next.js: 4ms, proxy.ts: 3ms, application-code: 136ms)
 GET /dashboard 200 in 313ms (next.js: 4ms, proxy.ts: 19ms, application-code: 291ms)
 GET /account 200 in 181ms (next.js: 17ms, proxy.ts: 15ms, application-code: 150ms)
 GET /api/auth/get-session 200 in 121ms (next.js: 32ms, proxy.ts: 38ms, application-code: 51ms)
 GET /api/auth/organization/list 200 in 124ms (next.js: 34ms, proxy.ts: 36ms, application-code: 54ms)
 GET /api/auth/get-session 200 in 54ms (next.js: 11ms, proxy.ts: 12ms, application-code: 31ms)
 GET /api/auth/organization/list 200 in 57ms (next.js: 15ms, proxy.ts: 9ms, application-code: 33ms)
 GET /api/auth/passkey/list-user-passkeys 200 in 57ms (next.js: 23ms, proxy.ts: 8ms, application-code: 26ms)
 POST /api/auth/revoke-other-sessions 200 in 39ms (next.js: 11ms, proxy.ts: 15ms, application-code: 13ms)
 GET /api/auth/get-session 200 in 14ms (next.js: 3ms, proxy.ts: 4ms, application-code: 7ms)
 GET /api/auth/get-session 200 in 11ms (next.js: 2ms, proxy.ts: 1.9ms, application-code: 7ms)
 GET /api/auth/get-session 200 in 12ms (next.js: 2ms, proxy.ts: 2.0ms, application-code: 8ms)
 GET /api/auth/passkey/generate-register-options?authenticatorAttachment=platform&name=Passkey%20Ads%20by%20Yodev 200 in 83ms (next.js: 6ms, proxy.ts: 5ms, application-code: 72ms)
 POST /api/auth/passkey/verify-registration 200 in 21ms (next.js: 3ms, proxy.ts: 3ms, application-code: 15ms)
 GET /api/auth/passkey/list-user-passkeys 200 in 15ms (next.js: 2ms, proxy.ts: 1.9ms, application-code: 11ms)
 GET /api/auth/passkey/list-user-passkeys 200 in 12ms (next.js: 2ms, proxy.ts: 2ms, application-code: 7ms)
 POST /api/auth/passkey/delete-passkey 401 in 12ms (next.js: 2ms, proxy.ts: 2ms, application-code: 8ms)
 POST /api/auth/sign-out 200 in 16ms (next.js: 4ms, proxy.ts: 2ms, application-code: 9ms)
 GET /sign-in 200 in 48ms (next.js: 4ms, proxy.ts: 2ms, application-code: 42ms)
 GET /api/auth/passkey/generate-authenticate-options 200 in 30ms (next.js: 4ms, proxy.ts: 8ms, application-code: 18ms)
 POST /api/auth/passkey/verify-authentication 200 in 30ms (next.js: 9ms, proxy.ts: 2ms, application-code: 19ms)
 GET /dashboard 200 in 150ms (next.js: 4ms, proxy.ts: 3ms, application-code: 143ms)
 GET /api/auth/get-session 200 in 14ms (next.js: 4ms, proxy.ts: 3ms, application-code: 8ms)
 GET /api/auth/get-session 200 in 47ms (next.js: 8ms, proxy.ts: 26ms, application-code: 13ms)
 GET /api/auth/organization/list 200 in 34ms (next.js: 15ms, proxy.ts: 15ms, application-code: 4ms)
 GET /account 200 in 79ms (next.js: 2ms, proxy.ts: 2ms, application-code: 74ms)
 GET /api/auth/get-session 200 in 41ms (next.js: 21ms, proxy.ts: 6ms, application-code: 14ms)
 GET /api/auth/organization/list 200 in 49ms (next.js: 11ms, proxy.ts: 19ms, application-code: 19ms)
 GET /api/auth/passkey/list-user-passkeys 200 in 34ms (next.js: 19ms, proxy.ts: 3ms, application-code: 12ms)
 POST /api/auth/passkey/delete-passkey 200 in 24ms (next.js: 6ms, proxy.ts: 6ms, application-code: 12ms)
 POST /api/auth/sign-out 200 in 62ms (next.js: 10ms, proxy.ts: 24ms, application-code: 27ms)
 GET /api/auth/passkey/list-user-passkeys 200 in 53ms (next.js: 13ms, proxy.ts: 15ms, application-code: 25ms)
 GET /sign-in 200 in 283ms (next.js: 35ms, proxy.ts: 31ms, application-code: 218ms)
 GET /api/auth/passkey/generate-authenticate-options 200 in 264ms (next.js: 124ms, proxy.ts: 16ms, application-code: 124ms)
 POST /api/auth/passkey/verify-authentication 401 in 75ms (next.js: 22ms, proxy.ts: 32ms, application-code: 21ms)
 GET /api/auth/get-session 200 in 15ms (next.js: 3ms, proxy.ts: 3ms, application-code: 9ms)
 POST /api/auth/sign-in/magic-link 200 in 48ms (next.js: 6ms, proxy.ts: 6ms, application-code: 37ms)
 GET /api/auth/magic-link/verify?token=[REDACTED]&callbackURL=%2Fdashboard&errorCallbackURL=http%3A%2F%2Flocalhost%3A3017%2Fsign-in 302 in 39ms (next.js: 6ms, proxy.ts: 8ms, application-code: 25ms)
 GET /dashboard 200 in 259ms (next.js: 11ms, proxy.ts: 3ms, application-code: 244ms)
 GET /api/auth/get-session 200 in 93ms (next.js: 20ms, proxy.ts: 5ms, application-code: 68ms)
 GET /api/auth/organization/list 200 in 99ms (next.js: 39ms, proxy.ts: 5ms, application-code: 55ms)
 GET /invitation?id=5bf454ed-8f92-4a6b-9a9c-3940eafe902e 200 in 203ms (next.js: 81ms, proxy.ts: 15ms, application-code: 106ms)
 GET /api/auth/get-session 200 in 16ms (next.js: 2.0ms, proxy.ts: 4ms, application-code: 11ms)
 POST /api/auth/organization/accept-invitation 403 in 21ms (next.js: 5ms, proxy.ts: 6ms, application-code: 11ms)
 POST /invitation?id=5bf454ed-8f92-4a6b-9a9c-3940eafe902e 200 in 78ms (next.js: 15ms, proxy.ts: 21ms, application-code: 42ms)
  └─ ƒ recoverAcceptedInvitation("5bf454ed-8f92-4a6b-9a9c-3940eafe902e") in 12ms src/app/invitation/actions.ts
 GET /invitation?id=fec1d8cc-14e5-46f2-8cbb-297c97c230d0 200 in 48ms (next.js: 3ms, proxy.ts: 3ms, application-code: 42ms)
 GET /api/auth/get-session 200 in 19ms (next.js: 6ms, proxy.ts: 5ms, application-code: 9ms)
 POST /api/auth/organization/accept-invitation 400 in 16ms (next.js: 2ms, proxy.ts: 4ms, application-code: 9ms)
 POST /invitation?id=fec1d8cc-14e5-46f2-8cbb-297c97c230d0 200 in 20ms (next.js: 2ms, proxy.ts: 3ms, application-code: 14ms)
  └─ ƒ recoverAcceptedInvitation("fec1d8cc-14e5-46f2-8cbb-297c97c230d0") in 7ms src/app/invitation/actions.ts
 GET /invitation?id=b378279a-006d-4987-8532-19c2de159a17 200 in 37ms (next.js: 2ms, proxy.ts: 2ms, application-code: 32ms)
 GET /api/auth/get-session 200 in 18ms (next.js: 3ms, proxy.ts: 9ms, application-code: 6ms)
 POST /api/auth/organization/accept-invitation 400 in 43ms (next.js: 11ms, proxy.ts: 4ms, application-code: 28ms)
 POST /invitation?id=b378279a-006d-4987-8532-19c2de159a17 200 in 18ms (next.js: 3ms, proxy.ts: 3ms, application-code: 12ms)
  └─ ƒ recoverAcceptedInvitation("b378279a-006d-4987-8532-19c2de159a17") in 5ms src/app/invitation/actions.ts
 GET /invitation?id=dbc1d5c4-45c9-45bb-b7e3-64bc2499bc5d 200 in 38ms (next.js: 1.9ms, proxy.ts: 2ms, application-code: 34ms)
 GET /api/auth/get-session 200 in 13ms (next.js: 4ms, proxy.ts: 3ms, application-code: 6ms)
 GET /sign-in?returnTo=%2Finvitation%3Fid%3Ddbc1d5c4-45c9-45bb-b7e3-64bc2499bc5d 200 in 35ms (next.js: 6ms, proxy.ts: 4ms, application-code: 25ms)
 POST /api/auth/sign-in/magic-link 200 in 31ms (next.js: 4ms, proxy.ts: 4ms, application-code: 22ms)
 GET /api/auth/magic-link/verify?token=[REDACTED]&callbackURL=%2Finvitation%3Fid%3Ddbc1d5c4-45c9-45bb-b7e3-64bc2499bc5d&errorCallbackURL=http%3A%2F%2Flocalhost%3A3017%2Fsign-in%3FreturnTo%3D%252Finvitation%253Fid%253Ddbc1d5c4-45c9-45bb-b7e3-64bc2499bc5d 302 in 23ms (next.js: 3ms, proxy.ts: 5ms, application-code: 16ms)
 GET /invitation?id=dbc1d5c4-45c9-45bb-b7e3-64bc2499bc5d 200 in 63ms (next.js: 11ms, proxy.ts: 13ms, application-code: 40ms)
 GET /api/auth/get-session 200 in 14ms (next.js: 3ms, proxy.ts: 2ms, application-code: 9ms)
 POST /api/auth/organization/accept-invitation 403 in 31ms (next.js: 3ms, proxy.ts: 14ms, application-code: 14ms)
 POST /invitation?id=dbc1d5c4-45c9-45bb-b7e3-64bc2499bc5d 200 in 18ms (next.js: 1.7ms, proxy.ts: 4ms, application-code: 12ms)
  └─ ƒ recoverAcceptedInvitation("dbc1d5c4-45c9-45bb-b7e3-64bc2499bc5d") in 5ms src/app/invitation/actions.ts
 POST /api/auth/organization/accept-invitation 200 in 24ms (next.js: 5ms, proxy.ts: 3ms, application-code: 15ms)
 POST /invitation?id=dbc1d5c4-45c9-45bb-b7e3-64bc2499bc5d 200 in 15ms (next.js: 1.8ms, proxy.ts: 2.0ms, application-code: 11ms)
  └─ ƒ recoverAcceptedInvitation("dbc1d5c4-45c9-45bb-b7e3-64bc2499bc5d") in 5ms src/app/invitation/actions.ts
 POST /api/auth/organization/set-active 200 in 13ms (next.js: 2ms, proxy.ts: 1.9ms, application-code: 9ms)
 GET /api/auth/get-session 200 in 80ms (next.js: 49ms, proxy.ts: 14ms, application-code: 18ms)
 GET /dashboard 200 in 141ms (next.js: 2ms, proxy.ts: 2ms, application-code: 137ms)
 GET /api/auth/get-session 200 in 42ms (next.js: 2ms, proxy.ts: 8ms, application-code: 32ms)
 GET /api/auth/get-session 200 in 51ms (next.js: 11ms, proxy.ts: 20ms, application-code: 20ms)
 GET /api/auth/organization/list 200 in 53ms (next.js: 16ms, proxy.ts: 19ms, application-code: 19ms)
 GET /invitation?id=dbc1d5c4-45c9-45bb-b7e3-64bc2499bc5d 200 in 52ms (next.js: 2ms, proxy.ts: 4ms, application-code: 45ms)
 GET /api/auth/get-session 200 in 27ms (next.js: 8ms, proxy.ts: 7ms, application-code: 12ms)
 POST /api/auth/organization/accept-invitation 400 in 17ms (next.js: 4ms, proxy.ts: 3ms, application-code: 10ms)
 POST /invitation?id=dbc1d5c4-45c9-45bb-b7e3-64bc2499bc5d 200 in 19ms (next.js: 3ms, proxy.ts: 2ms, application-code: 14ms)
  └─ ƒ recoverAcceptedInvitation("dbc1d5c4-45c9-45bb-b7e3-64bc2499bc5d") in 7ms src/app/invitation/actions.ts
 POST /api/auth/organization/set-active 200 in 17ms (next.js: 2ms, proxy.ts: 2ms, application-code: 12ms)
 GET /api/auth/get-session 200 in 91ms (next.js: 51ms, proxy.ts: 28ms, application-code: 12ms)
 GET /dashboard 200 in 156ms (next.js: 3ms, proxy.ts: 2ms, application-code: 151ms)
 GET /invitation?id=dbc1d5c4-45c9-45bb-b7e3-64bc2499bc5d 200 in 92ms (next.js: 5ms, proxy.ts: 5ms, application-code: 83ms)
 GET /api/auth/get-session 200 in 21ms (next.js: 4ms, proxy.ts: 5ms, application-code: 13ms)
 POST /api/auth/organization/accept-invitation 400 in 17ms (next.js: 3ms, proxy.ts: 3ms, application-code: 11ms)
 POST /invitation?id=dbc1d5c4-45c9-45bb-b7e3-64bc2499bc5d 200 in 18ms (next.js: 3ms, proxy.ts: 3ms, application-code: 12ms)
  └─ ƒ recoverAcceptedInvitation("dbc1d5c4-45c9-45bb-b7e3-64bc2499bc5d") in 5ms src/app/invitation/actions.ts
 GET /dashboard 307 in 77ms (next.js: 2ms, proxy.ts: 4ms, application-code: 71ms)
 GET /onboarding 307 in 61ms (next.js: 3ms, proxy.ts: 2.0ms, application-code: 56ms)
 GET /dashboard 200 in 132ms (next.js: 7ms, proxy.ts: 3ms, application-code: 121ms)
 GET /api/auth/get-session 200 in 18ms (next.js: 5ms, proxy.ts: 4ms, application-code: 9ms)
 GET /api/auth/get-session 200 in 91ms (next.js: 48ms, proxy.ts: 12ms, application-code: 31ms)
 GET /api/auth/organization/list 200 in 120ms (next.js: 51ms, proxy.ts: 12ms, application-code: 57ms)
 GET /dashboard 307 in 127ms (next.js: 7ms, proxy.ts: 12ms, application-code: 108ms)
 GET /onboarding 200 in 84ms (next.js: 3ms, proxy.ts: 4ms, application-code: 77ms)
 GET /api/auth/get-session 200 in 15ms (next.js: 2ms, proxy.ts: 4ms, application-code: 9ms)
 GET /account 200 in 85ms (next.js: 5ms, proxy.ts: 3ms, application-code: 77ms)
 GET /api/auth/get-session 200 in 79ms (next.js: 21ms, proxy.ts: 12ms, application-code: 47ms)
 GET /api/auth/passkey/list-user-passkeys 200 in 85ms (next.js: 27ms, proxy.ts: 13ms, application-code: 46ms)
 GET /api/auth/organization/list 200 in 100ms (next.js: 32ms, proxy.ts: 14ms, application-code: 55ms)
 POST /api/auth/sign-out 200 in 83ms (next.js: 49ms, proxy.ts: 18ms, application-code: 16ms)
 GET /sign-in 200 in 135ms (next.js: 13ms, proxy.ts: 3ms, application-code: 120ms)
 GET /api/auth/get-session 200 in 63ms (next.js: 8ms, proxy.ts: 5ms, application-code: 50ms)
  ✓   9 [chromium] › e2e/auth-lifecycle-local.spec.ts:85:9 › auth lifecycle fr: verification, magic link, reset, sessions and passkey (16.9s)
 GET /sign-up 200 in 51ms (next.js: 6ms, proxy.ts: 2ms, application-code: 43ms)
 POST /api/auth/sign-up/email 200 in 113ms (next.js: 15ms, proxy.ts: 4ms, application-code: 94ms)
 GET /api/auth/get-session 200 in 11ms (next.js: 4ms, proxy.ts: 3ms, application-code: 5ms)
 GET /sign-in 200 in 46ms (next.js: 4ms, proxy.ts: 3ms, application-code: 39ms)
 POST /api/auth/sign-in/email 403 in 91ms (next.js: 3ms, proxy.ts: 4ms, application-code: 84ms)
 GET /api/auth/get-session 200 in 13ms (next.js: 3ms, proxy.ts: 3ms, application-code: 7ms)
 GET /api/auth/verify-email?token=[REDACTED]&callbackURL=%2Fdashboard 302 in 14ms (next.js: 2ms, proxy.ts: 4ms, application-code: 8ms)
 GET /dashboard 307 in 59ms (next.js: 3ms, proxy.ts: 1.7ms, application-code: 55ms)
 GET /sign-in 200 in 39ms (next.js: 4ms, proxy.ts: 2ms, application-code: 33ms)
 GET /sign-in 200 in 62ms (next.js: 6ms, proxy.ts: 4ms, application-code: 52ms)
 POST /api/auth/sign-in/email 200 in 99ms (next.js: 6ms, proxy.ts: 3ms, application-code: 90ms)
 GET /dashboard 307 in 86ms (next.js: 2ms, proxy.ts: 5ms, application-code: 79ms)
 GET /onboarding 200 in 64ms (next.js: 3ms, proxy.ts: 14ms, application-code: 48ms)
 GET /settings 200 in 99ms (next.js: 4ms, proxy.ts: 2ms, application-code: 93ms)
 POST /onboarding 200 in 130ms (next.js: 2ms, proxy.ts: 3ms, application-code: 125ms)
  └─ ƒ createWorkspace({}) in 16ms src/app/onboarding/actions.ts
 GET /api/auth/organization/list 200 in 59ms (next.js: 4ms, proxy.ts: 8ms, application-code: 47ms)
 GET /api/auth/get-session 200 in 63ms (next.js: 19ms, proxy.ts: 6ms, application-code: 38ms)
 GET /api/auth/get-session 200 in 55ms (next.js: 21ms, proxy.ts: 26ms, application-code: 8ms)
 GET /sign-in 200 in 49ms (next.js: 4ms, proxy.ts: 2ms, application-code: 43ms)
 POST /api/auth/sign-in/magic-link 200 in 46ms (next.js: 14ms, proxy.ts: 7ms, application-code: 25ms)
 GET /api/auth/magic-link/verify?token=[REDACTED]&callbackURL=%2Fdashboard&errorCallbackURL=http%3A%2F%2Flocalhost%3A3017%2Fsign-in 302 in 19ms (next.js: 3ms, proxy.ts: 4ms, application-code: 13ms)
 GET /dashboard 200 in 146ms (next.js: 2ms, proxy.ts: 3ms, application-code: 141ms)
 GET /api/auth/get-session 200 in 21ms (next.js: 4ms, proxy.ts: 7ms, application-code: 10ms)
 GET /api/auth/get-session 200 in 40ms (next.js: 11ms, proxy.ts: 7ms, application-code: 23ms)
 GET /api/auth/organization/list 200 in 44ms (next.js: 18ms, proxy.ts: 7ms, application-code: 19ms)
 GET /api/auth/magic-link/verify?token=[REDACTED]&callbackURL=%2Fdashboard&errorCallbackURL=http%3A%2F%2Flocalhost%3A3017%2Fsign-in 302 in 13ms (next.js: 4ms, proxy.ts: 2.0ms, application-code: 7ms)
 GET /sign-in?error=INVALID_TOKEN 200 in 46ms (next.js: 5ms, proxy.ts: 3ms, application-code: 38ms)
 GET /api/auth/get-session 200 in 28ms (next.js: 8ms, proxy.ts: 7ms, application-code: 13ms)
 GET /forgot-password 200 in 70ms (next.js: 6ms, proxy.ts: 3ms, application-code: 61ms)
 POST /api/auth/request-password-reset 200 in 19ms (next.js: 5ms, proxy.ts: 3ms, application-code: 11ms)
 GET /api/auth/reset-password/[REDACTED]?callbackURL=%2Freset-password 302 in 21ms (next.js: 2ms, proxy.ts: 2ms, application-code: 16ms)
 GET /reset-password?token=[REDACTED] 200 in 33ms (next.js: 3ms, proxy.ts: 2ms, application-code: 28ms)
 POST /api/auth/reset-password 200 in 97ms (next.js: 2ms, proxy.ts: 4ms, application-code: 90ms)
 GET /api/auth/get-session 200 in 14ms (next.js: 5ms, proxy.ts: 3ms, application-code: 6ms)
 GET /api/auth/get-session 200 in 15ms (next.js: 4ms, proxy.ts: 2ms, application-code: 9ms)
 GET /api/auth/reset-password/[REDACTED]?callbackURL=%2Freset-password 302 in 14ms (next.js: 2.0ms, proxy.ts: 4ms, application-code: 8ms)
 GET /reset-password?error=INVALID_TOKEN 200 in 42ms (next.js: 5ms, proxy.ts: 2ms, application-code: 35ms)
 GET /sign-in 200 in 48ms (next.js: 6ms, proxy.ts: 4ms, application-code: 38ms)
2026-09-07T09:45:13.988Z WARN [Better Auth]: Invalid password
 POST /api/auth/sign-in/email 401 in 198ms (next.js: 23ms, proxy.ts: 5ms, application-code: 170ms)
 GET /api/auth/get-session 200 in 19ms (next.js: 3ms, proxy.ts: 4ms, application-code: 11ms)
 GET /sign-in 200 in 68ms (next.js: 5ms, proxy.ts: 6ms, application-code: 56ms)
 POST /api/auth/sign-in/email 200 in 102ms (next.js: 3ms, proxy.ts: 3ms, application-code: 95ms)
 GET /dashboard 200 in 183ms (next.js: 3ms, proxy.ts: 8ms, application-code: 172ms)
 GET /sign-in 200 in 98ms (next.js: 5ms, proxy.ts: 6ms, application-code: 87ms)
 GET /api/auth/get-session 200 in 70ms (next.js: 26ms, proxy.ts: 17ms, application-code: 28ms)
 GET /api/auth/organization/list 200 in 71ms (next.js: 27ms, proxy.ts: 14ms, application-code: 31ms)
 POST /api/auth/sign-in/email 200 in 188ms (next.js: 30ms, proxy.ts: 11ms, application-code: 147ms)
 GET /dashboard 200 in 188ms (next.js: 6ms, proxy.ts: 5ms, application-code: 177ms)
 GET /account 200 in 112ms (next.js: 10ms, proxy.ts: 5ms, application-code: 97ms)
 GET /api/auth/get-session 200 in 49ms (next.js: 12ms, proxy.ts: 14ms, application-code: 24ms)
 GET /api/auth/organization/list 200 in 55ms (next.js: 16ms, proxy.ts: 14ms, application-code: 25ms)
 GET /api/auth/get-session 200 in 45ms (next.js: 9ms, proxy.ts: 8ms, application-code: 28ms)
 GET /api/auth/passkey/list-user-passkeys 200 in 51ms (next.js: 13ms, proxy.ts: 8ms, application-code: 30ms)
 GET /api/auth/organization/list 200 in 59ms (next.js: 19ms, proxy.ts: 9ms, application-code: 31ms)
 POST /api/auth/revoke-other-sessions 200 in 33ms (next.js: 15ms, proxy.ts: 9ms, application-code: 9ms)
 GET /api/auth/get-session 200 in 23ms (next.js: 5ms, proxy.ts: 5ms, application-code: 13ms)
 GET /api/auth/get-session 200 in 17ms (next.js: 5ms, proxy.ts: 3ms, application-code: 9ms)
 GET /api/auth/get-session 200 in 26ms (next.js: 3ms, proxy.ts: 13ms, application-code: 10ms)
 GET /api/auth/passkey/generate-register-options?authenticatorAttachment=platform&name=Ads%20by%20Yodev%20passkey 200 in 23ms (next.js: 7ms, proxy.ts: 5ms, application-code: 11ms)
 POST /api/auth/passkey/verify-registration 200 in 26ms (next.js: 3ms, proxy.ts: 5ms, application-code: 19ms)
 GET /api/auth/passkey/list-user-passkeys 200 in 11ms (next.js: 2.0ms, proxy.ts: 1.7ms, application-code: 7ms)
 GET /api/auth/passkey/list-user-passkeys 200 in 14ms (next.js: 4ms, proxy.ts: 4ms, application-code: 6ms)
 POST /api/auth/passkey/delete-passkey 401 in 16ms (next.js: 4ms, proxy.ts: 2ms, application-code: 10ms)
 POST /api/auth/sign-out 200 in 11ms (next.js: 1.8ms, proxy.ts: 3ms, application-code: 6ms)
 GET /sign-in 200 in 66ms (next.js: 5ms, proxy.ts: 4ms, application-code: 57ms)
 GET /api/auth/passkey/generate-authenticate-options 200 in 43ms (next.js: -7.2ms, proxy.ts: 28ms, application-code: 22ms)
 POST /api/auth/passkey/verify-authentication 200 in 59ms (next.js: 10ms, proxy.ts: 10ms, application-code: 39ms)
 GET /dashboard 200 in 338ms (next.js: 26ms, proxy.ts: 5ms, application-code: 307ms)
 GET /api/auth/get-session 200 in 20ms (next.js: 6ms, proxy.ts: 2ms, application-code: 12ms)
 GET /account 200 in 110ms (next.js: 3ms, proxy.ts: 3ms, application-code: 104ms)
 GET /api/auth/get-session 200 in 31ms (next.js: 7ms, proxy.ts: 8ms, application-code: 16ms)
 GET /api/auth/passkey/list-user-passkeys 200 in 33ms (next.js: 14ms, proxy.ts: 7ms, application-code: 11ms)
 GET /api/auth/organization/list 200 in 36ms (next.js: 11ms, proxy.ts: 8ms, application-code: 18ms)
 POST /api/auth/passkey/delete-passkey 200 in 18ms (next.js: 3ms, proxy.ts: 4ms, application-code: 11ms)
 GET /api/auth/passkey/list-user-passkeys 200 in 28ms (next.js: 7ms, proxy.ts: 5ms, application-code: 16ms)
 POST /api/auth/sign-out 200 in 34ms (next.js: 8ms, proxy.ts: 12ms, application-code: 14ms)
 GET /sign-in 200 in 151ms (next.js: 10ms, proxy.ts: 5ms, application-code: 137ms)
 GET /api/auth/passkey/generate-authenticate-options 200 in 20ms (next.js: 7ms, proxy.ts: 4ms, application-code: 9ms)
 POST /api/auth/passkey/verify-authentication 401 in 42ms (next.js: 6ms, proxy.ts: 24ms, application-code: 12ms)
 GET /api/auth/get-session 200 in 13ms (next.js: 4ms, proxy.ts: 2ms, application-code: 6ms)
 POST /api/auth/sign-in/magic-link 200 in 18ms (next.js: 3ms, proxy.ts: 3ms, application-code: 12ms)
 GET /api/auth/magic-link/verify?token=[REDACTED]&callbackURL=%2Fdashboard&errorCallbackURL=http%3A%2F%2Flocalhost%3A3017%2Fsign-in 302 in 20ms (next.js: 3ms, proxy.ts: 3ms, application-code: 14ms)
 GET /dashboard 200 in 170ms (next.js: 3ms, proxy.ts: 7ms, application-code: 160ms)
 GET /api/auth/get-session 200 in 58ms (next.js: 33ms, proxy.ts: 7ms, application-code: 18ms)
 GET /api/auth/organization/list 200 in 61ms (next.js: 12ms, proxy.ts: 6ms, application-code: 43ms)
 GET /invitation?id=c922ecb3-51c9-440a-8e2b-aa5806684b27 200 in 69ms (next.js: 9ms, proxy.ts: 6ms, application-code: 55ms)
 GET /api/auth/get-session 200 in 23ms (next.js: 5ms, proxy.ts: 6ms, application-code: 12ms)
 POST /api/auth/organization/accept-invitation 403 in 33ms (next.js: 10ms, proxy.ts: 5ms, application-code: 19ms)
 POST /invitation?id=c922ecb3-51c9-440a-8e2b-aa5806684b27 200 in 42ms (next.js: 10ms, proxy.ts: 3ms, application-code: 30ms)
  └─ ƒ recoverAcceptedInvitation("c922ecb3-51c9-440a-8e2b-aa5806684b27") in 18ms src/app/invitation/actions.ts
 GET /invitation?id=db23772d-d446-46c1-9044-46ee672f7d0c 200 in 35ms (next.js: 2ms, proxy.ts: 3ms, application-code: 30ms)
 GET /api/auth/get-session 200 in 71ms (next.js: 5ms, proxy.ts: 9ms, application-code: 57ms)
 POST /api/auth/organization/accept-invitation 400 in 39ms (next.js: 10ms, proxy.ts: 11ms, application-code: 18ms)
 POST /invitation?id=db23772d-d446-46c1-9044-46ee672f7d0c 200 in 58ms (next.js: 11ms, proxy.ts: 9ms, application-code: 39ms)
  └─ ƒ recoverAcceptedInvitation("db23772d-d446-46c1-9044-46ee672f7d0c") in 10ms src/app/invitation/actions.ts
 GET /invitation?id=c31656a5-353e-4b1b-92fe-bc6042ae742d 200 in 80ms (next.js: 8ms, proxy.ts: 8ms, application-code: 64ms)
 GET /api/auth/get-session 200 in 23ms (next.js: 4ms, proxy.ts: 11ms, application-code: 8ms)
 POST /api/auth/organization/accept-invitation 400 in 105ms (next.js: 19ms, proxy.ts: 7ms, application-code: 79ms)
 POST /invitation?id=c31656a5-353e-4b1b-92fe-bc6042ae742d 200 in 20ms (next.js: 3ms, proxy.ts: 4ms, application-code: 13ms)
  └─ ƒ recoverAcceptedInvitation("c31656a5-353e-4b1b-92fe-bc6042ae742d") in 6ms src/app/invitation/actions.ts
 GET /invitation?id=4cde3f1c-2f75-48a5-b343-64e76dcbc326 200 in 52ms (next.js: 2ms, proxy.ts: 2ms, application-code: 48ms)
 GET /api/auth/get-session 200 in 15ms (next.js: 5ms, proxy.ts: 3ms, application-code: 8ms)
 GET /sign-in?returnTo=%2Finvitation%3Fid%3D4cde3f1c-2f75-48a5-b343-64e76dcbc326 200 in 29ms (next.js: 7ms, proxy.ts: 2ms, application-code: 20ms)
 POST /api/auth/sign-in/magic-link 200 in 30ms (next.js: 4ms, proxy.ts: 8ms, application-code: 18ms)
 GET /api/auth/magic-link/verify?token=[REDACTED]&callbackURL=%2Finvitation%3Fid%3D4cde3f1c-2f75-48a5-b343-64e76dcbc326&errorCallbackURL=http%3A%2F%2Flocalhost%3A3017%2Fsign-in%3FreturnTo%3D%252Finvitation%253Fid%253D4cde3f1c-2f75-48a5-b343-64e76dcbc326 302 in 26ms (next.js: 3ms, proxy.ts: 2ms, application-code: 20ms)
 GET /invitation?id=4cde3f1c-2f75-48a5-b343-64e76dcbc326 200 in 65ms (next.js: 4ms, proxy.ts: 6ms, application-code: 55ms)
 GET /api/auth/get-session 200 in 31ms (next.js: 2ms, proxy.ts: 4ms, application-code: 25ms)
 POST /api/auth/organization/accept-invitation 403 in 20ms (next.js: 4ms, proxy.ts: 3ms, application-code: 13ms)
 POST /invitation?id=4cde3f1c-2f75-48a5-b343-64e76dcbc326 200 in 24ms (next.js: 1.9ms, proxy.ts: 5ms, application-code: 17ms)
  └─ ƒ recoverAcceptedInvitation("4cde3f1c-2f75-48a5-b343-64e76dcbc326") in 8ms src/app/invitation/actions.ts
 POST /api/auth/organization/accept-invitation 200 in 20ms (next.js: 4ms, proxy.ts: 3ms, application-code: 14ms)
 POST /invitation?id=4cde3f1c-2f75-48a5-b343-64e76dcbc326 200 in 16ms (next.js: 1.9ms, proxy.ts: 3ms, application-code: 11ms)
  └─ ƒ recoverAcceptedInvitation("4cde3f1c-2f75-48a5-b343-64e76dcbc326") in 5ms src/app/invitation/actions.ts
 POST /api/auth/organization/set-active 200 in 13ms (next.js: 2ms, proxy.ts: 3ms, application-code: 8ms)
 GET /api/auth/get-session 200 in 351ms (next.js: 109ms, proxy.ts: 19ms, application-code: 223ms)
 GET /dashboard 200 in 587ms (next.js: 2ms, proxy.ts: 1.9ms, application-code: 583ms)
 GET /api/auth/get-session 200 in 56ms (next.js: 11ms, proxy.ts: 7ms, application-code: 38ms)
 GET /api/auth/get-session 200 in 56ms (next.js: 18ms, proxy.ts: 8ms, application-code: 29ms)
 GET /api/auth/organization/list 200 in 60ms (next.js: 30ms, proxy.ts: 8ms, application-code: 23ms)
 GET /invitation?id=4cde3f1c-2f75-48a5-b343-64e76dcbc326 200 in 103ms (next.js: 6ms, proxy.ts: 8ms, application-code: 89ms)
 GET /api/auth/get-session 200 in 13ms (next.js: 4ms, proxy.ts: 2ms, application-code: 7ms)
 POST /api/auth/organization/accept-invitation 400 in 18ms (next.js: 3ms, proxy.ts: 3ms, application-code: 11ms)
 POST /invitation?id=4cde3f1c-2f75-48a5-b343-64e76dcbc326 200 in 23ms (next.js: 4ms, proxy.ts: 2ms, application-code: 17ms)
  └─ ƒ recoverAcceptedInvitation("4cde3f1c-2f75-48a5-b343-64e76dcbc326") in 8ms src/app/invitation/actions.ts
 POST /api/auth/organization/set-active 200 in 17ms (next.js: 3ms, proxy.ts: 2ms, application-code: 12ms)
 GET /api/auth/get-session 200 in 143ms (next.js: 12ms, proxy.ts: 76ms, application-code: 54ms)
 GET /dashboard 200 in 193ms (next.js: 2ms, proxy.ts: 3ms, application-code: 187ms)
 GET /invitation?id=4cde3f1c-2f75-48a5-b343-64e76dcbc326 200 in 63ms (next.js: 3ms, proxy.ts: 2ms, application-code: 58ms)
 GET /api/auth/get-session 200 in 22ms (next.js: 3ms, proxy.ts: 4ms, application-code: 15ms)
 POST /api/auth/organization/accept-invitation 400 in 80ms (next.js: 11ms, proxy.ts: 16ms, application-code: 53ms)
 POST /invitation?id=4cde3f1c-2f75-48a5-b343-64e76dcbc326 200 in 289ms (next.js: 29ms, proxy.ts: 18ms, application-code: 242ms)
  └─ ƒ recoverAcceptedInvitation("4cde3f1c-2f75-48a5-b343-64e76dcbc326") in 204ms src/app/invitation/actions.ts
 GET /dashboard 307 in 133ms (next.js: 4ms, proxy.ts: 18ms, application-code: 111ms)
 GET /onboarding 307 in 67ms (next.js: 3ms, proxy.ts: 6ms, application-code: 59ms)
 GET /dashboard 200 in 141ms (next.js: 1.9ms, proxy.ts: 3ms, application-code: 136ms)
 GET /api/auth/get-session 200 in 42ms (next.js: 10ms, proxy.ts: 7ms, application-code: 25ms)
 GET /api/auth/get-session 200 in 143ms (next.js: 12ms, proxy.ts: 7ms, application-code: 124ms)
 GET /api/auth/organization/list 200 in 170ms (next.js: 21ms, proxy.ts: 6ms, application-code: 142ms)
 GET /dashboard 307 in 206ms (next.js: 12ms, proxy.ts: 4ms, application-code: 190ms)
 GET /onboarding 200 in 145ms (next.js: 2ms, proxy.ts: 4ms, application-code: 139ms)
 GET /api/auth/get-session 200 in 69ms (next.js: 27ms, proxy.ts: 25ms, application-code: 17ms)
 GET /account 200 in 62ms (next.js: 3ms, proxy.ts: 3ms, application-code: 55ms)
 GET /api/auth/get-session 200 in 340ms (next.js: 164ms, proxy.ts: 28ms, application-code: 148ms)
 GET /api/auth/organization/list 200 in 355ms (next.js: 195ms, proxy.ts: 66ms, application-code: 94ms)
 GET /api/auth/passkey/list-user-passkeys 200 in 361ms (next.js: 209ms, proxy.ts: 78ms, application-code: 74ms)
 POST /api/auth/sign-out 200 in 291ms (next.js: 222ms, proxy.ts: 19ms, application-code: 49ms)
 GET /api/auth/get-session 200 in 144ms (next.js: 98ms, proxy.ts: 26ms, application-code: 19ms)
 GET /api/auth/passkey/list-user-passkeys 401 in 148ms (next.js: 102ms, proxy.ts: 28ms, application-code: 19ms)
 GET /sign-in 200 in 165ms (next.js: 42ms, proxy.ts: 17ms, application-code: 106ms)
 GET /api/auth/get-session 200 in 49ms (next.js: 29ms, proxy.ts: 8ms, application-code: 12ms)
  ✓  10 [chromium] › e2e/auth-lifecycle-local.spec.ts:85:9 › auth lifecycle en: verification, magic link, reset, sessions and passkey (17.4s)
 GET /dashboard 200 in 152ms (next.js: 3ms, proxy.ts: 1.9ms, application-code: 146ms)
 GET /api/auth/get-session 200 in 209ms (next.js: 43ms, proxy.ts: 57ms, application-code: 109ms)
 GET /api/auth/organization/list 200 in 361ms (next.js: 102ms, proxy.ts: 60ms, application-code: 200ms)
 GET /settings 200 in 446ms (next.js: 8ms, proxy.ts: 5ms, application-code: 433ms)
 GET /api/auth/get-session 200 in 217ms (next.js: 102ms, proxy.ts: 23ms, application-code: 92ms)
 GET /api/auth/organization/list 200 in 219ms (next.js: 45ms, proxy.ts: 68ms, application-code: 106ms)
 GET /billing 200 in 328ms (next.js: 10ms, proxy.ts: 6ms, application-code: 312ms)
 GET /api/auth/get-session 200 in 111ms (next.js: 64ms, proxy.ts: 5ms, application-code: 41ms)
 GET /api/auth/organization/list 200 in 243ms (next.js: 68ms, proxy.ts: 5ms, application-code: 170ms)
 GET /support 200 in 320ms (next.js: 8ms, proxy.ts: 6ms, application-code: 306ms)
  ✓  11 [chromium] › e2e/authenticated-rbac.spec.ts:55:9 › authenticated five-role route matrix › owner has only its server-authorized product surface (2.1s)
 GET /dashboard 200 in 149ms (next.js: 3ms, proxy.ts: 3ms, application-code: 143ms)
 GET /api/auth/get-session 200 in 180ms (next.js: 27ms, proxy.ts: 56ms, application-code: 97ms)
 GET /api/auth/organization/list 200 in 249ms (next.js: 28ms, proxy.ts: 54ms, application-code: 168ms)
 GET /settings 200 in 274ms (next.js: 5ms, proxy.ts: 7ms, application-code: 262ms)
 GET /api/auth/get-session 200 in 99ms (next.js: 47ms, proxy.ts: 16ms, application-code: 35ms)
 GET /api/auth/organization/list 200 in 100ms (next.js: 51ms, proxy.ts: 15ms, application-code: 33ms)
 GET /support 200 in 208ms (next.js: 2ms, proxy.ts: 4ms, application-code: 202ms)
 GET /api/auth/get-session 200 in 77ms (next.js: 51ms, proxy.ts: 9ms, application-code: 17ms)
⨯ Error [PermissionDeniedError]: Permission required: billing:manage
    at requirePermission (src/lib/permissions.ts:79:19)
    at requireWorkspacePermission (src/lib/workspace.ts:164:73)
    at async BillingPage (src/app/(app)/billing/page.tsx:23:40)
  77 | export function requirePermission(role: WorkspaceRole, permission: Permission) {
  78 |   if (!rolePermissions[role].has(permission)) {
> 79 |     const error = new Error(`Permission required: ${permission}`)
     |                   ^
  80 |     error.name = 'PermissionDeniedError'
  81 |     throw error
  82 |   } {
  digest: '701358427'
}
 GET /api/auth/organization/list 200 in 142ms (next.js: 58ms, proxy.ts: 11ms, application-code: 73ms)
 GET /billing 307 in 163ms (next.js: 10ms, proxy.ts: 20ms, application-code: 133ms)
 GET /support?error=Acc%C3%A8s%20non%20autoris%C3%A9 200 in 161ms (next.js: 12ms, proxy.ts: 4ms, application-code: 145ms)
  ✓  12 [chromium] › e2e/authenticated-rbac.spec.ts:55:9 › authenticated five-role route matrix › admin has only its server-authorized product surface (1.7s)
 GET /dashboard 200 in 121ms (next.js: 2ms, proxy.ts: 1.9ms, application-code: 117ms)
 GET /api/auth/get-session 200 in 173ms (next.js: 20ms, proxy.ts: 16ms, application-code: 138ms)
 GET /api/auth/organization/list 200 in 216ms (next.js: 23ms, proxy.ts: 13ms, application-code: 180ms)
 GET /tasks 200 in 663ms (next.js: 7ms, proxy.ts: 12ms, application-code: 643ms)
 GET /api/auth/get-session 200 in 447ms (next.js: 205ms, proxy.ts: 17ms, application-code: 225ms)
 GET /api/auth/organization/list 200 in 451ms (next.js: 73ms, proxy.ts: 22ms, application-code: 356ms)
 GET /support 200 in 758ms (next.js: 51ms, proxy.ts: 30ms, application-code: 677ms)
 GET /api/auth/get-session 200 in 561ms (next.js: 24ms, proxy.ts: 39ms, application-code: 497ms)
 GET /api/auth/organization/list 200 in 597ms (next.js: 249ms, proxy.ts: 25ms, application-code: 324ms)
⨯ Error [PermissionDeniedError]: Permission required: workspace:admin
    at requirePermission (src/lib/permissions.ts:79:19)
    at requireWorkspacePermission (src/lib/workspace.ts:164:73)
    at async SettingsPage (src/app/(app)/settings/page.tsx:51:57)
  77 | export function requirePermission(role: WorkspaceRole, permission: Permission) {
  78 |   if (!rolePermissions[role].has(permission)) {
> 79 |     const error = new Error(`Permission required: ${permission}`)
     |                   ^
  80 |     error.name = 'PermissionDeniedError'
  81 |     throw error
  82 |   } {
  digest: '1941415885'
}
 GET /settings 307 in 943ms (next.js: 7ms, proxy.ts: 8ms, application-code: 928ms)
 GET /support?error=Acc%C3%A8s%20non%20autoris%C3%A9 200 in 450ms (next.js: 11ms, proxy.ts: 13ms, application-code: 427ms)
 GET /api/auth/get-session 200 in 157ms (next.js: 69ms, proxy.ts: 16ms, application-code: 72ms)
 GET /api/auth/organization/list 200 in 164ms (next.js: 35ms, proxy.ts: 61ms, application-code: 68ms)
⨯ Error [PermissionDeniedError]: Permission required: billing:manage
    at requirePermission (src/lib/permissions.ts:79:19)
    at requireWorkspacePermission (src/lib/workspace.ts:164:73)
    at async BillingPage (src/app/(app)/billing/page.tsx:23:40)
  77 | export function requirePermission(role: WorkspaceRole, permission: Permission) {
  78 |   if (!rolePermissions[role].has(permission)) {
> 79 |     const error = new Error(`Permission required: ${permission}`)
     |                   ^
  80 |     error.name = 'PermissionDeniedError'
  81 |     throw error
  82 |   } {
  digest: '701358427'
}
 GET /billing 307 in 146ms (next.js: 32ms, proxy.ts: 7ms, application-code: 107ms)
 GET /support?error=Acc%C3%A8s%20non%20autoris%C3%A9 200 in 211ms (next.js: 4ms, proxy.ts: 1.9ms, application-code: 205ms)
  ✓  13 [chromium] › e2e/authenticated-rbac.spec.ts:55:9 › authenticated five-role route matrix › strategist has only its server-authorized product surface (4.5s)
 GET /dashboard 200 in 119ms (next.js: 2ms, proxy.ts: 3ms, application-code: 114ms)
 GET /api/auth/get-session 200 in 1074ms (next.js: 807ms, proxy.ts: 147ms, application-code: 120ms)
 GET /api/auth/organization/list 200 in 1057ms (next.js: 830ms, proxy.ts: 93ms, application-code: 134ms)
 GET /reports 200 in 1232ms (next.js: 36ms, proxy.ts: 728ms, application-code: 468ms)
 GET /api/auth/get-session 200 in 154ms (next.js: 22ms, proxy.ts: 15ms, application-code: 117ms)
 GET /api/auth/organization/list 200 in 161ms (next.js: 26ms, proxy.ts: 20ms, application-code: 114ms)
 GET /support 200 in 244ms (next.js: 32ms, proxy.ts: 5ms, application-code: 207ms)
 GET /api/auth/get-session 200 in 87ms (next.js: 50ms, proxy.ts: 5ms, application-code: 32ms)
⨯ Error [PermissionDeniedError]: Permission required: workspace:admin
    at requirePermission (src/lib/permissions.ts:79:19)
    at requireWorkspacePermission (src/lib/workspace.ts:164:73)
    at async SettingsPage (src/app/(app)/settings/page.tsx:51:57)
  77 | export function requirePermission(role: WorkspaceRole, permission: Permission) {
  78 |   if (!rolePermissions[role].has(permission)) {
> 79 |     const error = new Error(`Permission required: ${permission}`)
     |                   ^
  80 |     error.name = 'PermissionDeniedError'
  81 |     throw error
  82 |   } {
  digest: '1941415885'
}
 GET /api/auth/organization/list 200 in 131ms (next.js: 54ms, proxy.ts: 5ms, application-code: 72ms)
 GET /settings 307 in 142ms (next.js: 5ms, proxy.ts: 5ms, application-code: 132ms)
 GET /support?error=Acc%C3%A8s%20non%20autoris%C3%A9 200 in 143ms (next.js: 2ms, proxy.ts: 5ms, application-code: 136ms)
 GET /api/auth/get-session 200 in 90ms (next.js: 25ms, proxy.ts: 9ms, application-code: 56ms)
⨯ Error [PermissionDeniedError]: Permission required: billing:manage
    at requirePermission (src/lib/permissions.ts:79:19)
    at requireWorkspacePermission (src/lib/workspace.ts:164:73)
    at async BillingPage (src/app/(app)/billing/page.tsx:23:40)
  77 | export function requirePermission(role: WorkspaceRole, permission: Permission) {
  78 |   if (!rolePermissions[role].has(permission)) {
> 79 |     const error = new Error(`Permission required: ${permission}`)
     |                   ^
  80 |     error.name = 'PermissionDeniedError'
  81 |     throw error
  82 |   } {
  digest: '701358427'
}
 GET /api/auth/organization/list 200 in 122ms (next.js: 33ms, proxy.ts: 10ms, application-code: 80ms)
 GET /billing 307 in 131ms (next.js: 6ms, proxy.ts: 9ms, application-code: 115ms)
 GET /support?error=Acc%C3%A8s%20non%20autoris%C3%A9 200 in 146ms (next.js: 3ms, proxy.ts: 4ms, application-code: 140ms)
  ✓  14 [chromium] › e2e/authenticated-rbac.spec.ts:55:9 › authenticated five-role route matrix › analyst has only its server-authorized product surface (3.7s)
 GET /support 200 in 117ms (next.js: 1.9ms, proxy.ts: 4ms, application-code: 111ms)
⨯ Error [PermissionDeniedError]: Permission required: portfolio:read
    at requirePermission (src/lib/permissions.ts:79:19)
    at requireWorkspacePermission (src/lib/workspace.ts:164:73)
    at async DashboardPage (src/app/(app)/dashboard/page.tsx:27:54)
  77 | export function requirePermission(role: WorkspaceRole, permission: Permission) {
  78 |   if (!rolePermissions[role].has(permission)) {
> 79 |     const error = new Error(`Permission required: ${permission}`)
     |                   ^
  80 |     error.name = 'PermissionDeniedError'
  81 |     throw error
  82 |   } {
  digest: '3272672268'
}
 GET /api/auth/get-session 200 in 154ms (next.js: 90ms, proxy.ts: 18ms, application-code: 46ms)
 GET /api/auth/organization/list 200 in 169ms (next.js: 92ms, proxy.ts: 16ms, application-code: 61ms)
 GET /dashboard 307 in 184ms (next.js: 16ms, proxy.ts: 15ms, application-code: 153ms)
 GET /support?error=Acc%C3%A8s%20non%20autoris%C3%A9 200 in 109ms (next.js: 2.0ms, proxy.ts: 3ms, application-code: 104ms)
⨯ Error [PermissionDeniedError]: Permission required: workspace:admin
    at requirePermission (src/lib/permissions.ts:79:19)
    at requireWorkspacePermission (src/lib/workspace.ts:164:73)
    at async SettingsPage (src/app/(app)/settings/page.tsx:51:57)
  77 | export function requirePermission(role: WorkspaceRole, permission: Permission) {
  78 |   if (!rolePermissions[role].has(permission)) {
> 79 |     const error = new Error(`Permission required: ${permission}`)
     |                   ^
  80 |     error.name = 'PermissionDeniedError'
  81 |     throw error
  82 |   } {
  digest: '1941415885'
}
 GET /api/auth/organization/list 200 in 110ms (next.js: 60ms, proxy.ts: 8ms, application-code: 42ms)
 GET /api/auth/get-session 200 in 114ms (next.js: 54ms, proxy.ts: 5ms, application-code: 55ms)
 GET /settings 307 in 147ms (next.js: 5ms, proxy.ts: 6ms, application-code: 136ms)
 GET /support?error=Acc%C3%A8s%20non%20autoris%C3%A9 200 in 157ms (next.js: 2ms, proxy.ts: 4ms, application-code: 151ms)
 GET /api/auth/get-session 200 in 280ms (next.js: 91ms, proxy.ts: 34ms, application-code: 155ms)
 GET /api/auth/organization/list 200 in 288ms (next.js: 101ms, proxy.ts: 49ms, application-code: 138ms)
⨯ Error [PermissionDeniedError]: Permission required: billing:manage
    at requirePermission (src/lib/permissions.ts:79:19)
    at requireWorkspacePermission (src/lib/workspace.ts:164:73)
    at async BillingPage (src/app/(app)/billing/page.tsx:23:40)
  77 | export function requirePermission(role: WorkspaceRole, permission: Permission) {
  78 |   if (!rolePermissions[role].has(permission)) {
> 79 |     const error = new Error(`Permission required: ${permission}`)
     |                   ^
  80 |     error.name = 'PermissionDeniedError'
  81 |     throw error
  82 |   } {
  digest: '701358427'
}
 GET /billing 307 in 297ms (next.js: 54ms, proxy.ts: 60ms, application-code: 183ms)
 GET /support?error=Acc%C3%A8s%20non%20autoris%C3%A9 200 in 172ms (next.js: 5ms, proxy.ts: 2ms, application-code: 165ms)
  ✓  15 [chromium] › e2e/authenticated-rbac.spec.ts:55:9 › authenticated five-role route matrix › client has only its server-authorized product surface (2.1s)
 GET /api/exports/80000000-0000-4000-8000-000000000003 404 in 930ms (next.js: 885ms, proxy.ts: 2ms, application-code: 42ms)
  ✓  16 [chromium] › e2e/authenticated-rbac.spec.ts:75:9 › authenticated five-role route matrix › owner cannot cross the direct export API boundary (1.3s)
 GET /api/exports/80000000-0000-4000-8000-000000000003 403 in 20ms (next.js: 5ms, proxy.ts: 4ms, application-code: 11ms)
  ✓  17 [chromium] › e2e/authenticated-rbac.spec.ts:75:9 › authenticated five-role route matrix › admin cannot cross the direct export API boundary (66ms)
 GET /api/exports/80000000-0000-4000-8000-000000000003 403 in 19ms (next.js: 5ms, proxy.ts: 4ms, application-code: 10ms)
  ✓  18 [chromium] › e2e/authenticated-rbac.spec.ts:75:9 › authenticated five-role route matrix › strategist cannot cross the direct export API boundary (65ms)
 GET /api/exports/80000000-0000-4000-8000-000000000003 403 in 15ms (next.js: 2ms, proxy.ts: 3ms, application-code: 9ms)
  ✓  19 [chromium] › e2e/authenticated-rbac.spec.ts:75:9 › authenticated five-role route matrix › analyst cannot cross the direct export API boundary (65ms)
 GET /api/exports/80000000-0000-4000-8000-000000000003 403 in 16ms (next.js: 3ms, proxy.ts: 3ms, application-code: 10ms)
  ✓  20 [chromium] › e2e/authenticated-rbac.spec.ts:75:9 › authenticated five-role route matrix › client cannot cross the direct export API boundary (75ms)
 GET /settings 200 in 252ms (next.js: 2ms, proxy.ts: 2ms, application-code: 247ms)
 GET /api/auth/get-session 200 in 69ms (next.js: 25ms, proxy.ts: 10ms, application-code: 34ms)
 GET /api/auth/organization/list 200 in 80ms (next.js: 44ms, proxy.ts: 11ms, application-code: 25ms)
 POST /settings 200 in 128ms (next.js: 3ms, proxy.ts: 31ms, application-code: 93ms)
  └─ ƒ updateWorkspaceLocale({}) in 20ms src/app/actions.ts
 GET /settings?notice=Workspace+language+updated. 200 in 136ms (next.js: 3ms, proxy.ts: 3ms, application-code: 130ms)
 GET /settings?notice=Workspace+language+updated. 200 in 88ms (next.js: 2ms, proxy.ts: 1.9ms, application-code: 83ms)
 POST /settings 200 in 159ms (next.js: 16ms, proxy.ts: 20ms, application-code: 122ms)
  └─ ƒ updateWorkspaceLocale({}) in 27ms src/app/actions.ts
 GET /settings?notice=Workspace+language+updated. 200 in 71ms (next.js: 1.6ms, proxy.ts: 1.5ms, application-code: 68ms)
 POST /settings 200 in 89ms (next.js: 2.0ms, proxy.ts: 1.9ms, application-code: 85ms)
  └─ ƒ updateWorkspaceLocale({}) in 9ms src/app/actions.ts
⨯ Error [PermissionDeniedError]: Permission required: workspace:admin
    at requirePermission (src/lib/permissions.ts:79:19)
    at requireWorkspacePermission (src/lib/workspace.ts:164:73)
    at async SettingsPage (src/app/(app)/settings/page.tsx:51:57)
  77 | export function requirePermission(role: WorkspaceRole, permission: Permission) {
  78 |   if (!rolePermissions[role].has(permission)) {
> 79 |     const error = new Error(`Permission required: ${permission}`)
     |                   ^
  80 |     error.name = 'PermissionDeniedError'
  81 |     throw error
  82 |   } {
  digest: '1941415885'
}
 GET /settings?error=Permission+required%3A+workspace%3Aadmin 200 in 49ms (next.js: 1.9ms, proxy.ts: 1.6ms, application-code: 46ms)
 POST /settings 200 in 66ms (next.js: 1.8ms, proxy.ts: 2ms, application-code: 62ms)
  └─ ƒ updateWorkspaceLocale({}) in 5ms src/app/actions.ts
⨯ Error [PermissionDeniedError]: Permission required: workspace:admin
    at requirePermission (src/lib/permissions.ts:79:19)
    at requireWorkspacePermission (src/lib/workspace.ts:164:73)
    at async SettingsPage (src/app/(app)/settings/page.tsx:51:57)
  77 | export function requirePermission(role: WorkspaceRole, permission: Permission) {
  78 |   if (!rolePermissions[role].has(permission)) {
> 79 |     const error = new Error(`Permission required: ${permission}`)
     |                   ^
  80 |     error.name = 'PermissionDeniedError'
  81 |     throw error
  82 |   } {
  digest: '1941415885'
}
 GET /settings?error=Permission+required%3A+workspace%3Aadmin 200 in 51ms (next.js: 2ms, proxy.ts: 1.9ms, application-code: 47ms)
 POST /settings 200 in 80ms (next.js: 3ms, proxy.ts: 2ms, application-code: 75ms)
  └─ ƒ updateWorkspaceLocale({}) in 15ms src/app/actions.ts
⨯ Error [PermissionDeniedError]: Permission required: workspace:admin
    at requirePermission (src/lib/permissions.ts:79:19)
    at requireWorkspacePermission (src/lib/workspace.ts:164:73)
    at async SettingsPage (src/app/(app)/settings/page.tsx:51:57)
  77 | export function requirePermission(role: WorkspaceRole, permission: Permission) {
  78 |   if (!rolePermissions[role].has(permission)) {
> 79 |     const error = new Error(`Permission required: ${permission}`)
     |                   ^
  80 |     error.name = 'PermissionDeniedError'
  81 |     throw error
  82 |   } {
  digest: '1941415885'
}
 GET /settings?error=Permission+required%3A+workspace%3Aadmin 200 in 60ms (next.js: 1.8ms, proxy.ts: 1.7ms, application-code: 57ms)
 POST /settings 200 in 81ms (next.js: 3ms, proxy.ts: 1.9ms, application-code: 76ms)
  └─ ƒ updateWorkspaceLocale({}) in 6ms src/app/actions.ts
  ✓  21 [chromium] › e2e/authenticated-rbac.spec.ts:93:7 › authenticated Server Action authorization matrix › re-authorizes workspace administration for every session (1.3s)
 GET /dashboard?client=80000000-0000-4000-8000-000000000092 200 in 355ms (next.js: 3ms, proxy.ts: 2ms, application-code: 350ms)
 GET /api/auth/get-session 200 in 38ms (next.js: 10ms, proxy.ts: 6ms, application-code: 22ms)
 GET /api/auth/organization/list 200 in 62ms (next.js: 17ms, proxy.ts: 6ms, application-code: 40ms)
 POST /dashboard?client=80000000-0000-4000-8000-000000000092 200 in 368ms (next.js: 3ms, proxy.ts: 26ms, application-code: 339ms)
  └─ ƒ setCookieConsent({}) in 2ms src/app/preferences-actions.ts
 GET /dashboard?client=80000000-0000-4000-8000-000000000092 200 in 309ms (next.js: 10ms, proxy.ts: 16ms, application-code: 283ms)
 GET /api/auth/get-session 200 in 116ms (next.js: 72ms, proxy.ts: 4ms, application-code: 40ms)
 GET /api/auth/organization/list 200 in 187ms (next.js: 80ms, proxy.ts: 4ms, application-code: 103ms)
 GET /dashboard?client=80000000-0000-4000-8000-000000000092 200 in 306ms (next.js: 6ms, proxy.ts: 5ms, application-code: 295ms)
 GET /api/auth/get-session 200 in 80ms (next.js: 34ms, proxy.ts: 4ms, application-code: 43ms)
 GET /api/auth/organization/list 200 in 112ms (next.js: 37ms, proxy.ts: 3ms, application-code: 71ms)
 GET /dashboard?client=80000000-0000-4000-8000-000000000092 200 in 274ms (next.js: 4ms, proxy.ts: 4ms, application-code: 267ms)
 GET /api/auth/get-session 200 in 147ms (next.js: 26ms, proxy.ts: 60ms, application-code: 62ms)
 GET /api/auth/organization/list 200 in 147ms (next.js: 30ms, proxy.ts: 54ms, application-code: 64ms)
 GET /dashboard?client=80000000-0000-4000-8000-000000000092 200 in 275ms (next.js: 4ms, proxy.ts: 41ms, application-code: 230ms)
 GET /api/auth/get-session 200 in 32ms (next.js: 8ms, proxy.ts: 3ms, application-code: 20ms)
 GET /api/auth/organization/list 200 in 33ms (next.js: 13ms, proxy.ts: 3ms, application-code: 16ms)
 GET /dashboard?client=80000000-0000-4000-8000-000000000093 200 in 235ms (next.js: 3ms, proxy.ts: 2ms, application-code: 229ms)
  ✓  22 [chromium] › e2e/dashboard-health-local.spec.ts:15:53 › qualified cockpit health › counts all alerts and refuses unqualified scores in fr (3.3s)
 GET /dashboard?client=80000000-0000-4000-8000-000000000092 200 in 245ms (next.js: 3ms, proxy.ts: 4ms, application-code: 237ms)
 GET /api/auth/get-session 200 in 40ms (next.js: 5ms, proxy.ts: 3ms, application-code: 32ms)
 GET /api/auth/organization/list 200 in 55ms (next.js: 10ms, proxy.ts: 3ms, application-code: 42ms)
 POST /dashboard?client=80000000-0000-4000-8000-000000000092 200 in 668ms (next.js: 4ms, proxy.ts: 3ms, application-code: 661ms)
  └─ ƒ setCookieConsent({}) in 2ms src/app/preferences-actions.ts
 GET /dashboard?client=80000000-0000-4000-8000-000000000092 200 in 626ms (next.js: 12ms, proxy.ts: 11ms, application-code: 603ms)
 GET /api/auth/get-session 200 in 123ms (next.js: 67ms, proxy.ts: 10ms, application-code: 46ms)
 GET /api/auth/organization/list 200 in 168ms (next.js: 76ms, proxy.ts: 10ms, application-code: 82ms)
 GET /dashboard?client=80000000-0000-4000-8000-000000000092 200 in 274ms (next.js: 8ms, proxy.ts: 11ms, application-code: 255ms)
 GET /api/auth/get-session 200 in 137ms (next.js: 13ms, proxy.ts: 21ms, application-code: 103ms)
 GET /api/auth/organization/list 200 in 189ms (next.js: 27ms, proxy.ts: 22ms, application-code: 141ms)
 GET /dashboard?client=80000000-0000-4000-8000-000000000092 200 in 376ms (next.js: 4ms, proxy.ts: 10ms, application-code: 363ms)
 GET /api/auth/get-session 200 in 78ms (next.js: 42ms, proxy.ts: 4ms, application-code: 33ms)
 GET /api/auth/organization/list 200 in 98ms (next.js: 44ms, proxy.ts: 4ms, application-code: 50ms)
 GET /dashboard?client=80000000-0000-4000-8000-000000000092 200 in 236ms (next.js: 3ms, proxy.ts: 4ms, application-code: 229ms)
 GET /api/auth/get-session 200 in 23ms (next.js: 4ms, proxy.ts: 4ms, application-code: 15ms)
 GET /api/auth/organization/list 200 in 28ms (next.js: 8ms, proxy.ts: 4ms, application-code: 17ms)
 GET /dashboard?client=80000000-0000-4000-8000-000000000093 200 in 220ms (next.js: 2ms, proxy.ts: 3ms, application-code: 214ms)
  ✓  23 [chromium] › e2e/dashboard-health-local.spec.ts:15:53 › qualified cockpit health › counts all alerts and refuses unqualified scores in en (3.4s)
 POST /api/auth/organization/set-active 200 in 17ms (next.js: 4ms, proxy.ts: 3ms, application-code: 10ms)
 GET /getting-started 200 in 709ms (next.js: 45ms, proxy.ts: 2ms, application-code: 661ms)
 GET /api/auth/get-session 200 in 809ms (next.js: 153ms, proxy.ts: 50ms, application-code: 606ms)
 GET /api/auth/organization/list 200 in 808ms (next.js: 62ms, proxy.ts: 33ms, application-code: 714ms)
 GET /getting-started 200 in 1498ms (next.js: 198ms, proxy.ts: 18ms, application-code: 1281ms)
 GET /api/auth/get-session 200 in 124ms (next.js: 27ms, proxy.ts: 38ms, application-code: 58ms)
 GET /api/auth/organization/list 200 in 150ms (next.js: 37ms, proxy.ts: 37ms, application-code: 76ms)
 GET /getting-started 200 in 643ms (next.js: 54ms, proxy.ts: 30ms, application-code: 559ms)
 GET /api/auth/get-session 200 in 41ms (next.js: 12ms, proxy.ts: 4ms, application-code: 24ms)
 GET /api/auth/organization/list 200 in 46ms (next.js: 22ms, proxy.ts: 5ms, application-code: 19ms)
 GET /getting-started 200 in 257ms (next.js: 11ms, proxy.ts: 6ms, application-code: 240ms)
 GET /api/auth/get-session 200 in 27ms (next.js: 9ms, proxy.ts: 4ms, application-code: 14ms)
 GET /api/auth/organization/list 200 in 29ms (next.js: 15ms, proxy.ts: 3ms, application-code: 11ms)
 GET /getting-started 200 in 183ms (next.js: 4ms, proxy.ts: 2ms, application-code: 176ms)
 GET /api/auth/get-session 200 in 33ms (next.js: 6ms, proxy.ts: 5ms, application-code: 22ms)
 GET /api/auth/organization/list 200 in 36ms (next.js: 10ms, proxy.ts: 5ms, application-code: 20ms)
 GET /getting-started 200 in 156ms (next.js: 4ms, proxy.ts: 1.8ms, application-code: 151ms)
  ✓  24 [chromium] › e2e/getting-started-local.spec.ts:6:7 › guided setup fr requires selected accounts and qualified milestones (5.7s)
 POST /api/auth/organization/set-active 200 in 16ms (next.js: 4ms, proxy.ts: 1.9ms, application-code: 10ms)
 GET /getting-started 200 in 160ms (next.js: 1.9ms, proxy.ts: 1.8ms, application-code: 156ms)
 GET /api/auth/get-session 200 in 30ms (next.js: 5ms, proxy.ts: 3ms, application-code: 22ms)
 GET /api/auth/organization/list 200 in 40ms (next.js: 10ms, proxy.ts: 3ms, application-code: 26ms)
 GET /getting-started 200 in 193ms (next.js: 3ms, proxy.ts: 8ms, application-code: 181ms)
 GET /api/auth/get-session 200 in 46ms (next.js: 8ms, proxy.ts: 6ms, application-code: 32ms)
 GET /api/auth/organization/list 200 in 50ms (next.js: 16ms, proxy.ts: 5ms, application-code: 29ms)
 GET /getting-started 200 in 231ms (next.js: 11ms, proxy.ts: 7ms, application-code: 213ms)
 GET /api/auth/get-session 200 in 36ms (next.js: 7ms, proxy.ts: 5ms, application-code: 25ms)
 GET /api/auth/organization/list 200 in 39ms (next.js: 16ms, proxy.ts: 5ms, application-code: 18ms)
 GET /getting-started 200 in 197ms (next.js: 6ms, proxy.ts: 5ms, application-code: 186ms)
 GET /api/auth/get-session 200 in 48ms (next.js: 8ms, proxy.ts: 28ms, application-code: 12ms)
 GET /api/auth/organization/list 200 in 31ms (next.js: 12ms, proxy.ts: 10ms, application-code: 9ms)
 GET /getting-started 200 in 183ms (next.js: 2ms, proxy.ts: 4ms, application-code: 177ms)
 GET /api/auth/get-session 200 in 59ms (next.js: 10ms, proxy.ts: 6ms, application-code: 43ms)
 GET /api/auth/organization/list 200 in 68ms (next.js: 19ms, proxy.ts: 7ms, application-code: 41ms)
 GET /getting-started 200 in 192ms (next.js: 2ms, proxy.ts: 3ms, application-code: 187ms)
  ✓  25 [chromium] › e2e/getting-started-local.spec.ts:6:7 › guided setup en requires selected accounts and qualified milestones (2.9s)
 GET /insights/devices?client=80000000-0000-4000-8000-000000000094 200 in 393ms (next.js: 10ms, proxy.ts: 4ms, application-code: 379ms)
 GET /api/auth/get-session 200 in 117ms (next.js: 28ms, proxy.ts: 44ms, application-code: 44ms)
 GET /api/auth/organization/list 200 in 114ms (next.js: 39ms, proxy.ts: 32ms, application-code: 43ms)
 GET /tasks 200 in 151ms (next.js: 9ms, proxy.ts: 12ms, application-code: 131ms)
 GET /discussions/tasks/d8a2764c-fe48-4955-ad1c-4ee0df49de7b 200 in 753ms (next.js: 585ms, proxy.ts: 5ms, application-code: 163ms)
 GET /api/auth/get-session 200 in 45ms (next.js: 20ms, proxy.ts: 9ms, application-code: 15ms)
 GET /api/auth/organization/list 200 in 47ms (next.js: 24ms, proxy.ts: 9ms, application-code: 14ms)
 GET /dashboard 200 in 111ms (next.js: 7ms, proxy.ts: 5ms, application-code: 98ms)
 GET /tasks 200 in 67ms (next.js: 3ms, proxy.ts: 3ms, application-code: 61ms)
 GET /dashboard 200 in 68ms (next.js: 3ms, proxy.ts: 3ms, application-code: 63ms)
 GET /tasks 200 in 87ms (next.js: 12ms, proxy.ts: 5ms, application-code: 70ms)
 GET /dashboard?client=invalid 404 in 156ms (next.js: 3ms, proxy.ts: 2ms, application-code: 151ms)
 GET /dashboard?client= 404 in 170ms (next.js: 6ms, proxy.ts: 5ms, application-code: 159ms)
 GET /dashboard?client=80000000-0000-4000-8000-000000000095 404 in 136ms (next.js: 1.9ms, proxy.ts: 3ms, application-code: 131ms)
 GET /dashboard?client=80000000-0000-4000-8000-000000000094&client=80000000-0000-4000-8000-000000000095 404 in 154ms (next.js: 3ms, proxy.ts: 1.7ms, application-code: 149ms)
 GET /analysis?client=invalid 404 in 2.7s (next.js: 4ms, proxy.ts: 3ms, application-code: 2.7s)
 GET /analysis?client= 404 in 324ms (next.js: 25ms, proxy.ts: 43ms, application-code: 256ms)
 GET /analysis?client=80000000-0000-4000-8000-000000000095 404 in 359ms (next.js: 201ms, proxy.ts: 4ms, application-code: 155ms)
 GET /analysis?client=80000000-0000-4000-8000-000000000094&client=80000000-0000-4000-8000-000000000095 404 in 204ms (next.js: 2ms, proxy.ts: 2.0ms, application-code: 200ms)
 GET /insights?client=invalid 404 in 253ms (next.js: 112ms, proxy.ts: 4ms, application-code: 137ms)
 GET /insights?client= 404 in 117ms (next.js: 2ms, proxy.ts: 1.8ms, application-code: 113ms)
 GET /insights?client=80000000-0000-4000-8000-000000000095 404 in 115ms (next.js: 2ms, proxy.ts: 1.7ms, application-code: 111ms)
 GET /insights?client=80000000-0000-4000-8000-000000000094&client=80000000-0000-4000-8000-000000000095 404 in 127ms (next.js: 1.8ms, proxy.ts: 2ms, application-code: 123ms)
 GET /history?client=invalid 404 in 219ms (next.js: 98ms, proxy.ts: 1.8ms, application-code: 119ms)
 GET /history?client= 404 in 146ms (next.js: 1.7ms, proxy.ts: 1.7ms, application-code: 142ms)
 GET /history?client=80000000-0000-4000-8000-000000000095 404 in 122ms (next.js: 2ms, proxy.ts: 1.9ms, application-code: 118ms)
 GET /history?client=80000000-0000-4000-8000-000000000094&client=80000000-0000-4000-8000-000000000095 404 in 119ms (next.js: 1.7ms, proxy.ts: 1.9ms, application-code: 115ms)
 GET /dashboard?client=80000000-0000-4000-8000-000000000094 404 in 227ms (next.js: 94ms, proxy.ts: 1.7ms, application-code: 131ms)
  ✓  26 [chromium] › e2e/navigation-state-local.spec.ts:14:53 › live navigation state › follows client navigation, keyboard and invalid accounts in fr (9.7s)
 GET /insights/devices?client=80000000-0000-4000-8000-000000000094 200 in 206ms (next.js: 77ms, proxy.ts: 2ms, application-code: 126ms)
 GET /api/auth/get-session 200 in 149ms (next.js: 77ms, proxy.ts: 59ms, application-code: 12ms)
 GET /api/auth/organization/list 200 in 110ms (next.js: 45ms, proxy.ts: 13ms, application-code: 52ms)
 GET /tasks 200 in 177ms (next.js: 61ms, proxy.ts: 4ms, application-code: 112ms)
 GET /discussions/tasks/4c1ee42f-b6e5-44d1-a243-798ecbc5c930 200 in 315ms (next.js: 84ms, proxy.ts: 11ms, application-code: 220ms)
 GET /api/auth/get-session 200 in 29ms (next.js: 11ms, proxy.ts: 4ms, application-code: 14ms)
 GET /api/auth/organization/list 200 in 31ms (next.js: 16ms, proxy.ts: 4ms, application-code: 11ms)
 GET /dashboard 200 in 113ms (next.js: 6ms, proxy.ts: 4ms, application-code: 104ms)
 GET /tasks 200 in 51ms (next.js: 3ms, proxy.ts: 3ms, application-code: 46ms)
 GET /dashboard 200 in 74ms (next.js: 4ms, proxy.ts: 3ms, application-code: 66ms)
 GET /tasks 200 in 231ms (next.js: 2ms, proxy.ts: 4ms, application-code: 224ms)
 GET /dashboard?client=invalid 404 in 195ms (next.js: 5ms, proxy.ts: 12ms, application-code: 178ms)
 GET /dashboard?client= 404 in 125ms (next.js: 4ms, proxy.ts: 2ms, application-code: 119ms)
 GET /dashboard?client=80000000-0000-4000-8000-000000000095 404 in 115ms (next.js: 1.9ms, proxy.ts: 1.7ms, application-code: 111ms)
 GET /dashboard?client=80000000-0000-4000-8000-000000000094&client=80000000-0000-4000-8000-000000000095 404 in 121ms (next.js: 2ms, proxy.ts: 1.8ms, application-code: 117ms)
 GET /analysis?client=invalid 404 in 139ms (next.js: 2.0ms, proxy.ts: 2.0ms, application-code: 135ms)
 GET /analysis?client= 404 in 250ms (next.js: 1.9ms, proxy.ts: 1.9ms, application-code: 246ms)
 GET /analysis?client=80000000-0000-4000-8000-000000000095 404 in 164ms (next.js: 3ms, proxy.ts: 2ms, application-code: 159ms)
 GET /analysis?client=80000000-0000-4000-8000-000000000094&client=80000000-0000-4000-8000-000000000095 404 in 121ms (next.js: 2.0ms, proxy.ts: 1.9ms, application-code: 117ms)
 GET /insights?client=invalid 404 in 132ms (next.js: 3ms, proxy.ts: 4ms, application-code: 125ms)
 GET /insights?client= 404 in 144ms (next.js: 3ms, proxy.ts: 4ms, application-code: 138ms)
 GET /insights?client=80000000-0000-4000-8000-000000000095 404 in 125ms (next.js: 1.8ms, proxy.ts: 1.8ms, application-code: 121ms)
 GET /insights?client=80000000-0000-4000-8000-000000000094&client=80000000-0000-4000-8000-000000000095 404 in 205ms (next.js: 2ms, proxy.ts: 2ms, application-code: 201ms)
 GET /history?client=invalid 404 in 507ms (next.js: 8ms, proxy.ts: 11ms, application-code: 489ms)
 GET /history?client= 404 in 435ms (next.js: 6ms, proxy.ts: 9ms, application-code: 420ms)
 GET /history?client=80000000-0000-4000-8000-000000000095 404 in 430ms (next.js: 7ms, proxy.ts: 7ms, application-code: 416ms)
 GET /history?client=80000000-0000-4000-8000-000000000094&client=80000000-0000-4000-8000-000000000095 404 in 585ms (next.js: 4ms, proxy.ts: 6ms, application-code: 575ms)
 GET /dashboard?client=80000000-0000-4000-8000-000000000094 404 in 530ms (next.js: 5ms, proxy.ts: 5ms, application-code: 520ms)
  ✓  27 [chromium] › e2e/navigation-state-local.spec.ts:14:53 › live navigation state › follows client navigation, keyboard and invalid accounts in en (6.9s)
 GET /operations/costs?month=2001-03 200 in 623ms (next.js: 135ms, proxy.ts: 4ms, application-code: 484ms)
 GET /api/auth/get-session 200 in 74ms (next.js: 14ms, proxy.ts: 7ms, application-code: 53ms)
 GET /api/auth/organization/list 200 in 36ms (next.js: 10ms, proxy.ts: 16ms, application-code: 10ms)
 GET /operations/costs?month=2001-03&notice=Observation+enregistr%C3%A9e+avec+sa+version+et+son+audit. 200 in 183ms (next.js: 5ms, proxy.ts: 3ms, application-code: 175ms)
 POST /operations/costs?month=2001-03 200 in 271ms (next.js: 11ms, proxy.ts: 10ms, application-code: 250ms)
  └─ ƒ recordOperatingCost({}) in 39ms src/app/(app)/operations/costs/actions.ts
 GET /operations/costs?month=2001-03&error=Cette+r%C3%A9f%C3%A9rence+a+%C3%A9t%C3%A9+modifi%C3%A9e.+Rechargez+sa+version+courante. 200 in 262ms (next.js: 6ms, proxy.ts: 12ms, application-code: 244ms)
 POST /operations/costs?month=2001-03&notice=Observation+enregistr%C3%A9e+avec+sa+version+et+son+audit. 200 in 372ms (next.js: 15ms, proxy.ts: 18ms, application-code: 340ms)
  └─ ƒ recordOperatingCost({}) in 47ms src/app/(app)/operations/costs/actions.ts
 GET /operations/costs?month=2001-03&notice=Observation+enregistr%C3%A9e+avec+sa+version+et+son+audit. 200 in 167ms (next.js: 2ms, proxy.ts: 4ms, application-code: 161ms)
 POST /operations/costs?month=2001-03&error=Cette+r%C3%A9f%C3%A9rence+a+%C3%A9t%C3%A9+modifi%C3%A9e.+Rechargez+sa+version+courante. 200 in 197ms (next.js: 4ms, proxy.ts: 3ms, application-code: 189ms)
  └─ ƒ recordOperatingCost({}) in 10ms src/app/(app)/operations/costs/actions.ts
 GET /operations/costs?month=2001-03&notice=Observation+enregistr%C3%A9e+avec+sa+version+et+son+audit. 200 in 2.9s (next.js: 0.6ms, proxy.ts: 5ms, application-code: 2.9s)
 GET /api/auth/get-session 200 in 105ms (next.js: 24ms, proxy.ts: 12ms, application-code: 70ms)
 GET /api/auth/organization/list 200 in 115ms (next.js: 47ms, proxy.ts: 9ms, application-code: 59ms)
 GET /operations/costs?month=2001-03&after=browser-cost-5eaced18-f560-4173-9511-8de819a51ff4-24 200 in 171ms (next.js: 5ms, proxy.ts: 9ms, application-code: 157ms)
 GET /operations/costs?month=2001-03 200 in 331ms (next.js: 8ms, proxy.ts: 6ms, application-code: 317ms)
 GET /operations/costs?month=2001-03&notice=Observation+enregistr%C3%A9e+avec+sa+version+et+son+audit. 200 in 1790ms (next.js: 3ms, proxy.ts: 6ms, application-code: 1781ms)
 POST /operations/costs?month=2001-03 200 in 2.0s (next.js: 22ms, proxy.ts: 25ms, application-code: 2.0s)
  └─ ƒ recordOperatingCost({}) in 69ms src/app/(app)/operations/costs/actions.ts
 GET /operations/costs?month=2001-03 404 in 204ms (next.js: 8ms, proxy.ts: 7ms, application-code: 189ms)
 GET /api/auth/get-session 200 in 68ms (next.js: 12ms, proxy.ts: 30ms, application-code: 27ms)
 GET /api/auth/organization/list 200 in 71ms (next.js: 20ms, proxy.ts: 31ms, application-code: 20ms)
 GET /operations 404 in 777ms (next.js: 202ms, proxy.ts: 21ms, application-code: 554ms)
 GET /api/auth/get-session 200 in 61ms (next.js: 17ms, proxy.ts: 9ms, application-code: 36ms)
 GET /api/auth/organization/list 200 in 70ms (next.js: 22ms, proxy.ts: 12ms, application-code: 36ms)
 GET /operations/costs?month=2001-03 404 in 177ms (next.js: 5ms, proxy.ts: 12ms, application-code: 160ms)
  ✓  28 [chromium] › e2e/operating-costs-local.spec.ts:5:55 › operating costs preserve evidence, corrections, pagination and operator access (13.1s)
 GET /api/auth/get-session 200 in 33ms (next.js: 14ms, proxy.ts: 3ms, application-code: 16ms)
 GET /api/auth/organization/list 200 in 33ms (next.js: 22ms, proxy.ts: 3ms, application-code: 8ms)
 GET /settings 200 in 605ms (next.js: 126ms, proxy.ts: 3ms, application-code: 476ms)
 GET /api/auth/get-session 200 in 174ms (next.js: 13ms, proxy.ts: 5ms, application-code: 156ms)
 GET /api/auth/organization/list 200 in 191ms (next.js: 28ms, proxy.ts: 5ms, application-code: 158ms)
 GET /settings?error=La+confirmation+ne+correspond+pas+%C3%A0+l%E2%80%99identifiant+de+l%E2%80%99espace. 200 in 155ms (next.js: 14ms, proxy.ts: 13ms, application-code: 128ms)
 POST /settings 200 in 262ms (next.js: 12ms, proxy.ts: 7ms, application-code: 243ms)
  └─ ƒ transferWorkspaceOwnership({}) in 57ms src/app/actions.ts
 GET /settings?notice=Propri%C3%A9t%C3%A9+de+l%E2%80%99espace+transf%C3%A9r%C3%A9e. 200 in 100ms (next.js: 3ms, proxy.ts: 5ms, application-code: 91ms)
 POST /settings?error=La%20confirmation%20ne%20correspond%20pas%20%C3%A0%20l%E2%80%99identifiant%20de%20l%E2%80%99espace. 200 in 226ms (next.js: 3ms, proxy.ts: 4ms, application-code: 220ms)
  └─ ƒ transferWorkspaceOwnership({}) in 111ms src/app/actions.ts
 GET /settings?error=Seul+le+propri%C3%A9taire+peut+transf%C3%A9rer+la+propri%C3%A9t%C3%A9. 200 in 105ms (next.js: 2ms, proxy.ts: 2ms, application-code: 101ms)
 POST /settings?error=La%20confirmation%20ne%20correspond%20pas%20%C3%A0%20l%E2%80%99identifiant%20de%20l%E2%80%99espace. 200 in 135ms (next.js: 4ms, proxy.ts: 6ms, application-code: 126ms)
  └─ ƒ transferWorkspaceOwnership({}) in 7ms src/app/actions.ts
 GET /settings 200 in 299ms (next.js: 2ms, proxy.ts: 9ms, application-code: 288ms)
 GET /api/auth/organization/list 200 in 116ms (next.js: 79ms, proxy.ts: 26ms, application-code: 11ms)
 GET /api/auth/get-session 200 in 118ms (next.js: 66ms, proxy.ts: 20ms, application-code: 32ms)
  ✓  29 [chromium] › e2e/ownership-local.spec.ts:5:61 › ownership transfer fr rechecks old owner authority and preserves other agencies (3.2s)
 GET /settings 200 in 230ms (next.js: 3ms, proxy.ts: 4ms, application-code: 222ms)
 GET /api/auth/get-session 200 in 40ms (next.js: 8ms, proxy.ts: 8ms, application-code: 24ms)
 GET /api/auth/organization/list 200 in 47ms (next.js: 13ms, proxy.ts: 9ms, application-code: 24ms)
 GET /settings?error=La+confirmation+ne+correspond+pas+%C3%A0+l%E2%80%99identifiant+de+l%E2%80%99espace. 200 in 136ms (next.js: 5ms, proxy.ts: 3ms, application-code: 129ms)
 POST /settings 200 in 169ms (next.js: 5ms, proxy.ts: 4ms, application-code: 160ms)
  └─ ƒ transferWorkspaceOwnership({}) in 8ms src/app/actions.ts
 GET /settings?notice=Workspace+ownership+transferred. 200 in 103ms (next.js: 4ms, proxy.ts: 2ms, application-code: 97ms)
 POST /settings?error=La%20confirmation%20ne%20correspond%20pas%20%C3%A0%20l%E2%80%99identifiant%20de%20l%E2%80%99espace. 200 in 144ms (next.js: 6ms, proxy.ts: 5ms, application-code: 133ms)
  └─ ƒ transferWorkspaceOwnership({}) in 22ms src/app/actions.ts
 GET /settings?error=Seul+le+propri%C3%A9taire+peut+transf%C3%A9rer+la+propri%C3%A9t%C3%A9. 200 in 86ms (next.js: 2.0ms, proxy.ts: 1.8ms, application-code: 83ms)
 POST /settings?error=La%20confirmation%20ne%20correspond%20pas%20%C3%A0%20l%E2%80%99identifiant%20de%20l%E2%80%99espace. 200 in 102ms (next.js: 2ms, proxy.ts: 2ms, application-code: 98ms)
  └─ ƒ transferWorkspaceOwnership({}) in 5ms src/app/actions.ts
 GET /settings 200 in 219ms (next.js: 1.9ms, proxy.ts: 4ms, application-code: 213ms)
 GET /api/auth/get-session 200 in 50ms (next.js: 9ms, proxy.ts: 3ms, application-code: 38ms)
 GET /api/auth/organization/list 200 in 52ms (next.js: 19ms, proxy.ts: 4ms, application-code: 29ms)
  ✓  30 [chromium] › e2e/ownership-local.spec.ts:5:61 › ownership transfer en rechecks old owner authority and preserves other agencies (1.9s)
 GET /portfolio?q=PORTFOLIO_ 200 in 553ms (next.js: 140ms, proxy.ts: 2.0ms, application-code: 411ms)
 GET /api/auth/get-session 200 in 72ms (next.js: 8ms, proxy.ts: 4ms, application-code: 60ms)
 GET /api/auth/organization/list 200 in 95ms (next.js: 16ms, proxy.ts: 4ms, application-code: 75ms)
 GET /portfolio?q=PORTFOLIO_&cursor=eyJ2IjoxLCJpdiI6IlVRcTdhYXczbXU2aEtfMkgiLCJ0YWciOiJ6TW1sdWhwVWkteXB0U3pBRlY1WjdBIiwiZGF0YSI6InN2VzMxUG04TlcteTl0Ym41LTNIN3hTOHF1NmF2bXRuUnQyRHZlYlAzWXpNMlFobXROS0dQNUstR1g3Z1NHNFhITVJyT0tfM3NIc21NYmtDZk1ndExKNU1qdFNCN1k5NlN6bEtWZGFpTDV6VlA2R2tOLURMYkE4djBXRFdyaGxURHEtODdEcG1DZFgxY3RCdzl1WWxaVG1DbFFqX0NET3ZhRGtwa1JBeW1jUlZ4d2xnZkNJRy00RFR1THBkM2RIUlVOVXF3cFJqRjV5eV9iMTVTT280MDNkWXZtdXBMMGVnYnZZTlBaeVBTcGxwc0tDY3o3OFVJR0pjZEs4SEZ0V0ZvTDR5anRkZFZ5UGNhSFRWb2RvTTdvdEFRRGZPbmpuSkJpdk5yR3A0NEJrdm5STm1nTlFGamcifQ 200 in 166ms (next.js: 4ms, proxy.ts: 4ms, application-code: 158ms)
 GET /portfolio?q=PORTFOLIO_&attention=missing_data&currency=&assignee= 200 in 828ms (next.js: 9ms, proxy.ts: 21ms, application-code: 799ms)
 GET /api/auth/get-session 200 in 33ms (next.js: 8ms, proxy.ts: 7ms, application-code: 18ms)
 GET /api/auth/organization/list 200 in 36ms (next.js: 13ms, proxy.ts: 8ms, application-code: 14ms)
 GET /portfolio?q=PORTFOLIO_&attention=missing_data&view_notice=saved 200 in 150ms (next.js: 3ms, proxy.ts: 6ms, application-code: 141ms)
 POST /portfolio?q=PORTFOLIO_&attention=missing_data&currency=&assignee= 200 in 193ms (next.js: 3ms, proxy.ts: 4ms, application-code: 186ms)
  └─ ƒ storePortfolioView({}) in 13ms src/app/portfolio-actions.ts
 GET /portfolio?q=PORTFOLIO_&attention=missing_data&view_notice=saved 200 in 157ms (next.js: 9ms, proxy.ts: 6ms, application-code: 142ms)
 POST /portfolio?q=PORTFOLIO_&attention=missing_data&view_notice=saved 200 in 196ms (next.js: 3ms, proxy.ts: 3ms, application-code: 190ms)
  └─ ƒ storePortfolioView({}) in 23ms src/app/portfolio-actions.ts
 GET /portfolio?q=PORTFOLIO_ 200 in 332ms (next.js: 2ms, proxy.ts: 3ms, application-code: 326ms)
 GET /api/auth/get-session 200 in 37ms (next.js: 8ms, proxy.ts: 4ms, application-code: 26ms)
 GET /api/auth/organization/list 200 in 39ms (next.js: 15ms, proxy.ts: 3ms, application-code: 21ms)
 GET /portfolio?view_notice=conflict 200 in 126ms (next.js: 1.8ms, proxy.ts: 1.7ms, application-code: 122ms)
 POST /portfolio?q=PORTFOLIO_ 200 in 156ms (next.js: 3ms, proxy.ts: 3ms, application-code: 150ms)
  └─ ƒ removePortfolioView({}) in 15ms src/app/portfolio-actions.ts
 GET /portfolio?q=PORTFOLIO_ 200 in 382ms (next.js: 2.0ms, proxy.ts: 4ms, application-code: 376ms)
 GET /api/auth/get-session 200 in 30ms (next.js: 7ms, proxy.ts: 6ms, application-code: 17ms)
 GET /api/auth/organization/list 200 in 37ms (next.js: 12ms, proxy.ts: 6ms, application-code: 19ms)
 GET /portfolio?view_notice=deleted 200 in 147ms (next.js: 5ms, proxy.ts: 3ms, application-code: 139ms)
 POST /portfolio?q=PORTFOLIO_ 200 in 183ms (next.js: 3ms, proxy.ts: 4ms, application-code: 176ms)
  └─ ƒ removePortfolioView({}) in 17ms src/app/portfolio-actions.ts
 GET /tasks?status=open&assignee=unassigned 200 in 73ms (next.js: 4ms, proxy.ts: 2ms, application-code: 66ms)
 GET /portfolio?assignee=local-browser-fixture-owner 200 in 199ms (next.js: 4ms, proxy.ts: 2ms, application-code: 193ms)
 GET /api/auth/get-session 200 in 64ms (next.js: 21ms, proxy.ts: 4ms, application-code: 39ms)
 GET /api/auth/organization/list 200 in 73ms (next.js: 29ms, proxy.ts: 4ms, application-code: 40ms)
 GET /portfolio?assignee=local-browser-fixture-owner 200 in 198ms (next.js: 3ms, proxy.ts: 4ms, application-code: 192ms)
 GET /api/auth/get-session 200 in 102ms (next.js: 49ms, proxy.ts: 12ms, application-code: 41ms)
 GET /api/auth/organization/list 200 in 127ms (next.js: 53ms, proxy.ts: 13ms, application-code: 62ms)
 GET /portfolio?q=PORTFOLIO_ 200 in 407ms (next.js: 2.0ms, proxy.ts: 2.0ms, application-code: 403ms)
 GET /api/auth/get-session 200 in 38ms (next.js: 10ms, proxy.ts: 4ms, application-code: 23ms)
 GET /api/auth/organization/list 200 in 46ms (next.js: 18ms, proxy.ts: 4ms, application-code: 24ms)
 GET /portfolio?q=PORTFOLIO_ 200 in 332ms (next.js: 2ms, proxy.ts: 3ms, application-code: 327ms)
 GET /api/auth/get-session 200 in 33ms (next.js: 10ms, proxy.ts: 4ms, application-code: 20ms)
 GET /api/auth/organization/list 200 in 43ms (next.js: 11ms, proxy.ts: 7ms, application-code: 26ms)
⨯ Error [PermissionDeniedError]: Permission required: portfolio:read
    at requirePermission (src/lib/permissions.ts:79:19)
    at requireWorkspacePermission (src/lib/workspace.ts:164:73)
    at async PortfolioPage (src/app/(app)/portfolio/page.tsx:16:40)
  77 | export function requirePermission(role: WorkspaceRole, permission: Permission) {
  78 |   if (!rolePermissions[role].has(permission)) {
> 79 |     const error = new Error(`Permission required: ${permission}`)
     |                   ^
  80 |     error.name = 'PermissionDeniedError'
  81 |     throw error
  82 |   } {
  digest: '840931461'
}
 GET /portfolio?q=PORTFOLIO_ 307 in 117ms (next.js: 2ms, proxy.ts: 2ms, application-code: 112ms)
 GET /support?error=Acc%C3%A8s%20non%20autoris%C3%A9 200 in 282ms (next.js: 110ms, proxy.ts: 5ms, application-code: 167ms)
 GET /portfolio?q=PORTFOLIO_ 307 in 159ms (next.js: 4ms, proxy.ts: 4ms, application-code: 151ms)
 GET /sign-in 200 in 70ms (next.js: 10ms, proxy.ts: 4ms, application-code: 56ms)
{"locale":"fr","developmentStyleViolations":234,"applicationErrors":0}
  ✓  31 [chromium] › e2e/portfolio-local.spec.ts:13:53 › agency portfolio › reviews 50 accounts, personal views and team workload in fr (9.5s)
 GET /portfolio?q=PORTFOLIO_ 200 in 374ms (next.js: 2ms, proxy.ts: 4ms, application-code: 368ms)
 GET /api/auth/get-session 200 in 105ms (next.js: 65ms, proxy.ts: 17ms, application-code: 23ms)
 GET /api/auth/organization/list 200 in 107ms (next.js: 39ms, proxy.ts: 31ms, application-code: 37ms)
 GET /portfolio?q=PORTFOLIO_&cursor=eyJ2IjoxLCJpdiI6IjhjRXdvTkRKM3NGOXZZTHYiLCJ0YWciOiJqSURaU2swOVp2Q1lIeVpHbnp1WTNRIiwiZGF0YSI6IkQwYTN2SU5zb05rVzlRTVJLWDMtX0JzamJKbjBweE92aWoxb0dtUGhUS1pGdUlVWWwtY1BjZWhwb1VjMVZQcVFiNk9vdTY2SHJtNTZ0UG10S2ZURVRFTFJuR2Y3THRxSVRJcDJkaE5WTDNNcTFPd1RCUnIyS2kwMUZzNlJUMTVncjFRdFNiWE9RWExBOVhPX21ielR4dUVrZE1fX016ZkdmcnEyZ3E1aHU5QXplaUdyTWc0T2YtdzZmUGpqRVBLVHJiaGtJNnBCaFdwTl95QTMtN0lyQzl1SFB1aWlybDBOclVoQUcyNDN3QjBvTjJaemdWZ0JFMmlGeWpaMGdRcWdRaGl1Ri1FaFJFM0M5RmphdE1wS3M1UzU0SXowYVRZM3YycWlqU195R29XTHNsRFB3bFAxSlEifQ 200 in 225ms (next.js: 7ms, proxy.ts: 9ms, application-code: 208ms)
 GET /portfolio?q=PORTFOLIO_&attention=missing_data&currency=&assignee= 200 in 319ms (next.js: 2ms, proxy.ts: 2ms, application-code: 314ms)
 GET /api/auth/get-session 200 in 45ms (next.js: 8ms, proxy.ts: 9ms, application-code: 28ms)
 GET /api/auth/organization/list 200 in 56ms (next.js: 20ms, proxy.ts: 8ms, application-code: 29ms)
 GET /portfolio?q=PORTFOLIO_&attention=missing_data&view_notice=saved 200 in 180ms (next.js: 5ms, proxy.ts: 4ms, application-code: 171ms)
 POST /portfolio?q=PORTFOLIO_&attention=missing_data&currency=&assignee= 200 in 248ms (next.js: 9ms, proxy.ts: 18ms, application-code: 221ms)
  └─ ƒ storePortfolioView({}) in 20ms src/app/portfolio-actions.ts
 GET /portfolio?q=PORTFOLIO_&attention=missing_data&view_notice=saved 200 in 137ms (next.js: 2.0ms, proxy.ts: 2ms, application-code: 132ms)
 POST /portfolio?q=PORTFOLIO_&attention=missing_data&view_notice=saved 200 in 158ms (next.js: 3ms, proxy.ts: 3ms, application-code: 153ms)
  └─ ƒ storePortfolioView({}) in 10ms src/app/portfolio-actions.ts
 GET /portfolio?q=PORTFOLIO_ 200 in 351ms (next.js: 4ms, proxy.ts: 2ms, application-code: 345ms)
 GET /api/auth/get-session 200 in 36ms (next.js: 8ms, proxy.ts: 4ms, application-code: 24ms)
 GET /api/auth/organization/list 200 in 40ms (next.js: 14ms, proxy.ts: 3ms, application-code: 23ms)
 GET /portfolio?view_notice=conflict 200 in 225ms (next.js: 4ms, proxy.ts: 6ms, application-code: 215ms)
 POST /portfolio?q=PORTFOLIO_ 200 in 256ms (next.js: 3ms, proxy.ts: 3ms, application-code: 249ms)
  └─ ƒ removePortfolioView({}) in 12ms src/app/portfolio-actions.ts
 GET /portfolio?q=PORTFOLIO_ 200 in 447ms (next.js: 4ms, proxy.ts: 5ms, application-code: 438ms)
 GET /api/auth/get-session 200 in 57ms (next.js: 10ms, proxy.ts: 3ms, application-code: 44ms)
 GET /api/auth/organization/list 200 in 67ms (next.js: 22ms, proxy.ts: 3ms, application-code: 42ms)
 GET /portfolio?view_notice=deleted 200 in 229ms (next.js: 2ms, proxy.ts: 4ms, application-code: 222ms)
 POST /portfolio?q=PORTFOLIO_ 200 in 279ms (next.js: 5ms, proxy.ts: 7ms, application-code: 268ms)
  └─ ƒ removePortfolioView({}) in 21ms src/app/portfolio-actions.ts
 GET /tasks?status=open&assignee=unassigned 200 in 100ms (next.js: 19ms, proxy.ts: 5ms, application-code: 77ms)
 GET /portfolio?assignee=local-browser-fixture-owner 200 in 316ms (next.js: 4ms, proxy.ts: 2ms, application-code: 309ms)
 GET /api/auth/get-session 200 in 192ms (next.js: 30ms, proxy.ts: 58ms, application-code: 104ms)
 GET /api/auth/organization/list 200 in 191ms (next.js: 50ms, proxy.ts: 53ms, application-code: 87ms)
 GET /portfolio?assignee=local-browser-fixture-owner 200 in 334ms (next.js: 10ms, proxy.ts: 7ms, application-code: 316ms)
 GET /api/auth/get-session 200 in 139ms (next.js: 23ms, proxy.ts: 41ms, application-code: 75ms)
 GET /api/auth/organization/list 200 in 154ms (next.js: 35ms, proxy.ts: 33ms, application-code: 86ms)
 GET /portfolio?q=PORTFOLIO_ 200 in 613ms (next.js: 4ms, proxy.ts: 3ms, application-code: 606ms)
 GET /api/auth/get-session 200 in 28ms (next.js: 6ms, proxy.ts: 6ms, application-code: 15ms)
 GET /api/auth/organization/list 200 in 27ms (next.js: 9ms, proxy.ts: 4ms, application-code: 13ms)
 GET /portfolio?q=PORTFOLIO_ 200 in 367ms (next.js: 3ms, proxy.ts: 5ms, application-code: 359ms)
 GET /api/auth/get-session 200 in 29ms (next.js: 6ms, proxy.ts: 5ms, application-code: 18ms)
 GET /api/auth/organization/list 200 in 39ms (next.js: 11ms, proxy.ts: 5ms, application-code: 22ms)
⨯ Error [PermissionDeniedError]: Permission required: portfolio:read
    at requirePermission (src/lib/permissions.ts:79:19)
    at requireWorkspacePermission (src/lib/workspace.ts:164:73)
    at async PortfolioPage (src/app/(app)/portfolio/page.tsx:16:40)
  77 | export function requirePermission(role: WorkspaceRole, permission: Permission) {
  78 |   if (!rolePermissions[role].has(permission)) {
> 79 |     const error = new Error(`Permission required: ${permission}`)
     |                   ^
  80 |     error.name = 'PermissionDeniedError'
  81 |     throw error
  82 |   } {
  digest: '840931461'
}
 GET /portfolio?q=PORTFOLIO_ 307 in 115ms (next.js: 3ms, proxy.ts: 1.8ms, application-code: 110ms)
 GET /support?error=Acc%C3%A8s%20non%20autoris%C3%A9 200 in 179ms (next.js: 12ms, proxy.ts: 5ms, application-code: 162ms)
 GET /portfolio?q=PORTFOLIO_ 307 in 65ms (next.js: 2.0ms, proxy.ts: 3ms, application-code: 59ms)
 GET /sign-in 200 in 67ms (next.js: 13ms, proxy.ts: 1.7ms, application-code: 53ms)
{"locale":"en","developmentStyleViolations":234,"applicationErrors":0}
  ✓  32 [chromium] › e2e/portfolio-local.spec.ts:13:53 › agency portfolio › reviews 50 accounts, personal views and team workload in en (9.4s)
 GET /billing 200 in 296ms (next.js: 122ms, proxy.ts: 2ms, application-code: 172ms)
 GET /api/auth/get-session 200 in 35ms (next.js: 15ms, proxy.ts: 3ms, application-code: 18ms)
 GET /api/auth/organization/list 200 in 43ms (next.js: 7ms, proxy.ts: 3ms, application-code: 32ms)
 GET /accounts 200 in 271ms (next.js: 90ms, proxy.ts: 4ms, application-code: 177ms)
 GET /api/auth/get-session 200 in 88ms (next.js: 7ms, proxy.ts: 7ms, application-code: 75ms)
 GET /api/auth/organization/list 200 in 127ms (next.js: 39ms, proxy.ts: 7ms, application-code: 81ms)
 POST /accounts 200 in 134ms (next.js: 14ms, proxy.ts: 14ms, application-code: 106ms)
  └─ ƒ setCookieConsent({}) in 4ms src/app/preferences-actions.ts
 GET /accounts?selection=saved 200 in 71ms (next.js: 2ms, proxy.ts: 1.7ms, application-code: 67ms)
 POST /accounts 200 in 102ms (next.js: 2ms, proxy.ts: 4ms, application-code: 96ms)
  └─ ƒ updateManagedAccounts({}) in 15ms src/app/account-selection-actions.ts
 GET /accounts?selection=saved 200 in 93ms (next.js: 2.0ms, proxy.ts: 1.7ms, application-code: 89ms)
 POST /accounts?selection=saved 200 in 122ms (next.js: 3ms, proxy.ts: 4ms, application-code: 116ms)
  └─ ƒ updateManagedAccounts({}) in 13ms src/app/account-selection-actions.ts
 GET /accounts?selection=conflict 200 in 78ms (next.js: 3ms, proxy.ts: 5ms, application-code: 70ms)
 POST /accounts?selection=saved 200 in 102ms (next.js: 3ms, proxy.ts: 3ms, application-code: 96ms)
  └─ ƒ updateManagedAccounts({}) in 9ms src/app/account-selection-actions.ts
 GET /accounts?selection=saved 200 in 113ms (next.js: 3ms, proxy.ts: 4ms, application-code: 106ms)
 POST /accounts?selection=conflict 200 in 152ms (next.js: 15ms, proxy.ts: 4ms, application-code: 134ms)
  └─ ƒ updateManagedAccounts({}) in 12ms src/app/account-selection-actions.ts
 GET /accounts 200 in 143ms (next.js: 4ms, proxy.ts: 3ms, application-code: 135ms)
 GET /api/auth/get-session 200 in 41ms (next.js: 12ms, proxy.ts: 6ms, application-code: 23ms)
 GET /api/auth/organization/list 200 in 38ms (next.js: 18ms, proxy.ts: 5ms, application-code: 15ms)
  ✓  33 [chromium] › e2e/prod-ready-local.spec.ts:26:44 › local production readiness regression journeys › managed account selection preserves priorities and enforces quota in fr (3.2s)
 GET /billing 200 in 195ms (next.js: 3ms, proxy.ts: 4ms, application-code: 188ms)
 GET /api/auth/get-session 200 in 109ms (next.js: 61ms, proxy.ts: 15ms, application-code: 33ms)
 GET /api/auth/organization/list 200 in 120ms (next.js: 65ms, proxy.ts: 15ms, application-code: 40ms)
 GET /accounts 200 in 182ms (next.js: 2ms, proxy.ts: 6ms, application-code: 175ms)
 GET /api/auth/get-session 200 in 62ms (next.js: 12ms, proxy.ts: 4ms, application-code: 45ms)
 GET /api/auth/organization/list 200 in 68ms (next.js: 26ms, proxy.ts: 4ms, application-code: 38ms)
 POST /accounts 200 in 121ms (next.js: 6ms, proxy.ts: 10ms, application-code: 104ms)
  └─ ƒ setCookieConsent({}) in 3ms src/app/preferences-actions.ts
 GET /accounts?selection=saved 200 in 99ms (next.js: 3ms, proxy.ts: 2ms, application-code: 94ms)
 POST /accounts 200 in 135ms (next.js: 2ms, proxy.ts: 3ms, application-code: 130ms)
  └─ ƒ updateManagedAccounts({}) in 21ms src/app/account-selection-actions.ts
 GET /accounts?selection=saved 200 in 72ms (next.js: 3ms, proxy.ts: 2ms, application-code: 66ms)
 POST /accounts?selection=saved 200 in 107ms (next.js: 4ms, proxy.ts: 4ms, application-code: 99ms)
  └─ ƒ updateManagedAccounts({}) in 13ms src/app/account-selection-actions.ts
 GET /accounts?selection=conflict 200 in 73ms (next.js: 2ms, proxy.ts: 1.7ms, application-code: 69ms)
 POST /accounts?selection=saved 200 in 95ms (next.js: 2ms, proxy.ts: 2ms, application-code: 90ms)
  └─ ƒ updateManagedAccounts({}) in 10ms src/app/account-selection-actions.ts
 GET /accounts?selection=saved 200 in 55ms (next.js: 1.7ms, proxy.ts: 1.9ms, application-code: 52ms)
 POST /accounts?selection=conflict 200 in 78ms (next.js: 2ms, proxy.ts: 2ms, application-code: 73ms)
  └─ ƒ updateManagedAccounts({}) in 9ms src/app/account-selection-actions.ts
 GET /accounts 200 in 130ms (next.js: 1.9ms, proxy.ts: 4ms, application-code: 124ms)
  ✓  34 [chromium] › e2e/prod-ready-local.spec.ts:26:44 › local production readiness regression journeys › managed account selection preserves priorities and enforces quota in en (2.9s)
 GET /dashboard?client=80000000-0000-4000-8000-000000000004 200 in 209ms (next.js: 4ms, proxy.ts: 4ms, application-code: 202ms)
 GET /api/auth/get-session 200 in 31ms (next.js: 6ms, proxy.ts: 3ms, application-code: 22ms)
 GET /api/auth/organization/list 200 in 38ms (next.js: 14ms, proxy.ts: 4ms, application-code: 20ms)
 POST /dashboard?client=80000000-0000-4000-8000-000000000004 200 in 145ms (next.js: 5ms, proxy.ts: 3ms, application-code: 137ms)
  └─ ƒ setCookieConsent({}) in 2ms src/app/preferences-actions.ts
 GET /dashboard?client=80000000-0000-4000-8000-000000000004 200 in 230ms (next.js: 2ms, proxy.ts: 2ms, application-code: 226ms)
 GET /api/auth/get-session 200 in 65ms (next.js: 18ms, proxy.ts: 17ms, application-code: 30ms)
 GET /api/auth/organization/list 200 in 66ms (next.js: 26ms, proxy.ts: 18ms, application-code: 23ms)
  ✓  35 [chromium] › e2e/prod-ready-local.spec.ts:91:44 › local production readiness regression journeys › pacing uses covered completed days and hides forecasts with a gap in fr (1.3s)
 GET /dashboard?client=80000000-0000-4000-8000-000000000004 200 in 212ms (next.js: 2ms, proxy.ts: 3ms, application-code: 207ms)
 GET /api/auth/get-session 200 in 40ms (next.js: 11ms, proxy.ts: 3ms, application-code: 26ms)
 GET /api/auth/organization/list 200 in 54ms (next.js: 19ms, proxy.ts: 3ms, application-code: 31ms)
 POST /dashboard?client=80000000-0000-4000-8000-000000000004 200 in 149ms (next.js: 15ms, proxy.ts: 17ms, application-code: 117ms)
  └─ ƒ setCookieConsent({}) in 1ms src/app/preferences-actions.ts
 GET /dashboard?client=80000000-0000-4000-8000-000000000004 200 in 194ms (next.js: 2ms, proxy.ts: 2ms, application-code: 189ms)
 GET /api/auth/get-session 200 in 26ms (next.js: 6ms, proxy.ts: 3ms, application-code: 17ms)
 GET /api/auth/organization/list 200 in 29ms (next.js: 12ms, proxy.ts: 4ms, application-code: 13ms)
  ✓  36 [chromium] › e2e/prod-ready-local.spec.ts:91:44 › local production readiness regression journeys › pacing uses covered completed days and hides forecasts with a gap in en (1.2s)
 GET /dashboard?client=80000000-0000-4000-8000-000000000005 200 in 190ms (next.js: 3ms, proxy.ts: 4ms, application-code: 183ms)
 GET /api/auth/get-session 200 in 33ms (next.js: 7ms, proxy.ts: 4ms, application-code: 22ms)
 GET /api/auth/organization/list 200 in 43ms (next.js: 16ms, proxy.ts: 4ms, application-code: 24ms)
 GET /analysis?client=80000000-0000-4000-8000-000000000005 200 in 235ms (next.js: 7ms, proxy.ts: 6ms, application-code: 223ms)
 GET /api/auth/get-session 200 in 160ms (next.js: 20ms, proxy.ts: 68ms, application-code: 73ms)
 GET /api/auth/organization/list 200 in 155ms (next.js: 32ms, proxy.ts: 60ms, application-code: 64ms)
 GET /insights?client=80000000-0000-4000-8000-000000000005 200 in 345ms (next.js: 8ms, proxy.ts: 4ms, application-code: 333ms)
 GET /api/auth/get-session 200 in 90ms (next.js: 49ms, proxy.ts: 15ms, application-code: 26ms)
 GET /api/auth/organization/list 200 in 97ms (next.js: 54ms, proxy.ts: 15ms, application-code: 29ms)
 GET /dashboard?client=80000000-0000-4000-8000-000000000005 200 in 262ms (next.js: 3ms, proxy.ts: 4ms, application-code: 255ms)
 GET /api/auth/get-session 200 in 27ms (next.js: 6ms, proxy.ts: 3ms, application-code: 18ms)
 GET /api/auth/organization/list 200 in 33ms (next.js: 11ms, proxy.ts: 5ms, application-code: 17ms)
 GET /analysis?client=80000000-0000-4000-8000-000000000005 200 in 216ms (next.js: 7ms, proxy.ts: 6ms, application-code: 203ms)
 GET /api/auth/get-session 200 in 118ms (next.js: 23ms, proxy.ts: 38ms, application-code: 57ms)
 GET /api/auth/organization/list 200 in 118ms (next.js: 32ms, proxy.ts: 39ms, application-code: 47ms)
 GET /insights?client=80000000-0000-4000-8000-000000000005 200 in 285ms (next.js: 5ms, proxy.ts: 3ms, application-code: 278ms)
 GET /api/auth/get-session 200 in 89ms (next.js: 22ms, proxy.ts: 21ms, application-code: 47ms)
 GET /api/auth/organization/list 200 in 92ms (next.js: 27ms, proxy.ts: 18ms, application-code: 47ms)
 GET /insights?client=80000000-0000-4000-8000-000000000005 200 in 282ms (next.js: 3ms, proxy.ts: 3ms, application-code: 275ms)
 GET /api/auth/get-session 200 in 23ms (next.js: 7ms, proxy.ts: 4ms, application-code: 13ms)
 GET /api/auth/organization/list 200 in 27ms (next.js: 11ms, proxy.ts: 3ms, application-code: 12ms)
 POST /insights?client=80000000-0000-4000-8000-000000000005 200 in 95ms (next.js: 2ms, proxy.ts: 5ms, application-code: 88ms)
  └─ ƒ setCookieConsent({}) in 1ms src/app/preferences-actions.ts
  ✓  37 [chromium] › e2e/prod-ready-local.spec.ts:128:44 › local production readiness regression journeys › stored analytics remain available without Google and during grace in fr (3.5s)
 GET /dashboard?client=80000000-0000-4000-8000-000000000005 200 in 215ms (next.js: 3ms, proxy.ts: 3ms, application-code: 209ms)
 GET /api/auth/get-session 200 in 34ms (next.js: 6ms, proxy.ts: 5ms, application-code: 23ms)
 GET /api/auth/organization/list 200 in 39ms (next.js: 14ms, proxy.ts: 5ms, application-code: 21ms)
 GET /analysis?client=80000000-0000-4000-8000-000000000005 200 in 234ms (next.js: 6ms, proxy.ts: 10ms, application-code: 218ms)
 GET /api/auth/get-session 200 in 124ms (next.js: 28ms, proxy.ts: 31ms, application-code: 65ms)
 GET /api/auth/organization/list 200 in 109ms (next.js: 66ms, proxy.ts: 16ms, application-code: 27ms)
 GET /insights?client=80000000-0000-4000-8000-000000000005 200 in 351ms (next.js: 4ms, proxy.ts: 7ms, application-code: 341ms)
 GET /api/auth/get-session 200 in 109ms (next.js: 20ms, proxy.ts: 34ms, application-code: 55ms)
 GET /api/auth/organization/list 200 in 112ms (next.js: 29ms, proxy.ts: 34ms, application-code: 49ms)
 GET /dashboard?client=80000000-0000-4000-8000-000000000005 200 in 259ms (next.js: 2ms, proxy.ts: 4ms, application-code: 253ms)
 GET /api/auth/get-session 200 in 27ms (next.js: 6ms, proxy.ts: 5ms, application-code: 16ms)
 GET /api/auth/organization/list 200 in 31ms (next.js: 8ms, proxy.ts: 6ms, application-code: 17ms)
 GET /analysis?client=80000000-0000-4000-8000-000000000005 200 in 250ms (next.js: 8ms, proxy.ts: 5ms, application-code: 237ms)
 GET /api/auth/get-session 200 in 84ms (next.js: 49ms, proxy.ts: 13ms, application-code: 22ms)
 GET /api/auth/organization/list 200 in 87ms (next.js: 53ms, proxy.ts: 13ms, application-code: 22ms)
 GET /insights?client=80000000-0000-4000-8000-000000000005 200 in 250ms (next.js: 1.9ms, proxy.ts: 2ms, application-code: 246ms)
 GET /api/auth/get-session 200 in 111ms (next.js: 25ms, proxy.ts: 38ms, application-code: 48ms)
 GET /api/auth/organization/list 200 in 113ms (next.js: 32ms, proxy.ts: 37ms, application-code: 44ms)
 GET /insights?client=80000000-0000-4000-8000-000000000005 200 in 266ms (next.js: 3ms, proxy.ts: 2.0ms, application-code: 262ms)
 GET /api/auth/get-session 200 in 47ms (next.js: 14ms, proxy.ts: 11ms, application-code: 22ms)
 GET /api/auth/organization/list 200 in 50ms (next.js: 20ms, proxy.ts: 11ms, application-code: 19ms)
 POST /insights?client=80000000-0000-4000-8000-000000000005 200 in 107ms (next.js: 2ms, proxy.ts: 5ms, application-code: 100ms)
  └─ ƒ setCookieConsent({}) in 2ms src/app/preferences-actions.ts
  ✓  38 [chromium] › e2e/prod-ready-local.spec.ts:128:44 › local production readiness regression journeys › stored analytics remain available without Google and during grace in en (3.5s)
 GET /dashboard?client=80000000-0000-4000-8000-000000000006 200 in 185ms (next.js: 2ms, proxy.ts: 2ms, application-code: 181ms)
 GET /api/auth/get-session 200 in 87ms (next.js: 22ms, proxy.ts: 36ms, application-code: 29ms)
 GET /api/auth/organization/list 200 in 202ms (next.js: 14ms, proxy.ts: 29ms, application-code: 159ms)
 POST /dashboard?client=80000000-0000-4000-8000-000000000006 200 in 216ms (next.js: 6ms, proxy.ts: 14ms, application-code: 195ms)
  └─ ƒ setCookieConsent({}) in 3ms src/app/preferences-actions.ts
 GET /dashboard?client=80000000-0000-4000-8000-000000000006&sync=queued 200 in 266ms (next.js: 2ms, proxy.ts: 2ms, application-code: 261ms)
 POST /dashboard?client=80000000-0000-4000-8000-000000000006 200 in 297ms (next.js: 2ms, proxy.ts: 3ms, application-code: 291ms)
  └─ ƒ refreshAnalyticalData({}) in 16ms src/app/analytical-actions.ts
 GET /dashboard?client=80000000-0000-4000-8000-000000000006&sync=pending 200 in 100ms (next.js: 1.9ms, proxy.ts: 2ms, application-code: 96ms)
 POST /dashboard?client=80000000-0000-4000-8000-000000000006&sync=queued 200 in 123ms (next.js: 4ms, proxy.ts: 3ms, application-code: 116ms)
  └─ ƒ refreshAnalyticalData({}) in 9ms src/app/analytical-actions.ts
 GET /dashboard?client=80000000-0000-4000-8000-000000000006 200 in 172ms (next.js: 2ms, proxy.ts: 1.8ms, application-code: 168ms)
 GET /dashboard?client=80000000-0000-4000-8000-000000000006 200 in 242ms (next.js: 4ms, proxy.ts: 2.0ms, application-code: 236ms)
 GET /api/auth/get-session 200 in 34ms (next.js: 7ms, proxy.ts: 3ms, application-code: 23ms)
 GET /api/auth/organization/list 200 in 35ms (next.js: 18ms, proxy.ts: 4ms, application-code: 14ms)
 GET /dashboard?client=80000000-0000-4000-8000-000000000006&sync=unavailable 200 in 312ms (next.js: 10ms, proxy.ts: 4ms, application-code: 298ms)
 POST /dashboard?client=80000000-0000-4000-8000-000000000006 200 in 358ms (next.js: 3ms, proxy.ts: 3ms, application-code: 352ms)
  └─ ƒ refreshAnalyticalData({}) in 21ms src/app/analytical-actions.ts
  ✓  39 [chromium] › e2e/prod-ready-local.spec.ts:180:99 › local production readiness regression journeys › analytical refresh enqueues once and handles revoked connections in fr (3.8s)
 GET /dashboard?client=80000000-0000-4000-8000-000000000006 200 in 1178ms (next.js: 7ms, proxy.ts: 15ms, application-code: 1155ms)
 GET /api/auth/get-session 200 in 223ms (next.js: 56ms, proxy.ts: 34ms, application-code: 134ms)
 GET /api/auth/organization/list 200 in 304ms (next.js: 99ms, proxy.ts: 25ms, application-code: 180ms)
 POST /dashboard?client=80000000-0000-4000-8000-000000000006 200 in 358ms (next.js: 68ms, proxy.ts: 24ms, application-code: 265ms)
  └─ ƒ setCookieConsent({}) in 15ms src/app/preferences-actions.ts
 GET /dashboard?client=80000000-0000-4000-8000-000000000006&sync=queued 200 in 99ms (next.js: 2ms, proxy.ts: 3ms, application-code: 94ms)
 POST /dashboard?client=80000000-0000-4000-8000-000000000006 200 in 132ms (next.js: 3ms, proxy.ts: 3ms, application-code: 126ms)
  └─ ƒ refreshAnalyticalData({}) in 15ms src/app/analytical-actions.ts
 GET /dashboard?client=80000000-0000-4000-8000-000000000006&sync=pending 200 in 127ms (next.js: 15ms, proxy.ts: 2.0ms, application-code: 111ms)
 POST /dashboard?client=80000000-0000-4000-8000-000000000006&sync=queued 200 in 150ms (next.js: 3ms, proxy.ts: 3ms, application-code: 144ms)
  └─ ƒ refreshAnalyticalData({}) in 8ms src/app/analytical-actions.ts
 GET /dashboard?client=80000000-0000-4000-8000-000000000006 200 in 209ms (next.js: 4ms, proxy.ts: 3ms, application-code: 203ms)
 GET /dashboard?client=80000000-0000-4000-8000-000000000006 200 in 249ms (next.js: 4ms, proxy.ts: 8ms, application-code: 236ms)
 GET /api/auth/get-session 200 in 46ms (next.js: 16ms, proxy.ts: 9ms, application-code: 21ms)
 GET /api/auth/organization/list 200 in 50ms (next.js: 20ms, proxy.ts: 11ms, application-code: 19ms)
 GET /dashboard?client=80000000-0000-4000-8000-000000000006&sync=unavailable 200 in 135ms (next.js: 14ms, proxy.ts: 4ms, application-code: 117ms)
 POST /dashboard?client=80000000-0000-4000-8000-000000000006 200 in 168ms (next.js: 4ms, proxy.ts: 6ms, application-code: 157ms)
  └─ ƒ refreshAnalyticalData({}) in 13ms src/app/analytical-actions.ts
  ✓  40 [chromium] › e2e/prod-ready-local.spec.ts:180:99 › local production readiness regression journeys › analytical refresh enqueues once and handles revoked connections in en (4.3s)
 GET /accounts 200 in 117ms (next.js: 4ms, proxy.ts: 1.9ms, application-code: 111ms)
 GET /api/auth/get-session 200 in 122ms (next.js: 54ms, proxy.ts: 28ms, application-code: 39ms)
 GET /api/auth/organization/list 200 in 155ms (next.js: 57ms, proxy.ts: 27ms, application-code: 71ms)
 GET /history 200 in 198ms (next.js: 13ms, proxy.ts: 25ms, application-code: 160ms)
 GET /api/auth/get-session 200 in 22ms (next.js: 5ms, proxy.ts: 6ms, application-code: 11ms)
 GET /api/auth/organization/list 200 in 24ms (next.js: 9ms, proxy.ts: 6ms, application-code: 10ms)
 GET /alerts 200 in 190ms (next.js: 56ms, proxy.ts: 6ms, application-code: 129ms)
 GET /api/auth/get-session 200 in 133ms (next.js: 55ms, proxy.ts: 7ms, application-code: 71ms)
 GET /api/auth/organization/list 200 in 146ms (next.js: 60ms, proxy.ts: 7ms, application-code: 78ms)
 GET /tasks 200 in 193ms (next.js: 9ms, proxy.ts: 19ms, application-code: 165ms)
 GET /api/auth/get-session 200 in 30ms (next.js: 8ms, proxy.ts: 6ms, application-code: 16ms)
 GET /api/auth/organization/list 200 in 29ms (next.js: 15ms, proxy.ts: 4ms, application-code: 10ms)
 GET /approvals 200 in 189ms (next.js: 59ms, proxy.ts: 4ms, application-code: 126ms)
 GET /api/auth/get-session 200 in 28ms (next.js: 5ms, proxy.ts: 6ms, application-code: 17ms)
 GET /api/auth/organization/list 200 in 29ms (next.js: 10ms, proxy.ts: 5ms, application-code: 13ms)
 GET /reports 200 in 224ms (next.js: 64ms, proxy.ts: 5ms, application-code: 155ms)
 GET /api/auth/get-session 200 in 42ms (next.js: 14ms, proxy.ts: 9ms, application-code: 19ms)
 GET /api/auth/organization/list 200 in 44ms (next.js: 21ms, proxy.ts: 8ms, application-code: 15ms)
 GET /audit 200 in 241ms (next.js: 63ms, proxy.ts: 6ms, application-code: 172ms)
 GET /accounts 200 in 101ms (next.js: 1.8ms, proxy.ts: 3ms, application-code: 96ms)
 GET /api/auth/get-session 200 in 95ms (next.js: 59ms, proxy.ts: 5ms, application-code: 30ms)
 GET /api/auth/organization/list 200 in 128ms (next.js: 67ms, proxy.ts: 6ms, application-code: 56ms)
 GET /history 200 in 199ms (next.js: 5ms, proxy.ts: 6ms, application-code: 188ms)
 GET /api/auth/get-session 200 in 118ms (next.js: 27ms, proxy.ts: 27ms, application-code: 64ms)
 GET /api/auth/organization/list 200 in 115ms (next.js: 65ms, proxy.ts: 27ms, application-code: 23ms)
 GET /alerts 200 in 202ms (next.js: 3ms, proxy.ts: 4ms, application-code: 195ms)
 GET /api/auth/get-session 200 in 88ms (next.js: 44ms, proxy.ts: 5ms, application-code: 40ms)
 GET /api/auth/organization/list 200 in 123ms (next.js: 48ms, proxy.ts: 6ms, application-code: 69ms)
 GET /tasks 200 in 169ms (next.js: 6ms, proxy.ts: 5ms, application-code: 157ms)
 GET /api/auth/get-session 200 in 91ms (next.js: 49ms, proxy.ts: 4ms, application-code: 38ms)
 GET /api/auth/organization/list 200 in 115ms (next.js: 56ms, proxy.ts: 5ms, application-code: 55ms)
 GET /approvals 200 in 146ms (next.js: 3ms, proxy.ts: 5ms, application-code: 138ms)
 GET /api/auth/get-session 200 in 74ms (next.js: 24ms, proxy.ts: 15ms, application-code: 35ms)
 GET /api/auth/organization/list 200 in 78ms (next.js: 27ms, proxy.ts: 15ms, application-code: 36ms)
 GET /reports 200 in 137ms (next.js: 2ms, proxy.ts: 15ms, application-code: 120ms)
  ✓  41 [chromium] › e2e/prod-ready-local.spec.ts:227:9 › local production readiness regression journeys › grace permits stored views while hiding mutations (4.5s)
⨯ Error [WorkspaceAccessRestrictedError]: Workspace access state does not allow: portfolio:read
    at requireWorkspacePermission (src/lib/workspace.ts:166:19)
    at async DashboardPage (src/app/(app)/dashboard/page.tsx:27:54)
  164 |   if (!decision.allowed && decision.reason === 'role') requirePermission(context.role, permission)
  165 |   if (!decision.allowed) {
> 166 |     const error = new Error(`Workspace access state does not allow: ${permission}`)
      |                   ^
  167 |     error.name = 'WorkspaceAccessRestrictedError'
  168 |     throw error
  169 |   } {
  digest: '3420982325'
}
 GET /dashboard 307 in 90ms (next.js: 2ms, proxy.ts: 3ms, application-code: 84ms)
 GET /billing?notice=Your%20current%20access%20is%20limited%20to%20billing%20and%20stored%20data. 200 in 140ms (next.js: 5ms, proxy.ts: 3ms, application-code: 133ms)
⨯ Error [WorkspaceAccessRestrictedError]: Workspace access state does not allow: portfolio:read
    at requireWorkspacePermission (src/lib/workspace.ts:166:19)
    at async DashboardPage (src/app/(app)/dashboard/page.tsx:27:54)
  164 |   if (!decision.allowed && decision.reason === 'role') requirePermission(context.role, permission)
  165 |   if (!decision.allowed) {
> 166 |     const error = new Error(`Workspace access state does not allow: ${permission}`)
      |                   ^
  167 |     error.name = 'WorkspaceAccessRestrictedError'
  168 |     throw error
  169 |   } {
  digest: '3420982325'
}
 GET /dashboard 307 in 90ms (next.js: 1.9ms, proxy.ts: 1.7ms, application-code: 87ms)
 GET /support?notice=Your%20current%20access%20is%20limited%20to%20billing%20and%20stored%20data. 200 in 106ms (next.js: 4ms, proxy.ts: 2ms, application-code: 101ms)
⨯ Error [PermissionDeniedError]: Permission required: portfolio:read
    at requirePermission (src/lib/permissions.ts:79:19)
    at requireWorkspacePermission (src/lib/workspace.ts:164:73)
    at async DashboardPage (src/app/(app)/dashboard/page.tsx:27:54)
  77 | export function requirePermission(role: WorkspaceRole, permission: Permission) {
  78 |   if (!rolePermissions[role].has(permission)) {
> 79 |     const error = new Error(`Permission required: ${permission}`)
     |                   ^
  80 |     error.name = 'PermissionDeniedError'
  81 |     throw error
  82 |   } {
  digest: '3272672268'
}
 GET /dashboard 307 in 81ms (next.js: 2ms, proxy.ts: 3ms, application-code: 75ms)
 GET /support?notice=Your%20current%20access%20is%20limited%20to%20billing%20and%20stored%20data. 200 in 93ms (next.js: 2ms, proxy.ts: 1.9ms, application-code: 89ms)
  ✓  42 [chromium] › e2e/prod-ready-local.spec.ts:242:9 › local production readiness regression journeys › suspended members have an accessible recovery destination without redirect loops (1.5s)
 GET /dashboard 200 in 120ms (next.js: 2.0ms, proxy.ts: 9ms, application-code: 109ms)
 GET /api/auth/get-session 200 in 29ms (next.js: 7ms, proxy.ts: 3ms, application-code: 19ms)
 GET /api/auth/organization/list 200 in 32ms (next.js: 14ms, proxy.ts: 3ms, application-code: 15ms)
 POST /dashboard 200 in 98ms (next.js: 3ms, proxy.ts: 3ms, application-code: 92ms)
  └─ ƒ setCookieConsent({}) in 2ms src/app/preferences-actions.ts
 GET /settings 200 in 80ms (next.js: 4ms, proxy.ts: 3ms, application-code: 72ms)
  ✓  43 [chromium] › e2e/prod-ready-local.spec.ts:254:11 › local production readiness regression journeys › full navigation and workspace selection work at 390px in fr (1.2s)
 GET /dashboard 200 in 727ms (next.js: 22ms, proxy.ts: 18ms, application-code: 688ms)
 GET /api/auth/get-session 200 in 179ms (next.js: 67ms, proxy.ts: 20ms, application-code: 92ms)
 GET /api/auth/organization/list 200 in 177ms (next.js: 38ms, proxy.ts: 16ms, application-code: 123ms)
 POST /dashboard 200 in 236ms (next.js: 24ms, proxy.ts: 76ms, application-code: 135ms)
  └─ ƒ setCookieConsent({}) in 1ms src/app/preferences-actions.ts
 GET /settings 200 in 545ms (next.js: 5ms, proxy.ts: 4ms, application-code: 536ms)
  ✓  44 [chromium] › e2e/prod-ready-local.spec.ts:254:11 › local production readiness regression journeys › full navigation and workspace selection work at 768px in fr (2.4s)
 GET /dashboard 200 in 2.2s (next.js: 62ms, proxy.ts: 64ms, application-code: 2.1s)
 GET /api/auth/get-session 200 in 49ms (next.js: 13ms, proxy.ts: 6ms, application-code: 31ms)
 GET /api/auth/organization/list 200 in 83ms (next.js: 21ms, proxy.ts: 6ms, application-code: 56ms)
 POST /dashboard 200 in 112ms (next.js: 4ms, proxy.ts: 9ms, application-code: 99ms)
  └─ ƒ setCookieConsent({}) in 1ms src/app/preferences-actions.ts
 GET /settings 200 in 98ms (next.js: 3ms, proxy.ts: 4ms, application-code: 90ms)
  ✓  45 [chromium] › e2e/prod-ready-local.spec.ts:254:11 › local production readiness regression journeys › full navigation and workspace selection work at 390px in en (3.2s)
 GET /dashboard 200 in 210ms (next.js: 1.9ms, proxy.ts: 2ms, application-code: 206ms)
 GET /api/auth/get-session 200 in 59ms (next.js: 10ms, proxy.ts: 27ms, application-code: 21ms)
 GET /api/auth/organization/list 200 in 61ms (next.js: 15ms, proxy.ts: 7ms, application-code: 39ms)
 POST /dashboard 200 in 118ms (next.js: 6ms, proxy.ts: 8ms, application-code: 104ms)
  └─ ƒ setCookieConsent({}) in 2ms src/app/preferences-actions.ts
 GET /settings 200 in 79ms (next.js: 3ms, proxy.ts: 4ms, application-code: 72ms)
  ✓  46 [chromium] › e2e/prod-ready-local.spec.ts:254:11 › local production readiness regression journeys › full navigation and workspace selection work at 768px in en (1.1s)
 GET /dashboard 200 in 200ms (next.js: 4ms, proxy.ts: 4ms, application-code: 191ms)
 GET /api/auth/get-session 200 in 87ms (next.js: 49ms, proxy.ts: 14ms, application-code: 24ms)
 GET /api/auth/organization/list 200 in 89ms (next.js: 31ms, proxy.ts: 12ms, application-code: 46ms)
 POST /dashboard 200 in 129ms (next.js: 14ms, proxy.ts: 11ms, application-code: 103ms)
  └─ ƒ setCookieConsent({}) in 1ms src/app/preferences-actions.ts
 POST /api/auth/organization/set-active 200 in 66ms (next.js: 7ms, proxy.ts: 4ms, application-code: 55ms)
⨯ Error [PermissionDeniedError]: Permission required: portfolio:read
    at requirePermission (src/lib/permissions.ts:79:19)
    at requireWorkspacePermission (src/lib/workspace.ts:164:73)
    at async DashboardPage (src/app/(app)/dashboard/page.tsx:27:54)
  77 | export function requirePermission(role: WorkspaceRole, permission: Permission) {
  78 |   if (!rolePermissions[role].has(permission)) {
> 79 |     const error = new Error(`Permission required: ${permission}`)
     |                   ^
  80 |     error.name = 'PermissionDeniedError'
  81 |     throw error
  82 |   } {
  digest: '3272672268'
}
 GET /api/auth/get-session 200 in 61ms (next.js: 35ms, proxy.ts: 12ms, application-code: 14ms)
 GET /dashboard 307 in 110ms (next.js: 3ms, proxy.ts: 2.0ms, application-code: 105ms)
 GET /support?error=Acc%C3%A8s%20non%20autoris%C3%A9 200 in 117ms (next.js: 4ms, proxy.ts: 4ms, application-code: 108ms)
 GET /api/auth/get-session 200 in 46ms (next.js: 10ms, proxy.ts: 10ms, application-code: 26ms)
 GET /api/auth/organization/list 200 in 53ms (next.js: 19ms, proxy.ts: 9ms, application-code: 24ms)
 POST /api/auth/organization/set-active 200 in 22ms (next.js: 4ms, proxy.ts: 5ms, application-code: 13ms)
 GET /api/auth/get-session 200 in 152ms (next.js: 23ms, proxy.ts: 43ms, application-code: 86ms)
 GET /dashboard 200 in 228ms (next.js: 2ms, proxy.ts: 3ms, application-code: 223ms)
 GET /api/auth/get-session 200 in 78ms (next.js: 25ms, proxy.ts: 29ms, application-code: 24ms)
 GET /api/auth/organization/list 200 in 81ms (next.js: 39ms, proxy.ts: 29ms, application-code: 13ms)
  ✓  47 [chromium] › e2e/prod-ready-local.spec.ts:279:9 › local production readiness regression journeys › workspace selection switches context and permissions on mobile (2.0s)
 GET /agents 200 in 465ms (next.js: 88ms, proxy.ts: 5ms, application-code: 371ms)
  ✓  48 [chromium] › e2e/prod-ready-local.spec.ts:301:9 › local production readiness regression journeys › analysts do not see monitoring controls denied by their role (836ms)
 GET /status 200 in 189ms (next.js: 43ms, proxy.ts: 5ms, application-code: 141ms)
 GET /status 200 in 361ms (next.js: 5ms, proxy.ts: 6ms, application-code: 350ms)
 GET /status?status=active 200 in 112ms (next.js: 5ms, proxy.ts: 16ms, application-code: 92ms)
 GET /status/96fe88e3-3a5b-4362-b87a-e5a948ca06fc 200 in 896ms (next.js: 828ms, proxy.ts: 7ms, application-code: 61ms)
 GET /status/96fe88e3-3a5b-4362-b87a-e5a948ca06fc?cursor=eyJ2IjoxLCJpdiI6Il9mZjF1b05JSUs4ZEVOU28iLCJ0YWciOiJCc3FwNTZDaXJRSUpYSWc1ZFRGaDF3IiwiZGF0YSI6IlUzRWNPS2FhNVozZUlUWVBIMndKSV9GVkhzVlZNbDFNLUlZUmdJcmxYUmc3dW5uSVZXRlVkMThtNDdIdEdrb05yTzdvM0tKOWh4TC1DcTdxN0g2M3A4dG0wcl9KNTRibXlzbjBYOF9IUTBWVWpvRTh1a1FRN2c4dVZoVmttUXlQVFpvX3RSNTF4dGtLVGpNT0ZNOXdNeFhxeVVWb2txQzFlZFFTeUpxRlktN2ZnVTNnaDR3aVlSM0hnMUwtMnBNb0QtRnNZMlFNd18yb2lQRk91YS1ldVdtYzNfN0hEaDJnX0doUUZyWVRadHZvX1pfUnZFVUI4OWVCc3pZN3lxVkFJN0Q5Qk9DamEyZmVob01vSGJUX21Tb2Fib3haNUxnekprUVJaR0lCNmhVTGtMNktPMnlKQmcifQ 200 in 86ms (next.js: 13ms, proxy.ts: 14ms, application-code: 59ms)
 GET /status?cursor=forged 200 in 99ms (next.js: 3ms, proxy.ts: 5ms, application-code: 91ms)
 GET /status/e29f9c66-2f61-4fbe-8987-3866018d18f5 404 in 201ms (next.js: 3ms, proxy.ts: 4ms, application-code: 194ms)
 GET /status/invalid 404 in 114ms (next.js: 15ms, proxy.ts: 5ms, application-code: 93ms)
  ✓  49 [chromium] › e2e/public-status-local.spec.ts:13:53 › truthful public status › shows unknown health and complete incident history in fr (4.1s)
 GET /status 200 in 72ms (next.js: 2ms, proxy.ts: 2ms, application-code: 67ms)
 GET /status 200 in 251ms (next.js: 4ms, proxy.ts: 5ms, application-code: 243ms)
 GET /status?status=active 200 in 57ms (next.js: 2ms, proxy.ts: 3ms, application-code: 52ms)
 GET /status/cb36c335-0eb6-4238-91f8-230be013be7b 200 in 34ms (next.js: 4ms, proxy.ts: 2ms, application-code: 28ms)
 GET /status/cb36c335-0eb6-4238-91f8-230be013be7b?cursor=eyJ2IjoxLCJpdiI6Ik02RVJ5NWVTVjZNZThCRV8iLCJ0YWciOiJpc2JhUHNpRjJIOC1HaFdwOGxqQjlnIiwiZGF0YSI6IlNCOUdhWHg1QVhHOVNIbV9rM05iV1Zldk9oYVk0OS00dnBpRGdmUjF6RWVucTVXbHJpTGxWeVZfVmhaMjR3ejFDbWlDZkFPVVNWWnNtdXhHWmE3R1dxWjNQZTZIZkUxUlpodm83OU1mMjhDMGl2cGR4QmF2VmJpWFVISURjWkllTk1sVS10ZlRYYTFfbnpDbzBEVmJreU5fX0dKYk5yQVc4ZGJEOEZKNTY5R1M5UVJ1WmhvblFnRFpzaTNfRWZWc0RhTWhacGR3anFIb2JRc212YXI3OUgtVlFBbHl3WFZFNHN3Q05JTWRmT0xtZndlTDRpMlVXMWRwVDBHYUIyQmh4TWFJMzN5WWNWakFZUjlseGF5MElZSEZ5cGdjZzhibHpEeDNnUVl3U0xRNTR6bUdpZEo1UFEifQ 200 in 65ms (next.js: 8ms, proxy.ts: 4ms, application-code: 53ms)
 GET /status?cursor=forged 200 in 140ms (next.js: 2ms, proxy.ts: 5ms, application-code: 133ms)
 GET /status/6a758610-7c3d-4acf-8b15-c15b43e7d05e 404 in 64ms (next.js: 7ms, proxy.ts: 3ms, application-code: 54ms)
 GET /status/invalid 404 in 190ms (next.js: 5ms, proxy.ts: 5ms, application-code: 180ms)
  ✓  50 [chromium] › e2e/public-status-local.spec.ts:13:53 › truthful public status › shows unknown health and complete incident history in en (2.2s)
 GET / 200 in 136ms (next.js: 47ms, proxy.ts: 3ms, application-code: 86ms)
  ✓  51 [chromium] › e2e/public.spec.ts:3:5 › public landing exposes the product proposition and account creation (832ms)
 GET /dashboard 307 in 78ms (next.js: 5ms, proxy.ts: 4ms, application-code: 70ms)
 GET /sign-in 200 in 70ms (next.js: 7ms, proxy.ts: 2ms, application-code: 61ms)
  ✓  52 [chromium] › e2e/public.spec.ts:24:5 › authenticated areas redirect anonymous visitors to sign-in (259ms)
 GET /privacy 200 in 122ms (next.js: 66ms, proxy.ts: 3ms, application-code: 54ms)
 GET /terms 200 in 289ms (next.js: 194ms, proxy.ts: 22ms, application-code: 73ms)
  ✓  53 [chromium] › e2e/public.spec.ts:30:5 › privacy and terms pages are public (941ms)
 GET /subprocessors 200 in 84ms (next.js: 34ms, proxy.ts: 3ms, application-code: 47ms)
  ✓  54 [chromium] › e2e/public.spec.ts:37:5 › the subprocessor register and change-notice policy are public (441ms)
 GET / 200 in 227ms (next.js: 2ms, proxy.ts: 3ms, application-code: 222ms)
 GET /privacy 200 in 83ms (next.js: 2ms, proxy.ts: 7ms, application-code: 75ms)
  ✓  55 [chromium] › e2e/public.spec.ts:44:5 › the public product and legal surface honor the English locale (1.4s)
 GET /status 200 in 1319ms (next.js: 22ms, proxy.ts: 28ms, application-code: 1269ms)
  ✓  56 [chromium] › e2e/public.spec.ts:60:5 › public status page never claims operational health when status storage is unavailable (2.0s)
 GET /reports 200 in 179ms (next.js: 5ms, proxy.ts: 4ms, application-code: 170ms)
 GET /api/auth/get-session 200 in 106ms (next.js: 51ms, proxy.ts: 11ms, application-code: 45ms)
 GET /api/auth/organization/list 200 in 108ms (next.js: 30ms, proxy.ts: 9ms, application-code: 69ms)
 POST /reports 200 in 124ms (next.js: 11ms, proxy.ts: 7ms, application-code: 106ms)
  └─ ƒ setCookieConsent({}) in 3ms src/app/preferences-actions.ts
 GET /reports?notice=Rapport+cr%C3%A9%C3%A9.+R%C3%A9v%C3%A9lez+son+URL+dans+les+cinq+prochaines+minutes.&reveal=report-url&revealId=31492873-b3eb-4bfe-acf4-955aa79a64a4 200 in 101ms (next.js: 7ms, proxy.ts: 3ms, application-code: 91ms)
 POST /reports 200 in 190ms (next.js: 7ms, proxy.ts: 4ms, application-code: 180ms)
  └─ ƒ createShareLink({}) in 59ms src/app/actions.ts
 POST /api/secret-revelation 200 in 211ms (next.js: 138ms, proxy.ts: 5ms, application-code: 68ms)
 GET /r/[REDACTED]?edition=1e2a7197-50a1-4314-a6e1-768403a89068 200 in 1445ms (next.js: 1227ms, proxy.ts: 1.9ms, application-code: 216ms)
 GET /r/[REDACTED]/csv?edition=1e2a7197-50a1-4314-a6e1-768403a89068 200 in 917ms (next.js: 819ms, proxy.ts: 4ms, application-code: 94ms)
 GET /r/[REDACTED]/pdf?edition=1e2a7197-50a1-4314-a6e1-768403a89068 200 in 3.5s (next.js: 1770ms, proxy.ts: 3ms, application-code: 1696ms)
 GET /r/[REDACTED]?error=L%E2%80%99envoi+de+codes+email+n%E2%80%99est+pas+configur%C3%A9.&edition=1e2a7197-50a1-4314-a6e1-768403a89068 200 in 95ms (next.js: 6ms, proxy.ts: 3ms, application-code: 86ms)
 POST /r/[REDACTED]?edition=1e2a7197-50a1-4314-a6e1-768403a89068 200 in 328ms (next.js: 72ms, proxy.ts: 79ms, application-code: 178ms)
  └─ ƒ requestReportFeedbackOtp({}) in 39ms src/app/actions.ts
 GET /r/[REDACTED]?edition=1e2a7197-50a1-4314-a6e1-768403a89068&otp=1 200 in 153ms (next.js: 4ms, proxy.ts: 4ms, application-code: 146ms)
 GET /r/[REDACTED]?error=Demandez+un+nouveau+code.&otp=1&edition=1e2a7197-50a1-4314-a6e1-768403a89068 200 in 148ms (next.js: 7ms, proxy.ts: 4ms, application-code: 137ms)
 POST /r/[REDACTED]?edition=1e2a7197-50a1-4314-a6e1-768403a89068&otp=1 200 in 218ms (next.js: 15ms, proxy.ts: 13ms, application-code: 190ms)
  └─ ƒ verifyReportFeedbackOtp({}) in 15ms src/app/actions.ts
 GET /reports?notice=Rapport+cr%C3%A9%C3%A9.+R%C3%A9v%C3%A9lez+son+URL+dans+les+cinq+prochaines+minutes.&reveal=report-url&revealId=5dddc680-58fd-45b9-9617-78cab3016582 200 in 94ms (next.js: 3ms, proxy.ts: 3ms, application-code: 88ms)
 POST /reports?notice=Rapport%20cr%C3%A9%C3%A9.%20R%C3%A9v%C3%A9lez%20son%20URL%20dans%20les%20cinq%20prochaines%20minutes.&reveal=report-url&revealId=31492873-b3eb-4bfe-acf4-955aa79a64a4 200 in 256ms (next.js: 99ms, proxy.ts: 11ms, application-code: 146ms)
  └─ ƒ createShareLink({}) in 34ms src/app/actions.ts
 POST /api/secret-revelation 200 in 49ms (next.js: 9ms, proxy.ts: 3ms, application-code: 37ms)
 GET /r/[REDACTED]?edition=d3b6da44-b4c3-4163-bff4-2a727d7205db 200 in 158ms (next.js: 5ms, proxy.ts: 2ms, application-code: 150ms)
 GET /r/[REDACTED]/csv?edition=d3b6da44-b4c3-4163-bff4-2a727d7205db 200 in 86ms (next.js: 9ms, proxy.ts: 4ms, application-code: 73ms)
 GET /r/[REDACTED]/pdf?edition=d3b6da44-b4c3-4163-bff4-2a727d7205db 200 in 342ms (next.js: 36ms, proxy.ts: 4ms, application-code: 302ms)
 GET /reports?notice=Rapport+cr%C3%A9%C3%A9.+R%C3%A9v%C3%A9lez+son+URL+dans+les+cinq+prochaines+minutes.&reveal=report-url&revealId=1601be96-a574-4467-b5b0-04c46c61b459 200 in 155ms (next.js: 3ms, proxy.ts: 2.0ms, application-code: 149ms)
 POST /reports?notice=Rapport%20cr%C3%A9%C3%A9.%20R%C3%A9v%C3%A9lez%20son%20URL%20dans%20les%20cinq%20prochaines%20minutes.&reveal=report-url&revealId=5dddc680-58fd-45b9-9617-78cab3016582 200 in 226ms (next.js: 6ms, proxy.ts: 13ms, application-code: 206ms)
  └─ ƒ createShareLink({}) in 33ms src/app/actions.ts
 POST /api/secret-revelation 200 in 32ms (next.js: 5ms, proxy.ts: 3ms, application-code: 23ms)
 GET /r/[REDACTED]?edition=ec9d2965-26f9-4b30-9d28-5abe5e082165 200 in 184ms (next.js: 9ms, proxy.ts: 7ms, application-code: 168ms)
 GET /r/[REDACTED]/csv?edition=ec9d2965-26f9-4b30-9d28-5abe5e082165 200 in 20ms (next.js: 4ms, proxy.ts: 3ms, application-code: 12ms)
 GET /r/[REDACTED]/pdf?edition=ec9d2965-26f9-4b30-9d28-5abe5e082165 200 in 104ms (next.js: 4ms, proxy.ts: 1.6ms, application-code: 98ms)
 GET /reports?notice=Rapport+cr%C3%A9%C3%A9.+R%C3%A9v%C3%A9lez+son+URL+dans+les+cinq+prochaines+minutes.&reveal=report-url&revealId=f798ebe8-5399-4fff-a46b-adcb3f44040d 200 in 95ms (next.js: 3ms, proxy.ts: 2ms, application-code: 90ms)
 POST /reports?notice=Rapport%20cr%C3%A9%C3%A9.%20R%C3%A9v%C3%A9lez%20son%20URL%20dans%20les%20cinq%20prochaines%20minutes.&reveal=report-url&revealId=1601be96-a574-4467-b5b0-04c46c61b459 200 in 162ms (next.js: 7ms, proxy.ts: 6ms, application-code: 150ms)
  └─ ƒ createShareLink({}) in 41ms src/app/actions.ts
 POST /api/secret-revelation 200 in 63ms (next.js: 7ms, proxy.ts: 5ms, application-code: 52ms)
 GET /r/[REDACTED]?edition=ba44e5da-499a-4be0-a1b4-445ebbc5e30e 200 in 157ms (next.js: 9ms, proxy.ts: 7ms, application-code: 141ms)
 GET /r/[REDACTED]/csv?edition=ba44e5da-499a-4be0-a1b4-445ebbc5e30e 200 in 28ms (next.js: 8ms, proxy.ts: 3ms, application-code: 17ms)
 GET /r/[REDACTED]/pdf?edition=ba44e5da-499a-4be0-a1b4-445ebbc5e30e 200 in 134ms (next.js: 9ms, proxy.ts: 5ms, application-code: 121ms)
 GET /reports?notice=Rapport+cr%C3%A9%C3%A9.+R%C3%A9v%C3%A9lez+son+URL+dans+les+cinq+prochaines+minutes.&reveal=report-url&revealId=80d9b71f-5b92-4ae1-9fe8-f3298de038b5 200 in 102ms (next.js: 3ms, proxy.ts: 6ms, application-code: 94ms)
 POST /reports?notice=Rapport%20cr%C3%A9%C3%A9.%20R%C3%A9v%C3%A9lez%20son%20URL%20dans%20les%20cinq%20prochaines%20minutes.&reveal=report-url&revealId=f798ebe8-5399-4fff-a46b-adcb3f44040d 200 in 145ms (next.js: 5ms, proxy.ts: 6ms, application-code: 134ms)
  └─ ƒ createShareLink({}) in 23ms src/app/actions.ts
 POST /api/secret-revelation 200 in 29ms (next.js: 4ms, proxy.ts: 3ms, application-code: 22ms)
 GET /r/[REDACTED]?edition=88c47f1f-e18c-4e01-9b3e-eff030ec3347 200 in 217ms (next.js: 8ms, proxy.ts: 5ms, application-code: 205ms)
 GET /r/[REDACTED]/csv?edition=88c47f1f-e18c-4e01-9b3e-eff030ec3347 200 in 18ms (next.js: 4ms, proxy.ts: 3ms, application-code: 11ms)
 GET /r/[REDACTED]/pdf?edition=88c47f1f-e18c-4e01-9b3e-eff030ec3347 200 in 98ms (next.js: 4ms, proxy.ts: 1.6ms, application-code: 93ms)
 GET /r/[REDACTED]?edition=1e2a7197-50a1-4314-a6e1-768403a89068 200 in 116ms (next.js: 7ms, proxy.ts: 3ms, application-code: 107ms)
 GET /r/[REDACTED]/csv?edition=1e2a7197-50a1-4314-a6e1-768403a89068 200 in 21ms (next.js: 6ms, proxy.ts: 3ms, application-code: 12ms)
 GET /r/[REDACTED]/pdf?edition=1e2a7197-50a1-4314-a6e1-768403a89068 200 in 284ms (next.js: 4ms, proxy.ts: 3ms, application-code: 277ms)
 GET /reports?notice=R%C3%A9vision+publi%C3%A9e.+Les+%C3%A9ditions+pr%C3%A9c%C3%A9dentes+restent+inchang%C3%A9es.&reveal=report-url&revealId=c6dd1caa-31d2-42bb-8a98-754609d3e723 200 in 119ms (next.js: 3ms, proxy.ts: 2ms, application-code: 114ms)
 POST /reports?notice=Rapport%20cr%C3%A9%C3%A9.%20R%C3%A9v%C3%A9lez%20son%20URL%20dans%20les%20cinq%20prochaines%20minutes.&reveal=report-url&revealId=80d9b71f-5b92-4ae1-9fe8-f3298de038b5 200 in 187ms (next.js: 3ms, proxy.ts: 13ms, application-code: 171ms)
  └─ ƒ reviseReportEdition({}) in 39ms src/app/actions.ts
 POST /api/secret-revelation 200 in 18ms (next.js: 1.8ms, proxy.ts: 3ms, application-code: 14ms)
 GET /r/[REDACTED]?edition=3dfc7ebb-bb15-4333-abc6-0cadbb4669fa 200 in 108ms (next.js: 5ms, proxy.ts: 3ms, application-code: 99ms)
 GET /r/[REDACTED]/csv?edition=3dfc7ebb-bb15-4333-abc6-0cadbb4669fa 200 in 65ms (next.js: 29ms, proxy.ts: 4ms, application-code: 33ms)
 GET /reports?error=Les+donn%C3%A9es+compl%C3%A8tes+de+cette+p%C3%A9riode+ne+sont+pas+disponibles.+Actualisez+l%E2%80%99historique+du+compte+avant+de+publier+ce+bilan. 200 in 109ms (next.js: 3ms, proxy.ts: 3ms, application-code: 102ms)
 POST /reports?notice=R%C3%A9vision%20publi%C3%A9e.%20Les%20%C3%A9ditions%20pr%C3%A9c%C3%A9dentes%20restent%20inchang%C3%A9es.&reveal=report-url&revealId=c6dd1caa-31d2-42bb-8a98-754609d3e723 200 in 174ms (next.js: 6ms, proxy.ts: 20ms, application-code: 148ms)
  └─ ƒ createShareLink({}) in 28ms src/app/actions.ts
 GET /r/[REDACTED]?edition=1e2a7197-50a1-4314-a6e1-768403a89068 200 in 202ms (next.js: 3ms, proxy.ts: 2ms, application-code: 196ms)
 GET /r/[REDACTED]/pdf?edition=1e2a7197-50a1-4314-a6e1-768403a89068 429 in 19ms (next.js: 5ms, proxy.ts: 5ms, application-code: 8ms)
 GET /r/[REDACTED]/csv?edition=1e2a7197-50a1-4314-a6e1-768403a89068 404 in 11ms (next.js: 4ms, proxy.ts: 1.8ms, application-code: 6ms)
 GET /reports 200 in 176ms (next.js: 3ms, proxy.ts: 2ms, application-code: 171ms)
  ✓  57 [chromium] › e2e/report-editions-local.spec.ts:16:53 › published report editions › creates every period and preserves HTML PDF CSV through revision in fr (16.5s)
 GET /reports 200 in 194ms (next.js: 3ms, proxy.ts: 3ms, application-code: 188ms)
 GET /api/auth/get-session 200 in 65ms (next.js: 31ms, proxy.ts: 4ms, application-code: 31ms)
 GET /api/auth/organization/list 200 in 93ms (next.js: 22ms, proxy.ts: 3ms, application-code: 67ms)
 POST /reports 200 in 95ms (next.js: 6ms, proxy.ts: 5ms, application-code: 84ms)
  └─ ƒ setCookieConsent({}) in 2ms src/app/preferences-actions.ts
 GET /reports?notice=Report+created.+Reveal+its+URL+within+the+next+five+minutes.&reveal=report-url&revealId=2a67fc4e-21e1-44bd-8229-f159c45efcd7 200 in 89ms (next.js: 4ms, proxy.ts: 2ms, application-code: 83ms)
 POST /reports 200 in 144ms (next.js: 3ms, proxy.ts: 4ms, application-code: 136ms)
  └─ ƒ createShareLink({}) in 36ms src/app/actions.ts
 POST /api/secret-revelation 200 in 41ms (next.js: 4ms, proxy.ts: 4ms, application-code: 34ms)
 GET /r/[REDACTED]?edition=433d0298-939e-463c-b34a-ae8f5932c52f 200 in 123ms (next.js: 5ms, proxy.ts: 4ms, application-code: 115ms)
 GET /r/[REDACTED]/csv?edition=433d0298-939e-463c-b34a-ae8f5932c52f 200 in 22ms (next.js: 4ms, proxy.ts: 3ms, application-code: 15ms)
 GET /r/[REDACTED]/pdf?edition=433d0298-939e-463c-b34a-ae8f5932c52f 200 in 282ms (next.js: 5ms, proxy.ts: 3ms, application-code: 274ms)
 GET /r/[REDACTED]?error=Email+code+delivery+is+not+configured.&edition=433d0298-939e-463c-b34a-ae8f5932c52f 200 in 103ms (next.js: 11ms, proxy.ts: 5ms, application-code: 87ms)
 POST /r/[REDACTED]?edition=433d0298-939e-463c-b34a-ae8f5932c52f 200 in 158ms (next.js: 14ms, proxy.ts: 5ms, application-code: 139ms)
  └─ ƒ requestReportFeedbackOtp({}) in 17ms src/app/actions.ts
 GET /r/[REDACTED]?edition=433d0298-939e-463c-b34a-ae8f5932c52f&otp=1 200 in 141ms (next.js: 5ms, proxy.ts: 6ms, application-code: 130ms)
 GET /r/[REDACTED]?error=Request+a+new+code.&otp=1&edition=433d0298-939e-463c-b34a-ae8f5932c52f 200 in 61ms (next.js: 4ms, proxy.ts: 2ms, application-code: 56ms)
 POST /r/[REDACTED]?edition=433d0298-939e-463c-b34a-ae8f5932c52f&otp=1 200 in 88ms (next.js: 6ms, proxy.ts: 5ms, application-code: 77ms)
  └─ ƒ verifyReportFeedbackOtp({}) in 6ms src/app/actions.ts
 GET /reports?notice=Report+created.+Reveal+its+URL+within+the+next+five+minutes.&reveal=report-url&revealId=72af346f-ba0e-42f8-90ad-667bd019734a 200 in 95ms (next.js: 4ms, proxy.ts: 7ms, application-code: 85ms)
 POST /reports?notice=Report%20created.%20Reveal%20its%20URL%20within%20the%20next%20five%20minutes.&reveal=report-url&revealId=2a67fc4e-21e1-44bd-8229-f159c45efcd7 200 in 152ms (next.js: 5ms, proxy.ts: 4ms, application-code: 143ms)
  └─ ƒ createShareLink({}) in 37ms src/app/actions.ts
 POST /api/secret-revelation 200 in 16ms (next.js: 2.0ms, proxy.ts: 2ms, application-code: 12ms)
 GET /r/[REDACTED]?edition=51429375-096d-471d-9c0f-724270001caf 200 in 109ms (next.js: 6ms, proxy.ts: 2ms, application-code: 101ms)
 GET /r/[REDACTED]/csv?edition=51429375-096d-471d-9c0f-724270001caf 200 in 27ms (next.js: 5ms, proxy.ts: 3ms, application-code: 19ms)
 GET /r/[REDACTED]/pdf?edition=51429375-096d-471d-9c0f-724270001caf 200 in 117ms (next.js: 5ms, proxy.ts: 2.0ms, application-code: 110ms)
 GET /reports?notice=Report+created.+Reveal+its+URL+within+the+next+five+minutes.&reveal=report-url&revealId=3b04b057-167c-47a2-8023-878187d5e260 200 in 96ms (next.js: 4ms, proxy.ts: 4ms, application-code: 88ms)
 POST /reports?notice=Report%20created.%20Reveal%20its%20URL%20within%20the%20next%20five%20minutes.&reveal=report-url&revealId=72af346f-ba0e-42f8-90ad-667bd019734a 200 in 146ms (next.js: 7ms, proxy.ts: 5ms, application-code: 134ms)
  └─ ƒ createShareLink({}) in 29ms src/app/actions.ts
 POST /api/secret-revelation 200 in 38ms (next.js: 4ms, proxy.ts: 6ms, application-code: 28ms)
 GET /r/[REDACTED]?edition=eda92931-fff3-4a4b-82bf-940716a567f4 200 in 158ms (next.js: 9ms, proxy.ts: 8ms, application-code: 142ms)
 GET /r/[REDACTED]/csv?edition=eda92931-fff3-4a4b-82bf-940716a567f4 200 in 27ms (next.js: 6ms, proxy.ts: 5ms, application-code: 16ms)
 GET /r/[REDACTED]/pdf?edition=eda92931-fff3-4a4b-82bf-940716a567f4 200 in 111ms (next.js: 8ms, proxy.ts: 9ms, application-code: 94ms)
 GET /reports?notice=Report+created.+Reveal+its+URL+within+the+next+five+minutes.&reveal=report-url&revealId=c680d7a6-e5e0-48eb-9c8c-eac4f0c34788 200 in 90ms (next.js: 3ms, proxy.ts: 1.8ms, application-code: 85ms)
 POST /reports?notice=Report%20created.%20Reveal%20its%20URL%20within%20the%20next%20five%20minutes.&reveal=report-url&revealId=3b04b057-167c-47a2-8023-878187d5e260 200 in 128ms (next.js: 3ms, proxy.ts: 7ms, application-code: 117ms)
  └─ ƒ createShareLink({}) in 18ms src/app/actions.ts
 POST /api/secret-revelation 200 in 21ms (next.js: 3ms, proxy.ts: 3ms, application-code: 16ms)
 GET /r/[REDACTED]?edition=7edd060e-8c29-416b-9347-f8d549cf416c 200 in 124ms (next.js: 4ms, proxy.ts: 4ms, application-code: 117ms)
 GET /r/[REDACTED]/csv?edition=7edd060e-8c29-416b-9347-f8d549cf416c 200 in 17ms (next.js: 4ms, proxy.ts: 3ms, application-code: 10ms)
 GET /r/[REDACTED]/pdf?edition=7edd060e-8c29-416b-9347-f8d549cf416c 200 in 97ms (next.js: 5ms, proxy.ts: 1.6ms, application-code: 90ms)
 GET /reports?notice=Report+created.+Reveal+its+URL+within+the+next+five+minutes.&reveal=report-url&revealId=f9a26304-ccfc-4fb6-b905-2e76faf6b129 200 in 94ms (next.js: 4ms, proxy.ts: 2ms, application-code: 88ms)
 POST /reports?notice=Report%20created.%20Reveal%20its%20URL%20within%20the%20next%20five%20minutes.&reveal=report-url&revealId=c680d7a6-e5e0-48eb-9c8c-eac4f0c34788 200 in 135ms (next.js: 5ms, proxy.ts: 7ms, application-code: 124ms)
  └─ ƒ createShareLink({}) in 21ms src/app/actions.ts
 POST /api/secret-revelation 200 in 42ms (next.js: 4ms, proxy.ts: 4ms, application-code: 34ms)
 GET /r/[REDACTED]?edition=e8c16b14-e9d1-45c0-b15d-b95ce7ab3312 200 in 263ms (next.js: 17ms, proxy.ts: 10ms, application-code: 235ms)
 GET /r/[REDACTED]/csv?edition=e8c16b14-e9d1-45c0-b15d-b95ce7ab3312 200 in 58ms (next.js: 8ms, proxy.ts: 4ms, application-code: 47ms)
 GET /r/[REDACTED]/pdf?edition=e8c16b14-e9d1-45c0-b15d-b95ce7ab3312 200 in 144ms (next.js: 8ms, proxy.ts: 7ms, application-code: 129ms)
 GET /r/[REDACTED]?edition=433d0298-939e-463c-b34a-ae8f5932c52f 200 in 131ms (next.js: 5ms, proxy.ts: 3ms, application-code: 123ms)
 GET /r/[REDACTED]/csv?edition=433d0298-939e-463c-b34a-ae8f5932c52f 200 in 55ms (next.js: 12ms, proxy.ts: 7ms, application-code: 36ms)
 GET /r/[REDACTED]/pdf?edition=433d0298-939e-463c-b34a-ae8f5932c52f 200 in 472ms (next.js: 10ms, proxy.ts: 5ms, application-code: 458ms)
 GET /reports?notice=Revision+published.+Previous+editions+remain+unchanged.&reveal=report-url&revealId=89610a2a-1b7e-4e8d-97ee-360ba1303458 200 in 178ms (next.js: 4ms, proxy.ts: 3ms, application-code: 172ms)
 POST /reports?notice=Report%20created.%20Reveal%20its%20URL%20within%20the%20next%20five%20minutes.&reveal=report-url&revealId=f9a26304-ccfc-4fb6-b905-2e76faf6b129 200 in 246ms (next.js: 4ms, proxy.ts: 5ms, application-code: 238ms)
  └─ ƒ reviseReportEdition({}) in 33ms src/app/actions.ts
 POST /api/secret-revelation 200 in 44ms (next.js: 13ms, proxy.ts: 8ms, application-code: 23ms)
 GET /r/[REDACTED]?edition=3c650f80-d83b-44e1-b54c-d483ce55b305 200 in 331ms (next.js: 6ms, proxy.ts: 9ms, application-code: 316ms)
 GET /r/[REDACTED]/csv?edition=3c650f80-d83b-44e1-b54c-d483ce55b305 200 in 33ms (next.js: 7ms, proxy.ts: 3ms, application-code: 24ms)
 GET /reports?error=Les+donn%C3%A9es+compl%C3%A8tes+de+cette+p%C3%A9riode+ne+sont+pas+disponibles.+Actualisez+l%E2%80%99historique+du+compte+avant+de+publier+ce+bilan. 200 in 167ms (next.js: 3ms, proxy.ts: 3ms, application-code: 160ms)
 POST /reports?notice=Revision%20published.%20Previous%20editions%20remain%20unchanged.&reveal=report-url&revealId=89610a2a-1b7e-4e8d-97ee-360ba1303458 200 in 235ms (next.js: 10ms, proxy.ts: 12ms, application-code: 213ms)
  └─ ƒ createShareLink({}) in 24ms src/app/actions.ts
 GET /r/[REDACTED]?edition=433d0298-939e-463c-b34a-ae8f5932c52f 200 in 210ms (next.js: 10ms, proxy.ts: 5ms, application-code: 195ms)
 GET /r/[REDACTED]/pdf?edition=433d0298-939e-463c-b34a-ae8f5932c52f 429 in 20ms (next.js: 5ms, proxy.ts: 4ms, application-code: 11ms)
 GET /r/[REDACTED]/csv?edition=433d0298-939e-463c-b34a-ae8f5932c52f 404 in 16ms (next.js: 5ms, proxy.ts: 3ms, application-code: 9ms)
 GET /reports 200 in 440ms (next.js: 3ms, proxy.ts: 3ms, application-code: 434ms)
 GET /api/auth/get-session 200 in 238ms (next.js: 80ms, proxy.ts: 59ms, application-code: 98ms)
 GET /api/auth/organization/list 200 in 244ms (next.js: 109ms, proxy.ts: 55ms, application-code: 80ms)
  ✓  58 [chromium] › e2e/report-editions-local.spec.ts:16:53 › published report editions › creates every period and preserves HTML PDF CSV through revision in en (10.5s)
 GET /audit?q=COLL_AUDIT_ 200 in 376ms (next.js: 67ms, proxy.ts: 5ms, application-code: 303ms)
 GET /api/auth/get-session 200 in 132ms (next.js: 35ms, proxy.ts: 28ms, application-code: 69ms)
 GET /api/auth/organization/list 200 in 196ms (next.js: 28ms, proxy.ts: 44ms, application-code: 124ms)
 GET /audit?q=COLL_AUDIT_&cursor=eyJ2IjoxLCJpdiI6Imo3amozb2JFOXNWMG45YmoiLCJ0YWciOiJEZVpZZVV6NTZ3Q1pKUjJ5Z2oyMlFBIiwiZGF0YSI6IlRMc2xCcnNTaUhOcWNYQ1psV3I4Qmt0bHJNV3BTYy1jaHRnQzlDZnpsZ1FJb0tTajJDVlh0QVhqaEw4cms3ei1Ka19OVnB5RXgxOEdjbE1kMTktUkdlRXF1dFR0NUtpaVBmZDNzeGl2MjNxOWJVZ1lIVXJkUmJMSHhLUXRZTEtpNkViRVBSaXFZNlBmY0l3NFo5eUFDeG5EWGlTUXp4eTlfdXcxSnhTSWRnbHB4NmNRRGlfcDNGdThMc1NOQUxBVTg1ZjlNanVhT2FCdjd1Q0ctenBqQlFJbXhWTy1iMXM3RHM1OXZjR3hlZzZfS3VycDgtSDNHdWlIVUU5MVJjcHBabENjdGpNV1hMQWYxOVVmcXpFaWJ0SUF6bmNLOXBnWUt3Y0hMSnV0ektSQjZ5N0N2akVUSlEifQ 200 in 270ms (next.js: 14ms, proxy.ts: 21ms, application-code: 234ms)
 POST /audit?q=COLL_AUDIT_ 200 in 409ms (next.js: 7ms, proxy.ts: 43ms, application-code: 359ms)
  └─ ƒ setCookieConsent({}) in 2ms src/app/preferences-actions.ts
 GET /audit?q=COLL_AUDIT_&cursor=eyJ2IjoxLCJpdiI6Imo3amozb2JFOXNWMG45YmoiLCJ0YWciOiJEZVpZZVV6NTZ3Q1pKUjJ5Z2oyMlFBIiwiZGF0YSI6IlRMc2xCcnNTaUhOcWNYQ1psV3I4Qmt0bHJNV3BTYy1jaHRnQzlDZnpsZ1FJb0tTajJDVlh0QVhqaEw4cms3ei1Ka19OVnB5RXgxOEdjbE1kMTktUkdlRXF1dFR0NUtpaVBmZDNzeGl2MjNxOWJVZ1lIVXJkUmJMSHhLUXRZTEtpNkViRVBSaXFZNlBmY0l3NFo5eUFDeG5EWGlTUXp4eTlfdXcxSnhTSWRnbHB4NmNRRGlfcDNGdThMc1NOQUxBVTg1ZjlNanVhT2FCdjd1Q0ctenBqQlFJbXhWTy1iMXM3RHM1OXZjR3hlZzZfS3VycDgtSDNHdWlIVUU5MVJjcHBabENjdGpNV1hMQWYxOVVmcXpFaWJ0SUF6bmNLOXBnWUt3Y0hMSnV0ektSQjZ5N0N2akVUSlEifQ 200 in 210ms (next.js: 54ms, proxy.ts: 9ms, application-code: 147ms)
 GET /audit?q=COLL_AUDIT_001 200 in 140ms (next.js: 3ms, proxy.ts: 2ms, application-code: 135ms)
 GET /api/auth/get-session 200 in 165ms (next.js: 20ms, proxy.ts: 9ms, application-code: 135ms)
 GET /api/auth/organization/list 200 in 186ms (next.js: 56ms, proxy.ts: 10ms, application-code: 120ms)
 GET /tasks?q=COLL_TASK_ 200 in 1115ms (next.js: 254ms, proxy.ts: 9ms, application-code: 852ms)
 GET /api/auth/get-session 200 in 49ms (next.js: 10ms, proxy.ts: 8ms, application-code: 31ms)
 GET /api/auth/organization/list 200 in 56ms (next.js: 21ms, proxy.ts: 9ms, application-code: 26ms)
 GET /tasks?q=COLL_TASK_&status=open&cursor=eyJ2IjoxLCJpdiI6IlN0MTVCOUVjM1M2RWtvYTgiLCJ0YWciOiI2NWtaRTdTdFNEcW40N1VHaTYzZHVRIiwiZGF0YSI6ImRyaUlWbDN1S3pxN1BQM3BsNWtwNllOT3RlYWd5WWZTSUdpckJjejdCTzJsQUdMVjBOQl9uMDMwZ1pFWFJVTjdRb0pNSkRucHZRcVlJTmw5U0Zqb19UQ0lqbUhkU1ZQT21jQjJOcWs4bGl4SmRtTWVHMnQ1Wm16OUtWNkxUNjlZRFN6RzlaRjZqY3ZOV1hWZUNwalN4WDk5cng1d01WWGhWQWZla0ZyMm12aS1ILURuMnZjU2VERjFZWDZHNGgtYnRpZ3NrN1ZQLWQ2T29DQkFJYUZlQnlyV0xfSEo2aHZjZlBwbkZsODFyaks3bF9jOHh5ajI3NDZiYTFJUlpBUXcwM3Z1Rzg5TldIQUxHck40bExhbDlSSDlrUW1nWWNRVUgybnRXREFZdkNYcnZubGlnRFM1ZncifQ 200 in 220ms (next.js: 5ms, proxy.ts: 4ms, application-code: 211ms)
 GET /tasks?q=COLL_TASK_001&status=open 200 in 343ms (next.js: 10ms, proxy.ts: 2ms, application-code: 331ms)
 GET /api/auth/get-session 200 in 76ms (next.js: 24ms, proxy.ts: 15ms, application-code: 38ms)
 GET /api/auth/organization/list 200 in 78ms (next.js: 31ms, proxy.ts: 15ms, application-code: 32ms)
 GET /tasks?notice=Commentaire+ajout%C3%A9.&id=ee0e8232-ba19-4aaa-a51f-84bca3a864d6 200 in 118ms (next.js: 3ms, proxy.ts: 2ms, application-code: 113ms)
 POST /tasks?q=COLL_TASK_001&status=open 200 in 166ms (next.js: 7ms, proxy.ts: 4ms, application-code: 154ms)
  └─ ƒ addWorkspaceTaskComment({}) in 20ms src/app/actions.ts
 GET /discussions/tasks/ee0e8232-ba19-4aaa-a51f-84bca3a864d6 200 in 333ms (next.js: 225ms, proxy.ts: 6ms, application-code: 102ms)
 GET /discussions/tasks/ee0e8232-ba19-4aaa-a51f-84bca3a864d6?cursor=eyJ2IjoxLCJpdiI6Ikl2N3BQQVE4RTJ0bm5vdDgiLCJ0YWciOiJOWDg4dW9EelhVbU1qQTBuLVpGVmF3IiwiZGF0YSI6IkE3bHFlSHNpd1hlZ003ZWpMcWE0bkp0VG9yYmlXRFc4aENXTG9fMHZ1VWNLVS1FZW9tSzVKVkFFYVFMaEdUQ1VVX0hDSUdiYkpULWZaa1hFc2hQVjV1YXlhb054Z0JxVXYzR3ktejhFZWdrYWFvSVpRUk1RV2tKZTdGZHBKOXFqRFJHRVNDT25HZlhxWUFRTlVLN3hDREhBdU03ZFc4eUFFTWZmRzNHUko2TzFvM3NMbGlQV0ttXzFibHJCZVRDa09XZEI0Z1llc1dWX1RXX2ZOelZNMkpfUWN0OEZKbGhyS2I2LXFoNXRyUEphdlpCcVU1Wmo1aDV6WTNSeUEweS0zLVRoUExHUzN3bVpmMXFZcndtMktVWVVtcGNhN3JCQmxrOEVFa00ySGZ3QTgtUm5HdDRCbkEifQ 200 in 115ms (next.js: 11ms, proxy.ts: 8ms, application-code: 97ms)
 GET /discussions/tasks/ee0e8232-ba19-4aaa-a51f-84bca3a864d6?q=COLL_MESSAGE_001 200 in 498ms (next.js: 12ms, proxy.ts: 13ms, application-code: 474ms)
 GET /api/auth/get-session 200 in 98ms (next.js: 6ms, proxy.ts: 43ms, application-code: 49ms)
 GET /api/auth/organization/list 200 in 106ms (next.js: 52ms, proxy.ts: 16ms, application-code: 38ms)
 GET /alerts?q=COLL_ALERT_ 200 in 1552ms (next.js: 111ms, proxy.ts: 16ms, application-code: 1426ms)
 GET /api/auth/get-session 200 in 70ms (next.js: 21ms, proxy.ts: 10ms, application-code: 39ms)
 GET /api/auth/organization/list 200 in 76ms (next.js: 35ms, proxy.ts: 9ms, application-code: 31ms)
 GET /alerts?q=COLL_ALERT_&cursor=eyJ2IjoxLCJpdiI6InN2LThMSHRTdUhOQ2ZhZ24iLCJ0YWciOiJPVUw4TnctdlMxakNLMWh1eWpMaDVnIiwiZGF0YSI6IjVtNnl0MUZPZnVJYTItZVpad3ZHanc4LXBpcHVlcnJrejdrS3ZGUy1LSUw1R0c0Q2NJaEFLOFIzSC01a3V1VkZnS0NMSWFEc2t1a082RjF1eWFFa0l3NHFZNVRFazI3QUpxb1RHdTE1aGZ5cXNlTUNsTVBCbExvSW1DS0VicTl0QnFmdzVnY2JWYnhUOHlRNUNNMFJSN1lyWWhYenhTSEFWUnRTSWpXSm85QXRmV2tBaUdZd05GUVZkTTdIdlJpdGFfUVgzT19TUE5GY1k2bE1uQjZ3OXpQQ0Y2NzBsMEVQQXdjT2tqaVlpY3M0azdrRk9tUUoyZ0tvMmNRZ05PRW93T1pIRmpmcXluLWRfaEtEUU5UVTZzZEYyQ2Y3bmFMYkQtTXhlN3BVWTRROUdIbEJLWWxHWXcifQ 200 in 253ms (next.js: 5ms, proxy.ts: 4ms, application-code: 243ms)
 GET /alerts?q=COLL_ALERT_001&status= 200 in 308ms (next.js: 3ms, proxy.ts: 4ms, application-code: 300ms)
 GET /api/auth/get-session 200 in 103ms (next.js: 39ms, proxy.ts: 10ms, application-code: 55ms)
 GET /api/auth/organization/list 200 in 164ms (next.js: 51ms, proxy.ts: 12ms, application-code: 102ms)
 GET /approvals?q=COLL_APPROVAL_ 200 in 775ms (next.js: 122ms, proxy.ts: 8ms, application-code: 644ms)
 GET /api/auth/get-session 200 in 76ms (next.js: 18ms, proxy.ts: 14ms, application-code: 44ms)
 GET /api/auth/organization/list 200 in 79ms (next.js: 24ms, proxy.ts: 17ms, application-code: 38ms)
 GET /approvals?q=COLL_APPROVAL_&cursor=eyJ2IjoxLCJpdiI6ImdUQV9vXzRSQVlURGxuSW4iLCJ0YWciOiJCRUJzS3h4YUg3S0FOaTVOMUs4dFh3IiwiZGF0YSI6IkdpRlRnODlCOXk5dDhqX1d0WS0zbUUtaEFYeUNTbTEydUNjdjFhQzVRdUhYTkZtMXNXaS1pSFJ1N3R2WHhmS1NlWVhnZzZzN0Y4VERKY3NhRll4dmtQdDY5ckpySGhTV0QzY2c1TUFGeHZRRzZoNkJzU2VqQWM5OF9pTy1rVVZXTFZlOVdOSS1ZYzZyemFrcDlxTUNxb0hncVRBSWswa1JHRW9xUjlIZ3Zjd251a3BBekFJLXZyRkxHMGNCYlU1TEJVVkVELVE5d2V1ekxUbXdBeEtuR1RDVXR0YU8zY2dacTNqb0kyR2QzaXE5Q1ZMUkVkZENCY2U2VzkzNThmYmZtTzFkQk1FN29GVkN4NUw2Z25zWm5iQ2FFY1dCclZLSE0yZG45NllreF9zWGt6dFJCOVVaWkEifQ 200 in 183ms (next.js: 5ms, proxy.ts: 4ms, application-code: 174ms)
 GET /approvals?q=COLL_APPROVAL_001&status= 200 in 208ms (next.js: 2.0ms, proxy.ts: 3ms, application-code: 203ms)
 GET /api/auth/get-session 200 in 62ms (next.js: 12ms, proxy.ts: 13ms, application-code: 37ms)
 GET /api/auth/organization/list 200 in 78ms (next.js: 23ms, proxy.ts: 11ms, application-code: 45ms)
 GET /support?q=COLL_SUPPORT_ 200 in 511ms (next.js: 107ms, proxy.ts: 16ms, application-code: 388ms)
 GET /api/auth/get-session 200 in 128ms (next.js: 30ms, proxy.ts: 12ms, application-code: 86ms)
 GET /api/auth/organization/list 200 in 164ms (next.js: 55ms, proxy.ts: 10ms, application-code: 98ms)
 GET /support?q=COLL_SUPPORT_&cursor=eyJ2IjoxLCJpdiI6ImxpZkVYbEthVnJtenJ2TF8iLCJ0YWciOiJXdU1YZnJfNm52QzBCTjg3bGFoSUtBIiwiZGF0YSI6ImlQX01uclc0Z3RyWjd6RHhSak50dFdjTDQyUEJPX2gtU0pHS0tqSXVtTFQzNnk2SnhMdlBIblBPTExTeEFnTGFJbEo2SWhQODA0Y3hjalZIRWdIRzlJV0FOd0R3bThhWTVVbkQ0ZGtSZzJ4YjlrenN2eTdqSF83aDlvNWV5Qm8zbGpUNWVBREhfUkwxc2lyWHp6ZFNjNWNHZ0w3bDJRSGVZbXNMczBHLU5rZF9uX0NjWHRtd0RCMkRma3YxMGZFd1VCd1otbkhJcGVkVjJtVWJ3blVHQ2xnS0lDVkhDVFd6WjZWUGdvcUtuU3c4TllROHVnYnNXeEpvR0NkNDRzeHVDd0NNVTUxbk9XblJxdVhiMy1ZZkNjWE9uZlFfbXE2YzdnZlFJSzJpNWdkWEFSaFlQTEp5N0EifQ 200 in 287ms (next.js: 38ms, proxy.ts: 19ms, application-code: 230ms)
 GET /support?q=COLL_SUPPORT_001&status= 200 in 331ms (next.js: 5ms, proxy.ts: 8ms, application-code: 318ms)
 GET /api/auth/get-session 200 in 222ms (next.js: 19ms, proxy.ts: 32ms, application-code: 171ms)
 GET /api/auth/organization/list 200 in 234ms (next.js: 52ms, proxy.ts: 35ms, application-code: 147ms)
 GET /tasks?cursor=forged 200 in 667ms (next.js: 99ms, proxy.ts: 29ms, application-code: 539ms)
 GET /api/auth/get-session 200 in 204ms (next.js: 49ms, proxy.ts: 9ms, application-code: 146ms)
 GET /api/auth/organization/list 200 in 212ms (next.js: 174ms, proxy.ts: 6ms, application-code: 31ms)
 GET /support?q=COLL_SUPPORT_ 200 in 176ms (next.js: 15ms, proxy.ts: 9ms, application-code: 153ms)
 GET /api/auth/get-session 200 in 415ms (next.js: 96ms, proxy.ts: 55ms, application-code: 264ms)
 GET /api/auth/organization/list 200 in 488ms (next.js: 56ms, proxy.ts: 45ms, application-code: 387ms)
 GET /discussions/support/ce477a55-326e-4648-8672-82379e6f45fa 404 in 658ms (next.js: 101ms, proxy.ts: 29ms, application-code: 527ms)
  ✓  59 [chromium] › e2e/workspace-collections-local.spec.ts:14:53 › workspace collection navigation › searches older records and conversations in fr (17.0s)
 GET /audit?q=COLL_AUDIT_ 200 in 244ms (next.js: 6ms, proxy.ts: 3ms, application-code: 234ms)
 GET /api/auth/get-session 200 in 86ms (next.js: 29ms, proxy.ts: 12ms, application-code: 45ms)
 GET /api/auth/organization/list 200 in 95ms (next.js: 37ms, proxy.ts: 17ms, application-code: 41ms)
 GET /audit?q=COLL_AUDIT_&cursor=eyJ2IjoxLCJpdiI6ImtPZnRGbVFkdTV0dTBuMEsiLCJ0YWciOiJkZUZKOG5LaDVEbWxIS1ZkTnNGYm1BIiwiZGF0YSI6IkJGZlNlTkxKOXI3M2NDRjBPTW9scHhXSHZTNWxWLW80eFM3cVRYY1Jyc2pQUlgwbTJ4M1lmbnBFemd2b18xc1NMLTBBOXV6WXk3dFFYV0NMM3BYbUFFZVNnaURFQXB0a0VDZzgtZ0dXalUzUnpIbFFwbHBrZmJEbVdCVkRERU1kTkpyN2E4MElCVElwVGJmYmV3eDljWVo0bUduM3kxUmhzSUloYWZQbVB5eHNnaVd3VWZpY21YQzNpeDNCU1ZSZHVuME53UmI5MjY4ejNhcVpmQXJSVWR0RTFmSGV6ZFBtMjdiUXBCZ2ctelRLbDhjeHhmNlZPWmItNTUtWmxuTlN3WjdlTkxtN082VjA1eUM5QkZ5czNfa0hwZHdwYjdWNFlzXzhoWmdpZGsxOUVncXV5eEJ2S0EifQ 200 in 751ms (next.js: 26ms, proxy.ts: 25ms, application-code: 700ms)
 POST /audit?q=COLL_AUDIT_ 200 in 860ms (next.js: 16ms, proxy.ts: 15ms, application-code: 829ms)
  └─ ƒ setCookieConsent({}) in 2ms src/app/preferences-actions.ts
 GET /audit?q=COLL_AUDIT_&cursor=eyJ2IjoxLCJpdiI6ImtPZnRGbVFkdTV0dTBuMEsiLCJ0YWciOiJkZUZKOG5LaDVEbWxIS1ZkTnNGYm1BIiwiZGF0YSI6IkJGZlNlTkxKOXI3M2NDRjBPTW9scHhXSHZTNWxWLW80eFM3cVRYY1Jyc2pQUlgwbTJ4M1lmbnBFemd2b18xc1NMLTBBOXV6WXk3dFFYV0NMM3BYbUFFZVNnaURFQXB0a0VDZzgtZ0dXalUzUnpIbFFwbHBrZmJEbVdCVkRERU1kTkpyN2E4MElCVElwVGJmYmV3eDljWVo0bUduM3kxUmhzSUloYWZQbVB5eHNnaVd3VWZpY21YQzNpeDNCU1ZSZHVuME53UmI5MjY4ejNhcVpmQXJSVWR0RTFmSGV6ZFBtMjdiUXBCZ2ctelRLbDhjeHhmNlZPWmItNTUtWmxuTlN3WjdlTkxtN082VjA1eUM5QkZ5czNfa0hwZHdwYjdWNFlzXzhoWmdpZGsxOUVncXV5eEJ2S0EifQ 200 in 516ms (next.js: 35ms, proxy.ts: 51ms, application-code: 430ms)
 GET /audit?q=COLL_AUDIT_001 200 in 219ms (next.js: 4ms, proxy.ts: 3ms, application-code: 211ms)
 GET /api/auth/get-session 200 in 143ms (next.js: 63ms, proxy.ts: 14ms, application-code: 66ms)
 GET /api/auth/organization/list 200 in 150ms (next.js: 72ms, proxy.ts: 14ms, application-code: 64ms)
 GET /tasks?q=COLL_TASK_ 200 in 693ms (next.js: 4ms, proxy.ts: 4ms, application-code: 686ms)
 GET /api/auth/get-session 200 in 119ms (next.js: 51ms, proxy.ts: 20ms, application-code: 48ms)
 GET /api/auth/organization/list 200 in 126ms (next.js: 64ms, proxy.ts: 22ms, application-code: 41ms)
 GET /tasks?q=COLL_TASK_&status=open&cursor=eyJ2IjoxLCJpdiI6InYzeGhEWFFCWmFsQnhyWjMiLCJ0YWciOiJLMEtqYUtkMFd3N0NQN1NwQlIyWGR3IiwiZGF0YSI6InpZU2R4dFhHQk0zbXJZRVl0dFZYU0RnelFTQkw3X1N4WGlMOW94alpEdXpKdXV3cXl4OHF2LVNfOHJsMUh0TTZDOEE4ZmRxR2tCZDFKd2JvOHFveURkbmNiWHBsSHVYVEpVNnZ5ODVJUEIwbzdrVjJCQXlnSHdEOXQyUlRVS2NJYTNIejFlVVdzRGlQeFdsemNWWk10ZlVMNWVIT2JGY1dyUDBmbVM4bWJPREN3eWJtX0NuZDZwVjR3Z0doVG5FQzVhRWpvYTdDU3pIb0JDd0wxaXRJUGE0MjNvNmVlVS1JX3pCbmJKdUNCTXpZM1NjaDZ4c001Yk1vXzliV1VMa1lyRzczbW5MVy01QlIzWmY4Ry1fNG53aUpmSTJPMWJUT2kyWVpfNDJUdFplem5iVUlObGU0cFEifQ 200 in 355ms (next.js: 20ms, proxy.ts: 15ms, application-code: 319ms)
 GET /tasks?q=COLL_TASK_001&status=open 200 in 204ms (next.js: 2ms, proxy.ts: 4ms, application-code: 197ms)
 GET /api/auth/get-session 200 in 20ms (next.js: 8ms, proxy.ts: 3ms, application-code: 10ms)
 GET /api/auth/organization/list 200 in 22ms (next.js: 3ms, proxy.ts: 8ms, application-code: 12ms)
 GET /tasks?notice=Commentaire+ajout%C3%A9.&id=472123f1-eeee-4695-be95-d975f55d527a 200 in 118ms (next.js: 4ms, proxy.ts: 6ms, application-code: 108ms)
 POST /tasks?q=COLL_TASK_001&status=open 200 in 153ms (next.js: 7ms, proxy.ts: 3ms, application-code: 143ms)
  └─ ƒ addWorkspaceTaskComment({}) in 14ms src/app/actions.ts
 GET /discussions/tasks/472123f1-eeee-4695-be95-d975f55d527a 200 in 84ms (next.js: 17ms, proxy.ts: 3ms, application-code: 64ms)
 GET /discussions/tasks/472123f1-eeee-4695-be95-d975f55d527a?cursor=eyJ2IjoxLCJpdiI6Im1MQ3I2RVNHWUZ2Zkp1aVciLCJ0YWciOiJ0czRtQ3YxckFSVlNCYnJiVm8yV1hnIiwiZGF0YSI6IlNQNTdLM2xPU0x0YkhqM2VXU2RrVFBuMnM0NF9wNlN1ME9WQ3dsdXBGd2gwaXFQcElSVlZvRjNHSWVSMzdTaVVYcmVnUER2c0NoWFA5WWExYjBxUUstNjZjSFJLaDVZb3doNTl3MzZMcUZLYzJQZFlzcldKSHBCNmtRX2o2V1JBQkg2WmwzMEtQYkFwQ1kyQl9wWHh3Mk14dVYtYVBxelhMbGEwTko5OFBQaHliT014QTZ4SHhQV2hTWmZmVTJfUkl0dmdNcVFzbDVfdFFjdlVrU3VuYmp5WkhqajJlYXhBNHd2Vkp5UW5PUTh1MlN3UTV2WnRuUHZwclZZcmJGTDNsZzBhS3hHLU9pRk5KX1MwSnBYNGNjemUxOVptd05UcE9hcGFXNmhPUnNmNF9ZN3Z0c18yTUEifQ 200 in 72ms (next.js: 6ms, proxy.ts: 5ms, application-code: 61ms)
 GET /discussions/tasks/472123f1-eeee-4695-be95-d975f55d527a?q=COLL_MESSAGE_001 200 in 224ms (next.js: 7ms, proxy.ts: 8ms, application-code: 209ms)
 GET /api/auth/get-session 200 in 47ms (next.js: 14ms, proxy.ts: 9ms, application-code: 24ms)
 GET /api/auth/organization/list 200 in 49ms (next.js: 20ms, proxy.ts: 8ms, application-code: 22ms)
 GET /alerts?q=COLL_ALERT_ 200 in 744ms (next.js: 11ms, proxy.ts: 5ms, application-code: 729ms)
 GET /api/auth/get-session 200 in 67ms (next.js: 11ms, proxy.ts: 27ms, application-code: 28ms)
 GET /api/auth/organization/list 200 in 72ms (next.js: 20ms, proxy.ts: 28ms, application-code: 23ms)
 GET /alerts?q=COLL_ALERT_&cursor=eyJ2IjoxLCJpdiI6Il90a2hFYWFESl9WOERhTlUiLCJ0YWciOiJ0WWF2alJYUVZ5M3lCc1ZlVm1RWlp3IiwiZGF0YSI6Ikt2a3dPZU5FQkR3V3hIYlNlQVRSNEVJVF9ZWklLS2ZZYlpZbGdrc3lPQVZPenFIRmZtX2hBbzhJZzZ6LWJjOUhIU19PRnRyYUx1TXdXaFV4NmRJSzVhOW01SWZLQks1MGJNS20xWXlmWG1GZkJ4ZHllSkwyVXUyM0JJektCMnZDeDhBN0pqVFRESE5WeEpILTBfVU42dGh0WXlDem5nc2VENnZBTXpRNHgwSzZvSkVsMGg0R1RmZXVNaEQ1bjdfeFZqdjIwQTdPZXBIaTJ3ZDFvcVhrd3RLdGswYVFNQVB2ejAxTFZWMjhDcVBvTUdfOFJNdUpUOTl4Y1FuYmNFbU5CS1RNbTRmOGx2UzdCQmhDaml4X3AySnVldGl3ZmtUQ1JQamZwSV9USlhRQTFtX1llRGpOOVEifQ 200 in 252ms (next.js: 4ms, proxy.ts: 7ms, application-code: 241ms)
 GET /alerts?q=COLL_ALERT_001&status= 200 in 224ms (next.js: 3ms, proxy.ts: 3ms, application-code: 217ms)
 GET /api/auth/get-session 200 in 561ms (next.js: 11ms, proxy.ts: 8ms, application-code: 541ms)
 GET /api/auth/organization/list 200 in 600ms (next.js: 16ms, proxy.ts: 9ms, application-code: 576ms)
 GET /approvals?q=COLL_APPROVAL_ 200 in 890ms (next.js: 8ms, proxy.ts: 11ms, application-code: 871ms)
 GET /api/auth/get-session 200 in 83ms (next.js: 15ms, proxy.ts: 23ms, application-code: 45ms)
 GET /api/auth/organization/list 200 in 93ms (next.js: 33ms, proxy.ts: 24ms, application-code: 36ms)
 GET /approvals?q=COLL_APPROVAL_&cursor=eyJ2IjoxLCJpdiI6IjZ2cUZQblVPYUZndk05X2siLCJ0YWciOiIyTHRlSEh1X1dpcDlUN1NJX3RSTDRBIiwiZGF0YSI6IlZHSFRIMVE1WHB5UUc4UlowWmV3b1lERjdvSGZkazF6VzR4RzR0N0NYSUpwdy15c1pwS2xwOElZdHo1enpfNlRFcDhhQnFHNWtJckUwUGhFNkFBS3lmOVlpU0pkR3lVTUdNckptRENmM29mSDFkeDZBT19uNkN4LTM4S0JIZGFHY3dOZEV3Q0pWaVYwanhCeUQ1ZzF0ZjJmcnNWZ1RJbW5ETk9ueFYtZWMtN2FKWFBjYWpTNWpEa080RVBnbUxlT1pnZ056ekZYd2NZWGhQY1NwU2N1N25uV0lqNDdzajFpelRIMmd2UVJYTmkyOHBNTFpSODRiSkFCZ0kxQVFXTW5Jc0paU2tyZlVob0N1SnRLXzNFQ1FhZUJsd3dHTktrNjBrVEMwX0V6LWJ6QXd3d01GdmlMc2cifQ 200 in 321ms (next.js: 6ms, proxy.ts: 3ms, application-code: 312ms)
 GET /approvals?q=COLL_APPROVAL_001&status= 200 in 162ms (next.js: 2ms, proxy.ts: 3ms, application-code: 157ms)
 GET /api/auth/get-session 200 in 266ms (next.js: 207ms, proxy.ts: 24ms, application-code: 35ms)
 GET /api/auth/organization/list 200 in 267ms (next.js: 211ms, proxy.ts: 23ms, application-code: 33ms)
 GET /support?q=COLL_SUPPORT_ 200 in 498ms (next.js: 4ms, proxy.ts: 4ms, application-code: 490ms)
 GET /api/auth/get-session 200 in 39ms (next.js: 6ms, proxy.ts: 7ms, application-code: 27ms)
 GET /api/auth/organization/list 200 in 46ms (next.js: 9ms, proxy.ts: 7ms, application-code: 30ms)
 GET /support?q=COLL_SUPPORT_&cursor=eyJ2IjoxLCJpdiI6ImhiOFdkUEJ4V0dUejRMZGUiLCJ0YWciOiJtMk8xd2xCRGJNYzA0S0RoSEZldE1BIiwiZGF0YSI6IldZbmVEYnFtSkpZYk9ERVNOSzRoWFpjY2d5R3lfUUFhOTZ5ZnBiY01pWmVDcXZ6OVE1UzJzU2JZZ1ZGQ19ISGFtbnh6SjZQVUd4c0F3dFdTbGhpSDdJUUZYSmhPS0JRdUlWdkRQZDlna185VVhaU3Z4TjhGTEkyTEZJYTdVZXBiekdIRDM0VEJkN0dIRE9QY0hTdVlEYmNOc2hxSVk2QnZkbi1ZS05mYV8xeG4wZ1ptT0EtNXRFdkJhUHRDenlUc3hPODRLVGxiUXA2dloxeFpHQlA3NTNfSWxmZGdjc2lfdF9IVDNfcG93TTRtQ0ljZ2pGQ1lHX3JRcVdlWVpPc1p2RXhnQWp4UkxxdmZaSFcxTWpRb1Q3eHRib01XNVRPcXV3emZfUmJuUHhCS0tJNWFOY29xUEEifQ 200 in 98ms (next.js: 5ms, proxy.ts: 4ms, application-code: 90ms)
 GET /support?q=COLL_SUPPORT_001&status= 200 in 193ms (next.js: 3ms, proxy.ts: 3ms, application-code: 187ms)
 GET /api/auth/get-session 200 in 49ms (next.js: 13ms, proxy.ts: 6ms, application-code: 30ms)
 GET /api/auth/organization/list 200 in 65ms (next.js: 22ms, proxy.ts: 6ms, application-code: 38ms)
 GET /tasks?cursor=forged 200 in 207ms (next.js: 6ms, proxy.ts: 3ms, application-code: 198ms)
 GET /api/auth/get-session 200 in 81ms (next.js: 12ms, proxy.ts: 7ms, application-code: 62ms)
 GET /api/auth/organization/list 200 in 89ms (next.js: 24ms, proxy.ts: 7ms, application-code: 58ms)
 GET /support?q=COLL_SUPPORT_ 200 in 139ms (next.js: 3ms, proxy.ts: 5ms, application-code: 131ms)
 GET /api/auth/get-session 200 in 168ms (next.js: 51ms, proxy.ts: 66ms, application-code: 51ms)
 GET /api/auth/organization/list 200 in 180ms (next.js: 59ms, proxy.ts: 45ms, application-code: 76ms)
 GET /discussions/support/cf611f80-93ce-411a-928f-9056da0f2de4 404 in 267ms (next.js: 9ms, proxy.ts: 3ms, application-code: 254ms)
  ✓  60 [chromium] › e2e/workspace-collections-local.spec.ts:14:53 › workspace collection navigation › searches older records and conversations in en (12.4s)

  60 passed (4.3m)
{"ok":true,"cleaned":"local-browser-fixtures"}
