
> @yodev/ads@0.1.0 test:e2e:local
> node scripts/verify-local-browser.mjs

{"ok":true,"fixtureRoles":["owner","admin","strategist","analyst","client"],"foreignExportId":"80000000-0000-4000-8000-000000000003"}

> @yodev/ads@0.1.0 dev
> next dev --hostname 127.0.0.1 --port 3017

▲ Next.js 16.3.0 (Turbopack)
- Local:         http://127.0.0.1:3017
- Network:       http://127.0.0.1:3017
- Environments: .env.local
✓ Ready in 291ms
✓ Running next.config.ts took 345ms
- Experiments (use with caution):
  · clientTraceMetadata

 GET /sign-in 200 in 1608ms (next.js: 1171ms, proxy.ts: 149ms, application-code: 287ms)
 POST /api/auth/sign-in/email 200 in 988ms (next.js: 822ms, proxy.ts: 3ms, application-code: 163ms)
 POST /api/auth/sign-in/email 200 in 82ms (next.js: 3ms, proxy.ts: 2ms, application-code: 76ms)
 POST /api/auth/sign-in/email 200 in 78ms (next.js: 2ms, proxy.ts: 2ms, application-code: 73ms)
 POST /api/auth/sign-in/email 200 in 80ms (next.js: 2.0ms, proxy.ts: 3ms, application-code: 75ms)
 POST /api/auth/sign-in/email 200 in 77ms (next.js: 2ms, proxy.ts: 2ms, application-code: 72ms)
 GET /dashboard 200 in 521ms (next.js: 200ms, proxy.ts: 2ms, application-code: 319ms)
 GET /settings 200 in 219ms (next.js: 28ms, proxy.ts: 2ms, application-code: 188ms)
 GET /billing 200 in 157ms (next.js: 12ms, proxy.ts: 2ms, application-code: 143ms)
 GET /support 200 in 146ms (next.js: 14ms, proxy.ts: 2ms, application-code: 130ms)
 GET /accounts 200 in 116ms (next.js: 12ms, proxy.ts: 2ms, application-code: 102ms)
 GET /history 200 in 115ms (next.js: 13ms, proxy.ts: 1.8ms, application-code: 101ms)
 GET /alerts 200 in 131ms (next.js: 18ms, proxy.ts: 1.7ms, application-code: 111ms)
 GET /tasks 200 in 144ms (next.js: 19ms, proxy.ts: 1.6ms, application-code: 124ms)
 GET /approvals 200 in 120ms (next.js: 21ms, proxy.ts: 1.8ms, application-code: 97ms)
 GET /reports 200 in 183ms (next.js: 18ms, proxy.ts: 1.8ms, application-code: 162ms)
 GET /audit 200 in 139ms (next.js: 25ms, proxy.ts: 1.9ms, application-code: 112ms)
 GET /agents 200 in 172ms (next.js: 17ms, proxy.ts: 1.7ms, application-code: 153ms)
 GET / 200 in 93ms (next.js: 17ms, proxy.ts: 1.8ms, application-code: 75ms)
 GET /privacy 200 in 48ms (next.js: 12ms, proxy.ts: 1.7ms, application-code: 34ms)
 GET /terms 200 in 43ms (next.js: 11ms, proxy.ts: 1.7ms, application-code: 31ms)
 GET /subprocessors 200 in 105ms (next.js: 41ms, proxy.ts: 1.9ms, application-code: 61ms)
 GET /status 200 in 106ms (next.js: 35ms, proxy.ts: 1.8ms, application-code: 69ms)
 GET /sign-in 200 in 34ms (next.js: 4ms, proxy.ts: 2.0ms, application-code: 29ms)
 GET /sign-up 200 in 351ms (next.js: 316ms, proxy.ts: 1.7ms, application-code: 33ms)
Local browser states ready in /var/folders/9h/sbxl7zl90j9_wc743xft5j8h0000gn/T/yodev-ads-browser-xHeZdG

Running 51 tests using 1 worker

 GET /sign-in 200 in 142ms (next.js: 98ms, proxy.ts: 8ms, application-code: 36ms)
(node:36506) Warning: The 'NO_COLOR' env is ignored due to the 'FORCE_COLOR' env being set.
(Use `node --trace-warnings ...` to show where the warning was created)
 GET /icon?a62dacc6b033a714 200 in 273ms (next.js: 167ms, proxy.ts: 3ms, application-code: 103ms)
 GET /operations 200 in 241ms (next.js: 17ms, proxy.ts: 2ms, application-code: 222ms)
 GET /api/auth/get-session 200 in 23ms (next.js: 5ms, proxy.ts: 3ms, application-code: 15ms)
 GET /api/auth/organization/list 200 in 26ms (next.js: 10ms, proxy.ts: 3ms, application-code: 13ms)
  ✓   1 [chromium] › e2e/activation-local.spec.ts:6:7 › operations counts published reports and excludes legacy or future activation (826ms)
 GET /insights?client=80000000-0000-4000-8000-000000000091 200 in 392ms (next.js: 34ms, proxy.ts: 2.0ms, application-code: 356ms)
 GET /api/auth/get-session 200 in 32ms (next.js: 5ms, proxy.ts: 3ms, application-code: 24ms)
 GET /api/auth/organization/list 200 in 34ms (next.js: 9ms, proxy.ts: 3ms, application-code: 22ms)
 POST /insights?client=80000000-0000-4000-8000-000000000091 200 in 172ms (next.js: 3ms, proxy.ts: 6ms, application-code: 164ms)
  └─ ƒ setCookieConsent({}) in 2ms src/app/preferences-actions.ts
 GET /insights/devices?client=80000000-0000-4000-8000-000000000091 200 in 780ms (next.js: 478ms, proxy.ts: 10ms, application-code: 292ms)
 GET /insights/devices?client=80000000-0000-4000-8000-000000000091 200 in 260ms (next.js: 27ms, proxy.ts: 10ms, application-code: 223ms)
 GET /insights/devices?client=80000000-0000-4000-8000-000000000091&cursor=eyJ2IjoxLCJpdiI6IlN6YV9VZ2x4d0hmNXhIcS0iLCJ0YWciOiJkcEZtTGxidEE4X0xUXzRaTWJNczVBIiwiZGF0YSI6Im9teHZ0N09HTmRDdlBxdGRTYndZMXd3QU9NMVRhOUhXUmk1dGFLTEllMGVPRWwtU3NLZVNKUmNhZjIyaFdzQkJpcVl3bjRHLTRZYWc0WENKc0F2T0lzT3h1dzdSejZqOFZweXJLWEVoWmpoTDB4bkJUc2dWT1ZCYnpWSHB4aTVZN2xUQ244Q2xQM0FleExmbGg4NEtnTGVqVHBVQVpiWTEteGt1d3E1VmI3c0JOU2FXd3lyWXV3V21zOUtxeHBlX2pmaloxNFBQbE54WFEySG8wZEtGeWxPS2l5V0ZqOEs5b2xtTkl0YjFmdzFwd2dPUmNXVVRoeTFicklvdWdPaE9TYlh0ZW42RzMyOFMifQ 200 in 103ms (next.js: 3ms, proxy.ts: 3ms, application-code: 97ms)
 GET /insights/devices?client=80000000-0000-4000-8000-000000000091&q=%25_ 200 in 151ms (next.js: 5ms, proxy.ts: 3ms, application-code: 143ms)
 GET /api/auth/get-session 200 in 32ms (next.js: 7ms, proxy.ts: 4ms, application-code: 21ms)
 GET /api/auth/organization/list 200 in 34ms (next.js: 13ms, proxy.ts: 5ms, application-code: 17ms)
 GET /insights/devices/export?client=80000000-0000-4000-8000-000000000091&version=1f40261c-a688-488c-872d-49f372c49bac 200 in 709ms (next.js: 677ms, proxy.ts: 4ms, application-code: 28ms)
 GET /insights/devices?client=80000000-0000-4000-8000-000000000091&cursor=eyJ2IjoxLCJpdiI6IlN6YV9VZ2x4d0hmNXhIcS0iLCJ0YWciOiJkcEZtTGxidEE4X0xUXzRaTWJNczVBIiwiZGF0YSI6Im9teHZ0N09HTmRDdlBxdGRTYndZMXd3QU9NMVRhOUhXUmk1dGFLTEllMGVPRWwtU3NLZVNKUmNhZjIyaFdzQkJpcVl3bjRHLTRZYWc0WENKc0F2T0lzT3h1dzdSejZqOFZweXJLWEVoWmpoTDB4bkJUc2dWT1ZCYnpWSHB4aTVZN2xUQ244Q2xQM0FleExmbGg4NEtnTGVqVHBVQVpiWTEteGt1d3E1VmI3c0JOU2FXd3lyWXV3V21zOUtxeHBlX2pmaloxNFBQbE54WFEySG8wZEtGeWxPS2l5V0ZqOEs5b2xtTkl0YjFmdzFwd2dPUmNXVVRoeTFicklvdWdPaE9TYlh0ZW42RzMyOFMifQ 200 in 127ms (next.js: 4ms, proxy.ts: 1.8ms, application-code: 122ms)
 GET /api/auth/get-session 200 in 32ms (next.js: 9ms, proxy.ts: 5ms, application-code: 18ms)
 GET /api/auth/organization/list 200 in 33ms (next.js: 12ms, proxy.ts: 4ms, application-code: 18ms)
 GET /insights/devices/export?client=80000000-0000-4000-8000-000000000091&version=1f40261c-a688-488c-872d-49f372c49bac 409 in 23ms (next.js: 6ms, proxy.ts: 4ms, application-code: 14ms)
 GET /insights/devices?client=80000000-0000-4000-8000-000000000091&cursor=forged 200 in 137ms (next.js: 4ms, proxy.ts: 2ms, application-code: 131ms)
 GET /api/auth/get-session 200 in 74ms (next.js: 8ms, proxy.ts: 5ms, application-code: 61ms)
 GET /api/auth/organization/list 200 in 82ms (next.js: 16ms, proxy.ts: 6ms, application-code: 60ms)
 GET /insights/devices?client=80000000-0000-4000-8000-000000000099 404 in 225ms (next.js: 19ms, proxy.ts: 7ms, application-code: 199ms)
 GET /insights/devices/export?client=80000000-0000-4000-8000-000000000099&version=1f40261c-a688-488c-872d-49f372c49bac 404 in 21ms (next.js: 3ms, proxy.ts: 5ms, application-code: 12ms)
 GET /insights/devices/export?client=80000000-0000-4000-8000-000000000091&version=1f40261c-a688-488c-872d-49f372c49bac 403 in 14ms (next.js: 4ms, proxy.ts: 3ms, application-code: 7ms)
  ✓   2 [chromium] › e2e/analytical-pages-local.spec.ts:15:53 › complete analytical collections › browses, searches and exports all stored rows in fr (4.4s)
 GET /insights?client=80000000-0000-4000-8000-000000000091 200 in 343ms (next.js: 2.0ms, proxy.ts: 2ms, application-code: 339ms)
 GET /api/auth/get-session 200 in 18ms (next.js: 5ms, proxy.ts: 3ms, application-code: 10ms)
 GET /api/auth/organization/list 200 in 20ms (next.js: 8ms, proxy.ts: 3ms, application-code: 9ms)
 POST /insights?client=80000000-0000-4000-8000-000000000091 200 in 240ms (next.js: 2ms, proxy.ts: 3ms, application-code: 234ms)
  └─ ƒ setCookieConsent({}) in 2ms src/app/preferences-actions.ts
 GET /insights/devices?client=80000000-0000-4000-8000-000000000091 200 in 187ms (next.js: 8ms, proxy.ts: 17ms, application-code: 162ms)
 GET /insights/devices?client=80000000-0000-4000-8000-000000000091&cursor=eyJ2IjoxLCJpdiI6Ii1EUmdNS0hZV01SRV9mbzUiLCJ0YWciOiJQdUhibjRTd0d4SUVsRHY0aVVoRzVnIiwiZGF0YSI6ImJrYmZnTGU0VjJKQUtnM3FvR2xYT1JmUHdUN0tEREpCbGRwV1FXR0QtbnRSYWhaMGh3bUtuQkVLZWVsUFRxWk1lTjJ6b2UwVGs4SUd0YklOYm9yVldoVXBOQXYyNWNMWmQ4WDdQQVEtMGE5UUJ1VVlYdExXZEE2d3YwaGdYZ2hzLVMxQkplMEkzdE9sa1UzWkJJLUlwaWpqMGJ4M2M0N1N5S1k4Q1ItSGVsUXlyckxkY3FZaTdUREF3d1ZRSFpxXzJkMmFheE9aNkRmckx3ZWN2LW5oNWJOVWFHSEUxR01IWVdOS2d6Zm82OXg2X29YM0tGeXQwczhONjZKdFAxRHBTQzZQSzVadFRjWXAifQ 200 in 125ms (next.js: 6ms, proxy.ts: 7ms, application-code: 112ms)
 GET /insights/devices?client=80000000-0000-4000-8000-000000000091&q=%25_ 200 in 147ms (next.js: 4ms, proxy.ts: 4ms, application-code: 139ms)
 GET /api/auth/get-session 200 in 24ms (next.js: 5ms, proxy.ts: 3ms, application-code: 16ms)
 GET /api/auth/organization/list 200 in 27ms (next.js: 10ms, proxy.ts: 3ms, application-code: 14ms)
 GET /insights/devices/export?client=80000000-0000-4000-8000-000000000091&version=dbcf5c90-d829-4c15-b26c-a1763a30d1a4 200 in 21ms (next.js: 4ms, proxy.ts: 1.9ms, application-code: 15ms)
 GET /insights/devices?client=80000000-0000-4000-8000-000000000091&cursor=eyJ2IjoxLCJpdiI6Ii1EUmdNS0hZV01SRV9mbzUiLCJ0YWciOiJQdUhibjRTd0d4SUVsRHY0aVVoRzVnIiwiZGF0YSI6ImJrYmZnTGU0VjJKQUtnM3FvR2xYT1JmUHdUN0tEREpCbGRwV1FXR0QtbnRSYWhaMGh3bUtuQkVLZWVsUFRxWk1lTjJ6b2UwVGs4SUd0YklOYm9yVldoVXBOQXYyNWNMWmQ4WDdQQVEtMGE5UUJ1VVlYdExXZEE2d3YwaGdYZ2hzLVMxQkplMEkzdE9sa1UzWkJJLUlwaWpqMGJ4M2M0N1N5S1k4Q1ItSGVsUXlyckxkY3FZaTdUREF3d1ZRSFpxXzJkMmFheE9aNkRmckx3ZWN2LW5oNWJOVWFHSEUxR01IWVdOS2d6Zm82OXg2X29YM0tGeXQwczhONjZKdFAxRHBTQzZQSzVadFRjWXAifQ 200 in 125ms (next.js: 3ms, proxy.ts: 2ms, application-code: 120ms)
 GET /api/auth/get-session 200 in 34ms (next.js: 12ms, proxy.ts: 10ms, application-code: 13ms)
 GET /insights/devices/export?client=80000000-0000-4000-8000-000000000091&version=dbcf5c90-d829-4c15-b26c-a1763a30d1a4 409 in 43ms (next.js: 6ms, proxy.ts: 3ms, application-code: 34ms)
 GET /api/auth/organization/list 200 in 40ms (next.js: 16ms, proxy.ts: 11ms, application-code: 13ms)
 GET /insights/devices?client=80000000-0000-4000-8000-000000000091&cursor=forged 200 in 160ms (next.js: 7ms, proxy.ts: 3ms, application-code: 150ms)
 GET /api/auth/get-session 200 in 89ms (next.js: 49ms, proxy.ts: 9ms, application-code: 31ms)
 GET /api/auth/organization/list 200 in 93ms (next.js: 51ms, proxy.ts: 9ms, application-code: 33ms)
 GET /insights/devices?client=80000000-0000-4000-8000-000000000099 404 in 149ms (next.js: 3ms, proxy.ts: 3ms, application-code: 143ms)
 GET /insights/devices/export?client=80000000-0000-4000-8000-000000000099&version=dbcf5c90-d829-4c15-b26c-a1763a30d1a4 404 in 18ms (next.js: 6ms, proxy.ts: 3ms, application-code: 9ms)
 GET /insights/devices/export?client=80000000-0000-4000-8000-000000000091&version=dbcf5c90-d829-4c15-b26c-a1763a30d1a4 403 in 10ms (next.js: 3ms, proxy.ts: 2ms, application-code: 5ms)
  ✓   3 [chromium] › e2e/analytical-pages-local.spec.ts:15:53 › complete analytical collections › browses, searches and exports all stored rows in en (2.7s)
 GET /account 307 in 77ms (next.js: 32ms, proxy.ts: 3ms, application-code: 43ms)
 GET /sign-in?returnTo=%2Faccount 200 in 34ms (next.js: 3ms, proxy.ts: 1.7ms, application-code: 29ms)
 GET /account 200 in 74ms (next.js: 3ms, proxy.ts: 6ms, application-code: 65ms)
 GET /api/auth/get-session 200 in 25ms (next.js: 7ms, proxy.ts: 4ms, application-code: 14ms)
 GET /api/auth/organization/list 200 in 25ms (next.js: 10ms, proxy.ts: 4ms, application-code: 11ms)
 GET /api/auth/passkey/list-user-passkeys 200 in 26ms (next.js: 11ms, proxy.ts: 4ms, application-code: 10ms)
 GET /account 200 in 53ms (next.js: 1.9ms, proxy.ts: 3ms, application-code: 48ms)
 GET /api/auth/get-session 200 in 23ms (next.js: 6ms, proxy.ts: 5ms, application-code: 12ms)
 GET /api/auth/passkey/list-user-passkeys 200 in 24ms (next.js: 11ms, proxy.ts: 5ms, application-code: 9ms)
 GET /api/auth/organization/list 200 in 26ms (next.js: 8ms, proxy.ts: 5ms, application-code: 13ms)
 GET /account 200 in 44ms (next.js: 2ms, proxy.ts: 2ms, application-code: 40ms)
 GET /api/auth/get-session 200 in 26ms (next.js: 7ms, proxy.ts: 5ms, application-code: 14ms)
 GET /api/auth/passkey/list-user-passkeys 200 in 31ms (next.js: 12ms, proxy.ts: 6ms, application-code: 13ms)
 GET /api/auth/organization/list 200 in 35ms (next.js: 10ms, proxy.ts: 5ms, application-code: 20ms)
 GET /account 200 in 37ms (next.js: 1.8ms, proxy.ts: 2ms, application-code: 33ms)
 GET /api/auth/get-session 200 in 21ms (next.js: 6ms, proxy.ts: 3ms, application-code: 13ms)
 GET /api/auth/organization/list 200 in 23ms (next.js: 9ms, proxy.ts: 3ms, application-code: 11ms)
 GET /api/auth/passkey/list-user-passkeys 200 in 15ms (next.js: 5ms, proxy.ts: 5ms, application-code: 5ms)
 GET /account 200 in 43ms (next.js: 1.7ms, proxy.ts: 1.9ms, application-code: 40ms)
 GET /api/auth/get-session 200 in 27ms (next.js: 7ms, proxy.ts: 3ms, application-code: 17ms)
 GET /api/auth/organization/list 200 in 33ms (next.js: 16ms, proxy.ts: 3ms, application-code: 14ms)
 GET /api/auth/passkey/list-user-passkeys 200 in 29ms (next.js: 6ms, proxy.ts: 17ms, application-code: 6ms)
  ✓   4 [chromium] › e2e/auth-lifecycle-local.spec.ts:58:7 › personal account security is available to all five workspace roles (2.0s)
 GET /sign-up 200 in 34ms (next.js: 5ms, proxy.ts: 3ms, application-code: 26ms)
 POST /api/auth/sign-up/email 200 in 95ms (next.js: 5ms, proxy.ts: 3ms, application-code: 87ms)
 GET /api/auth/get-session 200 in 8ms (next.js: 2ms, proxy.ts: 1.9ms, application-code: 4ms)
 GET /sign-in 200 in 30ms (next.js: 3ms, proxy.ts: 1.4ms, application-code: 25ms)
 POST /api/auth/sign-in/email 403 in 109ms (next.js: 6ms, proxy.ts: 4ms, application-code: 100ms)
 GET /api/auth/get-session 200 in 10ms (next.js: 2ms, proxy.ts: 3ms, application-code: 5ms)
 GET /api/auth/verify-email?token=[REDACTED]&callbackURL=%2Fdashboard 302 in 13ms (next.js: 4ms, proxy.ts: 1.8ms, application-code: 7ms)
 GET /dashboard 307 in 49ms (next.js: 3ms, proxy.ts: 1.5ms, application-code: 44ms)
 GET /sign-in 200 in 39ms (next.js: 5ms, proxy.ts: 3ms, application-code: 32ms)
 GET /sign-in 200 in 44ms (next.js: 5ms, proxy.ts: 7ms, application-code: 32ms)
 POST /api/auth/sign-in/email 200 in 95ms (next.js: 3ms, proxy.ts: 5ms, application-code: 87ms)
 GET /dashboard 307 in 55ms (next.js: 1.8ms, proxy.ts: 3ms, application-code: 50ms)
 GET /onboarding 200 in 71ms (next.js: 24ms, proxy.ts: 2ms, application-code: 45ms)
 GET /settings 200 in 90ms (next.js: 3ms, proxy.ts: 1.8ms, application-code: 84ms)
 POST /onboarding 200 in 115ms (next.js: 1.7ms, proxy.ts: 2ms, application-code: 111ms)
  └─ ƒ createWorkspace({}) in 12ms src/app/onboarding/actions.ts
 GET /api/auth/get-session 200 in 32ms (next.js: 12ms, proxy.ts: 4ms, application-code: 17ms)
 GET /api/auth/organization/list 200 in 35ms (next.js: 5ms, proxy.ts: 4ms, application-code: 26ms)
 GET /api/auth/get-session 200 in 26ms (next.js: 10ms, proxy.ts: 10ms, application-code: 6ms)
 GET /sign-in 200 in 34ms (next.js: 3ms, proxy.ts: 2ms, application-code: 28ms)
 POST /api/auth/sign-in/magic-link 200 in 23ms (next.js: 4ms, proxy.ts: 3ms, application-code: 17ms)
 GET /api/auth/magic-link/verify?token=[REDACTED]&callbackURL=%2Fdashboard&errorCallbackURL=http%3A%2F%2Flocalhost%3A3017%2Fsign-in 302 in 16ms (next.js: 2ms, proxy.ts: 2ms, application-code: 11ms)
 GET /dashboard 200 in 111ms (next.js: 1.9ms, proxy.ts: 1.6ms, application-code: 108ms)
 GET /api/auth/get-session 200 in 13ms (next.js: 4ms, proxy.ts: 3ms, application-code: 6ms)
 GET /api/auth/get-session 200 in 27ms (next.js: 6ms, proxy.ts: 11ms, application-code: 10ms)
 GET /api/auth/organization/list 200 in 31ms (next.js: 9ms, proxy.ts: 10ms, application-code: 13ms)
 GET /api/auth/magic-link/verify?token=[REDACTED]&callbackURL=%2Fdashboard&errorCallbackURL=http%3A%2F%2Flocalhost%3A3017%2Fsign-in 302 in 30ms (next.js: 13ms, proxy.ts: 3ms, application-code: 14ms)
 GET /sign-in?error=INVALID_TOKEN 200 in 33ms (next.js: 3ms, proxy.ts: 1.9ms, application-code: 28ms)
 GET /api/auth/get-session 200 in 13ms (next.js: 2ms, proxy.ts: 3ms, application-code: 7ms)
 GET /forgot-password 200 in 53ms (next.js: 13ms, proxy.ts: 2ms, application-code: 38ms)
 POST /api/auth/request-password-reset 200 in 15ms (next.js: 3ms, proxy.ts: 3ms, application-code: 10ms)
 GET /api/auth/reset-password/[REDACTED]?callbackURL=%2Freset-password 302 in 12ms (next.js: 4ms, proxy.ts: 2ms, application-code: 7ms)
 GET /reset-password?token=[REDACTED] 200 in 46ms (next.js: 15ms, proxy.ts: 1.7ms, application-code: 29ms)
 POST /api/auth/reset-password 200 in 80ms (next.js: 2ms, proxy.ts: 3ms, application-code: 75ms)
 GET /api/auth/get-session 200 in 10ms (next.js: 2ms, proxy.ts: 1.8ms, application-code: 6ms)
 GET /api/auth/get-session 200 in 8ms (next.js: 2.0ms, proxy.ts: 1.8ms, application-code: 4ms)
 GET /api/auth/reset-password/[REDACTED]?callbackURL=%2Freset-password 302 in 9ms (next.js: 2ms, proxy.ts: 1.6ms, application-code: 6ms)
 GET /reset-password?error=INVALID_TOKEN 200 in 29ms (next.js: 1.7ms, proxy.ts: 1.8ms, application-code: 25ms)
 GET /sign-in 200 in 40ms (next.js: 5ms, proxy.ts: 3ms, application-code: 31ms)
2026-09-07T06:49:55.122Z WARN [Better Auth]: Invalid password
 POST /api/auth/sign-in/email 401 in 84ms (next.js: 4ms, proxy.ts: 3ms, application-code: 78ms)
 GET /api/auth/get-session 200 in 9ms (next.js: 2ms, proxy.ts: 1.8ms, application-code: 5ms)
 GET /sign-in 200 in 39ms (next.js: 4ms, proxy.ts: 1.6ms, application-code: 33ms)
 POST /api/auth/sign-in/email 200 in 85ms (next.js: 2ms, proxy.ts: 3ms, application-code: 80ms)
 GET /dashboard 200 in 119ms (next.js: 5ms, proxy.ts: 3ms, application-code: 111ms)
 GET /sign-in 200 in 43ms (next.js: 4ms, proxy.ts: 2ms, application-code: 37ms)
 GET /api/auth/get-session 200 in 39ms (next.js: 15ms, proxy.ts: 10ms, application-code: 14ms)
 GET /api/auth/organization/list 200 in 42ms (next.js: 18ms, proxy.ts: 10ms, application-code: 13ms)
 POST /api/auth/sign-in/email 200 in 91ms (next.js: 2ms, proxy.ts: 3ms, application-code: 86ms)
 GET /dashboard 200 in 99ms (next.js: 1.7ms, proxy.ts: 3ms, application-code: 95ms)
 GET /account 200 in 71ms (next.js: 2ms, proxy.ts: 4ms, application-code: 65ms)
 GET /api/auth/get-session 200 in 45ms (next.js: 8ms, proxy.ts: 11ms, application-code: 26ms)
 GET /api/auth/organization/list 200 in 51ms (next.js: 12ms, proxy.ts: 11ms, application-code: 29ms)
 GET /api/auth/get-session 200 in 26ms (next.js: 7ms, proxy.ts: 4ms, application-code: 15ms)
 GET /api/auth/organization/list 200 in 29ms (next.js: 10ms, proxy.ts: 4ms, application-code: 15ms)
 GET /api/auth/passkey/list-user-passkeys 200 in 27ms (next.js: 14ms, proxy.ts: 3ms, application-code: 11ms)
 POST /api/auth/revoke-other-sessions 200 in 13ms (next.js: 2ms, proxy.ts: 2ms, application-code: 8ms)
 GET /api/auth/get-session 200 in 15ms (next.js: 4ms, proxy.ts: 2ms, application-code: 9ms)
 GET /api/auth/get-session 200 in 15ms (next.js: 6ms, proxy.ts: 1.6ms, application-code: 7ms)
 GET /api/auth/get-session 200 in 8ms (next.js: 2ms, proxy.ts: 1.5ms, application-code: 5ms)
 GET /api/auth/passkey/generate-register-options?authenticatorAttachment=platform&name=Passkey%20Ads%20by%20Yodev 200 in 14ms (next.js: 2ms, proxy.ts: 3ms, application-code: 9ms)
 POST /api/auth/passkey/verify-registration 200 in 13ms (next.js: 1.9ms, proxy.ts: 2.0ms, application-code: 9ms)
 GET /api/auth/passkey/list-user-passkeys 200 in 9ms (next.js: 2.0ms, proxy.ts: 1.5ms, application-code: 6ms)
 GET /api/auth/passkey/list-user-passkeys 200 in 8ms (next.js: 1.7ms, proxy.ts: 1.6ms, application-code: 5ms)
 POST /api/auth/passkey/delete-passkey 401 in 8ms (next.js: 1.5ms, proxy.ts: 1.6ms, application-code: 5ms)
 POST /api/auth/sign-out 200 in 15ms (next.js: 1.6ms, proxy.ts: 1.5ms, application-code: 12ms)
 GET /sign-in 200 in 30ms (next.js: 3ms, proxy.ts: 1.7ms, application-code: 25ms)
 GET /api/auth/passkey/generate-authenticate-options 200 in 14ms (next.js: 3ms, proxy.ts: 3ms, application-code: 8ms)
 POST /api/auth/passkey/verify-authentication 200 in 21ms (next.js: 3ms, proxy.ts: 2ms, application-code: 16ms)
 GET /dashboard 200 in 111ms (next.js: 2.0ms, proxy.ts: 2ms, application-code: 107ms)
 GET /api/auth/get-session 200 in 14ms (next.js: 4ms, proxy.ts: 2ms, application-code: 8ms)
 GET /api/auth/organization/list 200 in 31ms (next.js: 13ms, proxy.ts: 14ms, application-code: 3ms)
 GET /api/auth/get-session 200 in 44ms (next.js: 9ms, proxy.ts: 25ms, application-code: 11ms)
 GET /account 200 in 80ms (next.js: 3ms, proxy.ts: 3ms, application-code: 75ms)
 GET /api/auth/get-session 200 in 19ms (next.js: 5ms, proxy.ts: 3ms, application-code: 11ms)
 GET /api/auth/organization/list 200 in 21ms (next.js: 8ms, proxy.ts: 3ms, application-code: 10ms)
 GET /api/auth/passkey/list-user-passkeys 200 in 14ms (next.js: 6ms, proxy.ts: 3ms, application-code: 5ms)
 POST /api/auth/passkey/delete-passkey 200 in 12ms (next.js: 3ms, proxy.ts: 3ms, application-code: 7ms)
 GET /api/auth/passkey/list-user-passkeys 200 in 17ms (next.js: 4ms, proxy.ts: 3ms, application-code: 10ms)
 POST /api/auth/sign-out 200 in 15ms (next.js: 7ms, proxy.ts: 2ms, application-code: 7ms)
 GET /sign-in 200 in 39ms (next.js: 3ms, proxy.ts: 1.5ms, application-code: 34ms)
 GET /api/auth/passkey/generate-authenticate-options 200 in 13ms (next.js: 3ms, proxy.ts: 3ms, application-code: 7ms)
 POST /api/auth/passkey/verify-authentication 401 in 21ms (next.js: 6ms, proxy.ts: 3ms, application-code: 12ms)
 GET /api/auth/get-session 200 in 37ms (next.js: 14ms, proxy.ts: 8ms, application-code: 14ms)
 POST /api/auth/sign-in/magic-link 200 in 20ms (next.js: 3ms, proxy.ts: 5ms, application-code: 13ms)
 GET /api/auth/magic-link/verify?token=[REDACTED]&callbackURL=%2Fdashboard&errorCallbackURL=http%3A%2F%2Flocalhost%3A3017%2Fsign-in 302 in 17ms (next.js: 4ms, proxy.ts: 4ms, application-code: 9ms)
 GET /dashboard 200 in 111ms (next.js: 1.9ms, proxy.ts: 1.6ms, application-code: 108ms)
 GET /api/auth/get-session 200 in 22ms (next.js: 5ms, proxy.ts: 5ms, application-code: 12ms)
 GET /api/auth/organization/list 200 in 23ms (next.js: 9ms, proxy.ts: 4ms, application-code: 10ms)
 GET /invitation?id=32359072-95e8-4a46-9a1b-8872356f67fa 200 in 42ms (next.js: 14ms, proxy.ts: 1.6ms, application-code: 27ms)
 GET /api/auth/get-session 200 in 11ms (next.js: 2ms, proxy.ts: 3ms, application-code: 6ms)
 POST /api/auth/organization/accept-invitation 403 in 17ms (next.js: 2ms, proxy.ts: 3ms, application-code: 11ms)
 GET /invitation?id=4050e9a9-2246-4fc9-bd32-295de7a7ed52 200 in 28ms (next.js: 1.9ms, proxy.ts: 1.9ms, application-code: 24ms)
 GET /api/auth/get-session 200 in 13ms (next.js: 3ms, proxy.ts: 3ms, application-code: 7ms)
 POST /api/auth/organization/accept-invitation 400 in 19ms (next.js: 3ms, proxy.ts: 10ms, application-code: 6ms)
 GET /invitation?id=e6439b23-4c09-4e24-b98d-a03246418fb5 200 in 28ms (next.js: 1.7ms, proxy.ts: 2ms, application-code: 24ms)
 GET /api/auth/get-session 200 in 10ms (next.js: 2ms, proxy.ts: 3ms, application-code: 5ms)
 POST /api/auth/organization/accept-invitation 400 in 10ms (next.js: 2ms, proxy.ts: 2ms, application-code: 6ms)
 GET /invitation?id=fba9d704-b0fe-45e8-afb1-3e6933926f86 200 in 28ms (next.js: 1.9ms, proxy.ts: 2ms, application-code: 24ms)
 GET /api/auth/get-session 200 in 11ms (next.js: 2ms, proxy.ts: 4ms, application-code: 5ms)
 GET /sign-in?returnTo=%2Finvitation%3Fid%3Dfba9d704-b0fe-45e8-afb1-3e6933926f86 200 in 20ms (next.js: 4ms, proxy.ts: 3ms, application-code: 13ms)
 POST /api/auth/sign-in/magic-link 200 in 17ms (next.js: 4ms, proxy.ts: 3ms, application-code: 10ms)
 GET /api/auth/magic-link/verify?token=[REDACTED]&callbackURL=%2Finvitation%3Fid%3Dfba9d704-b0fe-45e8-afb1-3e6933926f86&errorCallbackURL=http%3A%2F%2Flocalhost%3A3017%2Fsign-in%3FreturnTo%3D%252Finvitation%253Fid%253Dfba9d704-b0fe-45e8-afb1-3e6933926f86 302 in 23ms (next.js: 2ms, proxy.ts: 3ms, application-code: 18ms)
 GET /invitation?id=fba9d704-b0fe-45e8-afb1-3e6933926f86 200 in 29ms (next.js: 1.7ms, proxy.ts: 2ms, application-code: 26ms)
 GET /api/auth/get-session 200 in 10ms (next.js: 1.9ms, proxy.ts: 2ms, application-code: 5ms)
 POST /api/auth/organization/accept-invitation 200 in 14ms (next.js: 2ms, proxy.ts: 2ms, application-code: 10ms)
 POST /api/auth/organization/set-active 200 in 10ms (next.js: 1.8ms, proxy.ts: 1.8ms, application-code: 7ms)
 GET /api/auth/get-session 200 in 32ms (next.js: 15ms, proxy.ts: 3ms, application-code: 13ms)
 GET /api/auth/get-session 200 in 70ms (next.js: 48ms, proxy.ts: 12ms, application-code: 10ms)
 GET /dashboard 200 in 124ms (next.js: 2ms, proxy.ts: 3ms, application-code: 120ms)
 GET /api/auth/get-session 200 in 16ms (next.js: 5ms, proxy.ts: 3ms, application-code: 7ms)
 GET /api/auth/get-session 200 in 23ms (next.js: 5ms, proxy.ts: 3ms, application-code: 15ms)
 GET /api/auth/organization/list 200 in 24ms (next.js: 9ms, proxy.ts: 3ms, application-code: 12ms)
 POST /api/auth/sign-out 200 in 11ms (next.js: 2ms, proxy.ts: 2ms, application-code: 7ms)
 GET /sign-in 200 in 41ms (next.js: 4ms, proxy.ts: 1.8ms, application-code: 36ms)
 GET /api/auth/get-session 200 in 16ms (next.js: 4ms, proxy.ts: 3ms, application-code: 9ms)
  ✓   5 [chromium] › e2e/auth-lifecycle-local.spec.ts:85:9 › auth lifecycle fr: verification, magic link, reset, sessions and passkey (9.4s)
 GET /sign-up 200 in 43ms (next.js: 5ms, proxy.ts: 2ms, application-code: 36ms)
 POST /api/auth/sign-up/email 200 in 81ms (next.js: 2ms, proxy.ts: 3ms, application-code: 76ms)
 GET /api/auth/get-session 200 in 10ms (next.js: 2ms, proxy.ts: 1.8ms, application-code: 6ms)
 GET /sign-in 200 in 34ms (next.js: 4ms, proxy.ts: 3ms, application-code: 27ms)
 POST /api/auth/sign-in/email 403 in 87ms (next.js: 4ms, proxy.ts: 3ms, application-code: 79ms)
 GET /api/auth/get-session 200 in 9ms (next.js: 2.0ms, proxy.ts: 1.8ms, application-code: 5ms)
 GET /api/auth/verify-email?token=[REDACTED]&callbackURL=%2Fdashboard 302 in 9ms (next.js: 1.9ms, proxy.ts: 1.9ms, application-code: 6ms)
 GET /dashboard 307 in 40ms (next.js: 1.7ms, proxy.ts: 1.5ms, application-code: 37ms)
 GET /sign-in 200 in 38ms (next.js: 3ms, proxy.ts: 1.6ms, application-code: 33ms)
 GET /sign-in 200 in 41ms (next.js: 4ms, proxy.ts: 3ms, application-code: 34ms)
 POST /api/auth/sign-in/email 200 in 79ms (next.js: 2ms, proxy.ts: 3ms, application-code: 74ms)
 GET /dashboard 307 in 49ms (next.js: 1.8ms, proxy.ts: 2ms, application-code: 45ms)
 GET /onboarding 200 in 45ms (next.js: 1.7ms, proxy.ts: 1.7ms, application-code: 41ms)
 GET /settings 200 in 68ms (next.js: 3ms, proxy.ts: 1.7ms, application-code: 63ms)
 POST /onboarding 200 in 87ms (next.js: 1.6ms, proxy.ts: 2ms, application-code: 83ms)
  └─ ƒ createWorkspace({}) in 9ms src/app/onboarding/actions.ts
 GET /api/auth/get-session 200 in 22ms (next.js: 5ms, proxy.ts: 2ms, application-code: 14ms)
 GET /api/auth/organization/list 200 in 27ms (next.js: 9ms, proxy.ts: 3ms, application-code: 15ms)
 GET /api/auth/get-session 200 in 21ms (next.js: 5ms, proxy.ts: 8ms, application-code: 7ms)
 GET /sign-in 200 in 38ms (next.js: 4ms, proxy.ts: 3ms, application-code: 31ms)
 POST /api/auth/sign-in/magic-link 200 in 14ms (next.js: 4ms, proxy.ts: 2ms, application-code: 8ms)
 GET /api/auth/magic-link/verify?token=[REDACTED]&callbackURL=%2Fdashboard&errorCallbackURL=http%3A%2F%2Flocalhost%3A3017%2Fsign-in 302 in 11ms (next.js: 2ms, proxy.ts: 1.8ms, application-code: 8ms)
 GET /dashboard 200 in 100ms (next.js: 1.7ms, proxy.ts: 1.7ms, application-code: 97ms)
 GET /api/auth/get-session 200 in 14ms (next.js: 5ms, proxy.ts: 2ms, application-code: 7ms)
 GET /api/auth/get-session 200 in 38ms (next.js: 6ms, proxy.ts: 19ms, application-code: 13ms)
 GET /api/auth/organization/list 200 in 25ms (next.js: 9ms, proxy.ts: 4ms, application-code: 13ms)
 GET /api/auth/magic-link/verify?token=[REDACTED]&callbackURL=%2Fdashboard&errorCallbackURL=http%3A%2F%2Flocalhost%3A3017%2Fsign-in 302 in 24ms (next.js: 11ms, proxy.ts: 3ms, application-code: 10ms)
 GET /sign-in?error=INVALID_TOKEN 200 in 57ms (next.js: 3ms, proxy.ts: 1.9ms, application-code: 52ms)
 GET /api/auth/get-session 200 in 10ms (next.js: 3ms, proxy.ts: 1.9ms, application-code: 5ms)
 GET /forgot-password 200 in 30ms (next.js: 3ms, proxy.ts: 3ms, application-code: 25ms)
 POST /api/auth/request-password-reset 200 in 13ms (next.js: 2ms, proxy.ts: 2ms, application-code: 9ms)
 GET /api/auth/reset-password/[REDACTED]?callbackURL=%2Freset-password 302 in 11ms (next.js: 3ms, proxy.ts: 2ms, application-code: 5ms)
 GET /reset-password?token=[REDACTED] 200 in 27ms (next.js: 1.6ms, proxy.ts: 1.6ms, application-code: 24ms)
 POST /api/auth/reset-password 200 in 77ms (next.js: 2.0ms, proxy.ts: 2ms, application-code: 72ms)
 GET /api/auth/get-session 200 in 10ms (next.js: 2ms, proxy.ts: 2ms, application-code: 6ms)
 GET /api/auth/get-session 200 in 8ms (next.js: 1.9ms, proxy.ts: 1.5ms, application-code: 5ms)
 GET /api/auth/reset-password/[REDACTED]?callbackURL=%2Freset-password 302 in 9ms (next.js: 2.0ms, proxy.ts: 1.7ms, application-code: 6ms)
 GET /reset-password?error=INVALID_TOKEN 200 in 27ms (next.js: 1.4ms, proxy.ts: 1.4ms, application-code: 24ms)
 GET /sign-in 200 in 37ms (next.js: 6ms, proxy.ts: 3ms, application-code: 28ms)
2026-09-07T06:50:04.345Z WARN [Better Auth]: Invalid password
 POST /api/auth/sign-in/email 401 in 90ms (next.js: 5ms, proxy.ts: 4ms, application-code: 81ms)
 GET /api/auth/get-session 200 in 8ms (next.js: 1.9ms, proxy.ts: 1.8ms, application-code: 4ms)
 GET /sign-in 200 in 41ms (next.js: 4ms, proxy.ts: 1.4ms, application-code: 36ms)
 POST /api/auth/sign-in/email 200 in 89ms (next.js: 2ms, proxy.ts: 3ms, application-code: 84ms)
 GET /dashboard 200 in 118ms (next.js: 1.9ms, proxy.ts: 4ms, application-code: 112ms)
 GET /sign-in 200 in 67ms (next.js: 4ms, proxy.ts: 2ms, application-code: 61ms)
 GET /api/auth/get-session 200 in 45ms (next.js: 17ms, proxy.ts: 12ms, application-code: 16ms)
 GET /api/auth/organization/list 200 in 44ms (next.js: 17ms, proxy.ts: 11ms, application-code: 17ms)
 POST /api/auth/sign-in/email 200 in 84ms (next.js: 2ms, proxy.ts: 3ms, application-code: 79ms)
 GET /dashboard 200 in 107ms (next.js: 3ms, proxy.ts: 3ms, application-code: 101ms)
 GET /account 200 in 65ms (next.js: 3ms, proxy.ts: 2ms, application-code: 61ms)
 GET /api/auth/get-session 200 in 31ms (next.js: 7ms, proxy.ts: 9ms, application-code: 15ms)
 GET /api/auth/organization/list 200 in 38ms (next.js: 11ms, proxy.ts: 9ms, application-code: 19ms)
 GET /api/auth/get-session 200 in 23ms (next.js: 8ms, proxy.ts: 4ms, application-code: 11ms)
 GET /api/auth/organization/list 200 in 31ms (next.js: 10ms, proxy.ts: 4ms, application-code: 17ms)
 GET /api/auth/passkey/list-user-passkeys 200 in 33ms (next.js: 14ms, proxy.ts: 3ms, application-code: 16ms)
 POST /api/auth/revoke-other-sessions 200 in 19ms (next.js: 7ms, proxy.ts: 4ms, application-code: 7ms)
 GET /api/auth/get-session 200 in 12ms (next.js: 4ms, proxy.ts: 1.9ms, application-code: 6ms)
 GET /api/auth/get-session 200 in 17ms (next.js: 8ms, proxy.ts: 1.9ms, application-code: 7ms)
 GET /api/auth/get-session 200 in 11ms (next.js: 3ms, proxy.ts: 3ms, application-code: 5ms)
 GET /api/auth/passkey/generate-register-options?authenticatorAttachment=platform&name=Ads%20by%20Yodev%20passkey 200 in 11ms (next.js: 2ms, proxy.ts: 3ms, application-code: 7ms)
 POST /api/auth/passkey/verify-registration 200 in 19ms (next.js: 2ms, proxy.ts: 2ms, application-code: 15ms)
 GET /api/auth/passkey/list-user-passkeys 200 in 9ms (next.js: 1.7ms, proxy.ts: 2.0ms, application-code: 5ms)
 GET /api/auth/passkey/list-user-passkeys 200 in 9ms (next.js: 1.7ms, proxy.ts: 2ms, application-code: 5ms)
 POST /api/auth/passkey/delete-passkey 401 in 9ms (next.js: 1.8ms, proxy.ts: 1.7ms, application-code: 5ms)
 POST /api/auth/sign-out 200 in 7ms (next.js: 1.5ms, proxy.ts: 1.4ms, application-code: 4ms)
 GET /sign-in 200 in 31ms (next.js: 3ms, proxy.ts: 1.4ms, application-code: 26ms)
 GET /api/auth/passkey/generate-authenticate-options 200 in 12ms (next.js: 2ms, proxy.ts: 2ms, application-code: 7ms)
 POST /api/auth/passkey/verify-authentication 200 in 27ms (next.js: 6ms, proxy.ts: 4ms, application-code: 17ms)
 GET /dashboard 200 in 129ms (next.js: 2ms, proxy.ts: 3ms, application-code: 124ms)
 GET /api/auth/get-session 200 in 13ms (next.js: 4ms, proxy.ts: 2ms, application-code: 7ms)
 GET /api/auth/get-session 200 in 46ms (next.js: 11ms, proxy.ts: 26ms, application-code: 9ms)
 GET /api/auth/organization/list 200 in 34ms (next.js: 13ms, proxy.ts: 18ms, application-code: 3ms)
 GET /account 200 in 81ms (next.js: 14ms, proxy.ts: 2ms, application-code: 65ms)
 GET /api/auth/get-session 200 in 29ms (next.js: 7ms, proxy.ts: 3ms, application-code: 19ms)
 GET /api/auth/organization/list 200 in 31ms (next.js: 8ms, proxy.ts: 4ms, application-code: 19ms)
 GET /api/auth/passkey/list-user-passkeys 200 in 28ms (next.js: 11ms, proxy.ts: 2ms, application-code: 15ms)
 POST /api/auth/passkey/delete-passkey 200 in 12ms (next.js: 2ms, proxy.ts: 3ms, application-code: 7ms)
 GET /api/auth/passkey/list-user-passkeys 200 in 16ms (next.js: 4ms, proxy.ts: 2ms, application-code: 10ms)
 POST /api/auth/sign-out 200 in 15ms (next.js: 6ms, proxy.ts: 1.9ms, application-code: 6ms)
 GET /sign-in 200 in 32ms (next.js: 3ms, proxy.ts: 1.9ms, application-code: 27ms)
 GET /api/auth/passkey/generate-authenticate-options 200 in 15ms (next.js: 3ms, proxy.ts: 3ms, application-code: 9ms)
 POST /api/auth/passkey/verify-authentication 401 in 18ms (next.js: 5ms, proxy.ts: 4ms, application-code: 10ms)
 GET /api/auth/get-session 200 in 10ms (next.js: 3ms, proxy.ts: 1.9ms, application-code: 5ms)
 POST /api/auth/sign-in/magic-link 200 in 12ms (next.js: 1.9ms, proxy.ts: 3ms, application-code: 8ms)
 GET /api/auth/magic-link/verify?token=[REDACTED]&callbackURL=%2Fdashboard&errorCallbackURL=http%3A%2F%2Flocalhost%3A3017%2Fsign-in 302 in 12ms (next.js: 1.9ms, proxy.ts: 2ms, application-code: 8ms)
 GET /dashboard 200 in 111ms (next.js: 2ms, proxy.ts: 1.5ms, application-code: 107ms)
 GET /api/auth/get-session 200 in 17ms (next.js: 3ms, proxy.ts: 3ms, application-code: 11ms)
 GET /api/auth/organization/list 200 in 19ms (next.js: 6ms, proxy.ts: 3ms, application-code: 10ms)
 GET /invitation?id=3d92f26d-cf0f-4879-a8f2-c8021c865796 200 in 28ms (next.js: 2ms, proxy.ts: 1.8ms, application-code: 24ms)
 GET /api/auth/get-session 200 in 11ms (next.js: 2ms, proxy.ts: 3ms, application-code: 6ms)
 POST /api/auth/organization/accept-invitation 403 in 20ms (next.js: 2.0ms, proxy.ts: 3ms, application-code: 15ms)
 GET /invitation?id=c40fc8a7-b0e3-4e60-b877-003ef74a473f 200 in 29ms (next.js: 1.6ms, proxy.ts: 1.9ms, application-code: 25ms)
 GET /api/auth/get-session 200 in 11ms (next.js: 3ms, proxy.ts: 2ms, application-code: 5ms)
 POST /api/auth/organization/accept-invitation 400 in 11ms (next.js: 1.9ms, proxy.ts: 3ms, application-code: 6ms)
 GET /invitation?id=cf5332ed-7307-4423-93c0-8bdb029d2e68 200 in 28ms (next.js: 1.6ms, proxy.ts: 2.0ms, application-code: 25ms)
 GET /api/auth/get-session 200 in 10ms (next.js: 1.9ms, proxy.ts: 3ms, application-code: 5ms)
 POST /api/auth/organization/accept-invitation 400 in 10ms (next.js: 1.9ms, proxy.ts: 2.0ms, application-code: 6ms)
 GET /invitation?id=a446a4df-dd8e-44ae-99ae-1b31e087aed5 200 in 27ms (next.js: 1.7ms, proxy.ts: 2ms, application-code: 23ms)
 GET /api/auth/get-session 200 in 12ms (next.js: 2ms, proxy.ts: 3ms, application-code: 6ms)
 GET /sign-in?returnTo=%2Finvitation%3Fid%3Da446a4df-dd8e-44ae-99ae-1b31e087aed5 200 in 29ms (next.js: 13ms, proxy.ts: 2ms, application-code: 14ms)
 POST /api/auth/sign-in/magic-link 200 in 17ms (next.js: 5ms, proxy.ts: 3ms, application-code: 10ms)
 GET /api/auth/magic-link/verify?token=[REDACTED]&callbackURL=%2Finvitation%3Fid%3Da446a4df-dd8e-44ae-99ae-1b31e087aed5&errorCallbackURL=http%3A%2F%2Flocalhost%3A3017%2Fsign-in%3FreturnTo%3D%252Finvitation%253Fid%253Da446a4df-dd8e-44ae-99ae-1b31e087aed5 302 in 14ms (next.js: 3ms, proxy.ts: 2ms, application-code: 9ms)
 GET /invitation?id=a446a4df-dd8e-44ae-99ae-1b31e087aed5 200 in 30ms (next.js: 1.5ms, proxy.ts: 3ms, application-code: 26ms)
 GET /api/auth/get-session 200 in 10ms (next.js: 2ms, proxy.ts: 2.0ms, application-code: 6ms)
 POST /api/auth/organization/accept-invitation 200 in 11ms (next.js: 1.8ms, proxy.ts: 1.9ms, application-code: 8ms)
 POST /api/auth/organization/set-active 200 in 9ms (next.js: 1.6ms, proxy.ts: 1.5ms, application-code: 6ms)
 GET /api/auth/get-session 200 in 31ms (next.js: 15ms, proxy.ts: 2ms, application-code: 14ms)
 GET /api/auth/get-session 200 in 74ms (next.js: 42ms, proxy.ts: 19ms, application-code: 13ms)
 GET /dashboard 200 in 127ms (next.js: 2ms, proxy.ts: 2ms, application-code: 123ms)
 GET /api/auth/get-session 200 in 12ms (next.js: 2ms, proxy.ts: 2ms, application-code: 7ms)
 GET /api/auth/get-session 200 in 19ms (next.js: 5ms, proxy.ts: 3ms, application-code: 12ms)
 GET /api/auth/organization/list 200 in 21ms (next.js: 8ms, proxy.ts: 3ms, application-code: 10ms)
 POST /api/auth/sign-out 200 in 11ms (next.js: 2ms, proxy.ts: 2ms, application-code: 7ms)
 GET /sign-in 200 in 39ms (next.js: 4ms, proxy.ts: 1.5ms, application-code: 34ms)
 GET /api/auth/get-session 200 in 16ms (next.js: 4ms, proxy.ts: 5ms, application-code: 7ms)
  ✓   6 [chromium] › e2e/auth-lifecycle-local.spec.ts:85:9 › auth lifecycle en: verification, magic link, reset, sessions and passkey (9.0s)
 GET /dashboard 200 in 115ms (next.js: 2ms, proxy.ts: 4ms, application-code: 109ms)
 GET /api/auth/get-session 200 in 105ms (next.js: 18ms, proxy.ts: 31ms, application-code: 56ms)
 GET /api/auth/organization/list 200 in 178ms (next.js: 20ms, proxy.ts: 31ms, application-code: 126ms)
 GET /settings 200 in 210ms (next.js: 4ms, proxy.ts: 2ms, application-code: 204ms)
 GET /api/auth/get-session 200 in 93ms (next.js: 15ms, proxy.ts: 25ms, application-code: 52ms)
 GET /api/auth/organization/list 200 in 93ms (next.js: 23ms, proxy.ts: 24ms, application-code: 46ms)
 GET /billing 200 in 180ms (next.js: 4ms, proxy.ts: 3ms, application-code: 173ms)
 GET /api/auth/get-session 200 in 89ms (next.js: 23ms, proxy.ts: 25ms, application-code: 41ms)
 GET /api/auth/organization/list 200 in 115ms (next.js: 43ms, proxy.ts: 24ms, application-code: 48ms)
 GET /support 200 in 153ms (next.js: 4ms, proxy.ts: 3ms, application-code: 146ms)
  ✓   7 [chromium] › e2e/authenticated-rbac.spec.ts:55:9 › authenticated five-role route matrix › owner has only its server-authorized product surface (1.3s)
 GET /dashboard 200 in 110ms (next.js: 2ms, proxy.ts: 2ms, application-code: 105ms)
 GET /api/auth/get-session 200 in 109ms (next.js: 26ms, proxy.ts: 25ms, application-code: 58ms)
 GET /api/auth/organization/list 200 in 173ms (next.js: 49ms, proxy.ts: 24ms, application-code: 100ms)
 GET /settings 200 in 203ms (next.js: 1.8ms, proxy.ts: 2.0ms, application-code: 200ms)
 GET /api/auth/get-session 200 in 102ms (next.js: 15ms, proxy.ts: 31ms, application-code: 56ms)
 GET /api/auth/organization/list 200 in 125ms (next.js: 24ms, proxy.ts: 30ms, application-code: 71ms)
 GET /support 200 in 157ms (next.js: 2ms, proxy.ts: 2ms, application-code: 153ms)
⨯ Error [PermissionDeniedError]: Permission required: billing:manage
    at requirePermission (src/lib/permissions.ts:79:19)
    at requireWorkspacePermission (src/lib/workspace.ts:164:73)
    at async BillingPage (src/app/(app)/billing/page.tsx:23:40)
  77 | export function requirePermission(role: WorkspaceRole, permission: Permission) {
  78 |   if (!rolePermissions[role].has(permission)) {
> 79 |     const error = new Error(`Permission required: ${permission}`)
     |                   ^
  80 |     error.name = 'PermissionDeniedError'
  81 |     throw error
  82 |   } {
  digest: '3163797875'
}
 GET /api/auth/get-session 200 in 98ms (next.js: 35ms, proxy.ts: 31ms, application-code: 32ms)
 GET /api/auth/organization/list 200 in 97ms (next.js: 36ms, proxy.ts: 29ms, application-code: 31ms)
 GET /billing 307 in 128ms (next.js: 2ms, proxy.ts: 2ms, application-code: 123ms)
 GET /support?error=Acc%C3%A8s%20non%20autoris%C3%A9 200 in 131ms (next.js: 6ms, proxy.ts: 8ms, application-code: 116ms)
  ✓   8 [chromium] › e2e/authenticated-rbac.spec.ts:55:9 › authenticated five-role route matrix › admin has only its server-authorized product surface (1.4s)
 GET /dashboard 200 in 108ms (next.js: 1.9ms, proxy.ts: 1.7ms, application-code: 104ms)
 GET /api/auth/get-session 200 in 101ms (next.js: 17ms, proxy.ts: 28ms, application-code: 56ms)
 GET /api/auth/organization/list 200 in 135ms (next.js: 20ms, proxy.ts: 28ms, application-code: 87ms)
 GET /tasks 200 in 181ms (next.js: 7ms, proxy.ts: 3ms, application-code: 171ms)
 GET /api/auth/get-session 200 in 88ms (next.js: 23ms, proxy.ts: 26ms, application-code: 38ms)
 GET /api/auth/organization/list 200 in 116ms (next.js: 41ms, proxy.ts: 25ms, application-code: 50ms)
 GET /support 200 in 151ms (next.js: 3ms, proxy.ts: 2ms, application-code: 146ms)
⨯ Error [PermissionDeniedError]: Permission required: workspace:admin
    at requirePermission (src/lib/permissions.ts:79:19)
    at requireWorkspacePermission (src/lib/workspace.ts:164:73)
    at async SettingsPage (src/app/(app)/settings/page.tsx:51:57)
  77 | export function requirePermission(role: WorkspaceRole, permission: Permission) {
  78 |   if (!rolePermissions[role].has(permission)) {
> 79 |     const error = new Error(`Permission required: ${permission}`)
     |                   ^
  80 |     error.name = 'PermissionDeniedError'
  81 |     throw error
  82 |   } {
  digest: '3049448933'
}
 GET /api/auth/get-session 200 in 90ms (next.js: 17ms, proxy.ts: 39ms, application-code: 34ms)
 GET /api/auth/organization/list 200 in 91ms (next.js: 25ms, proxy.ts: 39ms, application-code: 27ms)
 GET /settings 307 in 103ms (next.js: 3ms, proxy.ts: 3ms, application-code: 97ms)
 GET /support?error=Acc%C3%A8s%20non%20autoris%C3%A9 200 in 122ms (next.js: 1.8ms, proxy.ts: 2ms, application-code: 117ms)
⨯ Error [PermissionDeniedError]: Permission required: billing:manage
    at requirePermission (src/lib/permissions.ts:79:19)
    at requireWorkspacePermission (src/lib/workspace.ts:164:73)
    at async BillingPage (src/app/(app)/billing/page.tsx:23:40)
  77 | export function requirePermission(role: WorkspaceRole, permission: Permission) {
  78 |   if (!rolePermissions[role].has(permission)) {
> 79 |     const error = new Error(`Permission required: ${permission}`)
     |                   ^
  80 |     error.name = 'PermissionDeniedError'
  81 |     throw error
  82 |   } {
  digest: '3163797875'
}
 GET /api/auth/get-session 200 in 73ms (next.js: 20ms, proxy.ts: 27ms, application-code: 26ms)
 GET /api/auth/organization/list 200 in 72ms (next.js: 25ms, proxy.ts: 23ms, application-code: 23ms)
 GET /billing 307 in 103ms (next.js: 3ms, proxy.ts: 2ms, application-code: 98ms)
 GET /support?error=Acc%C3%A8s%20non%20autoris%C3%A9 200 in 122ms (next.js: 2ms, proxy.ts: 3ms, application-code: 117ms)
  ✓   9 [chromium] › e2e/authenticated-rbac.spec.ts:55:9 › authenticated five-role route matrix › strategist has only its server-authorized product surface (1.6s)
 GET /dashboard 200 in 104ms (next.js: 1.8ms, proxy.ts: 1.9ms, application-code: 100ms)
 GET /api/auth/get-session 200 in 89ms (next.js: 17ms, proxy.ts: 23ms, application-code: 49ms)
 GET /api/auth/organization/list 200 in 120ms (next.js: 19ms, proxy.ts: 23ms, application-code: 77ms)
 GET /reports 200 in 158ms (next.js: 5ms, proxy.ts: 2ms, application-code: 151ms)
 GET /api/auth/get-session 200 in 92ms (next.js: 25ms, proxy.ts: 28ms, application-code: 40ms)
 GET /api/auth/organization/list 200 in 90ms (next.js: 44ms, proxy.ts: 28ms, application-code: 19ms)
 GET /support 200 in 154ms (next.js: 3ms, proxy.ts: 3ms, application-code: 148ms)
⨯ Error [PermissionDeniedError]: Permission required: workspace:admin
    at requirePermission (src/lib/permissions.ts:79:19)
    at requireWorkspacePermission (src/lib/workspace.ts:164:73)
    at async SettingsPage (src/app/(app)/settings/page.tsx:51:57)
  77 | export function requirePermission(role: WorkspaceRole, permission: Permission) {
  78 |   if (!rolePermissions[role].has(permission)) {
> 79 |     const error = new Error(`Permission required: ${permission}`)
     |                   ^
  80 |     error.name = 'PermissionDeniedError'
  81 |     throw error
  82 |   } {
  digest: '3049448933'
}
 GET /api/auth/get-session 200 in 91ms (next.js: 18ms, proxy.ts: 46ms, application-code: 28ms)
 GET /api/auth/organization/list 200 in 93ms (next.js: 25ms, proxy.ts: 45ms, application-code: 24ms)
 GET /settings 307 in 104ms (next.js: 4ms, proxy.ts: 3ms, application-code: 97ms)
 GET /support?error=Acc%C3%A8s%20non%20autoris%C3%A9 200 in 116ms (next.js: 2ms, proxy.ts: 4ms, application-code: 110ms)
⨯ Error [PermissionDeniedError]: Permission required: billing:manage
    at requirePermission (src/lib/permissions.ts:79:19)
    at requireWorkspacePermission (src/lib/workspace.ts:164:73)
    at async BillingPage (src/app/(app)/billing/page.tsx:23:40)
  77 | export function requirePermission(role: WorkspaceRole, permission: Permission) {
  78 |   if (!rolePermissions[role].has(permission)) {
> 79 |     const error = new Error(`Permission required: ${permission}`)
     |                   ^
  80 |     error.name = 'PermissionDeniedError'
  81 |     throw error
  82 |   } {
  digest: '3163797875'
}
 GET /api/auth/get-session 200 in 68ms (next.js: 19ms, proxy.ts: 26ms, application-code: 24ms)
 GET /api/auth/organization/list 200 in 68ms (next.js: 22ms, proxy.ts: 24ms, application-code: 21ms)
 GET /billing 307 in 91ms (next.js: 2ms, proxy.ts: 1.8ms, application-code: 87ms)
 GET /support?error=Acc%C3%A8s%20non%20autoris%C3%A9 200 in 122ms (next.js: 3ms, proxy.ts: 3ms, application-code: 116ms)
  ✓  10 [chromium] › e2e/authenticated-rbac.spec.ts:55:9 › authenticated five-role route matrix › analyst has only its server-authorized product surface (1.6s)
 GET /support 200 in 97ms (next.js: 1.7ms, proxy.ts: 1.9ms, application-code: 93ms)
⨯ Error [PermissionDeniedError]: Permission required: portfolio:read
    at requirePermission (src/lib/permissions.ts:79:19)
    at requireWorkspacePermission (src/lib/workspace.ts:164:73)
    at async DashboardPage (src/app/(app)/dashboard/page.tsx:27:54)
  77 | export function requirePermission(role: WorkspaceRole, permission: Permission) {
  78 |   if (!rolePermissions[role].has(permission)) {
> 79 |     const error = new Error(`Permission required: ${permission}`)
     |                   ^
  80 |     error.name = 'PermissionDeniedError'
  81 |     throw error
  82 |   } {
  digest: '1312823012'
}
 GET /api/auth/get-session 200 in 90ms (next.js: 46ms, proxy.ts: 5ms, application-code: 39ms)
 GET /api/auth/organization/list 200 in 95ms (next.js: 48ms, proxy.ts: 5ms, application-code: 42ms)
 GET /dashboard 307 in 101ms (next.js: 4ms, proxy.ts: 5ms, application-code: 92ms)
 GET /support?error=Acc%C3%A8s%20non%20autoris%C3%A9 200 in 91ms (next.js: 2ms, proxy.ts: 1.7ms, application-code: 87ms)
 GET /api/auth/get-session 200 in 58ms (next.js: 41ms, proxy.ts: 3ms, application-code: 14ms)
⨯ Error [PermissionDeniedError]: Permission required: workspace:admin
    at requirePermission (src/lib/permissions.ts:79:19)
    at requireWorkspacePermission (src/lib/workspace.ts:164:73)
    at async SettingsPage (src/app/(app)/settings/page.tsx:51:57)
  77 | export function requirePermission(role: WorkspaceRole, permission: Permission) {
  78 |   if (!rolePermissions[role].has(permission)) {
> 79 |     const error = new Error(`Permission required: ${permission}`)
     |                   ^
  80 |     error.name = 'PermissionDeniedError'
  81 |     throw error
  82 |   } {
  digest: '3049448933'
}
 GET /api/auth/organization/list 200 in 79ms (next.js: 43ms, proxy.ts: 3ms, application-code: 33ms)
 GET /settings 307 in 88ms (next.js: 3ms, proxy.ts: 3ms, application-code: 81ms)
 GET /support?error=Acc%C3%A8s%20non%20autoris%C3%A9 200 in 97ms (next.js: 2ms, proxy.ts: 2.0ms, application-code: 93ms)
 GET /api/auth/get-session 200 in 62ms (next.js: 39ms, proxy.ts: 3ms, application-code: 20ms)
⨯ Error [PermissionDeniedError]: Permission required: billing:manage
    at requirePermission (src/lib/permissions.ts:79:19)
    at requireWorkspacePermission (src/lib/workspace.ts:164:73)
    at async BillingPage (src/app/(app)/billing/page.tsx:23:40)
  77 | export function requirePermission(role: WorkspaceRole, permission: Permission) {
  78 |   if (!rolePermissions[role].has(permission)) {
> 79 |     const error = new Error(`Permission required: ${permission}`)
     |                   ^
  80 |     error.name = 'PermissionDeniedError'
  81 |     throw error
  82 |   } {
  digest: '3163797875'
}
 GET /api/auth/organization/list 200 in 79ms (next.js: 42ms, proxy.ts: 4ms, application-code: 33ms)
 GET /billing 307 in 97ms (next.js: 4ms, proxy.ts: 3ms, application-code: 90ms)
 GET /support?error=Acc%C3%A8s%20non%20autoris%C3%A9 200 in 105ms (next.js: 2ms, proxy.ts: 3ms, application-code: 100ms)
  ✓  11 [chromium] › e2e/authenticated-rbac.spec.ts:55:9 › authenticated five-role route matrix › client has only its server-authorized product surface (1.3s)
 GET /api/exports/80000000-0000-4000-8000-000000000003 404 in 745ms (next.js: 719ms, proxy.ts: 2ms, application-code: 23ms)
  ✓  12 [chromium] › e2e/authenticated-rbac.spec.ts:75:9 › authenticated five-role route matrix › owner cannot cross the direct export API boundary (1.1s)
 GET /api/exports/80000000-0000-4000-8000-000000000003 403 in 12ms (next.js: 3ms, proxy.ts: 1.9ms, application-code: 7ms)
  ✓  13 [chromium] › e2e/authenticated-rbac.spec.ts:75:9 › authenticated five-role route matrix › admin cannot cross the direct export API boundary (48ms)
 GET /api/exports/80000000-0000-4000-8000-000000000003 403 in 10ms (next.js: 1.9ms, proxy.ts: 1.7ms, application-code: 6ms)
  ✓  14 [chromium] › e2e/authenticated-rbac.spec.ts:75:9 › authenticated five-role route matrix › strategist cannot cross the direct export API boundary (46ms)
 GET /api/exports/80000000-0000-4000-8000-000000000003 403 in 11ms (next.js: 1.9ms, proxy.ts: 1.8ms, application-code: 7ms)
  ✓  15 [chromium] › e2e/authenticated-rbac.spec.ts:75:9 › authenticated five-role route matrix › analyst cannot cross the direct export API boundary (48ms)
 GET /api/exports/80000000-0000-4000-8000-000000000003 403 in 12ms (next.js: 3ms, proxy.ts: 1.8ms, application-code: 6ms)
  ✓  16 [chromium] › e2e/authenticated-rbac.spec.ts:75:9 › authenticated five-role route matrix › client cannot cross the direct export API boundary (48ms)
 GET /settings 200 in 186ms (next.js: 2.0ms, proxy.ts: 2ms, application-code: 181ms)
 GET /api/auth/get-session 200 in 44ms (next.js: 11ms, proxy.ts: 11ms, application-code: 22ms)
 GET /api/auth/organization/list 200 in 44ms (next.js: 17ms, proxy.ts: 8ms, application-code: 19ms)
 POST /settings 200 in 82ms (next.js: 4ms, proxy.ts: 4ms, application-code: 74ms)
  └─ ƒ updateWorkspaceLocale({}) in 16ms src/app/actions.ts
 GET /settings?notice=Workspace+language+updated. 200 in 112ms (next.js: 3ms, proxy.ts: 3ms, application-code: 106ms)
 GET /settings?notice=Workspace+language+updated. 200 in 77ms (next.js: 2ms, proxy.ts: 1.7ms, application-code: 73ms)
 POST /settings 200 in 132ms (next.js: 8ms, proxy.ts: 17ms, application-code: 107ms)
  └─ ƒ updateWorkspaceLocale({}) in 24ms src/app/actions.ts
 GET /settings?notice=Workspace+language+updated. 200 in 66ms (next.js: 1.9ms, proxy.ts: 1.4ms, application-code: 63ms)
 POST /settings 200 in 82ms (next.js: 1.9ms, proxy.ts: 1.7ms, application-code: 79ms)
  └─ ƒ updateWorkspaceLocale({}) in 8ms src/app/actions.ts
⨯ Error [PermissionDeniedError]: Permission required: workspace:admin
    at requirePermission (src/lib/permissions.ts:79:19)
    at requireWorkspacePermission (src/lib/workspace.ts:164:73)
    at async SettingsPage (src/app/(app)/settings/page.tsx:51:57)
  77 | export function requirePermission(role: WorkspaceRole, permission: Permission) {
  78 |   if (!rolePermissions[role].has(permission)) {
> 79 |     const error = new Error(`Permission required: ${permission}`)
     |                   ^
  80 |     error.name = 'PermissionDeniedError'
  81 |     throw error
  82 |   } {
  digest: '3049448933'
}
 GET /settings?error=Permission+required%3A+workspace%3Aadmin 200 in 52ms (next.js: 1.6ms, proxy.ts: 4ms, application-code: 46ms)
 POST /settings 200 in 65ms (next.js: 1.7ms, proxy.ts: 1.9ms, application-code: 61ms)
  └─ ƒ updateWorkspaceLocale({}) in 4ms src/app/actions.ts
⨯ Error [PermissionDeniedError]: Permission required: workspace:admin
    at requirePermission (src/lib/permissions.ts:79:19)
    at requireWorkspacePermission (src/lib/workspace.ts:164:73)
    at async SettingsPage (src/app/(app)/settings/page.tsx:51:57)
  77 | export function requirePermission(role: WorkspaceRole, permission: Permission) {
  78 |   if (!rolePermissions[role].has(permission)) {
> 79 |     const error = new Error(`Permission required: ${permission}`)
     |                   ^
  80 |     error.name = 'PermissionDeniedError'
  81 |     throw error
  82 |   } {
  digest: '3049448933'
}
 GET /settings?error=Permission+required%3A+workspace%3Aadmin 200 in 43ms (next.js: 1.7ms, proxy.ts: 1.5ms, application-code: 40ms)
 POST /settings 200 in 55ms (next.js: 1.9ms, proxy.ts: 1.9ms, application-code: 51ms)
  └─ ƒ updateWorkspaceLocale({}) in 5ms src/app/actions.ts
⨯ Error [PermissionDeniedError]: Permission required: workspace:admin
    at requirePermission (src/lib/permissions.ts:79:19)
    at requireWorkspacePermission (src/lib/workspace.ts:164:73)
    at async SettingsPage (src/app/(app)/settings/page.tsx:51:57)
  77 | export function requirePermission(role: WorkspaceRole, permission: Permission) {
  78 |   if (!rolePermissions[role].has(permission)) {
> 79 |     const error = new Error(`Permission required: ${permission}`)
     |                   ^
  80 |     error.name = 'PermissionDeniedError'
  81 |     throw error
  82 |   } {
  digest: '3049448933'
}
 GET /settings?error=Permission+required%3A+workspace%3Aadmin 200 in 41ms (next.js: 2.0ms, proxy.ts: 1.5ms, application-code: 38ms)
 POST /settings 200 in 54ms (next.js: 1.7ms, proxy.ts: 1.7ms, application-code: 50ms)
  └─ ƒ updateWorkspaceLocale({}) in 5ms src/app/actions.ts
  ✓  17 [chromium] › e2e/authenticated-rbac.spec.ts:93:7 › authenticated Server Action authorization matrix › re-authorizes workspace administration for every session (1.0s)
 GET /dashboard?client=80000000-0000-4000-8000-000000000092 200 in 189ms (next.js: 3ms, proxy.ts: 5ms, application-code: 180ms)
 GET /api/auth/get-session 200 in 24ms (next.js: 6ms, proxy.ts: 4ms, application-code: 15ms)
 GET /api/auth/organization/list 200 in 27ms (next.js: 11ms, proxy.ts: 4ms, application-code: 12ms)
 POST /dashboard?client=80000000-0000-4000-8000-000000000092 200 in 288ms (next.js: 3ms, proxy.ts: 3ms, application-code: 281ms)
  └─ ƒ setCookieConsent({}) in 1ms src/app/preferences-actions.ts
 GET /dashboard?client=80000000-0000-4000-8000-000000000092 200 in 263ms (next.js: 13ms, proxy.ts: 19ms, application-code: 231ms)
 GET /api/auth/get-session 200 in 72ms (next.js: 28ms, proxy.ts: 4ms, application-code: 40ms)
 GET /api/auth/organization/list 200 in 115ms (next.js: 43ms, proxy.ts: 4ms, application-code: 68ms)
 GET /dashboard?client=80000000-0000-4000-8000-000000000092 200 in 220ms (next.js: 5ms, proxy.ts: 4ms, application-code: 211ms)
 GET /api/auth/get-session 200 in 89ms (next.js: 45ms, proxy.ts: 3ms, application-code: 41ms)
 GET /api/auth/organization/list 200 in 150ms (next.js: 53ms, proxy.ts: 3ms, application-code: 94ms)
 GET /dashboard?client=80000000-0000-4000-8000-000000000092 200 in 281ms (next.js: 3ms, proxy.ts: 3ms, application-code: 275ms)
 GET /api/auth/get-session 200 in 129ms (next.js: 92ms, proxy.ts: 4ms, application-code: 33ms)
 GET /api/auth/organization/list 200 in 163ms (next.js: 97ms, proxy.ts: 4ms, application-code: 62ms)
 GET /dashboard?client=80000000-0000-4000-8000-000000000092 200 in 248ms (next.js: 3ms, proxy.ts: 4ms, application-code: 241ms)
 GET /api/auth/get-session 200 in 20ms (next.js: 6ms, proxy.ts: 3ms, application-code: 12ms)
 GET /api/auth/organization/list 200 in 22ms (next.js: 10ms, proxy.ts: 3ms, application-code: 10ms)
 GET /dashboard?client=80000000-0000-4000-8000-000000000093 200 in 164ms (next.js: 2ms, proxy.ts: 1.9ms, application-code: 160ms)
  ✓  18 [chromium] › e2e/dashboard-health-local.spec.ts:15:53 › qualified cockpit health › counts all alerts and refuses unqualified scores in fr (2.5s)
 GET /dashboard?client=80000000-0000-4000-8000-000000000092 200 in 181ms (next.js: 2ms, proxy.ts: 1.8ms, application-code: 177ms)
 GET /api/auth/get-session 200 in 19ms (next.js: 5ms, proxy.ts: 3ms, application-code: 11ms)
 GET /api/auth/organization/list 200 in 21ms (next.js: 9ms, proxy.ts: 3ms, application-code: 10ms)
 POST /dashboard?client=80000000-0000-4000-8000-000000000092 200 in 270ms (next.js: 2ms, proxy.ts: 3ms, application-code: 265ms)
  └─ ƒ setCookieConsent({}) in 1ms src/app/preferences-actions.ts
 GET /dashboard?client=80000000-0000-4000-8000-000000000092 200 in 256ms (next.js: 9ms, proxy.ts: 16ms, application-code: 232ms)
 GET /api/auth/get-session 200 in 78ms (next.js: 31ms, proxy.ts: 5ms, application-code: 42ms)
 GET /api/auth/organization/list 200 in 122ms (next.js: 49ms, proxy.ts: 4ms, application-code: 70ms)
 GET /dashboard?client=80000000-0000-4000-8000-000000000092 200 in 230ms (next.js: 3ms, proxy.ts: 4ms, application-code: 223ms)
 GET /api/auth/get-session 200 in 68ms (next.js: 44ms, proxy.ts: 3ms, application-code: 21ms)
 GET /api/auth/organization/list 200 in 111ms (next.js: 46ms, proxy.ts: 3ms, application-code: 62ms)
 GET /dashboard?client=80000000-0000-4000-8000-000000000092 200 in 214ms (next.js: 3ms, proxy.ts: 3ms, application-code: 208ms)
 GET /api/auth/get-session 200 in 60ms (next.js: 36ms, proxy.ts: 3ms, application-code: 21ms)
 GET /api/auth/organization/list 200 in 104ms (next.js: 39ms, proxy.ts: 3ms, application-code: 62ms)
 GET /dashboard?client=80000000-0000-4000-8000-000000000092 200 in 190ms (next.js: 3ms, proxy.ts: 4ms, application-code: 183ms)
 GET /api/auth/get-session 200 in 23ms (next.js: 5ms, proxy.ts: 3ms, application-code: 15ms)
 GET /api/auth/organization/list 200 in 26ms (next.js: 10ms, proxy.ts: 3ms, application-code: 12ms)
 GET /dashboard?client=80000000-0000-4000-8000-000000000093 200 in 154ms (next.js: 1.8ms, proxy.ts: 1.6ms, application-code: 150ms)
  ✓  19 [chromium] › e2e/dashboard-health-local.spec.ts:15:53 › qualified cockpit health › counts all alerts and refuses unqualified scores in en (2.4s)
 GET /insights/devices?client=80000000-0000-4000-8000-000000000094 200 in 117ms (next.js: 5ms, proxy.ts: 1.6ms, application-code: 111ms)
 GET /api/auth/get-session 200 in 466ms (next.js: 4ms, proxy.ts: 449ms, application-code: 12ms)
 GET /api/auth/organization/list 200 in 434ms (next.js: 10ms, proxy.ts: 416ms, application-code: 8ms)
 GET /tasks 200 in 52ms (next.js: 5ms, proxy.ts: 2ms, application-code: 45ms)
 GET /discussions/tasks/c4a47883-373d-453a-93ee-d90c470910cc 200 in 533ms (next.js: 425ms, proxy.ts: 2ms, application-code: 105ms)
 GET /api/auth/get-session 200 in 29ms (next.js: 5ms, proxy.ts: 3ms, application-code: 21ms)
 GET /api/auth/organization/list 200 in 31ms (next.js: 17ms, proxy.ts: 3ms, application-code: 11ms)
 GET /dashboard 200 in 54ms (next.js: 2ms, proxy.ts: 2ms, application-code: 50ms)
 GET /tasks 200 in 54ms (next.js: 2ms, proxy.ts: 2ms, application-code: 49ms)
 GET /dashboard 200 in 74ms (next.js: 2ms, proxy.ts: 2ms, application-code: 69ms)
 GET /tasks 200 in 53ms (next.js: 3ms, proxy.ts: 3ms, application-code: 48ms)
 GET /dashboard?client=invalid 404 in 115ms (next.js: 3ms, proxy.ts: 4ms, application-code: 108ms)
 GET /dashboard?client= 404 in 105ms (next.js: 1.5ms, proxy.ts: 1.5ms, application-code: 102ms)
 GET /dashboard?client=80000000-0000-4000-8000-000000000095 404 in 105ms (next.js: 1.6ms, proxy.ts: 1.5ms, application-code: 102ms)
 GET /dashboard?client=80000000-0000-4000-8000-000000000094&client=80000000-0000-4000-8000-000000000095 404 in 98ms (next.js: 1.7ms, proxy.ts: 1.8ms, application-code: 94ms)
 GET /analysis?client=invalid 404 in 132ms (next.js: 23ms, proxy.ts: 1.7ms, application-code: 107ms)
 GET /analysis?client= 404 in 95ms (next.js: 1.6ms, proxy.ts: 1.5ms, application-code: 92ms)
 GET /analysis?client=80000000-0000-4000-8000-000000000095 404 in 110ms (next.js: 1.6ms, proxy.ts: 1.5ms, application-code: 107ms)
 GET /analysis?client=80000000-0000-4000-8000-000000000094&client=80000000-0000-4000-8000-000000000095 404 in 95ms (next.js: 1.6ms, proxy.ts: 1.4ms, application-code: 92ms)
 GET /insights?client=invalid 404 in 104ms (next.js: 3ms, proxy.ts: 1.5ms, application-code: 99ms)
 GET /insights?client= 404 in 100ms (next.js: 1.7ms, proxy.ts: 1.5ms, application-code: 97ms)
 GET /insights?client=80000000-0000-4000-8000-000000000095 404 in 98ms (next.js: 1.6ms, proxy.ts: 1.6ms, application-code: 95ms)
 GET /insights?client=80000000-0000-4000-8000-000000000094&client=80000000-0000-4000-8000-000000000095 404 in 103ms (next.js: 1.8ms, proxy.ts: 1.5ms, application-code: 100ms)
 GET /history?client=invalid 404 in 100ms (next.js: 4ms, proxy.ts: 1.4ms, application-code: 95ms)
 GET /history?client= 404 in 108ms (next.js: 1.5ms, proxy.ts: 1.5ms, application-code: 105ms)
 GET /history?client=80000000-0000-4000-8000-000000000095 404 in 100ms (next.js: 1.8ms, proxy.ts: 1.6ms, application-code: 97ms)
 GET /history?client=80000000-0000-4000-8000-000000000094&client=80000000-0000-4000-8000-000000000095 404 in 101ms (next.js: 1.7ms, proxy.ts: 7ms, application-code: 92ms)
 GET /dashboard?client=80000000-0000-4000-8000-000000000094 404 in 105ms (next.js: 1.6ms, proxy.ts: 1.6ms, application-code: 102ms)
  ✓  20 [chromium] › e2e/navigation-state-local.spec.ts:14:53 › live navigation state › follows client navigation, keyboard and invalid accounts in fr (4.8s)
 GET /insights/devices?client=80000000-0000-4000-8000-000000000094 200 in 114ms (next.js: 4ms, proxy.ts: 2ms, application-code: 109ms)
 GET /api/auth/get-session 200 in 32ms (next.js: 8ms, proxy.ts: 2ms, application-code: 22ms)
 GET /api/auth/organization/list 200 in 37ms (next.js: 13ms, proxy.ts: 3ms, application-code: 21ms)
 GET /tasks 200 in 53ms (next.js: 4ms, proxy.ts: 3ms, application-code: 46ms)
 GET /discussions/tasks/54cc3dcd-39b1-44b3-933d-8bd9d4c8fa6f 200 in 111ms (next.js: 4ms, proxy.ts: 1.7ms, application-code: 105ms)
 GET /api/auth/get-session 200 in 34ms (next.js: 6ms, proxy.ts: 3ms, application-code: 25ms)
 GET /api/auth/organization/list 200 in 35ms (next.js: 21ms, proxy.ts: 4ms, application-code: 11ms)
 GET /dashboard 200 in 58ms (next.js: 3ms, proxy.ts: 2ms, application-code: 54ms)
 GET /tasks 200 in 43ms (next.js: 2ms, proxy.ts: 2ms, application-code: 39ms)
 GET /dashboard 200 in 52ms (next.js: 2ms, proxy.ts: 1.9ms, application-code: 48ms)
 GET /tasks 200 in 151ms (next.js: 2ms, proxy.ts: 9ms, application-code: 139ms)
 GET /dashboard?client=invalid 404 in 121ms (next.js: 5ms, proxy.ts: 3ms, application-code: 113ms)
 GET /dashboard?client= 404 in 114ms (next.js: 2ms, proxy.ts: 1.7ms, application-code: 110ms)
 GET /dashboard?client=80000000-0000-4000-8000-000000000095 404 in 112ms (next.js: 2ms, proxy.ts: 1.6ms, application-code: 108ms)
 GET /dashboard?client=80000000-0000-4000-8000-000000000094&client=80000000-0000-4000-8000-000000000095 404 in 98ms (next.js: 1.7ms, proxy.ts: 1.7ms, application-code: 95ms)
 GET /analysis?client=invalid 404 in 102ms (next.js: 1.7ms, proxy.ts: 1.5ms, application-code: 98ms)
 GET /analysis?client= 404 in 97ms (next.js: 1.6ms, proxy.ts: 1.5ms, application-code: 94ms)
 GET /analysis?client=80000000-0000-4000-8000-000000000095 404 in 105ms (next.js: 1.5ms, proxy.ts: 1.5ms, application-code: 102ms)
 GET /analysis?client=80000000-0000-4000-8000-000000000094&client=80000000-0000-4000-8000-000000000095 404 in 95ms (next.js: 1.7ms, proxy.ts: 1.6ms, application-code: 92ms)
 GET /insights?client=invalid 404 in 101ms (next.js: 1.5ms, proxy.ts: 1.4ms, application-code: 98ms)
 GET /insights?client= 404 in 99ms (next.js: 1.7ms, proxy.ts: 1.4ms, application-code: 96ms)
 GET /insights?client=80000000-0000-4000-8000-000000000095 404 in 101ms (next.js: 1.6ms, proxy.ts: 1.6ms, application-code: 98ms)
 GET /insights?client=80000000-0000-4000-8000-000000000094&client=80000000-0000-4000-8000-000000000095 404 in 107ms (next.js: 1.8ms, proxy.ts: 1.9ms, application-code: 104ms)
 GET /history?client=invalid 404 in 91ms (next.js: 1.5ms, proxy.ts: 1.5ms, application-code: 88ms)
 GET /history?client= 404 in 99ms (next.js: 1.5ms, proxy.ts: 1.7ms, application-code: 96ms)
 GET /history?client=80000000-0000-4000-8000-000000000095 404 in 97ms (next.js: 1.7ms, proxy.ts: 1.6ms, application-code: 93ms)
 GET /history?client=80000000-0000-4000-8000-000000000094&client=80000000-0000-4000-8000-000000000095 404 in 99ms (next.js: 1.5ms, proxy.ts: 1.5ms, application-code: 96ms)
 GET /dashboard?client=80000000-0000-4000-8000-000000000094 404 in 108ms (next.js: 2ms, proxy.ts: 1.6ms, application-code: 104ms)
  ✓  21 [chromium] › e2e/navigation-state-local.spec.ts:14:53 › live navigation state › follows client navigation, keyboard and invalid accounts in en (3.3s)
 GET /portfolio?q=PORTFOLIO_ 200 in 311ms (next.js: 19ms, proxy.ts: 2ms, application-code: 290ms)
 GET /api/auth/get-session 200 in 18ms (next.js: 4ms, proxy.ts: 3ms, application-code: 11ms)
 GET /api/auth/organization/list 200 in 19ms (next.js: 9ms, proxy.ts: 2ms, application-code: 8ms)
 GET /portfolio?q=PORTFOLIO_&cursor=eyJ2IjoxLCJpdiI6IlcteUUwRVVtUnNMTUZIREMiLCJ0YWciOiJ6UE5YZ1BfUkxQdDMwcTRIOU9hYkVBIiwiZGF0YSI6IlZDcENnVnd0WHd4SHFkV0tUcXNjUzdZTXlKTHA5WnNwTHJUNTNBUDcyM2RHQnMtSzdZRUxycVJUMndXSjQ1Y2RDVFktcUJ2dlNjTEV6SGZqc0E0N0cwRG9ndXAwWVFoYjBlNFhULU5WUmc4M0tSUE85Vzl5YThucU1PVnhvQXNWRjhTU0J0QjEwc2ZSUkFja2VLTERjNVR6ZkEyMWtmMi1YSzJyX0s5NlB5TEo3LU9SdGdkclN6Q3FMSWZ5cjRZUVlYQlI1QmtibHV3MDA4bncyaDNCMEUyQ3c3U1FXbXFfY3FtM3J6aGU4YVllOFhtSXBMNHVnNU4wZTFlcFI2MWh5Qk5MNnNNb1U0LUFacVpwYldtU0xwTGtOdEtzcVd1UzV2Qndpcy1LaVZTdFFpenVlNjRwZmcifQ 200 in 85ms (next.js: 2ms, proxy.ts: 3ms, application-code: 80ms)
 GET /portfolio?q=PORTFOLIO_&attention=missing_data&currency=&assignee= 200 in 162ms (next.js: 1.7ms, proxy.ts: 2.0ms, application-code: 158ms)
 GET /api/auth/get-session 200 in 28ms (next.js: 5ms, proxy.ts: 4ms, application-code: 19ms)
 GET /api/auth/organization/list 200 in 30ms (next.js: 12ms, proxy.ts: 4ms, application-code: 14ms)
 GET /portfolio?q=PORTFOLIO_&attention=missing_data&view_notice=saved 200 in 82ms (next.js: 1.6ms, proxy.ts: 1.6ms, application-code: 78ms)
 POST /portfolio?q=PORTFOLIO_&attention=missing_data&currency=&assignee= 200 in 102ms (next.js: 1.8ms, proxy.ts: 2ms, application-code: 98ms)
  └─ ƒ storePortfolioView({}) in 10ms src/app/portfolio-actions.ts
 GET /portfolio?q=PORTFOLIO_&attention=missing_data&view_notice=saved 200 in 72ms (next.js: 1.9ms, proxy.ts: 1.5ms, application-code: 69ms)
 POST /portfolio?q=PORTFOLIO_&attention=missing_data&view_notice=saved 200 in 94ms (next.js: 2.0ms, proxy.ts: 2ms, application-code: 90ms)
  └─ ƒ storePortfolioView({}) in 13ms src/app/portfolio-actions.ts
 GET /portfolio?q=PORTFOLIO_ 200 in 279ms (next.js: 1.7ms, proxy.ts: 1.9ms, application-code: 275ms)
 GET /api/auth/get-session 200 in 19ms (next.js: 5ms, proxy.ts: 3ms, application-code: 10ms)
 GET /api/auth/organization/list 200 in 20ms (next.js: 10ms, proxy.ts: 3ms, application-code: 7ms)
 GET /portfolio?view_notice=conflict 200 in 114ms (next.js: 3ms, proxy.ts: 3ms, application-code: 109ms)
 POST /portfolio?q=PORTFOLIO_ 200 in 137ms (next.js: 2ms, proxy.ts: 4ms, application-code: 131ms)
  └─ ƒ removePortfolioView({}) in 9ms src/app/portfolio-actions.ts
 GET /portfolio?q=PORTFOLIO_ 200 in 315ms (next.js: 4ms, proxy.ts: 5ms, application-code: 306ms)
 GET /api/auth/get-session 200 in 16ms (next.js: 4ms, proxy.ts: 2ms, application-code: 9ms)
 GET /api/auth/organization/list 200 in 17ms (next.js: 8ms, proxy.ts: 2ms, application-code: 7ms)
 GET /portfolio?view_notice=deleted 200 in 118ms (next.js: 4ms, proxy.ts: 3ms, application-code: 111ms)
 POST /portfolio?q=PORTFOLIO_ 200 in 137ms (next.js: 1.9ms, proxy.ts: 3ms, application-code: 132ms)
  └─ ƒ removePortfolioView({}) in 8ms src/app/portfolio-actions.ts
 GET /tasks?status=open&assignee=unassigned 200 in 47ms (next.js: 2ms, proxy.ts: 1.8ms, application-code: 43ms)
 GET /portfolio?assignee=local-browser-fixture-owner 200 in 172ms (next.js: 2ms, proxy.ts: 1.9ms, application-code: 168ms)
 GET /api/auth/get-session 200 in 99ms (next.js: 17ms, proxy.ts: 22ms, application-code: 61ms)
 GET /api/auth/organization/list 200 in 99ms (next.js: 26ms, proxy.ts: 20ms, application-code: 53ms)
 GET /portfolio?assignee=local-browser-fixture-owner 200 in 178ms (next.js: 2ms, proxy.ts: 2ms, application-code: 173ms)
 GET /api/auth/get-session 200 in 93ms (next.js: 42ms, proxy.ts: 13ms, application-code: 38ms)
 GET /api/auth/organization/list 200 in 116ms (next.js: 44ms, proxy.ts: 13ms, application-code: 59ms)
 GET /portfolio?q=PORTFOLIO_ 200 in 344ms (next.js: 1.9ms, proxy.ts: 1.9ms, application-code: 340ms)
 GET /api/auth/get-session 200 in 18ms (next.js: 5ms, proxy.ts: 2ms, application-code: 10ms)
 GET /api/auth/organization/list 200 in 19ms (next.js: 9ms, proxy.ts: 2ms, application-code: 8ms)
 GET /portfolio?q=PORTFOLIO_ 200 in 303ms (next.js: 1.6ms, proxy.ts: 1.8ms, application-code: 300ms)
 GET /api/auth/get-session 200 in 17ms (next.js: 5ms, proxy.ts: 2ms, application-code: 10ms)
 GET /api/auth/organization/list 200 in 19ms (next.js: 8ms, proxy.ts: 2ms, application-code: 8ms)
⨯ Error [PermissionDeniedError]: Permission required: portfolio:read
    at requirePermission (src/lib/permissions.ts:79:19)
    at requireWorkspacePermission (src/lib/workspace.ts:164:73)
    at async PortfolioPage (src/app/(app)/portfolio/page.tsx:16:40)
  77 | export function requirePermission(role: WorkspaceRole, permission: Permission) {
  78 |   if (!rolePermissions[role].has(permission)) {
> 79 |     const error = new Error(`Permission required: ${permission}`)
     |                   ^
  80 |     error.name = 'PermissionDeniedError'
  81 |     throw error
  82 |   } {
  digest: '1540256429'
}
 GET /portfolio?q=PORTFOLIO_ 307 in 77ms (next.js: 2.0ms, proxy.ts: 2ms, application-code: 73ms)
 GET /support?error=Acc%C3%A8s%20non%20autoris%C3%A9 200 in 88ms (next.js: 4ms, proxy.ts: 2ms, application-code: 82ms)
 GET /portfolio?q=PORTFOLIO_ 307 in 52ms (next.js: 1.7ms, proxy.ts: 1.6ms, application-code: 48ms)
 GET /sign-in 200 in 40ms (next.js: 5ms, proxy.ts: 1.6ms, application-code: 33ms)
{"locale":"fr","developmentStyleViolations":231,"applicationErrors":0}
  ✓  22 [chromium] › e2e/portfolio-local.spec.ts:13:53 › agency portfolio › reviews 50 accounts, personal views and team workload in fr (6.5s)
 GET /portfolio?q=PORTFOLIO_ 200 in 293ms (next.js: 2ms, proxy.ts: 2ms, application-code: 289ms)
 GET /api/auth/get-session 200 in 17ms (next.js: 5ms, proxy.ts: 3ms, application-code: 10ms)
 GET /api/auth/organization/list 200 in 19ms (next.js: 8ms, proxy.ts: 2ms, application-code: 8ms)
 GET /portfolio?q=PORTFOLIO_&cursor=eyJ2IjoxLCJpdiI6IjRCTE50MXhtcTh5b0NkMXciLCJ0YWciOiJZbTZ5Y1JHalVGMGx4bHIxLWFTSFJ3IiwiZGF0YSI6IjBWLTQ3RnVJR29VYndQakxBUUdyamZLOGFEOWlWOU85WnZkY1BCdVlxQjhPcjNLMDgxUHhiUEVTR0xHaGZwWXFMNDZKOWFtX21HQTJvaHpqbXpaVU9wLUZRdGx0RVRvcDFwdmNPWHJTNXJuWnhCazA2Z0pOVDdZYWZRQXBBTXRfNEFYX0ViUGNKYUVhZFkzdjJFLUxrUmJVZUplc2RLU0xEUzlnRmRCb1NoNXAwcFhBejNyVFBwT081OERIRllZSWZlWFB2OTlxUVJpQ3dRR1hZVDhweHlXMlhOc29GYzdaSTdIa1VnOWlNRWlxbkFPeTlQTjRWd2xnSmk3amtwV18ySGpRU3RIYk85NDZZYlRyZGJLV2NuRUk3eThyR3pLUFpOOG5NSndMU1ZONmxQWGx1QTltUlEifQ 200 in 109ms (next.js: 2ms, proxy.ts: 2ms, application-code: 104ms)
 GET /portfolio?q=PORTFOLIO_&attention=missing_data&currency=&assignee= 200 in 178ms (next.js: 1.9ms, proxy.ts: 2ms, application-code: 174ms)
 GET /api/auth/get-session 200 in 23ms (next.js: 5ms, proxy.ts: 4ms, application-code: 14ms)
 GET /api/auth/organization/list 200 in 25ms (next.js: 9ms, proxy.ts: 4ms, application-code: 12ms)
 GET /portfolio?q=PORTFOLIO_&attention=missing_data&view_notice=saved 200 in 84ms (next.js: 1.6ms, proxy.ts: 1.5ms, application-code: 81ms)
 POST /portfolio?q=PORTFOLIO_&attention=missing_data&currency=&assignee= 200 in 102ms (next.js: 2ms, proxy.ts: 3ms, application-code: 97ms)
  └─ ƒ storePortfolioView({}) in 7ms src/app/portfolio-actions.ts
 GET /portfolio?q=PORTFOLIO_&attention=missing_data&view_notice=saved 200 in 75ms (next.js: 1.8ms, proxy.ts: 1.6ms, application-code: 71ms)
 POST /portfolio?q=PORTFOLIO_&attention=missing_data&view_notice=saved 200 in 92ms (next.js: 2ms, proxy.ts: 2ms, application-code: 87ms)
  └─ ƒ storePortfolioView({}) in 8ms src/app/portfolio-actions.ts
 GET /portfolio?q=PORTFOLIO_ 200 in 314ms (next.js: 2.0ms, proxy.ts: 1.9ms, application-code: 310ms)
 GET /api/auth/get-session 200 in 17ms (next.js: 4ms, proxy.ts: 3ms, application-code: 10ms)
 GET /api/auth/organization/list 200 in 19ms (next.js: 9ms, proxy.ts: 2ms, application-code: 8ms)
 GET /portfolio?view_notice=conflict 200 in 114ms (next.js: 1.8ms, proxy.ts: 3ms, application-code: 109ms)
 POST /portfolio?q=PORTFOLIO_ 200 in 135ms (next.js: 3ms, proxy.ts: 2ms, application-code: 130ms)
  └─ ƒ removePortfolioView({}) in 8ms src/app/portfolio-actions.ts
 GET /portfolio?q=PORTFOLIO_ 200 in 324ms (next.js: 1.8ms, proxy.ts: 2.0ms, application-code: 320ms)
 GET /api/auth/get-session 200 in 17ms (next.js: 5ms, proxy.ts: 2ms, application-code: 10ms)
 GET /api/auth/organization/list 200 in 18ms (next.js: 8ms, proxy.ts: 3ms, application-code: 8ms)
 GET /portfolio?view_notice=deleted 200 in 140ms (next.js: 5ms, proxy.ts: 2ms, application-code: 132ms)
 POST /portfolio?q=PORTFOLIO_ 200 in 158ms (next.js: 2ms, proxy.ts: 2ms, application-code: 153ms)
  └─ ƒ removePortfolioView({}) in 8ms src/app/portfolio-actions.ts
 GET /tasks?status=open&assignee=unassigned 200 in 51ms (next.js: 2ms, proxy.ts: 1.9ms, application-code: 47ms)
 GET /portfolio?assignee=local-browser-fixture-owner 200 in 183ms (next.js: 2ms, proxy.ts: 2ms, application-code: 179ms)
 GET /api/auth/get-session 200 in 124ms (next.js: 18ms, proxy.ts: 37ms, application-code: 69ms)
 GET /api/auth/organization/list 200 in 125ms (next.js: 20ms, proxy.ts: 36ms, application-code: 69ms)
 GET /portfolio?assignee=local-browser-fixture-owner 200 in 201ms (next.js: 3ms, proxy.ts: 3ms, application-code: 195ms)
 GET /api/auth/get-session 200 in 86ms (next.js: 43ms, proxy.ts: 12ms, application-code: 31ms)
 GET /api/auth/organization/list 200 in 87ms (next.js: 46ms, proxy.ts: 11ms, application-code: 31ms)
 GET /portfolio?q=PORTFOLIO_ 200 in 351ms (next.js: 2ms, proxy.ts: 2ms, application-code: 347ms)
 GET /api/auth/get-session 200 in 21ms (next.js: 5ms, proxy.ts: 3ms, application-code: 13ms)
 GET /api/auth/organization/list 200 in 22ms (next.js: 9ms, proxy.ts: 3ms, application-code: 11ms)
 GET /portfolio?q=PORTFOLIO_ 200 in 294ms (next.js: 1.7ms, proxy.ts: 1.8ms, application-code: 290ms)
 GET /api/auth/get-session 200 in 18ms (next.js: 5ms, proxy.ts: 3ms, application-code: 10ms)
 GET /api/auth/organization/list 200 in 20ms (next.js: 8ms, proxy.ts: 3ms, application-code: 9ms)
⨯ Error [PermissionDeniedError]: Permission required: portfolio:read
    at requirePermission (src/lib/permissions.ts:79:19)
    at requireWorkspacePermission (src/lib/workspace.ts:164:73)
    at async PortfolioPage (src/app/(app)/portfolio/page.tsx:16:40)
  77 | export function requirePermission(role: WorkspaceRole, permission: Permission) {
  78 |   if (!rolePermissions[role].has(permission)) {
> 79 |     const error = new Error(`Permission required: ${permission}`)
     |                   ^
  80 |     error.name = 'PermissionDeniedError'
  81 |     throw error
  82 |   } {
  digest: '1540256429'
}
 GET /portfolio?q=PORTFOLIO_ 307 in 74ms (next.js: 1.8ms, proxy.ts: 2.0ms, application-code: 71ms)
 GET /support?error=Acc%C3%A8s%20non%20autoris%C3%A9 200 in 102ms (next.js: 6ms, proxy.ts: 1.9ms, application-code: 94ms)
 GET /portfolio?q=PORTFOLIO_ 307 in 52ms (next.js: 1.7ms, proxy.ts: 2ms, application-code: 48ms)
 GET /sign-in 200 in 37ms (next.js: 5ms, proxy.ts: 2.0ms, application-code: 30ms)
{"locale":"en","developmentStyleViolations":231,"applicationErrors":0}
  ✓  23 [chromium] › e2e/portfolio-local.spec.ts:13:53 › agency portfolio › reviews 50 accounts, personal views and team workload in en (6.5s)
 GET /billing 200 in 141ms (next.js: 3ms, proxy.ts: 1.7ms, application-code: 136ms)
 GET /api/auth/get-session 200 in 81ms (next.js: 41ms, proxy.ts: 11ms, application-code: 28ms)
 GET /api/auth/organization/list 200 in 90ms (next.js: 44ms, proxy.ts: 11ms, application-code: 35ms)
 GET /accounts 200 in 140ms (next.js: 3ms, proxy.ts: 2ms, application-code: 135ms)
 GET /api/auth/get-session 200 in 24ms (next.js: 3ms, proxy.ts: 3ms, application-code: 18ms)
 GET /api/auth/organization/list 200 in 25ms (next.js: 14ms, proxy.ts: 2ms, application-code: 9ms)
 POST /accounts 200 in 52ms (next.js: 1.9ms, proxy.ts: 2ms, application-code: 48ms)
  └─ ƒ setCookieConsent({}) in 0ms src/app/preferences-actions.ts
 GET /accounts?selection=saved 200 in 55ms (next.js: 1.9ms, proxy.ts: 1.9ms, application-code: 51ms)
 POST /accounts 200 in 79ms (next.js: 2ms, proxy.ts: 2ms, application-code: 75ms)
  └─ ƒ updateManagedAccounts({}) in 12ms src/app/account-selection-actions.ts
 GET /accounts?selection=saved 200 in 54ms (next.js: 1.7ms, proxy.ts: 1.7ms, application-code: 50ms)
 POST /accounts?selection=saved 200 in 73ms (next.js: 1.9ms, proxy.ts: 2ms, application-code: 69ms)
  └─ ƒ updateManagedAccounts({}) in 10ms src/app/account-selection-actions.ts
 GET /accounts?selection=conflict 200 in 48ms (next.js: 1.6ms, proxy.ts: 1.5ms, application-code: 45ms)
 POST /accounts?selection=saved 200 in 63ms (next.js: 1.8ms, proxy.ts: 1.9ms, application-code: 60ms)
  └─ ƒ updateManagedAccounts({}) in 7ms src/app/account-selection-actions.ts
 GET /accounts?selection=saved 200 in 55ms (next.js: 1.7ms, proxy.ts: 1.6ms, application-code: 52ms)
 POST /accounts?selection=conflict 200 in 73ms (next.js: 1.8ms, proxy.ts: 2ms, application-code: 69ms)
  └─ ƒ updateManagedAccounts({}) in 9ms src/app/account-selection-actions.ts
 GET /accounts 200 in 92ms (next.js: 1.6ms, proxy.ts: 1.7ms, application-code: 89ms)
  ✓  24 [chromium] › e2e/prod-ready-local.spec.ts:26:44 › local production readiness regression journeys › managed account selection preserves priorities and enforces quota in fr (2.2s)
 GET /billing 200 in 144ms (next.js: 1.7ms, proxy.ts: 1.8ms, application-code: 140ms)
 GET /api/auth/get-session 200 in 86ms (next.js: 40ms, proxy.ts: 11ms, application-code: 35ms)
 GET /api/auth/organization/list 200 in 94ms (next.js: 43ms, proxy.ts: 11ms, application-code: 40ms)
 GET /accounts 200 in 135ms (next.js: 1.9ms, proxy.ts: 3ms, application-code: 130ms)
 GET /api/auth/get-session 200 in 15ms (next.js: 3ms, proxy.ts: 3ms, application-code: 9ms)
 GET /api/auth/organization/list 200 in 16ms (next.js: 6ms, proxy.ts: 2ms, application-code: 8ms)
 POST /accounts 200 in 51ms (next.js: 1.8ms, proxy.ts: 1.9ms, application-code: 48ms)
  └─ ƒ setCookieConsent({}) in 2ms src/app/preferences-actions.ts
 GET /accounts?selection=saved 200 in 61ms (next.js: 1.7ms, proxy.ts: 1.6ms, application-code: 57ms)
 POST /accounts 200 in 81ms (next.js: 2ms, proxy.ts: 2ms, application-code: 77ms)
  └─ ƒ updateManagedAccounts({}) in 10ms src/app/account-selection-actions.ts
 GET /accounts?selection=saved 200 in 48ms (next.js: 1.7ms, proxy.ts: 1.4ms, application-code: 45ms)
 POST /accounts?selection=saved 200 in 66ms (next.js: 1.9ms, proxy.ts: 2ms, application-code: 62ms)
  └─ ƒ updateManagedAccounts({}) in 8ms src/app/account-selection-actions.ts
 GET /accounts?selection=conflict 200 in 49ms (next.js: 1.6ms, proxy.ts: 1.8ms, application-code: 45ms)
 POST /accounts?selection=saved 200 in 65ms (next.js: 1.9ms, proxy.ts: 2ms, application-code: 61ms)
  └─ ƒ updateManagedAccounts({}) in 7ms src/app/account-selection-actions.ts
 GET /accounts?selection=saved 200 in 47ms (next.js: 1.6ms, proxy.ts: 1.6ms, application-code: 44ms)
 POST /accounts?selection=conflict 200 in 71ms (next.js: 1.9ms, proxy.ts: 2ms, application-code: 67ms)
  └─ ƒ updateManagedAccounts({}) in 15ms src/app/account-selection-actions.ts
 GET /accounts 200 in 93ms (next.js: 1.7ms, proxy.ts: 1.7ms, application-code: 89ms)
  ✓  25 [chromium] › e2e/prod-ready-local.spec.ts:26:44 › local production readiness regression journeys › managed account selection preserves priorities and enforces quota in en (2.2s)
 GET /dashboard?client=80000000-0000-4000-8000-000000000004 200 in 171ms (next.js: 3ms, proxy.ts: 1.8ms, application-code: 166ms)
 GET /api/auth/get-session 200 in 20ms (next.js: 5ms, proxy.ts: 3ms, application-code: 12ms)
 GET /api/auth/organization/list 200 in 34ms (next.js: 9ms, proxy.ts: 3ms, application-code: 22ms)
 POST /dashboard?client=80000000-0000-4000-8000-000000000004 200 in 85ms (next.js: 2ms, proxy.ts: 1.9ms, application-code: 81ms)
  └─ ƒ setCookieConsent({}) in 2ms src/app/preferences-actions.ts
 GET /dashboard?client=80000000-0000-4000-8000-000000000004 200 in 170ms (next.js: 1.9ms, proxy.ts: 1.7ms, application-code: 166ms)
 GET /api/auth/get-session 200 in 40ms (next.js: 13ms, proxy.ts: 6ms, application-code: 21ms)
 GET /api/auth/organization/list 200 in 41ms (next.js: 19ms, proxy.ts: 5ms, application-code: 17ms)
  ✓  26 [chromium] › e2e/prod-ready-local.spec.ts:91:44 › local production readiness regression journeys › pacing uses covered completed days and hides forecasts with a gap in fr (1.1s)
 GET /dashboard?client=80000000-0000-4000-8000-000000000004 200 in 170ms (next.js: 1.9ms, proxy.ts: 1.8ms, application-code: 166ms)
 GET /api/auth/get-session 200 in 22ms (next.js: 5ms, proxy.ts: 3ms, application-code: 14ms)
 GET /api/auth/organization/list 200 in 34ms (next.js: 11ms, proxy.ts: 3ms, application-code: 20ms)
 POST /dashboard?client=80000000-0000-4000-8000-000000000004 200 in 85ms (next.js: 2ms, proxy.ts: 2ms, application-code: 81ms)
  └─ ƒ setCookieConsent({}) in 1ms src/app/preferences-actions.ts
 GET /dashboard?client=80000000-0000-4000-8000-000000000004 200 in 170ms (next.js: 1.9ms, proxy.ts: 1.7ms, application-code: 167ms)
 GET /api/auth/get-session 200 in 22ms (next.js: 3ms, proxy.ts: 3ms, application-code: 16ms)
 GET /api/auth/organization/list 200 in 25ms (next.js: 8ms, proxy.ts: 3ms, application-code: 15ms)
  ✓  27 [chromium] › e2e/prod-ready-local.spec.ts:91:44 › local production readiness regression journeys › pacing uses covered completed days and hides forecasts with a gap in en (1.1s)
 GET /dashboard?client=80000000-0000-4000-8000-000000000005 200 in 172ms (next.js: 1.7ms, proxy.ts: 1.5ms, application-code: 169ms)
 GET /api/auth/get-session 200 in 21ms (next.js: 5ms, proxy.ts: 3ms, application-code: 13ms)
 GET /api/auth/organization/list 200 in 22ms (next.js: 8ms, proxy.ts: 3ms, application-code: 11ms)
 GET /analysis?client=80000000-0000-4000-8000-000000000005 200 in 190ms (next.js: 4ms, proxy.ts: 5ms, application-code: 181ms)
 GET /api/auth/get-session 200 in 91ms (next.js: 46ms, proxy.ts: 21ms, application-code: 24ms)
 GET /api/auth/organization/list 200 in 102ms (next.js: 49ms, proxy.ts: 21ms, application-code: 33ms)
 GET /insights?client=80000000-0000-4000-8000-000000000005 200 in 262ms (next.js: 3ms, proxy.ts: 3ms, application-code: 256ms)
 GET /api/auth/get-session 200 in 68ms (next.js: 39ms, proxy.ts: 11ms, application-code: 17ms)
 GET /api/auth/organization/list 200 in 74ms (next.js: 42ms, proxy.ts: 12ms, application-code: 21ms)
 GET /dashboard?client=80000000-0000-4000-8000-000000000005 200 in 203ms (next.js: 2ms, proxy.ts: 2.0ms, application-code: 199ms)
 GET /api/auth/get-session 200 in 15ms (next.js: 3ms, proxy.ts: 3ms, application-code: 10ms)
 GET /api/auth/organization/list 200 in 17ms (next.js: 6ms, proxy.ts: 2ms, application-code: 9ms)
 GET /analysis?client=80000000-0000-4000-8000-000000000005 200 in 172ms (next.js: 2ms, proxy.ts: 1.3ms, application-code: 168ms)
 GET /api/auth/get-session 200 in 80ms (next.js: 45ms, proxy.ts: 14ms, application-code: 21ms)
 GET /api/auth/organization/list 200 in 83ms (next.js: 49ms, proxy.ts: 14ms, application-code: 21ms)
 GET /insights?client=80000000-0000-4000-8000-000000000005 200 in 237ms (next.js: 2ms, proxy.ts: 3ms, application-code: 232ms)
 GET /api/auth/get-session 200 in 68ms (next.js: 39ms, proxy.ts: 12ms, application-code: 17ms)
 GET /api/auth/organization/list 200 in 71ms (next.js: 42ms, proxy.ts: 12ms, application-code: 17ms)
 GET /insights?client=80000000-0000-4000-8000-000000000005 200 in 213ms (next.js: 1.9ms, proxy.ts: 1.9ms, application-code: 209ms)
 GET /api/auth/get-session 200 in 18ms (next.js: 3ms, proxy.ts: 3ms, application-code: 11ms)
 GET /api/auth/organization/list 200 in 19ms (next.js: 7ms, proxy.ts: 3ms, application-code: 9ms)
 POST /insights?client=80000000-0000-4000-8000-000000000005 200 in 74ms (next.js: 2.0ms, proxy.ts: 2ms, application-code: 70ms)
  └─ ƒ setCookieConsent({}) in 0ms src/app/preferences-actions.ts
  ✓  28 [chromium] › e2e/prod-ready-local.spec.ts:128:44 › local production readiness regression journeys › stored analytics remain available without Google and during grace in fr (2.9s)
 GET /dashboard?client=80000000-0000-4000-8000-000000000005 200 in 191ms (next.js: 4ms, proxy.ts: 2ms, application-code: 185ms)
 GET /api/auth/get-session 200 in 22ms (next.js: 5ms, proxy.ts: 4ms, application-code: 14ms)
 GET /api/auth/organization/list 200 in 25ms (next.js: 9ms, proxy.ts: 3ms, application-code: 13ms)
 GET /analysis?client=80000000-0000-4000-8000-000000000005 200 in 195ms (next.js: 6ms, proxy.ts: 5ms, application-code: 184ms)
 GET /api/auth/get-session 200 in 146ms (next.js: 101ms, proxy.ts: 12ms, application-code: 33ms)
 GET /api/auth/organization/list 200 in 151ms (next.js: 105ms, proxy.ts: 12ms, application-code: 34ms)
 GET /insights?client=80000000-0000-4000-8000-000000000005 200 in 357ms (next.js: 2ms, proxy.ts: 2ms, application-code: 352ms)
 GET /api/auth/get-session 200 in 73ms (next.js: 46ms, proxy.ts: 13ms, application-code: 14ms)
 GET /api/auth/organization/list 200 in 78ms (next.js: 49ms, proxy.ts: 13ms, application-code: 16ms)
 GET /dashboard?client=80000000-0000-4000-8000-000000000005 200 in 212ms (next.js: 2ms, proxy.ts: 1.9ms, application-code: 208ms)
 GET /api/auth/get-session 200 in 19ms (next.js: 3ms, proxy.ts: 3ms, application-code: 13ms)
 GET /api/auth/organization/list 200 in 22ms (next.js: 7ms, proxy.ts: 3ms, application-code: 12ms)
 GET /analysis?client=80000000-0000-4000-8000-000000000005 200 in 180ms (next.js: 4ms, proxy.ts: 1.9ms, application-code: 174ms)
 GET /api/auth/get-session 200 in 81ms (next.js: 50ms, proxy.ts: 14ms, application-code: 18ms)
 GET /api/auth/organization/list 200 in 84ms (next.js: 47ms, proxy.ts: 14ms, application-code: 23ms)
 GET /insights?client=80000000-0000-4000-8000-000000000005 200 in 250ms (next.js: 2ms, proxy.ts: 3ms, application-code: 244ms)
 GET /api/auth/get-session 200 in 120ms (next.js: 18ms, proxy.ts: 50ms, application-code: 52ms)
 GET /api/auth/organization/list 200 in 116ms (next.js: 21ms, proxy.ts: 45ms, application-code: 50ms)
 GET /insights?client=80000000-0000-4000-8000-000000000005 200 in 280ms (next.js: 6ms, proxy.ts: 5ms, application-code: 269ms)
 GET /api/auth/get-session 200 in 20ms (next.js: 4ms, proxy.ts: 3ms, application-code: 14ms)
 GET /api/auth/organization/list 200 in 22ms (next.js: 7ms, proxy.ts: 3ms, application-code: 12ms)
 POST /insights?client=80000000-0000-4000-8000-000000000005 200 in 105ms (next.js: 2ms, proxy.ts: 3ms, application-code: 99ms)
  └─ ƒ setCookieConsent({}) in 2ms src/app/preferences-actions.ts
  ✓  29 [chromium] › e2e/prod-ready-local.spec.ts:128:44 › local production readiness regression journeys › stored analytics remain available without Google and during grace in en (3.2s)
 GET /dashboard?client=80000000-0000-4000-8000-000000000006 200 in 320ms (next.js: 10ms, proxy.ts: 4ms, application-code: 306ms)
 GET /api/auth/get-session 200 in 28ms (next.js: 9ms, proxy.ts: 4ms, application-code: 14ms)
 GET /api/auth/organization/list 200 in 29ms (next.js: 13ms, proxy.ts: 5ms, application-code: 11ms)
 POST /dashboard?client=80000000-0000-4000-8000-000000000006 200 in 135ms (next.js: 3ms, proxy.ts: 3ms, application-code: 129ms)
  └─ ƒ setCookieConsent({}) in 2ms src/app/preferences-actions.ts
 GET /dashboard?client=80000000-0000-4000-8000-000000000006&sync=queued 200 in 79ms (next.js: 1.9ms, proxy.ts: 1.6ms, application-code: 76ms)
 POST /dashboard?client=80000000-0000-4000-8000-000000000006 200 in 103ms (next.js: 2ms, proxy.ts: 2ms, application-code: 98ms)
  └─ ƒ refreshAnalyticalData({}) in 12ms src/app/analytical-actions.ts
 GET /dashboard?client=80000000-0000-4000-8000-000000000006&sync=pending 200 in 93ms (next.js: 1.9ms, proxy.ts: 1.7ms, application-code: 89ms)
 POST /dashboard?client=80000000-0000-4000-8000-000000000006&sync=queued 200 in 130ms (next.js: 13ms, proxy.ts: 9ms, application-code: 109ms)
  └─ ƒ refreshAnalyticalData({}) in 10ms src/app/analytical-actions.ts
 GET /dashboard?client=80000000-0000-4000-8000-000000000006 200 in 174ms (next.js: 3ms, proxy.ts: 5ms, application-code: 166ms)
 GET /dashboard?client=80000000-0000-4000-8000-000000000006 200 in 165ms (next.js: 2ms, proxy.ts: 2ms, application-code: 161ms)
 GET /api/auth/get-session 200 in 23ms (next.js: 5ms, proxy.ts: 2ms, application-code: 15ms)
 GET /api/auth/organization/list 200 in 24ms (next.js: 10ms, proxy.ts: 2ms, application-code: 12ms)
 GET /dashboard?client=80000000-0000-4000-8000-000000000006&sync=unavailable 200 in 105ms (next.js: 2ms, proxy.ts: 2ms, application-code: 100ms)
 POST /dashboard?client=80000000-0000-4000-8000-000000000006 200 in 128ms (next.js: 4ms, proxy.ts: 3ms, application-code: 121ms)
  └─ ƒ refreshAnalyticalData({}) in 7ms src/app/analytical-actions.ts
  ✓  30 [chromium] › e2e/prod-ready-local.spec.ts:180:99 › local production readiness regression journeys › analytical refresh enqueues once and handles revoked connections in fr (2.3s)
 GET /dashboard?client=80000000-0000-4000-8000-000000000006 200 in 159ms (next.js: 1.9ms, proxy.ts: 1.9ms, application-code: 155ms)
 GET /api/auth/get-session 200 in 33ms (next.js: 6ms, proxy.ts: 8ms, application-code: 20ms)
 GET /api/auth/organization/list 200 in 38ms (next.js: 12ms, proxy.ts: 7ms, application-code: 20ms)
 POST /dashboard?client=80000000-0000-4000-8000-000000000006 200 in 101ms (next.js: 3ms, proxy.ts: 8ms, application-code: 90ms)
  └─ ƒ setCookieConsent({}) in 2ms src/app/preferences-actions.ts
 GET /dashboard?client=80000000-0000-4000-8000-000000000006&sync=queued 200 in 76ms (next.js: 1.8ms, proxy.ts: 1.4ms, application-code: 73ms)
 POST /dashboard?client=80000000-0000-4000-8000-000000000006 200 in 95ms (next.js: 2ms, proxy.ts: 2ms, application-code: 91ms)
  └─ ƒ refreshAnalyticalData({}) in 10ms src/app/analytical-actions.ts
 GET /dashboard?client=80000000-0000-4000-8000-000000000006&sync=pending 200 in 80ms (next.js: 8ms, proxy.ts: 1.5ms, application-code: 71ms)
 POST /dashboard?client=80000000-0000-4000-8000-000000000006&sync=queued 200 in 96ms (next.js: 1.9ms, proxy.ts: 2ms, application-code: 92ms)
  └─ ƒ refreshAnalyticalData({}) in 7ms src/app/analytical-actions.ts
 GET /dashboard?client=80000000-0000-4000-8000-000000000006 200 in 158ms (next.js: 1.9ms, proxy.ts: 3ms, application-code: 154ms)
 GET /dashboard?client=80000000-0000-4000-8000-000000000006 200 in 166ms (next.js: 2ms, proxy.ts: 2ms, application-code: 161ms)
 GET /api/auth/get-session 200 in 21ms (next.js: 6ms, proxy.ts: 2ms, application-code: 13ms)
 GET /api/auth/organization/list 200 in 23ms (next.js: 10ms, proxy.ts: 2ms, application-code: 11ms)
 GET /dashboard?client=80000000-0000-4000-8000-000000000006&sync=unavailable 200 in 86ms (next.js: 3ms, proxy.ts: 1.9ms, application-code: 81ms)
 POST /dashboard?client=80000000-0000-4000-8000-000000000006 200 in 105ms (next.js: 2ms, proxy.ts: 2ms, application-code: 100ms)
  └─ ƒ refreshAnalyticalData({}) in 6ms src/app/analytical-actions.ts
  ✓  31 [chromium] › e2e/prod-ready-local.spec.ts:180:99 › local production readiness regression journeys › analytical refresh enqueues once and handles revoked connections in en (2.1s)
 GET /accounts 200 in 98ms (next.js: 3ms, proxy.ts: 1.9ms, application-code: 93ms)
 GET /api/auth/get-session 200 in 508ms (next.js: 359ms, proxy.ts: 92ms, application-code: 58ms)
 GET /api/auth/organization/list 200 in 501ms (next.js: 45ms, proxy.ts: 404ms, application-code: 52ms)
 GET /history 200 in 152ms (next.js: 13ms, proxy.ts: 5ms, application-code: 134ms)
 GET /api/auth/get-session 200 in 24ms (next.js: 7ms, proxy.ts: 4ms, application-code: 13ms)
 GET /api/auth/organization/list 200 in 45ms (next.js: 12ms, proxy.ts: 4ms, application-code: 29ms)
 GET /alerts 200 in 132ms (next.js: 5ms, proxy.ts: 3ms, application-code: 124ms)
 GET /api/auth/get-session 200 in 25ms (next.js: 6ms, proxy.ts: 4ms, application-code: 14ms)
 GET /api/auth/organization/list 200 in 57ms (next.js: 12ms, proxy.ts: 4ms, application-code: 41ms)
 GET /tasks 200 in 140ms (next.js: 6ms, proxy.ts: 14ms, application-code: 120ms)
 GET /api/auth/get-session 200 in 21ms (next.js: 6ms, proxy.ts: 3ms, application-code: 12ms)
 GET /api/auth/organization/list 200 in 22ms (next.js: 10ms, proxy.ts: 2ms, application-code: 10ms)
 GET /approvals 200 in 108ms (next.js: 6ms, proxy.ts: 3ms, application-code: 98ms)
 GET /api/auth/get-session 200 in 67ms (next.js: 5ms, proxy.ts: 17ms, application-code: 46ms)
 GET /api/auth/organization/list 200 in 73ms (next.js: 13ms, proxy.ts: 17ms, application-code: 43ms)
 GET /reports 200 in 114ms (next.js: 8ms, proxy.ts: 1.7ms, application-code: 104ms)
 GET /api/auth/get-session 200 in 24ms (next.js: 5ms, proxy.ts: 4ms, application-code: 15ms)
 GET /api/auth/organization/list 200 in 30ms (next.js: 11ms, proxy.ts: 4ms, application-code: 15ms)
 GET /audit 200 in 159ms (next.js: 5ms, proxy.ts: 3ms, application-code: 151ms)
 GET /accounts 200 in 92ms (next.js: 1.7ms, proxy.ts: 1.5ms, application-code: 89ms)
 GET /api/auth/get-session 200 in 71ms (next.js: 52ms, proxy.ts: 3ms, application-code: 15ms)
 GET /api/auth/organization/list 200 in 104ms (next.js: 56ms, proxy.ts: 3ms, application-code: 44ms)
 GET /history 200 in 132ms (next.js: 3ms, proxy.ts: 3ms, application-code: 126ms)
 GET /api/auth/get-session 200 in 74ms (next.js: 44ms, proxy.ts: 3ms, application-code: 27ms)
 GET /api/auth/organization/list 200 in 95ms (next.js: 45ms, proxy.ts: 4ms, application-code: 46ms)
 GET /alerts 200 in 123ms (next.js: 3ms, proxy.ts: 4ms, application-code: 116ms)
 GET /api/auth/get-session 200 in 92ms (next.js: 44ms, proxy.ts: 4ms, application-code: 44ms)
 GET /api/auth/organization/list 200 in 118ms (next.js: 48ms, proxy.ts: 4ms, application-code: 66ms)
 GET /tasks 200 in 156ms (next.js: 4ms, proxy.ts: 4ms, application-code: 147ms)
 GET /api/auth/get-session 200 in 69ms (next.js: 36ms, proxy.ts: 3ms, application-code: 29ms)
 GET /api/auth/organization/list 200 in 99ms (next.js: 40ms, proxy.ts: 3ms, application-code: 56ms)
 GET /approvals 200 in 120ms (next.js: 4ms, proxy.ts: 3ms, application-code: 114ms)
 GET /api/auth/get-session 200 in 70ms (next.js: 36ms, proxy.ts: 3ms, application-code: 30ms)
 GET /api/auth/organization/list 200 in 87ms (next.js: 42ms, proxy.ts: 3ms, application-code: 41ms)
 GET /reports 200 in 111ms (next.js: 3ms, proxy.ts: 3ms, application-code: 104ms)
  ✓  32 [chromium] › e2e/prod-ready-local.spec.ts:227:9 › local production readiness regression journeys › grace permits stored views while hiding mutations (4.3s)
⨯ Error [WorkspaceAccessRestrictedError]: Workspace access state does not allow: portfolio:read
    at requireWorkspacePermission (src/lib/workspace.ts:166:19)
    at async DashboardPage (src/app/(app)/dashboard/page.tsx:27:54)
  164 |   if (!decision.allowed && decision.reason === 'role') requirePermission(context.role, permission)
  165 |   if (!decision.allowed) {
> 166 |     const error = new Error(`Workspace access state does not allow: ${permission}`)
      |                   ^
  167 |     error.name = 'WorkspaceAccessRestrictedError'
  168 |     throw error
  169 |   } {
  digest: '306327238'
}
 GET /dashboard 307 in 76ms (next.js: 3ms, proxy.ts: 1.8ms, application-code: 71ms)
 GET /billing?notice=Your%20current%20access%20is%20limited%20to%20billing%20and%20stored%20data. 200 in 133ms (next.js: 4ms, proxy.ts: 1.9ms, application-code: 127ms)
⨯ Error [WorkspaceAccessRestrictedError]: Workspace access state does not allow: portfolio:read
    at requireWorkspacePermission (src/lib/workspace.ts:166:19)
    at async DashboardPage (src/app/(app)/dashboard/page.tsx:27:54)
  164 |   if (!decision.allowed && decision.reason === 'role') requirePermission(context.role, permission)
  165 |   if (!decision.allowed) {
> 166 |     const error = new Error(`Workspace access state does not allow: ${permission}`)
      |                   ^
  167 |     error.name = 'WorkspaceAccessRestrictedError'
  168 |     throw error
  169 |   } {
  digest: '306327238'
}
 GET /dashboard 307 in 62ms (next.js: 1.7ms, proxy.ts: 1.5ms, application-code: 58ms)
 GET /support?notice=Your%20current%20access%20is%20limited%20to%20billing%20and%20stored%20data. 200 in 92ms (next.js: 3ms, proxy.ts: 1.6ms, application-code: 87ms)
⨯ Error [PermissionDeniedError]: Permission required: portfolio:read
    at requirePermission (src/lib/permissions.ts:79:19)
    at requireWorkspacePermission (src/lib/workspace.ts:164:73)
    at async DashboardPage (src/app/(app)/dashboard/page.tsx:27:54)
  77 | export function requirePermission(role: WorkspaceRole, permission: Permission) {
  78 |   if (!rolePermissions[role].has(permission)) {
> 79 |     const error = new Error(`Permission required: ${permission}`)
     |                   ^
  80 |     error.name = 'PermissionDeniedError'
  81 |     throw error
  82 |   } {
  digest: '1312823012'
}
 GET /dashboard 307 in 64ms (next.js: 1.7ms, proxy.ts: 1.5ms, application-code: 61ms)
 GET /support?notice=Your%20current%20access%20is%20limited%20to%20billing%20and%20stored%20data. 200 in 108ms (next.js: 1.7ms, proxy.ts: 2ms, application-code: 105ms)
  ✓  33 [chromium] › e2e/prod-ready-local.spec.ts:242:9 › local production readiness regression journeys › suspended members have an accessible recovery destination without redirect loops (1.3s)
 GET /dashboard 200 in 105ms (next.js: 1.9ms, proxy.ts: 1.8ms, application-code: 102ms)
 GET /api/auth/get-session 200 in 20ms (next.js: 5ms, proxy.ts: 2ms, application-code: 12ms)
 GET /api/auth/organization/list 200 in 21ms (next.js: 9ms, proxy.ts: 2ms, application-code: 10ms)
 POST /dashboard 200 in 67ms (next.js: 2ms, proxy.ts: 2ms, application-code: 63ms)
  └─ ƒ setCookieConsent({}) in 8ms src/app/preferences-actions.ts
 GET /settings 200 in 61ms (next.js: 4ms, proxy.ts: 1.9ms, application-code: 55ms)
  ✓  34 [chromium] › e2e/prod-ready-local.spec.ts:254:11 › local production readiness regression journeys › full navigation and workspace selection work at 390px in fr (685ms)
 GET /dashboard 200 in 114ms (next.js: 2.0ms, proxy.ts: 1.9ms, application-code: 110ms)
 GET /api/auth/get-session 200 in 20ms (next.js: 5ms, proxy.ts: 3ms, application-code: 12ms)
 GET /api/auth/organization/list 200 in 21ms (next.js: 9ms, proxy.ts: 3ms, application-code: 9ms)
 POST /dashboard 200 in 62ms (next.js: 2ms, proxy.ts: 2ms, application-code: 57ms)
  └─ ƒ setCookieConsent({}) in 2ms src/app/preferences-actions.ts
 GET /settings 200 in 59ms (next.js: 2ms, proxy.ts: 1.9ms, application-code: 55ms)
  ✓  35 [chromium] › e2e/prod-ready-local.spec.ts:254:11 › local production readiness regression journeys › full navigation and workspace selection work at 768px in fr (708ms)
 GET /dashboard 200 in 104ms (next.js: 1.7ms, proxy.ts: 1.7ms, application-code: 100ms)
 GET /api/auth/get-session 200 in 20ms (next.js: 5ms, proxy.ts: 3ms, application-code: 13ms)
 GET /api/auth/organization/list 200 in 22ms (next.js: 9ms, proxy.ts: 2ms, application-code: 10ms)
 POST /dashboard 200 in 69ms (next.js: 2ms, proxy.ts: 2ms, application-code: 65ms)
  └─ ƒ setCookieConsent({}) in 2ms src/app/preferences-actions.ts
 GET /settings 200 in 55ms (next.js: 2ms, proxy.ts: 1.9ms, application-code: 51ms)
  ✓  36 [chromium] › e2e/prod-ready-local.spec.ts:254:11 › local production readiness regression journeys › full navigation and workspace selection work at 390px in en (693ms)
 GET /dashboard 200 in 113ms (next.js: 1.9ms, proxy.ts: 1.7ms, application-code: 110ms)
 GET /api/auth/get-session 200 in 19ms (next.js: 5ms, proxy.ts: 2ms, application-code: 12ms)
 GET /api/auth/organization/list 200 in 21ms (next.js: 9ms, proxy.ts: 3ms, application-code: 9ms)
 POST /dashboard 200 in 61ms (next.js: 2ms, proxy.ts: 2ms, application-code: 56ms)
  └─ ƒ setCookieConsent({}) in 2ms src/app/preferences-actions.ts
 GET /settings 200 in 54ms (next.js: 2ms, proxy.ts: 2.0ms, application-code: 50ms)
  ✓  37 [chromium] › e2e/prod-ready-local.spec.ts:254:11 › local production readiness regression journeys › full navigation and workspace selection work at 768px in en (678ms)
 GET /dashboard 200 in 115ms (next.js: 1.8ms, proxy.ts: 8ms, application-code: 105ms)
 GET /api/auth/get-session 200 in 19ms (next.js: 5ms, proxy.ts: 2ms, application-code: 11ms)
 GET /api/auth/organization/list 200 in 20ms (next.js: 9ms, proxy.ts: 2ms, application-code: 9ms)
 POST /dashboard 200 in 68ms (next.js: 2ms, proxy.ts: 2ms, application-code: 64ms)
  └─ ƒ setCookieConsent({}) in 2ms src/app/preferences-actions.ts
 POST /api/auth/organization/set-active 200 in 12ms (next.js: 2ms, proxy.ts: 2ms, application-code: 7ms)
⨯ Error [PermissionDeniedError]: Permission required: portfolio:read
    at requirePermission (src/lib/permissions.ts:79:19)
    at requireWorkspacePermission (src/lib/workspace.ts:164:73)
    at async DashboardPage (src/app/(app)/dashboard/page.tsx:27:54)
  77 | export function requirePermission(role: WorkspaceRole, permission: Permission) {
  78 |   if (!rolePermissions[role].has(permission)) {
> 79 |     const error = new Error(`Permission required: ${permission}`)
     |                   ^
  80 |     error.name = 'PermissionDeniedError'
  81 |     throw error
  82 |   } {
  digest: '1312823012'
}
 GET /api/auth/get-session 200 in 40ms (next.js: 22ms, proxy.ts: 10ms, application-code: 9ms)
 GET /dashboard 307 in 75ms (next.js: 1.9ms, proxy.ts: 1.4ms, application-code: 72ms)
 GET /support?error=Acc%C3%A8s%20non%20autoris%C3%A9 200 in 98ms (next.js: 2ms, proxy.ts: 5ms, application-code: 91ms)
 GET /api/auth/get-session 200 in 20ms (next.js: 4ms, proxy.ts: 4ms, application-code: 12ms)
 GET /api/auth/organization/list 200 in 21ms (next.js: 7ms, proxy.ts: 4ms, application-code: 10ms)
 POST /api/auth/organization/set-active 200 in 17ms (next.js: 4ms, proxy.ts: 4ms, application-code: 9ms)
 GET /api/auth/get-session 200 in 76ms (next.js: 41ms, proxy.ts: 10ms, application-code: 25ms)
 GET /dashboard 200 in 134ms (next.js: 2ms, proxy.ts: 1.6ms, application-code: 130ms)
 GET /api/auth/get-session 200 in 16ms (next.js: 4ms, proxy.ts: 2ms, application-code: 10ms)
 GET /api/auth/organization/list 200 in 18ms (next.js: 7ms, proxy.ts: 2ms, application-code: 8ms)
  ✓  38 [chromium] › e2e/prod-ready-local.spec.ts:279:9 › local production readiness regression journeys › workspace selection switches context and permissions on mobile (1.3s)
 GET /agents 200 in 120ms (next.js: 3ms, proxy.ts: 1.6ms, application-code: 115ms)
  ✓  39 [chromium] › e2e/prod-ready-local.spec.ts:301:9 › local production readiness regression journeys › analysts do not see monitoring controls denied by their role (358ms)
 GET /status 200 in 65ms (next.js: 5ms, proxy.ts: 4ms, application-code: 56ms)
 GET /status 200 in 186ms (next.js: 1.8ms, proxy.ts: 1.7ms, application-code: 182ms)
 GET /status?status=active 200 in 32ms (next.js: 2.0ms, proxy.ts: 2ms, application-code: 27ms)
 GET /status/eb54e0a7-20e4-41f9-a6b9-66361e70fa14 200 in 431ms (next.js: 389ms, proxy.ts: 2ms, application-code: 40ms)
 GET /status/eb54e0a7-20e4-41f9-a6b9-66361e70fa14?cursor=eyJ2IjoxLCJpdiI6IjZPRW1NeUFkVHAxeUN3OWUiLCJ0YWciOiJXbjhpSjZUY1I0TG1rU1RsOXljVVJ3IiwiZGF0YSI6InJBd24zX1BRVVdqZ2tITTVIN3JVRldmYVZ3dUVkV3lmZzdLSVZDX09nU0hONlJDcDYtRWQ1bGdUREdfTDJKckwwTXh4VWZyRFFtanZpN0xad1dtVEFaOW9QbEJwR1J1WURFeE5MZHBXS18xN3VFeGd6ejVPVEU4SHhlSWZYWUVhYXp5c2EtZThmZXFRalpYTU1PSWFEQzJubXVWczZ2NEljajJ3R2lLNzZ6bGxWSDlnWnhPZkViYzZTdURTaThaU0lXLXc4WWItMi1rblJBOFZGVU5kY29uS0RjSGxlX0NPYmtmNWk3UW0yelZxN0tqTGtnVm5DOHNqdmttOEs0VGpFcjlsWGFlOWlEc3BHZ2RjNUlUbWxkYWZ3XzBhdzNMSnVaS2pYZk5HYjJXX0EySTdPT1JteGcifQ 200 in 47ms (next.js: 11ms, proxy.ts: 4ms, application-code: 32ms)
 GET /status?cursor=forged 200 in 98ms (next.js: 1.8ms, proxy.ts: 1.9ms, application-code: 94ms)
 GET /status/f06ee1f7-f07e-4c3f-bad0-bfaa2d616265 404 in 47ms (next.js: 4ms, proxy.ts: 2ms, application-code: 40ms)
 GET /status/invalid 404 in 68ms (next.js: 3ms, proxy.ts: 3ms, application-code: 61ms)
  ✓  40 [chromium] › e2e/public-status-local.spec.ts:13:53 › truthful public status › shows unknown health and complete incident history in fr (2.4s)
 GET /status 200 in 60ms (next.js: 1.9ms, proxy.ts: 2.0ms, application-code: 56ms)
 GET /status 200 in 167ms (next.js: 1.7ms, proxy.ts: 1.9ms, application-code: 164ms)
 GET /status?status=active 200 in 38ms (next.js: 1.8ms, proxy.ts: 2ms, application-code: 34ms)
 GET /status/8aaf65fa-8a03-4266-91a7-e3bbd51c164a 200 in 30ms (next.js: 4ms, proxy.ts: 2ms, application-code: 24ms)
 GET /status/8aaf65fa-8a03-4266-91a7-e3bbd51c164a?cursor=eyJ2IjoxLCJpdiI6IkVTZzNyZ1Y2SVRpcVdOU0wiLCJ0YWciOiJqcUlqQ1loMEFBTjcyaUtLZExreGtRIiwiZGF0YSI6IkNiMFRfdk9IbS05MUtncGRPRzRRaDJlSU5NamNxM2lZVkh2WjVBYlNIbFdkajM5OGc2TnNhRzNHelVmcG5NTFlFMGF6bVVSWW5VWlQtWFIxejJUcjV3c1ltNEpNQjI1cTdyV1M0T3lqVDdWLWI1UDFjMnZPTXFtX0RPZUNUNERSMENLSDFFR2lUYjQ0c1pUMlRuUDVUbUxyRkhmbUVQenNvcjNjMTJuOW9FV2FpR25qVF9MbDBWTWxYTFR2ZmJnS3FabVNkNTVOc3IzZ0RaMXhDWDJ3cDZ3VE10LWtselJxWmdfTElkWVZJeGxIOVp4Zm14cjBKQURZTmV5SXBtLWZXaUJwMzA3VXY0blEyZ0FSS0c5Zk9zQ2c5ZDFEZTdTZU5GWWJjUXNTM09XS0NBR2QwVUxhMXcifQ 200 in 36ms (next.js: 3ms, proxy.ts: 3ms, application-code: 31ms)
 GET /status?cursor=forged 200 in 81ms (next.js: 1.9ms, proxy.ts: 2ms, application-code: 77ms)
 GET /status/2d61ad91-2382-4183-ab0a-9294788a5b3e 404 in 50ms (next.js: 4ms, proxy.ts: 2ms, application-code: 44ms)
 GET /status/invalid 404 in 46ms (next.js: 3ms, proxy.ts: 2ms, application-code: 41ms)
  ✓  41 [chromium] › e2e/public-status-local.spec.ts:13:53 › truthful public status › shows unknown health and complete incident history in en (1.6s)
 GET / 200 in 72ms (next.js: 3ms, proxy.ts: 1.7ms, application-code: 68ms)
  ✓  42 [chromium] › e2e/public.spec.ts:3:5 › public landing exposes the product proposition and account creation (326ms)
 GET /dashboard 307 in 58ms (next.js: 2ms, proxy.ts: 2ms, application-code: 54ms)
 GET /sign-in 200 in 37ms (next.js: 5ms, proxy.ts: 2ms, application-code: 30ms)
  ✓  43 [chromium] › e2e/public.spec.ts:15:5 › authenticated areas redirect anonymous visitors to sign-in (167ms)
 GET /privacy 200 in 44ms (next.js: 3ms, proxy.ts: 2ms, application-code: 39ms)
 GET /terms 200 in 37ms (next.js: 3ms, proxy.ts: 1.9ms, application-code: 32ms)
  ✓  44 [chromium] › e2e/public.spec.ts:21:5 › privacy and terms pages are public (496ms)
 GET /subprocessors 200 in 40ms (next.js: 3ms, proxy.ts: 1.9ms, application-code: 35ms)
  ✓  45 [chromium] › e2e/public.spec.ts:28:5 › the subprocessor register and change-notice policy are public (283ms)
 GET / 200 in 76ms (next.js: 1.7ms, proxy.ts: 2ms, application-code: 72ms)
 GET /privacy 200 in 38ms (next.js: 2ms, proxy.ts: 2ms, application-code: 34ms)
  ✓  46 [chromium] › e2e/public.spec.ts:35:5 › the public product and legal surface honor the English locale (505ms)
 GET /status 200 in 63ms (next.js: 1.6ms, proxy.ts: 1.8ms, application-code: 60ms)
  ✓  47 [chromium] › e2e/public.spec.ts:46:5 › public status page never claims operational health when status storage is unavailable (348ms)
 GET /reports 200 in 135ms (next.js: 4ms, proxy.ts: 2ms, application-code: 129ms)
 GET /api/auth/get-session 200 in 52ms (next.js: 6ms, proxy.ts: 3ms, application-code: 43ms)
 GET /api/auth/organization/list 200 in 57ms (next.js: 31ms, proxy.ts: 3ms, application-code: 23ms)
 POST /reports 200 in 80ms (next.js: 4ms, proxy.ts: 11ms, application-code: 66ms)
  └─ ƒ setCookieConsent({}) in 2ms src/app/preferences-actions.ts
 GET /reports?notice=Rapport+cr%C3%A9%C3%A9.+R%C3%A9v%C3%A9lez+son+URL+dans+les+cinq+prochaines+minutes.&reveal=report-url&revealId=be129f66-3d6c-4b51-9dd8-bb9512fddc65 200 in 118ms (next.js: 2ms, proxy.ts: 1.7ms, application-code: 114ms)
 POST /reports 200 in 164ms (next.js: 2ms, proxy.ts: 2ms, application-code: 159ms)
  └─ ƒ createShareLink({}) in 31ms src/app/actions.ts
 POST /api/secret-revelation 200 in 74ms (next.js: 53ms, proxy.ts: 3ms, application-code: 18ms)
 GET /r/[REDACTED]?edition=e0bdcc66-6055-4cce-ab86-a280b17b5dd4 200 in 823ms (next.js: 711ms, proxy.ts: 3ms, application-code: 109ms)
 GET /r/[REDACTED]/csv?edition=e0bdcc66-6055-4cce-ab86-a280b17b5dd4 200 in 614ms (next.js: 595ms, proxy.ts: 3ms, application-code: 15ms)
 GET /r/[REDACTED]/pdf?edition=e0bdcc66-6055-4cce-ab86-a280b17b5dd4 200 in 1013ms (next.js: 741ms, proxy.ts: 1.6ms, application-code: 271ms)
 GET /r/[REDACTED]?error=L%E2%80%99envoi+de+codes+email+n%E2%80%99est+pas+configur%C3%A9.&edition=e0bdcc66-6055-4cce-ab86-a280b17b5dd4 200 in 53ms (next.js: 3ms, proxy.ts: 2ms, application-code: 47ms)
 POST /r/[REDACTED]?edition=e0bdcc66-6055-4cce-ab86-a280b17b5dd4 200 in 77ms (next.js: 4ms, proxy.ts: 2ms, application-code: 71ms)
  └─ ƒ requestReportFeedbackOtp({}) in 10ms src/app/actions.ts
 GET /r/[REDACTED]?edition=e0bdcc66-6055-4cce-ab86-a280b17b5dd4&otp=1 200 in 88ms (next.js: 3ms, proxy.ts: 2ms, application-code: 83ms)
 GET /r/[REDACTED]?error=Demandez+un+nouveau+code.&otp=1&edition=e0bdcc66-6055-4cce-ab86-a280b17b5dd4 200 in 50ms (next.js: 3ms, proxy.ts: 1.7ms, application-code: 46ms)
 POST /r/[REDACTED]?edition=e0bdcc66-6055-4cce-ab86-a280b17b5dd4&otp=1 200 in 67ms (next.js: 3ms, proxy.ts: 3ms, application-code: 62ms)
  └─ ƒ verifyReportFeedbackOtp({}) in 6ms src/app/actions.ts
 GET /reports?notice=Rapport+cr%C3%A9%C3%A9.+R%C3%A9v%C3%A9lez+son+URL+dans+les+cinq+prochaines+minutes.&reveal=report-url&revealId=c51b9253-fbec-4f6e-aab5-6d939a1db21e 200 in 80ms (next.js: 2ms, proxy.ts: 3ms, application-code: 75ms)
 POST /reports?notice=Rapport%20cr%C3%A9%C3%A9.%20R%C3%A9v%C3%A9lez%20son%20URL%20dans%20les%20cinq%20prochaines%20minutes.&reveal=report-url&revealId=be129f66-3d6c-4b51-9dd8-bb9512fddc65 200 in 116ms (next.js: 3ms, proxy.ts: 2ms, application-code: 112ms)
  └─ ƒ createShareLink({}) in 24ms src/app/actions.ts
 POST /api/secret-revelation 200 in 23ms (next.js: 1.6ms, proxy.ts: 2ms, application-code: 19ms)
 GET /r/[REDACTED]?edition=87881b53-80d1-4d10-a729-3e17251ef3b5 200 in 74ms (next.js: 4ms, proxy.ts: 1.9ms, application-code: 68ms)
 GET /r/[REDACTED]/csv?edition=87881b53-80d1-4d10-a729-3e17251ef3b5 200 in 15ms (next.js: 4ms, proxy.ts: 3ms, application-code: 9ms)
 GET /r/[REDACTED]/pdf?edition=87881b53-80d1-4d10-a729-3e17251ef3b5 200 in 99ms (next.js: 3ms, proxy.ts: 1.7ms, application-code: 94ms)
 GET /reports?notice=Rapport+cr%C3%A9%C3%A9.+R%C3%A9v%C3%A9lez+son+URL+dans+les+cinq+prochaines+minutes.&reveal=report-url&revealId=813afd0e-c273-4ac0-a804-5f39385792fa 200 in 94ms (next.js: 4ms, proxy.ts: 2ms, application-code: 88ms)
 POST /reports?notice=Rapport%20cr%C3%A9%C3%A9.%20R%C3%A9v%C3%A9lez%20son%20URL%20dans%20les%20cinq%20prochaines%20minutes.&reveal=report-url&revealId=c51b9253-fbec-4f6e-aab5-6d939a1db21e 200 in 149ms (next.js: 4ms, proxy.ts: 4ms, application-code: 141ms)
  └─ ƒ createShareLink({}) in 38ms src/app/actions.ts
 POST /api/secret-revelation 200 in 25ms (next.js: 3ms, proxy.ts: 3ms, application-code: 20ms)
 GET /r/[REDACTED]?edition=4c826513-43bf-44b7-a686-90b723637e7a 200 in 103ms (next.js: 3ms, proxy.ts: 3ms, application-code: 96ms)
 GET /r/[REDACTED]/csv?edition=4c826513-43bf-44b7-a686-90b723637e7a 200 in 16ms (next.js: 4ms, proxy.ts: 2ms, application-code: 10ms)
 GET /r/[REDACTED]/pdf?edition=4c826513-43bf-44b7-a686-90b723637e7a 200 in 79ms (next.js: 2.0ms, proxy.ts: 1.5ms, application-code: 76ms)
 GET /reports?notice=Rapport+cr%C3%A9%C3%A9.+R%C3%A9v%C3%A9lez+son+URL+dans+les+cinq+prochaines+minutes.&reveal=report-url&revealId=89e81361-ab64-4c28-9cf3-53ba403be330 200 in 66ms (next.js: 1.8ms, proxy.ts: 1.7ms, application-code: 63ms)
 POST /reports?notice=Rapport%20cr%C3%A9%C3%A9.%20R%C3%A9v%C3%A9lez%20son%20URL%20dans%20les%20cinq%20prochaines%20minutes.&reveal=report-url&revealId=813afd0e-c273-4ac0-a804-5f39385792fa 200 in 99ms (next.js: 9ms, proxy.ts: 3ms, application-code: 87ms)
  └─ ƒ createShareLink({}) in 15ms src/app/actions.ts
 POST /api/secret-revelation 200 in 15ms (next.js: 1.6ms, proxy.ts: 3ms, application-code: 11ms)
 GET /r/[REDACTED]?edition=4efdbe9e-8b06-4c2e-919f-5f19a3f30b33 200 in 90ms (next.js: 5ms, proxy.ts: 1.8ms, application-code: 83ms)
 GET /r/[REDACTED]/csv?edition=4efdbe9e-8b06-4c2e-919f-5f19a3f30b33 200 in 21ms (next.js: 4ms, proxy.ts: 9ms, application-code: 9ms)
 GET /r/[REDACTED]/pdf?edition=4efdbe9e-8b06-4c2e-919f-5f19a3f30b33 200 in 80ms (next.js: 3ms, proxy.ts: 1.5ms, application-code: 75ms)
 GET /reports?notice=Rapport+cr%C3%A9%C3%A9.+R%C3%A9v%C3%A9lez+son+URL+dans+les+cinq+prochaines+minutes.&reveal=report-url&revealId=2a63b2c0-a163-4e16-a7e2-db6c1d365742 200 in 76ms (next.js: 2ms, proxy.ts: 4ms, application-code: 70ms)
 POST /reports?notice=Rapport%20cr%C3%A9%C3%A9.%20R%C3%A9v%C3%A9lez%20son%20URL%20dans%20les%20cinq%20prochaines%20minutes.&reveal=report-url&revealId=89e81361-ab64-4c28-9cf3-53ba403be330 200 in 120ms (next.js: 4ms, proxy.ts: 3ms, application-code: 112ms)
  └─ ƒ createShareLink({}) in 27ms src/app/actions.ts
 POST /api/secret-revelation 200 in 18ms (next.js: 2ms, proxy.ts: 3ms, application-code: 13ms)
 GET /r/[REDACTED]?edition=fec761e1-10ee-4ebf-9f50-57d35f659744 200 in 146ms (next.js: 4ms, proxy.ts: 4ms, application-code: 137ms)
 GET /r/[REDACTED]/csv?edition=fec761e1-10ee-4ebf-9f50-57d35f659744 200 in 16ms (next.js: 4ms, proxy.ts: 2ms, application-code: 10ms)
 GET /r/[REDACTED]/pdf?edition=fec761e1-10ee-4ebf-9f50-57d35f659744 200 in 83ms (next.js: 2ms, proxy.ts: 2ms, application-code: 78ms)
 GET /r/[REDACTED]?edition=e0bdcc66-6055-4cce-ab86-a280b17b5dd4 200 in 110ms (next.js: 9ms, proxy.ts: 3ms, application-code: 97ms)
 GET /r/[REDACTED]/csv?edition=e0bdcc66-6055-4cce-ab86-a280b17b5dd4 200 in 20ms (next.js: 4ms, proxy.ts: 5ms, application-code: 11ms)
 GET /r/[REDACTED]/pdf?edition=e0bdcc66-6055-4cce-ab86-a280b17b5dd4 200 in 219ms (next.js: 6ms, proxy.ts: 3ms, application-code: 211ms)
 GET /reports?notice=R%C3%A9vision+publi%C3%A9e.+Les+%C3%A9ditions+pr%C3%A9c%C3%A9dentes+restent+inchang%C3%A9es.&reveal=report-url&revealId=a6de2101-ab50-4764-8a3b-2db9b6de68b4 200 in 82ms (next.js: 2ms, proxy.ts: 2ms, application-code: 77ms)
 POST /reports?notice=Rapport%20cr%C3%A9%C3%A9.%20R%C3%A9v%C3%A9lez%20son%20URL%20dans%20les%20cinq%20prochaines%20minutes.&reveal=report-url&revealId=2a63b2c0-a163-4e16-a7e2-db6c1d365742 200 in 127ms (next.js: 3ms, proxy.ts: 5ms, application-code: 119ms)
  └─ ƒ reviseReportEdition({}) in 26ms src/app/actions.ts
 POST /api/secret-revelation 200 in 29ms (next.js: 13ms, proxy.ts: 3ms, application-code: 12ms)
 GET /r/[REDACTED]?edition=ba30c476-0ed3-42be-83ae-254adf5359ad 200 in 102ms (next.js: 14ms, proxy.ts: 1.9ms, application-code: 86ms)
 GET /r/[REDACTED]/csv?edition=ba30c476-0ed3-42be-83ae-254adf5359ad 200 in 38ms (next.js: 6ms, proxy.ts: 2ms, application-code: 30ms)
 GET /reports?error=Les+donn%C3%A9es+compl%C3%A8tes+de+cette+p%C3%A9riode+ne+sont+pas+disponibles.+Actualisez+l%E2%80%99historique+du+compte+avant+de+publier+ce+bilan. 200 in 90ms (next.js: 4ms, proxy.ts: 2ms, application-code: 84ms)
 POST /reports?notice=R%C3%A9vision%20publi%C3%A9e.%20Les%20%C3%A9ditions%20pr%C3%A9c%C3%A9dentes%20restent%20inchang%C3%A9es.&reveal=report-url&revealId=a6de2101-ab50-4764-8a3b-2db9b6de68b4 200 in 118ms (next.js: 3ms, proxy.ts: 3ms, application-code: 113ms)
  └─ ƒ createShareLink({}) in 14ms src/app/actions.ts
 GET /r/[REDACTED]?edition=e0bdcc66-6055-4cce-ab86-a280b17b5dd4 200 in 111ms (next.js: 3ms, proxy.ts: 2ms, application-code: 105ms)
 GET /r/[REDACTED]/pdf?edition=e0bdcc66-6055-4cce-ab86-a280b17b5dd4 429 in 12ms (next.js: 4ms, proxy.ts: 2ms, application-code: 6ms)
 GET /r/[REDACTED]/csv?edition=e0bdcc66-6055-4cce-ab86-a280b17b5dd4 404 in 9ms (next.js: 3ms, proxy.ts: 1.6ms, application-code: 4ms)
 GET /reports 200 in 145ms (next.js: 2ms, proxy.ts: 1.9ms, application-code: 141ms)
  ✓  48 [chromium] › e2e/report-editions-local.spec.ts:16:53 › published report editions › creates every period and preserves HTML PDF CSV through revision in fr (9.3s)
 GET /reports 200 in 164ms (next.js: 2ms, proxy.ts: 2ms, application-code: 159ms)
 GET /api/auth/get-session 200 in 31ms (next.js: 6ms, proxy.ts: 3ms, application-code: 23ms)
 GET /api/auth/organization/list 200 in 34ms (next.js: 20ms, proxy.ts: 3ms, application-code: 11ms)
 POST /reports 200 in 71ms (next.js: 2ms, proxy.ts: 2ms, application-code: 66ms)
  └─ ƒ setCookieConsent({}) in 2ms src/app/preferences-actions.ts
 GET /reports?notice=Report+created.+Reveal+its+URL+within+the+next+five+minutes.&reveal=report-url&revealId=6e797d71-33ae-47f1-8181-0844757dd2d0 200 in 65ms (next.js: 3ms, proxy.ts: 1.7ms, application-code: 61ms)
 POST /reports 200 in 92ms (next.js: 2.0ms, proxy.ts: 2ms, application-code: 87ms)
  └─ ƒ createShareLink({}) in 17ms src/app/actions.ts
 POST /api/secret-revelation 200 in 24ms (next.js: 10ms, proxy.ts: 3ms, application-code: 11ms)
 GET /r/[REDACTED]?edition=51fe8211-7598-47a4-b64b-135b40c78f73 200 in 111ms (next.js: 5ms, proxy.ts: 2ms, application-code: 104ms)
 GET /r/[REDACTED]/csv?edition=51fe8211-7598-47a4-b64b-135b40c78f73 200 in 15ms (next.js: 4ms, proxy.ts: 2ms, application-code: 9ms)
 GET /r/[REDACTED]/pdf?edition=51fe8211-7598-47a4-b64b-135b40c78f73 200 in 267ms (next.js: 3ms, proxy.ts: 2ms, application-code: 262ms)
 GET /r/[REDACTED]?error=Email+code+delivery+is+not+configured.&edition=51fe8211-7598-47a4-b64b-135b40c78f73 200 in 68ms (next.js: 4ms, proxy.ts: 4ms, application-code: 60ms)
 POST /r/[REDACTED]?edition=51fe8211-7598-47a4-b64b-135b40c78f73 200 in 106ms (next.js: 6ms, proxy.ts: 4ms, application-code: 96ms)
  └─ ƒ requestReportFeedbackOtp({}) in 19ms src/app/actions.ts
 GET /r/[REDACTED]?edition=51fe8211-7598-47a4-b64b-135b40c78f73&otp=1 200 in 116ms (next.js: 4ms, proxy.ts: 4ms, application-code: 109ms)
 GET /r/[REDACTED]?error=Request+a+new+code.&otp=1&edition=51fe8211-7598-47a4-b64b-135b40c78f73 200 in 57ms (next.js: 3ms, proxy.ts: 1.7ms, application-code: 53ms)
 POST /r/[REDACTED]?edition=51fe8211-7598-47a4-b64b-135b40c78f73&otp=1 200 in 73ms (next.js: 3ms, proxy.ts: 2ms, application-code: 68ms)
  └─ ƒ verifyReportFeedbackOtp({}) in 5ms src/app/actions.ts
 GET /reports?notice=Report+created.+Reveal+its+URL+within+the+next+five+minutes.&reveal=report-url&revealId=0008b2fe-e4f5-49c6-ac7e-0049d909ed5a 200 in 65ms (next.js: 2ms, proxy.ts: 1.8ms, application-code: 62ms)
 POST /reports?notice=Report%20created.%20Reveal%20its%20URL%20within%20the%20next%20five%20minutes.&reveal=report-url&revealId=6e797d71-33ae-47f1-8181-0844757dd2d0 200 in 105ms (next.js: 8ms, proxy.ts: 8ms, application-code: 90ms)
  └─ ƒ createShareLink({}) in 18ms src/app/actions.ts
 POST /api/secret-revelation 200 in 17ms (next.js: 1.7ms, proxy.ts: 2ms, application-code: 13ms)
 GET /r/[REDACTED]?edition=0c29602c-f08c-4312-bdc2-b016d534a2ce 200 in 86ms (next.js: 5ms, proxy.ts: 1.8ms, application-code: 79ms)
 GET /r/[REDACTED]/csv?edition=0c29602c-f08c-4312-bdc2-b016d534a2ce 200 in 18ms (next.js: 3ms, proxy.ts: 3ms, application-code: 12ms)
 GET /r/[REDACTED]/pdf?edition=0c29602c-f08c-4312-bdc2-b016d534a2ce 200 in 102ms (next.js: 4ms, proxy.ts: 2ms, application-code: 95ms)
 GET /reports?notice=Report+created.+Reveal+its+URL+within+the+next+five+minutes.&reveal=report-url&revealId=5a3c391e-ee58-42e4-a2b9-edee5b17b75a 200 in 89ms (next.js: 3ms, proxy.ts: 4ms, application-code: 82ms)
 POST /reports?notice=Report%20created.%20Reveal%20its%20URL%20within%20the%20next%20five%20minutes.&reveal=report-url&revealId=0008b2fe-e4f5-49c6-ac7e-0049d909ed5a 200 in 236ms (next.js: 20ms, proxy.ts: 24ms, application-code: 192ms)
  └─ ƒ createShareLink({}) in 72ms src/app/actions.ts
 POST /api/secret-revelation 200 in 19ms (next.js: 3ms, proxy.ts: 4ms, application-code: 12ms)
 GET /r/[REDACTED]?edition=038203a3-6b36-4156-9605-aed7cb07e474 200 in 118ms (next.js: 5ms, proxy.ts: 6ms, application-code: 108ms)
 GET /r/[REDACTED]/csv?edition=038203a3-6b36-4156-9605-aed7cb07e474 200 in 18ms (next.js: 4ms, proxy.ts: 2ms, application-code: 12ms)
 GET /r/[REDACTED]/pdf?edition=038203a3-6b36-4156-9605-aed7cb07e474 200 in 87ms (next.js: 2ms, proxy.ts: 2ms, application-code: 82ms)
 GET /reports?notice=Report+created.+Reveal+its+URL+within+the+next+five+minutes.&reveal=report-url&revealId=9e3f01e1-ad92-4176-bc62-1f4b72264cb7 200 in 75ms (next.js: 3ms, proxy.ts: 1.8ms, application-code: 71ms)
 POST /reports?notice=Report%20created.%20Reveal%20its%20URL%20within%20the%20next%20five%20minutes.&reveal=report-url&revealId=5a3c391e-ee58-42e4-a2b9-edee5b17b75a 200 in 103ms (next.js: 2ms, proxy.ts: 2ms, application-code: 98ms)
  └─ ƒ createShareLink({}) in 17ms src/app/actions.ts
 POST /api/secret-revelation 200 in 16ms (next.js: 1.9ms, proxy.ts: 3ms, application-code: 11ms)
 GET /r/[REDACTED]?edition=7b469f4c-dbf3-45c2-81c0-447d41f53589 200 in 107ms (next.js: 5ms, proxy.ts: 2.0ms, application-code: 100ms)
 GET /r/[REDACTED]/csv?edition=7b469f4c-dbf3-45c2-81c0-447d41f53589 200 in 15ms (next.js: 4ms, proxy.ts: 2ms, application-code: 9ms)
 GET /r/[REDACTED]/pdf?edition=7b469f4c-dbf3-45c2-81c0-447d41f53589 200 in 78ms (next.js: 3ms, proxy.ts: 1.5ms, application-code: 73ms)
 GET /reports?notice=Report+created.+Reveal+its+URL+within+the+next+five+minutes.&reveal=report-url&revealId=1a9b5d3f-110a-49d3-8a19-05a292361746 200 in 97ms (next.js: 3ms, proxy.ts: 2ms, application-code: 92ms)
 POST /reports?notice=Report%20created.%20Reveal%20its%20URL%20within%20the%20next%20five%20minutes.&reveal=report-url&revealId=9e3f01e1-ad92-4176-bc62-1f4b72264cb7 200 in 136ms (next.js: 3ms, proxy.ts: 5ms, application-code: 128ms)
  └─ ƒ createShareLink({}) in 22ms src/app/actions.ts
 POST /api/secret-revelation 200 in 18ms (next.js: 2ms, proxy.ts: 3ms, application-code: 13ms)
 GET /r/[REDACTED]?edition=2dc05f18-9c21-40e4-8daf-e569a9742cc2 200 in 130ms (next.js: 5ms, proxy.ts: 2ms, application-code: 123ms)
 GET /r/[REDACTED]/csv?edition=2dc05f18-9c21-40e4-8daf-e569a9742cc2 200 in 19ms (next.js: 4ms, proxy.ts: 2ms, application-code: 12ms)
 GET /r/[REDACTED]/pdf?edition=2dc05f18-9c21-40e4-8daf-e569a9742cc2 200 in 90ms (next.js: 3ms, proxy.ts: 2ms, application-code: 85ms)
 GET /r/[REDACTED]?edition=51fe8211-7598-47a4-b64b-135b40c78f73 200 in 104ms (next.js: 10ms, proxy.ts: 3ms, application-code: 91ms)
 GET /r/[REDACTED]/csv?edition=51fe8211-7598-47a4-b64b-135b40c78f73 200 in 16ms (next.js: 3ms, proxy.ts: 5ms, application-code: 9ms)
 GET /r/[REDACTED]/pdf?edition=51fe8211-7598-47a4-b64b-135b40c78f73 200 in 209ms (next.js: 4ms, proxy.ts: 2.0ms, application-code: 203ms)
 GET /reports?notice=Revision+published.+Previous+editions+remain+unchanged.&reveal=report-url&revealId=46a523b9-a252-4fb6-8feb-89afafadeee3 200 in 112ms (next.js: 3ms, proxy.ts: 4ms, application-code: 106ms)
 POST /reports?notice=Report%20created.%20Reveal%20its%20URL%20within%20the%20next%20five%20minutes.&reveal=report-url&revealId=1a9b5d3f-110a-49d3-8a19-05a292361746 200 in 160ms (next.js: 15ms, proxy.ts: 3ms, application-code: 143ms)
  └─ ƒ reviseReportEdition({}) in 19ms src/app/actions.ts
 POST /api/secret-revelation 200 in 17ms (next.js: 2ms, proxy.ts: 3ms, application-code: 12ms)
 GET /r/[REDACTED]?edition=4ff023dc-0844-46c7-a433-8582c3bca379 200 in 86ms (next.js: 5ms, proxy.ts: 3ms, application-code: 78ms)
 GET /r/[REDACTED]/csv?edition=4ff023dc-0844-46c7-a433-8582c3bca379 200 in 30ms (next.js: 7ms, proxy.ts: 4ms, application-code: 19ms)
 GET /reports?error=Les+donn%C3%A9es+compl%C3%A8tes+de+cette+p%C3%A9riode+ne+sont+pas+disponibles.+Actualisez+l%E2%80%99historique+du+compte+avant+de+publier+ce+bilan. 200 in 119ms (next.js: 1.9ms, proxy.ts: 1.7ms, application-code: 116ms)
 POST /reports?notice=Revision%20published.%20Previous%20editions%20remain%20unchanged.&reveal=report-url&revealId=46a523b9-a252-4fb6-8feb-89afafadeee3 200 in 144ms (next.js: 2ms, proxy.ts: 2ms, application-code: 139ms)
  └─ ƒ createShareLink({}) in 12ms src/app/actions.ts
 GET /r/[REDACTED]?edition=51fe8211-7598-47a4-b64b-135b40c78f73 200 in 86ms (next.js: 4ms, proxy.ts: 1.9ms, application-code: 80ms)
 GET /r/[REDACTED]/pdf?edition=51fe8211-7598-47a4-b64b-135b40c78f73 429 in 12ms (next.js: 4ms, proxy.ts: 2ms, application-code: 6ms)
 GET /r/[REDACTED]/csv?edition=51fe8211-7598-47a4-b64b-135b40c78f73 404 in 9ms (next.js: 4ms, proxy.ts: 1.6ms, application-code: 4ms)
 GET /reports 200 in 152ms (next.js: 2ms, proxy.ts: 2ms, application-code: 147ms)
  ✓  49 [chromium] › e2e/report-editions-local.spec.ts:16:53 › published report editions › creates every period and preserves HTML PDF CSV through revision in en (7.3s)
 GET /audit?q=COLL_AUDIT_ 200 in 166ms (next.js: 4ms, proxy.ts: 4ms, application-code: 158ms)
 GET /api/auth/get-session 200 in 22ms (next.js: 6ms, proxy.ts: 3ms, application-code: 14ms)
 GET /api/auth/organization/list 200 in 24ms (next.js: 11ms, proxy.ts: 3ms, application-code: 11ms)
 POST /audit?q=COLL_AUDIT_ 200 in 72ms (next.js: 2ms, proxy.ts: 2ms, application-code: 67ms)
  └─ ƒ setCookieConsent({}) in 2ms src/app/preferences-actions.ts
 GET /audit?q=COLL_AUDIT_&cursor=eyJ2IjoxLCJpdiI6IjFHNGxpMjVkNWNaU1g0NUciLCJ0YWciOiJaQlJYcDZsa2dMUDZmMkRvRThJSU5RIiwiZGF0YSI6IkFrQkVPQXdWOS12Mk5GdTNlQlBWOFNxX3FIREVqQU5CdWdpWHRZc1NVeHFacFpFdXpObTdPMFNZZ3JhdXJDV1pWaDJ4eVM3THlySEc3UXVwOTZRQTFhdFVoX1NSRlExNGRUdEEtbEg2dUZ4WkRJQkF3YVlfd0ZpZmlUdjVJTTE5cnkzSnVMQmtZUDg0Tzh1OXdCMm1KeWhCUGZYTlVnRzVOLTFLOFpXS0g3NEFxclFNczlvcld2cDZJU2xZY0R6Mm92TXU2OTRKMml0NUhzczgwbGdGT2JJS1FoUld3WVo5X1J4TjVkaEZYTFpnM1NZSlJncGtlYVV3Y3RPZUZNS2NXcWstbE1EaF83cV83Y1k3MVVDX2RuWkNfcU5mM1A3dzFpM0V3V3dTNEVvckVic2JNRjRpYXcifQ 200 in 48ms (next.js: 3ms, proxy.ts: 2ms, application-code: 43ms)
 GET /audit?q=COLL_AUDIT_001 200 in 106ms (next.js: 1.7ms, proxy.ts: 1.8ms, application-code: 102ms)
 GET /api/auth/get-session 200 in 93ms (next.js: 49ms, proxy.ts: 19ms, application-code: 25ms)
 GET /api/auth/organization/list 200 in 111ms (next.js: 53ms, proxy.ts: 19ms, application-code: 40ms)
 GET /tasks?q=COLL_TASK_ 200 in 438ms (next.js: 4ms, proxy.ts: 2ms, application-code: 432ms)
 GET /api/auth/get-session 200 in 18ms (next.js: 4ms, proxy.ts: 2ms, application-code: 12ms)
 GET /api/auth/organization/list 200 in 20ms (next.js: 9ms, proxy.ts: 2ms, application-code: 8ms)
 GET /tasks?q=COLL_TASK_&status=open&cursor=eyJ2IjoxLCJpdiI6Ik1XVHk3ZTZtX2tpSWowWjMiLCJ0YWciOiJJWHlnRmY3bEJhNExuQ1VyYjh2aHBBIiwiZGF0YSI6InhfZV9EMEU2SERBWFNuaEwzeW5zeHJsNVlZTXc1SXVEUEZpRUlFdWlJRjlKelJ2SzU1aGRUanFpcHpjOThzaXZpb09KNTZGM0tmNVpmamxyVGtEaHdEck02bldtS29YVE9GUnR3SjdtS3ZtS1c1ek9Rd3JSNnpKaXR6azhGZUN3bXRnSWZfekVUcGc0MHB6T0tRTVFPbnkxQXdxckF3VkZtN2Z6c08zNnRIa21NVjJ3VVJlYmlqeXNyQjBRcTkwSUdrUTdyc3ZoV0ZZT0p5U1NPd29lZmJsUGMtcFo1ZU5RSHJ1eXlDOGRGcGtNNzNiSURTOWpMak1jV0VINjVRSlJ4YlpmaG41NEllOVBEcnpjOGc0YWc3WS1OODF6ZWc4S3BIMzQxcThUcHY3WkFOaC1Wd3J1elEifQ 200 in 129ms (next.js: 3ms, proxy.ts: 2ms, application-code: 124ms)
 GET /tasks?q=COLL_TASK_001&status=open 200 in 154ms (next.js: 2ms, proxy.ts: 1.7ms, application-code: 150ms)
 GET /api/auth/get-session 200 in 20ms (next.js: 8ms, proxy.ts: 4ms, application-code: 9ms)
 GET /api/auth/organization/list 200 in 21ms (next.js: 10ms, proxy.ts: 3ms, application-code: 7ms)
 GET /tasks?notice=Commentaire+ajout%C3%A9.&id=5714c169-9ef9-4e27-aff1-c8e9503828d9 200 in 75ms (next.js: 1.8ms, proxy.ts: 1.6ms, application-code: 71ms)
 POST /tasks?q=COLL_TASK_001&status=open 200 in 95ms (next.js: 2ms, proxy.ts: 2ms, application-code: 91ms)
  └─ ƒ addWorkspaceTaskComment({}) in 8ms src/app/actions.ts
 GET /discussions/tasks/5714c169-9ef9-4e27-aff1-c8e9503828d9 200 in 51ms (next.js: 6ms, proxy.ts: 2ms, application-code: 43ms)
 GET /discussions/tasks/5714c169-9ef9-4e27-aff1-c8e9503828d9?cursor=eyJ2IjoxLCJpdiI6ImJCMFd0bzJmcEdMc3hGTG0iLCJ0YWciOiIySk9xdTd6cG5hd2piOUxZUzUyY2lBIiwiZGF0YSI6InI2U3Brd3BDb1d0T3BfcEkzV0I4T3hRR0xnYmNlVmRqMF9VZEhWU0NKc1hvLU5zX3F1R2xDMUZNYXh4SHJtb25QUmZwTjVXX2x4T2NCeEtoeXlHYkxta190UkpNTkVZNkltcnN0WXI3UjNCRzd5RjJXRE1qaENwdVR3UHVsUHJZUlNBc084QmZWNFh5TTJIdkozcUExYlk5Yk9RVEhwb1B6UzNzZnVZS1FlZjVkMEp5NXg5TUdqVC1PUnYzMFVBTk5RekdzdURuNll0ampBLTRkTFhYRkRyZVRFdGZkbjhWZDhmQXVLb1pIU1k5dnlTQWZSd3JleGlYMWdUMnhwVDFqSWtKbGNnYWlIaElQMjdKX3k4Q0JuM0dJQkhoVUpkQkE4Y19rQ21xRkJEOThaMXlpaHNSd0EifQ 200 in 52ms (next.js: 4ms, proxy.ts: 3ms, application-code: 45ms)
 GET /discussions/tasks/5714c169-9ef9-4e27-aff1-c8e9503828d9?q=COLL_MESSAGE_001 200 in 123ms (next.js: 3ms, proxy.ts: 2ms, application-code: 118ms)
 GET /api/auth/get-session 200 in 32ms (next.js: 7ms, proxy.ts: 3ms, application-code: 22ms)
 GET /api/auth/organization/list 200 in 56ms (next.js: 12ms, proxy.ts: 3ms, application-code: 42ms)
 GET /alerts?q=COLL_ALERT_ 200 in 348ms (next.js: 5ms, proxy.ts: 16ms, application-code: 327ms)
 GET /api/auth/get-session 200 in 15ms (next.js: 3ms, proxy.ts: 3ms, application-code: 9ms)
 GET /api/auth/organization/list 200 in 16ms (next.js: 6ms, proxy.ts: 2ms, application-code: 7ms)
 GET /alerts?q=COLL_ALERT_&cursor=eyJ2IjoxLCJpdiI6InNOTDZpeWNOa01Tb3I5NTAiLCJ0YWciOiJwNmpOQkFMYnRZZVcwcm9lSm1qZS1nIiwiZGF0YSI6IlF4NHM4bWNQSlpmNmtkeWdiVTlfbV81aGJ5a1RyUTlCcU9tZlNqdlRFcEdEV3BpVXpqLXIzZGNGZll0enBfVUVNNkM5aFB3UG1xUjV0OWJ4YjhYc2h3aWZIam9sWWY3emZFYWFJc0s1ZXFjdUtNM2FGX1FPN3B0azhkQV9BRXJqWmFiZzNqeGY0MVhzdFgtbzdNci1nY3BGTGdPNGZyVXY2SGdwU3ZqX0RBRFBVakU4d0RCaFZfNjloOWN3SVdHYUlQU0ljVENuVDlNREtrakpicjZVbjhIV1ZVY1NfbVBxQm1sQldOZy1lbjdGb1RSWFFPLXVKdmoyelVZcUo1bEJobVlFWU5NQ2d4aFliMFFkLWZXeWEzV0lVazdYUWxsSThvdUtkUWFpZ3puTjJWcGZGSDBFa1EifQ 200 in 102ms (next.js: 3ms, proxy.ts: 3ms, application-code: 97ms)
 GET /alerts?q=COLL_ALERT_001&status= 200 in 121ms (next.js: 2ms, proxy.ts: 2ms, application-code: 117ms)
 GET /api/auth/get-session 200 in 78ms (next.js: 47ms, proxy.ts: 11ms, application-code: 19ms)
 GET /api/auth/organization/list 200 in 80ms (next.js: 51ms, proxy.ts: 17ms, application-code: 13ms)
 GET /approvals?q=COLL_APPROVAL_ 200 in 390ms (next.js: 3ms, proxy.ts: 2ms, application-code: 385ms)
 GET /api/auth/get-session 200 in 17ms (next.js: 4ms, proxy.ts: 3ms, application-code: 9ms)
 GET /api/auth/organization/list 200 in 19ms (next.js: 7ms, proxy.ts: 4ms, application-code: 8ms)
 GET /approvals?q=COLL_APPROVAL_&cursor=eyJ2IjoxLCJpdiI6IndnWXJJN1pSUVBPdEdHeEYiLCJ0YWciOiJ5UXlRSWlpdWN1aExMai1fb1AtaXR3IiwiZGF0YSI6Ilh3LWpTLU44bHJjQ01mcTlxcnVPcHN4SFBvQ3ZIc25DMzgtbWZsR0stcWdBU05lTHJvRXBBSVg2b1ZxRkRXeDM4enAwNHBrUWZrOUZGUno2RzE0UUN2RE1jYVBoRDBMSmhUNmllSzR1R1RNbFFsMkotbnNRaHdlSWVweWJyNEFnS2kwU193dFdPRkVKOXFNUlBtNHZVRUx0b0I5UGFHWE1jSWZoUmtweUJOZlZ0LVN6aDl0Z1B3VVNCcXA2b3Izd1EwM3hsTE1jaTFVRERuSExlOTVlUWZYR3NiRUYwUlcyNzU2eDAtTkVRSUpNQ0Y4UjZlbUlSeXpZWDl0eS03dGFLTkFRZVJyR0RsdEQ3MjQ2dzhmcklJWVNDTVkyWV9VLUhPNlNwZDVpZ2FVWm5zSVZtSkdqWmcifQ 200 in 101ms (next.js: 2ms, proxy.ts: 3ms, application-code: 96ms)
 GET /approvals?q=COLL_APPROVAL_001&status= 200 in 126ms (next.js: 2ms, proxy.ts: 2ms, application-code: 121ms)
 GET /api/auth/get-session 200 in 111ms (next.js: 56ms, proxy.ts: 12ms, application-code: 43ms)
 GET /api/auth/organization/list 200 in 289ms (next.js: 60ms, proxy.ts: 12ms, application-code: 217ms)
 GET /support?q=COLL_SUPPORT_ 200 in 340ms (next.js: 3ms, proxy.ts: 2ms, application-code: 334ms)
 GET /api/auth/get-session 200 in 20ms (next.js: 4ms, proxy.ts: 2ms, application-code: 14ms)
 GET /api/auth/organization/list 200 in 23ms (next.js: 8ms, proxy.ts: 3ms, application-code: 12ms)
 GET /support?q=COLL_SUPPORT_&cursor=eyJ2IjoxLCJpdiI6InItRElPaEhnSHhrNUZGRFQiLCJ0YWciOiJ1ZWh0Tjl3aDNkbmhqZEo1NGk4eXF3IiwiZGF0YSI6InY1N2Jxckx4V1VTelJtTmtfekNKSFFVanNMb2dLbHBmZHc2NXlLdml1eThrbGQwdTZ5UDV2SExfbEM0R0xhR3ViYWxfTmJfWFlKQ1dtVmR6QWdxbm5sRmFDSXU4Z3JiWUFGdVo5NU1rNW1WM3lDQnpEOHllajJUUk1uVzJ5QU55OEZMMkRkeHQzelY2bzlTM1ZDcEp4ejRsVW55NlE3ampLejl6MWxwRUNwbnBRMUZ3SVBINVY0MFpiUnlRdGI1RmRvT3JzVmdNVnBSQ3RLWEtxckZ3eXN1anQ5Vk9mam0zYWNsWnluejhEcUM4OUJxV1ByaU1uSnc1OEVobXNEUmhzZU9vNGVITnYtUlM1dTU2clF4bjdGTEdVRUR2bmVTSjhuRWpkOFdybFFnUmdxTGlmcG5kbncifQ 200 in 75ms (next.js: 2ms, proxy.ts: 3ms, application-code: 70ms)
 GET /support?q=COLL_SUPPORT_001&status= 200 in 138ms (next.js: 2ms, proxy.ts: 3ms, application-code: 132ms)
 GET /api/auth/get-session 200 in 22ms (next.js: 5ms, proxy.ts: 3ms, application-code: 15ms)
 GET /api/auth/organization/list 200 in 24ms (next.js: 11ms, proxy.ts: 3ms, application-code: 10ms)
 GET /tasks?cursor=forged 200 in 128ms (next.js: 2ms, proxy.ts: 1.5ms, application-code: 124ms)
 GET /api/auth/get-session 200 in 30ms (next.js: 4ms, proxy.ts: 3ms, application-code: 23ms)
 GET /api/auth/organization/list 200 in 34ms (next.js: 16ms, proxy.ts: 3ms, application-code: 15ms)
 GET /support?q=COLL_SUPPORT_ 200 in 103ms (next.js: 2ms, proxy.ts: 3ms, application-code: 97ms)
 GET /api/auth/get-session 200 in 88ms (next.js: 46ms, proxy.ts: 9ms, application-code: 32ms)
 GET /api/auth/organization/list 200 in 106ms (next.js: 31ms, proxy.ts: 30ms, application-code: 46ms)
 GET /discussions/support/2174bac8-c2f9-4d1c-afae-3888a6bd8a13 404 in 123ms (next.js: 15ms, proxy.ts: 2ms, application-code: 106ms)
  ✓  50 [chromium] › e2e/workspace-collections-local.spec.ts:14:53 › workspace collection navigation › searches older records and conversations in fr (7.5s)
 GET /audit?q=COLL_AUDIT_ 200 in 176ms (next.js: 3ms, proxy.ts: 2ms, application-code: 171ms)
 GET /api/auth/get-session 200 in 22ms (next.js: 6ms, proxy.ts: 3ms, application-code: 13ms)
 GET /api/auth/organization/list 200 in 25ms (next.js: 11ms, proxy.ts: 3ms, application-code: 11ms)
 GET /audit?q=COLL_AUDIT_&cursor=eyJ2IjoxLCJpdiI6IjZla1FYdXZZUWV0ajlUMDUiLCJ0YWciOiJXaVBxRFFXc3lmM3NqYWhiMWk5RmNnIiwiZGF0YSI6IlpXa05feU9CaHA4ekJhZjdrNVppU0tMcGVkZEFsaDB1aHZsb20xSlo2MGcwRi03enFDUWRFampHN0Zxa0huc1JUWlY5RGZMekY0M3BKSjUyMUxZbkJZTW51bUFPRjh1R1hoZWRuSHlSYXFXZjI1aDZ0Vk9PVVdlRkdTUW1rTXBTTElzUGVkOEJyWWNKcUR6SW9tamprYlNreVExSFE5Q3RSSk1XRmxYQXczRGdrTzdCMEJFVjE0RmVXQ05QWktYQVBXVnlSRUlJV2JCTjlJN0tmSnB0aEJXRFdsRGMzZVJaa2dXbUs3Z0VQUGQ0dHRYNVc3YkRsZHlYS3gzYWhtZThPZlN2TDVPX01JSVB5XzZlYzR0SlBSd2dNcXMteGt6Z29LcVY5dENZYzZMV0xCbk02eHREZncifQ 200 in 128ms (next.js: 7ms, proxy.ts: 4ms, application-code: 117ms)
 POST /audit?q=COLL_AUDIT_ 200 in 188ms (next.js: 3ms, proxy.ts: 3ms, application-code: 183ms)
  └─ ƒ setCookieConsent({}) in 2ms src/app/preferences-actions.ts
 GET /audit?q=COLL_AUDIT_&cursor=eyJ2IjoxLCJpdiI6IjZla1FYdXZZUWV0ajlUMDUiLCJ0YWciOiJXaVBxRFFXc3lmM3NqYWhiMWk5RmNnIiwiZGF0YSI6IlpXa05feU9CaHA4ekJhZjdrNVppU0tMcGVkZEFsaDB1aHZsb20xSlo2MGcwRi03enFDUWRFampHN0Zxa0huc1JUWlY5RGZMekY0M3BKSjUyMUxZbkJZTW51bUFPRjh1R1hoZWRuSHlSYXFXZjI1aDZ0Vk9PVVdlRkdTUW1rTXBTTElzUGVkOEJyWWNKcUR6SW9tamprYlNreVExSFE5Q3RSSk1XRmxYQXczRGdrTzdCMEJFVjE0RmVXQ05QWktYQVBXVnlSRUlJV2JCTjlJN0tmSnB0aEJXRFdsRGMzZVJaa2dXbUs3Z0VQUGQ0dHRYNVc3YkRsZHlYS3gzYWhtZThPZlN2TDVPX01JSVB5XzZlYzR0SlBSd2dNcXMteGt6Z29LcVY5dENZYzZMV0xCbk02eHREZncifQ 200 in 78ms (next.js: 4ms, proxy.ts: 3ms, application-code: 70ms)
 GET /audit?q=COLL_AUDIT_001 200 in 119ms (next.js: 1.8ms, proxy.ts: 2.0ms, application-code: 116ms)
 GET /api/auth/get-session 200 in 461ms (next.js: 70ms, proxy.ts: 6ms, application-code: 385ms)
 GET /api/auth/organization/list 200 in 468ms (next.js: 74ms, proxy.ts: 6ms, application-code: 388ms)
 GET /tasks?q=COLL_TASK_ 200 in 535ms (next.js: 2ms, proxy.ts: 3ms, application-code: 530ms)
 GET /api/auth/get-session 200 in 30ms (next.js: 5ms, proxy.ts: 5ms, application-code: 20ms)
 GET /api/auth/organization/list 200 in 34ms (next.js: 11ms, proxy.ts: 5ms, application-code: 18ms)
 GET /tasks?q=COLL_TASK_&status=open&cursor=eyJ2IjoxLCJpdiI6ImExTzBTbDBleHpXcFNBWC0iLCJ0YWciOiJyYWNDUWdJNVFTRTlqU1RLazJMaFdnIiwiZGF0YSI6Im0zVEpPakg1V1c1ekVxOTR1QkhRTzFIZW9QNlhkX1V5WlNfZTlzbDF4Q05UOWp5Vlc4R3ZQTzBPNjdOQTFDNWN3dlliZm1lZXFoSllscXRQOUlndjNBOUIwb3hnN3JzaE1VOEtodmNweFBQQy1yNWE5QlZjaEZxRGtLMHMzYUtMeEZ2dWVPdmNzaVA3Vm9SX1NvZF9lZnNNRE1JdXhwT3FZU0dfR1piTW9SQ1RWLWNMVGdUQnFhZnFfOFVJcUN4OFc2Ymt2TjhEd2lHQnI4RkZVYlZyU1I4MUdJSlFIbHBiY2pRMkxlYjhRNUlZMF9HSlZWV3hnSWstZ1duOHFReGdkWlhkVENUN01wajluc0lnU2JsVkI1aHdPb0JoS1hkZmVydjNzaGhaM3BfOGxWWUJ0eE1DZ0EifQ 200 in 228ms (next.js: 6ms, proxy.ts: 3ms, application-code: 219ms)
 GET /tasks?q=COLL_TASK_001&status=open 200 in 180ms (next.js: 2.0ms, proxy.ts: 1.7ms, application-code: 177ms)
 GET /api/auth/get-session 200 in 37ms (next.js: 6ms, proxy.ts: 9ms, application-code: 22ms)
 GET /api/auth/organization/list 200 in 39ms (next.js: 11ms, proxy.ts: 8ms, application-code: 20ms)
 GET /tasks?notice=Commentaire+ajout%C3%A9.&id=1a29c5f5-6bbe-41a6-9a57-36d5cab16f66 200 in 120ms (next.js: 3ms, proxy.ts: 3ms, application-code: 114ms)
 POST /tasks?q=COLL_TASK_001&status=open 200 in 148ms (next.js: 3ms, proxy.ts: 3ms, application-code: 142ms)
  └─ ƒ addWorkspaceTaskComment({}) in 9ms src/app/actions.ts
 GET /discussions/tasks/1a29c5f5-6bbe-41a6-9a57-36d5cab16f66 200 in 58ms (next.js: 7ms, proxy.ts: 2ms, application-code: 48ms)
 GET /discussions/tasks/1a29c5f5-6bbe-41a6-9a57-36d5cab16f66?cursor=eyJ2IjoxLCJpdiI6Im5VX1pGbWt5MkNFWTBkMVIiLCJ0YWciOiJGTmE5cE5MYng3Ump3cV9scTEwanNnIiwiZGF0YSI6InNSQkt0YUtjdlV0MU1WdmdlTC03Nm9xT2QyekFlUzFsNExKczI5djU3aW1jZXZNSGxiYnhiVkNHcnZOSTdCLVJvc3VnXzNnajJObXZIZDJ0U2E0bGFuNFdXNFZuVkQ2d0hZY05LQ3pGTDRSaF83Ml9BRGFaUmVYRUdQRHlYMFhEWlQ1MEFsOGxSdmtFU2ZDWmc1bVFoc240RTI0WEstdXQ5NTlwM3pRcEtES0FIc2VtSXA5eUxHNjk1bnMyZjdaN1VGaDRWWTlBdHdQSXVSWjNvd21uRTRMeXVOUWt5M3R3TG0tMkdfVTlNME9adXlRRjVlRVRjNTVaYmJhVWVvcGg4WGVZZkRWNzZCSDJQNUY1YUhhYTFTZ0ctV0NQVlpoMlBudkpZSmdJdGJpUnBTenEtVzNRRGcifQ 200 in 57ms (next.js: 5ms, proxy.ts: 4ms, application-code: 49ms)
 GET /discussions/tasks/1a29c5f5-6bbe-41a6-9a57-36d5cab16f66?q=COLL_MESSAGE_001 200 in 158ms (next.js: 3ms, proxy.ts: 2ms, application-code: 153ms)
 GET /api/auth/get-session 200 in 35ms (next.js: 13ms, proxy.ts: 6ms, application-code: 16ms)
 GET /api/auth/organization/list 200 in 72ms (next.js: 17ms, proxy.ts: 7ms, application-code: 48ms)
 GET /alerts?q=COLL_ALERT_ 200 in 374ms (next.js: 6ms, proxy.ts: 4ms, application-code: 365ms)
 GET /api/auth/get-session 200 in 26ms (next.js: 8ms, proxy.ts: 3ms, application-code: 15ms)
 GET /api/auth/organization/list 200 in 33ms (next.js: 13ms, proxy.ts: 4ms, application-code: 16ms)
 GET /alerts?q=COLL_ALERT_&cursor=eyJ2IjoxLCJpdiI6Il9NMHZSR2ZRQWZmLWpGbEwiLCJ0YWciOiJqSmtnLW10aEVEV2xkbzJsTVRQVExRIiwiZGF0YSI6IjFkb3BmdVZFTVRvQTlXRXR5eFFFS19FZUdxdkN6ZUZlQXM5Z1R0SnhjWWdUOE5uUDZVRnRfWHJBU3Q5SFZORTllQmVQVC1sQ2RWSkJXdFFjQ0xSdE9iYWh2NlBmd1U4OWxYcWpxSWhLUmxwTzdLRkVnLXc4RERTeUFsRFRFZWlKWGtxQ19lTXdfVXN0OE5YQXZ5elROTnBVUGNCaTU2Q3lzOUh4d190QmZWZHNadElmQzNnXzRXQ2ZHRXNBWTBnUnlxRXA4UWVlN3NtSDRuckNkNlcxVXFRM2pWdkNvYU9ZZF9oN1ZqYTJZb3g4OTQxbGFqTkUtc2dWaTNEMHJjNEdpV1FVSTQyUnRLbC00VFBCbWQ2TEZmcW5DSjRQZ1hMMUMzeERSWTJDalFtd0NuVkRwUnVnMGcifQ 200 in 114ms (next.js: 3ms, proxy.ts: 3ms, application-code: 108ms)
 GET /alerts?q=COLL_ALERT_001&status= 200 in 119ms (next.js: 1.9ms, proxy.ts: 1.7ms, application-code: 115ms)
 GET /api/auth/get-session 200 in 90ms (next.js: 47ms, proxy.ts: 21ms, application-code: 22ms)
 GET /api/auth/organization/list 200 in 93ms (next.js: 50ms, proxy.ts: 21ms, application-code: 23ms)
 GET /approvals?q=COLL_APPROVAL_ 200 in 441ms (next.js: 8ms, proxy.ts: 3ms, application-code: 430ms)
 GET /api/auth/get-session 200 in 41ms (next.js: 4ms, proxy.ts: 19ms, application-code: 18ms)
 GET /api/auth/organization/list 200 in 28ms (next.js: 9ms, proxy.ts: 3ms, application-code: 16ms)
 GET /approvals?q=COLL_APPROVAL_&cursor=eyJ2IjoxLCJpdiI6InNKa0pzb01EV0lXeGNzNXQiLCJ0YWciOiItNmIzMzRscl9qVERING1EQlBlaXlRIiwiZGF0YSI6ImI3UjhFbUdlQkZlWDhTanRqYU0zTXdzbGloQ1M0aG9TcUlieHpMSVFYamVhd0hxYmhJdnVZbGRrU3IyVG9xRGlERG10cHR2ZGN4LVBSTVpnYXFhNzBaWUlSb0QxRllqdnJFSXN3aFJ2WlUydFpzdWJEZ0pUeURKN1NZR0tzVFNld09Ha2JBZE1obnAwbW5hOWNwU19CaUc4NTBCSktmOEJfTjJSZmF0bmhpRWVPWmNXc0trSWhtZE5nLVphYWRhTUd1ZjFFSFNQdzVTYlliczgyX1Y5NXp0N3NJamRqWkJNaHMyVGI1SGtxbGVXdy1td21aeHNaNDJNWEI0Y1FwZkF1bDdmRlJoa190OUM0NV9TTUlTd0xQSnltY1ctdDE2eUkxN3lUdjg2RXZPTGVZcllremNlRVEifQ 200 in 186ms (next.js: 3ms, proxy.ts: 4ms, application-code: 180ms)
 GET /approvals?q=COLL_APPROVAL_001&status= 200 in 189ms (next.js: 2.0ms, proxy.ts: 2ms, application-code: 185ms)
 GET /api/auth/get-session 200 in 262ms (next.js: 237ms, proxy.ts: 7ms, application-code: 19ms)
 GET /api/auth/organization/list 200 in 264ms (next.js: 243ms, proxy.ts: 9ms, application-code: 12ms)
 GET /support?q=COLL_SUPPORT_ 200 in 399ms (next.js: 4ms, proxy.ts: 4ms, application-code: 391ms)
 GET /api/auth/get-session 200 in 37ms (next.js: 13ms, proxy.ts: 4ms, application-code: 20ms)
 GET /api/auth/organization/list 200 in 58ms (next.js: 6ms, proxy.ts: 4ms, application-code: 48ms)
 GET /support?q=COLL_SUPPORT_&cursor=eyJ2IjoxLCJpdiI6ImRCUGJwTV9yX0hzaXYtNjAiLCJ0YWciOiJFRjIwRHhPVnNHdlhBcFpZakdiOXJBIiwiZGF0YSI6IjRLSThHREltdG5rdno2cUlpVjFWS0o4b0JnZHA0aGtYUTFlcE9VZXNOaEVSSTlHTnNaVFN0Y20zVDFsLVNHNmZyRlRxMlpoWTUzT3JWOFdYOTlkSUdndWVMVzMya1EyVW1xV2tHNWk1RXVMZmhJNW1YeTFKU0d3ZjdzLUxTakJSbVVydVRyVU9CWnJ3UjVYQUl2bnRCZk85QmJ6ZlphZUFEekJwalBaUEwxblhSbzhfLV9uVkxZdXhBZi1ERjZFTjQyQzltTVBKaENfTDRMY29YMmlpb1dqRmtWeFlyc2NFZWJidDlXaWhON2dDbkV3TDVoNFBrWnR1YUQ5OHNGYlJmT2lBYWdIczNyd1k5VG5MYUExbnVMY2VjQnhpSVZEWVJMVG5wS24xQm5GSVJlUkJNNU1JTncifQ 200 in 120ms (next.js: 3ms, proxy.ts: 3ms, application-code: 115ms)
 GET /support?q=COLL_SUPPORT_001&status= 200 in 226ms (next.js: 4ms, proxy.ts: 5ms, application-code: 217ms)
 GET /api/auth/get-session 200 in 20ms (next.js: 5ms, proxy.ts: 3ms, application-code: 13ms)
 GET /api/auth/organization/list 200 in 26ms (next.js: 9ms, proxy.ts: 2ms, application-code: 14ms)
 GET /tasks?cursor=forged 200 in 164ms (next.js: 3ms, proxy.ts: 2ms, application-code: 158ms)
 GET /api/auth/get-session 200 in 46ms (next.js: 4ms, proxy.ts: 4ms, application-code: 38ms)
 GET /api/auth/organization/list 200 in 49ms (next.js: 25ms, proxy.ts: 4ms, application-code: 20ms)
 GET /support?q=COLL_SUPPORT_ 200 in 138ms (next.js: 1.9ms, proxy.ts: 1.8ms, application-code: 134ms)
 GET /api/auth/get-session 200 in 113ms (next.js: 43ms, proxy.ts: 48ms, application-code: 22ms)
 GET /api/auth/organization/list 200 in 128ms (next.js: 46ms, proxy.ts: 48ms, application-code: 34ms)
 GET /discussions/support/e15392a7-c19a-49d4-b7dd-1ee6307518f8 404 in 148ms (next.js: 9ms, proxy.ts: 3ms, application-code: 137ms)
  ✓  51 [chromium] › e2e/workspace-collections-local.spec.ts:14:53 › workspace collection navigation › searches older records and conversations in en (8.5s)

  51 passed (2.2m)
{"ok":true,"cleaned":"local-browser-fixtures"}
[?25h
