
> @yodev/ads@0.1.0 test:e2e:local
> node scripts/verify-local-browser.mjs --grep agency portfolio

{"ok":true,"fixtureRoles":["owner","admin","strategist","analyst","client"],"foreignExportId":"80000000-0000-4000-8000-000000000003"}

> @yodev/ads@0.1.0 dev
> next dev --hostname 127.0.0.1 --port 3017

▲ Next.js 16.3.0 (Turbopack)
- Local:         http://127.0.0.1:3017
- Network:       http://127.0.0.1:3017
- Environments: .env.local
✓ Ready in 264ms
✓ Running next.config.ts took 415ms
- Experiments (use with caution):
  · clientTraceMetadata

 GET /sign-in 200 in 1098ms (next.js: 608ms, proxy.ts: 203ms, application-code: 287ms)
 POST /api/auth/sign-in/email 200 in 862ms (next.js: 702ms, proxy.ts: 3ms, application-code: 157ms)
 POST /api/auth/sign-in/email 200 in 91ms (next.js: 3ms, proxy.ts: 2ms, application-code: 85ms)
 POST /api/auth/sign-in/email 200 in 78ms (next.js: 2ms, proxy.ts: 3ms, application-code: 73ms)
 POST /api/auth/sign-in/email 200 in 75ms (next.js: 1.9ms, proxy.ts: 2ms, application-code: 71ms)
 POST /api/auth/sign-in/email 200 in 76ms (next.js: 1.9ms, proxy.ts: 2ms, application-code: 72ms)
 GET /dashboard 200 in 478ms (next.js: 182ms, proxy.ts: 2ms, application-code: 294ms)
 GET /settings 200 in 218ms (next.js: 28ms, proxy.ts: 4ms, application-code: 186ms)
 GET /billing 200 in 164ms (next.js: 25ms, proxy.ts: 2ms, application-code: 136ms)
 GET /support 200 in 145ms (next.js: 26ms, proxy.ts: 2ms, application-code: 117ms)
 GET /accounts 200 in 115ms (next.js: 11ms, proxy.ts: 1.9ms, application-code: 101ms)
 GET /history 200 in 120ms (next.js: 13ms, proxy.ts: 2ms, application-code: 105ms)
 GET /alerts 200 in 152ms (next.js: 41ms, proxy.ts: 1.7ms, application-code: 109ms)
 GET /tasks 200 in 169ms (next.js: 44ms, proxy.ts: 1.7ms, application-code: 123ms)
 GET /approvals 200 in 147ms (next.js: 46ms, proxy.ts: 1.8ms, application-code: 99ms)
 GET /reports 200 in 205ms (next.js: 43ms, proxy.ts: 2ms, application-code: 160ms)
 GET /audit 200 in 130ms (next.js: 19ms, proxy.ts: 1.9ms, application-code: 109ms)
 GET /agents 200 in 327ms (next.js: 57ms, proxy.ts: 1.8ms, application-code: 268ms)
 GET / 200 in 183ms (next.js: 21ms, proxy.ts: 7ms, application-code: 155ms)
 GET /privacy 200 in 137ms (next.js: 27ms, proxy.ts: 2ms, application-code: 108ms)
 GET /sign-in 200 in 44ms (next.js: 6ms, proxy.ts: 4ms, application-code: 33ms)
 GET /terms 200 in 101ms (next.js: 21ms, proxy.ts: 14ms, application-code: 66ms)
 GET /subprocessors 200 in 151ms (next.js: 58ms, proxy.ts: 12ms, application-code: 81ms)
 GET /status 200 in 121ms (next.js: 40ms, proxy.ts: 4ms, application-code: 77ms)
 GET /sign-in 200 in 41ms (next.js: 4ms, proxy.ts: 3ms, application-code: 34ms)
 GET /icon?a62dacc6b033a714 200 in 147ms (next.js: 43ms, proxy.ts: 13ms, application-code: 91ms)
 GET /sign-up 200 in 353ms (next.js: 320ms, proxy.ts: 2ms, application-code: 31ms)
Local browser states ready in /var/folders/9h/sbxl7zl90j9_wc743xft5j8h0000gn/T/yodev-ads-browser-Nimxr9

Running 2 tests using 1 worker

(node:86586) Warning: The 'NO_COLOR' env is ignored due to the 'FORCE_COLOR' env being set.
(Use `node --trace-warnings ...` to show where the warning was created)
 GET /portfolio?q=PORTFOLIO_ 200 in 335ms (next.js: 17ms, proxy.ts: 3ms, application-code: 315ms)
PORTFOLIO_CSP_DIAGNOSTIC {"directive":"style-src-elem","source":"http://localhost:3017/_next/static/chunks/node_modules_next_dist_compiled_next-devtools_index_090k2jm.js","line":2642,"sample":"","target":"<nextjs-portal></nextjs-portal>"}
PORTFOLIO_CSP_DIAGNOSTIC {"directive":"style-src-elem","source":"http://localhost:3017/_next/static/chunks/node_modules_next_dist_compiled_next-devtools_index_090k2jm.js","line":2642,"sample":"","target":"<nextjs-portal></nextjs-portal>"}
PORTFOLIO_CSP_DIAGNOSTIC {"directive":"style-src-elem","source":"http://localhost:3017/_next/static/chunks/node_modules_next_dist_compiled_next-devtools_index_090k2jm.js","line":2642,"sample":"","target":"<nextjs-portal></nextjs-portal>"}
PORTFOLIO_CSP_DIAGNOSTIC {"directive":"style-src-elem","source":"http://localhost:3017/_next/static/chunks/node_modules_next_dist_compiled_next-devtools_index_090k2jm.js","line":2642,"sample":"","target":"<nextjs-portal></nextjs-portal>"}
PORTFOLIO_CSP_DIAGNOSTIC {"directive":"style-src-elem","source":"http://localhost:3017/_next/static/chunks/node_modules_next_dist_compiled_next-devtools_index_090k2jm.js","line":2642,"sample":"","target":"<nextjs-portal></nextjs-portal>"}
PORTFOLIO_CSP_DIAGNOSTIC {"directive":"style-src-elem","source":"http://localhost:3017/_next/static/chunks/node_modules_next_dist_compiled_next-devtools_index_090k2jm.js","line":2642,"sample":"","target":"<nextjs-portal></nextjs-portal>"}
PORTFOLIO_CSP_DIAGNOSTIC {"directive":"style-src-elem","source":"http://localhost:3017/_next/static/chunks/node_modules_next_dist_compiled_next-devtools_index_090k2jm.js","line":2642,"sample":"","target":"<nextjs-portal></nextjs-portal>"}
PORTFOLIO_CSP_DIAGNOSTIC {"directive":"style-src-elem","source":"http://localhost:3017/_next/static/chunks/node_modules_next_dist_compiled_next-devtools_index_090k2jm.js","line":2642,"sample":"","target":"<nextjs-portal></nextjs-portal>"}
PORTFOLIO_CSP_DIAGNOSTIC {"directive":"style-src-elem","source":"http://localhost:3017/_next/static/chunks/node_modules_next_dist_compiled_next-devtools_index_090k2jm.js","line":2642,"sample":"","target":"<nextjs-portal></nextjs-portal>"}
PORTFOLIO_CSP_DIAGNOSTIC {"directive":"style-src-elem","source":"http://localhost:3017/_next/static/chunks/node_modules_next_dist_compiled_next-devtools_index_090k2jm.js","line":2642,"sample":"","target":"<nextjs-portal></nextjs-portal>"}
PORTFOLIO_CSP_DIAGNOSTIC {"directive":"style-src-elem","source":"http://localhost:3017/_next/static/chunks/node_modules_next_dist_compiled_next-devtools_index_090k2jm.js","line":2642,"sample":"","target":"<nextjs-portal></nextjs-portal>"}
PORTFOLIO_CSP_DIAGNOSTIC {"directive":"style-src-elem","source":"http://localhost:3017/_next/static/chunks/node_modules_next_dist_compiled_next-devtools_index_090k2jm.js","line":2642,"sample":"","target":"<nextjs-portal></nextjs-portal>"}
PORTFOLIO_CSP_DIAGNOSTIC {"directive":"style-src-elem","source":"http://localhost:3017/_next/static/chunks/node_modules_next_dist_compiled_next-devtools_index_090k2jm.js","line":2642,"sample":"","target":"<nextjs-portal></nextjs-portal>"}
PORTFOLIO_CSP_DIAGNOSTIC {"directive":"style-src-elem","source":"http://localhost:3017/_next/static/chunks/node_modules_next_dist_compiled_next-devtools_index_090k2jm.js","line":2642,"sample":"","target":"<nextjs-portal></nextjs-portal>"}
PORTFOLIO_CSP_DIAGNOSTIC {"directive":"style-src-elem","source":"http://localhost:3017/_next/static/chunks/node_modules_next_dist_compiled_next-devtools_index_090k2jm.js","line":2642,"sample":"","target":"<nextjs-portal></nextjs-portal>"}
PORTFOLIO_CSP_DIAGNOSTIC {"directive":"style-src-elem","source":"http://localhost:3017/_next/static/chunks/node_modules_next_dist_compiled_next-devtools_index_090k2jm.js","line":2642,"sample":"","target":"<nextjs-portal></nextjs-portal>"}
PORTFOLIO_CSP_DIAGNOSTIC {"directive":"style-src-elem","source":"http://localhost:3017/_next/static/chunks/node_modules_next_dist_compiled_next-devtools_index_090k2jm.js","line":2642,"sample":"","target":"<nextjs-portal></nextjs-portal>"}
PORTFOLIO_CSP_DIAGNOSTIC {"directive":"style-src-elem","source":"http://localhost:3017/_next/static/chunks/node_modules_next_dist_compiled_next-devtools_index_090k2jm.js","line":2642,"sample":"","target":"<nextjs-portal></nextjs-portal>"}
PORTFOLIO_CSP_DIAGNOSTIC {"directive":"style-src-elem","source":"http://localhost:3017/_next/static/chunks/node_modules_next_dist_compiled_next-devtools_index_090k2jm.js","line":2642,"sample":"","target":"<nextjs-portal></nextjs-portal>"}
PORTFOLIO_CSP_DIAGNOSTIC {"directive":"style-src-elem","source":"http://localhost:3017/_next/static/chunks/node_modules_next_dist_compiled_next-devtools_index_090k2jm.js","line":2642,"sample":"","target":"<nextjs-portal></nextjs-portal>"}
PORTFOLIO_CSP_DIAGNOSTIC {"directive":"style-src-elem","source":"http://localhost:3017/_next/static/chunks/node_modules_next_dist_compiled_next-devtools_index_090k2jm.js","line":2642,"sample":"","target":"<nextjs-portal></nextjs-portal>"}
PORTFOLIO_CSP_DIAGNOSTIC {"directive":"style-src-elem","source":"http://localhost:3017/_next/static/chunks/node_modules_next_dist_compiled_next-devtools_index_090k2jm.js","line":2642,"sample":"","target":"<nextjs-portal></nextjs-portal>"}
PORTFOLIO_CSP_DIAGNOSTIC {"directive":"style-src-elem","source":"http://localhost:3017/_next/static/chunks/node_modules_next_dist_compiled_next-devtools_index_090k2jm.js","line":2642,"sample":"","target":"<nextjs-portal></nextjs-portal>"}
PORTFOLIO_CSP_DIAGNOSTIC {"directive":"style-src-elem","source":"http://localhost:3017/_next/static/chunks/node_modules_next_dist_compiled_next-devtools_index_090k2jm.js","line":2642,"sample":"","target":"<nextjs-portal></nextjs-portal>"}
PORTFOLIO_CSP_DIAGNOSTIC {"directive":"style-src-elem","source":"http://localhost:3017/_next/static/chunks/node_modules_next_dist_compiled_next-devtools_index_090k2jm.js","line":2642,"sample":"","target":"<nextjs-portal></nextjs-portal>"}
PORTFOLIO_CSP_DIAGNOSTIC {"directive":"style-src-elem","source":"http://localhost:3017/_next/static/chunks/node_modules_next_dist_compiled_next-devtools_index_090k2jm.js","line":2642,"sample":"","target":"<nextjs-portal></nextjs-portal>"}
PORTFOLIO_CSP_DIAGNOSTIC {"directive":"style-src-elem","source":"http://localhost:3017/_next/static/chunks/node_modules_next_dist_compiled_next-devtools_index_090k2jm.js","line":2642,"sample":"","target":"<nextjs-portal></nextjs-portal>"}
PORTFOLIO_CSP_DIAGNOSTIC {"directive":"style-src-elem","source":"http://localhost:3017/_next/static/chunks/node_modules_next_dist_compiled_next-devtools_index_090k2jm.js","line":2642,"sample":"","target":"<nextjs-portal></nextjs-portal>"}
PORTFOLIO_CSP_DIAGNOSTIC {"directive":"style-src-elem","source":"http://localhost:3017/_next/static/chunks/node_modules_next_dist_compiled_next-devtools_index_090k2jm.js","line":2642,"sample":"","target":"<nextjs-portal></nextjs-portal>"}
PORTFOLIO_CSP_DIAGNOSTIC {"directive":"style-src-elem","source":"http://localhost:3017/_next/static/chunks/node_modules_next_dist_compiled_next-devtools_index_090k2jm.js","line":2642,"sample":"","target":"<nextjs-portal></nextjs-portal>"}
PORTFOLIO_CSP_DIAGNOSTIC {"directive":"style-src-elem","source":"http://localhost:3017/_next/static/chunks/node_modules_next_dist_compiled_next-devtools_index_090k2jm.js","line":2691,"sample":"","target":"<style>@font-face{font-family:'__nextjs-Geist';font-style:normal;font-weight:400 600;font-display:swap;src:url(/__nextjs_font/geist-latin-ext.woff2) format('woff2');unicode-range:U+0100-02BA,U+02BD-02C5,U+02C7-02CC,U+02CE-02D7,U+02DD-02FF,U+0304,U+0308,U+0329,U+1D00-1DBF,U+1E00-1E9F,U+1EF2-1EFF,U+2020,U+20A0-20AB,U+20AD-20C0,U+2113,U+2C60-2C7F,U+A720-A7FF}@font-face{font-family:'__nextjs-Geist Mono';font-style:normal;font-weight:400 600;font-display:swap;src:url(/__nextjs_font/geist-mono-latin-e"}
PORTFOLIO_CSP_DIAGNOSTIC {"directive":"style-src-elem","source":"http://localhost:3017/_next/static/chunks/node_modules_next_dist_compiled_next-devtools_index_090k2jm.js","line":2642,"sample":"","target":"<nextjs-portal style=\"--nextjs-dev-tools-scale: 1;\"></nextjs-portal>"}
PORTFOLIO_CSP_DIAGNOSTIC {"directive":"style-src-elem","source":"http://localhost:3017/_next/static/chunks/node_modules_next_dist_compiled_next-devtools_index_090k2jm.js","line":2642,"sample":"","target":"<nextjs-portal style=\"--nextjs-dev-tools-scale: 1;\"></nextjs-portal>"}
 GET /api/auth/get-session 200 in 38ms (next.js: 10ms, proxy.ts: 5ms, application-code: 24ms)
 GET /api/auth/organization/list 200 in 42ms (next.js: 15ms, proxy.ts: 5ms, application-code: 23ms)
 GET /portfolio?q=PORTFOLIO_&cursor=eyJ2IjoxLCJpdiI6IktXTmgzLWdqdGg1SDJkYjIiLCJ0YWciOiJOOWMtUHNUVXhLUzIwTXlvSUhfdDN3IiwiZGF0YSI6IlVzWVlrLWltWUJlRmM2QXdmS2s4Ym95SEhBNERibkcyalc2TmVPNE1oN1NfX0RTMG9EZ0xTYVFRTUpwYnBER1NyOWRQeV9CT3prVEZjRlhPSmQ0UUhzcFhnNWhYWkZBbEM0SGZBeDNRdnQ1NlROWlpXN0RwRTFDWTQzSDZpY0xSVVpPU3BPSWpQNE5fM2ZsbkFkcDctVjB6THJGckxHNV9weGVYVEE5cERwOV9PaFVEUG9nSmtndnZhakNHeWZIRFJlVHFCMXRxOUphOHF0R3pPTV9BZVUwRXppRnkyZEJ2cFZxTWMwLWJaR1E0QjhKamE3MDd1TGxfMlJLTkQxMXBPOVAyUUhqYUZYWjJNUldhZlIyOUJCTjhfZTBRNnJnNjlSbW9GeGI4dXNoU1ByTzJhM3h1UlEifQ 200 in 109ms (next.js: 3ms, proxy.ts: 3ms, application-code: 103ms)
 GET /portfolio?q=PORTFOLIO_&attention=missing_data&currency=&assignee= 200 in 174ms (next.js: 1.8ms, proxy.ts: 2ms, application-code: 170ms)
PORTFOLIO_CSP_DIAGNOSTIC {"directive":"style-src-elem","source":"http://localhost:3017/_next/static/chunks/node_modules_next_dist_compiled_next-devtools_index_090k2jm.js","line":2642,"sample":"","target":"<nextjs-portal></nextjs-portal>"}
PORTFOLIO_CSP_DIAGNOSTIC {"directive":"style-src-elem","source":"http://localhost:3017/_next/static/chunks/node_modules_next_dist_compiled_next-devtools_index_090k2jm.js","line":2642,"sample":"","target":"<nextjs-portal></nextjs-portal>"}
PORTFOLIO_CSP_DIAGNOSTIC {"directive":"style-src-elem","source":"http://localhost:3017/_next/static/chunks/node_modules_next_dist_compiled_next-devtools_index_090k2jm.js","line":2642,"sample":"","target":"<nextjs-portal></nextjs-portal>"}
PORTFOLIO_CSP_DIAGNOSTIC {"directive":"style-src-elem","source":"http://localhost:3017/_next/static/chunks/node_modules_next_dist_compiled_next-devtools_index_090k2jm.js","line":2642,"sample":"","target":"<nextjs-portal></nextjs-portal>"}
PORTFOLIO_CSP_DIAGNOSTIC {"directive":"style-src-elem","source":"http://localhost:3017/_next/static/chunks/node_modules_next_dist_compiled_next-devtools_index_090k2jm.js","line":2642,"sample":"","target":"<nextjs-portal></nextjs-portal>"}
PORTFOLIO_CSP_DIAGNOSTIC {"directive":"style-src-elem","source":"http://localhost:3017/_next/static/chunks/node_modules_next_dist_compiled_next-devtools_index_090k2jm.js","line":2642,"sample":"","target":"<nextjs-portal></nextjs-portal>"}
PORTFOLIO_CSP_DIAGNOSTIC {"directive":"style-src-elem","source":"http://localhost:3017/_next/static/chunks/node_modules_next_dist_compiled_next-devtools_index_090k2jm.js","line":2642,"sample":"","target":"<nextjs-portal></nextjs-portal>"}
PORTFOLIO_CSP_DIAGNOSTIC {"directive":"style-src-elem","source":"http://localhost:3017/_next/static/chunks/node_modules_next_dist_compiled_next-devtools_index_090k2jm.js","line":2642,"sample":"","target":"<nextjs-portal></nextjs-portal>"}
PORTFOLIO_CSP_DIAGNOSTIC {"directive":"style-src-elem","source":"http://localhost:3017/_next/static/chunks/node_modules_next_dist_compiled_next-devtools_index_090k2jm.js","line":2642,"sample":"","target":"<nextjs-portal></nextjs-portal>"}
PORTFOLIO_CSP_DIAGNOSTIC {"directive":"style-src-elem","source":"http://localhost:3017/_next/static/chunks/node_modules_next_dist_compiled_next-devtools_index_090k2jm.js","line":2642,"sample":"","target":"<nextjs-portal></nextjs-portal>"}
PORTFOLIO_CSP_DIAGNOSTIC {"directive":"style-src-elem","source":"http://localhost:3017/_next/static/chunks/node_modules_next_dist_compiled_next-devtools_index_090k2jm.js","line":2642,"sample":"","target":"<nextjs-portal></nextjs-portal>"}
PORTFOLIO_CSP_DIAGNOSTIC {"directive":"style-src-elem","source":"http://localhost:3017/_next/static/chunks/node_modules_next_dist_compiled_next-devtools_index_090k2jm.js","line":2642,"sample":"","target":"<nextjs-portal></nextjs-portal>"}
PORTFOLIO_CSP_DIAGNOSTIC {"directive":"style-src-elem","source":"http://localhost:3017/_next/static/chunks/node_modules_next_dist_compiled_next-devtools_index_090k2jm.js","line":2642,"sample":"","target":"<nextjs-portal></nextjs-portal>"}
PORTFOLIO_CSP_DIAGNOSTIC {"directive":"style-src-elem","source":"http://localhost:3017/_next/static/chunks/node_modules_next_dist_compiled_next-devtools_index_090k2jm.js","line":2642,"sample":"","target":"<nextjs-portal></nextjs-portal>"}
PORTFOLIO_CSP_DIAGNOSTIC {"directive":"style-src-elem","source":"http://localhost:3017/_next/static/chunks/node_modules_next_dist_compiled_next-devtools_index_090k2jm.js","line":2642,"sample":"","target":"<nextjs-portal></nextjs-portal>"}
PORTFOLIO_CSP_DIAGNOSTIC {"directive":"style-src-elem","source":"http://localhost:3017/_next/static/chunks/node_modules_next_dist_compiled_next-devtools_index_090k2jm.js","line":2642,"sample":"","target":"<nextjs-portal></nextjs-portal>"}
PORTFOLIO_CSP_DIAGNOSTIC {"directive":"style-src-elem","source":"http://localhost:3017/_next/static/chunks/node_modules_next_dist_compiled_next-devtools_index_090k2jm.js","line":2642,"sample":"","target":"<nextjs-portal></nextjs-portal>"}
PORTFOLIO_CSP_DIAGNOSTIC {"directive":"style-src-elem","source":"http://localhost:3017/_next/static/chunks/node_modules_next_dist_compiled_next-devtools_index_090k2jm.js","line":2642,"sample":"","target":"<nextjs-portal></nextjs-portal>"}
PORTFOLIO_CSP_DIAGNOSTIC {"directive":"style-src-elem","source":"http://localhost:3017/_next/static/chunks/node_modules_next_dist_compiled_next-devtools_index_090k2jm.js","line":2642,"sample":"","target":"<nextjs-portal></nextjs-portal>"}
PORTFOLIO_CSP_DIAGNOSTIC {"directive":"style-src-elem","source":"http://localhost:3017/_next/static/chunks/node_modules_next_dist_compiled_next-devtools_index_090k2jm.js","line":2642,"sample":"","target":"<nextjs-portal></nextjs-portal>"}
PORTFOLIO_CSP_DIAGNOSTIC {"directive":"style-src-elem","source":"http://localhost:3017/_next/static/chunks/node_modules_next_dist_compiled_next-devtools_index_090k2jm.js","line":2642,"sample":"","target":"<nextjs-portal></nextjs-portal>"}
PORTFOLIO_CSP_DIAGNOSTIC {"directive":"style-src-elem","source":"http://localhost:3017/_next/static/chunks/node_modules_next_dist_compiled_next-devtools_index_090k2jm.js","line":2642,"sample":"","target":"<nextjs-portal></nextjs-portal>"}
PORTFOLIO_CSP_DIAGNOSTIC {"directive":"style-src-elem","source":"http://localhost:3017/_next/static/chunks/node_modules_next_dist_compiled_next-devtools_index_090k2jm.js","line":2642,"sample":"","target":"<nextjs-portal></nextjs-portal>"}
PORTFOLIO_CSP_DIAGNOSTIC {"directive":"style-src-elem","source":"http://localhost:3017/_next/static/chunks/node_modules_next_dist_compiled_next-devtools_index_090k2jm.js","line":2642,"sample":"","target":"<nextjs-portal></nextjs-portal>"}
PORTFOLIO_CSP_DIAGNOSTIC {"directive":"style-src-elem","source":"http://localhost:3017/_next/static/chunks/node_modules_next_dist_compiled_next-devtools_index_090k2jm.js","line":2642,"sample":"","target":"<nextjs-portal></nextjs-portal>"}
PORTFOLIO_CSP_DIAGNOSTIC {"directive":"style-src-elem","source":"http://localhost:3017/_next/static/chunks/node_modules_next_dist_compiled_next-devtools_index_090k2jm.js","line":2642,"sample":"","target":"<nextjs-portal></nextjs-portal>"}
PORTFOLIO_CSP_DIAGNOSTIC {"directive":"style-src-elem","source":"http://localhost:3017/_next/static/chunks/node_modules_next_dist_compiled_next-devtools_index_090k2jm.js","line":2642,"sample":"","target":"<nextjs-portal></nextjs-portal>"}
PORTFOLIO_CSP_DIAGNOSTIC {"directive":"style-src-elem","source":"http://localhost:3017/_next/static/chunks/node_modules_next_dist_compiled_next-devtools_index_090k2jm.js","line":2642,"sample":"","target":"<nextjs-portal></nextjs-portal>"}
PORTFOLIO_CSP_DIAGNOSTIC {"directive":"style-src-elem","source":"http://localhost:3017/_next/static/chunks/node_modules_next_dist_compiled_next-devtools_index_090k2jm.js","line":2642,"sample":"","target":"<nextjs-portal></nextjs-portal>"}
PORTFOLIO_CSP_DIAGNOSTIC {"directive":"style-src-elem","source":"http://localhost:3017/_next/static/chunks/node_modules_next_dist_compiled_next-devtools_index_090k2jm.js","line":2642,"sample":"","target":"<nextjs-portal></nextjs-portal>"}
PORTFOLIO_CSP_DIAGNOSTIC {"directive":"style-src-elem","source":"http://localhost:3017/_next/static/chunks/node_modules_next_dist_compiled_next-devtools_index_090k2jm.js","line":2691,"sample":"","target":"<style>@font-face{font-family:'__nextjs-Geist';font-style:normal;font-weight:400 600;font-display:swap;src:url(/__nextjs_font/geist-latin-ext.woff2) format('woff2');unicode-range:U+0100-02BA,U+02BD-02C5,U+02C7-02CC,U+02CE-02D7,U+02DD-02FF,U+0304,U+0308,U+0329,U+1D00-1DBF,U+1E00-1E9F,U+1EF2-1EFF,U+2020,U+20A0-20AB,U+20AD-20C0,U+2113,U+2C60-2C7F,U+A720-A7FF}@font-face{font-family:'__nextjs-Geist Mono';font-style:normal;font-weight:400 600;font-display:swap;src:url(/__nextjs_font/geist-mono-latin-e"}
PORTFOLIO_CSP_DIAGNOSTIC {"directive":"style-src-elem","source":"http://localhost:3017/_next/static/chunks/node_modules_next_dist_compiled_next-devtools_index_090k2jm.js","line":2642,"sample":"","target":"<nextjs-portal style=\"--nextjs-dev-tools-scale: 1;\"></nextjs-portal>"}
PORTFOLIO_CSP_DIAGNOSTIC {"directive":"style-src-elem","source":"http://localhost:3017/_next/static/chunks/node_modules_next_dist_compiled_next-devtools_index_090k2jm.js","line":2642,"sample":"","target":"<nextjs-portal style=\"--nextjs-dev-tools-scale: 1;\"></nextjs-portal>"}
 GET /api/auth/get-session 200 in 26ms (next.js: 4ms, proxy.ts: 3ms, application-code: 19ms)
 GET /api/auth/organization/list 200 in 28ms (next.js: 8ms, proxy.ts: 3ms, application-code: 18ms)
 GET /portfolio?q=PORTFOLIO_&attention=missing_data&view_notice=saved 200 in 98ms (next.js: 1.6ms, proxy.ts: 2ms, application-code: 94ms)
 POST /portfolio?q=PORTFOLIO_&attention=missing_data&currency=&assignee= 200 in 123ms (next.js: 1.7ms, proxy.ts: 3ms, application-code: 119ms)
  └─ ƒ storePortfolioView({}) in 10ms src/app/portfolio-actions.ts
 GET /portfolio?q=PORTFOLIO_&attention=missing_data&view_notice=saved 200 in 75ms (next.js: 1.6ms, proxy.ts: 2ms, application-code: 72ms)
 POST /portfolio?q=PORTFOLIO_&attention=missing_data&view_notice=saved 200 in 94ms (next.js: 2ms, proxy.ts: 3ms, application-code: 89ms)
  └─ ƒ storePortfolioView({}) in 9ms src/app/portfolio-actions.ts
 GET /portfolio?q=PORTFOLIO_ 200 in 292ms (next.js: 1.5ms, proxy.ts: 3ms, application-code: 288ms)
 GET /api/auth/get-session 200 in 24ms (next.js: 8ms, proxy.ts: 3ms, application-code: 13ms)
 GET /api/auth/organization/list 200 in 26ms (next.js: 11ms, proxy.ts: 3ms, application-code: 12ms)
 GET /portfolio?view_notice=conflict 200 in 116ms (next.js: 1.6ms, proxy.ts: 2ms, application-code: 112ms)
 POST /portfolio?q=PORTFOLIO_ 200 in 139ms (next.js: 1.9ms, proxy.ts: 3ms, application-code: 134ms)
  └─ ƒ removePortfolioView({}) in 11ms src/app/portfolio-actions.ts
 GET /portfolio?q=PORTFOLIO_ 200 in 309ms (next.js: 2.0ms, proxy.ts: 3ms, application-code: 305ms)
PORTFOLIO_CSP_DIAGNOSTIC {"directive":"style-src-elem","source":"http://localhost:3017/_next/static/chunks/node_modules_next_dist_compiled_next-devtools_index_090k2jm.js","line":2642,"sample":"","target":"<nextjs-portal></nextjs-portal>"}
PORTFOLIO_CSP_DIAGNOSTIC {"directive":"style-src-elem","source":"http://localhost:3017/_next/static/chunks/node_modules_next_dist_compiled_next-devtools_index_090k2jm.js","line":2642,"sample":"","target":"<nextjs-portal></nextjs-portal>"}
PORTFOLIO_CSP_DIAGNOSTIC {"directive":"style-src-elem","source":"http://localhost:3017/_next/static/chunks/node_modules_next_dist_compiled_next-devtools_index_090k2jm.js","line":2642,"sample":"","target":"<nextjs-portal></nextjs-portal>"}
PORTFOLIO_CSP_DIAGNOSTIC {"directive":"style-src-elem","source":"http://localhost:3017/_next/static/chunks/node_modules_next_dist_compiled_next-devtools_index_090k2jm.js","line":2642,"sample":"","target":"<nextjs-portal></nextjs-portal>"}
PORTFOLIO_CSP_DIAGNOSTIC {"directive":"style-src-elem","source":"http://localhost:3017/_next/static/chunks/node_modules_next_dist_compiled_next-devtools_index_090k2jm.js","line":2642,"sample":"","target":"<nextjs-portal></nextjs-portal>"}
PORTFOLIO_CSP_DIAGNOSTIC {"directive":"style-src-elem","source":"http://localhost:3017/_next/static/chunks/node_modules_next_dist_compiled_next-devtools_index_090k2jm.js","line":2642,"sample":"","target":"<nextjs-portal></nextjs-portal>"}
PORTFOLIO_CSP_DIAGNOSTIC {"directive":"style-src-elem","source":"http://localhost:3017/_next/static/chunks/node_modules_next_dist_compiled_next-devtools_index_090k2jm.js","line":2642,"sample":"","target":"<nextjs-portal></nextjs-portal>"}
PORTFOLIO_CSP_DIAGNOSTIC {"directive":"style-src-elem","source":"http://localhost:3017/_next/static/chunks/node_modules_next_dist_compiled_next-devtools_index_090k2jm.js","line":2642,"sample":"","target":"<nextjs-portal></nextjs-portal>"}
PORTFOLIO_CSP_DIAGNOSTIC {"directive":"style-src-elem","source":"http://localhost:3017/_next/static/chunks/node_modules_next_dist_compiled_next-devtools_index_090k2jm.js","line":2642,"sample":"","target":"<nextjs-portal></nextjs-portal>"}
PORTFOLIO_CSP_DIAGNOSTIC {"directive":"style-src-elem","source":"http://localhost:3017/_next/static/chunks/node_modules_next_dist_compiled_next-devtools_index_090k2jm.js","line":2642,"sample":"","target":"<nextjs-portal></nextjs-portal>"}
PORTFOLIO_CSP_DIAGNOSTIC {"directive":"style-src-elem","source":"http://localhost:3017/_next/static/chunks/node_modules_next_dist_compiled_next-devtools_index_090k2jm.js","line":2642,"sample":"","target":"<nextjs-portal></nextjs-portal>"}
PORTFOLIO_CSP_DIAGNOSTIC {"directive":"style-src-elem","source":"http://localhost:3017/_next/static/chunks/node_modules_next_dist_compiled_next-devtools_index_090k2jm.js","line":2642,"sample":"","target":"<nextjs-portal></nextjs-portal>"}
PORTFOLIO_CSP_DIAGNOSTIC {"directive":"style-src-elem","source":"http://localhost:3017/_next/static/chunks/node_modules_next_dist_compiled_next-devtools_index_090k2jm.js","line":2642,"sample":"","target":"<nextjs-portal></nextjs-portal>"}
PORTFOLIO_CSP_DIAGNOSTIC {"directive":"style-src-elem","source":"http://localhost:3017/_next/static/chunks/node_modules_next_dist_compiled_next-devtools_index_090k2jm.js","line":2642,"sample":"","target":"<nextjs-portal></nextjs-portal>"}
PORTFOLIO_CSP_DIAGNOSTIC {"directive":"style-src-elem","source":"http://localhost:3017/_next/static/chunks/node_modules_next_dist_compiled_next-devtools_index_090k2jm.js","line":2642,"sample":"","target":"<nextjs-portal></nextjs-portal>"}
PORTFOLIO_CSP_DIAGNOSTIC {"directive":"style-src-elem","source":"http://localhost:3017/_next/static/chunks/node_modules_next_dist_compiled_next-devtools_index_090k2jm.js","line":2642,"sample":"","target":"<nextjs-portal></nextjs-portal>"}
PORTFOLIO_CSP_DIAGNOSTIC {"directive":"style-src-elem","source":"http://localhost:3017/_next/static/chunks/node_modules_next_dist_compiled_next-devtools_index_090k2jm.js","line":2642,"sample":"","target":"<nextjs-portal></nextjs-portal>"}
PORTFOLIO_CSP_DIAGNOSTIC {"directive":"style-src-elem","source":"http://localhost:3017/_next/static/chunks/node_modules_next_dist_compiled_next-devtools_index_090k2jm.js","line":2642,"sample":"","target":"<nextjs-portal></nextjs-portal>"}
PORTFOLIO_CSP_DIAGNOSTIC {"directive":"style-src-elem","source":"http://localhost:3017/_next/static/chunks/node_modules_next_dist_compiled_next-devtools_index_090k2jm.js","line":2642,"sample":"","target":"<nextjs-portal></nextjs-portal>"}
PORTFOLIO_CSP_DIAGNOSTIC {"directive":"style-src-elem","source":"http://localhost:3017/_next/static/chunks/node_modules_next_dist_compiled_next-devtools_index_090k2jm.js","line":2642,"sample":"","target":"<nextjs-portal></nextjs-portal>"}
PORTFOLIO_CSP_DIAGNOSTIC {"directive":"style-src-elem","source":"http://localhost:3017/_next/static/chunks/node_modules_next_dist_compiled_next-devtools_index_090k2jm.js","line":2642,"sample":"","target":"<nextjs-portal></nextjs-portal>"}
PORTFOLIO_CSP_DIAGNOSTIC {"directive":"style-src-elem","source":"http://localhost:3017/_next/static/chunks/node_modules_next_dist_compiled_next-devtools_index_090k2jm.js","line":2642,"sample":"","target":"<nextjs-portal></nextjs-portal>"}
PORTFOLIO_CSP_DIAGNOSTIC {"directive":"style-src-elem","source":"http://localhost:3017/_next/static/chunks/node_modules_next_dist_compiled_next-devtools_index_090k2jm.js","line":2642,"sample":"","target":"<nextjs-portal></nextjs-portal>"}
PORTFOLIO_CSP_DIAGNOSTIC {"directive":"style-src-elem","source":"http://localhost:3017/_next/static/chunks/node_modules_next_dist_compiled_next-devtools_index_090k2jm.js","line":2642,"sample":"","target":"<nextjs-portal></nextjs-portal>"}
PORTFOLIO_CSP_DIAGNOSTIC {"directive":"style-src-elem","source":"http://localhost:3017/_next/static/chunks/node_modules_next_dist_compiled_next-devtools_index_090k2jm.js","line":2642,"sample":"","target":"<nextjs-portal></nextjs-portal>"}
PORTFOLIO_CSP_DIAGNOSTIC {"directive":"style-src-elem","source":"http://localhost:3017/_next/static/chunks/node_modules_next_dist_compiled_next-devtools_index_090k2jm.js","line":2642,"sample":"","target":"<nextjs-portal></nextjs-portal>"}
PORTFOLIO_CSP_DIAGNOSTIC {"directive":"style-src-elem","source":"http://localhost:3017/_next/static/chunks/node_modules_next_dist_compiled_next-devtools_index_090k2jm.js","line":2642,"sample":"","target":"<nextjs-portal></nextjs-portal>"}
PORTFOLIO_CSP_DIAGNOSTIC {"directive":"style-src-elem","source":"http://localhost:3017/_next/static/chunks/node_modules_next_dist_compiled_next-devtools_index_090k2jm.js","line":2642,"sample":"","target":"<nextjs-portal></nextjs-portal>"}
PORTFOLIO_CSP_DIAGNOSTIC {"directive":"style-src-elem","source":"http://localhost:3017/_next/static/chunks/node_modules_next_dist_compiled_next-devtools_index_090k2jm.js","line":2642,"sample":"","target":"<nextjs-portal></nextjs-portal>"}
PORTFOLIO_CSP_DIAGNOSTIC {"directive":"style-src-elem","source":"http://localhost:3017/_next/static/chunks/node_modules_next_dist_compiled_next-devtools_index_090k2jm.js","line":2642,"sample":"","target":"<nextjs-portal></nextjs-portal>"}
PORTFOLIO_CSP_DIAGNOSTIC {"directive":"style-src-elem","source":"http://localhost:3017/_next/static/chunks/node_modules_next_dist_compiled_next-devtools_index_090k2jm.js","line":2691,"sample":"","target":"<style>@font-face{font-family:'__nextjs-Geist';font-style:normal;font-weight:400 600;font-display:swap;src:url(/__nextjs_font/geist-latin-ext.woff2) format('woff2');unicode-range:U+0100-02BA,U+02BD-02C5,U+02C7-02CC,U+02CE-02D7,U+02DD-02FF,U+0304,U+0308,U+0329,U+1D00-1DBF,U+1E00-1E9F,U+1EF2-1EFF,U+2020,U+20A0-20AB,U+20AD-20C0,U+2113,U+2C60-2C7F,U+A720-A7FF}@font-face{font-family:'__nextjs-Geist Mono';font-style:normal;font-weight:400 600;font-display:swap;src:url(/__nextjs_font/geist-mono-latin-e"}
PORTFOLIO_CSP_DIAGNOSTIC {"directive":"style-src-elem","source":"http://localhost:3017/_next/static/chunks/node_modules_next_dist_compiled_next-devtools_index_090k2jm.js","line":2642,"sample":"","target":"<nextjs-portal style=\"--nextjs-dev-tools-scale: 1;\"></nextjs-portal>"}
PORTFOLIO_CSP_DIAGNOSTIC {"directive":"style-src-elem","source":"http://localhost:3017/_next/static/chunks/node_modules_next_dist_compiled_next-devtools_index_090k2jm.js","line":2642,"sample":"","target":"<nextjs-portal style=\"--nextjs-dev-tools-scale: 1;\"></nextjs-portal>"}
 GET /api/auth/get-session 200 in 19ms (next.js: 6ms, proxy.ts: 3ms, application-code: 10ms)
 GET /api/auth/organization/list 200 in 21ms (next.js: 10ms, proxy.ts: 3ms, application-code: 8ms)
 GET /portfolio?view_notice=deleted 200 in 120ms (next.js: 2ms, proxy.ts: 3ms, application-code: 115ms)
 POST /portfolio?q=PORTFOLIO_ 200 in 150ms (next.js: 2.0ms, proxy.ts: 5ms, application-code: 143ms)
  └─ ƒ removePortfolioView({}) in 11ms src/app/portfolio-actions.ts
 GET /tasks?status=open&assignee=unassigned 200 in 56ms (next.js: 3ms, proxy.ts: 4ms, application-code: 48ms)
 GET /portfolio?assignee=local-browser-fixture-owner 200 in 170ms (next.js: 1.7ms, proxy.ts: 2ms, application-code: 166ms)
PORTFOLIO_CSP_DIAGNOSTIC {"directive":"style-src-elem","source":"http://localhost:3017/_next/static/chunks/node_modules_next_dist_compiled_next-devtools_index_090k2jm.js","line":2642,"sample":"","target":"<nextjs-portal></nextjs-portal>"}
PORTFOLIO_CSP_DIAGNOSTIC {"directive":"style-src-elem","source":"http://localhost:3017/_next/static/chunks/node_modules_next_dist_compiled_next-devtools_index_090k2jm.js","line":2642,"sample":"","target":"<nextjs-portal></nextjs-portal>"}
PORTFOLIO_CSP_DIAGNOSTIC {"directive":"style-src-elem","source":"http://localhost:3017/_next/static/chunks/node_modules_next_dist_compiled_next-devtools_index_090k2jm.js","line":2642,"sample":"","target":"<nextjs-portal></nextjs-portal>"}
PORTFOLIO_CSP_DIAGNOSTIC {"directive":"style-src-elem","source":"http://localhost:3017/_next/static/chunks/node_modules_next_dist_compiled_next-devtools_index_090k2jm.js","line":2642,"sample":"","target":"<nextjs-portal></nextjs-portal>"}
PORTFOLIO_CSP_DIAGNOSTIC {"directive":"style-src-elem","source":"http://localhost:3017/_next/static/chunks/node_modules_next_dist_compiled_next-devtools_index_090k2jm.js","line":2642,"sample":"","target":"<nextjs-portal></nextjs-portal>"}
PORTFOLIO_CSP_DIAGNOSTIC {"directive":"style-src-elem","source":"http://localhost:3017/_next/static/chunks/node_modules_next_dist_compiled_next-devtools_index_090k2jm.js","line":2642,"sample":"","target":"<nextjs-portal></nextjs-portal>"}
PORTFOLIO_CSP_DIAGNOSTIC {"directive":"style-src-elem","source":"http://localhost:3017/_next/static/chunks/node_modules_next_dist_compiled_next-devtools_index_090k2jm.js","line":2642,"sample":"","target":"<nextjs-portal></nextjs-portal>"}
PORTFOLIO_CSP_DIAGNOSTIC {"directive":"style-src-elem","source":"http://localhost:3017/_next/static/chunks/node_modules_next_dist_compiled_next-devtools_index_090k2jm.js","line":2642,"sample":"","target":"<nextjs-portal></nextjs-portal>"}
PORTFOLIO_CSP_DIAGNOSTIC {"directive":"style-src-elem","source":"http://localhost:3017/_next/static/chunks/node_modules_next_dist_compiled_next-devtools_index_090k2jm.js","line":2642,"sample":"","target":"<nextjs-portal></nextjs-portal>"}
PORTFOLIO_CSP_DIAGNOSTIC {"directive":"style-src-elem","source":"http://localhost:3017/_next/static/chunks/node_modules_next_dist_compiled_next-devtools_index_090k2jm.js","line":2642,"sample":"","target":"<nextjs-portal></nextjs-portal>"}
PORTFOLIO_CSP_DIAGNOSTIC {"directive":"style-src-elem","source":"http://localhost:3017/_next/static/chunks/node_modules_next_dist_compiled_next-devtools_index_090k2jm.js","line":2642,"sample":"","target":"<nextjs-portal></nextjs-portal>"}
PORTFOLIO_CSP_DIAGNOSTIC {"directive":"style-src-elem","source":"http://localhost:3017/_next/static/chunks/node_modules_next_dist_compiled_next-devtools_index_090k2jm.js","line":2642,"sample":"","target":"<nextjs-portal></nextjs-portal>"}
PORTFOLIO_CSP_DIAGNOSTIC {"directive":"style-src-elem","source":"http://localhost:3017/_next/static/chunks/node_modules_next_dist_compiled_next-devtools_index_090k2jm.js","line":2642,"sample":"","target":"<nextjs-portal></nextjs-portal>"}
PORTFOLIO_CSP_DIAGNOSTIC {"directive":"style-src-elem","source":"http://localhost:3017/_next/static/chunks/node_modules_next_dist_compiled_next-devtools_index_090k2jm.js","line":2642,"sample":"","target":"<nextjs-portal></nextjs-portal>"}
PORTFOLIO_CSP_DIAGNOSTIC {"directive":"style-src-elem","source":"http://localhost:3017/_next/static/chunks/node_modules_next_dist_compiled_next-devtools_index_090k2jm.js","line":2642,"sample":"","target":"<nextjs-portal></nextjs-portal>"}
PORTFOLIO_CSP_DIAGNOSTIC {"directive":"style-src-elem","source":"http://localhost:3017/_next/static/chunks/node_modules_next_dist_compiled_next-devtools_index_090k2jm.js","line":2642,"sample":"","target":"<nextjs-portal></nextjs-portal>"}
PORTFOLIO_CSP_DIAGNOSTIC {"directive":"style-src-elem","source":"http://localhost:3017/_next/static/chunks/node_modules_next_dist_compiled_next-devtools_index_090k2jm.js","line":2642,"sample":"","target":"<nextjs-portal></nextjs-portal>"}
PORTFOLIO_CSP_DIAGNOSTIC {"directive":"style-src-elem","source":"http://localhost:3017/_next/static/chunks/node_modules_next_dist_compiled_next-devtools_index_090k2jm.js","line":2642,"sample":"","target":"<nextjs-portal></nextjs-portal>"}
PORTFOLIO_CSP_DIAGNOSTIC {"directive":"style-src-elem","source":"http://localhost:3017/_next/static/chunks/node_modules_next_dist_compiled_next-devtools_index_090k2jm.js","line":2642,"sample":"","target":"<nextjs-portal></nextjs-portal>"}
PORTFOLIO_CSP_DIAGNOSTIC {"directive":"style-src-elem","source":"http://localhost:3017/_next/static/chunks/node_modules_next_dist_compiled_next-devtools_index_090k2jm.js","line":2642,"sample":"","target":"<nextjs-portal></nextjs-portal>"}
PORTFOLIO_CSP_DIAGNOSTIC {"directive":"style-src-elem","source":"http://localhost:3017/_next/static/chunks/node_modules_next_dist_compiled_next-devtools_index_090k2jm.js","line":2642,"sample":"","target":"<nextjs-portal></nextjs-portal>"}
PORTFOLIO_CSP_DIAGNOSTIC {"directive":"style-src-elem","source":"http://localhost:3017/_next/static/chunks/node_modules_next_dist_compiled_next-devtools_index_090k2jm.js","line":2642,"sample":"","target":"<nextjs-portal></nextjs-portal>"}
PORTFOLIO_CSP_DIAGNOSTIC {"directive":"style-src-elem","source":"http://localhost:3017/_next/static/chunks/node_modules_next_dist_compiled_next-devtools_index_090k2jm.js","line":2642,"sample":"","target":"<nextjs-portal></nextjs-portal>"}
PORTFOLIO_CSP_DIAGNOSTIC {"directive":"style-src-elem","source":"http://localhost:3017/_next/static/chunks/node_modules_next_dist_compiled_next-devtools_index_090k2jm.js","line":2642,"sample":"","target":"<nextjs-portal></nextjs-portal>"}
PORTFOLIO_CSP_DIAGNOSTIC {"directive":"style-src-elem","source":"http://localhost:3017/_next/static/chunks/node_modules_next_dist_compiled_next-devtools_index_090k2jm.js","line":2642,"sample":"","target":"<nextjs-portal></nextjs-portal>"}
PORTFOLIO_CSP_DIAGNOSTIC {"directive":"style-src-elem","source":"http://localhost:3017/_next/static/chunks/node_modules_next_dist_compiled_next-devtools_index_090k2jm.js","line":2642,"sample":"","target":"<nextjs-portal></nextjs-portal>"}
PORTFOLIO_CSP_DIAGNOSTIC {"directive":"style-src-elem","source":"http://localhost:3017/_next/static/chunks/node_modules_next_dist_compiled_next-devtools_index_090k2jm.js","line":2642,"sample":"","target":"<nextjs-portal></nextjs-portal>"}
PORTFOLIO_CSP_DIAGNOSTIC {"directive":"style-src-elem","source":"http://localhost:3017/_next/static/chunks/node_modules_next_dist_compiled_next-devtools_index_090k2jm.js","line":2642,"sample":"","target":"<nextjs-portal></nextjs-portal>"}
PORTFOLIO_CSP_DIAGNOSTIC {"directive":"style-src-elem","source":"http://localhost:3017/_next/static/chunks/node_modules_next_dist_compiled_next-devtools_index_090k2jm.js","line":2642,"sample":"","target":"<nextjs-portal></nextjs-portal>"}
PORTFOLIO_CSP_DIAGNOSTIC {"directive":"style-src-elem","source":"http://localhost:3017/_next/static/chunks/node_modules_next_dist_compiled_next-devtools_index_090k2jm.js","line":2642,"sample":"","target":"<nextjs-portal></nextjs-portal>"}
PORTFOLIO_CSP_DIAGNOSTIC {"directive":"style-src-elem","source":"http://localhost:3017/_next/static/chunks/node_modules_next_dist_compiled_next-devtools_index_090k2jm.js","line":2691,"sample":"","target":"<style>@font-face{font-family:'__nextjs-Geist';font-style:normal;font-weight:400 600;font-display:swap;src:url(/__nextjs_font/geist-latin-ext.woff2) format('woff2');unicode-range:U+0100-02BA,U+02BD-02C5,U+02C7-02CC,U+02CE-02D7,U+02DD-02FF,U+0304,U+0308,U+0329,U+1D00-1DBF,U+1E00-1E9F,U+1EF2-1EFF,U+2020,U+20A0-20AB,U+20AD-20C0,U+2113,U+2C60-2C7F,U+A720-A7FF}@font-face{font-family:'__nextjs-Geist Mono';font-style:normal;font-weight:400 600;font-display:swap;src:url(/__nextjs_font/geist-mono-latin-e"}
PORTFOLIO_CSP_DIAGNOSTIC {"directive":"style-src-elem","source":"http://localhost:3017/_next/static/chunks/node_modules_next_dist_compiled_next-devtools_index_090k2jm.js","line":2642,"sample":"","target":"<nextjs-portal style=\"--nextjs-dev-tools-scale: 1;\"></nextjs-portal>"}
PORTFOLIO_CSP_DIAGNOSTIC {"directive":"style-src-elem","source":"http://localhost:3017/_next/static/chunks/node_modules_next_dist_compiled_next-devtools_index_090k2jm.js","line":2642,"sample":"","target":"<nextjs-portal style=\"--nextjs-dev-tools-scale: 1;\"></nextjs-portal>"}
 GET /api/auth/get-session 200 in 112ms (next.js: 17ms, proxy.ts: 31ms, application-code: 64ms)
 GET /api/auth/organization/list 200 in 114ms (next.js: 19ms, proxy.ts: 31ms, application-code: 64ms)
 GET /portfolio?assignee=local-browser-fixture-owner 200 in 179ms (next.js: 3ms, proxy.ts: 3ms, application-code: 173ms)
PORTFOLIO_CSP_DIAGNOSTIC {"directive":"style-src-elem","source":"http://localhost:3017/_next/static/chunks/node_modules_next_dist_compiled_next-devtools_index_090k2jm.js","line":2642,"sample":"","target":"<nextjs-portal></nextjs-portal>"}
PORTFOLIO_CSP_DIAGNOSTIC {"directive":"style-src-elem","source":"http://localhost:3017/_next/static/chunks/node_modules_next_dist_compiled_next-devtools_index_090k2jm.js","line":2642,"sample":"","target":"<nextjs-portal></nextjs-portal>"}
PORTFOLIO_CSP_DIAGNOSTIC {"directive":"style-src-elem","source":"http://localhost:3017/_next/static/chunks/node_modules_next_dist_compiled_next-devtools_index_090k2jm.js","line":2642,"sample":"","target":"<nextjs-portal></nextjs-portal>"}
PORTFOLIO_CSP_DIAGNOSTIC {"directive":"style-src-elem","source":"http://localhost:3017/_next/static/chunks/node_modules_next_dist_compiled_next-devtools_index_090k2jm.js","line":2642,"sample":"","target":"<nextjs-portal></nextjs-portal>"}
PORTFOLIO_CSP_DIAGNOSTIC {"directive":"style-src-elem","source":"http://localhost:3017/_next/static/chunks/node_modules_next_dist_compiled_next-devtools_index_090k2jm.js","line":2642,"sample":"","target":"<nextjs-portal></nextjs-portal>"}
PORTFOLIO_CSP_DIAGNOSTIC {"directive":"style-src-elem","source":"http://localhost:3017/_next/static/chunks/node_modules_next_dist_compiled_next-devtools_index_090k2jm.js","line":2642,"sample":"","target":"<nextjs-portal></nextjs-portal>"}
PORTFOLIO_CSP_DIAGNOSTIC {"directive":"style-src-elem","source":"http://localhost:3017/_next/static/chunks/node_modules_next_dist_compiled_next-devtools_index_090k2jm.js","line":2642,"sample":"","target":"<nextjs-portal></nextjs-portal>"}
PORTFOLIO_CSP_DIAGNOSTIC {"directive":"style-src-elem","source":"http://localhost:3017/_next/static/chunks/node_modules_next_dist_compiled_next-devtools_index_090k2jm.js","line":2642,"sample":"","target":"<nextjs-portal></nextjs-portal>"}
PORTFOLIO_CSP_DIAGNOSTIC {"directive":"style-src-elem","source":"http://localhost:3017/_next/static/chunks/node_modules_next_dist_compiled_next-devtools_index_090k2jm.js","line":2642,"sample":"","target":"<nextjs-portal></nextjs-portal>"}
PORTFOLIO_CSP_DIAGNOSTIC {"directive":"style-src-elem","source":"http://localhost:3017/_next/static/chunks/node_modules_next_dist_compiled_next-devtools_index_090k2jm.js","line":2642,"sample":"","target":"<nextjs-portal></nextjs-portal>"}
PORTFOLIO_CSP_DIAGNOSTIC {"directive":"style-src-elem","source":"http://localhost:3017/_next/static/chunks/node_modules_next_dist_compiled_next-devtools_index_090k2jm.js","line":2642,"sample":"","target":"<nextjs-portal></nextjs-portal>"}
PORTFOLIO_CSP_DIAGNOSTIC {"directive":"style-src-elem","source":"http://localhost:3017/_next/static/chunks/node_modules_next_dist_compiled_next-devtools_index_090k2jm.js","line":2642,"sample":"","target":"<nextjs-portal></nextjs-portal>"}
PORTFOLIO_CSP_DIAGNOSTIC {"directive":"style-src-elem","source":"http://localhost:3017/_next/static/chunks/node_modules_next_dist_compiled_next-devtools_index_090k2jm.js","line":2642,"sample":"","target":"<nextjs-portal></nextjs-portal>"}
PORTFOLIO_CSP_DIAGNOSTIC {"directive":"style-src-elem","source":"http://localhost:3017/_next/static/chunks/node_modules_next_dist_compiled_next-devtools_index_090k2jm.js","line":2642,"sample":"","target":"<nextjs-portal></nextjs-portal>"}
PORTFOLIO_CSP_DIAGNOSTIC {"directive":"style-src-elem","source":"http://localhost:3017/_next/static/chunks/node_modules_next_dist_compiled_next-devtools_index_090k2jm.js","line":2642,"sample":"","target":"<nextjs-portal></nextjs-portal>"}
PORTFOLIO_CSP_DIAGNOSTIC {"directive":"style-src-elem","source":"http://localhost:3017/_next/static/chunks/node_modules_next_dist_compiled_next-devtools_index_090k2jm.js","line":2642,"sample":"","target":"<nextjs-portal></nextjs-portal>"}
PORTFOLIO_CSP_DIAGNOSTIC {"directive":"style-src-elem","source":"http://localhost:3017/_next/static/chunks/node_modules_next_dist_compiled_next-devtools_index_090k2jm.js","line":2642,"sample":"","target":"<nextjs-portal></nextjs-portal>"}
PORTFOLIO_CSP_DIAGNOSTIC {"directive":"style-src-elem","source":"http://localhost:3017/_next/static/chunks/node_modules_next_dist_compiled_next-devtools_index_090k2jm.js","line":2642,"sample":"","target":"<nextjs-portal></nextjs-portal>"}
PORTFOLIO_CSP_DIAGNOSTIC {"directive":"style-src-elem","source":"http://localhost:3017/_next/static/chunks/node_modules_next_dist_compiled_next-devtools_index_090k2jm.js","line":2642,"sample":"","target":"<nextjs-portal></nextjs-portal>"}
PORTFOLIO_CSP_DIAGNOSTIC {"directive":"style-src-elem","source":"http://localhost:3017/_next/static/chunks/node_modules_next_dist_compiled_next-devtools_index_090k2jm.js","line":2642,"sample":"","target":"<nextjs-portal></nextjs-portal>"}
PORTFOLIO_CSP_DIAGNOSTIC {"directive":"style-src-elem","source":"http://localhost:3017/_next/static/chunks/node_modules_next_dist_compiled_next-devtools_index_090k2jm.js","line":2642,"sample":"","target":"<nextjs-portal></nextjs-portal>"}
PORTFOLIO_CSP_DIAGNOSTIC {"directive":"style-src-elem","source":"http://localhost:3017/_next/static/chunks/node_modules_next_dist_compiled_next-devtools_index_090k2jm.js","line":2642,"sample":"","target":"<nextjs-portal></nextjs-portal>"}
PORTFOLIO_CSP_DIAGNOSTIC {"directive":"style-src-elem","source":"http://localhost:3017/_next/static/chunks/node_modules_next_dist_compiled_next-devtools_index_090k2jm.js","line":2642,"sample":"","target":"<nextjs-portal></nextjs-portal>"}
PORTFOLIO_CSP_DIAGNOSTIC {"directive":"style-src-elem","source":"http://localhost:3017/_next/static/chunks/node_modules_next_dist_compiled_next-devtools_index_090k2jm.js","line":2642,"sample":"","target":"<nextjs-portal></nextjs-portal>"}
PORTFOLIO_CSP_DIAGNOSTIC {"directive":"style-src-elem","source":"http://localhost:3017/_next/static/chunks/node_modules_next_dist_compiled_next-devtools_index_090k2jm.js","line":2642,"sample":"","target":"<nextjs-portal></nextjs-portal>"}
PORTFOLIO_CSP_DIAGNOSTIC {"directive":"style-src-elem","source":"http://localhost:3017/_next/static/chunks/node_modules_next_dist_compiled_next-devtools_index_090k2jm.js","line":2642,"sample":"","target":"<nextjs-portal></nextjs-portal>"}
PORTFOLIO_CSP_DIAGNOSTIC {"directive":"style-src-elem","source":"http://localhost:3017/_next/static/chunks/node_modules_next_dist_compiled_next-devtools_index_090k2jm.js","line":2642,"sample":"","target":"<nextjs-portal></nextjs-portal>"}
PORTFOLIO_CSP_DIAGNOSTIC {"directive":"style-src-elem","source":"http://localhost:3017/_next/static/chunks/node_modules_next_dist_compiled_next-devtools_index_090k2jm.js","line":2642,"sample":"","target":"<nextjs-portal></nextjs-portal>"}
PORTFOLIO_CSP_DIAGNOSTIC {"directive":"style-src-elem","source":"http://localhost:3017/_next/static/chunks/node_modules_next_dist_compiled_next-devtools_index_090k2jm.js","line":2642,"sample":"","target":"<nextjs-portal></nextjs-portal>"}
PORTFOLIO_CSP_DIAGNOSTIC {"directive":"style-src-elem","source":"http://localhost:3017/_next/static/chunks/node_modules_next_dist_compiled_next-devtools_index_090k2jm.js","line":2642,"sample":"","target":"<nextjs-portal></nextjs-portal>"}
PORTFOLIO_CSP_DIAGNOSTIC {"directive":"style-src-elem","source":"http://localhost:3017/_next/static/chunks/node_modules_next_dist_compiled_next-devtools_index_090k2jm.js","line":2691,"sample":"","target":"<style>@font-face{font-family:'__nextjs-Geist';font-style:normal;font-weight:400 600;font-display:swap;src:url(/__nextjs_font/geist-latin-ext.woff2) format('woff2');unicode-range:U+0100-02BA,U+02BD-02C5,U+02C7-02CC,U+02CE-02D7,U+02DD-02FF,U+0304,U+0308,U+0329,U+1D00-1DBF,U+1E00-1E9F,U+1EF2-1EFF,U+2020,U+20A0-20AB,U+20AD-20C0,U+2113,U+2C60-2C7F,U+A720-A7FF}@font-face{font-family:'__nextjs-Geist Mono';font-style:normal;font-weight:400 600;font-display:swap;src:url(/__nextjs_font/geist-mono-latin-e"}
PORTFOLIO_CSP_DIAGNOSTIC {"directive":"style-src-elem","source":"http://localhost:3017/_next/static/chunks/node_modules_next_dist_compiled_next-devtools_index_090k2jm.js","line":2642,"sample":"","target":"<nextjs-portal style=\"--nextjs-dev-tools-scale: 1;\"></nextjs-portal>"}
PORTFOLIO_CSP_DIAGNOSTIC {"directive":"style-src-elem","source":"http://localhost:3017/_next/static/chunks/node_modules_next_dist_compiled_next-devtools_index_090k2jm.js","line":2642,"sample":"","target":"<nextjs-portal style=\"--nextjs-dev-tools-scale: 1;\"></nextjs-portal>"}
 GET /api/auth/get-session 200 in 82ms (next.js: 42ms, proxy.ts: 12ms, application-code: 28ms)
 GET /api/auth/organization/list 200 in 85ms (next.js: 45ms, proxy.ts: 12ms, application-code: 28ms)
 GET /portfolio?q=PORTFOLIO_ 200 in 339ms (next.js: 2ms, proxy.ts: 2ms, application-code: 335ms)
PORTFOLIO_CSP_DIAGNOSTIC {"directive":"style-src-elem","source":"http://localhost:3017/_next/static/chunks/node_modules_next_dist_compiled_next-devtools_index_090k2jm.js","line":2642,"sample":"","target":"<nextjs-portal></nextjs-portal>"}
PORTFOLIO_CSP_DIAGNOSTIC {"directive":"style-src-elem","source":"http://localhost:3017/_next/static/chunks/node_modules_next_dist_compiled_next-devtools_index_090k2jm.js","line":2642,"sample":"","target":"<nextjs-portal></nextjs-portal>"}
PORTFOLIO_CSP_DIAGNOSTIC {"directive":"style-src-elem","source":"http://localhost:3017/_next/static/chunks/node_modules_next_dist_compiled_next-devtools_index_090k2jm.js","line":2642,"sample":"","target":"<nextjs-portal></nextjs-portal>"}
PORTFOLIO_CSP_DIAGNOSTIC {"directive":"style-src-elem","source":"http://localhost:3017/_next/static/chunks/node_modules_next_dist_compiled_next-devtools_index_090k2jm.js","line":2642,"sample":"","target":"<nextjs-portal></nextjs-portal>"}
PORTFOLIO_CSP_DIAGNOSTIC {"directive":"style-src-elem","source":"http://localhost:3017/_next/static/chunks/node_modules_next_dist_compiled_next-devtools_index_090k2jm.js","line":2642,"sample":"","target":"<nextjs-portal></nextjs-portal>"}
PORTFOLIO_CSP_DIAGNOSTIC {"directive":"style-src-elem","source":"http://localhost:3017/_next/static/chunks/node_modules_next_dist_compiled_next-devtools_index_090k2jm.js","line":2642,"sample":"","target":"<nextjs-portal></nextjs-portal>"}
PORTFOLIO_CSP_DIAGNOSTIC {"directive":"style-src-elem","source":"http://localhost:3017/_next/static/chunks/node_modules_next_dist_compiled_next-devtools_index_090k2jm.js","line":2642,"sample":"","target":"<nextjs-portal></nextjs-portal>"}
PORTFOLIO_CSP_DIAGNOSTIC {"directive":"style-src-elem","source":"http://localhost:3017/_next/static/chunks/node_modules_next_dist_compiled_next-devtools_index_090k2jm.js","line":2642,"sample":"","target":"<nextjs-portal></nextjs-portal>"}
PORTFOLIO_CSP_DIAGNOSTIC {"directive":"style-src-elem","source":"http://localhost:3017/_next/static/chunks/node_modules_next_dist_compiled_next-devtools_index_090k2jm.js","line":2642,"sample":"","target":"<nextjs-portal></nextjs-portal>"}
PORTFOLIO_CSP_DIAGNOSTIC {"directive":"style-src-elem","source":"http://localhost:3017/_next/static/chunks/node_modules_next_dist_compiled_next-devtools_index_090k2jm.js","line":2642,"sample":"","target":"<nextjs-portal></nextjs-portal>"}
PORTFOLIO_CSP_DIAGNOSTIC {"directive":"style-src-elem","source":"http://localhost:3017/_next/static/chunks/node_modules_next_dist_compiled_next-devtools_index_090k2jm.js","line":2642,"sample":"","target":"<nextjs-portal></nextjs-portal>"}
PORTFOLIO_CSP_DIAGNOSTIC {"directive":"style-src-elem","source":"http://localhost:3017/_next/static/chunks/node_modules_next_dist_compiled_next-devtools_index_090k2jm.js","line":2642,"sample":"","target":"<nextjs-portal></nextjs-portal>"}
PORTFOLIO_CSP_DIAGNOSTIC {"directive":"style-src-elem","source":"http://localhost:3017/_next/static/chunks/node_modules_next_dist_compiled_next-devtools_index_090k2jm.js","line":2642,"sample":"","target":"<nextjs-portal></nextjs-portal>"}
PORTFOLIO_CSP_DIAGNOSTIC {"directive":"style-src-elem","source":"http://localhost:3017/_next/static/chunks/node_modules_next_dist_compiled_next-devtools_index_090k2jm.js","line":2642,"sample":"","target":"<nextjs-portal></nextjs-portal>"}
PORTFOLIO_CSP_DIAGNOSTIC {"directive":"style-src-elem","source":"http://localhost:3017/_next/static/chunks/node_modules_next_dist_compiled_next-devtools_index_090k2jm.js","line":2642,"sample":"","target":"<nextjs-portal></nextjs-portal>"}
PORTFOLIO_CSP_DIAGNOSTIC {"directive":"style-src-elem","source":"http://localhost:3017/_next/static/chunks/node_modules_next_dist_compiled_next-devtools_index_090k2jm.js","line":2642,"sample":"","target":"<nextjs-portal></nextjs-portal>"}
PORTFOLIO_CSP_DIAGNOSTIC {"directive":"style-src-elem","source":"http://localhost:3017/_next/static/chunks/node_modules_next_dist_compiled_next-devtools_index_090k2jm.js","line":2642,"sample":"","target":"<nextjs-portal></nextjs-portal>"}
PORTFOLIO_CSP_DIAGNOSTIC {"directive":"style-src-elem","source":"http://localhost:3017/_next/static/chunks/node_modules_next_dist_compiled_next-devtools_index_090k2jm.js","line":2642,"sample":"","target":"<nextjs-portal></nextjs-portal>"}
PORTFOLIO_CSP_DIAGNOSTIC {"directive":"style-src-elem","source":"http://localhost:3017/_next/static/chunks/node_modules_next_dist_compiled_next-devtools_index_090k2jm.js","line":2642,"sample":"","target":"<nextjs-portal></nextjs-portal>"}
PORTFOLIO_CSP_DIAGNOSTIC {"directive":"style-src-elem","source":"http://localhost:3017/_next/static/chunks/node_modules_next_dist_compiled_next-devtools_index_090k2jm.js","line":2642,"sample":"","target":"<nextjs-portal></nextjs-portal>"}
PORTFOLIO_CSP_DIAGNOSTIC {"directive":"style-src-elem","source":"http://localhost:3017/_next/static/chunks/node_modules_next_dist_compiled_next-devtools_index_090k2jm.js","line":2642,"sample":"","target":"<nextjs-portal></nextjs-portal>"}
PORTFOLIO_CSP_DIAGNOSTIC {"directive":"style-src-elem","source":"http://localhost:3017/_next/static/chunks/node_modules_next_dist_compiled_next-devtools_index_090k2jm.js","line":2642,"sample":"","target":"<nextjs-portal></nextjs-portal>"}
PORTFOLIO_CSP_DIAGNOSTIC {"directive":"style-src-elem","source":"http://localhost:3017/_next/static/chunks/node_modules_next_dist_compiled_next-devtools_index_090k2jm.js","line":2642,"sample":"","target":"<nextjs-portal></nextjs-portal>"}
PORTFOLIO_CSP_DIAGNOSTIC {"directive":"style-src-elem","source":"http://localhost:3017/_next/static/chunks/node_modules_next_dist_compiled_next-devtools_index_090k2jm.js","line":2642,"sample":"","target":"<nextjs-portal></nextjs-portal>"}
PORTFOLIO_CSP_DIAGNOSTIC {"directive":"style-src-elem","source":"http://localhost:3017/_next/static/chunks/node_modules_next_dist_compiled_next-devtools_index_090k2jm.js","line":2642,"sample":"","target":"<nextjs-portal></nextjs-portal>"}
PORTFOLIO_CSP_DIAGNOSTIC {"directive":"style-src-elem","source":"http://localhost:3017/_next/static/chunks/node_modules_next_dist_compiled_next-devtools_index_090k2jm.js","line":2642,"sample":"","target":"<nextjs-portal></nextjs-portal>"}
PORTFOLIO_CSP_DIAGNOSTIC {"directive":"style-src-elem","source":"http://localhost:3017/_next/static/chunks/node_modules_next_dist_compiled_next-devtools_index_090k2jm.js","line":2642,"sample":"","target":"<nextjs-portal></nextjs-portal>"}
PORTFOLIO_CSP_DIAGNOSTIC {"directive":"style-src-elem","source":"http://localhost:3017/_next/static/chunks/node_modules_next_dist_compiled_next-devtools_index_090k2jm.js","line":2642,"sample":"","target":"<nextjs-portal></nextjs-portal>"}
PORTFOLIO_CSP_DIAGNOSTIC {"directive":"style-src-elem","source":"http://localhost:3017/_next/static/chunks/node_modules_next_dist_compiled_next-devtools_index_090k2jm.js","line":2642,"sample":"","target":"<nextjs-portal></nextjs-portal>"}
PORTFOLIO_CSP_DIAGNOSTIC {"directive":"style-src-elem","source":"http://localhost:3017/_next/static/chunks/node_modules_next_dist_compiled_next-devtools_index_090k2jm.js","line":2642,"sample":"","target":"<nextjs-portal></nextjs-portal>"}
PORTFOLIO_CSP_DIAGNOSTIC {"directive":"style-src-elem","source":"http://localhost:3017/_next/static/chunks/node_modules_next_dist_compiled_next-devtools_index_090k2jm.js","line":2691,"sample":"","target":"<style>@font-face{font-family:'__nextjs-Geist';font-style:normal;font-weight:400 600;font-display:swap;src:url(/__nextjs_font/geist-latin-ext.woff2) format('woff2');unicode-range:U+0100-02BA,U+02BD-02C5,U+02C7-02CC,U+02CE-02D7,U+02DD-02FF,U+0304,U+0308,U+0329,U+1D00-1DBF,U+1E00-1E9F,U+1EF2-1EFF,U+2020,U+20A0-20AB,U+20AD-20C0,U+2113,U+2C60-2C7F,U+A720-A7FF}@font-face{font-family:'__nextjs-Geist Mono';font-style:normal;font-weight:400 600;font-display:swap;src:url(/__nextjs_font/geist-mono-latin-e"}
PORTFOLIO_CSP_DIAGNOSTIC {"directive":"style-src-elem","source":"http://localhost:3017/_next/static/chunks/node_modules_next_dist_compiled_next-devtools_index_090k2jm.js","line":2642,"sample":"","target":"<nextjs-portal style=\"--nextjs-dev-tools-scale: 1;\"></nextjs-portal>"}
PORTFOLIO_CSP_DIAGNOSTIC {"directive":"style-src-elem","source":"http://localhost:3017/_next/static/chunks/node_modules_next_dist_compiled_next-devtools_index_090k2jm.js","line":2642,"sample":"","target":"<nextjs-portal style=\"--nextjs-dev-tools-scale: 1;\"></nextjs-portal>"}
 GET /api/auth/get-session 200 in 17ms (next.js: 5ms, proxy.ts: 3ms, application-code: 10ms)
 GET /api/auth/organization/list 200 in 19ms (next.js: 7ms, proxy.ts: 3ms, application-code: 9ms)
 GET /portfolio?q=PORTFOLIO_ 200 in 288ms (next.js: 1.8ms, proxy.ts: 2ms, application-code: 284ms)
PORTFOLIO_CSP_DIAGNOSTIC {"directive":"style-src-elem","source":"http://localhost:3017/_next/static/chunks/node_modules_next_dist_compiled_next-devtools_index_090k2jm.js","line":2642,"sample":"","target":"<nextjs-portal></nextjs-portal>"}
PORTFOLIO_CSP_DIAGNOSTIC {"directive":"style-src-elem","source":"http://localhost:3017/_next/static/chunks/node_modules_next_dist_compiled_next-devtools_index_090k2jm.js","line":2642,"sample":"","target":"<nextjs-portal></nextjs-portal>"}
PORTFOLIO_CSP_DIAGNOSTIC {"directive":"style-src-elem","source":"http://localhost:3017/_next/static/chunks/node_modules_next_dist_compiled_next-devtools_index_090k2jm.js","line":2642,"sample":"","target":"<nextjs-portal></nextjs-portal>"}
PORTFOLIO_CSP_DIAGNOSTIC {"directive":"style-src-elem","source":"http://localhost:3017/_next/static/chunks/node_modules_next_dist_compiled_next-devtools_index_090k2jm.js","line":2642,"sample":"","target":"<nextjs-portal></nextjs-portal>"}
PORTFOLIO_CSP_DIAGNOSTIC {"directive":"style-src-elem","source":"http://localhost:3017/_next/static/chunks/node_modules_next_dist_compiled_next-devtools_index_090k2jm.js","line":2642,"sample":"","target":"<nextjs-portal></nextjs-portal>"}
PORTFOLIO_CSP_DIAGNOSTIC {"directive":"style-src-elem","source":"http://localhost:3017/_next/static/chunks/node_modules_next_dist_compiled_next-devtools_index_090k2jm.js","line":2642,"sample":"","target":"<nextjs-portal></nextjs-portal>"}
PORTFOLIO_CSP_DIAGNOSTIC {"directive":"style-src-elem","source":"http://localhost:3017/_next/static/chunks/node_modules_next_dist_compiled_next-devtools_index_090k2jm.js","line":2642,"sample":"","target":"<nextjs-portal></nextjs-portal>"}
PORTFOLIO_CSP_DIAGNOSTIC {"directive":"style-src-elem","source":"http://localhost:3017/_next/static/chunks/node_modules_next_dist_compiled_next-devtools_index_090k2jm.js","line":2642,"sample":"","target":"<nextjs-portal></nextjs-portal>"}
PORTFOLIO_CSP_DIAGNOSTIC {"directive":"style-src-elem","source":"http://localhost:3017/_next/static/chunks/node_modules_next_dist_compiled_next-devtools_index_090k2jm.js","line":2642,"sample":"","target":"<nextjs-portal></nextjs-portal>"}
PORTFOLIO_CSP_DIAGNOSTIC {"directive":"style-src-elem","source":"http://localhost:3017/_next/static/chunks/node_modules_next_dist_compiled_next-devtools_index_090k2jm.js","line":2642,"sample":"","target":"<nextjs-portal></nextjs-portal>"}
PORTFOLIO_CSP_DIAGNOSTIC {"directive":"style-src-elem","source":"http://localhost:3017/_next/static/chunks/node_modules_next_dist_compiled_next-devtools_index_090k2jm.js","line":2642,"sample":"","target":"<nextjs-portal></nextjs-portal>"}
PORTFOLIO_CSP_DIAGNOSTIC {"directive":"style-src-elem","source":"http://localhost:3017/_next/static/chunks/node_modules_next_dist_compiled_next-devtools_index_090k2jm.js","line":2642,"sample":"","target":"<nextjs-portal></nextjs-portal>"}
PORTFOLIO_CSP_DIAGNOSTIC {"directive":"style-src-elem","source":"http://localhost:3017/_next/static/chunks/node_modules_next_dist_compiled_next-devtools_index_090k2jm.js","line":2642,"sample":"","target":"<nextjs-portal></nextjs-portal>"}
PORTFOLIO_CSP_DIAGNOSTIC {"directive":"style-src-elem","source":"http://localhost:3017/_next/static/chunks/node_modules_next_dist_compiled_next-devtools_index_090k2jm.js","line":2642,"sample":"","target":"<nextjs-portal></nextjs-portal>"}
PORTFOLIO_CSP_DIAGNOSTIC {"directive":"style-src-elem","source":"http://localhost:3017/_next/static/chunks/node_modules_next_dist_compiled_next-devtools_index_090k2jm.js","line":2642,"sample":"","target":"<nextjs-portal></nextjs-portal>"}
PORTFOLIO_CSP_DIAGNOSTIC {"directive":"style-src-elem","source":"http://localhost:3017/_next/static/chunks/node_modules_next_dist_compiled_next-devtools_index_090k2jm.js","line":2642,"sample":"","target":"<nextjs-portal></nextjs-portal>"}
PORTFOLIO_CSP_DIAGNOSTIC {"directive":"style-src-elem","source":"http://localhost:3017/_next/static/chunks/node_modules_next_dist_compiled_next-devtools_index_090k2jm.js","line":2642,"sample":"","target":"<nextjs-portal></nextjs-portal>"}
PORTFOLIO_CSP_DIAGNOSTIC {"directive":"style-src-elem","source":"http://localhost:3017/_next/static/chunks/node_modules_next_dist_compiled_next-devtools_index_090k2jm.js","line":2642,"sample":"","target":"<nextjs-portal></nextjs-portal>"}
PORTFOLIO_CSP_DIAGNOSTIC {"directive":"style-src-elem","source":"http://localhost:3017/_next/static/chunks/node_modules_next_dist_compiled_next-devtools_index_090k2jm.js","line":2642,"sample":"","target":"<nextjs-portal></nextjs-portal>"}
PORTFOLIO_CSP_DIAGNOSTIC {"directive":"style-src-elem","source":"http://localhost:3017/_next/static/chunks/node_modules_next_dist_compiled_next-devtools_index_090k2jm.js","line":2642,"sample":"","target":"<nextjs-portal></nextjs-portal>"}
PORTFOLIO_CSP_DIAGNOSTIC {"directive":"style-src-elem","source":"http://localhost:3017/_next/static/chunks/node_modules_next_dist_compiled_next-devtools_index_090k2jm.js","line":2642,"sample":"","target":"<nextjs-portal></nextjs-portal>"}
PORTFOLIO_CSP_DIAGNOSTIC {"directive":"style-src-elem","source":"http://localhost:3017/_next/static/chunks/node_modules_next_dist_compiled_next-devtools_index_090k2jm.js","line":2642,"sample":"","target":"<nextjs-portal></nextjs-portal>"}
PORTFOLIO_CSP_DIAGNOSTIC {"directive":"style-src-elem","source":"http://localhost:3017/_next/static/chunks/node_modules_next_dist_compiled_next-devtools_index_090k2jm.js","line":2642,"sample":"","target":"<nextjs-portal></nextjs-portal>"}
PORTFOLIO_CSP_DIAGNOSTIC {"directive":"style-src-elem","source":"http://localhost:3017/_next/static/chunks/node_modules_next_dist_compiled_next-devtools_index_090k2jm.js","line":2642,"sample":"","target":"<nextjs-portal></nextjs-portal>"}
PORTFOLIO_CSP_DIAGNOSTIC {"directive":"style-src-elem","source":"http://localhost:3017/_next/static/chunks/node_modules_next_dist_compiled_next-devtools_index_090k2jm.js","line":2642,"sample":"","target":"<nextjs-portal></nextjs-portal>"}
PORTFOLIO_CSP_DIAGNOSTIC {"directive":"style-src-elem","source":"http://localhost:3017/_next/static/chunks/node_modules_next_dist_compiled_next-devtools_index_090k2jm.js","line":2642,"sample":"","target":"<nextjs-portal></nextjs-portal>"}
PORTFOLIO_CSP_DIAGNOSTIC {"directive":"style-src-elem","source":"http://localhost:3017/_next/static/chunks/node_modules_next_dist_compiled_next-devtools_index_090k2jm.js","line":2642,"sample":"","target":"<nextjs-portal></nextjs-portal>"}
PORTFOLIO_CSP_DIAGNOSTIC {"directive":"style-src-elem","source":"http://localhost:3017/_next/static/chunks/node_modules_next_dist_compiled_next-devtools_index_090k2jm.js","line":2642,"sample":"","target":"<nextjs-portal></nextjs-portal>"}
PORTFOLIO_CSP_DIAGNOSTIC {"directive":"style-src-elem","source":"http://localhost:3017/_next/static/chunks/node_modules_next_dist_compiled_next-devtools_index_090k2jm.js","line":2642,"sample":"","target":"<nextjs-portal></nextjs-portal>"}
PORTFOLIO_CSP_DIAGNOSTIC {"directive":"style-src-elem","source":"http://localhost:3017/_next/static/chunks/node_modules_next_dist_compiled_next-devtools_index_090k2jm.js","line":2642,"sample":"","target":"<nextjs-portal></nextjs-portal>"}
PORTFOLIO_CSP_DIAGNOSTIC {"directive":"style-src-elem","source":"http://localhost:3017/_next/static/chunks/node_modules_next_dist_compiled_next-devtools_index_090k2jm.js","line":2691,"sample":"","target":"<style>@font-face{font-family:'__nextjs-Geist';font-style:normal;font-weight:400 600;font-display:swap;src:url(/__nextjs_font/geist-latin-ext.woff2) format('woff2');unicode-range:U+0100-02BA,U+02BD-02C5,U+02C7-02CC,U+02CE-02D7,U+02DD-02FF,U+0304,U+0308,U+0329,U+1D00-1DBF,U+1E00-1E9F,U+1EF2-1EFF,U+2020,U+20A0-20AB,U+20AD-20C0,U+2113,U+2C60-2C7F,U+A720-A7FF}@font-face{font-family:'__nextjs-Geist Mono';font-style:normal;font-weight:400 600;font-display:swap;src:url(/__nextjs_font/geist-mono-latin-e"}
PORTFOLIO_CSP_DIAGNOSTIC {"directive":"style-src-elem","source":"http://localhost:3017/_next/static/chunks/node_modules_next_dist_compiled_next-devtools_index_090k2jm.js","line":2642,"sample":"","target":"<nextjs-portal style=\"--nextjs-dev-tools-scale: 1;\"></nextjs-portal>"}
PORTFOLIO_CSP_DIAGNOSTIC {"directive":"style-src-elem","source":"http://localhost:3017/_next/static/chunks/node_modules_next_dist_compiled_next-devtools_index_090k2jm.js","line":2642,"sample":"","target":"<nextjs-portal style=\"--nextjs-dev-tools-scale: 1;\"></nextjs-portal>"}
 GET /api/auth/get-session 200 in 18ms (next.js: 5ms, proxy.ts: 3ms, application-code: 10ms)
 GET /api/auth/organization/list 200 in 19ms (next.js: 8ms, proxy.ts: 3ms, application-code: 9ms)
⨯ Error [PermissionDeniedError]: Permission required: portfolio:read
    at requirePermission (src/lib/permissions.ts:79:19)
    at requireWorkspacePermission (src/lib/workspace.ts:164:73)
    at async PortfolioPage (src/app/(app)/portfolio/page.tsx:16:40)
  77 | export function requirePermission(role: WorkspaceRole, permission: Permission) {
  78 |   if (!rolePermissions[role].has(permission)) {
> 79 |     const error = new Error(`Permission required: ${permission}`)
     |                   ^
  80 |     error.name = 'PermissionDeniedError'
  81 |     throw error
  82 |   } {
  digest: '1390744199'
}
 GET /portfolio?q=PORTFOLIO_ 307 in 85ms (next.js: 1.6ms, proxy.ts: 2ms, application-code: 81ms)
 GET /support?error=Acc%C3%A8s%20non%20autoris%C3%A9 200 in 95ms (next.js: 4ms, proxy.ts: 3ms, application-code: 88ms)
 GET /portfolio?q=PORTFOLIO_ 307 in 51ms (next.js: 2ms, proxy.ts: 1.8ms, application-code: 47ms)
 GET /sign-in 200 in 38ms (next.js: 4ms, proxy.ts: 3ms, application-code: 31ms)
  ✘  1 [chromium] › e2e/portfolio-local.spec.ts:13:53 › agency portfolio › reviews 50 accounts, personal views and team workload in fr (6.9s)
  -  2 [chromium] › e2e/portfolio-local.spec.ts:13:53 › agency portfolio › reviews 50 accounts, personal views and team workload in en


  1) [chromium] › e2e/portfolio-local.spec.ts:13:53 › agency portfolio › reviews 50 accounts, personal views and team workload in fr 

    Error: expect(received).toEqual(expected) // deep equality

    - Expected  -   1
    + Received  + 233

    - Array []
    + Array [
    +   "Applying inline style violates the following Content Security Policy directive 'style-src 'self' 'nonce-9e7ee6f1381446198b789ce21f414849' 'unsafe-inline''. Note that 'unsafe-inline' is ignored if either a hash or nonce value is present in the source list. The action has been blocked.",
    +   "Applying inline style violates the following Content Security Policy directive 'style-src 'self' 'nonce-9e7ee6f1381446198b789ce21f414849' 'unsafe-inline''. Note that 'unsafe-inline' is ignored if either a hash or nonce value is present in the source list. The action has been blocked.",
    +   "Applying inline style violates the following Content Security Policy directive 'style-src 'self' 'nonce-9e7ee6f1381446198b789ce21f414849' 'unsafe-inline''. Note that 'unsafe-inline' is ignored if either a hash or nonce value is present in the source list. The action has been blocked.",
    +   "Applying inline style violates the following Content Security Policy directive 'style-src 'self' 'nonce-9e7ee6f1381446198b789ce21f414849' 'unsafe-inline''. Note that 'unsafe-inline' is ignored if either a hash or nonce value is present in the source list. The action has been blocked.",
    +   "Applying inline style violates the following Content Security Policy directive 'style-src 'self' 'nonce-9e7ee6f1381446198b789ce21f414849' 'unsafe-inline''. Note that 'unsafe-inline' is ignored if either a hash or nonce value is present in the source list. The action has been blocked.",
    +   "Applying inline style violates the following Content Security Policy directive 'style-src 'self' 'nonce-9e7ee6f1381446198b789ce21f414849' 'unsafe-inline''. Note that 'unsafe-inline' is ignored if either a hash or nonce value is present in the source list. The action has been blocked.",
    +   "Applying inline style violates the following Content Security Policy directive 'style-src 'self' 'nonce-9e7ee6f1381446198b789ce21f414849' 'unsafe-inline''. Note that 'unsafe-inline' is ignored if either a hash or nonce value is present in the source list. The action has been blocked.",
    +   "Applying inline style violates the following Content Security Policy directive 'style-src 'self' 'nonce-9e7ee6f1381446198b789ce21f414849' 'unsafe-inline''. Note that 'unsafe-inline' is ignored if either a hash or nonce value is present in the source list. The action has been blocked.",
    +   "Applying inline style violates the following Content Security Policy directive 'style-src 'self' 'nonce-9e7ee6f1381446198b789ce21f414849' 'unsafe-inline''. Note that 'unsafe-inline' is ignored if either a hash or nonce value is present in the source list. The action has been blocked.",
    +   "Applying inline style violates the following Content Security Policy directive 'style-src 'self' 'nonce-9e7ee6f1381446198b789ce21f414849' 'unsafe-inline''. Note that 'unsafe-inline' is ignored if either a hash or nonce value is present in the source list. The action has been blocked.",
    +   "Applying inline style violates the following Content Security Policy directive 'style-src 'self' 'nonce-9e7ee6f1381446198b789ce21f414849' 'unsafe-inline''. Note that 'unsafe-inline' is ignored if either a hash or nonce value is present in the source list. The action has been blocked.",
    +   "Applying inline style violates the following Content Security Policy directive 'style-src 'self' 'nonce-9e7ee6f1381446198b789ce21f414849' 'unsafe-inline''. Note that 'unsafe-inline' is ignored if either a hash or nonce value is present in the source list. The action has been blocked.",
    +   "Applying inline style violates the following Content Security Policy directive 'style-src 'self' 'nonce-9e7ee6f1381446198b789ce21f414849' 'unsafe-inline''. Note that 'unsafe-inline' is ignored if either a hash or nonce value is present in the source list. The action has been blocked.",
    +   "Applying inline style violates the following Content Security Policy directive 'style-src 'self' 'nonce-9e7ee6f1381446198b789ce21f414849' 'unsafe-inline''. Note that 'unsafe-inline' is ignored if either a hash or nonce value is present in the source list. The action has been blocked.",
    +   "Applying inline style violates the following Content Security Policy directive 'style-src 'self' 'nonce-9e7ee6f1381446198b789ce21f414849' 'unsafe-inline''. Note that 'unsafe-inline' is ignored if either a hash or nonce value is present in the source list. The action has been blocked.",
    +   "Applying inline style violates the following Content Security Policy directive 'style-src 'self' 'nonce-9e7ee6f1381446198b789ce21f414849' 'unsafe-inline''. Note that 'unsafe-inline' is ignored if either a hash or nonce value is present in the source list. The action has been blocked.",
    +   "Applying inline style violates the following Content Security Policy directive 'style-src 'self' 'nonce-9e7ee6f1381446198b789ce21f414849' 'unsafe-inline''. Note that 'unsafe-inline' is ignored if either a hash or nonce value is present in the source list. The action has been blocked.",
    +   "Applying inline style violates the following Content Security Policy directive 'style-src 'self' 'nonce-9e7ee6f1381446198b789ce21f414849' 'unsafe-inline''. Note that 'unsafe-inline' is ignored if either a hash or nonce value is present in the source list. The action has been blocked.",
    +   "Applying inline style violates the following Content Security Policy directive 'style-src 'self' 'nonce-9e7ee6f1381446198b789ce21f414849' 'unsafe-inline''. Note that 'unsafe-inline' is ignored if either a hash or nonce value is present in the source list. The action has been blocked.",
    +   "Applying inline style violates the following Content Security Policy directive 'style-src 'self' 'nonce-9e7ee6f1381446198b789ce21f414849' 'unsafe-inline''. Note that 'unsafe-inline' is ignored if either a hash or nonce value is present in the source list. The action has been blocked.",
    +   "Applying inline style violates the following Content Security Policy directive 'style-src 'self' 'nonce-9e7ee6f1381446198b789ce21f414849' 'unsafe-inline''. Note that 'unsafe-inline' is ignored if either a hash or nonce value is present in the source list. The action has been blocked.",
    +   "Applying inline style violates the following Content Security Policy directive 'style-src 'self' 'nonce-9e7ee6f1381446198b789ce21f414849' 'unsafe-inline''. Note that 'unsafe-inline' is ignored if either a hash or nonce value is present in the source list. The action has been blocked.",
    +   "Applying inline style violates the following Content Security Policy directive 'style-src 'self' 'nonce-9e7ee6f1381446198b789ce21f414849' 'unsafe-inline''. Note that 'unsafe-inline' is ignored if either a hash or nonce value is present in the source list. The action has been blocked.",
    +   "Applying inline style violates the following Content Security Policy directive 'style-src 'self' 'nonce-9e7ee6f1381446198b789ce21f414849' 'unsafe-inline''. Note that 'unsafe-inline' is ignored if either a hash or nonce value is present in the source list. The action has been blocked.",
    +   "Applying inline style violates the following Content Security Policy directive 'style-src 'self' 'nonce-9e7ee6f1381446198b789ce21f414849' 'unsafe-inline''. Note that 'unsafe-inline' is ignored if either a hash or nonce value is present in the source list. The action has been blocked.",
    +   "Applying inline style violates the following Content Security Policy directive 'style-src 'self' 'nonce-9e7ee6f1381446198b789ce21f414849' 'unsafe-inline''. Note that 'unsafe-inline' is ignored if either a hash or nonce value is present in the source list. The action has been blocked.",
    +   "Applying inline style violates the following Content Security Policy directive 'style-src 'self' 'nonce-9e7ee6f1381446198b789ce21f414849' 'unsafe-inline''. Note that 'unsafe-inline' is ignored if either a hash or nonce value is present in the source list. The action has been blocked.",
    +   "Applying inline style violates the following Content Security Policy directive 'style-src 'self' 'nonce-9e7ee6f1381446198b789ce21f414849' 'unsafe-inline''. Note that 'unsafe-inline' is ignored if either a hash or nonce value is present in the source list. The action has been blocked.",
    +   "Applying inline style violates the following Content Security Policy directive 'style-src 'self' 'nonce-9e7ee6f1381446198b789ce21f414849' 'unsafe-inline''. Note that 'unsafe-inline' is ignored if either a hash or nonce value is present in the source list. The action has been blocked.",
    +   "Applying inline style violates the following Content Security Policy directive 'style-src 'self' 'nonce-9e7ee6f1381446198b789ce21f414849' 'unsafe-inline''. Note that 'unsafe-inline' is ignored if either a hash or nonce value is present in the source list. The action has been blocked.",
    +   "Applying inline style violates the following Content Security Policy directive 'style-src 'self' 'nonce-9e7ee6f1381446198b789ce21f414849' 'unsafe-inline''. Note that 'unsafe-inline' is ignored if either a hash or nonce value is present in the source list. The action has been blocked.",
    +   "Applying inline style violates the following Content Security Policy directive 'style-src 'self' 'nonce-9e7ee6f1381446198b789ce21f414849' 'unsafe-inline''. Note that 'unsafe-inline' is ignored if either a hash or nonce value is present in the source list. The action has been blocked.",
    +   "Applying inline style violates the following Content Security Policy directive 'style-src 'self' 'nonce-9e7ee6f1381446198b789ce21f414849' 'unsafe-inline''. Note that 'unsafe-inline' is ignored if either a hash or nonce value is present in the source list. The action has been blocked.",
    +   "Applying inline style violates the following Content Security Policy directive 'style-src 'self' 'nonce-e07d25130250432f8bb58a1aec70bba9' 'unsafe-inline''. Note that 'unsafe-inline' is ignored if either a hash or nonce value is present in the source list. The action has been blocked.",
    +   "Applying inline style violates the following Content Security Policy directive 'style-src 'self' 'nonce-e07d25130250432f8bb58a1aec70bba9' 'unsafe-inline''. Note that 'unsafe-inline' is ignored if either a hash or nonce value is present in the source list. The action has been blocked.",
    +   "Applying inline style violates the following Content Security Policy directive 'style-src 'self' 'nonce-e07d25130250432f8bb58a1aec70bba9' 'unsafe-inline''. Note that 'unsafe-inline' is ignored if either a hash or nonce value is present in the source list. The action has been blocked.",
    +   "Applying inline style violates the following Content Security Policy directive 'style-src 'self' 'nonce-e07d25130250432f8bb58a1aec70bba9' 'unsafe-inline''. Note that 'unsafe-inline' is ignored if either a hash or nonce value is present in the source list. The action has been blocked.",
    +   "Applying inline style violates the following Content Security Policy directive 'style-src 'self' 'nonce-e07d25130250432f8bb58a1aec70bba9' 'unsafe-inline''. Note that 'unsafe-inline' is ignored if either a hash or nonce value is present in the source list. The action has been blocked.",
    +   "Applying inline style violates the following Content Security Policy directive 'style-src 'self' 'nonce-e07d25130250432f8bb58a1aec70bba9' 'unsafe-inline''. Note that 'unsafe-inline' is ignored if either a hash or nonce value is present in the source list. The action has been blocked.",
    +   "Applying inline style violates the following Content Security Policy directive 'style-src 'self' 'nonce-e07d25130250432f8bb58a1aec70bba9' 'unsafe-inline''. Note that 'unsafe-inline' is ignored if either a hash or nonce value is present in the source list. The action has been blocked.",
    +   "Applying inline style violates the following Content Security Policy directive 'style-src 'self' 'nonce-e07d25130250432f8bb58a1aec70bba9' 'unsafe-inline''. Note that 'unsafe-inline' is ignored if either a hash or nonce value is present in the source list. The action has been blocked.",
    +   "Applying inline style violates the following Content Security Policy directive 'style-src 'self' 'nonce-e07d25130250432f8bb58a1aec70bba9' 'unsafe-inline''. Note that 'unsafe-inline' is ignored if either a hash or nonce value is present in the source list. The action has been blocked.",
    +   "Applying inline style violates the following Content Security Policy directive 'style-src 'self' 'nonce-e07d25130250432f8bb58a1aec70bba9' 'unsafe-inline''. Note that 'unsafe-inline' is ignored if either a hash or nonce value is present in the source list. The action has been blocked.",
    +   "Applying inline style violates the following Content Security Policy directive 'style-src 'self' 'nonce-e07d25130250432f8bb58a1aec70bba9' 'unsafe-inline''. Note that 'unsafe-inline' is ignored if either a hash or nonce value is present in the source list. The action has been blocked.",
    +   "Applying inline style violates the following Content Security Policy directive 'style-src 'self' 'nonce-e07d25130250432f8bb58a1aec70bba9' 'unsafe-inline''. Note that 'unsafe-inline' is ignored if either a hash or nonce value is present in the source list. The action has been blocked.",
    +   "Applying inline style violates the following Content Security Policy directive 'style-src 'self' 'nonce-e07d25130250432f8bb58a1aec70bba9' 'unsafe-inline''. Note that 'unsafe-inline' is ignored if either a hash or nonce value is present in the source list. The action has been blocked.",
    +   "Applying inline style violates the following Content Security Policy directive 'style-src 'self' 'nonce-e07d25130250432f8bb58a1aec70bba9' 'unsafe-inline''. Note that 'unsafe-inline' is ignored if either a hash or nonce value is present in the source list. The action has been blocked.",
    +   "Applying inline style violates the following Content Security Policy directive 'style-src 'self' 'nonce-e07d25130250432f8bb58a1aec70bba9' 'unsafe-inline''. Note that 'unsafe-inline' is ignored if either a hash or nonce value is present in the source list. The action has been blocked.",
    +   "Applying inline style violates the following Content Security Policy directive 'style-src 'self' 'nonce-e07d25130250432f8bb58a1aec70bba9' 'unsafe-inline''. Note that 'unsafe-inline' is ignored if either a hash or nonce value is present in the source list. The action has been blocked.",
    +   "Applying inline style violates the following Content Security Policy directive 'style-src 'self' 'nonce-e07d25130250432f8bb58a1aec70bba9' 'unsafe-inline''. Note that 'unsafe-inline' is ignored if either a hash or nonce value is present in the source list. The action has been blocked.",
    +   "Applying inline style violates the following Content Security Policy directive 'style-src 'self' 'nonce-e07d25130250432f8bb58a1aec70bba9' 'unsafe-inline''. Note that 'unsafe-inline' is ignored if either a hash or nonce value is present in the source list. The action has been blocked.",
    +   "Applying inline style violates the following Content Security Policy directive 'style-src 'self' 'nonce-e07d25130250432f8bb58a1aec70bba9' 'unsafe-inline''. Note that 'unsafe-inline' is ignored if either a hash or nonce value is present in the source list. The action has been blocked.",
    +   "Applying inline style violates the following Content Security Policy directive 'style-src 'self' 'nonce-e07d25130250432f8bb58a1aec70bba9' 'unsafe-inline''. Note that 'unsafe-inline' is ignored if either a hash or nonce value is present in the source list. The action has been blocked.",
    +   "Applying inline style violates the following Content Security Policy directive 'style-src 'self' 'nonce-e07d25130250432f8bb58a1aec70bba9' 'unsafe-inline''. Note that 'unsafe-inline' is ignored if either a hash or nonce value is present in the source list. The action has been blocked.",
    +   "Applying inline style violates the following Content Security Policy directive 'style-src 'self' 'nonce-e07d25130250432f8bb58a1aec70bba9' 'unsafe-inline''. Note that 'unsafe-inline' is ignored if either a hash or nonce value is present in the source list. The action has been blocked.",
    +   "Applying inline style violates the following Content Security Policy directive 'style-src 'self' 'nonce-e07d25130250432f8bb58a1aec70bba9' 'unsafe-inline''. Note that 'unsafe-inline' is ignored if either a hash or nonce value is present in the source list. The action has been blocked.",
    +   "Applying inline style violates the following Content Security Policy directive 'style-src 'self' 'nonce-e07d25130250432f8bb58a1aec70bba9' 'unsafe-inline''. Note that 'unsafe-inline' is ignored if either a hash or nonce value is present in the source list. The action has been blocked.",
    +   "Applying inline style violates the following Content Security Policy directive 'style-src 'self' 'nonce-e07d25130250432f8bb58a1aec70bba9' 'unsafe-inline''. Note that 'unsafe-inline' is ignored if either a hash or nonce value is present in the source list. The action has been blocked.",
    +   "Applying inline style violates the following Content Security Policy directive 'style-src 'self' 'nonce-e07d25130250432f8bb58a1aec70bba9' 'unsafe-inline''. Note that 'unsafe-inline' is ignored if either a hash or nonce value is present in the source list. The action has been blocked.",
    +   "Applying inline style violates the following Content Security Policy directive 'style-src 'self' 'nonce-e07d25130250432f8bb58a1aec70bba9' 'unsafe-inline''. Note that 'unsafe-inline' is ignored if either a hash or nonce value is present in the source list. The action has been blocked.",
    +   "Applying inline style violates the following Content Security Policy directive 'style-src 'self' 'nonce-e07d25130250432f8bb58a1aec70bba9' 'unsafe-inline''. Note that 'unsafe-inline' is ignored if either a hash or nonce value is present in the source list. The action has been blocked.",
    +   "Applying inline style violates the following Content Security Policy directive 'style-src 'self' 'nonce-e07d25130250432f8bb58a1aec70bba9' 'unsafe-inline''. Note that 'unsafe-inline' is ignored if either a hash or nonce value is present in the source list. The action has been blocked.",
    +   "Applying inline style violates the following Content Security Policy directive 'style-src 'self' 'nonce-e07d25130250432f8bb58a1aec70bba9' 'unsafe-inline''. Note that 'unsafe-inline' is ignored if either a hash or nonce value is present in the source list. The action has been blocked.",
    +   "Applying inline style violates the following Content Security Policy directive 'style-src 'self' 'nonce-e07d25130250432f8bb58a1aec70bba9' 'unsafe-inline''. Note that 'unsafe-inline' is ignored if either a hash or nonce value is present in the source list. The action has been blocked.",
    +   "Applying inline style violates the following Content Security Policy directive 'style-src 'self' 'nonce-e07d25130250432f8bb58a1aec70bba9' 'unsafe-inline''. Note that 'unsafe-inline' is ignored if either a hash or nonce value is present in the source list. The action has been blocked.",
    +   "Applying inline style violates the following Content Security Policy directive 'style-src 'self' 'nonce-e07d25130250432f8bb58a1aec70bba9' 'unsafe-inline''. Note that 'unsafe-inline' is ignored if either a hash or nonce value is present in the source list. The action has been blocked.",
    +   "Applying inline style violates the following Content Security Policy directive 'style-src 'self' 'nonce-9baf45889f524bd4bf6d0a148f7e0dbd' 'unsafe-inline''. Note that 'unsafe-inline' is ignored if either a hash or nonce value is present in the source list. The action has been blocked.",
    +   "Applying inline style violates the following Content Security Policy directive 'style-src 'self' 'nonce-9baf45889f524bd4bf6d0a148f7e0dbd' 'unsafe-inline''. Note that 'unsafe-inline' is ignored if either a hash or nonce value is present in the source list. The action has been blocked.",
    +   "Applying inline style violates the following Content Security Policy directive 'style-src 'self' 'nonce-9baf45889f524bd4bf6d0a148f7e0dbd' 'unsafe-inline''. Note that 'unsafe-inline' is ignored if either a hash or nonce value is present in the source list. The action has been blocked.",
    +   "Applying inline style violates the following Content Security Policy directive 'style-src 'self' 'nonce-9baf45889f524bd4bf6d0a148f7e0dbd' 'unsafe-inline''. Note that 'unsafe-inline' is ignored if either a hash or nonce value is present in the source list. The action has been blocked.",
    +   "Applying inline style violates the following Content Security Policy directive 'style-src 'self' 'nonce-9baf45889f524bd4bf6d0a148f7e0dbd' 'unsafe-inline''. Note that 'unsafe-inline' is ignored if either a hash or nonce value is present in the source list. The action has been blocked.",
    +   "Applying inline style violates the following Content Security Policy directive 'style-src 'self' 'nonce-9baf45889f524bd4bf6d0a148f7e0dbd' 'unsafe-inline''. Note that 'unsafe-inline' is ignored if either a hash or nonce value is present in the source list. The action has been blocked.",
    +   "Applying inline style violates the following Content Security Policy directive 'style-src 'self' 'nonce-9baf45889f524bd4bf6d0a148f7e0dbd' 'unsafe-inline''. Note that 'unsafe-inline' is ignored if either a hash or nonce value is present in the source list. The action has been blocked.",
    +   "Applying inline style violates the following Content Security Policy directive 'style-src 'self' 'nonce-9baf45889f524bd4bf6d0a148f7e0dbd' 'unsafe-inline''. Note that 'unsafe-inline' is ignored if either a hash or nonce value is present in the source list. The action has been blocked.",
    +   "Applying inline style violates the following Content Security Policy directive 'style-src 'self' 'nonce-9baf45889f524bd4bf6d0a148f7e0dbd' 'unsafe-inline''. Note that 'unsafe-inline' is ignored if either a hash or nonce value is present in the source list. The action has been blocked.",
    +   "Applying inline style violates the following Content Security Policy directive 'style-src 'self' 'nonce-9baf45889f524bd4bf6d0a148f7e0dbd' 'unsafe-inline''. Note that 'unsafe-inline' is ignored if either a hash or nonce value is present in the source list. The action has been blocked.",
    +   "Applying inline style violates the following Content Security Policy directive 'style-src 'self' 'nonce-9baf45889f524bd4bf6d0a148f7e0dbd' 'unsafe-inline''. Note that 'unsafe-inline' is ignored if either a hash or nonce value is present in the source list. The action has been blocked.",
    +   "Applying inline style violates the following Content Security Policy directive 'style-src 'self' 'nonce-9baf45889f524bd4bf6d0a148f7e0dbd' 'unsafe-inline''. Note that 'unsafe-inline' is ignored if either a hash or nonce value is present in the source list. The action has been blocked.",
    +   "Applying inline style violates the following Content Security Policy directive 'style-src 'self' 'nonce-9baf45889f524bd4bf6d0a148f7e0dbd' 'unsafe-inline''. Note that 'unsafe-inline' is ignored if either a hash or nonce value is present in the source list. The action has been blocked.",
    +   "Applying inline style violates the following Content Security Policy directive 'style-src 'self' 'nonce-9baf45889f524bd4bf6d0a148f7e0dbd' 'unsafe-inline''. Note that 'unsafe-inline' is ignored if either a hash or nonce value is present in the source list. The action has been blocked.",
    +   "Applying inline style violates the following Content Security Policy directive 'style-src 'self' 'nonce-9baf45889f524bd4bf6d0a148f7e0dbd' 'unsafe-inline''. Note that 'unsafe-inline' is ignored if either a hash or nonce value is present in the source list. The action has been blocked.",
    +   "Applying inline style violates the following Content Security Policy directive 'style-src 'self' 'nonce-9baf45889f524bd4bf6d0a148f7e0dbd' 'unsafe-inline''. Note that 'unsafe-inline' is ignored if either a hash or nonce value is present in the source list. The action has been blocked.",
    +   "Applying inline style violates the following Content Security Policy directive 'style-src 'self' 'nonce-9baf45889f524bd4bf6d0a148f7e0dbd' 'unsafe-inline''. Note that 'unsafe-inline' is ignored if either a hash or nonce value is present in the source list. The action has been blocked.",
    +   "Applying inline style violates the following Content Security Policy directive 'style-src 'self' 'nonce-9baf45889f524bd4bf6d0a148f7e0dbd' 'unsafe-inline''. Note that 'unsafe-inline' is ignored if either a hash or nonce value is present in the source list. The action has been blocked.",
    +   "Applying inline style violates the following Content Security Policy directive 'style-src 'self' 'nonce-9baf45889f524bd4bf6d0a148f7e0dbd' 'unsafe-inline''. Note that 'unsafe-inline' is ignored if either a hash or nonce value is present in the source list. The action has been blocked.",
    +   "Applying inline style violates the following Content Security Policy directive 'style-src 'self' 'nonce-9baf45889f524bd4bf6d0a148f7e0dbd' 'unsafe-inline''. Note that 'unsafe-inline' is ignored if either a hash or nonce value is present in the source list. The action has been blocked.",
    +   "Applying inline style violates the following Content Security Policy directive 'style-src 'self' 'nonce-9baf45889f524bd4bf6d0a148f7e0dbd' 'unsafe-inline''. Note that 'unsafe-inline' is ignored if either a hash or nonce value is present in the source list. The action has been blocked.",
    +   "Applying inline style violates the following Content Security Policy directive 'style-src 'self' 'nonce-9baf45889f524bd4bf6d0a148f7e0dbd' 'unsafe-inline''. Note that 'unsafe-inline' is ignored if either a hash or nonce value is present in the source list. The action has been blocked.",
    +   "Applying inline style violates the following Content Security Policy directive 'style-src 'self' 'nonce-9baf45889f524bd4bf6d0a148f7e0dbd' 'unsafe-inline''. Note that 'unsafe-inline' is ignored if either a hash or nonce value is present in the source list. The action has been blocked.",
    +   "Applying inline style violates the following Content Security Policy directive 'style-src 'self' 'nonce-9baf45889f524bd4bf6d0a148f7e0dbd' 'unsafe-inline''. Note that 'unsafe-inline' is ignored if either a hash or nonce value is present in the source list. The action has been blocked.",
    +   "Applying inline style violates the following Content Security Policy directive 'style-src 'self' 'nonce-9baf45889f524bd4bf6d0a148f7e0dbd' 'unsafe-inline''. Note that 'unsafe-inline' is ignored if either a hash or nonce value is present in the source list. The action has been blocked.",
    +   "Applying inline style violates the following Content Security Policy directive 'style-src 'self' 'nonce-9baf45889f524bd4bf6d0a148f7e0dbd' 'unsafe-inline''. Note that 'unsafe-inline' is ignored if either a hash or nonce value is present in the source list. The action has been blocked.",
    +   "Applying inline style violates the following Content Security Policy directive 'style-src 'self' 'nonce-9baf45889f524bd4bf6d0a148f7e0dbd' 'unsafe-inline''. Note that 'unsafe-inline' is ignored if either a hash or nonce value is present in the source list. The action has been blocked.",
    +   "Applying inline style violates the following Content Security Policy directive 'style-src 'self' 'nonce-9baf45889f524bd4bf6d0a148f7e0dbd' 'unsafe-inline''. Note that 'unsafe-inline' is ignored if either a hash or nonce value is present in the source list. The action has been blocked.",
    +   "Applying inline style violates the following Content Security Policy directive 'style-src 'self' 'nonce-9baf45889f524bd4bf6d0a148f7e0dbd' 'unsafe-inline''. Note that 'unsafe-inline' is ignored if either a hash or nonce value is present in the source list. The action has been blocked.",
    +   "Applying inline style violates the following Content Security Policy directive 'style-src 'self' 'nonce-9baf45889f524bd4bf6d0a148f7e0dbd' 'unsafe-inline''. Note that 'unsafe-inline' is ignored if either a hash or nonce value is present in the source list. The action has been blocked.",
    +   "Applying inline style violates the following Content Security Policy directive 'style-src 'self' 'nonce-9baf45889f524bd4bf6d0a148f7e0dbd' 'unsafe-inline''. Note that 'unsafe-inline' is ignored if either a hash or nonce value is present in the source list. The action has been blocked.",
    +   "Applying inline style violates the following Content Security Policy directive 'style-src 'self' 'nonce-9baf45889f524bd4bf6d0a148f7e0dbd' 'unsafe-inline''. Note that 'unsafe-inline' is ignored if either a hash or nonce value is present in the source list. The action has been blocked.",
    +   "Applying inline style violates the following Content Security Policy directive 'style-src 'self' 'nonce-9baf45889f524bd4bf6d0a148f7e0dbd' 'unsafe-inline''. Note that 'unsafe-inline' is ignored if either a hash or nonce value is present in the source list. The action has been blocked.",
    +   "Applying inline style violates the following Content Security Policy directive 'style-src 'self' 'nonce-cac215feab314a86bfb4731f9723d989' 'unsafe-inline''. Note that 'unsafe-inline' is ignored if either a hash or nonce value is present in the source list. The action has been blocked.",
    +   "Applying inline style violates the following Content Security Policy directive 'style-src 'self' 'nonce-cac215feab314a86bfb4731f9723d989' 'unsafe-inline''. Note that 'unsafe-inline' is ignored if either a hash or nonce value is present in the source list. The action has been blocked.",
    +   "Applying inline style violates the following Content Security Policy directive 'style-src 'self' 'nonce-cac215feab314a86bfb4731f9723d989' 'unsafe-inline''. Note that 'unsafe-inline' is ignored if either a hash or nonce value is present in the source list. The action has been blocked.",
    +   "Applying inline style violates the following Content Security Policy directive 'style-src 'self' 'nonce-cac215feab314a86bfb4731f9723d989' 'unsafe-inline''. Note that 'unsafe-inline' is ignored if either a hash or nonce value is present in the source list. The action has been blocked.",
    +   "Applying inline style violates the following Content Security Policy directive 'style-src 'self' 'nonce-cac215feab314a86bfb4731f9723d989' 'unsafe-inline''. Note that 'unsafe-inline' is ignored if either a hash or nonce value is present in the source list. The action has been blocked.",
    +   "Applying inline style violates the following Content Security Policy directive 'style-src 'self' 'nonce-cac215feab314a86bfb4731f9723d989' 'unsafe-inline''. Note that 'unsafe-inline' is ignored if either a hash or nonce value is present in the source list. The action has been blocked.",
    +   "Applying inline style violates the following Content Security Policy directive 'style-src 'self' 'nonce-cac215feab314a86bfb4731f9723d989' 'unsafe-inline''. Note that 'unsafe-inline' is ignored if either a hash or nonce value is present in the source list. The action has been blocked.",
    +   "Applying inline style violates the following Content Security Policy directive 'style-src 'self' 'nonce-cac215feab314a86bfb4731f9723d989' 'unsafe-inline''. Note that 'unsafe-inline' is ignored if either a hash or nonce value is present in the source list. The action has been blocked.",
    +   "Applying inline style violates the following Content Security Policy directive 'style-src 'self' 'nonce-cac215feab314a86bfb4731f9723d989' 'unsafe-inline''. Note that 'unsafe-inline' is ignored if either a hash or nonce value is present in the source list. The action has been blocked.",
    +   "Applying inline style violates the following Content Security Policy directive 'style-src 'self' 'nonce-cac215feab314a86bfb4731f9723d989' 'unsafe-inline''. Note that 'unsafe-inline' is ignored if either a hash or nonce value is present in the source list. The action has been blocked.",
    +   "Applying inline style violates the following Content Security Policy directive 'style-src 'self' 'nonce-cac215feab314a86bfb4731f9723d989' 'unsafe-inline''. Note that 'unsafe-inline' is ignored if either a hash or nonce value is present in the source list. The action has been blocked.",
    +   "Applying inline style violates the following Content Security Policy directive 'style-src 'self' 'nonce-cac215feab314a86bfb4731f9723d989' 'unsafe-inline''. Note that 'unsafe-inline' is ignored if either a hash or nonce value is present in the source list. The action has been blocked.",
    +   "Applying inline style violates the following Content Security Policy directive 'style-src 'self' 'nonce-cac215feab314a86bfb4731f9723d989' 'unsafe-inline''. Note that 'unsafe-inline' is ignored if either a hash or nonce value is present in the source list. The action has been blocked.",
    +   "Applying inline style violates the following Content Security Policy directive 'style-src 'self' 'nonce-cac215feab314a86bfb4731f9723d989' 'unsafe-inline''. Note that 'unsafe-inline' is ignored if either a hash or nonce value is present in the source list. The action has been blocked.",
    +   "Applying inline style violates the following Content Security Policy directive 'style-src 'self' 'nonce-cac215feab314a86bfb4731f9723d989' 'unsafe-inline''. Note that 'unsafe-inline' is ignored if either a hash or nonce value is present in the source list. The action has been blocked.",
    +   "Applying inline style violates the following Content Security Policy directive 'style-src 'self' 'nonce-cac215feab314a86bfb4731f9723d989' 'unsafe-inline''. Note that 'unsafe-inline' is ignored if either a hash or nonce value is present in the source list. The action has been blocked.",
    +   "Applying inline style violates the following Content Security Policy directive 'style-src 'self' 'nonce-cac215feab314a86bfb4731f9723d989' 'unsafe-inline''. Note that 'unsafe-inline' is ignored if either a hash or nonce value is present in the source list. The action has been blocked.",
    +   "Applying inline style violates the following Content Security Policy directive 'style-src 'self' 'nonce-cac215feab314a86bfb4731f9723d989' 'unsafe-inline''. Note that 'unsafe-inline' is ignored if either a hash or nonce value is present in the source list. The action has been blocked.",
    +   "Applying inline style violates the following Content Security Policy directive 'style-src 'self' 'nonce-cac215feab314a86bfb4731f9723d989' 'unsafe-inline''. Note that 'unsafe-inline' is ignored if either a hash or nonce value is present in the source list. The action has been blocked.",
    +   "Applying inline style violates the following Content Security Policy directive 'style-src 'self' 'nonce-cac215feab314a86bfb4731f9723d989' 'unsafe-inline''. Note that 'unsafe-inline' is ignored if either a hash or nonce value is present in the source list. The action has been blocked.",
    +   "Applying inline style violates the following Content Security Policy directive 'style-src 'self' 'nonce-cac215feab314a86bfb4731f9723d989' 'unsafe-inline''. Note that 'unsafe-inline' is ignored if either a hash or nonce value is present in the source list. The action has been blocked.",
    +   "Applying inline style violates the following Content Security Policy directive 'style-src 'self' 'nonce-cac215feab314a86bfb4731f9723d989' 'unsafe-inline''. Note that 'unsafe-inline' is ignored if either a hash or nonce value is present in the source list. The action has been blocked.",
    +   "Applying inline style violates the following Content Security Policy directive 'style-src 'self' 'nonce-cac215feab314a86bfb4731f9723d989' 'unsafe-inline''. Note that 'unsafe-inline' is ignored if either a hash or nonce value is present in the source list. The action has been blocked.",
    +   "Applying inline style violates the following Content Security Policy directive 'style-src 'self' 'nonce-cac215feab314a86bfb4731f9723d989' 'unsafe-inline''. Note that 'unsafe-inline' is ignored if either a hash or nonce value is present in the source list. The action has been blocked.",
    +   "Applying inline style violates the following Content Security Policy directive 'style-src 'self' 'nonce-cac215feab314a86bfb4731f9723d989' 'unsafe-inline''. Note that 'unsafe-inline' is ignored if either a hash or nonce value is present in the source list. The action has been blocked.",
    +   "Applying inline style violates the following Content Security Policy directive 'style-src 'self' 'nonce-cac215feab314a86bfb4731f9723d989' 'unsafe-inline''. Note that 'unsafe-inline' is ignored if either a hash or nonce value is present in the source list. The action has been blocked.",
    +   "Applying inline style violates the following Content Security Policy directive 'style-src 'self' 'nonce-cac215feab314a86bfb4731f9723d989' 'unsafe-inline''. Note that 'unsafe-inline' is ignored if either a hash or nonce value is present in the source list. The action has been blocked.",
    +   "Applying inline style violates the following Content Security Policy directive 'style-src 'self' 'nonce-cac215feab314a86bfb4731f9723d989' 'unsafe-inline''. Note that 'unsafe-inline' is ignored if either a hash or nonce value is present in the source list. The action has been blocked.",
    +   "Applying inline style violates the following Content Security Policy directive 'style-src 'self' 'nonce-cac215feab314a86bfb4731f9723d989' 'unsafe-inline''. Note that 'unsafe-inline' is ignored if either a hash or nonce value is present in the source list. The action has been blocked.",
    +   "Applying inline style violates the following Content Security Policy directive 'style-src 'self' 'nonce-cac215feab314a86bfb4731f9723d989' 'unsafe-inline''. Note that 'unsafe-inline' is ignored if either a hash or nonce value is present in the source list. The action has been blocked.",
    +   "Applying inline style violates the following Content Security Policy directive 'style-src 'self' 'nonce-cac215feab314a86bfb4731f9723d989' 'unsafe-inline''. Note that 'unsafe-inline' is ignored if either a hash or nonce value is present in the source list. The action has been blocked.",
    +   "Applying inline style violates the following Content Security Policy directive 'style-src 'self' 'nonce-cac215feab314a86bfb4731f9723d989' 'unsafe-inline''. Note that 'unsafe-inline' is ignored if either a hash or nonce value is present in the source list. The action has been blocked.",
    +   "Applying inline style violates the following Content Security Policy directive 'style-src 'self' 'nonce-cac215feab314a86bfb4731f9723d989' 'unsafe-inline''. Note that 'unsafe-inline' is ignored if either a hash or nonce value is present in the source list. The action has been blocked.",
    +   "Applying inline style violates the following Content Security Policy directive 'style-src 'self' 'nonce-241e7a567853479c85e63539ee5bcef7' 'unsafe-inline''. Note that 'unsafe-inline' is ignored if either a hash or nonce value is present in the source list. The action has been blocked.",
    +   "Applying inline style violates the following Content Security Policy directive 'style-src 'self' 'nonce-241e7a567853479c85e63539ee5bcef7' 'unsafe-inline''. Note that 'unsafe-inline' is ignored if either a hash or nonce value is present in the source list. The action has been blocked.",
    +   "Applying inline style violates the following Content Security Policy directive 'style-src 'self' 'nonce-241e7a567853479c85e63539ee5bcef7' 'unsafe-inline''. Note that 'unsafe-inline' is ignored if either a hash or nonce value is present in the source list. The action has been blocked.",
    +   "Applying inline style violates the following Content Security Policy directive 'style-src 'self' 'nonce-241e7a567853479c85e63539ee5bcef7' 'unsafe-inline''. Note that 'unsafe-inline' is ignored if either a hash or nonce value is present in the source list. The action has been blocked.",
    +   "Applying inline style violates the following Content Security Policy directive 'style-src 'self' 'nonce-241e7a567853479c85e63539ee5bcef7' 'unsafe-inline''. Note that 'unsafe-inline' is ignored if either a hash or nonce value is present in the source list. The action has been blocked.",
    +   "Applying inline style violates the following Content Security Policy directive 'style-src 'self' 'nonce-241e7a567853479c85e63539ee5bcef7' 'unsafe-inline''. Note that 'unsafe-inline' is ignored if either a hash or nonce value is present in the source list. The action has been blocked.",
    +   "Applying inline style violates the following Content Security Policy directive 'style-src 'self' 'nonce-241e7a567853479c85e63539ee5bcef7' 'unsafe-inline''. Note that 'unsafe-inline' is ignored if either a hash or nonce value is present in the source list. The action has been blocked.",
    +   "Applying inline style violates the following Content Security Policy directive 'style-src 'self' 'nonce-241e7a567853479c85e63539ee5bcef7' 'unsafe-inline''. Note that 'unsafe-inline' is ignored if either a hash or nonce value is present in the source list. The action has been blocked.",
    +   "Applying inline style violates the following Content Security Policy directive 'style-src 'self' 'nonce-241e7a567853479c85e63539ee5bcef7' 'unsafe-inline''. Note that 'unsafe-inline' is ignored if either a hash or nonce value is present in the source list. The action has been blocked.",
    +   "Applying inline style violates the following Content Security Policy directive 'style-src 'self' 'nonce-241e7a567853479c85e63539ee5bcef7' 'unsafe-inline''. Note that 'unsafe-inline' is ignored if either a hash or nonce value is present in the source list. The action has been blocked.",
    +   "Applying inline style violates the following Content Security Policy directive 'style-src 'self' 'nonce-241e7a567853479c85e63539ee5bcef7' 'unsafe-inline''. Note that 'unsafe-inline' is ignored if either a hash or nonce value is present in the source list. The action has been blocked.",
    +   "Applying inline style violates the following Content Security Policy directive 'style-src 'self' 'nonce-241e7a567853479c85e63539ee5bcef7' 'unsafe-inline''. Note that 'unsafe-inline' is ignored if either a hash or nonce value is present in the source list. The action has been blocked.",
    +   "Applying inline style violates the following Content Security Policy directive 'style-src 'self' 'nonce-241e7a567853479c85e63539ee5bcef7' 'unsafe-inline''. Note that 'unsafe-inline' is ignored if either a hash or nonce value is present in the source list. The action has been blocked.",
    +   "Applying inline style violates the following Content Security Policy directive 'style-src 'self' 'nonce-241e7a567853479c85e63539ee5bcef7' 'unsafe-inline''. Note that 'unsafe-inline' is ignored if either a hash or nonce value is present in the source list. The action has been blocked.",
    +   "Applying inline style violates the following Content Security Policy directive 'style-src 'self' 'nonce-241e7a567853479c85e63539ee5bcef7' 'unsafe-inline''. Note that 'unsafe-inline' is ignored if either a hash or nonce value is present in the source list. The action has been blocked.",
    +   "Applying inline style violates the following Content Security Policy directive 'style-src 'self' 'nonce-241e7a567853479c85e63539ee5bcef7' 'unsafe-inline''. Note that 'unsafe-inline' is ignored if either a hash or nonce value is present in the source list. The action has been blocked.",
    +   "Applying inline style violates the following Content Security Policy directive 'style-src 'self' 'nonce-241e7a567853479c85e63539ee5bcef7' 'unsafe-inline''. Note that 'unsafe-inline' is ignored if either a hash or nonce value is present in the source list. The action has been blocked.",
    +   "Applying inline style violates the following Content Security Policy directive 'style-src 'self' 'nonce-241e7a567853479c85e63539ee5bcef7' 'unsafe-inline''. Note that 'unsafe-inline' is ignored if either a hash or nonce value is present in the source list. The action has been blocked.",
    +   "Applying inline style violates the following Content Security Policy directive 'style-src 'self' 'nonce-241e7a567853479c85e63539ee5bcef7' 'unsafe-inline''. Note that 'unsafe-inline' is ignored if either a hash or nonce value is present in the source list. The action has been blocked.",
    +   "Applying inline style violates the following Content Security Policy directive 'style-src 'self' 'nonce-241e7a567853479c85e63539ee5bcef7' 'unsafe-inline''. Note that 'unsafe-inline' is ignored if either a hash or nonce value is present in the source list. The action has been blocked.",
    +   "Applying inline style violates the following Content Security Policy directive 'style-src 'self' 'nonce-241e7a567853479c85e63539ee5bcef7' 'unsafe-inline''. Note that 'unsafe-inline' is ignored if either a hash or nonce value is present in the source list. The action has been blocked.",
    +   "Applying inline style violates the following Content Security Policy directive 'style-src 'self' 'nonce-241e7a567853479c85e63539ee5bcef7' 'unsafe-inline''. Note that 'unsafe-inline' is ignored if either a hash or nonce value is present in the source list. The action has been blocked.",
    +   "Applying inline style violates the following Content Security Policy directive 'style-src 'self' 'nonce-241e7a567853479c85e63539ee5bcef7' 'unsafe-inline''. Note that 'unsafe-inline' is ignored if either a hash or nonce value is present in the source list. The action has been blocked.",
    +   "Applying inline style violates the following Content Security Policy directive 'style-src 'self' 'nonce-241e7a567853479c85e63539ee5bcef7' 'unsafe-inline''. Note that 'unsafe-inline' is ignored if either a hash or nonce value is present in the source list. The action has been blocked.",
    +   "Applying inline style violates the following Content Security Policy directive 'style-src 'self' 'nonce-241e7a567853479c85e63539ee5bcef7' 'unsafe-inline''. Note that 'unsafe-inline' is ignored if either a hash or nonce value is present in the source list. The action has been blocked.",
    +   "Applying inline style violates the following Content Security Policy directive 'style-src 'self' 'nonce-241e7a567853479c85e63539ee5bcef7' 'unsafe-inline''. Note that 'unsafe-inline' is ignored if either a hash or nonce value is present in the source list. The action has been blocked.",
    +   "Applying inline style violates the following Content Security Policy directive 'style-src 'self' 'nonce-241e7a567853479c85e63539ee5bcef7' 'unsafe-inline''. Note that 'unsafe-inline' is ignored if either a hash or nonce value is present in the source list. The action has been blocked.",
    +   "Applying inline style violates the following Content Security Policy directive 'style-src 'self' 'nonce-241e7a567853479c85e63539ee5bcef7' 'unsafe-inline''. Note that 'unsafe-inline' is ignored if either a hash or nonce value is present in the source list. The action has been blocked.",
    +   "Applying inline style violates the following Content Security Policy directive 'style-src 'self' 'nonce-241e7a567853479c85e63539ee5bcef7' 'unsafe-inline''. Note that 'unsafe-inline' is ignored if either a hash or nonce value is present in the source list. The action has been blocked.",
    +   "Applying inline style violates the following Content Security Policy directive 'style-src 'self' 'nonce-241e7a567853479c85e63539ee5bcef7' 'unsafe-inline''. Note that 'unsafe-inline' is ignored if either a hash or nonce value is present in the source list. The action has been blocked.",
    +   "Applying inline style violates the following Content Security Policy directive 'style-src 'self' 'nonce-241e7a567853479c85e63539ee5bcef7' 'unsafe-inline''. Note that 'unsafe-inline' is ignored if either a hash or nonce value is present in the source list. The action has been blocked.",
    +   "Applying inline style violates the following Content Security Policy directive 'style-src 'self' 'nonce-241e7a567853479c85e63539ee5bcef7' 'unsafe-inline''. Note that 'unsafe-inline' is ignored if either a hash or nonce value is present in the source list. The action has been blocked.",
    +   "Applying inline style violates the following Content Security Policy directive 'style-src 'self' 'nonce-241e7a567853479c85e63539ee5bcef7' 'unsafe-inline''. Note that 'unsafe-inline' is ignored if either a hash or nonce value is present in the source list. The action has been blocked.",
    +   "Applying inline style violates the following Content Security Policy directive 'style-src 'self' 'nonce-7529dccc2142495b863c387814a1d3a1' 'unsafe-inline''. Note that 'unsafe-inline' is ignored if either a hash or nonce value is present in the source list. The action has been blocked.",
    +   "Applying inline style violates the following Content Security Policy directive 'style-src 'self' 'nonce-7529dccc2142495b863c387814a1d3a1' 'unsafe-inline''. Note that 'unsafe-inline' is ignored if either a hash or nonce value is present in the source list. The action has been blocked.",
    +   "Applying inline style violates the following Content Security Policy directive 'style-src 'self' 'nonce-7529dccc2142495b863c387814a1d3a1' 'unsafe-inline''. Note that 'unsafe-inline' is ignored if either a hash or nonce value is present in the source list. The action has been blocked.",
    +   "Applying inline style violates the following Content Security Policy directive 'style-src 'self' 'nonce-7529dccc2142495b863c387814a1d3a1' 'unsafe-inline''. Note that 'unsafe-inline' is ignored if either a hash or nonce value is present in the source list. The action has been blocked.",
    +   "Applying inline style violates the following Content Security Policy directive 'style-src 'self' 'nonce-7529dccc2142495b863c387814a1d3a1' 'unsafe-inline''. Note that 'unsafe-inline' is ignored if either a hash or nonce value is present in the source list. The action has been blocked.",
    +   "Applying inline style violates the following Content Security Policy directive 'style-src 'self' 'nonce-7529dccc2142495b863c387814a1d3a1' 'unsafe-inline''. Note that 'unsafe-inline' is ignored if either a hash or nonce value is present in the source list. The action has been blocked.",
    +   "Applying inline style violates the following Content Security Policy directive 'style-src 'self' 'nonce-7529dccc2142495b863c387814a1d3a1' 'unsafe-inline''. Note that 'unsafe-inline' is ignored if either a hash or nonce value is present in the source list. The action has been blocked.",
    +   "Applying inline style violates the following Content Security Policy directive 'style-src 'self' 'nonce-7529dccc2142495b863c387814a1d3a1' 'unsafe-inline''. Note that 'unsafe-inline' is ignored if either a hash or nonce value is present in the source list. The action has been blocked.",
    +   "Applying inline style violates the following Content Security Policy directive 'style-src 'self' 'nonce-7529dccc2142495b863c387814a1d3a1' 'unsafe-inline''. Note that 'unsafe-inline' is ignored if either a hash or nonce value is present in the source list. The action has been blocked.",
    +   "Applying inline style violates the following Content Security Policy directive 'style-src 'self' 'nonce-7529dccc2142495b863c387814a1d3a1' 'unsafe-inline''. Note that 'unsafe-inline' is ignored if either a hash or nonce value is present in the source list. The action has been blocked.",
    +   "Applying inline style violates the following Content Security Policy directive 'style-src 'self' 'nonce-7529dccc2142495b863c387814a1d3a1' 'unsafe-inline''. Note that 'unsafe-inline' is ignored if either a hash or nonce value is present in the source list. The action has been blocked.",
    +   "Applying inline style violates the following Content Security Policy directive 'style-src 'self' 'nonce-7529dccc2142495b863c387814a1d3a1' 'unsafe-inline''. Note that 'unsafe-inline' is ignored if either a hash or nonce value is present in the source list. The action has been blocked.",
    +   "Applying inline style violates the following Content Security Policy directive 'style-src 'self' 'nonce-7529dccc2142495b863c387814a1d3a1' 'unsafe-inline''. Note that 'unsafe-inline' is ignored if either a hash or nonce value is present in the source list. The action has been blocked.",
    +   "Applying inline style violates the following Content Security Policy directive 'style-src 'self' 'nonce-7529dccc2142495b863c387814a1d3a1' 'unsafe-inline''. Note that 'unsafe-inline' is ignored if either a hash or nonce value is present in the source list. The action has been blocked.",
    +   "Applying inline style violates the following Content Security Policy directive 'style-src 'self' 'nonce-7529dccc2142495b863c387814a1d3a1' 'unsafe-inline''. Note that 'unsafe-inline' is ignored if either a hash or nonce value is present in the source list. The action has been blocked.",
    +   "Applying inline style violates the following Content Security Policy directive 'style-src 'self' 'nonce-7529dccc2142495b863c387814a1d3a1' 'unsafe-inline''. Note that 'unsafe-inline' is ignored if either a hash or nonce value is present in the source list. The action has been blocked.",
    +   "Applying inline style violates the following Content Security Policy directive 'style-src 'self' 'nonce-7529dccc2142495b863c387814a1d3a1' 'unsafe-inline''. Note that 'unsafe-inline' is ignored if either a hash or nonce value is present in the source list. The action has been blocked.",
    +   "Applying inline style violates the following Content Security Policy directive 'style-src 'self' 'nonce-7529dccc2142495b863c387814a1d3a1' 'unsafe-inline''. Note that 'unsafe-inline' is ignored if either a hash or nonce value is present in the source list. The action has been blocked.",
    +   "Applying inline style violates the following Content Security Policy directive 'style-src 'self' 'nonce-7529dccc2142495b863c387814a1d3a1' 'unsafe-inline''. Note that 'unsafe-inline' is ignored if either a hash or nonce value is present in the source list. The action has been blocked.",
    +   "Applying inline style violates the following Content Security Policy directive 'style-src 'self' 'nonce-7529dccc2142495b863c387814a1d3a1' 'unsafe-inline''. Note that 'unsafe-inline' is ignored if either a hash or nonce value is present in the source list. The action has been blocked.",
    +   "Applying inline style violates the following Content Security Policy directive 'style-src 'self' 'nonce-7529dccc2142495b863c387814a1d3a1' 'unsafe-inline''. Note that 'unsafe-inline' is ignored if either a hash or nonce value is present in the source list. The action has been blocked.",
    +   "Applying inline style violates the following Content Security Policy directive 'style-src 'self' 'nonce-7529dccc2142495b863c387814a1d3a1' 'unsafe-inline''. Note that 'unsafe-inline' is ignored if either a hash or nonce value is present in the source list. The action has been blocked.",
    +   "Applying inline style violates the following Content Security Policy directive 'style-src 'self' 'nonce-7529dccc2142495b863c387814a1d3a1' 'unsafe-inline''. Note that 'unsafe-inline' is ignored if either a hash or nonce value is present in the source list. The action has been blocked.",
    +   "Applying inline style violates the following Content Security Policy directive 'style-src 'self' 'nonce-7529dccc2142495b863c387814a1d3a1' 'unsafe-inline''. Note that 'unsafe-inline' is ignored if either a hash or nonce value is present in the source list. The action has been blocked.",
    +   "Applying inline style violates the following Content Security Policy directive 'style-src 'self' 'nonce-7529dccc2142495b863c387814a1d3a1' 'unsafe-inline''. Note that 'unsafe-inline' is ignored if either a hash or nonce value is present in the source list. The action has been blocked.",
    +   "Applying inline style violates the following Content Security Policy directive 'style-src 'self' 'nonce-7529dccc2142495b863c387814a1d3a1' 'unsafe-inline''. Note that 'unsafe-inline' is ignored if either a hash or nonce value is present in the source list. The action has been blocked.",
    +   "Applying inline style violates the following Content Security Policy directive 'style-src 'self' 'nonce-7529dccc2142495b863c387814a1d3a1' 'unsafe-inline''. Note that 'unsafe-inline' is ignored if either a hash or nonce value is present in the source list. The action has been blocked.",
    +   "Applying inline style violates the following Content Security Policy directive 'style-src 'self' 'nonce-7529dccc2142495b863c387814a1d3a1' 'unsafe-inline''. Note that 'unsafe-inline' is ignored if either a hash or nonce value is present in the source list. The action has been blocked.",
    +   "Applying inline style violates the following Content Security Policy directive 'style-src 'self' 'nonce-7529dccc2142495b863c387814a1d3a1' 'unsafe-inline''. Note that 'unsafe-inline' is ignored if either a hash or nonce value is present in the source list. The action has been blocked.",
    +   "Applying inline style violates the following Content Security Policy directive 'style-src 'self' 'nonce-7529dccc2142495b863c387814a1d3a1' 'unsafe-inline''. Note that 'unsafe-inline' is ignored if either a hash or nonce value is present in the source list. The action has been blocked.",
    +   "Applying inline style violates the following Content Security Policy directive 'style-src 'self' 'nonce-7529dccc2142495b863c387814a1d3a1' 'unsafe-inline''. Note that 'unsafe-inline' is ignored if either a hash or nonce value is present in the source list. The action has been blocked.",
    +   "Applying inline style violates the following Content Security Policy directive 'style-src 'self' 'nonce-7529dccc2142495b863c387814a1d3a1' 'unsafe-inline''. Note that 'unsafe-inline' is ignored if either a hash or nonce value is present in the source list. The action has been blocked.",
    +   "Applying inline style violates the following Content Security Policy directive 'style-src 'self' 'nonce-7529dccc2142495b863c387814a1d3a1' 'unsafe-inline''. Note that 'unsafe-inline' is ignored if either a hash or nonce value is present in the source list. The action has been blocked.",
    +   "Applying inline style violates the following Content Security Policy directive 'style-src 'self' 'nonce-a3e30efb0a5d4358855146e855f1887f' 'unsafe-inline''. Note that 'unsafe-inline' is ignored if either a hash or nonce value is present in the source list. The action has been blocked.",
    +   "Applying inline style violates the following Content Security Policy directive 'style-src 'self' 'nonce-a3e30efb0a5d4358855146e855f1887f' 'unsafe-inline''. Note that 'unsafe-inline' is ignored if either a hash or nonce value is present in the source list. The action has been blocked.",
    +   "Applying inline style violates the following Content Security Policy directive 'style-src 'self' 'nonce-a3e30efb0a5d4358855146e855f1887f' 'unsafe-inline''. Note that 'unsafe-inline' is ignored if either a hash or nonce value is present in the source list. The action has been blocked.",
    +   "Applying inline style violates the following Content Security Policy directive 'style-src 'self' 'nonce-a3e30efb0a5d4358855146e855f1887f' 'unsafe-inline''. Note that 'unsafe-inline' is ignored if either a hash or nonce value is present in the source list. The action has been blocked.",
    +   "Applying inline style violates the following Content Security Policy directive 'style-src 'self' 'nonce-a3e30efb0a5d4358855146e855f1887f' 'unsafe-inline''. Note that 'unsafe-inline' is ignored if either a hash or nonce value is present in the source list. The action has been blocked.",
    +   "Applying inline style violates the following Content Security Policy directive 'style-src 'self' 'nonce-a3e30efb0a5d4358855146e855f1887f' 'unsafe-inline''. Note that 'unsafe-inline' is ignored if either a hash or nonce value is present in the source list. The action has been blocked.",
    +   "Applying inline style violates the following Content Security Policy directive 'style-src 'self' 'nonce-a3e30efb0a5d4358855146e855f1887f' 'unsafe-inline''. Note that 'unsafe-inline' is ignored if either a hash or nonce value is present in the source list. The action has been blocked.",
    +   "Applying inline style violates the following Content Security Policy directive 'style-src 'self' 'nonce-a3e30efb0a5d4358855146e855f1887f' 'unsafe-inline''. Note that 'unsafe-inline' is ignored if either a hash or nonce value is present in the source list. The action has been blocked.",
    +   "Applying inline style violates the following Content Security Policy directive 'style-src 'self' 'nonce-a3e30efb0a5d4358855146e855f1887f' 'unsafe-inline''. Note that 'unsafe-inline' is ignored if either a hash or nonce value is present in the source list. The action has been blocked.",
    +   "Applying inline style violates the following Content Security Policy directive 'style-src 'self' 'nonce-a3e30efb0a5d4358855146e855f1887f' 'unsafe-inline''. Note that 'unsafe-inline' is ignored if either a hash or nonce value is present in the source list. The action has been blocked.",
    +   "Applying inline style violates the following Content Security Policy directive 'style-src 'self' 'nonce-a3e30efb0a5d4358855146e855f1887f' 'unsafe-inline''. Note that 'unsafe-inline' is ignored if either a hash or nonce value is present in the source list. The action has been blocked.",
    +   "Applying inline style violates the following Content Security Policy directive 'style-src 'self' 'nonce-a3e30efb0a5d4358855146e855f1887f' 'unsafe-inline''. Note that 'unsafe-inline' is ignored if either a hash or nonce value is present in the source list. The action has been blocked.",
    +   "Applying inline style violates the following Content Security Policy directive 'style-src 'self' 'nonce-a3e30efb0a5d4358855146e855f1887f' 'unsafe-inline''. Note that 'unsafe-inline' is ignored if either a hash or nonce value is present in the source list. The action has been blocked.",
    +   "Applying inline style violates the following Content Security Policy directive 'style-src 'self' 'nonce-a3e30efb0a5d4358855146e855f1887f' 'unsafe-inline''. Note that 'unsafe-inline' is ignored if either a hash or nonce value is present in the source list. The action has been blocked.",
    +   "Applying inline style violates the following Content Security Policy directive 'style-src 'self' 'nonce-a3e30efb0a5d4358855146e855f1887f' 'unsafe-inline''. Note that 'unsafe-inline' is ignored if either a hash or nonce value is present in the source list. The action has been blocked.",
    +   "Applying inline style violates the following Content Security Policy directive 'style-src 'self' 'nonce-a3e30efb0a5d4358855146e855f1887f' 'unsafe-inline''. Note that 'unsafe-inline' is ignored if either a hash or nonce value is present in the source list. The action has been blocked.",
    +   "Applying inline style violates the following Content Security Policy directive 'style-src 'self' 'nonce-a3e30efb0a5d4358855146e855f1887f' 'unsafe-inline''. Note that 'unsafe-inline' is ignored if either a hash or nonce value is present in the source list. The action has been blocked.",
    +   "Applying inline style violates the following Content Security Policy directive 'style-src 'self' 'nonce-a3e30efb0a5d4358855146e855f1887f' 'unsafe-inline''. Note that 'unsafe-inline' is ignored if either a hash or nonce value is present in the source list. The action has been blocked.",
    +   "Applying inline style violates the following Content Security Policy directive 'style-src 'self' 'nonce-a3e30efb0a5d4358855146e855f1887f' 'unsafe-inline''. Note that 'unsafe-inline' is ignored if either a hash or nonce value is present in the source list. The action has been blocked.",
    +   "Applying inline style violates the following Content Security Policy directive 'style-src 'self' 'nonce-a3e30efb0a5d4358855146e855f1887f' 'unsafe-inline''. Note that 'unsafe-inline' is ignored if either a hash or nonce value is present in the source list. The action has been blocked.",
    +   "Applying inline style violates the following Content Security Policy directive 'style-src 'self' 'nonce-a3e30efb0a5d4358855146e855f1887f' 'unsafe-inline''. Note that 'unsafe-inline' is ignored if either a hash or nonce value is present in the source list. The action has been blocked.",
    +   "Applying inline style violates the following Content Security Policy directive 'style-src 'self' 'nonce-a3e30efb0a5d4358855146e855f1887f' 'unsafe-inline''. Note that 'unsafe-inline' is ignored if either a hash or nonce value is present in the source list. The action has been blocked.",
    +   "Applying inline style violates the following Content Security Policy directive 'style-src 'self' 'nonce-a3e30efb0a5d4358855146e855f1887f' 'unsafe-inline''. Note that 'unsafe-inline' is ignored if either a hash or nonce value is present in the source list. The action has been blocked.",
    +   "Applying inline style violates the following Content Security Policy directive 'style-src 'self' 'nonce-a3e30efb0a5d4358855146e855f1887f' 'unsafe-inline''. Note that 'unsafe-inline' is ignored if either a hash or nonce value is present in the source list. The action has been blocked.",
    +   "Applying inline style violates the following Content Security Policy directive 'style-src 'self' 'nonce-a3e30efb0a5d4358855146e855f1887f' 'unsafe-inline''. Note that 'unsafe-inline' is ignored if either a hash or nonce value is present in the source list. The action has been blocked.",
    +   "Applying inline style violates the following Content Security Policy directive 'style-src 'self' 'nonce-a3e30efb0a5d4358855146e855f1887f' 'unsafe-inline''. Note that 'unsafe-inline' is ignored if either a hash or nonce value is present in the source list. The action has been blocked.",
    +   "Applying inline style violates the following Content Security Policy directive 'style-src 'self' 'nonce-a3e30efb0a5d4358855146e855f1887f' 'unsafe-inline''. Note that 'unsafe-inline' is ignored if either a hash or nonce value is present in the source list. The action has been blocked.",
    +   "Applying inline style violates the following Content Security Policy directive 'style-src 'self' 'nonce-a3e30efb0a5d4358855146e855f1887f' 'unsafe-inline''. Note that 'unsafe-inline' is ignored if either a hash or nonce value is present in the source list. The action has been blocked.",
    +   "Applying inline style violates the following Content Security Policy directive 'style-src 'self' 'nonce-a3e30efb0a5d4358855146e855f1887f' 'unsafe-inline''. Note that 'unsafe-inline' is ignored if either a hash or nonce value is present in the source list. The action has been blocked.",
    +   "Applying inline style violates the following Content Security Policy directive 'style-src 'self' 'nonce-a3e30efb0a5d4358855146e855f1887f' 'unsafe-inline''. Note that 'unsafe-inline' is ignored if either a hash or nonce value is present in the source list. The action has been blocked.",
    +   "Applying inline style violates the following Content Security Policy directive 'style-src 'self' 'nonce-a3e30efb0a5d4358855146e855f1887f' 'unsafe-inline''. Note that 'unsafe-inline' is ignored if either a hash or nonce value is present in the source list. The action has been blocked.",
    +   "Applying inline style violates the following Content Security Policy directive 'style-src 'self' 'nonce-a3e30efb0a5d4358855146e855f1887f' 'unsafe-inline''. Note that 'unsafe-inline' is ignored if either a hash or nonce value is present in the source list. The action has been blocked.",
    +   "Applying inline style violates the following Content Security Policy directive 'style-src 'self' 'nonce-a3e30efb0a5d4358855146e855f1887f' 'unsafe-inline''. Note that 'unsafe-inline' is ignored if either a hash or nonce value is present in the source list. The action has been blocked.",
    + ]

      110 |         const anonymous = await browser.newContext({ baseURL: process.env.PLAYWRIGHT_BASE_URL })
      111 |         try { const signedOut = await anonymous.newPage(); await signedOut.goto('/portfolio?q=PORTFOLIO_'); await expect(signedOut).toHaveURL(/sign-in/) } finally { await anonymous.close() }
    > 112 |         expect(errors).toEqual([])
          |                        ^
      113 |       } finally {
      114 |         await context.close()
      115 |         await db.query('delete from portfolio_views where workspace_id=$1 and name like $2', [workspaceId, 'PORTFOLIO_%'])
        at /Users/yoannandrieux/Projets/yodev-ads/web/e2e/portfolio-local.spec.ts:112:24

    Error Context: test-results/portfolio-local-agency-por-e0b4d-ews-and-team-workload-in-fr-chromium/error-context.md

    Error Context: test-results/portfolio-local-agency-por-e0b4d-ews-and-team-workload-in-fr-chromium/error-context.md

  1 failed
    [chromium] › e2e/portfolio-local.spec.ts:13:53 › agency portfolio › reviews 50 accounts, personal views and team workload in fr 
  1 did not run
[?25h
{"ok":true,"cleaned":"local-browser-fixtures"}
