
> @yodev/ads@0.1.0 test:e2e:local
> node scripts/verify-local-browser.mjs

{"ok":true,"fixtureRoles":["owner","admin","strategist","analyst","client"],"foreignExportId":"80000000-0000-4000-8000-000000000003"}

> @yodev/ads@0.1.0 dev
> next dev --hostname 127.0.0.1 --port 3017

▲ Next.js 16.3.0 (Turbopack)
- Local:         http://127.0.0.1:3017
- Network:       http://127.0.0.1:3017
- Environments: .env.local
✓ Ready in 296ms
✓ Running next.config.ts took 434ms
- Experiments (use with caution):
  · clientTraceMetadata

 GET /sign-in 200 in 983ms (next.js: 530ms, proxy.ts: 156ms, application-code: 296ms)
 POST /api/auth/sign-in/email 200 in 944ms (next.js: 776ms, proxy.ts: 10ms, application-code: 158ms)
 POST /api/auth/sign-in/email 200 in 84ms (next.js: 3ms, proxy.ts: 3ms, application-code: 78ms)
 POST /api/auth/sign-in/email 200 in 85ms (next.js: 9ms, proxy.ts: 2ms, application-code: 74ms)
 POST /api/auth/sign-in/email 200 in 82ms (next.js: 1.8ms, proxy.ts: 2ms, application-code: 78ms)
 POST /api/auth/sign-in/email 200 in 84ms (next.js: 2ms, proxy.ts: 2ms, application-code: 79ms)
 GET /dashboard 200 in 505ms (next.js: 195ms, proxy.ts: 2ms, application-code: 308ms)
 GET /settings 200 in 228ms (next.js: 30ms, proxy.ts: 3ms, application-code: 195ms)
 GET /billing 200 in 174ms (next.js: 26ms, proxy.ts: 2ms, application-code: 146ms)
 GET /support 200 in 174ms (next.js: 38ms, proxy.ts: 3ms, application-code: 133ms)
 GET /accounts 200 in 112ms (next.js: 12ms, proxy.ts: 1.8ms, application-code: 98ms)
 GET /history 200 in 119ms (next.js: 13ms, proxy.ts: 1.7ms, application-code: 105ms)
 GET /alerts 200 in 158ms (next.js: 43ms, proxy.ts: 1.7ms, application-code: 113ms)
 GET /tasks 200 in 171ms (next.js: 43ms, proxy.ts: 1.7ms, application-code: 127ms)
 GET /approvals 200 in 149ms (next.js: 45ms, proxy.ts: 1.7ms, application-code: 103ms)
 GET /reports 200 in 206ms (next.js: 43ms, proxy.ts: 1.8ms, application-code: 162ms)
 GET /audit 200 in 123ms (next.js: 20ms, proxy.ts: 2ms, application-code: 100ms)
 GET /agents 200 in 201ms (next.js: 45ms, proxy.ts: 1.7ms, application-code: 155ms)
 GET / 200 in 94ms (next.js: 16ms, proxy.ts: 1.6ms, application-code: 77ms)
 GET /privacy 200 in 54ms (next.js: 11ms, proxy.ts: 1.8ms, application-code: 41ms)
 GET /terms 200 in 49ms (next.js: 13ms, proxy.ts: 1.7ms, application-code: 35ms)
 GET /subprocessors 200 in 115ms (next.js: 40ms, proxy.ts: 1.8ms, application-code: 74ms)
 GET /status 200 in 172ms (next.js: 66ms, proxy.ts: 20ms, application-code: 86ms)
 GET /sign-in 200 in 60ms (next.js: 10ms, proxy.ts: 4ms, application-code: 46ms)
 GET /sign-in 200 in 76ms (next.js: 6ms, proxy.ts: 4ms, application-code: 65ms)
 GET /icon?a62dacc6b033a714 200 in 149ms (next.js: 54ms, proxy.ts: 5ms, application-code: 90ms)
 GET /sign-up 200 in 717ms (next.js: 667ms, proxy.ts: 3ms, application-code: 47ms)
Local browser states ready in /var/folders/9h/sbxl7zl90j9_wc743xft5j8h0000gn/T/yodev-ads-browser-Zq8WJq

Running 45 tests using 1 worker

(node:84566) Warning: The 'NO_COLOR' env is ignored due to the 'FORCE_COLOR' env being set.
(Use `node --trace-warnings ...` to show where the warning was created)
 GET /insights?client=80000000-0000-4000-8000-000000000091 200 in 396ms (next.js: 34ms, proxy.ts: 2ms, application-code: 360ms)
 GET /api/auth/get-session 200 in 21ms (next.js: 5ms, proxy.ts: 2ms, application-code: 13ms)
 GET /api/auth/organization/list 200 in 23ms (next.js: 9ms, proxy.ts: 3ms, application-code: 11ms)
 POST /insights?client=80000000-0000-4000-8000-000000000091 200 in 160ms (next.js: 1.8ms, proxy.ts: 4ms, application-code: 155ms)
  └─ ƒ setCookieConsent({}) in 2ms src/app/preferences-actions.ts
 GET /insights/devices?client=80000000-0000-4000-8000-000000000091 200 in 616ms (next.js: 525ms, proxy.ts: 3ms, application-code: 88ms)
 GET /insights/devices?client=80000000-0000-4000-8000-000000000091&cursor=eyJ2IjoxLCJpdiI6IkNEUUN0UFFISmdnRk5SRS0iLCJ0YWciOiIyOHZuUGNhTnB0a3RmOXFya0VvVDFnIiwiZGF0YSI6IjJoTmNPZjNXZEZuNlRoQWFXMmtscnE0LXZ3RWVmZ2U4b2FaUkFPWjlDOXRkbU1hdk1kMUtJUExlRzRNU0JCTlVQbDRKSzlNdFA0VldRUXlaa1otOXBQVnc1dDQyWkxpemJyM0MtdEVxenE5dDVBTFA1STQ2OUNfZmdPeXdqNWEwZE5MY3lkVENUdlkwNXlvb0Vub08tZDMwcWdGODBlb2xXUUJvVU9fNTc4RWVnZTlqWmhPLUdYbi1LbnIzeHRleF9oSklrRVNHeDNHb1UzU3FQOUJsQkdibVR4c282UWNOekdWbEY2cUlsel9lVVVwaGExN3lObmQ2Mjh3ZGlNWGVQYjJFTTB6VjBNdE8ifQ 200 in 114ms (next.js: 6ms, proxy.ts: 4ms, application-code: 105ms)
 GET /insights/devices?client=80000000-0000-4000-8000-000000000091&q=%25_ 200 in 152ms (next.js: 2ms, proxy.ts: 2ms, application-code: 147ms)
 GET /api/auth/get-session 200 in 23ms (next.js: 5ms, proxy.ts: 3ms, application-code: 15ms)
 GET /api/auth/organization/list 200 in 24ms (next.js: 9ms, proxy.ts: 3ms, application-code: 13ms)
 GET /insights/devices/export?client=80000000-0000-4000-8000-000000000091&version=d8ec099e-c441-4766-9d65-930d0b47fddb 200 in 1962ms (next.js: 1767ms, proxy.ts: 2ms, application-code: 192ms)
 GET /insights/devices?client=80000000-0000-4000-8000-000000000091&cursor=eyJ2IjoxLCJpdiI6IkNEUUN0UFFISmdnRk5SRS0iLCJ0YWciOiIyOHZuUGNhTnB0a3RmOXFya0VvVDFnIiwiZGF0YSI6IjJoTmNPZjNXZEZuNlRoQWFXMmtscnE0LXZ3RWVmZ2U4b2FaUkFPWjlDOXRkbU1hdk1kMUtJUExlRzRNU0JCTlVQbDRKSzlNdFA0VldRUXlaa1otOXBQVnc1dDQyWkxpemJyM0MtdEVxenE5dDVBTFA1STQ2OUNfZmdPeXdqNWEwZE5MY3lkVENUdlkwNXlvb0Vub08tZDMwcWdGODBlb2xXUUJvVU9fNTc4RWVnZTlqWmhPLUdYbi1LbnIzeHRleF9oSklrRVNHeDNHb1UzU3FQOUJsQkdibVR4c282UWNOekdWbEY2cUlsel9lVVVwaGExN3lObmQ2Mjh3ZGlNWGVQYjJFTTB6VjBNdE8ifQ 200 in 224ms (next.js: 6ms, proxy.ts: 3ms, application-code: 215ms)
 GET /api/auth/get-session 200 in 40ms (next.js: 10ms, proxy.ts: 7ms, application-code: 23ms)
 GET /api/auth/organization/list 200 in 41ms (next.js: 24ms, proxy.ts: 7ms, application-code: 11ms)
 GET /insights/devices/export?client=80000000-0000-4000-8000-000000000091&version=d8ec099e-c441-4766-9d65-930d0b47fddb 409 in 17ms (next.js: 4ms, proxy.ts: 2ms, application-code: 11ms)
 GET /insights/devices?client=80000000-0000-4000-8000-000000000091&cursor=forged 200 in 152ms (next.js: 4ms, proxy.ts: 2ms, application-code: 146ms)
 GET /api/auth/get-session 200 in 118ms (next.js: 33ms, proxy.ts: 8ms, application-code: 78ms)
 GET /api/auth/organization/list 200 in 134ms (next.js: 44ms, proxy.ts: 8ms, application-code: 82ms)
 GET /insights/devices?client=80000000-0000-4000-8000-000000000099 404 in 160ms (next.js: 11ms, proxy.ts: 7ms, application-code: 141ms)
 GET /insights/devices/export?client=80000000-0000-4000-8000-000000000099&version=d8ec099e-c441-4766-9d65-930d0b47fddb 404 in 40ms (next.js: 3ms, proxy.ts: 6ms, application-code: 31ms)
 GET /insights/devices/export?client=80000000-0000-4000-8000-000000000091&version=d8ec099e-c441-4766-9d65-930d0b47fddb 403 in 20ms (next.js: 9ms, proxy.ts: 6ms, application-code: 4ms)
 GET /api/auth/get-session 200 in 34ms (next.js: 19ms, proxy.ts: 4ms, application-code: 11ms)
 GET /api/auth/organization/list 200 in 33ms (next.js: 21ms, proxy.ts: 5ms, application-code: 7ms)
  ✓   1 [chromium] › e2e/analytical-pages-local.spec.ts:15:53 › complete analytical collections › browses, searches and exports all stored rows in fr (6.1s)
 GET /insights?client=80000000-0000-4000-8000-000000000091 200 in 366ms (next.js: 3ms, proxy.ts: 3ms, application-code: 360ms)
 GET /api/auth/get-session 200 in 19ms (next.js: 5ms, proxy.ts: 3ms, application-code: 12ms)
 GET /api/auth/organization/list 200 in 21ms (next.js: 9ms, proxy.ts: 3ms, application-code: 9ms)
 POST /insights?client=80000000-0000-4000-8000-000000000091 200 in 222ms (next.js: 2ms, proxy.ts: 4ms, application-code: 216ms)
  └─ ƒ setCookieConsent({}) in 1ms src/app/preferences-actions.ts
 GET /insights/devices?client=80000000-0000-4000-8000-000000000091 200 in 163ms (next.js: 27ms, proxy.ts: 39ms, application-code: 98ms)
 GET /insights/devices?client=80000000-0000-4000-8000-000000000091&cursor=eyJ2IjoxLCJpdiI6IlNOc0h3XzE4RThMQlFpZUwiLCJ0YWciOiJ5LUZpaTd0bk5KMXdPZlF5MU9OaFlnIiwiZGF0YSI6IjZ3QjN5UmFsc21mbEhTM3FWelN0YU5wNFdrUmF3RWlCZWs3YktwMC12ODRzRXBPeEZwVjFMbExyZXNPd2tubEpmdE5odHUwYzgzNUMyYmUtNWt3d0VuRmZDOEFjNG1IT2t4YzJOZmtlNWp2THRBT25uOVpHMC1tSkNUeVlLTEs0MjFOSWRtSDktbDhjWGNveVhjTEF5RWpsOFVwYjBLRWpsSmNqV0VtdTNJZUI5aDAxdE43UzlObGl3a2ppX2MtRGg4dFZpUFVqcGRicl9NTTdObWNTbzN4dkVhaDh2S1hWTVc4dXVlTnI1V05ZOHFIZzNOaE1Ya0xoa29sRXBtRmV3RTZQckwtd0UwbEcifQ 200 in 140ms (next.js: 5ms, proxy.ts: 5ms, application-code: 130ms)
 GET /insights/devices?client=80000000-0000-4000-8000-000000000091&q=%25_ 200 in 144ms (next.js: 9ms, proxy.ts: 5ms, application-code: 130ms)
 GET /api/auth/get-session 200 in 34ms (next.js: 15ms, proxy.ts: 3ms, application-code: 17ms)
 GET /api/auth/organization/list 200 in 36ms (next.js: 20ms, proxy.ts: 3ms, application-code: 13ms)
 GET /insights/devices/export?client=80000000-0000-4000-8000-000000000091&version=3b5d8382-c0f7-4098-b8ee-8a29db83150f 200 in 21ms (next.js: 4ms, proxy.ts: 2ms, application-code: 14ms)
 GET /insights/devices?client=80000000-0000-4000-8000-000000000091&cursor=eyJ2IjoxLCJpdiI6IlNOc0h3XzE4RThMQlFpZUwiLCJ0YWciOiJ5LUZpaTd0bk5KMXdPZlF5MU9OaFlnIiwiZGF0YSI6IjZ3QjN5UmFsc21mbEhTM3FWelN0YU5wNFdrUmF3RWlCZWs3YktwMC12ODRzRXBPeEZwVjFMbExyZXNPd2tubEpmdE5odHUwYzgzNUMyYmUtNWt3d0VuRmZDOEFjNG1IT2t4YzJOZmtlNWp2THRBT25uOVpHMC1tSkNUeVlLTEs0MjFOSWRtSDktbDhjWGNveVhjTEF5RWpsOFVwYjBLRWpsSmNqV0VtdTNJZUI5aDAxdE43UzlObGl3a2ppX2MtRGg4dFZpUFVqcGRicl9NTTdObWNTbzN4dkVhaDh2S1hWTVc4dXVlTnI1V05ZOHFIZzNOaE1Ya0xoa29sRXBtRmV3RTZQckwtd0UwbEcifQ 200 in 128ms (next.js: 3ms, proxy.ts: 3ms, application-code: 122ms)
 GET /api/auth/get-session 200 in 47ms (next.js: 26ms, proxy.ts: 6ms, application-code: 15ms)
 GET /insights/devices/export?client=80000000-0000-4000-8000-000000000091&version=3b5d8382-c0f7-4098-b8ee-8a29db83150f 409 in 59ms (next.js: 10ms, proxy.ts: 3ms, application-code: 46ms)
 GET /api/auth/organization/list 200 in 55ms (next.js: 8ms, proxy.ts: 27ms, application-code: 20ms)
 GET /insights/devices?client=80000000-0000-4000-8000-000000000091&cursor=forged 200 in 296ms (next.js: 5ms, proxy.ts: 2ms, application-code: 288ms)
 GET /api/auth/get-session 200 in 130ms (next.js: 27ms, proxy.ts: 49ms, application-code: 54ms)
 GET /api/auth/organization/list 200 in 143ms (next.js: 29ms, proxy.ts: 49ms, application-code: 65ms)
 GET /insights/devices?client=80000000-0000-4000-8000-000000000099 404 in 160ms (next.js: 9ms, proxy.ts: 5ms, application-code: 146ms)
 GET /insights/devices/export?client=80000000-0000-4000-8000-000000000099&version=3b5d8382-c0f7-4098-b8ee-8a29db83150f 404 in 33ms (next.js: 4ms, proxy.ts: 5ms, application-code: 24ms)
 GET /insights/devices/export?client=80000000-0000-4000-8000-000000000091&version=3b5d8382-c0f7-4098-b8ee-8a29db83150f 403 in 11ms (next.js: 3ms, proxy.ts: 3ms, application-code: 5ms)
  ✓   2 [chromium] › e2e/analytical-pages-local.spec.ts:15:53 › complete analytical collections › browses, searches and exports all stored rows in en (2.9s)
 GET /dashboard 200 in 131ms (next.js: 8ms, proxy.ts: 2ms, application-code: 121ms)
 GET /api/auth/get-session 200 in 150ms (next.js: 18ms, proxy.ts: 59ms, application-code: 72ms)
 GET /api/auth/organization/list 200 in 155ms (next.js: 21ms, proxy.ts: 60ms, application-code: 75ms)
 GET /settings 200 in 247ms (next.js: 17ms, proxy.ts: 4ms, application-code: 227ms)
 GET /api/auth/get-session 200 in 95ms (next.js: 11ms, proxy.ts: 25ms, application-code: 59ms)
 GET /api/auth/organization/list 200 in 95ms (next.js: 9ms, proxy.ts: 23ms, application-code: 62ms)
 GET /billing 200 in 201ms (next.js: 13ms, proxy.ts: 2ms, application-code: 186ms)
 GET /api/auth/get-session 200 in 138ms (next.js: 17ms, proxy.ts: 54ms, application-code: 67ms)
 GET /api/auth/organization/list 200 in 120ms (next.js: 19ms, proxy.ts: 33ms, application-code: 68ms)
 GET /support 200 in 194ms (next.js: 15ms, proxy.ts: 3ms, application-code: 176ms)
  ✓   3 [chromium] › e2e/authenticated-rbac.spec.ts:55:9 › authenticated five-role route matrix › owner has only its server-authorized product surface (1.5s)
 GET /dashboard 200 in 131ms (next.js: 1.8ms, proxy.ts: 3ms, application-code: 126ms)
 GET /api/auth/get-session 200 in 112ms (next.js: 33ms, proxy.ts: 30ms, application-code: 49ms)
 GET /api/auth/organization/list 200 in 188ms (next.js: 51ms, proxy.ts: 32ms, application-code: 105ms)
 GET /settings 200 in 230ms (next.js: 2ms, proxy.ts: 3ms, application-code: 225ms)
 GET /api/auth/get-session 200 in 100ms (next.js: 27ms, proxy.ts: 30ms, application-code: 43ms)
 GET /api/auth/organization/list 200 in 123ms (next.js: 47ms, proxy.ts: 31ms, application-code: 44ms)
 GET /support 200 in 167ms (next.js: 4ms, proxy.ts: 2ms, application-code: 161ms)
⨯ Error [PermissionDeniedError]: Permission required: billing:manage
    at requirePermission (src/lib/permissions.ts:79:19)
    at requireWorkspacePermission (src/lib/workspace.ts:164:73)
    at async BillingPage (src/app/(app)/billing/page.tsx:23:40)
  77 | export function requirePermission(role: WorkspaceRole, permission: Permission) {
  78 |   if (!rolePermissions[role].has(permission)) {
> 79 |     const error = new Error(`Permission required: ${permission}`)
     |                   ^
  80 |     error.name = 'PermissionDeniedError'
  81 |     throw error
  82 |   } {
  digest: '4049535577'
}
 GET /api/auth/get-session 200 in 93ms (next.js: 37ms, proxy.ts: 33ms, application-code: 24ms)
 GET /api/auth/organization/list 200 in 86ms (next.js: 44ms, proxy.ts: 27ms, application-code: 15ms)
 GET /billing 307 in 118ms (next.js: 2ms, proxy.ts: 2ms, application-code: 113ms)
 GET /support?error=Acc%C3%A8s%20non%20autoris%C3%A9 200 in 137ms (next.js: 10ms, proxy.ts: 4ms, application-code: 123ms)
  ✓   4 [chromium] › e2e/authenticated-rbac.spec.ts:55:9 › authenticated five-role route matrix › admin has only its server-authorized product surface (1.5s)
 GET /dashboard 200 in 97ms (next.js: 1.9ms, proxy.ts: 1.8ms, application-code: 93ms)
 GET /api/auth/get-session 200 in 103ms (next.js: 20ms, proxy.ts: 37ms, application-code: 46ms)
 GET /api/auth/organization/list 200 in 110ms (next.js: 22ms, proxy.ts: 37ms, application-code: 51ms)
 GET /tasks 200 in 162ms (next.js: 15ms, proxy.ts: 3ms, application-code: 144ms)
 GET /api/auth/get-session 200 in 84ms (next.js: 14ms, proxy.ts: 28ms, application-code: 42ms)
 GET /api/auth/organization/list 200 in 81ms (next.js: 21ms, proxy.ts: 27ms, application-code: 33ms)
 GET /support 200 in 138ms (next.js: 1.8ms, proxy.ts: 1.9ms, application-code: 134ms)
⨯ Error [PermissionDeniedError]: Permission required: workspace:admin
    at requirePermission (src/lib/permissions.ts:79:19)
    at requireWorkspacePermission (src/lib/workspace.ts:164:73)
    at async SettingsPage (src/app/(app)/settings/page.tsx:51:57)
  77 | export function requirePermission(role: WorkspaceRole, permission: Permission) {
  78 |   if (!rolePermissions[role].has(permission)) {
> 79 |     const error = new Error(`Permission required: ${permission}`)
     |                   ^
  80 |     error.name = 'PermissionDeniedError'
  81 |     throw error
  82 |   } {
  digest: '2702539296'
}
 GET /api/auth/get-session 200 in 65ms (next.js: 39ms, proxy.ts: 12ms, application-code: 14ms)
 GET /api/auth/organization/list 200 in 67ms (next.js: 42ms, proxy.ts: 12ms, application-code: 14ms)
 GET /settings 307 in 106ms (next.js: 1.8ms, proxy.ts: 2ms, application-code: 102ms)
 GET /support?error=Acc%C3%A8s%20non%20autoris%C3%A9 200 in 113ms (next.js: 1.9ms, proxy.ts: 4ms, application-code: 108ms)
⨯ Error [PermissionDeniedError]: Permission required: billing:manage
    at requirePermission (src/lib/permissions.ts:79:19)
    at requireWorkspacePermission (src/lib/workspace.ts:164:73)
    at async BillingPage (src/app/(app)/billing/page.tsx:23:40)
  77 | export function requirePermission(role: WorkspaceRole, permission: Permission) {
  78 |   if (!rolePermissions[role].has(permission)) {
> 79 |     const error = new Error(`Permission required: ${permission}`)
     |                   ^
  80 |     error.name = 'PermissionDeniedError'
  81 |     throw error
  82 |   } {
  digest: '4049535577'
}
 GET /api/auth/get-session 200 in 83ms (next.js: 21ms, proxy.ts: 36ms, application-code: 27ms)
 GET /api/auth/organization/list 200 in 75ms (next.js: 25ms, proxy.ts: 24ms, application-code: 25ms)
 GET /billing 307 in 114ms (next.js: 2ms, proxy.ts: 2ms, application-code: 110ms)
 GET /support?error=Acc%C3%A8s%20non%20autoris%C3%A9 200 in 129ms (next.js: 3ms, proxy.ts: 6ms, application-code: 121ms)
  ✓   5 [chromium] › e2e/authenticated-rbac.spec.ts:55:9 › authenticated five-role route matrix › strategist has only its server-authorized product surface (1.6s)
 GET /dashboard 200 in 96ms (next.js: 1.6ms, proxy.ts: 1.8ms, application-code: 92ms)
 GET /api/auth/get-session 200 in 94ms (next.js: 31ms, proxy.ts: 24ms, application-code: 40ms)
 GET /api/auth/organization/list 200 in 121ms (next.js: 48ms, proxy.ts: 23ms, application-code: 49ms)
 GET /reports 200 in 158ms (next.js: 5ms, proxy.ts: 3ms, application-code: 150ms)
 GET /api/auth/get-session 200 in 98ms (next.js: 44ms, proxy.ts: 12ms, application-code: 42ms)
 GET /api/auth/organization/list 200 in 102ms (next.js: 47ms, proxy.ts: 12ms, application-code: 43ms)
 GET /support 200 in 151ms (next.js: 2ms, proxy.ts: 2ms, application-code: 146ms)
⨯ Error [PermissionDeniedError]: Permission required: workspace:admin
    at requirePermission (src/lib/permissions.ts:79:19)
    at requireWorkspacePermission (src/lib/workspace.ts:164:73)
    at async SettingsPage (src/app/(app)/settings/page.tsx:51:57)
  77 | export function requirePermission(role: WorkspaceRole, permission: Permission) {
  78 |   if (!rolePermissions[role].has(permission)) {
> 79 |     const error = new Error(`Permission required: ${permission}`)
     |                   ^
  80 |     error.name = 'PermissionDeniedError'
  81 |     throw error
  82 |   } {
  digest: '2702539296'
}
 GET /api/auth/get-session 200 in 68ms (next.js: 18ms, proxy.ts: 26ms, application-code: 24ms)
 GET /api/auth/organization/list 200 in 76ms (next.js: 22ms, proxy.ts: 24ms, application-code: 30ms)
 GET /settings 307 in 104ms (next.js: 3ms, proxy.ts: 3ms, application-code: 99ms)
 GET /support?error=Acc%C3%A8s%20non%20autoris%C3%A9 200 in 116ms (next.js: 1.9ms, proxy.ts: 6ms, application-code: 108ms)
⨯ Error [PermissionDeniedError]: Permission required: billing:manage
    at requirePermission (src/lib/permissions.ts:79:19)
    at requireWorkspacePermission (src/lib/workspace.ts:164:73)
    at async BillingPage (src/app/(app)/billing/page.tsx:23:40)
  77 | export function requirePermission(role: WorkspaceRole, permission: Permission) {
  78 |   if (!rolePermissions[role].has(permission)) {
> 79 |     const error = new Error(`Permission required: ${permission}`)
     |                   ^
  80 |     error.name = 'PermissionDeniedError'
  81 |     throw error
  82 |   } {
  digest: '4049535577'
}
 GET /api/auth/get-session 200 in 75ms (next.js: 28ms, proxy.ts: 25ms, application-code: 22ms)
 GET /api/auth/organization/list 200 in 75ms (next.js: 36ms, proxy.ts: 25ms, application-code: 14ms)
 GET /billing 307 in 98ms (next.js: 2ms, proxy.ts: 2ms, application-code: 94ms)
 GET /support?error=Acc%C3%A8s%20non%20autoris%C3%A9 200 in 120ms (next.js: 3ms, proxy.ts: 4ms, application-code: 113ms)
  ✓   6 [chromium] › e2e/authenticated-rbac.spec.ts:55:9 › authenticated five-role route matrix › analyst has only its server-authorized product surface (1.6s)
 GET /support 200 in 98ms (next.js: 1.9ms, proxy.ts: 2ms, application-code: 94ms)
⨯ Error [PermissionDeniedError]: Permission required: portfolio:read
    at requirePermission (src/lib/permissions.ts:79:19)
    at requireWorkspacePermission (src/lib/workspace.ts:164:73)
    at async DashboardPage (src/app/(app)/dashboard/page.tsx:27:54)
  77 | export function requirePermission(role: WorkspaceRole, permission: Permission) {
  78 |   if (!rolePermissions[role].has(permission)) {
> 79 |     const error = new Error(`Permission required: ${permission}`)
     |                   ^
  80 |     error.name = 'PermissionDeniedError'
  81 |     throw error
  82 |   } {
  digest: '1519319822'
}
 GET /api/auth/organization/list 200 in 92ms (next.js: 45ms, proxy.ts: 5ms, application-code: 42ms)
 GET /api/auth/get-session 200 in 94ms (next.js: 49ms, proxy.ts: 4ms, application-code: 40ms)
 GET /dashboard 307 in 102ms (next.js: 5ms, proxy.ts: 4ms, application-code: 92ms)
 GET /support?error=Acc%C3%A8s%20non%20autoris%C3%A9 200 in 92ms (next.js: 2ms, proxy.ts: 1.8ms, application-code: 88ms)
⨯ Error [PermissionDeniedError]: Permission required: workspace:admin
    at requirePermission (src/lib/permissions.ts:79:19)
    at requireWorkspacePermission (src/lib/workspace.ts:164:73)
    at async SettingsPage (src/app/(app)/settings/page.tsx:51:57)
  77 | export function requirePermission(role: WorkspaceRole, permission: Permission) {
  78 |   if (!rolePermissions[role].has(permission)) {
> 79 |     const error = new Error(`Permission required: ${permission}`)
     |                   ^
  80 |     error.name = 'PermissionDeniedError'
  81 |     throw error
  82 |   } {
  digest: '2702539296'
}
 GET /api/auth/get-session 200 in 72ms (next.js: 38ms, proxy.ts: 4ms, application-code: 30ms)
 GET /api/auth/organization/list 200 in 87ms (next.js: 43ms, proxy.ts: 4ms, application-code: 40ms)
 GET /settings 307 in 95ms (next.js: 4ms, proxy.ts: 4ms, application-code: 87ms)
 GET /support?error=Acc%C3%A8s%20non%20autoris%C3%A9 200 in 90ms (next.js: 2ms, proxy.ts: 1.9ms, application-code: 86ms)
 GET /api/auth/get-session 200 in 67ms (next.js: 37ms, proxy.ts: 4ms, application-code: 26ms)
⨯ Error [PermissionDeniedError]: Permission required: billing:manage
    at requirePermission (src/lib/permissions.ts:79:19)
    at requireWorkspacePermission (src/lib/workspace.ts:164:73)
    at async BillingPage (src/app/(app)/billing/page.tsx:23:40)
  77 | export function requirePermission(role: WorkspaceRole, permission: Permission) {
  78 |   if (!rolePermissions[role].has(permission)) {
> 79 |     const error = new Error(`Permission required: ${permission}`)
     |                   ^
  80 |     error.name = 'PermissionDeniedError'
  81 |     throw error
  82 |   } {
  digest: '4049535577'
}
 GET /api/auth/organization/list 200 in 95ms (next.js: 46ms, proxy.ts: 4ms, application-code: 45ms)
 GET /billing 307 in 96ms (next.js: 4ms, proxy.ts: 4ms, application-code: 89ms)
 GET /support?error=Acc%C3%A8s%20non%20autoris%C3%A9 200 in 111ms (next.js: 2ms, proxy.ts: 4ms, application-code: 105ms)
  ✓   7 [chromium] › e2e/authenticated-rbac.spec.ts:55:9 › authenticated five-role route matrix › client has only its server-authorized product surface (1.3s)
 GET /api/exports/80000000-0000-4000-8000-000000000003 404 in 791ms (next.js: 765ms, proxy.ts: 2.0ms, application-code: 23ms)
  ✓   8 [chromium] › e2e/authenticated-rbac.spec.ts:75:9 › authenticated five-role route matrix › owner cannot cross the direct export API boundary (1.1s)
 GET /api/exports/80000000-0000-4000-8000-000000000003 403 in 12ms (next.js: 3ms, proxy.ts: 1.9ms, application-code: 7ms)
  ✓   9 [chromium] › e2e/authenticated-rbac.spec.ts:75:9 › authenticated five-role route matrix › admin cannot cross the direct export API boundary (60ms)
 GET /api/exports/80000000-0000-4000-8000-000000000003 403 in 11ms (next.js: 2ms, proxy.ts: 2.0ms, application-code: 7ms)
  ✓  10 [chromium] › e2e/authenticated-rbac.spec.ts:75:9 › authenticated five-role route matrix › strategist cannot cross the direct export API boundary (49ms)
 GET /api/exports/80000000-0000-4000-8000-000000000003 403 in 11ms (next.js: 2ms, proxy.ts: 2ms, application-code: 7ms)
  ✓  11 [chromium] › e2e/authenticated-rbac.spec.ts:75:9 › authenticated five-role route matrix › analyst cannot cross the direct export API boundary (50ms)
 GET /api/exports/80000000-0000-4000-8000-000000000003 403 in 11ms (next.js: 2ms, proxy.ts: 1.8ms, application-code: 7ms)
  ✓  12 [chromium] › e2e/authenticated-rbac.spec.ts:75:9 › authenticated five-role route matrix › client cannot cross the direct export API boundary (48ms)
 GET /settings 200 in 170ms (next.js: 1.6ms, proxy.ts: 2.0ms, application-code: 167ms)
 GET /api/auth/get-session 200 in 31ms (next.js: 5ms, proxy.ts: 10ms, application-code: 16ms)
 GET /api/auth/organization/list 200 in 37ms (next.js: 10ms, proxy.ts: 10ms, application-code: 17ms)
 POST /settings 200 in 117ms (next.js: 4ms, proxy.ts: 7ms, application-code: 106ms)
  └─ ƒ updateWorkspaceLocale({}) in 21ms src/app/actions.ts
 GET /settings?notice=Workspace+language+updated. 200 in 160ms (next.js: 5ms, proxy.ts: 11ms, application-code: 144ms)
 GET /settings?notice=Workspace+language+updated. 200 in 67ms (next.js: 2ms, proxy.ts: 1.9ms, application-code: 63ms)
 POST /settings 200 in 119ms (next.js: 15ms, proxy.ts: 5ms, application-code: 98ms)
  └─ ƒ updateWorkspaceLocale({}) in 26ms src/app/actions.ts
 GET /settings?notice=Workspace+language+updated. 200 in 73ms (next.js: 1.5ms, proxy.ts: 1.6ms, application-code: 70ms)
 POST /settings 200 in 88ms (next.js: 1.6ms, proxy.ts: 1.8ms, application-code: 85ms)
  └─ ƒ updateWorkspaceLocale({}) in 8ms src/app/actions.ts
⨯ Error [PermissionDeniedError]: Permission required: workspace:admin
    at requirePermission (src/lib/permissions.ts:79:19)
    at requireWorkspacePermission (src/lib/workspace.ts:164:73)
    at async SettingsPage (src/app/(app)/settings/page.tsx:51:57)
  77 | export function requirePermission(role: WorkspaceRole, permission: Permission) {
  78 |   if (!rolePermissions[role].has(permission)) {
> 79 |     const error = new Error(`Permission required: ${permission}`)
     |                   ^
  80 |     error.name = 'PermissionDeniedError'
  81 |     throw error
  82 |   } {
  digest: '2702539296'
}
 GET /settings?error=Permission+required%3A+workspace%3Aadmin 200 in 39ms (next.js: 1.4ms, proxy.ts: 1.7ms, application-code: 35ms)
 POST /settings 200 in 52ms (next.js: 1.5ms, proxy.ts: 1.9ms, application-code: 49ms)
  └─ ƒ updateWorkspaceLocale({}) in 4ms src/app/actions.ts
⨯ Error [PermissionDeniedError]: Permission required: workspace:admin
    at requirePermission (src/lib/permissions.ts:79:19)
    at requireWorkspacePermission (src/lib/workspace.ts:164:73)
    at async SettingsPage (src/app/(app)/settings/page.tsx:51:57)
  77 | export function requirePermission(role: WorkspaceRole, permission: Permission) {
  78 |   if (!rolePermissions[role].has(permission)) {
> 79 |     const error = new Error(`Permission required: ${permission}`)
     |                   ^
  80 |     error.name = 'PermissionDeniedError'
  81 |     throw error
  82 |   } {
  digest: '2702539296'
}
 GET /settings?error=Permission+required%3A+workspace%3Aadmin 200 in 51ms (next.js: 1.4ms, proxy.ts: 1.6ms, application-code: 48ms)
 POST /settings 200 in 64ms (next.js: 1.7ms, proxy.ts: 1.8ms, application-code: 61ms)
  └─ ƒ updateWorkspaceLocale({}) in 4ms src/app/actions.ts
⨯ Error [PermissionDeniedError]: Permission required: workspace:admin
    at requirePermission (src/lib/permissions.ts:79:19)
    at requireWorkspacePermission (src/lib/workspace.ts:164:73)
    at async SettingsPage (src/app/(app)/settings/page.tsx:51:57)
  77 | export function requirePermission(role: WorkspaceRole, permission: Permission) {
  78 |   if (!rolePermissions[role].has(permission)) {
> 79 |     const error = new Error(`Permission required: ${permission}`)
     |                   ^
  80 |     error.name = 'PermissionDeniedError'
  81 |     throw error
  82 |   } {
  digest: '2702539296'
}
 GET /settings?error=Permission+required%3A+workspace%3Aadmin 200 in 42ms (next.js: 1.8ms, proxy.ts: 1.7ms, application-code: 38ms)
 POST /settings 200 in 53ms (next.js: 1.7ms, proxy.ts: 1.9ms, application-code: 50ms)
  └─ ƒ updateWorkspaceLocale({}) in 5ms src/app/actions.ts
  ✓  13 [chromium] › e2e/authenticated-rbac.spec.ts:93:7 › authenticated Server Action authorization matrix › re-authorizes workspace administration for every session (1.0s)
 GET /dashboard?client=80000000-0000-4000-8000-000000000092 200 in 181ms (next.js: 1.8ms, proxy.ts: 2ms, application-code: 177ms)
 GET /api/auth/get-session 200 in 21ms (next.js: 5ms, proxy.ts: 3ms, application-code: 13ms)
 GET /api/auth/organization/list 200 in 23ms (next.js: 8ms, proxy.ts: 3ms, application-code: 11ms)
 POST /dashboard?client=80000000-0000-4000-8000-000000000092 200 in 267ms (next.js: 2ms, proxy.ts: 2ms, application-code: 263ms)
  └─ ƒ setCookieConsent({}) in 2ms src/app/preferences-actions.ts
 GET /dashboard?client=80000000-0000-4000-8000-000000000092 200 in 249ms (next.js: 15ms, proxy.ts: 15ms, application-code: 218ms)
 GET /api/auth/get-session 200 in 72ms (next.js: 34ms, proxy.ts: 6ms, application-code: 32ms)
 GET /api/auth/organization/list 200 in 112ms (next.js: 49ms, proxy.ts: 8ms, application-code: 56ms)
 GET /dashboard?client=80000000-0000-4000-8000-000000000092 200 in 222ms (next.js: 6ms, proxy.ts: 10ms, application-code: 206ms)
 GET /api/auth/get-session 200 in 73ms (next.js: 37ms, proxy.ts: 3ms, application-code: 33ms)
 GET /api/auth/organization/list 200 in 110ms (next.js: 41ms, proxy.ts: 4ms, application-code: 65ms)
 GET /dashboard?client=80000000-0000-4000-8000-000000000092 200 in 214ms (next.js: 3ms, proxy.ts: 4ms, application-code: 208ms)
 GET /api/auth/get-session 200 in 61ms (next.js: 34ms, proxy.ts: 4ms, application-code: 23ms)
 GET /api/auth/organization/list 200 in 104ms (next.js: 36ms, proxy.ts: 4ms, application-code: 64ms)
 GET /dashboard?client=80000000-0000-4000-8000-000000000092 200 in 185ms (next.js: 3ms, proxy.ts: 4ms, application-code: 179ms)
 GET /api/auth/get-session 200 in 19ms (next.js: 5ms, proxy.ts: 3ms, application-code: 11ms)
 GET /api/auth/organization/list 200 in 21ms (next.js: 9ms, proxy.ts: 3ms, application-code: 9ms)
 GET /dashboard?client=80000000-0000-4000-8000-000000000093 200 in 153ms (next.js: 2ms, proxy.ts: 2ms, application-code: 148ms)
  ✓  14 [chromium] › e2e/dashboard-health-local.spec.ts:15:53 › qualified cockpit health › counts all alerts and refuses unqualified scores in fr (2.4s)
 GET /dashboard?client=80000000-0000-4000-8000-000000000092 200 in 194ms (next.js: 2ms, proxy.ts: 3ms, application-code: 188ms)
 GET /api/auth/get-session 200 in 19ms (next.js: 5ms, proxy.ts: 3ms, application-code: 11ms)
 GET /api/auth/organization/list 200 in 21ms (next.js: 8ms, proxy.ts: 4ms, application-code: 10ms)
 POST /dashboard?client=80000000-0000-4000-8000-000000000092 200 in 272ms (next.js: 3ms, proxy.ts: 3ms, application-code: 267ms)
  └─ ƒ setCookieConsent({}) in 0ms src/app/preferences-actions.ts
 GET /dashboard?client=80000000-0000-4000-8000-000000000092 200 in 251ms (next.js: 7ms, proxy.ts: 19ms, application-code: 226ms)
 GET /api/auth/get-session 200 in 95ms (next.js: 34ms, proxy.ts: 9ms, application-code: 52ms)
 GET /api/auth/organization/list 200 in 123ms (next.js: 55ms, proxy.ts: 10ms, application-code: 57ms)
 GET /dashboard?client=80000000-0000-4000-8000-000000000092 200 in 250ms (next.js: 6ms, proxy.ts: 10ms, application-code: 234ms)
 GET /api/auth/get-session 200 in 66ms (next.js: 42ms, proxy.ts: 3ms, application-code: 21ms)
 GET /api/auth/organization/list 200 in 110ms (next.js: 44ms, proxy.ts: 4ms, application-code: 62ms)
 GET /dashboard?client=80000000-0000-4000-8000-000000000092 200 in 199ms (next.js: 3ms, proxy.ts: 4ms, application-code: 192ms)
 GET /api/auth/get-session 200 in 60ms (next.js: 37ms, proxy.ts: 4ms, application-code: 19ms)
 GET /api/auth/organization/list 200 in 98ms (next.js: 39ms, proxy.ts: 4ms, application-code: 55ms)
 GET /dashboard?client=80000000-0000-4000-8000-000000000092 200 in 260ms (next.js: 3ms, proxy.ts: 4ms, application-code: 254ms)
 GET /api/auth/get-session 200 in 25ms (next.js: 6ms, proxy.ts: 3ms, application-code: 16ms)
 GET /api/auth/organization/list 200 in 29ms (next.js: 11ms, proxy.ts: 4ms, application-code: 14ms)
 GET /dashboard?client=80000000-0000-4000-8000-000000000093 200 in 161ms (next.js: 1.6ms, proxy.ts: 2ms, application-code: 158ms)
  ✓  15 [chromium] › e2e/dashboard-health-local.spec.ts:15:53 › qualified cockpit health › counts all alerts and refuses unqualified scores in en (2.6s)
 GET /insights/devices?client=80000000-0000-4000-8000-000000000094 200 in 119ms (next.js: 5ms, proxy.ts: 1.9ms, application-code: 113ms)
 GET /api/auth/get-session 200 in 62ms (next.js: 9ms, proxy.ts: 4ms, application-code: 48ms)
 GET /api/auth/organization/list 200 in 66ms (next.js: 14ms, proxy.ts: 6ms, application-code: 46ms)
 GET /tasks 200 in 105ms (next.js: 15ms, proxy.ts: 4ms, application-code: 85ms)
 GET /discussions/tasks/4a5ef07b-4abd-4e23-b2d5-ad1b8fd7a5a0 200 in 626ms (next.js: 510ms, proxy.ts: 2ms, application-code: 114ms)
 GET /api/auth/get-session 200 in 29ms (next.js: 9ms, proxy.ts: 3ms, application-code: 17ms)
 GET /api/auth/organization/list 200 in 30ms (next.js: 11ms, proxy.ts: 4ms, application-code: 15ms)
 GET /dashboard 200 in 59ms (next.js: 3ms, proxy.ts: 3ms, application-code: 53ms)
 GET /tasks 200 in 48ms (next.js: 2ms, proxy.ts: 3ms, application-code: 43ms)
 GET /dashboard 200 in 59ms (next.js: 2ms, proxy.ts: 2ms, application-code: 54ms)
 GET /tasks 200 in 53ms (next.js: 9ms, proxy.ts: 3ms, application-code: 41ms)
 GET /dashboard?client=invalid 404 in 101ms (next.js: 1.8ms, proxy.ts: 1.9ms, application-code: 97ms)
 GET /dashboard?client= 404 in 104ms (next.js: 1.8ms, proxy.ts: 1.7ms, application-code: 100ms)
 GET /dashboard?client=80000000-0000-4000-8000-000000000095 404 in 107ms (next.js: 1.6ms, proxy.ts: 1.8ms, application-code: 103ms)
 GET /dashboard?client=80000000-0000-4000-8000-000000000094&client=80000000-0000-4000-8000-000000000095 404 in 97ms (next.js: 1.6ms, proxy.ts: 1.8ms, application-code: 93ms)
 GET /analysis?client=invalid 404 in 142ms (next.js: 22ms, proxy.ts: 1.9ms, application-code: 118ms)
 GET /analysis?client= 404 in 133ms (next.js: 2.0ms, proxy.ts: 4ms, application-code: 127ms)
 GET /analysis?client=80000000-0000-4000-8000-000000000095 404 in 124ms (next.js: 2ms, proxy.ts: 2ms, application-code: 119ms)
 GET /analysis?client=80000000-0000-4000-8000-000000000094&client=80000000-0000-4000-8000-000000000095 404 in 113ms (next.js: 1.8ms, proxy.ts: 2ms, application-code: 109ms)
 GET /insights?client=invalid 404 in 117ms (next.js: 4ms, proxy.ts: 2ms, application-code: 111ms)
 GET /insights?client= 404 in 106ms (next.js: 1.7ms, proxy.ts: 1.8ms, application-code: 103ms)
 GET /insights?client=80000000-0000-4000-8000-000000000095 404 in 101ms (next.js: 1.6ms, proxy.ts: 1.6ms, application-code: 97ms)
 GET /insights?client=80000000-0000-4000-8000-000000000094&client=80000000-0000-4000-8000-000000000095 404 in 104ms (next.js: 1.6ms, proxy.ts: 1.7ms, application-code: 101ms)
 GET /history?client=invalid 404 in 99ms (next.js: 4ms, proxy.ts: 1.7ms, application-code: 93ms)
 GET /history?client= 404 in 101ms (next.js: 1.7ms, proxy.ts: 1.5ms, application-code: 98ms)
 GET /history?client=80000000-0000-4000-8000-000000000095 404 in 97ms (next.js: 1.5ms, proxy.ts: 1.7ms, application-code: 94ms)
 GET /history?client=80000000-0000-4000-8000-000000000094&client=80000000-0000-4000-8000-000000000095 404 in 117ms (next.js: 1.7ms, proxy.ts: 1.7ms, application-code: 113ms)
 GET /dashboard?client=80000000-0000-4000-8000-000000000094 404 in 106ms (next.js: 1.6ms, proxy.ts: 1.6ms, application-code: 103ms)
  ✓  16 [chromium] › e2e/navigation-state-local.spec.ts:14:53 › live navigation state › follows client navigation, keyboard and invalid accounts in fr (4.4s)
 GET /insights/devices?client=80000000-0000-4000-8000-000000000094 200 in 126ms (next.js: 4ms, proxy.ts: 2ms, application-code: 120ms)
 GET /api/auth/get-session 200 in 27ms (next.js: 7ms, proxy.ts: 3ms, application-code: 17ms)
 GET /api/auth/organization/list 200 in 29ms (next.js: 13ms, proxy.ts: 4ms, application-code: 11ms)
 GET /tasks 200 in 71ms (next.js: 4ms, proxy.ts: 4ms, application-code: 63ms)
 GET /discussions/tasks/681419c0-b3c9-4469-8c09-0fbce834394f 200 in 118ms (next.js: 4ms, proxy.ts: 1.8ms, application-code: 113ms)
 GET /api/auth/get-session 200 in 35ms (next.js: 12ms, proxy.ts: 6ms, application-code: 17ms)
 GET /api/auth/organization/list 200 in 38ms (next.js: 19ms, proxy.ts: 7ms, application-code: 12ms)
 GET /dashboard 200 in 67ms (next.js: 3ms, proxy.ts: 3ms, application-code: 61ms)
 GET /tasks 200 in 44ms (next.js: 2ms, proxy.ts: 2ms, application-code: 40ms)
 GET /dashboard 200 in 56ms (next.js: 2ms, proxy.ts: 2ms, application-code: 51ms)
 GET /tasks 200 in 171ms (next.js: 2ms, proxy.ts: 3ms, application-code: 166ms)
 GET /dashboard?client=invalid 404 in 143ms (next.js: 4ms, proxy.ts: 13ms, application-code: 126ms)
 GET /dashboard?client= 404 in 117ms (next.js: 2ms, proxy.ts: 1.9ms, application-code: 113ms)
 GET /dashboard?client=80000000-0000-4000-8000-000000000095 404 in 108ms (next.js: 2.0ms, proxy.ts: 1.8ms, application-code: 104ms)
 GET /dashboard?client=80000000-0000-4000-8000-000000000094&client=80000000-0000-4000-8000-000000000095 404 in 109ms (next.js: 2.0ms, proxy.ts: 1.7ms, application-code: 105ms)
 GET /analysis?client=invalid 404 in 103ms (next.js: 1.7ms, proxy.ts: 1.7ms, application-code: 100ms)
 GET /analysis?client= 404 in 100ms (next.js: 1.7ms, proxy.ts: 1.6ms, application-code: 96ms)
 GET /analysis?client=80000000-0000-4000-8000-000000000095 404 in 114ms (next.js: 4ms, proxy.ts: 2ms, application-code: 108ms)
 GET /analysis?client=80000000-0000-4000-8000-000000000094&client=80000000-0000-4000-8000-000000000095 404 in 97ms (next.js: 1.7ms, proxy.ts: 1.7ms, application-code: 93ms)
 GET /insights?client=invalid 404 in 105ms (next.js: 1.7ms, proxy.ts: 1.8ms, application-code: 101ms)
 GET /insights?client= 404 in 101ms (next.js: 1.6ms, proxy.ts: 2ms, application-code: 98ms)
 GET /insights?client=80000000-0000-4000-8000-000000000095 404 in 632ms (next.js: 2.0ms, proxy.ts: 1.7ms, application-code: 629ms)
 GET /insights?client=80000000-0000-4000-8000-000000000094&client=80000000-0000-4000-8000-000000000095 404 in 98ms (next.js: 1.6ms, proxy.ts: 1.8ms, application-code: 94ms)
 GET /history?client=invalid 404 in 97ms (next.js: 1.6ms, proxy.ts: 1.7ms, application-code: 94ms)
 GET /history?client= 404 in 93ms (next.js: 1.5ms, proxy.ts: 1.6ms, application-code: 90ms)
 GET /history?client=80000000-0000-4000-8000-000000000095 404 in 105ms (next.js: 1.5ms, proxy.ts: 1.5ms, application-code: 102ms)
 GET /history?client=80000000-0000-4000-8000-000000000094&client=80000000-0000-4000-8000-000000000095 404 in 93ms (next.js: 1.5ms, proxy.ts: 1.7ms, application-code: 90ms)
 GET /dashboard?client=80000000-0000-4000-8000-000000000094 404 in 113ms (next.js: 1.8ms, proxy.ts: 1.6ms, application-code: 109ms)
  ✓  17 [chromium] › e2e/navigation-state-local.spec.ts:14:53 › live navigation state › follows client navigation, keyboard and invalid accounts in en (4.0s)
 GET /portfolio?q=PORTFOLIO_ 200 in 316ms (next.js: 21ms, proxy.ts: 2ms, application-code: 293ms)
 GET /api/auth/get-session 200 in 19ms (next.js: 5ms, proxy.ts: 2ms, application-code: 11ms)
 GET /api/auth/organization/list 200 in 20ms (next.js: 10ms, proxy.ts: 3ms, application-code: 7ms)
 GET /portfolio?q=PORTFOLIO_&cursor=eyJ2IjoxLCJpdiI6Imd3NXJPTlByQUpTTUl2dngiLCJ0YWciOiJjREhSOG9yUWRBMkd6eGpsSUlYOF9BIiwiZGF0YSI6Ik12RExPb0dMY1hMUjBzWnB4cnduVW5NRTF6MGQzempwZjRGSlllMnRZVHhUejBWdU5qcnBoeTJGRGJ6ZEVqQlNTVmNJYzFEMngyVHZuYl9FWTFXbENrUW5ObDZkOFJFb3pVa3F6NmxYV3duWDZKN01RLTRmN1FIXzYtX0NIN1lQTjNKZzJ4YnBtZG95MjVGaE5hQW1tUW9ydnFYQkktRlRvMjhIejBRTU1DUG94V2p0ZEluSjI4YUd3S2ktS0R3VnRfcGhkMXo4Nm8zcnFOaXp1RmRhMTBfcGpTQXZ6bE1yMGRBZHVPN29FMkVZMFVpZ3pxVFhBTG9IQm1WdDRpbXowcEdkQUNUOXZfa24yQXdnTGNqNnZ6dlJZOV9pV0RkYVduU2ZfZlU1RHlRV2ZSSW1KUEU2dlEifQ 200 in 88ms (next.js: 2ms, proxy.ts: 2ms, application-code: 83ms)
 GET /portfolio?q=PORTFOLIO_&attention=missing_data&currency=&assignee= 200 in 176ms (next.js: 2.0ms, proxy.ts: 2ms, application-code: 171ms)
 GET /api/auth/get-session 200 in 19ms (next.js: 5ms, proxy.ts: 3ms, application-code: 11ms)
 GET /api/auth/organization/list 200 in 21ms (next.js: 7ms, proxy.ts: 3ms, application-code: 10ms)
 GET /portfolio?q=PORTFOLIO_&attention=missing_data&view_notice=saved 200 in 81ms (next.js: 1.6ms, proxy.ts: 1.5ms, application-code: 78ms)
 POST /portfolio?q=PORTFOLIO_&attention=missing_data&currency=&assignee= 200 in 102ms (next.js: 1.7ms, proxy.ts: 2ms, application-code: 98ms)
  └─ ƒ storePortfolioView({}) in 10ms src/app/portfolio-actions.ts
 GET /portfolio?q=PORTFOLIO_&attention=missing_data&view_notice=saved 200 in 67ms (next.js: 1.6ms, proxy.ts: 2ms, application-code: 63ms)
 POST /portfolio?q=PORTFOLIO_&attention=missing_data&view_notice=saved 200 in 86ms (next.js: 2ms, proxy.ts: 3ms, application-code: 81ms)
  └─ ƒ storePortfolioView({}) in 9ms src/app/portfolio-actions.ts
 GET /portfolio?q=PORTFOLIO_ 200 in 307ms (next.js: 1.3ms, proxy.ts: 3ms, application-code: 303ms)
 GET /api/auth/get-session 200 in 18ms (next.js: 5ms, proxy.ts: 3ms, application-code: 10ms)
 GET /api/auth/organization/list 200 in 20ms (next.js: 9ms, proxy.ts: 3ms, application-code: 8ms)
 GET /portfolio?view_notice=conflict 200 in 120ms (next.js: 1.8ms, proxy.ts: 2ms, application-code: 116ms)
 POST /portfolio?q=PORTFOLIO_ 200 in 141ms (next.js: 4ms, proxy.ts: 3ms, application-code: 135ms)
  └─ ƒ removePortfolioView({}) in 8ms src/app/portfolio-actions.ts
 GET /portfolio?q=PORTFOLIO_ 200 in 313ms (next.js: 1.8ms, proxy.ts: 2ms, application-code: 309ms)
 GET /api/auth/get-session 200 in 17ms (next.js: 5ms, proxy.ts: 2ms, application-code: 9ms)
 GET /api/auth/organization/list 200 in 18ms (next.js: 8ms, proxy.ts: 2ms, application-code: 8ms)
 GET /portfolio?view_notice=deleted 200 in 112ms (next.js: 5ms, proxy.ts: 3ms, application-code: 105ms)
 POST /portfolio?q=PORTFOLIO_ 200 in 131ms (next.js: 1.9ms, proxy.ts: 3ms, application-code: 127ms)
  └─ ƒ removePortfolioView({}) in 8ms src/app/portfolio-actions.ts
 GET /tasks?status=open&assignee=unassigned 200 in 50ms (next.js: 3ms, proxy.ts: 2ms, application-code: 45ms)
 GET /portfolio?assignee=local-browser-fixture-owner 200 in 166ms (next.js: 1.9ms, proxy.ts: 1.8ms, application-code: 162ms)
 GET /api/auth/get-session 200 in 101ms (next.js: 16ms, proxy.ts: 23ms, application-code: 62ms)
 GET /api/auth/organization/list 200 in 106ms (next.js: 25ms, proxy.ts: 21ms, application-code: 60ms)
 GET /portfolio?assignee=local-browser-fixture-owner 200 in 176ms (next.js: 2.0ms, proxy.ts: 3ms, application-code: 172ms)
 GET /api/auth/get-session 200 in 85ms (next.js: 44ms, proxy.ts: 13ms, application-code: 28ms)
 GET /api/auth/organization/list 200 in 88ms (next.js: 47ms, proxy.ts: 13ms, application-code: 28ms)
 GET /portfolio?q=PORTFOLIO_ 200 in 336ms (next.js: 2ms, proxy.ts: 2ms, application-code: 332ms)
 GET /api/auth/get-session 200 in 17ms (next.js: 5ms, proxy.ts: 2ms, application-code: 10ms)
 GET /api/auth/organization/list 200 in 19ms (next.js: 8ms, proxy.ts: 2ms, application-code: 9ms)
 GET /portfolio?q=PORTFOLIO_ 200 in 300ms (next.js: 1.8ms, proxy.ts: 2ms, application-code: 296ms)
 GET /api/auth/get-session 200 in 19ms (next.js: 9ms, proxy.ts: 3ms, application-code: 7ms)
 GET /api/auth/organization/list 200 in 20ms (next.js: 5ms, proxy.ts: 3ms, application-code: 13ms)
⨯ Error [PermissionDeniedError]: Permission required: portfolio:read
    at requirePermission (src/lib/permissions.ts:79:19)
    at requireWorkspacePermission (src/lib/workspace.ts:164:73)
    at async PortfolioPage (src/app/(app)/portfolio/page.tsx:16:40)
  77 | export function requirePermission(role: WorkspaceRole, permission: Permission) {
  78 |   if (!rolePermissions[role].has(permission)) {
> 79 |     const error = new Error(`Permission required: ${permission}`)
     |                   ^
  80 |     error.name = 'PermissionDeniedError'
  81 |     throw error
  82 |   } {
  digest: '1390744199'
}
 GET /portfolio?q=PORTFOLIO_ 307 in 79ms (next.js: 1.8ms, proxy.ts: 2ms, application-code: 75ms)
 GET /support?error=Acc%C3%A8s%20non%20autoris%C3%A9 200 in 98ms (next.js: 3ms, proxy.ts: 3ms, application-code: 92ms)
 GET /portfolio?q=PORTFOLIO_ 307 in 53ms (next.js: 2ms, proxy.ts: 1.8ms, application-code: 49ms)
 GET /sign-in 200 in 37ms (next.js: 5ms, proxy.ts: 2ms, application-code: 29ms)
  ✘  18 [chromium] › e2e/portfolio-local.spec.ts:13:53 › agency portfolio › reviews 50 accounts, personal views and team workload in fr (6.7s)
  -  19 [chromium] › e2e/portfolio-local.spec.ts:13:53 › agency portfolio › reviews 50 accounts, personal views and team workload in en
(node:85048) Warning: The 'NO_COLOR' env is ignored due to the 'FORCE_COLOR' env being set.
(Use `node --trace-warnings ...` to show where the warning was created)
 GET /billing 200 in 147ms (next.js: 3ms, proxy.ts: 1.8ms, application-code: 142ms)
 GET /api/auth/get-session 200 in 78ms (next.js: 40ms, proxy.ts: 11ms, application-code: 28ms)
 GET /api/auth/organization/list 200 in 87ms (next.js: 42ms, proxy.ts: 11ms, application-code: 34ms)
 GET /accounts 200 in 132ms (next.js: 3ms, proxy.ts: 2ms, application-code: 128ms)
 GET /api/auth/get-session 200 in 28ms (next.js: 3ms, proxy.ts: 3ms, application-code: 22ms)
 GET /api/auth/organization/list 200 in 30ms (next.js: 16ms, proxy.ts: 3ms, application-code: 12ms)
 POST /accounts 200 in 56ms (next.js: 1.9ms, proxy.ts: 2ms, application-code: 52ms)
  └─ ƒ setCookieConsent({}) in 2ms src/app/preferences-actions.ts
 GET /accounts?selection=saved 200 in 89ms (next.js: 3ms, proxy.ts: 3ms, application-code: 83ms)
 POST /accounts 200 in 117ms (next.js: 3ms, proxy.ts: 3ms, application-code: 111ms)
  └─ ƒ updateManagedAccounts({}) in 14ms src/app/account-selection-actions.ts
 GET /accounts?selection=saved 200 in 57ms (next.js: 1.6ms, proxy.ts: 1.9ms, application-code: 53ms)
 POST /accounts?selection=saved 200 in 75ms (next.js: 2ms, proxy.ts: 3ms, application-code: 70ms)
  └─ ƒ updateManagedAccounts({}) in 9ms src/app/account-selection-actions.ts
 GET /accounts?selection=conflict 200 in 50ms (next.js: 2ms, proxy.ts: 2.0ms, application-code: 46ms)
 POST /accounts?selection=saved 200 in 70ms (next.js: 2ms, proxy.ts: 4ms, application-code: 64ms)
  └─ ƒ updateManagedAccounts({}) in 8ms src/app/account-selection-actions.ts
 GET /accounts?selection=saved 200 in 110ms (next.js: 4ms, proxy.ts: 4ms, application-code: 102ms)
 POST /accounts?selection=conflict 200 in 142ms (next.js: 1.8ms, proxy.ts: 2ms, application-code: 138ms)
  └─ ƒ updateManagedAccounts({}) in 20ms src/app/account-selection-actions.ts
 GET /accounts 200 in 97ms (next.js: 1.8ms, proxy.ts: 1.9ms, application-code: 93ms)
  ✓  20 [chromium] › e2e/prod-ready-local.spec.ts:23:44 › local production readiness regression journeys › managed account selection preserves priorities and enforces quota in fr (2.4s)
 GET /billing 200 in 138ms (next.js: 1.8ms, proxy.ts: 2.0ms, application-code: 134ms)
 GET /api/auth/get-session 200 in 85ms (next.js: 41ms, proxy.ts: 11ms, application-code: 34ms)
 GET /api/auth/organization/list 200 in 94ms (next.js: 43ms, proxy.ts: 11ms, application-code: 40ms)
 GET /accounts 200 in 138ms (next.js: 2ms, proxy.ts: 2ms, application-code: 133ms)
 GET /api/auth/get-session 200 in 24ms (next.js: 5ms, proxy.ts: 3ms, application-code: 16ms)
 GET /api/auth/organization/list 200 in 27ms (next.js: 8ms, proxy.ts: 4ms, application-code: 15ms)
 POST /accounts 200 in 54ms (next.js: 3ms, proxy.ts: 3ms, application-code: 49ms)
  └─ ƒ setCookieConsent({}) in 1ms src/app/preferences-actions.ts
 GET /accounts?selection=saved 200 in 69ms (next.js: 1.8ms, proxy.ts: 1.9ms, application-code: 65ms)
 POST /accounts 200 in 91ms (next.js: 2ms, proxy.ts: 2ms, application-code: 86ms)
  └─ ƒ updateManagedAccounts({}) in 11ms src/app/account-selection-actions.ts
 GET /accounts?selection=saved 200 in 48ms (next.js: 1.6ms, proxy.ts: 1.7ms, application-code: 45ms)
 POST /accounts?selection=saved 200 in 67ms (next.js: 1.9ms, proxy.ts: 2ms, application-code: 63ms)
  └─ ƒ updateManagedAccounts({}) in 9ms src/app/account-selection-actions.ts
 GET /accounts?selection=conflict 200 in 49ms (next.js: 1.9ms, proxy.ts: 1.6ms, application-code: 45ms)
 POST /accounts?selection=saved 200 in 67ms (next.js: 1.9ms, proxy.ts: 4ms, application-code: 61ms)
  └─ ƒ updateManagedAccounts({}) in 8ms src/app/account-selection-actions.ts
 GET /accounts?selection=saved 200 in 48ms (next.js: 1.7ms, proxy.ts: 1.9ms, application-code: 44ms)
 POST /accounts?selection=conflict 200 in 71ms (next.js: 1.7ms, proxy.ts: 2ms, application-code: 67ms)
  └─ ƒ updateManagedAccounts({}) in 15ms src/app/account-selection-actions.ts
 GET /accounts 200 in 93ms (next.js: 1.8ms, proxy.ts: 2ms, application-code: 89ms)
  ✓  21 [chromium] › e2e/prod-ready-local.spec.ts:23:44 › local production readiness regression journeys › managed account selection preserves priorities and enforces quota in en (2.2s)
 GET /dashboard?client=80000000-0000-4000-8000-000000000004 200 in 168ms (next.js: 3ms, proxy.ts: 1.9ms, application-code: 163ms)
 GET /api/auth/get-session 200 in 29ms (next.js: 7ms, proxy.ts: 4ms, application-code: 17ms)
 GET /api/auth/organization/list 200 in 31ms (next.js: 13ms, proxy.ts: 4ms, application-code: 13ms)
 POST /dashboard?client=80000000-0000-4000-8000-000000000004 200 in 97ms (next.js: 2ms, proxy.ts: 2ms, application-code: 92ms)
  └─ ƒ setCookieConsent({}) in 2ms src/app/preferences-actions.ts
 GET /dashboard?client=80000000-0000-4000-8000-000000000004 200 in 172ms (next.js: 1.9ms, proxy.ts: 2ms, application-code: 168ms)
 GET /api/auth/get-session 200 in 43ms (next.js: 3ms, proxy.ts: 3ms, application-code: 36ms)
 GET /api/auth/organization/list 200 in 50ms (next.js: 10ms, proxy.ts: 3ms, application-code: 37ms)
  ✓  22 [chromium] › e2e/prod-ready-local.spec.ts:88:44 › local production readiness regression journeys › pacing uses covered completed days and hides forecasts with a gap in fr (1.1s)
 GET /dashboard?client=80000000-0000-4000-8000-000000000004 200 in 173ms (next.js: 2ms, proxy.ts: 2ms, application-code: 168ms)
 GET /api/auth/get-session 200 in 22ms (next.js: 5ms, proxy.ts: 4ms, application-code: 13ms)
 GET /api/auth/organization/list 200 in 33ms (next.js: 9ms, proxy.ts: 4ms, application-code: 20ms)
 POST /dashboard?client=80000000-0000-4000-8000-000000000004 200 in 88ms (next.js: 3ms, proxy.ts: 2ms, application-code: 83ms)
  └─ ƒ setCookieConsent({}) in 2ms src/app/preferences-actions.ts
 GET /dashboard?client=80000000-0000-4000-8000-000000000004 200 in 167ms (next.js: 1.9ms, proxy.ts: 1.9ms, application-code: 164ms)
 GET /api/auth/get-session 200 in 19ms (next.js: 4ms, proxy.ts: 2ms, application-code: 13ms)
 GET /api/auth/organization/list 200 in 21ms (next.js: 8ms, proxy.ts: 3ms, application-code: 11ms)
  ✓  23 [chromium] › e2e/prod-ready-local.spec.ts:88:44 › local production readiness regression journeys › pacing uses covered completed days and hides forecasts with a gap in en (1.1s)
 GET /dashboard?client=80000000-0000-4000-8000-000000000005 200 in 191ms (next.js: 2ms, proxy.ts: 1.9ms, application-code: 187ms)
 GET /api/auth/get-session 200 in 22ms (next.js: 5ms, proxy.ts: 3ms, application-code: 15ms)
 GET /api/auth/organization/list 200 in 25ms (next.js: 10ms, proxy.ts: 3ms, application-code: 13ms)
 GET /analysis?client=80000000-0000-4000-8000-000000000005 200 in 204ms (next.js: 6ms, proxy.ts: 5ms, application-code: 194ms)
 GET /api/auth/get-session 200 in 132ms (next.js: 19ms, proxy.ts: 48ms, application-code: 65ms)
 GET /api/auth/organization/list 200 in 129ms (next.js: 28ms, proxy.ts: 44ms, application-code: 57ms)
 GET /insights?client=80000000-0000-4000-8000-000000000005 200 in 300ms (next.js: 4ms, proxy.ts: 4ms, application-code: 292ms)
 GET /api/auth/get-session 200 in 84ms (next.js: 46ms, proxy.ts: 14ms, application-code: 23ms)
 GET /api/auth/organization/list 200 in 88ms (next.js: 43ms, proxy.ts: 13ms, application-code: 32ms)
 GET /dashboard?client=80000000-0000-4000-8000-000000000005 200 in 242ms (next.js: 2ms, proxy.ts: 2ms, application-code: 237ms)
 GET /api/auth/get-session 200 in 18ms (next.js: 3ms, proxy.ts: 3ms, application-code: 12ms)
 GET /api/auth/organization/list 200 in 20ms (next.js: 7ms, proxy.ts: 3ms, application-code: 11ms)
 GET /analysis?client=80000000-0000-4000-8000-000000000005 200 in 189ms (next.js: 2ms, proxy.ts: 4ms, application-code: 183ms)
 GET /api/auth/get-session 200 in 80ms (next.js: 47ms, proxy.ts: 13ms, application-code: 19ms)
 GET /api/auth/organization/list 200 in 84ms (next.js: 50ms, proxy.ts: 13ms, application-code: 21ms)
 GET /insights?client=80000000-0000-4000-8000-000000000005 200 in 250ms (next.js: 2ms, proxy.ts: 3ms, application-code: 244ms)
 GET /api/auth/get-session 200 in 97ms (next.js: 27ms, proxy.ts: 32ms, application-code: 38ms)
 GET /api/auth/organization/list 200 in 101ms (next.js: 25ms, proxy.ts: 32ms, application-code: 44ms)
 GET /insights?client=80000000-0000-4000-8000-000000000005 200 in 245ms (next.js: 5ms, proxy.ts: 4ms, application-code: 236ms)
 GET /api/auth/get-session 200 in 19ms (next.js: 5ms, proxy.ts: 3ms, application-code: 11ms)
 GET /api/auth/organization/list 200 in 21ms (next.js: 10ms, proxy.ts: 3ms, application-code: 8ms)
 POST /insights?client=80000000-0000-4000-8000-000000000005 200 in 79ms (next.js: 2ms, proxy.ts: 2ms, application-code: 75ms)
  └─ ƒ setCookieConsent({}) in 2ms src/app/preferences-actions.ts
  ✓  24 [chromium] › e2e/prod-ready-local.spec.ts:125:44 › local production readiness regression journeys › stored analytics remain available without Google and during grace in fr (3.1s)
 GET /dashboard?client=80000000-0000-4000-8000-000000000005 200 in 196ms (next.js: 2ms, proxy.ts: 1.7ms, application-code: 192ms)
 GET /api/auth/get-session 200 in 19ms (next.js: 4ms, proxy.ts: 3ms, application-code: 12ms)
 GET /api/auth/organization/list 200 in 22ms (next.js: 8ms, proxy.ts: 3ms, application-code: 11ms)
 GET /analysis?client=80000000-0000-4000-8000-000000000005 200 in 183ms (next.js: 2ms, proxy.ts: 3ms, application-code: 177ms)
 GET /api/auth/get-session 200 in 77ms (next.js: 43ms, proxy.ts: 12ms, application-code: 23ms)
 GET /api/auth/organization/list 200 in 80ms (next.js: 46ms, proxy.ts: 12ms, application-code: 23ms)
 GET /insights?client=80000000-0000-4000-8000-000000000005 200 in 240ms (next.js: 2ms, proxy.ts: 2ms, application-code: 236ms)
 GET /api/auth/get-session 200 in 71ms (next.js: 40ms, proxy.ts: 12ms, application-code: 18ms)
 GET /api/auth/organization/list 200 in 78ms (next.js: 43ms, proxy.ts: 12ms, application-code: 23ms)
 GET /dashboard?client=80000000-0000-4000-8000-000000000005 200 in 215ms (next.js: 2ms, proxy.ts: 3ms, application-code: 210ms)
 GET /api/auth/get-session 200 in 16ms (next.js: 3ms, proxy.ts: 2ms, application-code: 10ms)
 GET /api/auth/organization/list 200 in 18ms (next.js: 6ms, proxy.ts: 3ms, application-code: 9ms)
 GET /analysis?client=80000000-0000-4000-8000-000000000005 200 in 169ms (next.js: 2ms, proxy.ts: 3ms, application-code: 164ms)
 GET /api/auth/get-session 200 in 70ms (next.js: 40ms, proxy.ts: 11ms, application-code: 19ms)
 GET /api/auth/organization/list 200 in 72ms (next.js: 43ms, proxy.ts: 11ms, application-code: 18ms)
 GET /insights?client=80000000-0000-4000-8000-000000000005 200 in 238ms (next.js: 1.9ms, proxy.ts: 2ms, application-code: 234ms)
 GET /api/auth/get-session 200 in 70ms (next.js: 38ms, proxy.ts: 14ms, application-code: 18ms)
 GET /api/auth/organization/list 200 in 75ms (next.js: 41ms, proxy.ts: 14ms, application-code: 20ms)
 GET /insights?client=80000000-0000-4000-8000-000000000005 200 in 218ms (next.js: 2ms, proxy.ts: 2ms, application-code: 213ms)
 GET /api/auth/get-session 200 in 17ms (next.js: 4ms, proxy.ts: 3ms, application-code: 10ms)
 GET /api/auth/organization/list 200 in 20ms (next.js: 7ms, proxy.ts: 3ms, application-code: 10ms)
 POST /insights?client=80000000-0000-4000-8000-000000000005 200 in 72ms (next.js: 1.7ms, proxy.ts: 2ms, application-code: 68ms)
  └─ ƒ setCookieConsent({}) in 2ms src/app/preferences-actions.ts
  ✓  25 [chromium] › e2e/prod-ready-local.spec.ts:125:44 › local production readiness regression journeys › stored analytics remain available without Google and during grace in en (2.9s)
 GET /accounts 200 in 94ms (next.js: 2ms, proxy.ts: 1.8ms, application-code: 91ms)
 GET /api/auth/get-session 200 in 65ms (next.js: 44ms, proxy.ts: 4ms, application-code: 17ms)
 GET /api/auth/organization/list 200 in 127ms (next.js: 47ms, proxy.ts: 4ms, application-code: 76ms)
 GET /history 200 in 139ms (next.js: 5ms, proxy.ts: 3ms, application-code: 130ms)
 GET /api/auth/get-session 200 in 74ms (next.js: 44ms, proxy.ts: 5ms, application-code: 25ms)
 GET /api/auth/organization/list 200 in 98ms (next.js: 47ms, proxy.ts: 5ms, application-code: 46ms)
 GET /alerts 200 in 133ms (next.js: 6ms, proxy.ts: 5ms, application-code: 123ms)
 GET /api/auth/get-session 200 in 81ms (next.js: 61ms, proxy.ts: 5ms, application-code: 15ms)
 GET /api/auth/organization/list 200 in 126ms (next.js: 63ms, proxy.ts: 5ms, application-code: 58ms)
 GET /tasks 200 in 167ms (next.js: 9ms, proxy.ts: 4ms, application-code: 154ms)
 GET /api/auth/get-session 200 in 78ms (next.js: 42ms, proxy.ts: 4ms, application-code: 32ms)
 GET /api/auth/organization/list 200 in 123ms (next.js: 47ms, proxy.ts: 4ms, application-code: 72ms)
 GET /approvals 200 in 141ms (next.js: 4ms, proxy.ts: 4ms, application-code: 133ms)
 GET /api/auth/get-session 200 in 72ms (next.js: 40ms, proxy.ts: 4ms, application-code: 28ms)
 GET /api/auth/organization/list 200 in 107ms (next.js: 46ms, proxy.ts: 5ms, application-code: 55ms)
 GET /reports 200 in 129ms (next.js: 6ms, proxy.ts: 5ms, application-code: 118ms)
 GET /api/auth/get-session 200 in 79ms (next.js: 42ms, proxy.ts: 4ms, application-code: 32ms)
 GET /api/auth/organization/list 200 in 106ms (next.js: 52ms, proxy.ts: 4ms, application-code: 50ms)
 GET /audit 200 in 164ms (next.js: 5ms, proxy.ts: 4ms, application-code: 154ms)
 GET /accounts 200 in 88ms (next.js: 1.9ms, proxy.ts: 2.0ms, application-code: 85ms)
 GET /api/auth/get-session 200 in 80ms (next.js: 39ms, proxy.ts: 3ms, application-code: 37ms)
 GET /api/auth/organization/list 200 in 104ms (next.js: 42ms, proxy.ts: 4ms, application-code: 59ms)
 GET /history 200 in 129ms (next.js: 4ms, proxy.ts: 3ms, application-code: 122ms)
 GET /api/auth/get-session 200 in 69ms (next.js: 37ms, proxy.ts: 4ms, application-code: 27ms)
 GET /api/auth/organization/list 200 in 86ms (next.js: 42ms, proxy.ts: 5ms, application-code: 39ms)
 GET /alerts 200 in 127ms (next.js: 6ms, proxy.ts: 3ms, application-code: 118ms)
 GET /api/auth/get-session 200 in 70ms (next.js: 45ms, proxy.ts: 5ms, application-code: 21ms)
 GET /api/auth/organization/list 200 in 106ms (next.js: 46ms, proxy.ts: 6ms, application-code: 53ms)
 GET /tasks 200 in 144ms (next.js: 10ms, proxy.ts: 5ms, application-code: 130ms)
 GET /api/auth/get-session 200 in 67ms (next.js: 46ms, proxy.ts: 4ms, application-code: 17ms)
 GET /api/auth/organization/list 200 in 102ms (next.js: 46ms, proxy.ts: 6ms, application-code: 49ms)
 GET /approvals 200 in 128ms (next.js: 6ms, proxy.ts: 3ms, application-code: 118ms)
 GET /api/auth/get-session 200 in 80ms (next.js: 41ms, proxy.ts: 4ms, application-code: 35ms)
 GET /api/auth/organization/list 200 in 103ms (next.js: 44ms, proxy.ts: 5ms, application-code: 54ms)
 GET /reports 200 in 121ms (next.js: 5ms, proxy.ts: 3ms, application-code: 113ms)
  ✓  26 [chromium] › e2e/prod-ready-local.spec.ts:221:9 › local production readiness regression journeys › grace permits stored views while hiding mutations (3.7s)
⨯ Error [WorkspaceAccessRestrictedError]: Workspace access state does not allow: portfolio:read
    at requireWorkspacePermission (src/lib/workspace.ts:166:19)
    at async DashboardPage (src/app/(app)/dashboard/page.tsx:27:54)
  164 |   if (!decision.allowed && decision.reason === 'role') requirePermission(context.role, permission)
  165 |   if (!decision.allowed) {
> 166 |     const error = new Error(`Workspace access state does not allow: ${permission}`)
      |                   ^
  167 |     error.name = 'WorkspaceAccessRestrictedError'
  168 |     throw error
  169 |   } {
  digest: '2825928427'
}
 GET /dashboard 307 in 71ms (next.js: 2ms, proxy.ts: 2ms, application-code: 67ms)
 GET /billing?notice=Your%20current%20access%20is%20limited%20to%20billing%20and%20stored%20data. 200 in 130ms (next.js: 4ms, proxy.ts: 2ms, application-code: 124ms)
⨯ Error [WorkspaceAccessRestrictedError]: Workspace access state does not allow: portfolio:read
    at requireWorkspacePermission (src/lib/workspace.ts:166:19)
    at async DashboardPage (src/app/(app)/dashboard/page.tsx:27:54)
  164 |   if (!decision.allowed && decision.reason === 'role') requirePermission(context.role, permission)
  165 |   if (!decision.allowed) {
> 166 |     const error = new Error(`Workspace access state does not allow: ${permission}`)
      |                   ^
  167 |     error.name = 'WorkspaceAccessRestrictedError'
  168 |     throw error
  169 |   } {
  digest: '2825928427'
}
 GET /dashboard 307 in 77ms (next.js: 2ms, proxy.ts: 1.8ms, application-code: 73ms)
 GET /support?notice=Your%20current%20access%20is%20limited%20to%20billing%20and%20stored%20data. 200 in 91ms (next.js: 3ms, proxy.ts: 2ms, application-code: 86ms)
⨯ Error [PermissionDeniedError]: Permission required: portfolio:read
    at requirePermission (src/lib/permissions.ts:79:19)
    at requireWorkspacePermission (src/lib/workspace.ts:164:73)
    at async DashboardPage (src/app/(app)/dashboard/page.tsx:27:54)
  77 | export function requirePermission(role: WorkspaceRole, permission: Permission) {
  78 |   if (!rolePermissions[role].has(permission)) {
> 79 |     const error = new Error(`Permission required: ${permission}`)
     |                   ^
  80 |     error.name = 'PermissionDeniedError'
  81 |     throw error
  82 |   } {
  digest: '1519319822'
}
 GET /dashboard 307 in 71ms (next.js: 3ms, proxy.ts: 2.0ms, application-code: 66ms)
 GET /support?notice=Your%20current%20access%20is%20limited%20to%20billing%20and%20stored%20data. 200 in 85ms (next.js: 1.7ms, proxy.ts: 2.0ms, application-code: 81ms)
  ✓  27 [chromium] › e2e/prod-ready-local.spec.ts:236:9 › local production readiness regression journeys › suspended members have an accessible recovery destination without redirect loops (1.2s)
 GET /dashboard 200 in 107ms (next.js: 1.7ms, proxy.ts: 1.6ms, application-code: 104ms)
 GET /api/auth/get-session 200 in 22ms (next.js: 6ms, proxy.ts: 3ms, application-code: 13ms)
 GET /api/auth/organization/list 200 in 25ms (next.js: 10ms, proxy.ts: 3ms, application-code: 11ms)
 POST /dashboard 200 in 66ms (next.js: 2ms, proxy.ts: 3ms, application-code: 61ms)
  └─ ƒ setCookieConsent({}) in 2ms src/app/preferences-actions.ts
 GET /settings 200 in 71ms (next.js: 3ms, proxy.ts: 3ms, application-code: 65ms)
  ✓  28 [chromium] › e2e/prod-ready-local.spec.ts:248:11 › local production readiness regression journeys › full navigation and workspace selection work at 390px in fr (780ms)
 GET /dashboard 200 in 113ms (next.js: 1.9ms, proxy.ts: 1.9ms, application-code: 109ms)
 GET /api/auth/get-session 200 in 20ms (next.js: 6ms, proxy.ts: 2ms, application-code: 12ms)
 GET /api/auth/organization/list 200 in 28ms (next.js: 10ms, proxy.ts: 2ms, application-code: 16ms)
 POST /dashboard 200 in 63ms (next.js: 2.0ms, proxy.ts: 2ms, application-code: 59ms)
  └─ ƒ setCookieConsent({}) in 2ms src/app/preferences-actions.ts
 GET /settings 200 in 54ms (next.js: 2ms, proxy.ts: 2.0ms, application-code: 50ms)
  ✓  29 [chromium] › e2e/prod-ready-local.spec.ts:248:11 › local production readiness regression journeys › full navigation and workspace selection work at 768px in fr (713ms)
 GET /dashboard 200 in 113ms (next.js: 1.8ms, proxy.ts: 2ms, application-code: 109ms)
 GET /api/auth/get-session 200 in 19ms (next.js: 5ms, proxy.ts: 2ms, application-code: 11ms)
 GET /api/auth/organization/list 200 in 21ms (next.js: 9ms, proxy.ts: 3ms, application-code: 10ms)
 POST /dashboard 200 in 59ms (next.js: 1.8ms, proxy.ts: 3ms, application-code: 55ms)
  └─ ƒ setCookieConsent({}) in 2ms src/app/preferences-actions.ts
 GET /settings 200 in 65ms (next.js: 2ms, proxy.ts: 2ms, application-code: 61ms)
  ✓  30 [chromium] › e2e/prod-ready-local.spec.ts:248:11 › local production readiness regression journeys › full navigation and workspace selection work at 390px in en (771ms)
 GET /dashboard 200 in 111ms (next.js: 2ms, proxy.ts: 1.8ms, application-code: 107ms)
 GET /api/auth/get-session 200 in 20ms (next.js: 5ms, proxy.ts: 3ms, application-code: 12ms)
 GET /api/auth/organization/list 200 in 21ms (next.js: 8ms, proxy.ts: 3ms, application-code: 10ms)
 POST /dashboard 200 in 72ms (next.js: 2ms, proxy.ts: 2ms, application-code: 68ms)
  └─ ƒ setCookieConsent({}) in 2ms src/app/preferences-actions.ts
 GET /settings 200 in 55ms (next.js: 2ms, proxy.ts: 2ms, application-code: 50ms)
  ✓  31 [chromium] › e2e/prod-ready-local.spec.ts:248:11 › local production readiness regression journeys › full navigation and workspace selection work at 768px in en (706ms)
 GET /dashboard 200 in 112ms (next.js: 2ms, proxy.ts: 1.8ms, application-code: 108ms)
 GET /api/auth/get-session 200 in 36ms (next.js: 11ms, proxy.ts: 6ms, application-code: 18ms)
 GET /api/auth/organization/list 200 in 43ms (next.js: 18ms, proxy.ts: 6ms, application-code: 20ms)
 POST /dashboard 200 in 94ms (next.js: 5ms, proxy.ts: 5ms, application-code: 84ms)
  └─ ƒ setCookieConsent({}) in 3ms src/app/preferences-actions.ts
 POST /api/auth/organization/set-active 200 in 25ms (next.js: 2ms, proxy.ts: 5ms, application-code: 17ms)
⨯ Error [PermissionDeniedError]: Permission required: portfolio:read
    at requirePermission (src/lib/permissions.ts:79:19)
    at requireWorkspacePermission (src/lib/workspace.ts:164:73)
    at async DashboardPage (src/app/(app)/dashboard/page.tsx:27:54)
  77 | export function requirePermission(role: WorkspaceRole, permission: Permission) {
  78 |   if (!rolePermissions[role].has(permission)) {
> 79 |     const error = new Error(`Permission required: ${permission}`)
     |                   ^
  80 |     error.name = 'PermissionDeniedError'
  81 |     throw error
  82 |   } {
  digest: '1519319822'
}
 GET /api/auth/get-session 200 in 50ms (next.js: 30ms, proxy.ts: 10ms, application-code: 9ms)
 GET /dashboard 307 in 84ms (next.js: 2ms, proxy.ts: 1.9ms, application-code: 80ms)
 GET /support?error=Acc%C3%A8s%20non%20autoris%C3%A9 200 in 88ms (next.js: 1.7ms, proxy.ts: 4ms, application-code: 83ms)
 GET /api/auth/get-session 200 in 18ms (next.js: 4ms, proxy.ts: 4ms, application-code: 11ms)
 GET /api/auth/organization/list 200 in 20ms (next.js: 7ms, proxy.ts: 3ms, application-code: 9ms)
 POST /api/auth/organization/set-active 200 in 23ms (next.js: 1.9ms, proxy.ts: 4ms, application-code: 17ms)
 GET /api/auth/get-session 200 in 102ms (next.js: 38ms, proxy.ts: 8ms, application-code: 56ms)
 GET /dashboard 200 in 134ms (next.js: 3ms, proxy.ts: 14ms, application-code: 117ms)
 GET /api/auth/get-session 200 in 22ms (next.js: 7ms, proxy.ts: 5ms, application-code: 11ms)
 GET /api/auth/organization/list 200 in 24ms (next.js: 10ms, proxy.ts: 5ms, application-code: 8ms)
  ✓  32 [chromium] › e2e/prod-ready-local.spec.ts:273:9 › local production readiness regression journeys › workspace selection switches context and permissions on mobile (1.4s)
 GET /agents 200 in 132ms (next.js: 3ms, proxy.ts: 2ms, application-code: 127ms)
  ✓  33 [chromium] › e2e/prod-ready-local.spec.ts:291:9 › local production readiness regression journeys › analysts do not see monitoring controls denied by their role (385ms)
 GET /status 200 in 56ms (next.js: 2ms, proxy.ts: 1.9ms, application-code: 52ms)
 GET /status 200 in 164ms (next.js: 1.6ms, proxy.ts: 1.7ms, application-code: 161ms)
 GET /status?status=active 200 in 27ms (next.js: 2ms, proxy.ts: 2ms, application-code: 22ms)
 GET /status/92f2e5b4-fba6-4526-86c4-3e99dae87a7e 200 in 2.0s (next.js: 1622ms, proxy.ts: 2.0ms, application-code: 387ms)
 GET /status/92f2e5b4-fba6-4526-86c4-3e99dae87a7e?cursor=eyJ2IjoxLCJpdiI6IkNlajlOYjBHUjVjcVFCWFIiLCJ0YWciOiJnSUZmZDF4VGs4eldnU0FWMEY0WlB3IiwiZGF0YSI6Ik54WGx0d04yYzJzZ3NFSkNLTkllWmlZdGNsWFlSQl93QjR0T0Fxbkg3a3pfQnEtNzZzcEZ3cktUQXIwV044SW95VTExWVdTcjBrU1d3MUt1ZE1kQzBtSEFaaTdMMkJHeE9YMDB3WXVOMldRbWI4NDBvX1VmSmdFVjFDU3hxSVhnVDNIS2RFOUhxOGtJb1Rud0JyQkRDNEZ0MnNVcVhkZzhQUUJzUjJYQWY4MlBSS01BS1g4SE10SjdsWVhmQ1NveHhRQ05fYkxTbDlnLWVQeHdyU2JoOGltaWNCV1VYc3ZyMUpEZEprenNfbkx6YU51bmVuSWhWbG52UkdDbnQ3QURzX3dRdGhCSF9wV1Z4TFpKV1YzMFE1eGt4cTA5bkpJQTRSbnNSR2pncm9UdEZFS3M3ZlozRmcifQ 200 in 50ms (next.js: 9ms, proxy.ts: 5ms, application-code: 37ms)
 GET /status?cursor=forged 200 in 64ms (next.js: 1.7ms, proxy.ts: 1.9ms, application-code: 61ms)
 GET /status/f56036c6-dd8c-4ef9-9bfd-53c535f35465 404 in 53ms (next.js: 4ms, proxy.ts: 3ms, application-code: 47ms)
 GET /status/invalid 404 in 52ms (next.js: 2ms, proxy.ts: 2ms, application-code: 48ms)
  ✓  34 [chromium] › e2e/public-status-local.spec.ts:13:53 › truthful public status › shows unknown health and complete incident history in fr (3.9s)
 GET /status 200 in 56ms (next.js: 1.6ms, proxy.ts: 1.6ms, application-code: 52ms)
 GET /status 200 in 167ms (next.js: 1.5ms, proxy.ts: 2ms, application-code: 164ms)
 GET /status?status=active 200 in 86ms (next.js: 3ms, proxy.ts: 3ms, application-code: 80ms)
 GET /status/90f76acf-0ac2-4570-bd49-90fecd13338c 200 in 41ms (next.js: 5ms, proxy.ts: 5ms, application-code: 32ms)
 GET /status/90f76acf-0ac2-4570-bd49-90fecd13338c?cursor=eyJ2IjoxLCJpdiI6InIwM2poUnYtMzZLVE5tdUwiLCJ0YWciOiJKQ0l6UEhLdGZoUVJvS0ZRRnpsM1dRIiwiZGF0YSI6ImFKVUlZRjhScnJMaElHVmNWRXNLWlBYaDNRSVZsQ0s3eW14WlItTTk2eEhJaDJpR0x3WHRveUFHblQwVVE0d09OYWhTZmVRaW12Ym10NkZLdVplR01uYU5RejJONDNUcC15RmxfSVdtOVhnRXlaQm5TOVloWGxGNXpnQlFWdHRubzk2Y2ZxVlFWQnRtQ1NMaG0yODBUd3c2RDBsdHlnQVRtWjF4WmpiUEZ0Wl9GcENzLW5wOTlTeWloLVBTSHNhYnV6TGFKem8wR25HTTlDR1RXYzFvbkc5YnVvX3ItVzRrSlBpNE1ueFpKSm9IRUdaRkFqZUZiVF9DUlVaaUo2QjFQbXJDNFNJOHd3T0FlcnBaV05Gdk1hcUE5bURha0ttRExSRk9LSm4tUENZUGQ0ZEVlZ1U0M2cifQ 200 in 31ms (next.js: 4ms, proxy.ts: 3ms, application-code: 25ms)
 GET /status?cursor=forged 200 in 63ms (next.js: 1.5ms, proxy.ts: 2ms, application-code: 60ms)
 GET /status/be7d87b4-4b54-4db8-8e7e-fba0b0a1e0c8 404 in 43ms (next.js: 4ms, proxy.ts: 2ms, application-code: 37ms)
 GET /status/invalid 404 in 52ms (next.js: 2ms, proxy.ts: 2ms, application-code: 47ms)
  ✓  35 [chromium] › e2e/public-status-local.spec.ts:13:53 › truthful public status › shows unknown health and complete incident history in en (1.7s)
 GET / 200 in 78ms (next.js: 3ms, proxy.ts: 2ms, application-code: 73ms)
  ✓  36 [chromium] › e2e/public.spec.ts:3:5 › public landing exposes the product proposition and account creation (333ms)
 GET /dashboard 307 in 42ms (next.js: 1.9ms, proxy.ts: 1.8ms, application-code: 38ms)
 GET /sign-in 200 in 37ms (next.js: 4ms, proxy.ts: 1.6ms, application-code: 31ms)
  ✓  37 [chromium] › e2e/public.spec.ts:15:5 › authenticated areas redirect anonymous visitors to sign-in (154ms)
 GET /privacy 200 in 39ms (next.js: 3ms, proxy.ts: 1.9ms, application-code: 35ms)
 GET /terms 200 in 39ms (next.js: 3ms, proxy.ts: 3ms, application-code: 34ms)
  ✓  38 [chromium] › e2e/public.spec.ts:21:5 › privacy and terms pages are public (461ms)
 GET /subprocessors 200 in 42ms (next.js: 2ms, proxy.ts: 2ms, application-code: 38ms)
  ✓  39 [chromium] › e2e/public.spec.ts:28:5 › the subprocessor register and change-notice policy are public (282ms)
 GET / 200 in 80ms (next.js: 1.5ms, proxy.ts: 2ms, application-code: 76ms)
 GET /privacy 200 in 41ms (next.js: 1.9ms, proxy.ts: 2ms, application-code: 37ms)
  ✓  40 [chromium] › e2e/public.spec.ts:35:5 › the public product and legal surface honor the English locale (515ms)
 GET /status 200 in 54ms (next.js: 1.7ms, proxy.ts: 2.0ms, application-code: 51ms)
  ✓  41 [chromium] › e2e/public.spec.ts:46:5 › public status page never claims operational health when status storage is unavailable (304ms)
 GET /reports 200 in 133ms (next.js: 4ms, proxy.ts: 2.0ms, application-code: 127ms)
 GET /api/auth/get-session 200 in 27ms (next.js: 6ms, proxy.ts: 5ms, application-code: 17ms)
 GET /api/auth/organization/list 200 in 29ms (next.js: 11ms, proxy.ts: 5ms, application-code: 13ms)
 POST /reports 200 in 83ms (next.js: 2ms, proxy.ts: 3ms, application-code: 78ms)
  └─ ƒ setCookieConsent({}) in 2ms src/app/preferences-actions.ts
 GET /reports?notice=Rapport+cr%C3%A9%C3%A9.+R%C3%A9v%C3%A9lez+son+URL+dans+les+cinq+prochaines+minutes.&reveal=report-url&revealId=08cfe3c8-51db-4622-9df0-c844088d91d8 200 in 87ms (next.js: 1.9ms, proxy.ts: 2ms, application-code: 83ms)
 POST /reports 200 in 124ms (next.js: 2ms, proxy.ts: 2ms, application-code: 119ms)
  └─ ƒ createShareLink({}) in 25ms src/app/actions.ts
 POST /api/secret-revelation 200 in 62ms (next.js: 42ms, proxy.ts: 3ms, application-code: 16ms)
 GET /r/ya_share_rUlswF7tnc5k_2neBXE3W3H6eNr--_Sk?edition=58600aff-58ac-4e99-824e-8ee0887c70fd 200 in 880ms (next.js: 778ms, proxy.ts: 3ms, application-code: 99ms)
 GET /r/ya_share_rUlswF7tnc5k_2neBXE3W3H6eNr--_Sk/csv?edition=58600aff-58ac-4e99-824e-8ee0887c70fd 200 in 620ms (next.js: 599ms, proxy.ts: 6ms, application-code: 15ms)
 GET /r/ya_share_rUlswF7tnc5k_2neBXE3W3H6eNr--_Sk/pdf?edition=58600aff-58ac-4e99-824e-8ee0887c70fd 200 in 965ms (next.js: 701ms, proxy.ts: 1.7ms, application-code: 263ms)
 GET /r/ya_share_rUlswF7tnc5k_2neBXE3W3H6eNr--_Sk?error=L%E2%80%99envoi+de+codes+email+n%E2%80%99est+pas+configur%C3%A9.&edition=58600aff-58ac-4e99-824e-8ee0887c70fd 200 in 51ms (next.js: 3ms, proxy.ts: 1.9ms, application-code: 46ms)
 POST /r/ya_share_rUlswF7tnc5k_2neBXE3W3H6eNr--_Sk?edition=58600aff-58ac-4e99-824e-8ee0887c70fd 200 in 74ms (next.js: 4ms, proxy.ts: 2ms, application-code: 68ms)
  └─ ƒ requestReportFeedbackOtp({}) in 10ms src/app/actions.ts
 GET /r/ya_share_rUlswF7tnc5k_2neBXE3W3H6eNr--_Sk?edition=58600aff-58ac-4e99-824e-8ee0887c70fd&otp=1 200 in 82ms (next.js: 2ms, proxy.ts: 2ms, application-code: 77ms)
 GET /r/ya_share_rUlswF7tnc5k_2neBXE3W3H6eNr--_Sk?error=Demandez+un+nouveau+code.&otp=1&edition=58600aff-58ac-4e99-824e-8ee0887c70fd 200 in 49ms (next.js: 3ms, proxy.ts: 2.0ms, application-code: 44ms)
 POST /r/ya_share_rUlswF7tnc5k_2neBXE3W3H6eNr--_Sk?edition=58600aff-58ac-4e99-824e-8ee0887c70fd&otp=1 200 in 73ms (next.js: 4ms, proxy.ts: 3ms, application-code: 67ms)
  └─ ƒ verifyReportFeedbackOtp({}) in 11ms src/app/actions.ts
 GET /reports?notice=Rapport+cr%C3%A9%C3%A9.+R%C3%A9v%C3%A9lez+son+URL+dans+les+cinq+prochaines+minutes.&reveal=report-url&revealId=9bf1d6f6-05b1-449a-bbef-15898a33f33b 200 in 90ms (next.js: 2ms, proxy.ts: 3ms, application-code: 85ms)
 POST /reports?notice=Rapport%20cr%C3%A9%C3%A9.%20R%C3%A9v%C3%A9lez%20son%20URL%20dans%20les%20cinq%20prochaines%20minutes.&reveal=report-url&revealId=08cfe3c8-51db-4622-9df0-c844088d91d8 200 in 128ms (next.js: 4ms, proxy.ts: 3ms, application-code: 122ms)
  └─ ƒ createShareLink({}) in 21ms src/app/actions.ts
 POST /api/secret-revelation 200 in 17ms (next.js: 2ms, proxy.ts: 3ms, application-code: 12ms)
 GET /r/ya_share_5gLuCSDqkLV0lA__AwuwS4fGQMCWV0Tg?edition=2895293a-6cab-43fe-b3a7-dd0a3a4a1246 200 in 86ms (next.js: 4ms, proxy.ts: 1.8ms, application-code: 80ms)
 GET /r/ya_share_5gLuCSDqkLV0lA__AwuwS4fGQMCWV0Tg/csv?edition=2895293a-6cab-43fe-b3a7-dd0a3a4a1246 200 in 16ms (next.js: 4ms, proxy.ts: 2ms, application-code: 9ms)
 GET /r/ya_share_5gLuCSDqkLV0lA__AwuwS4fGQMCWV0Tg/pdf?edition=2895293a-6cab-43fe-b3a7-dd0a3a4a1246 200 in 83ms (next.js: 4ms, proxy.ts: 1.8ms, application-code: 78ms)
 GET /reports?notice=Rapport+cr%C3%A9%C3%A9.+R%C3%A9v%C3%A9lez+son+URL+dans+les+cinq+prochaines+minutes.&reveal=report-url&revealId=34f78fc0-6996-41af-b45c-c3aa1648b6ef 200 in 180ms (next.js: 2ms, proxy.ts: 6ms, application-code: 172ms)
 POST /reports?notice=Rapport%20cr%C3%A9%C3%A9.%20R%C3%A9v%C3%A9lez%20son%20URL%20dans%20les%20cinq%20prochaines%20minutes.&reveal=report-url&revealId=9bf1d6f6-05b1-449a-bbef-15898a33f33b 200 in 245ms (next.js: 5ms, proxy.ts: 8ms, application-code: 232ms)
  └─ ƒ createShareLink({}) in 39ms src/app/actions.ts
 POST /api/secret-revelation 200 in 31ms (next.js: 4ms, proxy.ts: 5ms, application-code: 22ms)
 GET /r/ya_share_cFk7IPLV5xIbqb1clptPeHDR8DkFbxAy?edition=7c8cc074-8547-4196-a38c-19ad142fac54 200 in 132ms (next.js: 10ms, proxy.ts: 3ms, application-code: 119ms)
 GET /r/ya_share_cFk7IPLV5xIbqb1clptPeHDR8DkFbxAy/csv?edition=7c8cc074-8547-4196-a38c-19ad142fac54 200 in 24ms (next.js: 4ms, proxy.ts: 3ms, application-code: 17ms)
 GET /r/ya_share_cFk7IPLV5xIbqb1clptPeHDR8DkFbxAy/pdf?edition=7c8cc074-8547-4196-a38c-19ad142fac54 200 in 75ms (next.js: 4ms, proxy.ts: 2ms, application-code: 69ms)
 GET /reports?notice=Rapport+cr%C3%A9%C3%A9.+R%C3%A9v%C3%A9lez+son+URL+dans+les+cinq+prochaines+minutes.&reveal=report-url&revealId=c4543a52-78c5-44ec-9a19-dc5508e5379d 200 in 67ms (next.js: 1.7ms, proxy.ts: 2ms, application-code: 62ms)
 POST /reports?notice=Rapport%20cr%C3%A9%C3%A9.%20R%C3%A9v%C3%A9lez%20son%20URL%20dans%20les%20cinq%20prochaines%20minutes.&reveal=report-url&revealId=34f78fc0-6996-41af-b45c-c3aa1648b6ef 200 in 104ms (next.js: 3ms, proxy.ts: 3ms, application-code: 98ms)
  └─ ƒ createShareLink({}) in 19ms src/app/actions.ts
 POST /api/secret-revelation 200 in 14ms (next.js: 1.8ms, proxy.ts: 3ms, application-code: 10ms)
 GET /r/ya_share_AP0I9okDjEnzg3gt5yxY0iFdbFfwx8TJ?edition=f721028c-e345-4cca-9be0-a5fc059a3da5 200 in 86ms (next.js: 4ms, proxy.ts: 3ms, application-code: 80ms)
 GET /r/ya_share_AP0I9okDjEnzg3gt5yxY0iFdbFfwx8TJ/csv?edition=f721028c-e345-4cca-9be0-a5fc059a3da5 200 in 34ms (next.js: 5ms, proxy.ts: 5ms, application-code: 24ms)
 GET /r/ya_share_AP0I9okDjEnzg3gt5yxY0iFdbFfwx8TJ/pdf?edition=f721028c-e345-4cca-9be0-a5fc059a3da5 200 in 98ms (next.js: 4ms, proxy.ts: 3ms, application-code: 91ms)
 GET /reports?notice=Rapport+cr%C3%A9%C3%A9.+R%C3%A9v%C3%A9lez+son+URL+dans+les+cinq+prochaines+minutes.&reveal=report-url&revealId=05c37057-1983-4f75-b9db-e574e70c0231 200 in 88ms (next.js: 1.9ms, proxy.ts: 3ms, application-code: 83ms)
 POST /reports?notice=Rapport%20cr%C3%A9%C3%A9.%20R%C3%A9v%C3%A9lez%20son%20URL%20dans%20les%20cinq%20prochaines%20minutes.&reveal=report-url&revealId=c4543a52-78c5-44ec-9a19-dc5508e5379d 200 in 119ms (next.js: 2ms, proxy.ts: 3ms, application-code: 114ms)
  └─ ƒ createShareLink({}) in 18ms src/app/actions.ts
 POST /api/secret-revelation 200 in 41ms (next.js: 3ms, proxy.ts: 5ms, application-code: 33ms)
 GET /r/ya_share_phVGOsb8usgIVwD-xaWuFXJpZRyjTg_s?edition=515d562e-2755-4265-835e-a7a491757b57 200 in 95ms (next.js: 7ms, proxy.ts: 3ms, application-code: 85ms)
 GET /r/ya_share_phVGOsb8usgIVwD-xaWuFXJpZRyjTg_s/csv?edition=515d562e-2755-4265-835e-a7a491757b57 200 in 14ms (next.js: 4ms, proxy.ts: 1.8ms, application-code: 9ms)
 GET /r/ya_share_phVGOsb8usgIVwD-xaWuFXJpZRyjTg_s/pdf?edition=515d562e-2755-4265-835e-a7a491757b57 200 in 79ms (next.js: 4ms, proxy.ts: 1.8ms, application-code: 74ms)
 GET /r/ya_share_rUlswF7tnc5k_2neBXE3W3H6eNr--_Sk?edition=58600aff-58ac-4e99-824e-8ee0887c70fd 200 in 104ms (next.js: 4ms, proxy.ts: 2ms, application-code: 97ms)
 GET /r/ya_share_rUlswF7tnc5k_2neBXE3W3H6eNr--_Sk/csv?edition=58600aff-58ac-4e99-824e-8ee0887c70fd 200 in 18ms (next.js: 2ms, proxy.ts: 5ms, application-code: 11ms)
 GET /r/ya_share_rUlswF7tnc5k_2neBXE3W3H6eNr--_Sk/pdf?edition=58600aff-58ac-4e99-824e-8ee0887c70fd 200 in 235ms (next.js: 1.9ms, proxy.ts: 1.9ms, application-code: 231ms)
 GET /reports?notice=R%C3%A9vision+publi%C3%A9e.+Les+%C3%A9ditions+pr%C3%A9c%C3%A9dentes+restent+inchang%C3%A9es.&reveal=report-url&revealId=df484864-936d-46e6-9f76-749d983e4914 200 in 104ms (next.js: 3ms, proxy.ts: 5ms, application-code: 96ms)
 POST /reports?notice=Rapport%20cr%C3%A9%C3%A9.%20R%C3%A9v%C3%A9lez%20son%20URL%20dans%20les%20cinq%20prochaines%20minutes.&reveal=report-url&revealId=05c37057-1983-4f75-b9db-e574e70c0231 200 in 157ms (next.js: 3ms, proxy.ts: 5ms, application-code: 149ms)
  └─ ƒ reviseReportEdition({}) in 34ms src/app/actions.ts
 POST /api/secret-revelation 200 in 14ms (next.js: 1.8ms, proxy.ts: 2ms, application-code: 10ms)
 GET /r/ya_share_rUlswF7tnc5k_2neBXE3W3H6eNr--_Sk?edition=63f68309-b934-47cb-9dab-f854212e3a96 200 in 83ms (next.js: 4ms, proxy.ts: 1.9ms, application-code: 77ms)
 GET /r/ya_share_rUlswF7tnc5k_2neBXE3W3H6eNr--_Sk/csv?edition=63f68309-b934-47cb-9dab-f854212e3a96 200 in 16ms (next.js: 4ms, proxy.ts: 2ms, application-code: 10ms)
 GET /reports?error=Les+donn%C3%A9es+compl%C3%A8tes+de+cette+p%C3%A9riode+ne+sont+pas+disponibles.+Actualisez+l%E2%80%99historique+du+compte+avant+de+publier+ce+bilan. 200 in 74ms (next.js: 1.8ms, proxy.ts: 1.6ms, application-code: 70ms)
 POST /reports?notice=R%C3%A9vision%20publi%C3%A9e.%20Les%20%C3%A9ditions%20pr%C3%A9c%C3%A9dentes%20restent%20inchang%C3%A9es.&reveal=report-url&revealId=df484864-936d-46e6-9f76-749d983e4914 200 in 97ms (next.js: 3ms, proxy.ts: 2ms, application-code: 92ms)
  └─ ƒ createShareLink({}) in 12ms src/app/actions.ts
 GET /r/ya_share_rUlswF7tnc5k_2neBXE3W3H6eNr--_Sk?edition=58600aff-58ac-4e99-824e-8ee0887c70fd 200 in 111ms (next.js: 4ms, proxy.ts: 3ms, application-code: 104ms)
 GET /r/ya_share_rUlswF7tnc5k_2neBXE3W3H6eNr--_Sk/pdf?edition=58600aff-58ac-4e99-824e-8ee0887c70fd 429 in 15ms (next.js: 5ms, proxy.ts: 4ms, application-code: 6ms)
 GET /r/ya_share_rUlswF7tnc5k_2neBXE3W3H6eNr--_Sk/csv?edition=58600aff-58ac-4e99-824e-8ee0887c70fd 404 in 14ms (next.js: 6ms, proxy.ts: 3ms, application-code: 5ms)
 GET /reports 200 in 148ms (next.js: 3ms, proxy.ts: 2ms, application-code: 144ms)
  ✓  42 [chromium] › e2e/report-editions-local.spec.ts:16:53 › published report editions › creates every period and preserves HTML PDF CSV through revision in fr (9.5s)
 GET /reports 200 in 141ms (next.js: 2ms, proxy.ts: 2ms, application-code: 137ms)
 GET /api/auth/get-session 200 in 34ms (next.js: 14ms, proxy.ts: 3ms, application-code: 18ms)
 GET /api/auth/organization/list 200 in 38ms (next.js: 20ms, proxy.ts: 3ms, application-code: 16ms)
 POST /reports 200 in 71ms (next.js: 2ms, proxy.ts: 5ms, application-code: 64ms)
  └─ ƒ setCookieConsent({}) in 2ms src/app/preferences-actions.ts
 GET /reports?notice=Report+created.+Reveal+its+URL+within+the+next+five+minutes.&reveal=report-url&revealId=b40fdcbe-8a08-4eeb-a8e0-0380d09ca5f2 200 in 69ms (next.js: 2ms, proxy.ts: 1.8ms, application-code: 65ms)
 POST /reports 200 in 95ms (next.js: 1.9ms, proxy.ts: 2ms, application-code: 91ms)
  └─ ƒ createShareLink({}) in 16ms src/app/actions.ts
 POST /api/secret-revelation 200 in 15ms (next.js: 1.9ms, proxy.ts: 3ms, application-code: 10ms)
 GET /r/ya_share_sXCueMUAnoEL-5UwL6P7KEBDMCf5mJoZ?edition=846b124e-b68f-4951-8e44-dad5d8ba6ea8 200 in 92ms (next.js: 4ms, proxy.ts: 2ms, application-code: 86ms)
 GET /r/ya_share_sXCueMUAnoEL-5UwL6P7KEBDMCf5mJoZ/csv?edition=846b124e-b68f-4951-8e44-dad5d8ba6ea8 200 in 15ms (next.js: 4ms, proxy.ts: 2ms, application-code: 9ms)
 GET /r/ya_share_sXCueMUAnoEL-5UwL6P7KEBDMCf5mJoZ/pdf?edition=846b124e-b68f-4951-8e44-dad5d8ba6ea8 200 in 210ms (next.js: 3ms, proxy.ts: 1.5ms, application-code: 205ms)
 GET /r/ya_share_sXCueMUAnoEL-5UwL6P7KEBDMCf5mJoZ?error=Email+code+delivery+is+not+configured.&edition=846b124e-b68f-4951-8e44-dad5d8ba6ea8 200 in 59ms (next.js: 4ms, proxy.ts: 2ms, application-code: 53ms)
 POST /r/ya_share_sXCueMUAnoEL-5UwL6P7KEBDMCf5mJoZ?edition=846b124e-b68f-4951-8e44-dad5d8ba6ea8 200 in 96ms (next.js: 10ms, proxy.ts: 4ms, application-code: 82ms)
  └─ ƒ requestReportFeedbackOtp({}) in 15ms src/app/actions.ts
 GET /r/ya_share_sXCueMUAnoEL-5UwL6P7KEBDMCf5mJoZ?edition=846b124e-b68f-4951-8e44-dad5d8ba6ea8&otp=1 200 in 98ms (next.js: 3ms, proxy.ts: 3ms, application-code: 93ms)
 GET /r/ya_share_sXCueMUAnoEL-5UwL6P7KEBDMCf5mJoZ?error=Request+a+new+code.&otp=1&edition=846b124e-b68f-4951-8e44-dad5d8ba6ea8 200 in 55ms (next.js: 3ms, proxy.ts: 1.7ms, application-code: 51ms)
 POST /r/ya_share_sXCueMUAnoEL-5UwL6P7KEBDMCf5mJoZ?edition=846b124e-b68f-4951-8e44-dad5d8ba6ea8&otp=1 200 in 75ms (next.js: 3ms, proxy.ts: 3ms, application-code: 68ms)
  └─ ƒ verifyReportFeedbackOtp({}) in 7ms src/app/actions.ts
 GET /reports?notice=Report+created.+Reveal+its+URL+within+the+next+five+minutes.&reveal=report-url&revealId=c93c863a-ddef-4695-b05b-0bbbb9316961 200 in 70ms (next.js: 2.0ms, proxy.ts: 3ms, application-code: 65ms)
 POST /reports?notice=Report%20created.%20Reveal%20its%20URL%20within%20the%20next%20five%20minutes.&reveal=report-url&revealId=b40fdcbe-8a08-4eeb-a8e0-0380d09ca5f2 200 in 97ms (next.js: 2ms, proxy.ts: 2ms, application-code: 92ms)
  └─ ƒ createShareLink({}) in 17ms src/app/actions.ts
 POST /api/secret-revelation 200 in 14ms (next.js: 1.4ms, proxy.ts: 2ms, application-code: 10ms)
 GET /r/ya_share_mmG16RRo6A3BQXeu9MwFIxau4RQM6bAM?edition=8a725071-b1a1-45a3-bf20-6f7087312be4 200 in 81ms (next.js: 4ms, proxy.ts: 1.8ms, application-code: 75ms)
 GET /r/ya_share_mmG16RRo6A3BQXeu9MwFIxau4RQM6bAM/csv?edition=8a725071-b1a1-45a3-bf20-6f7087312be4 200 in 17ms (next.js: 4ms, proxy.ts: 2ms, application-code: 11ms)
 GET /r/ya_share_mmG16RRo6A3BQXeu9MwFIxau4RQM6bAM/pdf?edition=8a725071-b1a1-45a3-bf20-6f7087312be4 200 in 82ms (next.js: 3ms, proxy.ts: 1.6ms, application-code: 77ms)
 GET /reports?notice=Report+created.+Reveal+its+URL+within+the+next+five+minutes.&reveal=report-url&revealId=fa40c3ef-7212-4ecf-9ece-bbe676fe689c 200 in 78ms (next.js: 2ms, proxy.ts: 6ms, application-code: 69ms)
 POST /reports?notice=Report%20created.%20Reveal%20its%20URL%20within%20the%20next%20five%20minutes.&reveal=report-url&revealId=c93c863a-ddef-4695-b05b-0bbbb9316961 200 in 126ms (next.js: 5ms, proxy.ts: 5ms, application-code: 116ms)
  └─ ƒ createShareLink({}) in 29ms src/app/actions.ts
 POST /api/secret-revelation 200 in 17ms (next.js: 2.0ms, proxy.ts: 3ms, application-code: 12ms)
 GET /r/ya_share_7hAVO0jTwON0nCG62MGeYWe0kmVxPpgW?edition=a3e035f9-0e1e-4b27-9f0f-dd965224b3f1 200 in 133ms (next.js: 5ms, proxy.ts: 2ms, application-code: 125ms)
 GET /r/ya_share_7hAVO0jTwON0nCG62MGeYWe0kmVxPpgW/csv?edition=a3e035f9-0e1e-4b27-9f0f-dd965224b3f1 200 in 21ms (next.js: 3ms, proxy.ts: 3ms, application-code: 15ms)
 GET /r/ya_share_7hAVO0jTwON0nCG62MGeYWe0kmVxPpgW/pdf?edition=a3e035f9-0e1e-4b27-9f0f-dd965224b3f1 200 in 78ms (next.js: 2ms, proxy.ts: 1.8ms, application-code: 74ms)
 GET /reports?notice=Report+created.+Reveal+its+URL+within+the+next+five+minutes.&reveal=report-url&revealId=889ea26b-54c6-4de0-8b9c-5ead024ee234 200 in 127ms (next.js: 1.9ms, proxy.ts: 2ms, application-code: 123ms)
 POST /reports?notice=Report%20created.%20Reveal%20its%20URL%20within%20the%20next%20five%20minutes.&reveal=report-url&revealId=fa40c3ef-7212-4ecf-9ece-bbe676fe689c 200 in 162ms (next.js: 2ms, proxy.ts: 3ms, application-code: 157ms)
  └─ ƒ createShareLink({}) in 18ms src/app/actions.ts
 POST /api/secret-revelation 200 in 143ms (next.js: 3ms, proxy.ts: 3ms, application-code: 136ms)
 GET /r/ya_share_aMtpa3vb-RpCVoj-R-PWDhBhc7M1PR5b?edition=2d350032-5d69-4ed8-b773-d2e7c73e4e09 200 in 138ms (next.js: 12ms, proxy.ts: 2ms, application-code: 125ms)
 GET /r/ya_share_aMtpa3vb-RpCVoj-R-PWDhBhc7M1PR5b/csv?edition=2d350032-5d69-4ed8-b773-d2e7c73e4e09 200 in 15ms (next.js: 3ms, proxy.ts: 2.0ms, application-code: 9ms)
 GET /r/ya_share_aMtpa3vb-RpCVoj-R-PWDhBhc7M1PR5b/pdf?edition=2d350032-5d69-4ed8-b773-d2e7c73e4e09 200 in 101ms (next.js: 4ms, proxy.ts: 1.6ms, application-code: 95ms)
 GET /reports?notice=Report+created.+Reveal+its+URL+within+the+next+five+minutes.&reveal=report-url&revealId=6c5e39e2-4f67-4182-9713-a6b141ffabd0 200 in 96ms (next.js: 2ms, proxy.ts: 1.8ms, application-code: 92ms)
 POST /reports?notice=Report%20created.%20Reveal%20its%20URL%20within%20the%20next%20five%20minutes.&reveal=report-url&revealId=889ea26b-54c6-4de0-8b9c-5ead024ee234 200 in 162ms (next.js: 22ms, proxy.ts: 5ms, application-code: 136ms)
  └─ ƒ createShareLink({}) in 32ms src/app/actions.ts
 POST /api/secret-revelation 200 in 21ms (next.js: 3ms, proxy.ts: 3ms, application-code: 15ms)
 GET /r/ya_share_bys7IZtmG4Hejy_sz68Jr8_KcdYCDXX4?edition=d97a6bff-74a9-436a-913e-a54ae9b3ce5f 200 in 92ms (next.js: 6ms, proxy.ts: 5ms, application-code: 81ms)
 GET /r/ya_share_bys7IZtmG4Hejy_sz68Jr8_KcdYCDXX4/csv?edition=d97a6bff-74a9-436a-913e-a54ae9b3ce5f 200 in 15ms (next.js: 3ms, proxy.ts: 2ms, application-code: 10ms)
 GET /r/ya_share_bys7IZtmG4Hejy_sz68Jr8_KcdYCDXX4/pdf?edition=d97a6bff-74a9-436a-913e-a54ae9b3ce5f 200 in 74ms (next.js: 2ms, proxy.ts: 2ms, application-code: 70ms)
 GET /r/ya_share_sXCueMUAnoEL-5UwL6P7KEBDMCf5mJoZ?edition=846b124e-b68f-4951-8e44-dad5d8ba6ea8 200 in 86ms (next.js: 4ms, proxy.ts: 1.8ms, application-code: 80ms)
 GET /r/ya_share_sXCueMUAnoEL-5UwL6P7KEBDMCf5mJoZ/csv?edition=846b124e-b68f-4951-8e44-dad5d8ba6ea8 200 in 13ms (next.js: 2ms, proxy.ts: 2ms, application-code: 9ms)
 GET /r/ya_share_sXCueMUAnoEL-5UwL6P7KEBDMCf5mJoZ/pdf?edition=846b124e-b68f-4951-8e44-dad5d8ba6ea8 200 in 189ms (next.js: 4ms, proxy.ts: 1.4ms, application-code: 184ms)
 GET /reports?notice=Revision+published.+Previous+editions+remain+unchanged.&reveal=report-url&revealId=4f7d285c-5e78-4dfa-be40-43e0b5fc147a 200 in 93ms (next.js: 3ms, proxy.ts: 5ms, application-code: 85ms)
 POST /reports?notice=Report%20created.%20Reveal%20its%20URL%20within%20the%20next%20five%20minutes.&reveal=report-url&revealId=6c5e39e2-4f67-4182-9713-a6b141ffabd0 200 in 140ms (next.js: 4ms, proxy.ts: 4ms, application-code: 131ms)
  └─ ƒ reviseReportEdition({}) in 30ms src/app/actions.ts
 POST /api/secret-revelation 200 in 20ms (next.js: 6ms, proxy.ts: 4ms, application-code: 10ms)
 GET /r/ya_share_sXCueMUAnoEL-5UwL6P7KEBDMCf5mJoZ?edition=00feb06d-e52a-4345-a6c1-740fcb67aafa 200 in 80ms (next.js: 5ms, proxy.ts: 2ms, application-code: 73ms)
 GET /r/ya_share_sXCueMUAnoEL-5UwL6P7KEBDMCf5mJoZ/csv?edition=00feb06d-e52a-4345-a6c1-740fcb67aafa 200 in 25ms (next.js: 3ms, proxy.ts: 5ms, application-code: 16ms)
 GET /reports?error=Les+donn%C3%A9es+compl%C3%A8tes+de+cette+p%C3%A9riode+ne+sont+pas+disponibles.+Actualisez+l%E2%80%99historique+du+compte+avant+de+publier+ce+bilan. 200 in 92ms (next.js: 1.9ms, proxy.ts: 1.8ms, application-code: 88ms)
 POST /reports?notice=Revision%20published.%20Previous%20editions%20remain%20unchanged.&reveal=report-url&revealId=4f7d285c-5e78-4dfa-be40-43e0b5fc147a 200 in 117ms (next.js: 2ms, proxy.ts: 3ms, application-code: 112ms)
  └─ ƒ createShareLink({}) in 12ms src/app/actions.ts
 GET /r/ya_share_sXCueMUAnoEL-5UwL6P7KEBDMCf5mJoZ?edition=846b124e-b68f-4951-8e44-dad5d8ba6ea8 200 in 98ms (next.js: 4ms, proxy.ts: 2ms, application-code: 92ms)
 GET /r/ya_share_sXCueMUAnoEL-5UwL6P7KEBDMCf5mJoZ/pdf?edition=846b124e-b68f-4951-8e44-dad5d8ba6ea8 429 in 15ms (next.js: 5ms, proxy.ts: 3ms, application-code: 7ms)
 GET /r/ya_share_sXCueMUAnoEL-5UwL6P7KEBDMCf5mJoZ/csv?edition=846b124e-b68f-4951-8e44-dad5d8ba6ea8 404 in 11ms (next.js: 4ms, proxy.ts: 1.9ms, application-code: 6ms)
 GET /reports 200 in 302ms (next.js: 9ms, proxy.ts: 13ms, application-code: 280ms)
  ✓  43 [chromium] › e2e/report-editions-local.spec.ts:16:53 › published report editions › creates every period and preserves HTML PDF CSV through revision in en (7.6s)
 GET /audit?q=COLL_AUDIT_ 200 in 303ms (next.js: 12ms, proxy.ts: 6ms, application-code: 285ms)
 GET /api/auth/get-session 200 in 23ms (next.js: 6ms, proxy.ts: 3ms, application-code: 14ms)
 GET /api/auth/organization/list 200 in 25ms (next.js: 11ms, proxy.ts: 3ms, application-code: 11ms)
 POST /audit?q=COLL_AUDIT_ 200 in 132ms (next.js: 3ms, proxy.ts: 3ms, application-code: 126ms)
  └─ ƒ setCookieConsent({}) in 3ms src/app/preferences-actions.ts
 GET /audit?q=COLL_AUDIT_&cursor=eyJ2IjoxLCJpdiI6ImJCN3lRX1Z5SEtkQUlKbGkiLCJ0YWciOiJtZ0hrOU1KZlZyWHhUdHdudV9rRWpRIiwiZGF0YSI6Ilp3X2p1ZUo2NmkwQ1JzRXBrMGlKZlUxcWwtR1k5R01FNnV6bmVRMWVHQUdGbUJZYXpFdXVwUGFXMXM5WlF3ZHE0bXBxc3FqenQ1TWlxbkNESlBYYzNrdFMxTTFLWXhWODhGT1JjMnZES3BVeHZkd0xmUXRBSjNEZnFLQzB6QWF0VnVvall5NWRKUGxCWXhrY0dLMDhEODF4R3pTMnNiTDk4bzVKQ2t1bXBZYUpkbG91akxuajJKekpRN3VobHluVEIyUEt2MmRXMG11UkxoOGtfMl9HYkctSm1aNzFBcnl5MERoVTNXdWxNZDlYZjRwU184VTczck9McWlIZmsyM0lsa2g0Tmh1cW45bWtFV3ZQSXM4bTRtMXBLU1AyOVFHVmJIcGNWZ3R3LW5NOUJlLW1wRU1SM2cifQ 200 in 70ms (next.js: 10ms, proxy.ts: 16ms, application-code: 44ms)
 GET /audit?q=COLL_AUDIT_001 200 in 116ms (next.js: 2ms, proxy.ts: 3ms, application-code: 111ms)
 GET /api/auth/get-session 200 in 124ms (next.js: 39ms, proxy.ts: 34ms, application-code: 50ms)
 GET /api/auth/organization/list 200 in 394ms (next.js: 66ms, proxy.ts: 23ms, application-code: 305ms)
 GET /tasks?q=COLL_TASK_ 200 in 492ms (next.js: 6ms, proxy.ts: 7ms, application-code: 479ms)
 GET /api/auth/get-session 200 in 32ms (next.js: 6ms, proxy.ts: 7ms, application-code: 19ms)
 GET /api/auth/organization/list 200 in 34ms (next.js: 9ms, proxy.ts: 7ms, application-code: 18ms)
 GET /tasks?q=COLL_TASK_&status=open&cursor=eyJ2IjoxLCJpdiI6Im56dkJ0bVJUTXRuZDVjek8iLCJ0YWciOiJDZ2ZIUjE3d0FVeWQyUUxjd3BDVEhBIiwiZGF0YSI6IkFSR0xXczhWajhIY3hsc0xZbUpTR2p6ZU5LOS1wZUdEQlZwOEJmS1ZvU1JHck5mY1RzLTU1Tkx1QnFTSXBoRG8tWHA5ZVQ3a3k5dFByamdnM0VodXlUdFV4RWgtaklDeVpiYnZuTmpNU0IwMktvelRQRDI0eThDSkppc3pNclBBUW5VRVBJcG1ZSlJxa29aTk1YOHIwbW5iOGVRVnVzWVY5allQQnJ5V3pjeEZkMkRkVjlGNU5MY0RONFd5Y2FpQ1hYek5fYl9CdUVhSlBxeDYzRmMyRnI5VWVvZ1o3S2FTNmVkYVE4SExmY3BacVZHMWxqTzFoSmlVdzV2MFFpM2hhSnNzakJGX0lwN2xKM2gzYWZaTE5mNFFxVzg1LTUxZjJDZXlRNnY0dDVfUnpRQnZXOU95NUEifQ 200 in 138ms (next.js: 6ms, proxy.ts: 6ms, application-code: 127ms)
 GET /tasks?q=COLL_TASK_001&status=open 200 in 146ms (next.js: 1.8ms, proxy.ts: 2ms, application-code: 142ms)
 GET /api/auth/get-session 200 in 25ms (next.js: 12ms, proxy.ts: 3ms, application-code: 10ms)
 GET /api/auth/organization/list 200 in 28ms (next.js: 12ms, proxy.ts: 5ms, application-code: 10ms)
 GET /tasks?notice=Commentaire+ajout%C3%A9.&id=5f3ba87f-6e62-46bb-af54-88c6fce25de0 200 in 69ms (next.js: 2.0ms, proxy.ts: 3ms, application-code: 65ms)
 POST /tasks?q=COLL_TASK_001&status=open 200 in 108ms (next.js: 2ms, proxy.ts: 4ms, application-code: 101ms)
  └─ ƒ addWorkspaceTaskComment({}) in 11ms src/app/actions.ts
 GET /discussions/tasks/5f3ba87f-6e62-46bb-af54-88c6fce25de0 200 in 52ms (next.js: 7ms, proxy.ts: 4ms, application-code: 41ms)
 GET /discussions/tasks/5f3ba87f-6e62-46bb-af54-88c6fce25de0?cursor=eyJ2IjoxLCJpdiI6Ilg4UEcwWXhZanV3cXhwTU4iLCJ0YWciOiJXOWY0bHhsa2lhNTVSQWhoNS0tZVRBIiwiZGF0YSI6IjYyR2tzTFptemhqVG5oaTBCam52dUFJY2szV1p5b1JRTGdVVmpWeTljc1ljYVctMW1MMkFlbkZTc0dGSXZxbnZVSHBJRWRuWGE5VDRGNWtTam91NzFEbnVaSmZPWjNnS1VFUmh6SUdweG9HNU04c3FnckJNUmwwT1poOG5tYkR4WGFFRk1MYWpuUXZjT1JjeGoyYlRuMUgwME5EcjEtRGFZbDRNZUlma1pFckp3dUVPNmdOOGowaE5EUG5zMWtOTFd0Mk9zdm96NUZKQ3Uta2hMSk9SZWNhU254VmJBcGJjS0VqZjNCWm5oNWJtMmhzQnZVazN3aHRjaU8yV3FrOGVOcnpodmNlRENEblFWNHBpZ2dxd1VHZGQ3d19tN3laMzAzTHFkaWNlc3kxYjdzNmgwVmRDT0EifQ 200 in 47ms (next.js: 4ms, proxy.ts: 4ms, application-code: 40ms)
 GET /discussions/tasks/5f3ba87f-6e62-46bb-af54-88c6fce25de0?q=COLL_MESSAGE_001 200 in 151ms (next.js: 3ms, proxy.ts: 5ms, application-code: 143ms)
 GET /api/auth/get-session 200 in 40ms (next.js: 5ms, proxy.ts: 3ms, application-code: 32ms)
 GET /api/auth/organization/list 200 in 45ms (next.js: 11ms, proxy.ts: 3ms, application-code: 32ms)
[browser] A tree hydrated but some attributes of the server rendered HTML didn't match the client properties. This won't be patched up. This can happen if a SSR-ed Client Component used:

- A server/client branch `if (typeof window !== 'undefined')`.
- Variable input such as `Date.now()` or `Math.random()` which changes each time it's called.
- Date formatting in a user's locale which doesn't match the server.
- External changing data without sending a snapshot of it along with the HTML.
- Invalid HTML tag nesting.

It can also happen if the client has a browser extension installed which messes with the HTML before React loaded.

https://react.dev/link/hydration-mismatch

  ...
    <InnerScrollHandlerNew focusAndScrollRef={{scrollRef:null, ...}} cacheNode={{rsc:{...}, ...}}>
      <ErrorBoundary errorComponent={undefined} errorStyles={undefined} errorScripts={undefined}>
        <LoadingBoundary name="5f3ba87f-6..." loading={null}>
          <HTTPAccessFallbackBoundary notFound={undefined} forbidden={undefined} unauthorized={undefined}>
            <RedirectBoundary>
              <RedirectErrorBoundary router={{...}}>
                <InnerLayoutRouter url="/discussio..." tree={[...]} params={{kind:"tasks", ...}} ...>
                  <SegmentViewNode type="page" pagePath="(app)/disc...">
                    <SegmentTrieNode>
                    <DiscussionPage>
                      <div>
                      <LinkComponent>
                      <CollectionControls>
                        <div className="my-5 space..." data-collection-controls={true}>
                          <form action="/discussio..." className="flex flex-...">
                            <label className="grid gap-1...">
                              <span>
                              <input
                                type="search"
                                name="q"
                                defaultValue="COLL_MESSAGE_001"
                                maxLength={120}
                                className="h-10 rounded-lg border bg-white px-3 text-sm"
-                               style={{caret-color:"transparent"}}
                              >
                            ...
                          ...
                      ...
                  ...
                ...
      ...
 
 GET /alerts?q=COLL_ALERT_ 200 in 382ms (next.js: 5ms, proxy.ts: 14ms, application-code: 363ms)
 GET /api/auth/get-session 200 in 17ms (next.js: 4ms, proxy.ts: 3ms, application-code: 10ms)
 GET /api/auth/organization/list 200 in 18ms (next.js: 7ms, proxy.ts: 3ms, application-code: 8ms)
 GET /alerts?q=COLL_ALERT_&cursor=eyJ2IjoxLCJpdiI6IlVQV3c2bVBEeUNPNGZ0bGQiLCJ0YWciOiJBODU0RmVaUXZWM1hGVE5sOWoxOWx3IiwiZGF0YSI6IkYwbF9BcEU0Ni02QlpMVlkyaEoxa2MyZlJTVVhWNl91WlVzeGxUTzN3RVNnUTRCcEZwYzJtOGMzN0xsbmNKRW5heUYteFdzSUNCdlgwS1lKSmxfUjI1UWtmdUxIak9HeXRmNVRBdnFlcFJyRDlhN3RmZElPQXF2TU9FRHZsNmc0a3RvNHRlOEhQQzh4SzBCb3VLaHZRNjNVN0xxcUxoSDNiMEllbVdzY3BUNzNmZFVpODlJYkdScWVaaGU0R1lPV0ctTHdMYm0tOXh2ZFlOZmdsQWZwek9Ka0FjNVo5SWhYaVRENmhjRy1kbG9QWlhXaFZCTC1Ceno4Uk52TEZyMXl2THgtYVItQzF1dzV2bURDeEp6eVN6bnJxd1RxMm5raFJCRk5IMDdOd3dzX0Y4Z2ZLVnNmWkEifQ 200 in 84ms (next.js: 2ms, proxy.ts: 2ms, application-code: 79ms)
 GET /alerts?q=COLL_ALERT_001&status= 200 in 115ms (next.js: 2.0ms, proxy.ts: 2ms, application-code: 111ms)
 GET /api/auth/get-session 200 in 88ms (next.js: 53ms, proxy.ts: 13ms, application-code: 21ms)
 GET /api/auth/organization/list 200 in 94ms (next.js: 56ms, proxy.ts: 13ms, application-code: 25ms)
 GET /approvals?q=COLL_APPROVAL_ 200 in 425ms (next.js: 4ms, proxy.ts: 2ms, application-code: 419ms)
 GET /api/auth/get-session 200 in 20ms (next.js: 3ms, proxy.ts: 6ms, application-code: 11ms)
 GET /api/auth/organization/list 200 in 20ms (next.js: 7ms, proxy.ts: 4ms, application-code: 9ms)
 GET /approvals?q=COLL_APPROVAL_&cursor=eyJ2IjoxLCJpdiI6IjVGR25hckFvblg1Sm1qbksiLCJ0YWciOiJPbG1hWHNidDdweDJQZDgyNmVBcnBBIiwiZGF0YSI6IjBYTE0xaklqajNCMVV2WUc4QTYxYU9tVWJBZm9LZWNLT2N6NFZqcWNvZ0xlc0R5RWdtVDVCNVR3OWZZOUFPY3IyN09QOV9jY20yQ0tWS1A4TDFjUVFVdk9SUVFOWnoyUVFQVjdoSnU2LTVCMkJHNWFCY1lFQUdNS0Q5QS1xU1d1ZlBWSm9obEFpemJyUFlpWXlzUHM4VUpzX3JyXzZRem9iYS1vQ2xaM19KSnl1ZmZLUVBKN2gtZWtjRE5FM0NaSU5EV1NZM0c0dXhtZ3N0Q3p5blJZTmU4c21HRVdVRmszQy10eVdTdGtEd29yTXU2YzFKaXhzenkyMVBaRXUzNHVmZ1NMd0tRSDJJdTFJdkVDNE12V0xhSkZWakthMnNFaTE1b2VlV1FkNUZISTBSNllFQ1RHMXcifQ 200 in 104ms (next.js: 2ms, proxy.ts: 2ms, application-code: 100ms)
 GET /approvals?q=COLL_APPROVAL_001&status= 200 in 130ms (next.js: 2ms, proxy.ts: 3ms, application-code: 126ms)
 GET /api/auth/get-session 200 in 91ms (next.js: 43ms, proxy.ts: 10ms, application-code: 38ms)
 GET /api/auth/organization/list 200 in 261ms (next.js: 52ms, proxy.ts: 10ms, application-code: 199ms)
 GET /support?q=COLL_SUPPORT_ 200 in 317ms (next.js: 4ms, proxy.ts: 2.0ms, application-code: 312ms)
 GET /api/auth/get-session 429 in 15ms (next.js: 4ms, proxy.ts: 3ms, application-code: 8ms)
 GET /api/auth/organization/list 200 in 18ms (next.js: 7ms, proxy.ts: 3ms, application-code: 8ms)
 GET /support?q=COLL_SUPPORT_&cursor=eyJ2IjoxLCJpdiI6InZ4eEVqOGloWWNCdHlYekEiLCJ0YWciOiJMVHZvaklhd1NmVmg3Z2Jqb3c4UDdBIiwiZGF0YSI6IjJHWGw3aGxVVUlleDJMbzBZWE1LWmdBRDMxWUNyQlR6MVp6VFVLYW90eWVUenUzZmQ2dVhralpSQ2ZlX3VaMU40aURlV3FXbzFRV0VCNEkxVjcxdWtpSHZBR0pOdHdBTWV3NHMxZDlLdkNQNzFveFZ4akVHR2Y4cGVqMHpnQTc0RlZ1YjdnVUg0X3BtaUpVcGtSdFVrY05uU3hFNGJmLXB2VGhwTEUtUGhJUzltcVhPS3NBZTVmR255NDVoNGxZU0VFTVRybnlyUzNUUVpGNEx3RVRoUTlTbEFsd09yTE9aenZWNWJsM1dPYzFLSGItSWd2OERJNTF6c1IxV0h6eDQ1QXUxTGJlelF2cmxIRHZ4YWRjX1FkaFBKWC1sekdIeFQ0TVY1TTBSSVhIemI3LUxEbXowVVEifQ 200 in 75ms (next.js: 2ms, proxy.ts: 2ms, application-code: 70ms)
 GET /support?q=COLL_SUPPORT_001&status= 200 in 138ms (next.js: 2ms, proxy.ts: 2ms, application-code: 134ms)
 GET /api/auth/get-session 429 in 20ms (next.js: 5ms, proxy.ts: 2ms, application-code: 12ms)
 GET /api/auth/organization/list 200 in 22ms (next.js: 10ms, proxy.ts: 2ms, application-code: 10ms)
[browser] A tree hydrated but some attributes of the server rendered HTML didn't match the client properties. This won't be patched up. This can happen if a SSR-ed Client Component used:

- A server/client branch `if (typeof window !== 'undefined')`.
- Variable input such as `Date.now()` or `Math.random()` which changes each time it's called.
- Date formatting in a user's locale which doesn't match the server.
- External changing data without sending a snapshot of it along with the HTML.
- Invalid HTML tag nesting.

It can also happen if the client has a browser extension installed which messes with the HTML before React loaded.

https://react.dev/link/hydration-mismatch

  ...
    <InnerScrollHandlerNew focusAndScrollRef={{scrollRef:null, ...}} cacheNode={{rsc:{...}, ...}}>
      <ErrorBoundary errorComponent={undefined} errorStyles={undefined} errorScripts={undefined}>
        <LoadingBoundary name="support/" loading={null}>
          <HTTPAccessFallbackBoundary notFound={undefined} forbidden={undefined} unauthorized={undefined}>
            <RedirectBoundary>
              <RedirectErrorBoundary router={{...}}>
                <InnerLayoutRouter url={"/support..."} tree={[...]} params={{}} cacheNode={{rsc:{...}, ...}} ...>
                  <SegmentViewNode type="page" pagePath="(app)/supp...">
                    <SegmentTrieNode>
                    <SupportPage>
                      <div>
                      <section>
                      <Card>
                        <div data-slot="card" data-size="default" className={"group/ca..."}>
                          <div>
                          <CardContent>
                            <div data-slot="card-content" className="px-(--card...">
                              <form action={function createSupportTicket} className="grid gap-3...">
                                <Input>
                                  <input
                                    data-slot="input"
                                    className="h-8 w-full min-w-0 rounded-lg border border-input bg-transparent px-2.5..."
                                    name="subject"
                                    minLength={4}
                                    maxLength={220}
                                    required={true}
                                    placeholder="Objet court et précis"
-                                   style={{caret-color:"transparent"}}
                                  >
                                <select>
                                <select>
                                <Textarea>
                                  <textarea
                                    data-slot="textarea"
                                    className="flex field-sizing-content w-full rounded-lg border border-input bg-tran..."
                                    name="body"
                                    minLength={10}
                                    maxLength={8000}
                                    required={true}
                                    placeholder="Contexte, étapes de reproduction, résultat attendu et constaté. Ne tr..."
-                                   style={{caret-color:"transparent"}}
                                  >
                                ...
                      <CollectionControls>
                        <div className="my-5 space..." data-collection-controls={true}>
                          <form action="/support" className="flex flex-...">
                            <label className="grid gap-1...">
                              <span>
                              <input
                                type="search"
                                name="q"
                                defaultValue="COLL_SUPPORT_001"
                                maxLength={120}
                                className="h-10 rounded-lg border bg-white px-3 text-sm"
-                               style={{caret-color:"transparent"}}
                              >
                            ...
                          ...
                      <div className="space-y-4">
                        <Card>
                          <div data-slot="card" data-size="default" className={"group/ca..."}>
                            <CardContent>
                              <div data-slot="card-content" className="p-5">
                                <div>
                                <LinkComponent>
                                <div>
                                <form action={function addSupportMessage} className="mt-4 flex ...">
                                  <input
                                    type="hidden"
                                    name="ticketId"
                                    value="b3df3a86-6a6d-4f29-ab81-7f4f0a460b7e"
-                                   style={{caret-color:"transparent"}}
                                  >
                                  <Textarea>
                                    <textarea
                                      data-slot="textarea"
                                      className="flex field-sizing-content w-full rounded-lg border border-input bg-tr..."
                                      name="body"
                                      maxLength={8000}
                                      required={true}
                                      placeholder="Ajouter du contexte ou répondre au support"
-                                     style={{caret-color:"transparent"}}
                                    >
                                  ...
                  ...
                ...
      ...
 
 GET /tasks?cursor=forged 200 in 133ms (next.js: 2.0ms, proxy.ts: 1.8ms, application-code: 129ms)
 GET /api/auth/get-session 429 in 16ms (next.js: 4ms, proxy.ts: 3ms, application-code: 9ms)
 GET /api/auth/organization/list 429 in 18ms (next.js: 8ms, proxy.ts: 3ms, application-code: 7ms)
 GET /support?q=COLL_SUPPORT_ 200 in 97ms (next.js: 2ms, proxy.ts: 1.9ms, application-code: 93ms)
 GET /api/auth/get-session 429 in 82ms (next.js: 27ms, proxy.ts: 40ms, application-code: 15ms)
 GET /api/auth/organization/list 429 in 75ms (next.js: 30ms, proxy.ts: 22ms, application-code: 23ms)
 GET /discussions/support/b3df3a86-6a6d-4f29-ab81-7f4f0a460b7e 404 in 124ms (next.js: 5ms, proxy.ts: 3ms, application-code: 116ms)
  ✓  44 [chromium] › e2e/workspace-collections-local.spec.ts:14:53 › workspace collection navigation › searches older records and conversations in fr (8.1s)
 GET /audit?q=COLL_AUDIT_ 200 in 157ms (next.js: 2ms, proxy.ts: 2ms, application-code: 153ms)
 GET /api/auth/get-session 429 in 18ms (next.js: 6ms, proxy.ts: 3ms, application-code: 10ms)
 GET /api/auth/organization/list 429 in 18ms (next.js: 10ms, proxy.ts: 3ms, application-code: 6ms)
 POST /audit?q=COLL_AUDIT_ 200 in 107ms (next.js: 2ms, proxy.ts: 3ms, application-code: 102ms)
  └─ ƒ setCookieConsent({}) in 2ms src/app/preferences-actions.ts
 GET /audit?q=COLL_AUDIT_&cursor=eyJ2IjoxLCJpdiI6InByb1NXMHJYekJRTWlwaGoiLCJ0YWciOiJDTEhETHdMOW0tYjllUDV4aE1hVGZBIiwiZGF0YSI6ImlTeGwwM2RqZlpqZ3FRNmNBbDZ0UnlkMUpQSzA3SEczLVh0QnZJdGhtVmZ1VmdNNFVVVkhoOTVmZm9HYXptVC1SOE9oLWxKSnhkS2JfQmlqWXpPUXFXYkYyaGZpbUtlOXNlR3lWVU9nQ0txeUU2dm9wbG1jRUhJeTVLWHJGQTR1ejRjeGJrNnVDSWpRQWFIYzFjWjY5azhxVDYwU3hiWHhTc2pMOXVzaS1jUWZObGZqZThnVWQxcGJteVBwQkpmd3E4bjM4NlFhMWlmZjlyamNOZ1pyUFEyRmZUaGctUTlTSmJVSjdudEdZRF94RnZSOVBUNUZkS1BBV19uXzdfRTEwWENzam5VUlVZdXJVUS1FbUpDZ2dXSi1lZWVwTFRYWVplU1hHMkQweXJoZTBRSWRkUzNGc3cifQ 200 in 52ms (next.js: 3ms, proxy.ts: 4ms, application-code: 44ms)
 GET /audit?q=COLL_AUDIT_001 200 in 104ms (next.js: 1.9ms, proxy.ts: 2.0ms, application-code: 100ms)
 GET /api/auth/get-session 429 in 87ms (next.js: 49ms, proxy.ts: 18ms, application-code: 20ms)
 GET /api/auth/organization/list 429 in 86ms (next.js: 60ms, proxy.ts: 17ms, application-code: 10ms)
 GET /tasks?q=COLL_TASK_ 200 in 432ms (next.js: 1.9ms, proxy.ts: 2ms, application-code: 428ms)
 GET /api/auth/get-session 429 in 15ms (next.js: 5ms, proxy.ts: 3ms, application-code: 7ms)
 GET /api/auth/organization/list 429 in 15ms (next.js: 8ms, proxy.ts: 3ms, application-code: 5ms)
 GET /tasks?q=COLL_TASK_&status=open&cursor=eyJ2IjoxLCJpdiI6Il9YcENwclNWRnlLZmhDenQiLCJ0YWciOiJiMTg0OGRMSVpnNS14dnh0ZzhtaGtBIiwiZGF0YSI6IkhMN2xBQVRoTVpvSnNfY0VfUFphM0RzWE1heHZxT1Z4VHAzNVY3U1FEWDIySDFsWTk0N3RuVDM1T1pyRnZDQUdTQkwxQml0azVHNWFqQ3MxalZGa25HcS0wU3VVaDFRc1pyZXp4cGZuaDVtVlQ2dkZxbGFQdHB6ZlE2QUVzNWk3U1hEMUp1VGZxQ25rcVdtbGVyWktRRURodlFSNGh5d0h5Zzg2X3hHMGJkekY2blVSNDZZRWdvLUtqWC1pcnFfMVBJM1BfRG45WTBtajVoRzRSVnJNVlhoYVRtVmRQSHNYNXJRT0pNM3FTV2pQR2lsY1RlM1NscWlzVlRUeU5sZkdieHk2WWxLYVFmNUxZLU96bVNQRDA0dkd1N3d3bnRoSy1xNTJfTVhhRGRLSnVpbEZIZm9XaGcifQ 200 in 100ms (next.js: 2ms, proxy.ts: 2ms, application-code: 95ms)
 GET /tasks?q=COLL_TASK_001&status=open 200 in 151ms (next.js: 1.7ms, proxy.ts: 2ms, application-code: 147ms)
 GET /api/auth/get-session 429 in 19ms (next.js: 5ms, proxy.ts: 3ms, application-code: 12ms)
 GET /api/auth/organization/list 429 in 19ms (next.js: 11ms, proxy.ts: 3ms, application-code: 6ms)
 GET /tasks?notice=Commentaire+ajout%C3%A9.&id=0e02e3f0-5fb0-4a4a-b258-29afedadc638 200 in 78ms (next.js: 2ms, proxy.ts: 1.8ms, application-code: 74ms)
 POST /tasks?q=COLL_TASK_001&status=open 200 in 98ms (next.js: 2ms, proxy.ts: 3ms, application-code: 94ms)
  └─ ƒ addWorkspaceTaskComment({}) in 9ms src/app/actions.ts
 GET /discussions/tasks/0e02e3f0-5fb0-4a4a-b258-29afedadc638 200 in 42ms (next.js: 5ms, proxy.ts: 3ms, application-code: 34ms)
 GET /discussions/tasks/0e02e3f0-5fb0-4a4a-b258-29afedadc638?cursor=eyJ2IjoxLCJpdiI6IlVGUmFJUUMwMEtxT3YxOFEiLCJ0YWciOiJUa3l1d3RWeFJObUNlUVF6R1Bhb0VnIiwiZGF0YSI6IlRwNmJfeWhVUnpURWY5RElVXzhmQ0dOZjU0NDJCc25fcWtwc2FGdmR0ZGlTY3doQUM0d0cwX3J2a3B3N2pEQjVwUVdlaDUzTnAwbHBFaW9GU3A1MHZ1LWp0eTdlOVN4TUZ6cUFpMjJoTFFYcXBsbjJBb1FSTjBla0dCcE9DendxOWgyd0tCcWNtaHliQjdhRTdoQVg1YVp0eFVEeHZ0YnRIa1Y1R251RGhHR1JuWkRacVRWWk10bTEzV1BLQzg3bTdHS3h2am9rUlpaeW56MHhRbTVZMmVPX3Y2VjdWWlIwTVgyS1NsUlNYcWViVzFhMFFKYjZSN3U1WDhtclVhdW5SdExEakZ6cklkN1EtQjV5ZDBpMldubVRyaFFfd01HUDJFMG93QlNLdVRJVmsyTTFBV0lYZWcifQ 200 in 62ms (next.js: 12ms, proxy.ts: 4ms, application-code: 47ms)
 GET /discussions/tasks/0e02e3f0-5fb0-4a4a-b258-29afedadc638?q=COLL_MESSAGE_001 200 in 146ms (next.js: 3ms, proxy.ts: 1.7ms, application-code: 142ms)
[browser] A tree hydrated but some attributes of the server rendered HTML didn't match the client properties. This won't be patched up. This can happen if a SSR-ed Client Component used:

- A server/client branch `if (typeof window !== 'undefined')`.
- Variable input such as `Date.now()` or `Math.random()` which changes each time it's called.
- Date formatting in a user's locale which doesn't match the server.
- External changing data without sending a snapshot of it along with the HTML.
- Invalid HTML tag nesting.

It can also happen if the client has a browser extension installed which messes with the HTML before React loaded.

https://react.dev/link/hydration-mismatch

  ...
    <InnerScrollHandlerNew focusAndScrollRef={{scrollRef:null, ...}} cacheNode={{rsc:{...}, ...}}>
      <ErrorBoundary errorComponent={undefined} errorStyles={undefined} errorScripts={undefined}>
        <LoadingBoundary name="0e02e3f0-5..." loading={null}>
          <HTTPAccessFallbackBoundary notFound={undefined} forbidden={undefined} unauthorized={undefined}>
            <RedirectBoundary>
              <RedirectErrorBoundary router={{...}}>
                <InnerLayoutRouter url="/discussio..." tree={[...]} params={{kind:"tasks", ...}} ...>
                  <SegmentViewNode type="page" pagePath="(app)/disc...">
                    <SegmentTrieNode>
                    <DiscussionPage>
                      <div>
                      <LinkComponent>
                      <CollectionControls>
                        <div className="my-5 space..." data-collection-controls={true}>
                          <form action="/discussio..." className="flex flex-...">
                            <label className="grid gap-1...">
                              <span>
                              <input
                                type="search"
                                name="q"
                                defaultValue="COLL_MESSAGE_001"
                                maxLength={120}
                                className="h-10 rounded-lg border bg-white px-3 text-sm"
-                               style={{caret-color:"transparent"}}
                              >
                            ...
                          ...
                      ...
                  ...
                ...
      ...
 
 GET /api/auth/get-session 429 in 36ms (next.js: 18ms, proxy.ts: 6ms, application-code: 12ms)
 GET /api/auth/organization/list 429 in 36ms (next.js: 11ms, proxy.ts: 6ms, application-code: 19ms)
 GET /alerts?q=COLL_ALERT_ 200 in 364ms (next.js: 2.0ms, proxy.ts: 5ms, application-code: 358ms)
 GET /api/auth/get-session 429 in 17ms (next.js: 4ms, proxy.ts: 3ms, application-code: 10ms)
 GET /api/auth/organization/list 429 in 17ms (next.js: 8ms, proxy.ts: 3ms, application-code: 6ms)
 GET /alerts?q=COLL_ALERT_&cursor=eyJ2IjoxLCJpdiI6IlJoR1RKRlZjeEhBWUFpX3EiLCJ0YWciOiJnTlh5c1htNU5BRGk5QWxTN1E3eW5BIiwiZGF0YSI6ImQ4dHRMNnlMRS1vN0p0aEpuTE5Zc1JoQ2pJZEw1RUczUWYtR2RjeU1WbTFhVHJKM3Yzcm9LY3pYc2ZQNmhwNEZnV1lFRTk4YWpIOTkwZHVRUjFSRU9KeFNaaEhBd0ItejRvQlJCN3hOV2VvQ2dGd0tlZ01GV1BSWWdyR1B1N0V0ekNfUS1RamtsQmJMeDJDNDVKbVFMRGp1TzNIbVRNUjFISmdFQXZCLWUxTkQ0cGttS1VjNldnVG02cmdPcjRDSTc2UGpDcVFqQ0k4amVCbThOU1c1WndzcEJOMFQwMEhwTmtuY05JcXJEQkxHRGxUbzNNYTl4TllJa0dyMUdickRFY2Z5RDVibFBjRTlUSU9sUXpVQTNYQTFwT0t1U2hhcy1PTUN2X2xKQmtXVjB1dkZJSXIzTUEifQ 200 in 79ms (next.js: 2ms, proxy.ts: 2ms, application-code: 74ms)
 GET /alerts?q=COLL_ALERT_001&status= 200 in 127ms (next.js: 1.9ms, proxy.ts: 1.9ms, application-code: 123ms)
 GET /api/auth/get-session 429 in 77ms (next.js: 41ms, proxy.ts: 11ms, application-code: 25ms)
 GET /api/auth/organization/list 429 in 77ms (next.js: 57ms, proxy.ts: 10ms, application-code: 10ms)
 GET /approvals?q=COLL_APPROVAL_ 200 in 388ms (next.js: 1.8ms, proxy.ts: 1.9ms, application-code: 384ms)
 GET /api/auth/get-session 429 in 20ms (next.js: 6ms, proxy.ts: 3ms, application-code: 11ms)
 GET /api/auth/organization/list 429 in 21ms (next.js: 10ms, proxy.ts: 3ms, application-code: 9ms)
 GET /approvals?q=COLL_APPROVAL_&cursor=eyJ2IjoxLCJpdiI6IkRhUXdFTHZ4OE45UGgzY1YiLCJ0YWciOiJCQXVNcXpHX3oxZGVoM0t6d0VUbHFBIiwiZGF0YSI6Ik5iOXk0ZDgzTEVwSm81ZzQ2ZVVDd2thZDQwbGpyWERkT3I2Ry1wQ29MRVZZTjVjM2FRVGpYWmJxUmhpYzh4dGVNZXQ4SGkxUzhQTi0weElTYmxVeVFXNGZIS21raW4wZC0tSG9tY254RFJxUkp2WlhZbFJ6T1cyN3RKSFBsaEpDMVFGXzJEUlJVQjlUdm1xcGtKUEQ4ZW5IZzJRV3F5Z0xRSU90bHVCVmRnODFuNTVheFpXY3BtcGtfZFpkQlNQV3VEQnJvWVFnN2tNQVhaakhUeGQyRW9Eb21ocFk1ekxqT1BOWEcyYjFxVkROT1hEZmpZdUVzd0tuWWQ2eVQ4b0NQLTRvV2c1N0dycGRxdENfaTJyaTU0R0U5TGJ0VmJfSTJQWXlJSWVCb1hyRThXZnJRUnhUN0EifQ 200 in 155ms (next.js: 3ms, proxy.ts: 3ms, application-code: 150ms)
 GET /approvals?q=COLL_APPROVAL_001&status= 200 in 111ms (next.js: 1.8ms, proxy.ts: 1.9ms, application-code: 108ms)
 GET /api/auth/organization/list 200 in 191ms (next.js: 20ms, proxy.ts: 166ms, application-code: 5ms)
 GET /api/auth/get-session 200 in 191ms (next.js: 15ms, proxy.ts: 165ms, application-code: 11ms)
 GET /support?q=COLL_SUPPORT_ 200 in 301ms (next.js: 1.8ms, proxy.ts: 1.9ms, application-code: 297ms)
 GET /api/auth/get-session 429 in 15ms (next.js: 4ms, proxy.ts: 3ms, application-code: 8ms)
 GET /api/auth/organization/list 429 in 16ms (next.js: 7ms, proxy.ts: 4ms, application-code: 6ms)
 GET /support?q=COLL_SUPPORT_&cursor=eyJ2IjoxLCJpdiI6IjJxVkNxem1tbXZna1F0NGEiLCJ0YWciOiJUZmpTeEx3bTBsai1iajV1bGdKVmR3IiwiZGF0YSI6InVwcHNyMnIzbl9ENndiOUVQckF3RTRReXRJaGM2ZndhQ2xFTFFiTlVOdGhqMDVsWWxaRG9UMzZHM3FUMEZDdnJpd2hEVkZYeFZwakc2NEQyUDNheG92UC1LckZ4LUJWZGFzVUIzUFlhOVBrVkNPWTNwLXloeGg5RFVtUHp1VkwzQ0VzV1VlU2FBTnljV2Z1aWFBc2pRZjY1elBMTUZueEozdlNGMXJzazZKQkxOMS0tbTVDSGJoSDc1SEpqMzNrcDU0MnF1NDdLNWl6Ql9pbVZQRktxMHNkX21FaVlGbzJNU3hfaGdjbm83Z21WZ21iSHE2bEt1Mkl1VzVaRHpiVFBQQWZXWmdmb3hDWExzYVZFUHhoXy1hNmxtTmNfdHI0ZGtZMTV1UEwzQ0RsZ3o0UTJUZVp6TXcifQ 200 in 66ms (next.js: 1.9ms, proxy.ts: 2ms, application-code: 62ms)
 GET /support?q=COLL_SUPPORT_001&status= 200 in 149ms (next.js: 3ms, proxy.ts: 3ms, application-code: 144ms)
 GET /api/auth/get-session 429 in 18ms (next.js: 5ms, proxy.ts: 3ms, application-code: 10ms)
 GET /api/auth/organization/list 429 in 19ms (next.js: 10ms, proxy.ts: 3ms, application-code: 6ms)
[browser] A tree hydrated but some attributes of the server rendered HTML didn't match the client properties. This won't be patched up. This can happen if a SSR-ed Client Component used:

- A server/client branch `if (typeof window !== 'undefined')`.
- Variable input such as `Date.now()` or `Math.random()` which changes each time it's called.
- Date formatting in a user's locale which doesn't match the server.
- External changing data without sending a snapshot of it along with the HTML.
- Invalid HTML tag nesting.

It can also happen if the client has a browser extension installed which messes with the HTML before React loaded.

https://react.dev/link/hydration-mismatch

  ...
    <InnerScrollHandlerNew focusAndScrollRef={{scrollRef:null, ...}} cacheNode={{rsc:{...}, ...}}>
      <ErrorBoundary errorComponent={undefined} errorStyles={undefined} errorScripts={undefined}>
        <LoadingBoundary name="support/" loading={null}>
          <HTTPAccessFallbackBoundary notFound={undefined} forbidden={undefined} unauthorized={undefined}>
            <RedirectBoundary>
              <RedirectErrorBoundary router={{...}}>
                <InnerLayoutRouter url={"/support..."} tree={[...]} params={{}} cacheNode={{rsc:{...}, ...}} ...>
                  <SegmentViewNode type="page" pagePath="(app)/supp...">
                    <SegmentTrieNode>
                    <SupportPage>
                      <div>
                      <section>
                      <Card>
                        <div data-slot="card" data-size="default" className={"group/ca..."}>
                          <div>
                          <CardContent>
                            <div data-slot="card-content" className="px-(--card...">
                              <form action={function createSupportTicket} className="grid gap-3...">
                                <Input>
                                  <input
                                    data-slot="input"
                                    className="h-8 w-full min-w-0 rounded-lg border border-input bg-transparent px-2.5..."
                                    name="subject"
                                    minLength={4}
                                    maxLength={220}
                                    required={true}
                                    placeholder="Short, precise subject"
-                                   style={{caret-color:"transparent"}}
                                  >
                                <select>
                                <select>
                                <Textarea>
                                  <textarea
                                    data-slot="textarea"
                                    className="flex field-sizing-content w-full rounded-lg border border-input bg-tran..."
                                    name="body"
                                    minLength={10}
                                    maxLength={8000}
                                    required={true}
                                    placeholder="Context, steps to reproduce, expected and observed result. Never incl..."
-                                   style={{caret-color:"transparent"}}
                                  >
                                ...
                      <CollectionControls>
                        <div className="my-5 space..." data-collection-controls={true}>
                          <form action="/support" className="flex flex-...">
                            <label className="grid gap-1...">
                              <span>
                              <input
                                type="search"
                                name="q"
                                defaultValue="COLL_SUPPORT_001"
                                maxLength={120}
                                className="h-10 rounded-lg border bg-white px-3 text-sm"
-                               style={{caret-color:"transparent"}}
                              >
                            ...
                          ...
                      <div className="space-y-4">
                        <Card>
                          <div data-slot="card" data-size="default" className={"group/ca..."}>
                            <CardContent>
                              <div data-slot="card-content" className="p-5">
                                <div>
                                <LinkComponent>
                                <div>
                                <form action={function addSupportMessage} className="mt-4 flex ...">
                                  <input
                                    type="hidden"
                                    name="ticketId"
                                    value="c2ebb54a-e92b-45ef-877e-639f7cc58be2"
-                                   style={{caret-color:"transparent"}}
                                  >
                                  <Textarea>
                                    <textarea
                                      data-slot="textarea"
                                      className="flex field-sizing-content w-full rounded-lg border border-input bg-tr..."
                                      name="body"
                                      maxLength={8000}
                                      required={true}
                                      placeholder="Add context or reply to support"
-                                     style={{caret-color:"transparent"}}
                                    >
                                  ...
                  ...
                ...
      ...
 
 GET /tasks?cursor=forged 200 in 127ms (next.js: 1.8ms, proxy.ts: 1.8ms, application-code: 123ms)
 GET /api/auth/get-session 429 in 17ms (next.js: 4ms, proxy.ts: 3ms, application-code: 10ms)
 GET /api/auth/organization/list 429 in 17ms (next.js: 7ms, proxy.ts: 3ms, application-code: 7ms)
 GET /support?q=COLL_SUPPORT_ 200 in 101ms (next.js: 1.8ms, proxy.ts: 2ms, application-code: 97ms)
 GET /api/auth/get-session 429 in 85ms (next.js: 29ms, proxy.ts: 36ms, application-code: 19ms)
 GET /api/auth/organization/list 429 in 91ms (next.js: 32ms, proxy.ts: 27ms, application-code: 32ms)
 GET /discussions/support/c2ebb54a-e92b-45ef-877e-639f7cc58be2 404 in 137ms (next.js: 5ms, proxy.ts: 2ms, application-code: 130ms)
  ✓  45 [chromium] › e2e/workspace-collections-local.spec.ts:14:53 › workspace collection navigation › searches older records and conversations in en (7.2s)


  1) [chromium] › e2e/portfolio-local.spec.ts:13:53 › agency portfolio › reviews 50 accounts, personal views and team workload in fr 

    Error: expect(received).toEqual(expected) // deep equality

    - Expected  -   1
    + Received  + 233

    - Array []
    + Array [
    +   "Applying inline style violates the following Content Security Policy directive 'style-src 'self' 'nonce-cb28383c94194d42b1c12b015806b054' 'unsafe-inline''. Note that 'unsafe-inline' is ignored if either a hash or nonce value is present in the source list. The action has been blocked.",
    +   "Applying inline style violates the following Content Security Policy directive 'style-src 'self' 'nonce-cb28383c94194d42b1c12b015806b054' 'unsafe-inline''. Note that 'unsafe-inline' is ignored if either a hash or nonce value is present in the source list. The action has been blocked.",
    +   "Applying inline style violates the following Content Security Policy directive 'style-src 'self' 'nonce-cb28383c94194d42b1c12b015806b054' 'unsafe-inline''. Note that 'unsafe-inline' is ignored if either a hash or nonce value is present in the source list. The action has been blocked.",
    +   "Applying inline style violates the following Content Security Policy directive 'style-src 'self' 'nonce-cb28383c94194d42b1c12b015806b054' 'unsafe-inline''. Note that 'unsafe-inline' is ignored if either a hash or nonce value is present in the source list. The action has been blocked.",
    +   "Applying inline style violates the following Content Security Policy directive 'style-src 'self' 'nonce-cb28383c94194d42b1c12b015806b054' 'unsafe-inline''. Note that 'unsafe-inline' is ignored if either a hash or nonce value is present in the source list. The action has been blocked.",
    +   "Applying inline style violates the following Content Security Policy directive 'style-src 'self' 'nonce-cb28383c94194d42b1c12b015806b054' 'unsafe-inline''. Note that 'unsafe-inline' is ignored if either a hash or nonce value is present in the source list. The action has been blocked.",
    +   "Applying inline style violates the following Content Security Policy directive 'style-src 'self' 'nonce-cb28383c94194d42b1c12b015806b054' 'unsafe-inline''. Note that 'unsafe-inline' is ignored if either a hash or nonce value is present in the source list. The action has been blocked.",
    +   "Applying inline style violates the following Content Security Policy directive 'style-src 'self' 'nonce-cb28383c94194d42b1c12b015806b054' 'unsafe-inline''. Note that 'unsafe-inline' is ignored if either a hash or nonce value is present in the source list. The action has been blocked.",
    +   "Applying inline style violates the following Content Security Policy directive 'style-src 'self' 'nonce-cb28383c94194d42b1c12b015806b054' 'unsafe-inline''. Note that 'unsafe-inline' is ignored if either a hash or nonce value is present in the source list. The action has been blocked.",
    +   "Applying inline style violates the following Content Security Policy directive 'style-src 'self' 'nonce-cb28383c94194d42b1c12b015806b054' 'unsafe-inline''. Note that 'unsafe-inline' is ignored if either a hash or nonce value is present in the source list. The action has been blocked.",
    +   "Applying inline style violates the following Content Security Policy directive 'style-src 'self' 'nonce-cb28383c94194d42b1c12b015806b054' 'unsafe-inline''. Note that 'unsafe-inline' is ignored if either a hash or nonce value is present in the source list. The action has been blocked.",
    +   "Applying inline style violates the following Content Security Policy directive 'style-src 'self' 'nonce-cb28383c94194d42b1c12b015806b054' 'unsafe-inline''. Note that 'unsafe-inline' is ignored if either a hash or nonce value is present in the source list. The action has been blocked.",
    +   "Applying inline style violates the following Content Security Policy directive 'style-src 'self' 'nonce-cb28383c94194d42b1c12b015806b054' 'unsafe-inline''. Note that 'unsafe-inline' is ignored if either a hash or nonce value is present in the source list. The action has been blocked.",
    +   "Applying inline style violates the following Content Security Policy directive 'style-src 'self' 'nonce-cb28383c94194d42b1c12b015806b054' 'unsafe-inline''. Note that 'unsafe-inline' is ignored if either a hash or nonce value is present in the source list. The action has been blocked.",
    +   "Applying inline style violates the following Content Security Policy directive 'style-src 'self' 'nonce-cb28383c94194d42b1c12b015806b054' 'unsafe-inline''. Note that 'unsafe-inline' is ignored if either a hash or nonce value is present in the source list. The action has been blocked.",
    +   "Applying inline style violates the following Content Security Policy directive 'style-src 'self' 'nonce-cb28383c94194d42b1c12b015806b054' 'unsafe-inline''. Note that 'unsafe-inline' is ignored if either a hash or nonce value is present in the source list. The action has been blocked.",
    +   "Applying inline style violates the following Content Security Policy directive 'style-src 'self' 'nonce-cb28383c94194d42b1c12b015806b054' 'unsafe-inline''. Note that 'unsafe-inline' is ignored if either a hash or nonce value is present in the source list. The action has been blocked.",
    +   "Applying inline style violates the following Content Security Policy directive 'style-src 'self' 'nonce-cb28383c94194d42b1c12b015806b054' 'unsafe-inline''. Note that 'unsafe-inline' is ignored if either a hash or nonce value is present in the source list. The action has been blocked.",
    +   "Applying inline style violates the following Content Security Policy directive 'style-src 'self' 'nonce-cb28383c94194d42b1c12b015806b054' 'unsafe-inline''. Note that 'unsafe-inline' is ignored if either a hash or nonce value is present in the source list. The action has been blocked.",
    +   "Applying inline style violates the following Content Security Policy directive 'style-src 'self' 'nonce-cb28383c94194d42b1c12b015806b054' 'unsafe-inline''. Note that 'unsafe-inline' is ignored if either a hash or nonce value is present in the source list. The action has been blocked.",
    +   "Applying inline style violates the following Content Security Policy directive 'style-src 'self' 'nonce-cb28383c94194d42b1c12b015806b054' 'unsafe-inline''. Note that 'unsafe-inline' is ignored if either a hash or nonce value is present in the source list. The action has been blocked.",
    +   "Applying inline style violates the following Content Security Policy directive 'style-src 'self' 'nonce-cb28383c94194d42b1c12b015806b054' 'unsafe-inline''. Note that 'unsafe-inline' is ignored if either a hash or nonce value is present in the source list. The action has been blocked.",
    +   "Applying inline style violates the following Content Security Policy directive 'style-src 'self' 'nonce-cb28383c94194d42b1c12b015806b054' 'unsafe-inline''. Note that 'unsafe-inline' is ignored if either a hash or nonce value is present in the source list. The action has been blocked.",
    +   "Applying inline style violates the following Content Security Policy directive 'style-src 'self' 'nonce-cb28383c94194d42b1c12b015806b054' 'unsafe-inline''. Note that 'unsafe-inline' is ignored if either a hash or nonce value is present in the source list. The action has been blocked.",
    +   "Applying inline style violates the following Content Security Policy directive 'style-src 'self' 'nonce-cb28383c94194d42b1c12b015806b054' 'unsafe-inline''. Note that 'unsafe-inline' is ignored if either a hash or nonce value is present in the source list. The action has been blocked.",
    +   "Applying inline style violates the following Content Security Policy directive 'style-src 'self' 'nonce-cb28383c94194d42b1c12b015806b054' 'unsafe-inline''. Note that 'unsafe-inline' is ignored if either a hash or nonce value is present in the source list. The action has been blocked.",
    +   "Applying inline style violates the following Content Security Policy directive 'style-src 'self' 'nonce-cb28383c94194d42b1c12b015806b054' 'unsafe-inline''. Note that 'unsafe-inline' is ignored if either a hash or nonce value is present in the source list. The action has been blocked.",
    +   "Applying inline style violates the following Content Security Policy directive 'style-src 'self' 'nonce-cb28383c94194d42b1c12b015806b054' 'unsafe-inline''. Note that 'unsafe-inline' is ignored if either a hash or nonce value is present in the source list. The action has been blocked.",
    +   "Applying inline style violates the following Content Security Policy directive 'style-src 'self' 'nonce-cb28383c94194d42b1c12b015806b054' 'unsafe-inline''. Note that 'unsafe-inline' is ignored if either a hash or nonce value is present in the source list. The action has been blocked.",
    +   "Applying inline style violates the following Content Security Policy directive 'style-src 'self' 'nonce-cb28383c94194d42b1c12b015806b054' 'unsafe-inline''. Note that 'unsafe-inline' is ignored if either a hash or nonce value is present in the source list. The action has been blocked.",
    +   "Applying inline style violates the following Content Security Policy directive 'style-src 'self' 'nonce-cb28383c94194d42b1c12b015806b054' 'unsafe-inline''. Note that 'unsafe-inline' is ignored if either a hash or nonce value is present in the source list. The action has been blocked.",
    +   "Applying inline style violates the following Content Security Policy directive 'style-src 'self' 'nonce-cb28383c94194d42b1c12b015806b054' 'unsafe-inline''. Note that 'unsafe-inline' is ignored if either a hash or nonce value is present in the source list. The action has been blocked.",
    +   "Applying inline style violates the following Content Security Policy directive 'style-src 'self' 'nonce-cb28383c94194d42b1c12b015806b054' 'unsafe-inline''. Note that 'unsafe-inline' is ignored if either a hash or nonce value is present in the source list. The action has been blocked.",
    +   "Applying inline style violates the following Content Security Policy directive 'style-src 'self' 'nonce-b3e3723b661641be9a4f989afe9d4ad1' 'unsafe-inline''. Note that 'unsafe-inline' is ignored if either a hash or nonce value is present in the source list. The action has been blocked.",
    +   "Applying inline style violates the following Content Security Policy directive 'style-src 'self' 'nonce-b3e3723b661641be9a4f989afe9d4ad1' 'unsafe-inline''. Note that 'unsafe-inline' is ignored if either a hash or nonce value is present in the source list. The action has been blocked.",
    +   "Applying inline style violates the following Content Security Policy directive 'style-src 'self' 'nonce-b3e3723b661641be9a4f989afe9d4ad1' 'unsafe-inline''. Note that 'unsafe-inline' is ignored if either a hash or nonce value is present in the source list. The action has been blocked.",
    +   "Applying inline style violates the following Content Security Policy directive 'style-src 'self' 'nonce-b3e3723b661641be9a4f989afe9d4ad1' 'unsafe-inline''. Note that 'unsafe-inline' is ignored if either a hash or nonce value is present in the source list. The action has been blocked.",
    +   "Applying inline style violates the following Content Security Policy directive 'style-src 'self' 'nonce-b3e3723b661641be9a4f989afe9d4ad1' 'unsafe-inline''. Note that 'unsafe-inline' is ignored if either a hash or nonce value is present in the source list. The action has been blocked.",
    +   "Applying inline style violates the following Content Security Policy directive 'style-src 'self' 'nonce-b3e3723b661641be9a4f989afe9d4ad1' 'unsafe-inline''. Note that 'unsafe-inline' is ignored if either a hash or nonce value is present in the source list. The action has been blocked.",
    +   "Applying inline style violates the following Content Security Policy directive 'style-src 'self' 'nonce-b3e3723b661641be9a4f989afe9d4ad1' 'unsafe-inline''. Note that 'unsafe-inline' is ignored if either a hash or nonce value is present in the source list. The action has been blocked.",
    +   "Applying inline style violates the following Content Security Policy directive 'style-src 'self' 'nonce-b3e3723b661641be9a4f989afe9d4ad1' 'unsafe-inline''. Note that 'unsafe-inline' is ignored if either a hash or nonce value is present in the source list. The action has been blocked.",
    +   "Applying inline style violates the following Content Security Policy directive 'style-src 'self' 'nonce-b3e3723b661641be9a4f989afe9d4ad1' 'unsafe-inline''. Note that 'unsafe-inline' is ignored if either a hash or nonce value is present in the source list. The action has been blocked.",
    +   "Applying inline style violates the following Content Security Policy directive 'style-src 'self' 'nonce-b3e3723b661641be9a4f989afe9d4ad1' 'unsafe-inline''. Note that 'unsafe-inline' is ignored if either a hash or nonce value is present in the source list. The action has been blocked.",
    +   "Applying inline style violates the following Content Security Policy directive 'style-src 'self' 'nonce-b3e3723b661641be9a4f989afe9d4ad1' 'unsafe-inline''. Note that 'unsafe-inline' is ignored if either a hash or nonce value is present in the source list. The action has been blocked.",
    +   "Applying inline style violates the following Content Security Policy directive 'style-src 'self' 'nonce-b3e3723b661641be9a4f989afe9d4ad1' 'unsafe-inline''. Note that 'unsafe-inline' is ignored if either a hash or nonce value is present in the source list. The action has been blocked.",
    +   "Applying inline style violates the following Content Security Policy directive 'style-src 'self' 'nonce-b3e3723b661641be9a4f989afe9d4ad1' 'unsafe-inline''. Note that 'unsafe-inline' is ignored if either a hash or nonce value is present in the source list. The action has been blocked.",
    +   "Applying inline style violates the following Content Security Policy directive 'style-src 'self' 'nonce-b3e3723b661641be9a4f989afe9d4ad1' 'unsafe-inline''. Note that 'unsafe-inline' is ignored if either a hash or nonce value is present in the source list. The action has been blocked.",
    +   "Applying inline style violates the following Content Security Policy directive 'style-src 'self' 'nonce-b3e3723b661641be9a4f989afe9d4ad1' 'unsafe-inline''. Note that 'unsafe-inline' is ignored if either a hash or nonce value is present in the source list. The action has been blocked.",
    +   "Applying inline style violates the following Content Security Policy directive 'style-src 'self' 'nonce-b3e3723b661641be9a4f989afe9d4ad1' 'unsafe-inline''. Note that 'unsafe-inline' is ignored if either a hash or nonce value is present in the source list. The action has been blocked.",
    +   "Applying inline style violates the following Content Security Policy directive 'style-src 'self' 'nonce-b3e3723b661641be9a4f989afe9d4ad1' 'unsafe-inline''. Note that 'unsafe-inline' is ignored if either a hash or nonce value is present in the source list. The action has been blocked.",
    +   "Applying inline style violates the following Content Security Policy directive 'style-src 'self' 'nonce-b3e3723b661641be9a4f989afe9d4ad1' 'unsafe-inline''. Note that 'unsafe-inline' is ignored if either a hash or nonce value is present in the source list. The action has been blocked.",
    +   "Applying inline style violates the following Content Security Policy directive 'style-src 'self' 'nonce-b3e3723b661641be9a4f989afe9d4ad1' 'unsafe-inline''. Note that 'unsafe-inline' is ignored if either a hash or nonce value is present in the source list. The action has been blocked.",
    +   "Applying inline style violates the following Content Security Policy directive 'style-src 'self' 'nonce-b3e3723b661641be9a4f989afe9d4ad1' 'unsafe-inline''. Note that 'unsafe-inline' is ignored if either a hash or nonce value is present in the source list. The action has been blocked.",
    +   "Applying inline style violates the following Content Security Policy directive 'style-src 'self' 'nonce-b3e3723b661641be9a4f989afe9d4ad1' 'unsafe-inline''. Note that 'unsafe-inline' is ignored if either a hash or nonce value is present in the source list. The action has been blocked.",
    +   "Applying inline style violates the following Content Security Policy directive 'style-src 'self' 'nonce-b3e3723b661641be9a4f989afe9d4ad1' 'unsafe-inline''. Note that 'unsafe-inline' is ignored if either a hash or nonce value is present in the source list. The action has been blocked.",
    +   "Applying inline style violates the following Content Security Policy directive 'style-src 'self' 'nonce-b3e3723b661641be9a4f989afe9d4ad1' 'unsafe-inline''. Note that 'unsafe-inline' is ignored if either a hash or nonce value is present in the source list. The action has been blocked.",
    +   "Applying inline style violates the following Content Security Policy directive 'style-src 'self' 'nonce-b3e3723b661641be9a4f989afe9d4ad1' 'unsafe-inline''. Note that 'unsafe-inline' is ignored if either a hash or nonce value is present in the source list. The action has been blocked.",
    +   "Applying inline style violates the following Content Security Policy directive 'style-src 'self' 'nonce-b3e3723b661641be9a4f989afe9d4ad1' 'unsafe-inline''. Note that 'unsafe-inline' is ignored if either a hash or nonce value is present in the source list. The action has been blocked.",
    +   "Applying inline style violates the following Content Security Policy directive 'style-src 'self' 'nonce-b3e3723b661641be9a4f989afe9d4ad1' 'unsafe-inline''. Note that 'unsafe-inline' is ignored if either a hash or nonce value is present in the source list. The action has been blocked.",
    +   "Applying inline style violates the following Content Security Policy directive 'style-src 'self' 'nonce-b3e3723b661641be9a4f989afe9d4ad1' 'unsafe-inline''. Note that 'unsafe-inline' is ignored if either a hash or nonce value is present in the source list. The action has been blocked.",
    +   "Applying inline style violates the following Content Security Policy directive 'style-src 'self' 'nonce-b3e3723b661641be9a4f989afe9d4ad1' 'unsafe-inline''. Note that 'unsafe-inline' is ignored if either a hash or nonce value is present in the source list. The action has been blocked.",
    +   "Applying inline style violates the following Content Security Policy directive 'style-src 'self' 'nonce-b3e3723b661641be9a4f989afe9d4ad1' 'unsafe-inline''. Note that 'unsafe-inline' is ignored if either a hash or nonce value is present in the source list. The action has been blocked.",
    +   "Applying inline style violates the following Content Security Policy directive 'style-src 'self' 'nonce-b3e3723b661641be9a4f989afe9d4ad1' 'unsafe-inline''. Note that 'unsafe-inline' is ignored if either a hash or nonce value is present in the source list. The action has been blocked.",
    +   "Applying inline style violates the following Content Security Policy directive 'style-src 'self' 'nonce-b3e3723b661641be9a4f989afe9d4ad1' 'unsafe-inline''. Note that 'unsafe-inline' is ignored if either a hash or nonce value is present in the source list. The action has been blocked.",
    +   "Applying inline style violates the following Content Security Policy directive 'style-src 'self' 'nonce-b3e3723b661641be9a4f989afe9d4ad1' 'unsafe-inline''. Note that 'unsafe-inline' is ignored if either a hash or nonce value is present in the source list. The action has been blocked.",
    +   "Applying inline style violates the following Content Security Policy directive 'style-src 'self' 'nonce-b3e3723b661641be9a4f989afe9d4ad1' 'unsafe-inline''. Note that 'unsafe-inline' is ignored if either a hash or nonce value is present in the source list. The action has been blocked.",
    +   "Applying inline style violates the following Content Security Policy directive 'style-src 'self' 'nonce-2e1512870bd14884b11b03bf01d5392f' 'unsafe-inline''. Note that 'unsafe-inline' is ignored if either a hash or nonce value is present in the source list. The action has been blocked.",
    +   "Applying inline style violates the following Content Security Policy directive 'style-src 'self' 'nonce-2e1512870bd14884b11b03bf01d5392f' 'unsafe-inline''. Note that 'unsafe-inline' is ignored if either a hash or nonce value is present in the source list. The action has been blocked.",
    +   "Applying inline style violates the following Content Security Policy directive 'style-src 'self' 'nonce-2e1512870bd14884b11b03bf01d5392f' 'unsafe-inline''. Note that 'unsafe-inline' is ignored if either a hash or nonce value is present in the source list. The action has been blocked.",
    +   "Applying inline style violates the following Content Security Policy directive 'style-src 'self' 'nonce-2e1512870bd14884b11b03bf01d5392f' 'unsafe-inline''. Note that 'unsafe-inline' is ignored if either a hash or nonce value is present in the source list. The action has been blocked.",
    +   "Applying inline style violates the following Content Security Policy directive 'style-src 'self' 'nonce-2e1512870bd14884b11b03bf01d5392f' 'unsafe-inline''. Note that 'unsafe-inline' is ignored if either a hash or nonce value is present in the source list. The action has been blocked.",
    +   "Applying inline style violates the following Content Security Policy directive 'style-src 'self' 'nonce-2e1512870bd14884b11b03bf01d5392f' 'unsafe-inline''. Note that 'unsafe-inline' is ignored if either a hash or nonce value is present in the source list. The action has been blocked.",
    +   "Applying inline style violates the following Content Security Policy directive 'style-src 'self' 'nonce-2e1512870bd14884b11b03bf01d5392f' 'unsafe-inline''. Note that 'unsafe-inline' is ignored if either a hash or nonce value is present in the source list. The action has been blocked.",
    +   "Applying inline style violates the following Content Security Policy directive 'style-src 'self' 'nonce-2e1512870bd14884b11b03bf01d5392f' 'unsafe-inline''. Note that 'unsafe-inline' is ignored if either a hash or nonce value is present in the source list. The action has been blocked.",
    +   "Applying inline style violates the following Content Security Policy directive 'style-src 'self' 'nonce-2e1512870bd14884b11b03bf01d5392f' 'unsafe-inline''. Note that 'unsafe-inline' is ignored if either a hash or nonce value is present in the source list. The action has been blocked.",
    +   "Applying inline style violates the following Content Security Policy directive 'style-src 'self' 'nonce-2e1512870bd14884b11b03bf01d5392f' 'unsafe-inline''. Note that 'unsafe-inline' is ignored if either a hash or nonce value is present in the source list. The action has been blocked.",
    +   "Applying inline style violates the following Content Security Policy directive 'style-src 'self' 'nonce-2e1512870bd14884b11b03bf01d5392f' 'unsafe-inline''. Note that 'unsafe-inline' is ignored if either a hash or nonce value is present in the source list. The action has been blocked.",
    +   "Applying inline style violates the following Content Security Policy directive 'style-src 'self' 'nonce-2e1512870bd14884b11b03bf01d5392f' 'unsafe-inline''. Note that 'unsafe-inline' is ignored if either a hash or nonce value is present in the source list. The action has been blocked.",
    +   "Applying inline style violates the following Content Security Policy directive 'style-src 'self' 'nonce-2e1512870bd14884b11b03bf01d5392f' 'unsafe-inline''. Note that 'unsafe-inline' is ignored if either a hash or nonce value is present in the source list. The action has been blocked.",
    +   "Applying inline style violates the following Content Security Policy directive 'style-src 'self' 'nonce-2e1512870bd14884b11b03bf01d5392f' 'unsafe-inline''. Note that 'unsafe-inline' is ignored if either a hash or nonce value is present in the source list. The action has been blocked.",
    +   "Applying inline style violates the following Content Security Policy directive 'style-src 'self' 'nonce-2e1512870bd14884b11b03bf01d5392f' 'unsafe-inline''. Note that 'unsafe-inline' is ignored if either a hash or nonce value is present in the source list. The action has been blocked.",
    +   "Applying inline style violates the following Content Security Policy directive 'style-src 'self' 'nonce-2e1512870bd14884b11b03bf01d5392f' 'unsafe-inline''. Note that 'unsafe-inline' is ignored if either a hash or nonce value is present in the source list. The action has been blocked.",
    +   "Applying inline style violates the following Content Security Policy directive 'style-src 'self' 'nonce-2e1512870bd14884b11b03bf01d5392f' 'unsafe-inline''. Note that 'unsafe-inline' is ignored if either a hash or nonce value is present in the source list. The action has been blocked.",
    +   "Applying inline style violates the following Content Security Policy directive 'style-src 'self' 'nonce-2e1512870bd14884b11b03bf01d5392f' 'unsafe-inline''. Note that 'unsafe-inline' is ignored if either a hash or nonce value is present in the source list. The action has been blocked.",
    +   "Applying inline style violates the following Content Security Policy directive 'style-src 'self' 'nonce-2e1512870bd14884b11b03bf01d5392f' 'unsafe-inline''. Note that 'unsafe-inline' is ignored if either a hash or nonce value is present in the source list. The action has been blocked.",
    +   "Applying inline style violates the following Content Security Policy directive 'style-src 'self' 'nonce-2e1512870bd14884b11b03bf01d5392f' 'unsafe-inline''. Note that 'unsafe-inline' is ignored if either a hash or nonce value is present in the source list. The action has been blocked.",
    +   "Applying inline style violates the following Content Security Policy directive 'style-src 'self' 'nonce-2e1512870bd14884b11b03bf01d5392f' 'unsafe-inline''. Note that 'unsafe-inline' is ignored if either a hash or nonce value is present in the source list. The action has been blocked.",
    +   "Applying inline style violates the following Content Security Policy directive 'style-src 'self' 'nonce-2e1512870bd14884b11b03bf01d5392f' 'unsafe-inline''. Note that 'unsafe-inline' is ignored if either a hash or nonce value is present in the source list. The action has been blocked.",
    +   "Applying inline style violates the following Content Security Policy directive 'style-src 'self' 'nonce-2e1512870bd14884b11b03bf01d5392f' 'unsafe-inline''. Note that 'unsafe-inline' is ignored if either a hash or nonce value is present in the source list. The action has been blocked.",
    +   "Applying inline style violates the following Content Security Policy directive 'style-src 'self' 'nonce-2e1512870bd14884b11b03bf01d5392f' 'unsafe-inline''. Note that 'unsafe-inline' is ignored if either a hash or nonce value is present in the source list. The action has been blocked.",
    +   "Applying inline style violates the following Content Security Policy directive 'style-src 'self' 'nonce-2e1512870bd14884b11b03bf01d5392f' 'unsafe-inline''. Note that 'unsafe-inline' is ignored if either a hash or nonce value is present in the source list. The action has been blocked.",
    +   "Applying inline style violates the following Content Security Policy directive 'style-src 'self' 'nonce-2e1512870bd14884b11b03bf01d5392f' 'unsafe-inline''. Note that 'unsafe-inline' is ignored if either a hash or nonce value is present in the source list. The action has been blocked.",
    +   "Applying inline style violates the following Content Security Policy directive 'style-src 'self' 'nonce-2e1512870bd14884b11b03bf01d5392f' 'unsafe-inline''. Note that 'unsafe-inline' is ignored if either a hash or nonce value is present in the source list. The action has been blocked.",
    +   "Applying inline style violates the following Content Security Policy directive 'style-src 'self' 'nonce-2e1512870bd14884b11b03bf01d5392f' 'unsafe-inline''. Note that 'unsafe-inline' is ignored if either a hash or nonce value is present in the source list. The action has been blocked.",
    +   "Applying inline style violates the following Content Security Policy directive 'style-src 'self' 'nonce-2e1512870bd14884b11b03bf01d5392f' 'unsafe-inline''. Note that 'unsafe-inline' is ignored if either a hash or nonce value is present in the source list. The action has been blocked.",
    +   "Applying inline style violates the following Content Security Policy directive 'style-src 'self' 'nonce-2e1512870bd14884b11b03bf01d5392f' 'unsafe-inline''. Note that 'unsafe-inline' is ignored if either a hash or nonce value is present in the source list. The action has been blocked.",
    +   "Applying inline style violates the following Content Security Policy directive 'style-src 'self' 'nonce-2e1512870bd14884b11b03bf01d5392f' 'unsafe-inline''. Note that 'unsafe-inline' is ignored if either a hash or nonce value is present in the source list. The action has been blocked.",
    +   "Applying inline style violates the following Content Security Policy directive 'style-src 'self' 'nonce-2e1512870bd14884b11b03bf01d5392f' 'unsafe-inline''. Note that 'unsafe-inline' is ignored if either a hash or nonce value is present in the source list. The action has been blocked.",
    +   "Applying inline style violates the following Content Security Policy directive 'style-src 'self' 'nonce-2e1512870bd14884b11b03bf01d5392f' 'unsafe-inline''. Note that 'unsafe-inline' is ignored if either a hash or nonce value is present in the source list. The action has been blocked.",
    +   "Applying inline style violates the following Content Security Policy directive 'style-src 'self' 'nonce-ece5c71d96cf45c2aa2b3e439238f9ba' 'unsafe-inline''. Note that 'unsafe-inline' is ignored if either a hash or nonce value is present in the source list. The action has been blocked.",
    +   "Applying inline style violates the following Content Security Policy directive 'style-src 'self' 'nonce-ece5c71d96cf45c2aa2b3e439238f9ba' 'unsafe-inline''. Note that 'unsafe-inline' is ignored if either a hash or nonce value is present in the source list. The action has been blocked.",
    +   "Applying inline style violates the following Content Security Policy directive 'style-src 'self' 'nonce-ece5c71d96cf45c2aa2b3e439238f9ba' 'unsafe-inline''. Note that 'unsafe-inline' is ignored if either a hash or nonce value is present in the source list. The action has been blocked.",
    +   "Applying inline style violates the following Content Security Policy directive 'style-src 'self' 'nonce-ece5c71d96cf45c2aa2b3e439238f9ba' 'unsafe-inline''. Note that 'unsafe-inline' is ignored if either a hash or nonce value is present in the source list. The action has been blocked.",
    +   "Applying inline style violates the following Content Security Policy directive 'style-src 'self' 'nonce-ece5c71d96cf45c2aa2b3e439238f9ba' 'unsafe-inline''. Note that 'unsafe-inline' is ignored if either a hash or nonce value is present in the source list. The action has been blocked.",
    +   "Applying inline style violates the following Content Security Policy directive 'style-src 'self' 'nonce-ece5c71d96cf45c2aa2b3e439238f9ba' 'unsafe-inline''. Note that 'unsafe-inline' is ignored if either a hash or nonce value is present in the source list. The action has been blocked.",
    +   "Applying inline style violates the following Content Security Policy directive 'style-src 'self' 'nonce-ece5c71d96cf45c2aa2b3e439238f9ba' 'unsafe-inline''. Note that 'unsafe-inline' is ignored if either a hash or nonce value is present in the source list. The action has been blocked.",
    +   "Applying inline style violates the following Content Security Policy directive 'style-src 'self' 'nonce-ece5c71d96cf45c2aa2b3e439238f9ba' 'unsafe-inline''. Note that 'unsafe-inline' is ignored if either a hash or nonce value is present in the source list. The action has been blocked.",
    +   "Applying inline style violates the following Content Security Policy directive 'style-src 'self' 'nonce-ece5c71d96cf45c2aa2b3e439238f9ba' 'unsafe-inline''. Note that 'unsafe-inline' is ignored if either a hash or nonce value is present in the source list. The action has been blocked.",
    +   "Applying inline style violates the following Content Security Policy directive 'style-src 'self' 'nonce-ece5c71d96cf45c2aa2b3e439238f9ba' 'unsafe-inline''. Note that 'unsafe-inline' is ignored if either a hash or nonce value is present in the source list. The action has been blocked.",
    +   "Applying inline style violates the following Content Security Policy directive 'style-src 'self' 'nonce-ece5c71d96cf45c2aa2b3e439238f9ba' 'unsafe-inline''. Note that 'unsafe-inline' is ignored if either a hash or nonce value is present in the source list. The action has been blocked.",
    +   "Applying inline style violates the following Content Security Policy directive 'style-src 'self' 'nonce-ece5c71d96cf45c2aa2b3e439238f9ba' 'unsafe-inline''. Note that 'unsafe-inline' is ignored if either a hash or nonce value is present in the source list. The action has been blocked.",
    +   "Applying inline style violates the following Content Security Policy directive 'style-src 'self' 'nonce-ece5c71d96cf45c2aa2b3e439238f9ba' 'unsafe-inline''. Note that 'unsafe-inline' is ignored if either a hash or nonce value is present in the source list. The action has been blocked.",
    +   "Applying inline style violates the following Content Security Policy directive 'style-src 'self' 'nonce-ece5c71d96cf45c2aa2b3e439238f9ba' 'unsafe-inline''. Note that 'unsafe-inline' is ignored if either a hash or nonce value is present in the source list. The action has been blocked.",
    +   "Applying inline style violates the following Content Security Policy directive 'style-src 'self' 'nonce-ece5c71d96cf45c2aa2b3e439238f9ba' 'unsafe-inline''. Note that 'unsafe-inline' is ignored if either a hash or nonce value is present in the source list. The action has been blocked.",
    +   "Applying inline style violates the following Content Security Policy directive 'style-src 'self' 'nonce-ece5c71d96cf45c2aa2b3e439238f9ba' 'unsafe-inline''. Note that 'unsafe-inline' is ignored if either a hash or nonce value is present in the source list. The action has been blocked.",
    +   "Applying inline style violates the following Content Security Policy directive 'style-src 'self' 'nonce-ece5c71d96cf45c2aa2b3e439238f9ba' 'unsafe-inline''. Note that 'unsafe-inline' is ignored if either a hash or nonce value is present in the source list. The action has been blocked.",
    +   "Applying inline style violates the following Content Security Policy directive 'style-src 'self' 'nonce-ece5c71d96cf45c2aa2b3e439238f9ba' 'unsafe-inline''. Note that 'unsafe-inline' is ignored if either a hash or nonce value is present in the source list. The action has been blocked.",
    +   "Applying inline style violates the following Content Security Policy directive 'style-src 'self' 'nonce-ece5c71d96cf45c2aa2b3e439238f9ba' 'unsafe-inline''. Note that 'unsafe-inline' is ignored if either a hash or nonce value is present in the source list. The action has been blocked.",
    +   "Applying inline style violates the following Content Security Policy directive 'style-src 'self' 'nonce-ece5c71d96cf45c2aa2b3e439238f9ba' 'unsafe-inline''. Note that 'unsafe-inline' is ignored if either a hash or nonce value is present in the source list. The action has been blocked.",
    +   "Applying inline style violates the following Content Security Policy directive 'style-src 'self' 'nonce-ece5c71d96cf45c2aa2b3e439238f9ba' 'unsafe-inline''. Note that 'unsafe-inline' is ignored if either a hash or nonce value is present in the source list. The action has been blocked.",
    +   "Applying inline style violates the following Content Security Policy directive 'style-src 'self' 'nonce-ece5c71d96cf45c2aa2b3e439238f9ba' 'unsafe-inline''. Note that 'unsafe-inline' is ignored if either a hash or nonce value is present in the source list. The action has been blocked.",
    +   "Applying inline style violates the following Content Security Policy directive 'style-src 'self' 'nonce-ece5c71d96cf45c2aa2b3e439238f9ba' 'unsafe-inline''. Note that 'unsafe-inline' is ignored if either a hash or nonce value is present in the source list. The action has been blocked.",
    +   "Applying inline style violates the following Content Security Policy directive 'style-src 'self' 'nonce-ece5c71d96cf45c2aa2b3e439238f9ba' 'unsafe-inline''. Note that 'unsafe-inline' is ignored if either a hash or nonce value is present in the source list. The action has been blocked.",
    +   "Applying inline style violates the following Content Security Policy directive 'style-src 'self' 'nonce-ece5c71d96cf45c2aa2b3e439238f9ba' 'unsafe-inline''. Note that 'unsafe-inline' is ignored if either a hash or nonce value is present in the source list. The action has been blocked.",
    +   "Applying inline style violates the following Content Security Policy directive 'style-src 'self' 'nonce-ece5c71d96cf45c2aa2b3e439238f9ba' 'unsafe-inline''. Note that 'unsafe-inline' is ignored if either a hash or nonce value is present in the source list. The action has been blocked.",
    +   "Applying inline style violates the following Content Security Policy directive 'style-src 'self' 'nonce-ece5c71d96cf45c2aa2b3e439238f9ba' 'unsafe-inline''. Note that 'unsafe-inline' is ignored if either a hash or nonce value is present in the source list. The action has been blocked.",
    +   "Applying inline style violates the following Content Security Policy directive 'style-src 'self' 'nonce-ece5c71d96cf45c2aa2b3e439238f9ba' 'unsafe-inline''. Note that 'unsafe-inline' is ignored if either a hash or nonce value is present in the source list. The action has been blocked.",
    +   "Applying inline style violates the following Content Security Policy directive 'style-src 'self' 'nonce-ece5c71d96cf45c2aa2b3e439238f9ba' 'unsafe-inline''. Note that 'unsafe-inline' is ignored if either a hash or nonce value is present in the source list. The action has been blocked.",
    +   "Applying inline style violates the following Content Security Policy directive 'style-src 'self' 'nonce-ece5c71d96cf45c2aa2b3e439238f9ba' 'unsafe-inline''. Note that 'unsafe-inline' is ignored if either a hash or nonce value is present in the source list. The action has been blocked.",
    +   "Applying inline style violates the following Content Security Policy directive 'style-src 'self' 'nonce-ece5c71d96cf45c2aa2b3e439238f9ba' 'unsafe-inline''. Note that 'unsafe-inline' is ignored if either a hash or nonce value is present in the source list. The action has been blocked.",
    +   "Applying inline style violates the following Content Security Policy directive 'style-src 'self' 'nonce-ece5c71d96cf45c2aa2b3e439238f9ba' 'unsafe-inline''. Note that 'unsafe-inline' is ignored if either a hash or nonce value is present in the source list. The action has been blocked.",
    +   "Applying inline style violates the following Content Security Policy directive 'style-src 'self' 'nonce-ece5c71d96cf45c2aa2b3e439238f9ba' 'unsafe-inline''. Note that 'unsafe-inline' is ignored if either a hash or nonce value is present in the source list. The action has been blocked.",
    +   "Applying inline style violates the following Content Security Policy directive 'style-src 'self' 'nonce-8c948a9e550b43e0b0669da02f646f69' 'unsafe-inline''. Note that 'unsafe-inline' is ignored if either a hash or nonce value is present in the source list. The action has been blocked.",
    +   "Applying inline style violates the following Content Security Policy directive 'style-src 'self' 'nonce-8c948a9e550b43e0b0669da02f646f69' 'unsafe-inline''. Note that 'unsafe-inline' is ignored if either a hash or nonce value is present in the source list. The action has been blocked.",
    +   "Applying inline style violates the following Content Security Policy directive 'style-src 'self' 'nonce-8c948a9e550b43e0b0669da02f646f69' 'unsafe-inline''. Note that 'unsafe-inline' is ignored if either a hash or nonce value is present in the source list. The action has been blocked.",
    +   "Applying inline style violates the following Content Security Policy directive 'style-src 'self' 'nonce-8c948a9e550b43e0b0669da02f646f69' 'unsafe-inline''. Note that 'unsafe-inline' is ignored if either a hash or nonce value is present in the source list. The action has been blocked.",
    +   "Applying inline style violates the following Content Security Policy directive 'style-src 'self' 'nonce-8c948a9e550b43e0b0669da02f646f69' 'unsafe-inline''. Note that 'unsafe-inline' is ignored if either a hash or nonce value is present in the source list. The action has been blocked.",
    +   "Applying inline style violates the following Content Security Policy directive 'style-src 'self' 'nonce-8c948a9e550b43e0b0669da02f646f69' 'unsafe-inline''. Note that 'unsafe-inline' is ignored if either a hash or nonce value is present in the source list. The action has been blocked.",
    +   "Applying inline style violates the following Content Security Policy directive 'style-src 'self' 'nonce-8c948a9e550b43e0b0669da02f646f69' 'unsafe-inline''. Note that 'unsafe-inline' is ignored if either a hash or nonce value is present in the source list. The action has been blocked.",
    +   "Applying inline style violates the following Content Security Policy directive 'style-src 'self' 'nonce-8c948a9e550b43e0b0669da02f646f69' 'unsafe-inline''. Note that 'unsafe-inline' is ignored if either a hash or nonce value is present in the source list. The action has been blocked.",
    +   "Applying inline style violates the following Content Security Policy directive 'style-src 'self' 'nonce-8c948a9e550b43e0b0669da02f646f69' 'unsafe-inline''. Note that 'unsafe-inline' is ignored if either a hash or nonce value is present in the source list. The action has been blocked.",
    +   "Applying inline style violates the following Content Security Policy directive 'style-src 'self' 'nonce-8c948a9e550b43e0b0669da02f646f69' 'unsafe-inline''. Note that 'unsafe-inline' is ignored if either a hash or nonce value is present in the source list. The action has been blocked.",
    +   "Applying inline style violates the following Content Security Policy directive 'style-src 'self' 'nonce-8c948a9e550b43e0b0669da02f646f69' 'unsafe-inline''. Note that 'unsafe-inline' is ignored if either a hash or nonce value is present in the source list. The action has been blocked.",
    +   "Applying inline style violates the following Content Security Policy directive 'style-src 'self' 'nonce-8c948a9e550b43e0b0669da02f646f69' 'unsafe-inline''. Note that 'unsafe-inline' is ignored if either a hash or nonce value is present in the source list. The action has been blocked.",
    +   "Applying inline style violates the following Content Security Policy directive 'style-src 'self' 'nonce-8c948a9e550b43e0b0669da02f646f69' 'unsafe-inline''. Note that 'unsafe-inline' is ignored if either a hash or nonce value is present in the source list. The action has been blocked.",
    +   "Applying inline style violates the following Content Security Policy directive 'style-src 'self' 'nonce-8c948a9e550b43e0b0669da02f646f69' 'unsafe-inline''. Note that 'unsafe-inline' is ignored if either a hash or nonce value is present in the source list. The action has been blocked.",
    +   "Applying inline style violates the following Content Security Policy directive 'style-src 'self' 'nonce-8c948a9e550b43e0b0669da02f646f69' 'unsafe-inline''. Note that 'unsafe-inline' is ignored if either a hash or nonce value is present in the source list. The action has been blocked.",
    +   "Applying inline style violates the following Content Security Policy directive 'style-src 'self' 'nonce-8c948a9e550b43e0b0669da02f646f69' 'unsafe-inline''. Note that 'unsafe-inline' is ignored if either a hash or nonce value is present in the source list. The action has been blocked.",
    +   "Applying inline style violates the following Content Security Policy directive 'style-src 'self' 'nonce-8c948a9e550b43e0b0669da02f646f69' 'unsafe-inline''. Note that 'unsafe-inline' is ignored if either a hash or nonce value is present in the source list. The action has been blocked.",
    +   "Applying inline style violates the following Content Security Policy directive 'style-src 'self' 'nonce-8c948a9e550b43e0b0669da02f646f69' 'unsafe-inline''. Note that 'unsafe-inline' is ignored if either a hash or nonce value is present in the source list. The action has been blocked.",
    +   "Applying inline style violates the following Content Security Policy directive 'style-src 'self' 'nonce-8c948a9e550b43e0b0669da02f646f69' 'unsafe-inline''. Note that 'unsafe-inline' is ignored if either a hash or nonce value is present in the source list. The action has been blocked.",
    +   "Applying inline style violates the following Content Security Policy directive 'style-src 'self' 'nonce-8c948a9e550b43e0b0669da02f646f69' 'unsafe-inline''. Note that 'unsafe-inline' is ignored if either a hash or nonce value is present in the source list. The action has been blocked.",
    +   "Applying inline style violates the following Content Security Policy directive 'style-src 'self' 'nonce-8c948a9e550b43e0b0669da02f646f69' 'unsafe-inline''. Note that 'unsafe-inline' is ignored if either a hash or nonce value is present in the source list. The action has been blocked.",
    +   "Applying inline style violates the following Content Security Policy directive 'style-src 'self' 'nonce-8c948a9e550b43e0b0669da02f646f69' 'unsafe-inline''. Note that 'unsafe-inline' is ignored if either a hash or nonce value is present in the source list. The action has been blocked.",
    +   "Applying inline style violates the following Content Security Policy directive 'style-src 'self' 'nonce-8c948a9e550b43e0b0669da02f646f69' 'unsafe-inline''. Note that 'unsafe-inline' is ignored if either a hash or nonce value is present in the source list. The action has been blocked.",
    +   "Applying inline style violates the following Content Security Policy directive 'style-src 'self' 'nonce-8c948a9e550b43e0b0669da02f646f69' 'unsafe-inline''. Note that 'unsafe-inline' is ignored if either a hash or nonce value is present in the source list. The action has been blocked.",
    +   "Applying inline style violates the following Content Security Policy directive 'style-src 'self' 'nonce-8c948a9e550b43e0b0669da02f646f69' 'unsafe-inline''. Note that 'unsafe-inline' is ignored if either a hash or nonce value is present in the source list. The action has been blocked.",
    +   "Applying inline style violates the following Content Security Policy directive 'style-src 'self' 'nonce-8c948a9e550b43e0b0669da02f646f69' 'unsafe-inline''. Note that 'unsafe-inline' is ignored if either a hash or nonce value is present in the source list. The action has been blocked.",
    +   "Applying inline style violates the following Content Security Policy directive 'style-src 'self' 'nonce-8c948a9e550b43e0b0669da02f646f69' 'unsafe-inline''. Note that 'unsafe-inline' is ignored if either a hash or nonce value is present in the source list. The action has been blocked.",
    +   "Applying inline style violates the following Content Security Policy directive 'style-src 'self' 'nonce-8c948a9e550b43e0b0669da02f646f69' 'unsafe-inline''. Note that 'unsafe-inline' is ignored if either a hash or nonce value is present in the source list. The action has been blocked.",
    +   "Applying inline style violates the following Content Security Policy directive 'style-src 'self' 'nonce-8c948a9e550b43e0b0669da02f646f69' 'unsafe-inline''. Note that 'unsafe-inline' is ignored if either a hash or nonce value is present in the source list. The action has been blocked.",
    +   "Applying inline style violates the following Content Security Policy directive 'style-src 'self' 'nonce-8c948a9e550b43e0b0669da02f646f69' 'unsafe-inline''. Note that 'unsafe-inline' is ignored if either a hash or nonce value is present in the source list. The action has been blocked.",
    +   "Applying inline style violates the following Content Security Policy directive 'style-src 'self' 'nonce-8c948a9e550b43e0b0669da02f646f69' 'unsafe-inline''. Note that 'unsafe-inline' is ignored if either a hash or nonce value is present in the source list. The action has been blocked.",
    +   "Applying inline style violates the following Content Security Policy directive 'style-src 'self' 'nonce-8c948a9e550b43e0b0669da02f646f69' 'unsafe-inline''. Note that 'unsafe-inline' is ignored if either a hash or nonce value is present in the source list. The action has been blocked.",
    +   "Applying inline style violates the following Content Security Policy directive 'style-src 'self' 'nonce-8c948a9e550b43e0b0669da02f646f69' 'unsafe-inline''. Note that 'unsafe-inline' is ignored if either a hash or nonce value is present in the source list. The action has been blocked.",
    +   "Applying inline style violates the following Content Security Policy directive 'style-src 'self' 'nonce-d456e8dd96b344b7b6a0c776548a4ae3' 'unsafe-inline''. Note that 'unsafe-inline' is ignored if either a hash or nonce value is present in the source list. The action has been blocked.",
    +   "Applying inline style violates the following Content Security Policy directive 'style-src 'self' 'nonce-d456e8dd96b344b7b6a0c776548a4ae3' 'unsafe-inline''. Note that 'unsafe-inline' is ignored if either a hash or nonce value is present in the source list. The action has been blocked.",
    +   "Applying inline style violates the following Content Security Policy directive 'style-src 'self' 'nonce-d456e8dd96b344b7b6a0c776548a4ae3' 'unsafe-inline''. Note that 'unsafe-inline' is ignored if either a hash or nonce value is present in the source list. The action has been blocked.",
    +   "Applying inline style violates the following Content Security Policy directive 'style-src 'self' 'nonce-d456e8dd96b344b7b6a0c776548a4ae3' 'unsafe-inline''. Note that 'unsafe-inline' is ignored if either a hash or nonce value is present in the source list. The action has been blocked.",
    +   "Applying inline style violates the following Content Security Policy directive 'style-src 'self' 'nonce-d456e8dd96b344b7b6a0c776548a4ae3' 'unsafe-inline''. Note that 'unsafe-inline' is ignored if either a hash or nonce value is present in the source list. The action has been blocked.",
    +   "Applying inline style violates the following Content Security Policy directive 'style-src 'self' 'nonce-d456e8dd96b344b7b6a0c776548a4ae3' 'unsafe-inline''. Note that 'unsafe-inline' is ignored if either a hash or nonce value is present in the source list. The action has been blocked.",
    +   "Applying inline style violates the following Content Security Policy directive 'style-src 'self' 'nonce-d456e8dd96b344b7b6a0c776548a4ae3' 'unsafe-inline''. Note that 'unsafe-inline' is ignored if either a hash or nonce value is present in the source list. The action has been blocked.",
    +   "Applying inline style violates the following Content Security Policy directive 'style-src 'self' 'nonce-d456e8dd96b344b7b6a0c776548a4ae3' 'unsafe-inline''. Note that 'unsafe-inline' is ignored if either a hash or nonce value is present in the source list. The action has been blocked.",
    +   "Applying inline style violates the following Content Security Policy directive 'style-src 'self' 'nonce-d456e8dd96b344b7b6a0c776548a4ae3' 'unsafe-inline''. Note that 'unsafe-inline' is ignored if either a hash or nonce value is present in the source list. The action has been blocked.",
    +   "Applying inline style violates the following Content Security Policy directive 'style-src 'self' 'nonce-d456e8dd96b344b7b6a0c776548a4ae3' 'unsafe-inline''. Note that 'unsafe-inline' is ignored if either a hash or nonce value is present in the source list. The action has been blocked.",
    +   "Applying inline style violates the following Content Security Policy directive 'style-src 'self' 'nonce-d456e8dd96b344b7b6a0c776548a4ae3' 'unsafe-inline''. Note that 'unsafe-inline' is ignored if either a hash or nonce value is present in the source list. The action has been blocked.",
    +   "Applying inline style violates the following Content Security Policy directive 'style-src 'self' 'nonce-d456e8dd96b344b7b6a0c776548a4ae3' 'unsafe-inline''. Note that 'unsafe-inline' is ignored if either a hash or nonce value is present in the source list. The action has been blocked.",
    +   "Applying inline style violates the following Content Security Policy directive 'style-src 'self' 'nonce-d456e8dd96b344b7b6a0c776548a4ae3' 'unsafe-inline''. Note that 'unsafe-inline' is ignored if either a hash or nonce value is present in the source list. The action has been blocked.",
    +   "Applying inline style violates the following Content Security Policy directive 'style-src 'self' 'nonce-d456e8dd96b344b7b6a0c776548a4ae3' 'unsafe-inline''. Note that 'unsafe-inline' is ignored if either a hash or nonce value is present in the source list. The action has been blocked.",
    +   "Applying inline style violates the following Content Security Policy directive 'style-src 'self' 'nonce-d456e8dd96b344b7b6a0c776548a4ae3' 'unsafe-inline''. Note that 'unsafe-inline' is ignored if either a hash or nonce value is present in the source list. The action has been blocked.",
    +   "Applying inline style violates the following Content Security Policy directive 'style-src 'self' 'nonce-d456e8dd96b344b7b6a0c776548a4ae3' 'unsafe-inline''. Note that 'unsafe-inline' is ignored if either a hash or nonce value is present in the source list. The action has been blocked.",
    +   "Applying inline style violates the following Content Security Policy directive 'style-src 'self' 'nonce-d456e8dd96b344b7b6a0c776548a4ae3' 'unsafe-inline''. Note that 'unsafe-inline' is ignored if either a hash or nonce value is present in the source list. The action has been blocked.",
    +   "Applying inline style violates the following Content Security Policy directive 'style-src 'self' 'nonce-d456e8dd96b344b7b6a0c776548a4ae3' 'unsafe-inline''. Note that 'unsafe-inline' is ignored if either a hash or nonce value is present in the source list. The action has been blocked.",
    +   "Applying inline style violates the following Content Security Policy directive 'style-src 'self' 'nonce-d456e8dd96b344b7b6a0c776548a4ae3' 'unsafe-inline''. Note that 'unsafe-inline' is ignored if either a hash or nonce value is present in the source list. The action has been blocked.",
    +   "Applying inline style violates the following Content Security Policy directive 'style-src 'self' 'nonce-d456e8dd96b344b7b6a0c776548a4ae3' 'unsafe-inline''. Note that 'unsafe-inline' is ignored if either a hash or nonce value is present in the source list. The action has been blocked.",
    +   "Applying inline style violates the following Content Security Policy directive 'style-src 'self' 'nonce-d456e8dd96b344b7b6a0c776548a4ae3' 'unsafe-inline''. Note that 'unsafe-inline' is ignored if either a hash or nonce value is present in the source list. The action has been blocked.",
    +   "Applying inline style violates the following Content Security Policy directive 'style-src 'self' 'nonce-d456e8dd96b344b7b6a0c776548a4ae3' 'unsafe-inline''. Note that 'unsafe-inline' is ignored if either a hash or nonce value is present in the source list. The action has been blocked.",
    +   "Applying inline style violates the following Content Security Policy directive 'style-src 'self' 'nonce-d456e8dd96b344b7b6a0c776548a4ae3' 'unsafe-inline''. Note that 'unsafe-inline' is ignored if either a hash or nonce value is present in the source list. The action has been blocked.",
    +   "Applying inline style violates the following Content Security Policy directive 'style-src 'self' 'nonce-d456e8dd96b344b7b6a0c776548a4ae3' 'unsafe-inline''. Note that 'unsafe-inline' is ignored if either a hash or nonce value is present in the source list. The action has been blocked.",
    +   "Applying inline style violates the following Content Security Policy directive 'style-src 'self' 'nonce-d456e8dd96b344b7b6a0c776548a4ae3' 'unsafe-inline''. Note that 'unsafe-inline' is ignored if either a hash or nonce value is present in the source list. The action has been blocked.",
    +   "Applying inline style violates the following Content Security Policy directive 'style-src 'self' 'nonce-d456e8dd96b344b7b6a0c776548a4ae3' 'unsafe-inline''. Note that 'unsafe-inline' is ignored if either a hash or nonce value is present in the source list. The action has been blocked.",
    +   "Applying inline style violates the following Content Security Policy directive 'style-src 'self' 'nonce-d456e8dd96b344b7b6a0c776548a4ae3' 'unsafe-inline''. Note that 'unsafe-inline' is ignored if either a hash or nonce value is present in the source list. The action has been blocked.",
    +   "Applying inline style violates the following Content Security Policy directive 'style-src 'self' 'nonce-d456e8dd96b344b7b6a0c776548a4ae3' 'unsafe-inline''. Note that 'unsafe-inline' is ignored if either a hash or nonce value is present in the source list. The action has been blocked.",
    +   "Applying inline style violates the following Content Security Policy directive 'style-src 'self' 'nonce-d456e8dd96b344b7b6a0c776548a4ae3' 'unsafe-inline''. Note that 'unsafe-inline' is ignored if either a hash or nonce value is present in the source list. The action has been blocked.",
    +   "Applying inline style violates the following Content Security Policy directive 'style-src 'self' 'nonce-d456e8dd96b344b7b6a0c776548a4ae3' 'unsafe-inline''. Note that 'unsafe-inline' is ignored if either a hash or nonce value is present in the source list. The action has been blocked.",
    +   "Applying inline style violates the following Content Security Policy directive 'style-src 'self' 'nonce-d456e8dd96b344b7b6a0c776548a4ae3' 'unsafe-inline''. Note that 'unsafe-inline' is ignored if either a hash or nonce value is present in the source list. The action has been blocked.",
    +   "Applying inline style violates the following Content Security Policy directive 'style-src 'self' 'nonce-d456e8dd96b344b7b6a0c776548a4ae3' 'unsafe-inline''. Note that 'unsafe-inline' is ignored if either a hash or nonce value is present in the source list. The action has been blocked.",
    +   "Applying inline style violates the following Content Security Policy directive 'style-src 'self' 'nonce-d456e8dd96b344b7b6a0c776548a4ae3' 'unsafe-inline''. Note that 'unsafe-inline' is ignored if either a hash or nonce value is present in the source list. The action has been blocked.",
    +   "Applying inline style violates the following Content Security Policy directive 'style-src 'self' 'nonce-63eef31d5f974861804eb3ef68744b06' 'unsafe-inline''. Note that 'unsafe-inline' is ignored if either a hash or nonce value is present in the source list. The action has been blocked.",
    +   "Applying inline style violates the following Content Security Policy directive 'style-src 'self' 'nonce-63eef31d5f974861804eb3ef68744b06' 'unsafe-inline''. Note that 'unsafe-inline' is ignored if either a hash or nonce value is present in the source list. The action has been blocked.",
    +   "Applying inline style violates the following Content Security Policy directive 'style-src 'self' 'nonce-63eef31d5f974861804eb3ef68744b06' 'unsafe-inline''. Note that 'unsafe-inline' is ignored if either a hash or nonce value is present in the source list. The action has been blocked.",
    +   "Applying inline style violates the following Content Security Policy directive 'style-src 'self' 'nonce-63eef31d5f974861804eb3ef68744b06' 'unsafe-inline''. Note that 'unsafe-inline' is ignored if either a hash or nonce value is present in the source list. The action has been blocked.",
    +   "Applying inline style violates the following Content Security Policy directive 'style-src 'self' 'nonce-63eef31d5f974861804eb3ef68744b06' 'unsafe-inline''. Note that 'unsafe-inline' is ignored if either a hash or nonce value is present in the source list. The action has been blocked.",
    +   "Applying inline style violates the following Content Security Policy directive 'style-src 'self' 'nonce-63eef31d5f974861804eb3ef68744b06' 'unsafe-inline''. Note that 'unsafe-inline' is ignored if either a hash or nonce value is present in the source list. The action has been blocked.",
    +   "Applying inline style violates the following Content Security Policy directive 'style-src 'self' 'nonce-63eef31d5f974861804eb3ef68744b06' 'unsafe-inline''. Note that 'unsafe-inline' is ignored if either a hash or nonce value is present in the source list. The action has been blocked.",
    +   "Applying inline style violates the following Content Security Policy directive 'style-src 'self' 'nonce-63eef31d5f974861804eb3ef68744b06' 'unsafe-inline''. Note that 'unsafe-inline' is ignored if either a hash or nonce value is present in the source list. The action has been blocked.",
    +   "Applying inline style violates the following Content Security Policy directive 'style-src 'self' 'nonce-63eef31d5f974861804eb3ef68744b06' 'unsafe-inline''. Note that 'unsafe-inline' is ignored if either a hash or nonce value is present in the source list. The action has been blocked.",
    +   "Applying inline style violates the following Content Security Policy directive 'style-src 'self' 'nonce-63eef31d5f974861804eb3ef68744b06' 'unsafe-inline''. Note that 'unsafe-inline' is ignored if either a hash or nonce value is present in the source list. The action has been blocked.",
    +   "Applying inline style violates the following Content Security Policy directive 'style-src 'self' 'nonce-63eef31d5f974861804eb3ef68744b06' 'unsafe-inline''. Note that 'unsafe-inline' is ignored if either a hash or nonce value is present in the source list. The action has been blocked.",
    +   "Applying inline style violates the following Content Security Policy directive 'style-src 'self' 'nonce-63eef31d5f974861804eb3ef68744b06' 'unsafe-inline''. Note that 'unsafe-inline' is ignored if either a hash or nonce value is present in the source list. The action has been blocked.",
    +   "Applying inline style violates the following Content Security Policy directive 'style-src 'self' 'nonce-63eef31d5f974861804eb3ef68744b06' 'unsafe-inline''. Note that 'unsafe-inline' is ignored if either a hash or nonce value is present in the source list. The action has been blocked.",
    +   "Applying inline style violates the following Content Security Policy directive 'style-src 'self' 'nonce-63eef31d5f974861804eb3ef68744b06' 'unsafe-inline''. Note that 'unsafe-inline' is ignored if either a hash or nonce value is present in the source list. The action has been blocked.",
    +   "Applying inline style violates the following Content Security Policy directive 'style-src 'self' 'nonce-63eef31d5f974861804eb3ef68744b06' 'unsafe-inline''. Note that 'unsafe-inline' is ignored if either a hash or nonce value is present in the source list. The action has been blocked.",
    +   "Applying inline style violates the following Content Security Policy directive 'style-src 'self' 'nonce-63eef31d5f974861804eb3ef68744b06' 'unsafe-inline''. Note that 'unsafe-inline' is ignored if either a hash or nonce value is present in the source list. The action has been blocked.",
    +   "Applying inline style violates the following Content Security Policy directive 'style-src 'self' 'nonce-63eef31d5f974861804eb3ef68744b06' 'unsafe-inline''. Note that 'unsafe-inline' is ignored if either a hash or nonce value is present in the source list. The action has been blocked.",
    +   "Applying inline style violates the following Content Security Policy directive 'style-src 'self' 'nonce-63eef31d5f974861804eb3ef68744b06' 'unsafe-inline''. Note that 'unsafe-inline' is ignored if either a hash or nonce value is present in the source list. The action has been blocked.",
    +   "Applying inline style violates the following Content Security Policy directive 'style-src 'self' 'nonce-63eef31d5f974861804eb3ef68744b06' 'unsafe-inline''. Note that 'unsafe-inline' is ignored if either a hash or nonce value is present in the source list. The action has been blocked.",
    +   "Applying inline style violates the following Content Security Policy directive 'style-src 'self' 'nonce-63eef31d5f974861804eb3ef68744b06' 'unsafe-inline''. Note that 'unsafe-inline' is ignored if either a hash or nonce value is present in the source list. The action has been blocked.",
    +   "Applying inline style violates the following Content Security Policy directive 'style-src 'self' 'nonce-63eef31d5f974861804eb3ef68744b06' 'unsafe-inline''. Note that 'unsafe-inline' is ignored if either a hash or nonce value is present in the source list. The action has been blocked.",
    +   "Applying inline style violates the following Content Security Policy directive 'style-src 'self' 'nonce-63eef31d5f974861804eb3ef68744b06' 'unsafe-inline''. Note that 'unsafe-inline' is ignored if either a hash or nonce value is present in the source list. The action has been blocked.",
    +   "Applying inline style violates the following Content Security Policy directive 'style-src 'self' 'nonce-63eef31d5f974861804eb3ef68744b06' 'unsafe-inline''. Note that 'unsafe-inline' is ignored if either a hash or nonce value is present in the source list. The action has been blocked.",
    +   "Applying inline style violates the following Content Security Policy directive 'style-src 'self' 'nonce-63eef31d5f974861804eb3ef68744b06' 'unsafe-inline''. Note that 'unsafe-inline' is ignored if either a hash or nonce value is present in the source list. The action has been blocked.",
    +   "Applying inline style violates the following Content Security Policy directive 'style-src 'self' 'nonce-63eef31d5f974861804eb3ef68744b06' 'unsafe-inline''. Note that 'unsafe-inline' is ignored if either a hash or nonce value is present in the source list. The action has been blocked.",
    +   "Applying inline style violates the following Content Security Policy directive 'style-src 'self' 'nonce-63eef31d5f974861804eb3ef68744b06' 'unsafe-inline''. Note that 'unsafe-inline' is ignored if either a hash or nonce value is present in the source list. The action has been blocked.",
    +   "Applying inline style violates the following Content Security Policy directive 'style-src 'self' 'nonce-63eef31d5f974861804eb3ef68744b06' 'unsafe-inline''. Note that 'unsafe-inline' is ignored if either a hash or nonce value is present in the source list. The action has been blocked.",
    +   "Applying inline style violates the following Content Security Policy directive 'style-src 'self' 'nonce-63eef31d5f974861804eb3ef68744b06' 'unsafe-inline''. Note that 'unsafe-inline' is ignored if either a hash or nonce value is present in the source list. The action has been blocked.",
    +   "Applying inline style violates the following Content Security Policy directive 'style-src 'self' 'nonce-63eef31d5f974861804eb3ef68744b06' 'unsafe-inline''. Note that 'unsafe-inline' is ignored if either a hash or nonce value is present in the source list. The action has been blocked.",
    +   "Applying inline style violates the following Content Security Policy directive 'style-src 'self' 'nonce-63eef31d5f974861804eb3ef68744b06' 'unsafe-inline''. Note that 'unsafe-inline' is ignored if either a hash or nonce value is present in the source list. The action has been blocked.",
    +   "Applying inline style violates the following Content Security Policy directive 'style-src 'self' 'nonce-63eef31d5f974861804eb3ef68744b06' 'unsafe-inline''. Note that 'unsafe-inline' is ignored if either a hash or nonce value is present in the source list. The action has been blocked.",
    +   "Applying inline style violates the following Content Security Policy directive 'style-src 'self' 'nonce-63eef31d5f974861804eb3ef68744b06' 'unsafe-inline''. Note that 'unsafe-inline' is ignored if either a hash or nonce value is present in the source list. The action has been blocked.",
    +   "Applying inline style violates the following Content Security Policy directive 'style-src 'self' 'nonce-63eef31d5f974861804eb3ef68744b06' 'unsafe-inline''. Note that 'unsafe-inline' is ignored if either a hash or nonce value is present in the source list. The action has been blocked.",
    + ]

      104 |         const anonymous = await browser.newContext({ baseURL: process.env.PLAYWRIGHT_BASE_URL })
      105 |         try { const signedOut = await anonymous.newPage(); await signedOut.goto('/portfolio?q=PORTFOLIO_'); await expect(signedOut).toHaveURL(/sign-in/) } finally { await anonymous.close() }
    > 106 |         expect(errors).toEqual([])
          |                        ^
      107 |       } finally {
      108 |         await context.close()
      109 |         await db.query('delete from portfolio_views where workspace_id=$1 and name like $2', [workspaceId, 'PORTFOLIO_%'])
        at /Users/yoannandrieux/Projets/yodev-ads/web/e2e/portfolio-local.spec.ts:106:24

    Error Context: test-results/portfolio-local-agency-por-e0b4d-ews-and-team-workload-in-fr-chromium/error-context.md

    Error Context: test-results/portfolio-local-agency-por-e0b4d-ews-and-team-workload-in-fr-chromium/error-context.md

  1 failed
    [chromium] › e2e/portfolio-local.spec.ts:13:53 › agency portfolio › reviews 50 accounts, personal views and team workload in fr 
  1 did not run
  43 passed (1.7m)
[?25h
{"ok":true,"cleaned":"local-browser-fixtures"}
