
> @yodev/ads@0.1.0 test:e2e:local
> node scripts/verify-local-browser.mjs

{"ok":true,"fixtureRoles":["owner","admin","strategist","analyst","client"],"foreignExportId":"80000000-0000-4000-8000-000000000003"}

> @yodev/ads@0.1.0 dev
> next dev --hostname 127.0.0.1 --port 3017

▲ Next.js 16.3.4 (Turbopack)
- Local:         http://127.0.0.1:3017
- Network:       http://127.0.0.1:3017
- Environments: .env.local
✓ Ready in 316ms
✓ Running next.config.ts took 652ms
- Experiments (use with caution):
  · clientTraceMetadata

○ Compiling /sign-in/[[...sign-in]] ...
 GET /sign-in 200 in 44ms (next.js: 6ms, proxy.ts: 3ms, application-code: 35ms)
 POST /api/auth/sign-in/email 200 in 1813ms (next.js: 1640ms, proxy.ts: 5ms, application-code: 169ms)
 POST /api/auth/sign-in/email 200 in 94ms (next.js: 4ms, proxy.ts: 2ms, application-code: 88ms)
 POST /api/auth/sign-in/email 200 in 80ms (next.js: 2ms, proxy.ts: 2ms, application-code: 76ms)
 POST /api/auth/sign-in/email 200 in 78ms (next.js: 2ms, proxy.ts: 2ms, application-code: 74ms)
 POST /api/auth/sign-in/email 200 in 77ms (next.js: 2ms, proxy.ts: 2ms, application-code: 73ms)
 GET /dashboard 200 in 2.2s (next.js: 1894ms, proxy.ts: 3ms, application-code: 349ms)
 GET /settings 200 in 875ms (next.js: 605ms, proxy.ts: 3ms, application-code: 267ms)
 GET /billing 200 in 805ms (next.js: 608ms, proxy.ts: 1.9ms, application-code: 195ms)
 GET /support 200 in 630ms (next.js: 471ms, proxy.ts: 2ms, application-code: 157ms)
 GET /accounts 200 in 479ms (next.js: 340ms, proxy.ts: 1.9ms, application-code: 137ms)
 GET /sign-in 200 in 40ms (next.js: 5ms, proxy.ts: 2.0ms, application-code: 33ms)
 GET /history 200 in 565ms (next.js: 388ms, proxy.ts: 1.8ms, application-code: 175ms)
 GET /alerts 200 in 656ms (next.js: 463ms, proxy.ts: 1.9ms, application-code: 191ms)
 GET /tasks 200 in 670ms (next.js: 490ms, proxy.ts: 2ms, application-code: 178ms)
 GET /approvals 200 in 717ms (next.js: 539ms, proxy.ts: 2ms, application-code: 176ms)
 GET /reports 200 in 919ms (next.js: 659ms, proxy.ts: 1.8ms, application-code: 258ms)
 GET /audit 200 in 527ms (next.js: 350ms, proxy.ts: 1.8ms, application-code: 175ms)
 GET /agents 200 in 734ms (next.js: 479ms, proxy.ts: 1.8ms, application-code: 254ms)
 GET / 200 in 360ms (next.js: 273ms, proxy.ts: 2ms, application-code: 84ms)
 GET /privacy 200 in 300ms (next.js: 250ms, proxy.ts: 1.9ms, application-code: 48ms)
 GET /terms 200 in 278ms (next.js: 228ms, proxy.ts: 2ms, application-code: 48ms)
 GET /subprocessors 200 in 366ms (next.js: 283ms, proxy.ts: 1.8ms, application-code: 81ms)
 GET /status 200 in 432ms (next.js: 346ms, proxy.ts: 3ms, application-code: 83ms)
 GET /sign-in 200 in 37ms (next.js: 5ms, proxy.ts: 2ms, application-code: 30ms)
 GET /sign-up 200 in 648ms (next.js: 596ms, proxy.ts: 2ms, application-code: 50ms)
Local browser states ready in /var/folders/9h/sbxl7zl90j9_wc743xft5j8h0000gn/T/yodev-ads-browser-9TH8Jz
 GET /sign-in 200 in 174ms (next.js: 104ms, proxy.ts: 9ms, application-code: 61ms)

Running 86 tests using 1 worker

 GET /api/domain-probe 400 in 327ms (next.js: 311ms, proxy.ts: 8ms, application-code: 8ms)
(node:52592) Warning: The 'NO_COLOR' env is ignored due to the 'FORCE_COLOR' env being set.
(Use `node --trace-warnings ...` to show where the warning was created)
 GET /icon?a62dacc6b033a714 200 in 644ms (next.js: 503ms, proxy.ts: 16ms, application-code: 124ms)
 GET /accounts 200 in 209ms (next.js: 4ms, proxy.ts: 5ms, application-code: 200ms)
 GET /api/auth/get-session 200 in 34ms (next.js: 6ms, proxy.ts: 5ms, application-code: 23ms)
 GET /api/auth/organization/list 200 in 41ms (next.js: 14ms, proxy.ts: 3ms, application-code: 23ms)
 GET /accounts?selection=saved 200 in 62ms (next.js: 1.9ms, proxy.ts: 2ms, application-code: 58ms)
 POST /accounts 200 in 108ms (next.js: 2ms, proxy.ts: 3ms, application-code: 103ms)
  └─ ƒ updateManagedAccounts({}) in 26ms src/app/account-selection-actions.ts
 GET /accounts?selection=workspace_changed 200 in 58ms (next.js: 1.9ms, proxy.ts: 2ms, application-code: 54ms)
 POST /accounts?selection=saved 200 in 76ms (next.js: 1.7ms, proxy.ts: 5ms, application-code: 70ms)
  └─ ƒ updateManagedAccounts({}) in 6ms src/app/account-selection-actions.ts
 GET /accounts?selection=unavailable 200 in 64ms (next.js: 1.7ms, proxy.ts: 1.9ms, application-code: 60ms)
 POST /accounts?selection=workspace_changed 200 in 82ms (next.js: 2ms, proxy.ts: 3ms, application-code: 77ms)
  └─ ƒ updateManagedAccounts({}) in 6ms src/app/account-selection-actions.ts
 GET /accounts 200 in 118ms (next.js: 1.7ms, proxy.ts: 2ms, application-code: 114ms)
 GET /api/auth/get-session 200 in 24ms (next.js: 7ms, proxy.ts: 3ms, application-code: 14ms)
 GET /api/auth/organization/list 200 in 28ms (next.js: 11ms, proxy.ts: 3ms, application-code: 13ms)
 POST /accounts 200 in 14ms (next.js: 3ms, proxy.ts: 3ms, application-code: 8ms)
  ✓   1 [chromium] › e2e/account-selection-actors-local.spec.ts:6:7 › account selection actor fr saves and refuses stale workspace, role and grace forms (1.8s)
 GET /accounts?selection=unavailable 200 in 154ms (next.js: 3ms, proxy.ts: 2ms, application-code: 149ms)
 GET /accounts 200 in 117ms (next.js: 5ms, proxy.ts: 6ms, application-code: 106ms)
 GET /api/auth/get-session 200 in 25ms (next.js: 4ms, proxy.ts: 4ms, application-code: 17ms)
 GET /api/auth/organization/list 200 in 27ms (next.js: 9ms, proxy.ts: 3ms, application-code: 14ms)
 GET /accounts?selection=saved 200 in 74ms (next.js: 2ms, proxy.ts: 3ms, application-code: 68ms)
 POST /accounts 200 in 100ms (next.js: 2ms, proxy.ts: 3ms, application-code: 95ms)
  └─ ƒ updateManagedAccounts({}) in 15ms src/app/account-selection-actions.ts
 GET /accounts?selection=workspace_changed 200 in 58ms (next.js: 1.7ms, proxy.ts: 2ms, application-code: 54ms)
 POST /accounts?selection=saved 200 in 73ms (next.js: 1.9ms, proxy.ts: 3ms, application-code: 69ms)
  └─ ƒ updateManagedAccounts({}) in 6ms src/app/account-selection-actions.ts
 GET /accounts?selection=unavailable 200 in 54ms (next.js: 1.5ms, proxy.ts: 2ms, application-code: 50ms)
 POST /accounts?selection=workspace_changed 200 in 71ms (next.js: 2ms, proxy.ts: 4ms, application-code: 65ms)
  └─ ƒ updateManagedAccounts({}) in 7ms src/app/account-selection-actions.ts
 GET /accounts 200 in 108ms (next.js: 8ms, proxy.ts: 2ms, application-code: 98ms)
 GET /api/auth/get-session 200 in 27ms (next.js: 8ms, proxy.ts: 4ms, application-code: 15ms)
 GET /api/auth/organization/list 200 in 28ms (next.js: 13ms, proxy.ts: 4ms, application-code: 12ms)
 POST /accounts 200 in 10ms (next.js: 2ms, proxy.ts: 3ms, application-code: 5ms)
  ✓   2 [chromium] › e2e/account-selection-actors-local.spec.ts:6:7 › account selection actor en saves and refuses stale workspace, role and grace forms (1.7s)
(node:52592) DeprecationWarning: Calling client.query() when the client is already executing a query is deprecated and will be removed in pg@9.0. Use async/await or an external async flow control mechanism instead.
 GET /accounts?selection=unavailable 200 in 61ms (next.js: 2.0ms, proxy.ts: 2ms, application-code: 56ms)
 GET /operations 200 in 1284ms (next.js: 898ms, proxy.ts: 2ms, application-code: 384ms)
 GET /api/auth/get-session 200 in 47ms (next.js: 9ms, proxy.ts: 4ms, application-code: 35ms)
 GET /api/auth/organization/list 200 in 51ms (next.js: 21ms, proxy.ts: 3ms, application-code: 27ms)
  ✓   3 [chromium] › e2e/activation-local.spec.ts:7:7 › operations counts published reports and excludes legacy or future activation (2.2s)
 GET /alerts?id=0c2faa20-eafc-4d5f-9f05-f3080fc5d1d5 200 in 166ms (next.js: 4ms, proxy.ts: 3ms, application-code: 159ms)
 GET /api/auth/get-session 200 in 33ms (next.js: 18ms, proxy.ts: 3ms, application-code: 12ms)
 GET /api/auth/organization/list 200 in 36ms (next.js: 10ms, proxy.ts: 5ms, application-code: 21ms)
 GET /alerts?notice=Avis+sur+la+qualit%C3%A9+de+l%E2%80%99alerte+enregistr%C3%A9.&id=0c2faa20-eafc-4d5f-9f05-f3080fc5d1d5 200 in 99ms (next.js: 2ms, proxy.ts: 3ms, application-code: 94ms)
 POST /alerts?id=0c2faa20-eafc-4d5f-9f05-f3080fc5d1d5 200 in 120ms (next.js: 2ms, proxy.ts: 3ms, application-code: 115ms)
  └─ ƒ reviewWorkspaceAlertQuality({}) in 10ms src/app/actions.ts
 GET /alerts?error=Cette+observation+ou+cet+avis+a+chang%C3%A9.+Actualisez+la+page+avant+de+l%E2%80%99%C3%A9valuer+%C3%A0+nouveau.&id=0c2faa20-eafc-4d5f-9f05-f3080fc5d1d5 200 in 82ms (next.js: 1.6ms, proxy.ts: 2ms, application-code: 78ms)
 POST /alerts?notice=Avis%20sur%20la%20qualit%C3%A9%20de%20l%E2%80%99alerte%20enregistr%C3%A9.&id=0c2faa20-eafc-4d5f-9f05-f3080fc5d1d5 200 in 102ms (next.js: 2ms, proxy.ts: 2ms, application-code: 98ms)
  └─ ƒ reviewWorkspaceAlertQuality({}) in 8ms src/app/actions.ts
 GET /alerts?notice=Avis+sur+la+qualit%C3%A9+de+l%E2%80%99alerte+enregistr%C3%A9.&id=0c2faa20-eafc-4d5f-9f05-f3080fc5d1d5 200 in 67ms (next.js: 2.0ms, proxy.ts: 1.7ms, application-code: 63ms)
 POST /alerts?error=Cette%20observation%20ou%20cet%20avis%20a%20chang%C3%A9.%20Actualisez%20la%20page%20avant%20de%20l%E2%80%99%C3%A9valuer%20%C3%A0%20nouveau.&id=0c2faa20-eafc-4d5f-9f05-f3080fc5d1d5 200 in 89ms (next.js: 2ms, proxy.ts: 4ms, application-code: 82ms)
  └─ ƒ reviewWorkspaceAlertQuality({}) in 10ms src/app/actions.ts
 GET /alerts?q=QUALITY_cd32e72c-4c3a-45c1-a022-777d93cd0084 200 in 430ms (next.js: 2ms, proxy.ts: 3ms, application-code: 425ms)
 GET /api/auth/get-session 200 in 62ms (next.js: 10ms, proxy.ts: 3ms, application-code: 49ms)
 GET /api/auth/organization/list 200 in 94ms (next.js: 15ms, proxy.ts: 3ms, application-code: 76ms)
 GET /alerts?id=0c2faa20-eafc-4d5f-9f05-f3080fc5d1d5 200 in 277ms (next.js: 15ms, proxy.ts: 2ms, application-code: 259ms)
 GET /api/auth/get-session 200 in 116ms (next.js: 18ms, proxy.ts: 6ms, application-code: 92ms)
 GET /api/auth/organization/list 200 in 120ms (next.js: 87ms, proxy.ts: 11ms, application-code: 22ms)
 GET /alerts?notice=Avis+sur+la+qualit%C3%A9+de+l%E2%80%99alerte+enregistr%C3%A9.&id=0c2faa20-eafc-4d5f-9f05-f3080fc5d1d5 200 in 202ms (next.js: 3ms, proxy.ts: 5ms, application-code: 194ms)
 POST /alerts?id=0c2faa20-eafc-4d5f-9f05-f3080fc5d1d5 200 in 227ms (next.js: 3ms, proxy.ts: 4ms, application-code: 220ms)
  └─ ƒ reviewWorkspaceAlertQuality({}) in 9ms src/app/actions.ts
 GET /alerts?id=0c2faa20-eafc-4d5f-9f05-f3080fc5d1d5 200 in 153ms (next.js: 4ms, proxy.ts: 7ms, application-code: 143ms)
 GET /api/auth/get-session 200 in 75ms (next.js: 45ms, proxy.ts: 5ms, application-code: 26ms)
 GET /api/auth/organization/list 200 in 112ms (next.js: 47ms, proxy.ts: 5ms, application-code: 60ms)
 GET /alerts?notice=Avis%20sur%20la%20qualit%C3%A9%20de%20l%E2%80%99alerte%20enregistr%C3%A9.&id=0c2faa20-eafc-4d5f-9f05-f3080fc5d1d5 200 in 191ms (next.js: 5ms, proxy.ts: 6ms, application-code: 180ms)
  ✓   4 [chromium] › e2e/alert-quality-local.spec.ts:6:7 › alert quality fr reviews a specific observation without changing workflow (3.6s)
 GET /alerts?id=f35be904-4bd8-4b68-8794-3c7246e698ba 200 in 129ms (next.js: 1.7ms, proxy.ts: 2ms, application-code: 126ms)
 GET /api/auth/get-session 200 in 53ms (next.js: 24ms, proxy.ts: 3ms, application-code: 27ms)
 GET /api/auth/organization/list 200 in 55ms (next.js: 16ms, proxy.ts: 3ms, application-code: 36ms)
 GET /alerts?notice=Alert+quality+review+saved.&id=f35be904-4bd8-4b68-8794-3c7246e698ba 200 in 68ms (next.js: 2ms, proxy.ts: 2ms, application-code: 63ms)
 POST /alerts?id=f35be904-4bd8-4b68-8794-3c7246e698ba 200 in 87ms (next.js: 2ms, proxy.ts: 3ms, application-code: 82ms)
  └─ ƒ reviewWorkspaceAlertQuality({}) in 9ms src/app/actions.ts
 GET /alerts?error=This+observation+or+review+has+changed.+Refresh+the+page+before+reviewing+it+again.&id=f35be904-4bd8-4b68-8794-3c7246e698ba 200 in 58ms (next.js: 1.9ms, proxy.ts: 2.0ms, application-code: 55ms)
 POST /alerts?notice=Alert%20quality%20review%20saved.&id=f35be904-4bd8-4b68-8794-3c7246e698ba 200 in 81ms (next.js: 2ms, proxy.ts: 3ms, application-code: 75ms)
  └─ ƒ reviewWorkspaceAlertQuality({}) in 12ms src/app/actions.ts
 GET /alerts?notice=Alert+quality+review+saved.&id=f35be904-4bd8-4b68-8794-3c7246e698ba 200 in 104ms (next.js: 2ms, proxy.ts: 4ms, application-code: 98ms)
 POST /alerts?error=This%20observation%20or%20review%20has%20changed.%20Refresh%20the%20page%20before%20reviewing%20it%20again.&id=f35be904-4bd8-4b68-8794-3c7246e698ba 200 in 140ms (next.js: 14ms, proxy.ts: 4ms, application-code: 122ms)
  └─ ƒ reviewWorkspaceAlertQuality({}) in 10ms src/app/actions.ts
 GET /alerts?q=QUALITY_8a3c1fb1-80c1-41a4-b4c5-9cab8b64643b 200 in 449ms (next.js: 4ms, proxy.ts: 4ms, application-code: 441ms)
 GET /api/auth/get-session 200 in 87ms (next.js: 47ms, proxy.ts: 4ms, application-code: 36ms)
 GET /api/auth/organization/list 200 in 135ms (next.js: 51ms, proxy.ts: 4ms, application-code: 80ms)
 GET /alerts?id=f35be904-4bd8-4b68-8794-3c7246e698ba 200 in 187ms (next.js: 3ms, proxy.ts: 4ms, application-code: 181ms)
 GET /api/auth/get-session 200 in 40ms (next.js: 5ms, proxy.ts: 21ms, application-code: 14ms)
 GET /api/auth/organization/list 200 in 42ms (next.js: 10ms, proxy.ts: 20ms, application-code: 11ms)
 GET /alerts?notice=Alert+quality+review+saved.&id=f35be904-4bd8-4b68-8794-3c7246e698ba 200 in 103ms (next.js: 2ms, proxy.ts: 5ms, application-code: 96ms)
 POST /alerts?id=f35be904-4bd8-4b68-8794-3c7246e698ba 200 in 163ms (next.js: 14ms, proxy.ts: 7ms, application-code: 142ms)
  └─ ƒ reviewWorkspaceAlertQuality({}) in 19ms src/app/actions.ts
 GET /alerts?id=f35be904-4bd8-4b68-8794-3c7246e698ba 200 in 127ms (next.js: 1.9ms, proxy.ts: 4ms, application-code: 122ms)
 GET /api/auth/get-session 200 in 103ms (next.js: 26ms, proxy.ts: 33ms, application-code: 44ms)
 GET /api/auth/organization/list 200 in 124ms (next.js: 47ms, proxy.ts: 23ms, application-code: 53ms)
 GET /alerts?notice=Alert%20quality%20review%20saved.&id=f35be904-4bd8-4b68-8794-3c7246e698ba 200 in 171ms (next.js: 2ms, proxy.ts: 2ms, application-code: 166ms)
  ✓   5 [chromium] › e2e/alert-quality-local.spec.ts:6:7 › alert quality en reviews a specific observation without changing workflow (3.3s)
 GET /analysis?client=a18da9fc-45bb-4d62-a8e4-a5fcb086eed7 200 in 1153ms (next.js: 866ms, proxy.ts: 2ms, application-code: 285ms)
 GET /api/auth/get-session 200 in 397ms (next.js: 57ms, proxy.ts: 12ms, application-code: 328ms)
 GET /api/auth/organization/list 200 in 406ms (next.js: 49ms, proxy.ts: 29ms, application-code: 327ms)
 GET /analysis?client=a18da9fc-45bb-4d62-a8e4-a5fcb086eed7 200 in 571ms (next.js: 8ms, proxy.ts: 4ms, application-code: 560ms)
 GET /api/auth/get-session 200 in 105ms (next.js: 63ms, proxy.ts: 6ms, application-code: 36ms)
 GET /api/auth/organization/list 200 in 145ms (next.js: 65ms, proxy.ts: 5ms, application-code: 75ms)
 GET /analysis?client=a18da9fc-45bb-4d62-a8e4-a5fcb086eed7 200 in 247ms (next.js: 29ms, proxy.ts: 6ms, application-code: 213ms)
 GET /api/auth/get-session 200 in 95ms (next.js: 17ms, proxy.ts: 24ms, application-code: 55ms)
 GET /api/auth/organization/list 200 in 101ms (next.js: 19ms, proxy.ts: 24ms, application-code: 58ms)
 GET /analysis?client=a18da9fc-45bb-4d62-a8e4-a5fcb086eed7 200 in 212ms (next.js: 1.9ms, proxy.ts: 2ms, application-code: 208ms)
 GET /api/auth/get-session 200 in 67ms (next.js: 28ms, proxy.ts: 5ms, application-code: 34ms)
 GET /api/auth/organization/list 200 in 114ms (next.js: 35ms, proxy.ts: 5ms, application-code: 73ms)
 GET /analysis?client=a18da9fc-45bb-4d62-a8e4-a5fcb086eed7 200 in 236ms (next.js: 5ms, proxy.ts: 4ms, application-code: 227ms)
 GET /api/auth/get-session 200 in 49ms (next.js: 8ms, proxy.ts: 9ms, application-code: 32ms)
 GET /api/auth/organization/list 200 in 51ms (next.js: 13ms, proxy.ts: 10ms, application-code: 28ms)
 GET /analysis?client=a18da9fc-45bb-4d62-a8e4-a5fcb086eed7 200 in 188ms (next.js: 5ms, proxy.ts: 6ms, application-code: 177ms)
 GET /api/auth/get-session 200 in 20ms (next.js: 5ms, proxy.ts: 3ms, application-code: 12ms)
 GET /api/auth/organization/list 200 in 24ms (next.js: 9ms, proxy.ts: 3ms, application-code: 12ms)
 GET /analysis?client=a18da9fc-45bb-4d62-a8e4-a5fcb086eed7 200 in 220ms (next.js: 4ms, proxy.ts: 3ms, application-code: 212ms)
  ✓   6 [chromium] › e2e/analysis-evidence-local.spec.ts:7:7 › analysis evidence fr excludes empty and unqualified sources before first activation (4.0s)
 GET /analysis?client=d7877b7c-2fae-431b-9bae-2bb8879036b9 200 in 155ms (next.js: 2.0ms, proxy.ts: 2ms, application-code: 151ms)
 GET /api/auth/get-session 200 in 105ms (next.js: 16ms, proxy.ts: 32ms, application-code: 57ms)
 GET /api/auth/organization/list 200 in 107ms (next.js: 18ms, proxy.ts: 32ms, application-code: 57ms)
 GET /analysis?client=d7877b7c-2fae-431b-9bae-2bb8879036b9 200 in 206ms (next.js: 3ms, proxy.ts: 10ms, application-code: 193ms)
 GET /api/auth/get-session 200 in 88ms (next.js: 21ms, proxy.ts: 18ms, application-code: 49ms)
 GET /api/auth/organization/list 200 in 91ms (next.js: 26ms, proxy.ts: 17ms, application-code: 48ms)
 GET /analysis?client=d7877b7c-2fae-431b-9bae-2bb8879036b9 200 in 225ms (next.js: 1.8ms, proxy.ts: 3ms, application-code: 220ms)
 GET /api/auth/get-session 200 in 79ms (next.js: 52ms, proxy.ts: 4ms, application-code: 22ms)
 GET /api/auth/organization/list 200 in 130ms (next.js: 55ms, proxy.ts: 5ms, application-code: 70ms)
 GET /analysis?client=d7877b7c-2fae-431b-9bae-2bb8879036b9 200 in 246ms (next.js: 5ms, proxy.ts: 4ms, application-code: 236ms)
 GET /api/auth/get-session 200 in 118ms (next.js: 26ms, proxy.ts: 31ms, application-code: 61ms)
 GET /api/auth/organization/list 200 in 119ms (next.js: 36ms, proxy.ts: 31ms, application-code: 51ms)
 GET /analysis?client=d7877b7c-2fae-431b-9bae-2bb8879036b9 200 in 276ms (next.js: 3ms, proxy.ts: 2ms, application-code: 271ms)
 GET /api/auth/get-session 200 in 73ms (next.js: 8ms, proxy.ts: 8ms, application-code: 58ms)
 GET /api/auth/organization/list 200 in 81ms (next.js: 12ms, proxy.ts: 7ms, application-code: 62ms)
 GET /analysis?client=d7877b7c-2fae-431b-9bae-2bb8879036b9 200 in 387ms (next.js: 20ms, proxy.ts: 9ms, application-code: 358ms)
 GET /api/auth/get-session 200 in 54ms (next.js: 8ms, proxy.ts: 11ms, application-code: 35ms)
 GET /api/auth/organization/list 200 in 53ms (next.js: 14ms, proxy.ts: 8ms, application-code: 31ms)
 GET /analysis?client=d7877b7c-2fae-431b-9bae-2bb8879036b9 200 in 266ms (next.js: 1.7ms, proxy.ts: 2ms, application-code: 262ms)
  ✓   7 [chromium] › e2e/analysis-evidence-local.spec.ts:7:7 › analysis evidence en excludes empty and unqualified sources before first activation (3.0s)
 GET /insights?client=80000000-0000-4000-8000-000000000091 200 in 1019ms (next.js: 581ms, proxy.ts: 1.9ms, application-code: 436ms)
 GET /api/auth/get-session 200 in 27ms (next.js: 7ms, proxy.ts: 4ms, application-code: 16ms)
 GET /api/auth/organization/list 200 in 29ms (next.js: 12ms, proxy.ts: 3ms, application-code: 14ms)
 POST /insights?client=80000000-0000-4000-8000-000000000091 200 in 215ms (next.js: 4ms, proxy.ts: 7ms, application-code: 204ms)
  └─ ƒ setCookieConsent({}) in 4ms src/app/preferences-actions.ts
 GET /insights/devices?client=80000000-0000-4000-8000-000000000091 200 in 1198ms (next.js: 1045ms, proxy.ts: 15ms, application-code: 138ms)
 GET /insights/devices?client=80000000-0000-4000-8000-000000000091&cursor=eyJ2IjoxLCJpdiI6IjUwTW5MZkEzcHV6MnRUdkYiLCJ0YWciOiJRd3VVclQ0eEIzQjFRZDZRVWlyVGdRIiwiZGF0YSI6IjBQVkllcFpzTElpeFY5SVk2dlNsbDRhYk15TURGc29YQ0xCV2pYYkNLZ3Rhd1g2Q2diMVAwalo1M1piSERYTi1Qd2w4aXZib2dNQ21oQjR6YjVOTVdFV3B1OVJqZ0w1TkYtdkRoOFpCQ0lSUUp0UW5aNWYzaUlwdlFPZTYxWjZKd254QzU0dmM2QWJwcFRpS2RqdGtBX1ZXZl93dGVRRjQtY2JrLVhwN0Q5VFp3NGNZbGZ4Q3FoZ1EtNUZCNDd6WnlldHhxUnNlUVZPeDB6RzNpdXlaRWtpTFpMSGx5S200VzFFWi1wUmJqbmRIRGlKc2lyY1ZqdHRVRVA0LVRGWWZPRms4RFJ3cWUyeF8ifQ 200 in 139ms (next.js: 6ms, proxy.ts: 4ms, application-code: 129ms)
 GET /insights/devices?client=80000000-0000-4000-8000-000000000091&q=%25_ 200 in 206ms (next.js: 5ms, proxy.ts: 12ms, application-code: 190ms)
 GET /api/auth/get-session 200 in 286ms (next.js: 90ms, proxy.ts: 163ms, application-code: 33ms)
 GET /api/auth/organization/list 200 in 239ms (next.js: 95ms, proxy.ts: 117ms, application-code: 28ms)
 GET /insights/devices/export?client=80000000-0000-4000-8000-000000000091&version=817ee3fc-aa82-4416-82a5-4a6b9a0d5e2e 200 in 2.8s (next.js: 2.4s, proxy.ts: 3ms, application-code: 432ms)
 GET /insights/devices?client=80000000-0000-4000-8000-000000000091&cursor=eyJ2IjoxLCJpdiI6IjUwTW5MZkEzcHV6MnRUdkYiLCJ0YWciOiJRd3VVclQ0eEIzQjFRZDZRVWlyVGdRIiwiZGF0YSI6IjBQVkllcFpzTElpeFY5SVk2dlNsbDRhYk15TURGc29YQ0xCV2pYYkNLZ3Rhd1g2Q2diMVAwalo1M1piSERYTi1Qd2w4aXZib2dNQ21oQjR6YjVOTVdFV3B1OVJqZ0w1TkYtdkRoOFpCQ0lSUUp0UW5aNWYzaUlwdlFPZTYxWjZKd254QzU0dmM2QWJwcFRpS2RqdGtBX1ZXZl93dGVRRjQtY2JrLVhwN0Q5VFp3NGNZbGZ4Q3FoZ1EtNUZCNDd6WnlldHhxUnNlUVZPeDB6RzNpdXlaRWtpTFpMSGx5S200VzFFWi1wUmJqbmRIRGlKc2lyY1ZqdHRVRVA0LVRGWWZPRms4RFJ3cWUyeF8ifQ 200 in 196ms (next.js: 14ms, proxy.ts: 3ms, application-code: 179ms)
 GET /api/auth/get-session 200 in 36ms (next.js: 21ms, proxy.ts: 4ms, application-code: 11ms)
 GET /api/auth/organization/list 200 in 38ms (next.js: 15ms, proxy.ts: 5ms, application-code: 19ms)
 GET /insights/devices/export?client=80000000-0000-4000-8000-000000000091&version=817ee3fc-aa82-4416-82a5-4a6b9a0d5e2e 409 in 26ms (next.js: 6ms, proxy.ts: 4ms, application-code: 16ms)
 GET /insights/devices?client=80000000-0000-4000-8000-000000000091&cursor=forged 200 in 179ms (next.js: 4ms, proxy.ts: 2ms, application-code: 172ms)
 GET /api/auth/get-session 200 in 127ms (next.js: 16ms, proxy.ts: 24ms, application-code: 87ms)
 GET /api/auth/organization/list 200 in 138ms (next.js: 22ms, proxy.ts: 24ms, application-code: 93ms)
 GET /insights/devices?client=80000000-0000-4000-8000-000000000099 404 in 274ms (next.js: 29ms, proxy.ts: 14ms, application-code: 231ms)
 GET /api/auth/get-session 200 in 502ms (next.js: 75ms, proxy.ts: 91ms, application-code: 337ms)
 GET /api/auth/organization/list 200 in 630ms (next.js: 147ms, proxy.ts: 135ms, application-code: 348ms)
 GET /insights/devices/export?client=80000000-0000-4000-8000-000000000099&version=817ee3fc-aa82-4416-82a5-4a6b9a0d5e2e 404 in 520ms (next.js: 359ms, proxy.ts: 11ms, application-code: 150ms)
 GET /insights/devices/export?client=80000000-0000-4000-8000-000000000091&version=817ee3fc-aa82-4416-82a5-4a6b9a0d5e2e 403 in 16ms (next.js: 4ms, proxy.ts: 4ms, application-code: 8ms)
  ✓   8 [chromium] › e2e/analytical-pages-local.spec.ts:15:53 › complete analytical collections › browses, searches and exports all stored rows in fr (9.1s)
 GET /insights?client=80000000-0000-4000-8000-000000000091 200 in 536ms (next.js: 16ms, proxy.ts: 30ms, application-code: 489ms)
 GET /api/auth/get-session 200 in 50ms (next.js: 7ms, proxy.ts: 5ms, application-code: 38ms)
 GET /api/auth/organization/list 200 in 56ms (next.js: 11ms, proxy.ts: 5ms, application-code: 40ms)
 POST /insights?client=80000000-0000-4000-8000-000000000091 200 in 444ms (next.js: 5ms, proxy.ts: 7ms, application-code: 431ms)
  └─ ƒ setCookieConsent({}) in 2ms src/app/preferences-actions.ts
 GET /insights/devices?client=80000000-0000-4000-8000-000000000091 200 in 360ms (next.js: 27ms, proxy.ts: 39ms, application-code: 293ms)
 GET /insights/devices?client=80000000-0000-4000-8000-000000000091&cursor=eyJ2IjoxLCJpdiI6IlpZTWRIeC1SYzVySTFySDciLCJ0YWciOiJUYnpxV1RKMTRnRmRib0FJTXBySGt3IiwiZGF0YSI6InlONmZsOTZzTVdfVjIzODlBa0hWY0N2RGVRbTVpMENRVF82WllEVVp5NWY3bF9RYVpKRHQyZjFHaHRrZnVrc3dQQUg4ckJmSWFNYWxZNjJVY1g4RFFBa19oQU9mejFWVVJ2dGpxY1hxTzBGY2VtYUhHZXVGVFR6bl9mR3h6bEd1MmdLZE5KVkJFeC00ZHB2aTBCb01VODFkdFhQSXFleXp2YVpBNmREdU5ZdElRUVNVRVpjTnhtOFNadkxOOGd3bTFtTmo5UWE3ejVKek9HeXpRcllQTmlPaFQ4TFRCZ1dRTWVjb3VNSFZjM1ZFRFBJeF96dkpJWGNoVkFQY0FJanBpV1JQR2JVMG9RZ28ifQ 200 in 120ms (next.js: 7ms, proxy.ts: 5ms, application-code: 108ms)
 GET /insights/devices?client=80000000-0000-4000-8000-000000000091&q=%25_ 200 in 181ms (next.js: 3ms, proxy.ts: 3ms, application-code: 176ms)
 GET /api/auth/get-session 200 in 25ms (next.js: 7ms, proxy.ts: 4ms, application-code: 15ms)
 GET /api/auth/organization/list 200 in 31ms (next.js: 11ms, proxy.ts: 4ms, application-code: 16ms)
 GET /insights/devices/export?client=80000000-0000-4000-8000-000000000091&version=aa574ff1-f02f-4ea5-a080-13674a1f9b3c 200 in 24ms (next.js: 5ms, proxy.ts: 2ms, application-code: 17ms)
 GET /insights/devices?client=80000000-0000-4000-8000-000000000091&cursor=eyJ2IjoxLCJpdiI6IlpZTWRIeC1SYzVySTFySDciLCJ0YWciOiJUYnpxV1RKMTRnRmRib0FJTXBySGt3IiwiZGF0YSI6InlONmZsOTZzTVdfVjIzODlBa0hWY0N2RGVRbTVpMENRVF82WllEVVp5NWY3bF9RYVpKRHQyZjFHaHRrZnVrc3dQQUg4ckJmSWFNYWxZNjJVY1g4RFFBa19oQU9mejFWVVJ2dGpxY1hxTzBGY2VtYUhHZXVGVFR6bl9mR3h6bEd1MmdLZE5KVkJFeC00ZHB2aTBCb01VODFkdFhQSXFleXp2YVpBNmREdU5ZdElRUVNVRVpjTnhtOFNadkxOOGd3bTFtTmo5UWE3ejVKek9HeXpRcllQTmlPaFQ4TFRCZ1dRTWVjb3VNSFZjM1ZFRFBJeF96dkpJWGNoVkFQY0FJanBpV1JQR2JVMG9RZ28ifQ 200 in 169ms (next.js: 5ms, proxy.ts: 3ms, application-code: 162ms)
 GET /api/auth/get-session 200 in 38ms (next.js: 8ms, proxy.ts: 7ms, application-code: 23ms)
 GET /api/auth/organization/list 200 in 38ms (next.js: 11ms, proxy.ts: 5ms, application-code: 21ms)
 GET /insights/devices/export?client=80000000-0000-4000-8000-000000000091&version=aa574ff1-f02f-4ea5-a080-13674a1f9b3c 409 in 63ms (next.js: 29ms, proxy.ts: 8ms, application-code: 25ms)
 GET /insights/devices?client=80000000-0000-4000-8000-000000000091&cursor=forged 200 in 345ms (next.js: 14ms, proxy.ts: 3ms, application-code: 328ms)
 GET /api/auth/get-session 200 in 149ms (next.js: 52ms, proxy.ts: 43ms, application-code: 54ms)
 GET /api/auth/organization/list 200 in 143ms (next.js: 71ms, proxy.ts: 30ms, application-code: 42ms)
 GET /insights/devices?client=80000000-0000-4000-8000-000000000099 404 in 190ms (next.js: 5ms, proxy.ts: 3ms, application-code: 182ms)
 GET /insights/devices/export?client=80000000-0000-4000-8000-000000000099&version=aa574ff1-f02f-4ea5-a080-13674a1f9b3c 404 in 26ms (next.js: 5ms, proxy.ts: 4ms, application-code: 17ms)
 GET /insights/devices/export?client=80000000-0000-4000-8000-000000000091&version=aa574ff1-f02f-4ea5-a080-13674a1f9b3c 403 in 13ms (next.js: 3ms, proxy.ts: 3ms, application-code: 7ms)
  ✓   9 [chromium] › e2e/analytical-pages-local.spec.ts:15:53 › complete analytical collections › browses, searches and exports all stored rows in en (4.4s)
 GET /account 307 in 933ms (next.js: 848ms, proxy.ts: 3ms, application-code: 82ms)
 GET /sign-in?returnTo=%2Faccount 200 in 130ms (next.js: 56ms, proxy.ts: 7ms, application-code: 67ms)
 GET /account 200 in 93ms (next.js: 2ms, proxy.ts: 3ms, application-code: 88ms)
 GET /api/auth/get-session 200 in 62ms (next.js: 13ms, proxy.ts: 18ms, application-code: 31ms)
 GET /api/auth/organization/list 200 in 63ms (next.js: 17ms, proxy.ts: 18ms, application-code: 28ms)
 GET /api/auth/passkey/list-user-passkeys 200 in 56ms (next.js: 24ms, proxy.ts: 9ms, application-code: 23ms)
 GET /account 200 in 59ms (next.js: 3ms, proxy.ts: 3ms, application-code: 53ms)
 GET /api/auth/organization/list 200 in 58ms (next.js: 12ms, proxy.ts: 10ms, application-code: 36ms)
 GET /api/auth/get-session 200 in 62ms (next.js: 8ms, proxy.ts: 10ms, application-code: 43ms)
 GET /api/auth/passkey/list-user-passkeys 200 in 63ms (next.js: 14ms, proxy.ts: 10ms, application-code: 38ms)
 GET /account 200 in 41ms (next.js: 2ms, proxy.ts: 2ms, application-code: 37ms)
 GET /api/auth/get-session 200 in 26ms (next.js: 7ms, proxy.ts: 4ms, application-code: 15ms)
 GET /api/auth/organization/list 200 in 27ms (next.js: 11ms, proxy.ts: 4ms, application-code: 12ms)
 GET /api/auth/passkey/list-user-passkeys 200 in 29ms (next.js: 14ms, proxy.ts: 4ms, application-code: 12ms)
 GET /account 200 in 41ms (next.js: 2ms, proxy.ts: 3ms, application-code: 37ms)
 GET /api/auth/get-session 200 in 35ms (next.js: 7ms, proxy.ts: 4ms, application-code: 24ms)
 GET /api/auth/passkey/list-user-passkeys 200 in 39ms (next.js: 13ms, proxy.ts: 5ms, application-code: 21ms)
 GET /api/auth/organization/list 200 in 42ms (next.js: 10ms, proxy.ts: 5ms, application-code: 27ms)
 GET /account 200 in 39ms (next.js: 1.8ms, proxy.ts: 3ms, application-code: 34ms)
 GET /api/auth/get-session 200 in 38ms (next.js: 13ms, proxy.ts: 4ms, application-code: 20ms)
 GET /api/auth/organization/list 200 in 39ms (next.js: 17ms, proxy.ts: 6ms, application-code: 15ms)
 GET /api/auth/passkey/list-user-passkeys 200 in 34ms (next.js: 20ms, proxy.ts: 4ms, application-code: 10ms)
  ✓  10 [chromium] › e2e/auth-lifecycle-local.spec.ts:58:7 › personal account security is available to all five workspace roles (3.6s)
 GET /sign-up 200 in 47ms (next.js: 11ms, proxy.ts: 2ms, application-code: 34ms)
 POST /api/auth/sign-up/email 200 in 150ms (next.js: 5ms, proxy.ts: 6ms, application-code: 139ms)
 GET /api/auth/get-session 200 in 11ms (next.js: 4ms, proxy.ts: 2ms, application-code: 5ms)
 GET /sign-in 200 in 42ms (next.js: 4ms, proxy.ts: 2ms, application-code: 35ms)
 POST /api/auth/sign-in/email 403 in 143ms (next.js: 7ms, proxy.ts: 4ms, application-code: 132ms)
 GET /api/auth/get-session 200 in 13ms (next.js: 3ms, proxy.ts: 2ms, application-code: 7ms)
 GET /api/auth/verify-email?token=[REDACTED]&callbackURL=%2Fdashboard 302 in 26ms (next.js: 3ms, proxy.ts: 3ms, application-code: 20ms)
 GET /dashboard 307 in 95ms (next.js: 24ms, proxy.ts: 1.8ms, application-code: 69ms)
 GET /sign-in 200 in 59ms (next.js: 11ms, proxy.ts: 3ms, application-code: 46ms)
 GET /sign-in 200 in 70ms (next.js: 7ms, proxy.ts: 6ms, application-code: 57ms)
 POST /api/auth/sign-in/email 200 in 107ms (next.js: 7ms, proxy.ts: 3ms, application-code: 96ms)
 GET /dashboard 307 in 104ms (next.js: 6ms, proxy.ts: 4ms, application-code: 94ms)
 GET /onboarding 200 in 1585ms (next.js: 1467ms, proxy.ts: 3ms, application-code: 116ms)
 GET /settings 200 in 410ms (next.js: 7ms, proxy.ts: 3ms, application-code: 399ms)
 GET /api/auth/get-session 200 in 138ms (next.js: 39ms, proxy.ts: 16ms, application-code: 83ms)
 POST /onboarding 200 in 601ms (next.js: 5ms, proxy.ts: 6ms, application-code: 589ms)
  └─ ƒ createWorkspace({}) in 28ms src/app/onboarding/actions.ts
 GET /api/auth/organization/list 200 in 167ms (next.js: 74ms, proxy.ts: 18ms, application-code: 75ms)
 GET /api/auth/get-session 200 in 72ms (next.js: 15ms, proxy.ts: 7ms, application-code: 50ms)
 GET /sign-in 200 in 59ms (next.js: 11ms, proxy.ts: 5ms, application-code: 43ms)
 POST /api/auth/sign-in/magic-link 200 in 49ms (next.js: 11ms, proxy.ts: 8ms, application-code: 30ms)
 GET /api/auth/magic-link/verify?token=[REDACTED]&callbackURL=%2Fdashboard&errorCallbackURL=http%3A%2F%2Flocalhost%3A3017%2Fsign-in 302 in 55ms (next.js: 3ms, proxy.ts: 5ms, application-code: 47ms)
 GET /dashboard 200 in 184ms (next.js: 8ms, proxy.ts: 8ms, application-code: 168ms)
 GET /api/auth/get-session 200 in 70ms (next.js: 29ms, proxy.ts: 7ms, application-code: 34ms)
 GET /api/auth/get-session 200 in 58ms (next.js: 15ms, proxy.ts: 14ms, application-code: 29ms)
 GET /api/auth/organization/list 200 in 63ms (next.js: 24ms, proxy.ts: 14ms, application-code: 24ms)
 GET /api/auth/magic-link/verify?token=[REDACTED]&callbackURL=%2Fdashboard&errorCallbackURL=http%3A%2F%2Flocalhost%3A3017%2Fsign-in 302 in 38ms (next.js: 3ms, proxy.ts: 3ms, application-code: 33ms)
 GET /sign-in?error=INVALID_TOKEN 200 in 52ms (next.js: 7ms, proxy.ts: 3ms, application-code: 42ms)
 GET /api/auth/get-session 200 in 14ms (next.js: 3ms, proxy.ts: 4ms, application-code: 6ms)
 GET /forgot-password 200 in 575ms (next.js: 511ms, proxy.ts: 2ms, application-code: 61ms)
 POST /api/auth/request-password-reset 200 in 22ms (next.js: 6ms, proxy.ts: 3ms, application-code: 13ms)
 GET /api/auth/reset-password/[REDACTED]?callbackURL=%2Freset-password 302 in 16ms (next.js: 7ms, proxy.ts: 2ms, application-code: 7ms)
 GET /reset-password?token=[REDACTED] 200 in 322ms (next.js: 274ms, proxy.ts: 2ms, application-code: 46ms)
 POST /api/auth/reset-password 200 in 165ms (next.js: 4ms, proxy.ts: 2ms, application-code: 159ms)
 GET /api/auth/get-session 200 in 15ms (next.js: 5ms, proxy.ts: 4ms, application-code: 7ms)
 GET /api/auth/get-session 200 in 10ms (next.js: 2ms, proxy.ts: 1.8ms, application-code: 6ms)
 GET /api/auth/reset-password/[REDACTED]?callbackURL=%2Freset-password 302 in 12ms (next.js: 3ms, proxy.ts: 2ms, application-code: 6ms)
 GET /reset-password?error=INVALID_TOKEN 200 in 33ms (next.js: 3ms, proxy.ts: 2.0ms, application-code: 29ms)
 GET /sign-in 200 in 38ms (next.js: 4ms, proxy.ts: 5ms, application-code: 30ms)
2026-09-10T11:31:26.676Z WARN [Better Auth]: Invalid password
 POST /api/auth/sign-in/email 401 in 246ms (next.js: 11ms, proxy.ts: 115ms, application-code: 120ms)
 GET /api/auth/get-session 200 in 11ms (next.js: 3ms, proxy.ts: 1.9ms, application-code: 6ms)
 GET /sign-in 200 in 59ms (next.js: 4ms, proxy.ts: 3ms, application-code: 52ms)
 POST /api/auth/sign-in/email 200 in 88ms (next.js: 4ms, proxy.ts: 3ms, application-code: 81ms)
 GET /dashboard 200 in 133ms (next.js: 4ms, proxy.ts: 3ms, application-code: 127ms)
 GET /api/auth/get-session 200 in 157ms (next.js: 106ms, proxy.ts: 10ms, application-code: 41ms)
 GET /api/auth/organization/list 200 in 168ms (next.js: 103ms, proxy.ts: 8ms, application-code: 57ms)
 GET /sign-in 200 in 221ms (next.js: 33ms, proxy.ts: 51ms, application-code: 137ms)
 POST /api/auth/sign-in/email 200 in 137ms (next.js: 8ms, proxy.ts: 3ms, application-code: 126ms)
 GET /dashboard 200 in 107ms (next.js: 2ms, proxy.ts: 4ms, application-code: 101ms)
 GET /account 200 in 85ms (next.js: 5ms, proxy.ts: 3ms, application-code: 78ms)
 GET /api/auth/get-session 200 in 35ms (next.js: 10ms, proxy.ts: 9ms, application-code: 16ms)
 GET /api/auth/organization/list 200 in 43ms (next.js: 13ms, proxy.ts: 9ms, application-code: 20ms)
 GET /api/auth/get-session 200 in 27ms (next.js: 6ms, proxy.ts: 5ms, application-code: 16ms)
 GET /api/auth/organization/list 200 in 33ms (next.js: 9ms, proxy.ts: 5ms, application-code: 19ms)
 GET /api/auth/passkey/list-user-passkeys 200 in 38ms (next.js: 11ms, proxy.ts: 5ms, application-code: 22ms)
 POST /api/auth/revoke-other-sessions 200 in 19ms (next.js: 7ms, proxy.ts: 5ms, application-code: 8ms)
 GET /api/auth/get-session 200 in 10ms (next.js: 2ms, proxy.ts: 1.7ms, application-code: 6ms)
 GET /api/auth/get-session 200 in 13ms (next.js: 4ms, proxy.ts: 3ms, application-code: 6ms)
 GET /api/auth/get-session 200 in 15ms (next.js: 4ms, proxy.ts: 6ms, application-code: 5ms)
 GET /api/auth/passkey/generate-register-options?authenticatorAttachment=platform&name=Passkey%20Ads%20by%20Yodev 200 in 17ms (next.js: 2ms, proxy.ts: 2ms, application-code: 13ms)
 POST /api/auth/passkey/verify-registration 200 in 15ms (next.js: 2ms, proxy.ts: 2.0ms, application-code: 11ms)
 GET /api/auth/passkey/list-user-passkeys 200 in 9ms (next.js: 1.9ms, proxy.ts: 1.5ms, application-code: 5ms)
 GET /api/auth/passkey/list-user-passkeys 200 in 25ms (next.js: 2.0ms, proxy.ts: 2ms, application-code: 20ms)
 POST /api/auth/passkey/delete-passkey 401 in 12ms (next.js: 2ms, proxy.ts: 1.8ms, application-code: 8ms)
 POST /api/auth/sign-out 200 in 11ms (next.js: 2ms, proxy.ts: 2ms, application-code: 7ms)
 GET /sign-in 200 in 54ms (next.js: 5ms, proxy.ts: 2ms, application-code: 46ms)
 GET /api/auth/passkey/generate-authenticate-options 200 in 17ms (next.js: 4ms, proxy.ts: 3ms, application-code: 11ms)
 POST /api/auth/passkey/verify-authentication 200 in 30ms (next.js: 7ms, proxy.ts: 4ms, application-code: 19ms)
 GET /dashboard 200 in 143ms (next.js: 6ms, proxy.ts: 3ms, application-code: 135ms)
 GET /api/auth/get-session 200 in 11ms (next.js: 2ms, proxy.ts: 3ms, application-code: 6ms)
 GET /api/auth/get-session 200 in 37ms (next.js: 8ms, proxy.ts: 19ms, application-code: 10ms)
 GET /api/auth/organization/list 200 in 30ms (next.js: 12ms, proxy.ts: 14ms, application-code: 4ms)
 GET /account 200 in 65ms (next.js: 2ms, proxy.ts: 3ms, application-code: 60ms)
 GET /api/auth/get-session 200 in 30ms (next.js: 8ms, proxy.ts: 6ms, application-code: 16ms)
 GET /api/auth/passkey/list-user-passkeys 200 in 30ms (next.js: 13ms, proxy.ts: 6ms, application-code: 12ms)
 GET /api/auth/organization/list 200 in 33ms (next.js: 11ms, proxy.ts: 5ms, application-code: 17ms)
 POST /api/auth/passkey/delete-passkey 200 in 19ms (next.js: 6ms, proxy.ts: 6ms, application-code: 7ms)
 POST /api/auth/sign-out 200 in 28ms (next.js: 17ms, proxy.ts: 4ms, application-code: 7ms)
 GET /api/auth/passkey/list-user-passkeys 200 in 30ms (next.js: 4ms, proxy.ts: 4ms, application-code: 22ms)
 GET /sign-in 200 in 47ms (next.js: 5ms, proxy.ts: 2ms, application-code: 40ms)
 GET /api/auth/passkey/generate-authenticate-options 200 in 29ms (next.js: 18ms, proxy.ts: 3ms, application-code: 9ms)
 POST /api/auth/passkey/verify-authentication 401 in 43ms (next.js: 17ms, proxy.ts: 8ms, application-code: 18ms)
 GET /api/auth/get-session 200 in 11ms (next.js: 3ms, proxy.ts: 1.9ms, application-code: 6ms)
 POST /api/auth/sign-in/magic-link 200 in 23ms (next.js: 12ms, proxy.ts: 2ms, application-code: 9ms)
 GET /api/auth/magic-link/verify?token=[REDACTED]&callbackURL=%2Fdashboard&errorCallbackURL=http%3A%2F%2Flocalhost%3A3017%2Fsign-in 302 in 15ms (next.js: 3ms, proxy.ts: 2ms, application-code: 10ms)
 GET /dashboard 200 in 122ms (next.js: 1.9ms, proxy.ts: 1.7ms, application-code: 119ms)
 GET /api/auth/get-session 200 in 30ms (next.js: 10ms, proxy.ts: 4ms, application-code: 16ms)
 GET /api/auth/organization/list 200 in 33ms (next.js: 13ms, proxy.ts: 5ms, application-code: 15ms)
 GET /invitation?id=1152a53d-3284-4f8c-a9ee-a909b1445a9c 200 in 999ms (next.js: 934ms, proxy.ts: 2ms, application-code: 63ms)
 GET /api/auth/get-session 200 in 24ms (next.js: 5ms, proxy.ts: 6ms, application-code: 13ms)
 POST /api/auth/organization/accept-invitation 403 in 19ms (next.js: 3ms, proxy.ts: 3ms, application-code: 13ms)
 POST /invitation?id=1152a53d-3284-4f8c-a9ee-a909b1445a9c 200 in 21ms (next.js: 2ms, proxy.ts: 2ms, application-code: 16ms)
  └─ ƒ recoverAcceptedInvitation("1152a53d-3284-4f8c-a9ee-a909b1445a9c") in 8ms src/app/invitation/actions.ts
 GET /invitation?id=50aced1b-2fae-4c4e-9e4b-21fa90967be7 200 in 159ms (next.js: 8ms, proxy.ts: 17ms, application-code: 134ms)
 GET /api/auth/get-session 200 in 122ms (next.js: 5ms, proxy.ts: 108ms, application-code: 9ms)
 POST /api/auth/organization/accept-invitation 400 in 16ms (next.js: 3ms, proxy.ts: 3ms, application-code: 9ms)
 POST /invitation?id=50aced1b-2fae-4c4e-9e4b-21fa90967be7 200 in 17ms (next.js: 2ms, proxy.ts: 2.0ms, application-code: 13ms)
  └─ ƒ recoverAcceptedInvitation("50aced1b-2fae-4c4e-9e4b-21fa90967be7") in 6ms src/app/invitation/actions.ts
 GET /invitation?id=389b51c6-8d2e-449d-ade3-b2063e257e45 200 in 31ms (next.js: 2ms, proxy.ts: 3ms, application-code: 26ms)
 GET /api/auth/get-session 200 in 13ms (next.js: 4ms, proxy.ts: 2ms, application-code: 7ms)
 POST /api/auth/organization/accept-invitation 400 in 13ms (next.js: 3ms, proxy.ts: 4ms, application-code: 7ms)
 POST /invitation?id=389b51c6-8d2e-449d-ade3-b2063e257e45 200 in 13ms (next.js: 1.7ms, proxy.ts: 1.9ms, application-code: 9ms)
  └─ ƒ recoverAcceptedInvitation("389b51c6-8d2e-449d-ade3-b2063e257e45") in 5ms src/app/invitation/actions.ts
 GET /invitation?id=a079478b-b470-4c81-8a79-7dede80799bd 200 in 32ms (next.js: 1.8ms, proxy.ts: 2ms, application-code: 28ms)
 GET /api/auth/get-session 200 in 14ms (next.js: 3ms, proxy.ts: 6ms, application-code: 5ms)
 GET /sign-in?returnTo=%2Finvitation%3Fid%3Da079478b-b470-4c81-8a79-7dede80799bd 200 in 35ms (next.js: 9ms, proxy.ts: 3ms, application-code: 24ms)
 POST /api/auth/sign-in/magic-link 200 in 22ms (next.js: 4ms, proxy.ts: 5ms, application-code: 14ms)
 GET /api/auth/magic-link/verify?token=[REDACTED]&callbackURL=%2Finvitation%3Fid%3Da079478b-b470-4c81-8a79-7dede80799bd&errorCallbackURL=http%3A%2F%2Flocalhost%3A3017%2Fsign-in%3FreturnTo%3D%252Finvitation%253Fid%253Da079478b-b470-4c81-8a79-7dede80799bd 302 in 28ms (next.js: 5ms, proxy.ts: 4ms, application-code: 19ms)
 GET /invitation?id=a079478b-b470-4c81-8a79-7dede80799bd 200 in 91ms (next.js: 4ms, proxy.ts: 4ms, application-code: 83ms)
 GET /api/auth/get-session 200 in 47ms (next.js: 22ms, proxy.ts: 8ms, application-code: 16ms)
 POST /api/auth/organization/accept-invitation 403 in 27ms (next.js: 3ms, proxy.ts: 3ms, application-code: 21ms)
 POST /invitation?id=a079478b-b470-4c81-8a79-7dede80799bd 200 in 19ms (next.js: 4ms, proxy.ts: 3ms, application-code: 11ms)
  └─ ƒ recoverAcceptedInvitation("a079478b-b470-4c81-8a79-7dede80799bd") in 4ms src/app/invitation/actions.ts
 POST /api/auth/organization/accept-invitation 200 in 29ms (next.js: 4ms, proxy.ts: 4ms, application-code: 21ms)
 POST /invitation?id=a079478b-b470-4c81-8a79-7dede80799bd 200 in 20ms (next.js: 5ms, proxy.ts: 3ms, application-code: 12ms)
  └─ ƒ recoverAcceptedInvitation("a079478b-b470-4c81-8a79-7dede80799bd") in 6ms src/app/invitation/actions.ts
 POST /api/auth/organization/set-active 200 in 25ms (next.js: 6ms, proxy.ts: 4ms, application-code: 14ms)
 GET /api/auth/get-session 200 in 82ms (next.js: 36ms, proxy.ts: 6ms, application-code: 39ms)
 GET /dashboard 200 in 206ms (next.js: 10ms, proxy.ts: 6ms, application-code: 190ms)
 GET /api/auth/get-session 200 in 24ms (next.js: 5ms, proxy.ts: 3ms, application-code: 16ms)
 GET /api/auth/get-session 200 in 33ms (next.js: 8ms, proxy.ts: 13ms, application-code: 13ms)
 GET /api/auth/organization/list 200 in 35ms (next.js: 10ms, proxy.ts: 14ms, application-code: 11ms)
 GET /invitation?id=a079478b-b470-4c81-8a79-7dede80799bd 200 in 39ms (next.js: 3ms, proxy.ts: 4ms, application-code: 32ms)
 GET /api/auth/get-session 200 in 112ms (next.js: 4ms, proxy.ts: 83ms, application-code: 25ms)
 POST /api/auth/organization/accept-invitation 400 in 64ms (next.js: 4ms, proxy.ts: 3ms, application-code: 56ms)
 POST /invitation?id=a079478b-b470-4c81-8a79-7dede80799bd 200 in 37ms (next.js: 7ms, proxy.ts: 11ms, application-code: 18ms)
  └─ ƒ recoverAcceptedInvitation("a079478b-b470-4c81-8a79-7dede80799bd") in 8ms src/app/invitation/actions.ts
 POST /api/auth/organization/set-active 200 in 15ms (next.js: 3ms, proxy.ts: 4ms, application-code: 9ms)
 GET /api/auth/get-session 200 in 106ms (next.js: 31ms, proxy.ts: 24ms, application-code: 51ms)
 GET /dashboard 200 in 156ms (next.js: 3ms, proxy.ts: 4ms, application-code: 149ms)
 GET /api/auth/get-session 200 in 269ms (next.js: 41ms, proxy.ts: 117ms, application-code: 110ms)
 GET /api/auth/organization/list 200 in 164ms (next.js: 69ms, proxy.ts: 19ms, application-code: 76ms)
 GET /invitation?id=a079478b-b470-4c81-8a79-7dede80799bd 200 in 146ms (next.js: 51ms, proxy.ts: 15ms, application-code: 80ms)
 GET /api/auth/get-session 200 in 42ms (next.js: 12ms, proxy.ts: 3ms, application-code: 27ms)
 POST /api/auth/organization/accept-invitation 400 in 42ms (next.js: 11ms, proxy.ts: 5ms, application-code: 26ms)
 POST /invitation?id=a079478b-b470-4c81-8a79-7dede80799bd 200 in 32ms (next.js: 7ms, proxy.ts: 4ms, application-code: 21ms)
  └─ ƒ recoverAcceptedInvitation("a079478b-b470-4c81-8a79-7dede80799bd") in 10ms src/app/invitation/actions.ts
 GET /dashboard 307 in 161ms (next.js: 20ms, proxy.ts: 6ms, application-code: 135ms)
 GET /onboarding 307 in 85ms (next.js: 10ms, proxy.ts: 3ms, application-code: 72ms)
 GET /dashboard 200 in 293ms (next.js: 27ms, proxy.ts: 6ms, application-code: 260ms)
 GET /api/auth/get-session 200 in 26ms (next.js: 6ms, proxy.ts: 3ms, application-code: 17ms)
 GET /api/auth/get-session 200 in 45ms (next.js: 10ms, proxy.ts: 6ms, application-code: 28ms)
 GET /api/auth/organization/list 200 in 109ms (next.js: 15ms, proxy.ts: 8ms, application-code: 86ms)
 GET /dashboard 307 in 132ms (next.js: 17ms, proxy.ts: 9ms, application-code: 106ms)
 GET /onboarding 200 in 58ms (next.js: 4ms, proxy.ts: 3ms, application-code: 51ms)
 GET /api/auth/get-session 200 in 18ms (next.js: 3ms, proxy.ts: 6ms, application-code: 9ms)
 GET /account 200 in 73ms (next.js: 3ms, proxy.ts: 2ms, application-code: 68ms)
 GET /api/auth/get-session 200 in 55ms (next.js: 7ms, proxy.ts: 8ms, application-code: 40ms)
 GET /api/auth/passkey/list-user-passkeys 200 in 79ms (next.js: 14ms, proxy.ts: 9ms, application-code: 57ms)
 GET /api/auth/organization/list 200 in 80ms (next.js: 21ms, proxy.ts: 8ms, application-code: 50ms)
 POST /api/auth/sign-out 200 in 46ms (next.js: 27ms, proxy.ts: 10ms, application-code: 10ms)
 GET /sign-in 200 in 115ms (next.js: 16ms, proxy.ts: 4ms, application-code: 94ms)
 GET /api/auth/get-session 200 in 44ms (next.js: 30ms, proxy.ts: 5ms, application-code: 9ms)
  ✓  11 [chromium] › e2e/auth-lifecycle-local.spec.ts:85:9 › auth lifecycle fr: verification, magic link, reset, sessions and passkey (20.0s)
 GET /sign-up 200 in 60ms (next.js: 12ms, proxy.ts: 6ms, application-code: 42ms)
 POST /api/auth/sign-up/email 200 in 115ms (next.js: 6ms, proxy.ts: 6ms, application-code: 104ms)
 GET /api/auth/get-session 200 in 28ms (next.js: 15ms, proxy.ts: 6ms, application-code: 6ms)
 GET /sign-in 200 in 44ms (next.js: 6ms, proxy.ts: 3ms, application-code: 35ms)
 POST /api/auth/sign-in/email 403 in 102ms (next.js: 4ms, proxy.ts: 3ms, application-code: 95ms)
 GET /api/auth/get-session 200 in 15ms (next.js: 5ms, proxy.ts: 3ms, application-code: 7ms)
 GET /api/auth/verify-email?token=[REDACTED]&callbackURL=%2Fdashboard 302 in 17ms (next.js: 3ms, proxy.ts: 5ms, application-code: 9ms)
 GET /dashboard 307 in 59ms (next.js: 3ms, proxy.ts: 2ms, application-code: 54ms)
 GET /sign-in 200 in 76ms (next.js: 6ms, proxy.ts: 3ms, application-code: 68ms)
 GET /sign-in 200 in 76ms (next.js: 26ms, proxy.ts: 13ms, application-code: 37ms)
 POST /api/auth/sign-in/email 200 in 114ms (next.js: 4ms, proxy.ts: 3ms, application-code: 107ms)
 GET /dashboard 307 in 64ms (next.js: 4ms, proxy.ts: 4ms, application-code: 57ms)
 GET /onboarding 200 in 52ms (next.js: 3ms, proxy.ts: 3ms, application-code: 46ms)
 GET /settings 200 in 127ms (next.js: 9ms, proxy.ts: 3ms, application-code: 115ms)
 POST /onboarding 200 in 164ms (next.js: 4ms, proxy.ts: 3ms, application-code: 157ms)
  └─ ƒ createWorkspace({}) in 19ms src/app/onboarding/actions.ts
 GET /api/auth/get-session 200 in 27ms (next.js: 4ms, proxy.ts: 3ms, application-code: 20ms)
 GET /api/auth/organization/list 200 in 35ms (next.js: 8ms, proxy.ts: 4ms, application-code: 23ms)
 GET /api/auth/get-session 200 in 28ms (next.js: 9ms, proxy.ts: 8ms, application-code: 11ms)
 GET /sign-in 200 in 56ms (next.js: 15ms, proxy.ts: 4ms, application-code: 37ms)
 POST /api/auth/sign-in/magic-link 200 in 19ms (next.js: 5ms, proxy.ts: 3ms, application-code: 12ms)
 GET /api/auth/magic-link/verify?token=[REDACTED]&callbackURL=%2Fdashboard&errorCallbackURL=http%3A%2F%2Flocalhost%3A3017%2Fsign-in 302 in 14ms (next.js: 2ms, proxy.ts: 2.0ms, application-code: 9ms)
 GET /dashboard 200 in 114ms (next.js: 2.0ms, proxy.ts: 2ms, application-code: 110ms)
 GET /api/auth/get-session 200 in 12ms (next.js: 2ms, proxy.ts: 2ms, application-code: 7ms)
 GET /api/auth/get-session 200 in 35ms (next.js: 11ms, proxy.ts: 11ms, application-code: 13ms)
 GET /api/auth/organization/list 200 in 40ms (next.js: 11ms, proxy.ts: 12ms, application-code: 17ms)
 GET /api/auth/magic-link/verify?token=[REDACTED]&callbackURL=%2Fdashboard&errorCallbackURL=http%3A%2F%2Flocalhost%3A3017%2Fsign-in 302 in 28ms (next.js: 16ms, proxy.ts: 3ms, application-code: 9ms)
 GET /sign-in?error=INVALID_TOKEN 200 in 39ms (next.js: 4ms, proxy.ts: 2ms, application-code: 33ms)
 GET /api/auth/get-session 200 in 17ms (next.js: 4ms, proxy.ts: 6ms, application-code: 7ms)
 GET /forgot-password 200 in 35ms (next.js: 4ms, proxy.ts: 2ms, application-code: 29ms)
 POST /api/auth/request-password-reset 200 in 18ms (next.js: 4ms, proxy.ts: 3ms, application-code: 11ms)
 GET /api/auth/reset-password/[REDACTED]?callbackURL=%2Freset-password 302 in 12ms (next.js: 3ms, proxy.ts: 2ms, application-code: 7ms)
 GET /reset-password?token=[REDACTED] 200 in 31ms (next.js: 3ms, proxy.ts: 1.7ms, application-code: 26ms)
 POST /api/auth/reset-password 200 in 91ms (next.js: 2ms, proxy.ts: 3ms, application-code: 85ms)
 GET /api/auth/get-session 200 in 19ms (next.js: 4ms, proxy.ts: 3ms, application-code: 12ms)
 GET /api/auth/get-session 200 in 22ms (next.js: 5ms, proxy.ts: 6ms, application-code: 12ms)
 GET /api/auth/reset-password/[REDACTED]?callbackURL=%2Freset-password 302 in 17ms (next.js: 4ms, proxy.ts: 3ms, application-code: 10ms)
 GET /reset-password?error=INVALID_TOKEN 200 in 46ms (next.js: 2.0ms, proxy.ts: 3ms, application-code: 41ms)
 GET /sign-in 200 in 84ms (next.js: 6ms, proxy.ts: 7ms, application-code: 71ms)
2026-09-10T11:31:42.700Z WARN [Better Auth]: Invalid password
 POST /api/auth/sign-in/email 401 in 104ms (next.js: 6ms, proxy.ts: 5ms, application-code: 93ms)
 GET /api/auth/get-session 200 in 13ms (next.js: 3ms, proxy.ts: 1.9ms, application-code: 8ms)
 GET /sign-in 200 in 92ms (next.js: 5ms, proxy.ts: 1.7ms, application-code: 85ms)
 POST /api/auth/sign-in/email 200 in 132ms (next.js: 3ms, proxy.ts: 5ms, application-code: 125ms)
 GET /dashboard 200 in 151ms (next.js: 13ms, proxy.ts: 11ms, application-code: 127ms)
 GET /sign-in 200 in 99ms (next.js: 8ms, proxy.ts: 5ms, application-code: 86ms)
 GET /api/auth/get-session 200 in 55ms (next.js: 17ms, proxy.ts: 8ms, application-code: 29ms)
 GET /api/auth/organization/list 200 in 66ms (next.js: 25ms, proxy.ts: 8ms, application-code: 33ms)
 POST /api/auth/sign-in/email 200 in 221ms (next.js: 7ms, proxy.ts: 6ms, application-code: 208ms)
 GET /dashboard 200 in 178ms (next.js: 8ms, proxy.ts: 14ms, application-code: 156ms)
 GET /account 200 in 140ms (next.js: 6ms, proxy.ts: 9ms, application-code: 125ms)
 GET /api/auth/get-session 200 in 110ms (next.js: 12ms, proxy.ts: 25ms, application-code: 73ms)
 GET /api/auth/organization/list 200 in 112ms (next.js: 17ms, proxy.ts: 18ms, application-code: 77ms)
 GET /api/auth/get-session 200 in 36ms (next.js: 9ms, proxy.ts: 5ms, application-code: 22ms)
 GET /api/auth/passkey/list-user-passkeys 200 in 38ms (next.js: 11ms, proxy.ts: 5ms, application-code: 22ms)
 GET /api/auth/organization/list 200 in 40ms (next.js: 15ms, proxy.ts: 5ms, application-code: 20ms)
 POST /api/auth/revoke-other-sessions 200 in 25ms (next.js: 7ms, proxy.ts: 7ms, application-code: 12ms)
 GET /api/auth/get-session 200 in 15ms (next.js: 4ms, proxy.ts: 3ms, application-code: 9ms)
 GET /api/auth/get-session 200 in 13ms (next.js: 3ms, proxy.ts: 2ms, application-code: 7ms)
 GET /api/auth/get-session 200 in 13ms (next.js: 3ms, proxy.ts: 2.0ms, application-code: 8ms)
 GET /api/auth/passkey/generate-register-options?authenticatorAttachment=platform&name=Ads%20by%20Yodev%20passkey 200 in 18ms (next.js: 3ms, proxy.ts: 3ms, application-code: 13ms)
 POST /api/auth/passkey/verify-registration 200 in 16ms (next.js: 3ms, proxy.ts: 3ms, application-code: 10ms)
 GET /api/auth/passkey/list-user-passkeys 200 in 21ms (next.js: 3ms, proxy.ts: 3ms, application-code: 15ms)
 GET /api/auth/passkey/list-user-passkeys 200 in 15ms (next.js: 3ms, proxy.ts: 2ms, application-code: 10ms)
 POST /api/auth/passkey/delete-passkey 401 in 12ms (next.js: 2ms, proxy.ts: 2ms, application-code: 8ms)
 POST /api/auth/sign-out 200 in 21ms (next.js: 2ms, proxy.ts: 1.7ms, application-code: 17ms)
 GET /sign-in 200 in 47ms (next.js: 4ms, proxy.ts: 5ms, application-code: 38ms)
 GET /api/auth/passkey/generate-authenticate-options 200 in 19ms (next.js: 5ms, proxy.ts: 3ms, application-code: 11ms)
 POST /api/auth/passkey/verify-authentication 200 in 87ms (next.js: 24ms, proxy.ts: 14ms, application-code: 50ms)
 GET /dashboard 200 in 168ms (next.js: 4ms, proxy.ts: 2ms, application-code: 162ms)
 GET /api/auth/get-session 200 in 16ms (next.js: 4ms, proxy.ts: 3ms, application-code: 10ms)
 GET /api/auth/organization/list 200 in 43ms (next.js: 19ms, proxy.ts: 21ms, application-code: 4ms)
 GET /api/auth/get-session 200 in 52ms (next.js: 14ms, proxy.ts: 24ms, application-code: 14ms)
 GET /account 200 in 106ms (next.js: 14ms, proxy.ts: 4ms, application-code: 88ms)
 GET /api/auth/get-session 200 in 32ms (next.js: 8ms, proxy.ts: 7ms, application-code: 17ms)
 GET /api/auth/passkey/list-user-passkeys 200 in 33ms (next.js: 11ms, proxy.ts: 10ms, application-code: 12ms)
 GET /api/auth/organization/list 200 in 35ms (next.js: 10ms, proxy.ts: 9ms, application-code: 17ms)
 POST /api/auth/passkey/delete-passkey 200 in 15ms (next.js: 4ms, proxy.ts: 3ms, application-code: 8ms)
 POST /api/auth/sign-out 200 in 23ms (next.js: 8ms, proxy.ts: 4ms, application-code: 11ms)
 GET /api/auth/passkey/list-user-passkeys 200 in 26ms (next.js: 5ms, proxy.ts: 4ms, application-code: 17ms)
 GET /sign-in 200 in 82ms (next.js: 6ms, proxy.ts: 4ms, application-code: 71ms)
 GET /api/auth/passkey/generate-authenticate-options 200 in 21ms (next.js: 5ms, proxy.ts: 4ms, application-code: 12ms)
 POST /api/auth/passkey/verify-authentication 401 in 25ms (next.js: 7ms, proxy.ts: 5ms, application-code: 13ms)
 GET /api/auth/get-session 200 in 36ms (next.js: 18ms, proxy.ts: 4ms, application-code: 14ms)
 POST /api/auth/sign-in/magic-link 200 in 20ms (next.js: 4ms, proxy.ts: 5ms, application-code: 11ms)
 GET /api/auth/magic-link/verify?token=[REDACTED]&callbackURL=%2Fdashboard&errorCallbackURL=http%3A%2F%2Flocalhost%3A3017%2Fsign-in 302 in 16ms (next.js: 2ms, proxy.ts: 2ms, application-code: 11ms)
 GET /dashboard 200 in 146ms (next.js: 2ms, proxy.ts: 2.0ms, application-code: 141ms)
 GET /api/auth/get-session 200 in 48ms (next.js: 12ms, proxy.ts: 16ms, application-code: 21ms)
 GET /api/auth/organization/list 200 in 51ms (next.js: 18ms, proxy.ts: 18ms, application-code: 15ms)
 GET /invitation?id=ebbefa8e-0967-43ba-add1-2055249c1572 200 in 61ms (next.js: 8ms, proxy.ts: 6ms, application-code: 47ms)
 GET /api/auth/get-session 200 in 18ms (next.js: 3ms, proxy.ts: 5ms, application-code: 11ms)
 POST /api/auth/organization/accept-invitation 403 in 69ms (next.js: 21ms, proxy.ts: 22ms, application-code: 26ms)
 POST /invitation?id=ebbefa8e-0967-43ba-add1-2055249c1572 200 in 50ms (next.js: 6ms, proxy.ts: 8ms, application-code: 37ms)
  └─ ƒ recoverAcceptedInvitation("ebbefa8e-0967-43ba-add1-2055249c1572") in 17ms src/app/invitation/actions.ts
 GET /invitation?id=2158cc07-fdc1-4f13-8e00-1ce6c9b6f9bd 200 in 87ms (next.js: 11ms, proxy.ts: 7ms, application-code: 69ms)
 GET /api/auth/get-session 200 in 28ms (next.js: 4ms, proxy.ts: 4ms, application-code: 20ms)
 POST /api/auth/organization/accept-invitation 400 in 18ms (next.js: 5ms, proxy.ts: 4ms, application-code: 9ms)
 POST /invitation?id=2158cc07-fdc1-4f13-8e00-1ce6c9b6f9bd 200 in 25ms (next.js: 3ms, proxy.ts: 2ms, application-code: 19ms)
  └─ ƒ recoverAcceptedInvitation("2158cc07-fdc1-4f13-8e00-1ce6c9b6f9bd") in 9ms src/app/invitation/actions.ts
 GET /invitation?id=2bbc1651-0629-4d4f-9c7e-b95c480c19f1 200 in 36ms (next.js: 2ms, proxy.ts: 5ms, application-code: 29ms)
 GET /api/auth/get-session 200 in 20ms (next.js: 2ms, proxy.ts: 10ms, application-code: 8ms)
 POST /api/auth/organization/accept-invitation 400 in 19ms (next.js: 6ms, proxy.ts: 4ms, application-code: 9ms)
 POST /invitation?id=2bbc1651-0629-4d4f-9c7e-b95c480c19f1 200 in 20ms (next.js: 3ms, proxy.ts: 3ms, application-code: 15ms)
  └─ ƒ recoverAcceptedInvitation("2bbc1651-0629-4d4f-9c7e-b95c480c19f1") in 7ms src/app/invitation/actions.ts
 GET /invitation?id=e8289ad4-522f-4f17-8a9f-dbc602bd3b99 200 in 52ms (next.js: 3ms, proxy.ts: 4ms, application-code: 45ms)
 GET /api/auth/get-session 200 in 47ms (next.js: 28ms, proxy.ts: 4ms, application-code: 14ms)
 GET /sign-in?returnTo=%2Finvitation%3Fid%3De8289ad4-522f-4f17-8a9f-dbc602bd3b99 200 in 49ms (next.js: 9ms, proxy.ts: 3ms, application-code: 38ms)
 POST /api/auth/sign-in/magic-link 200 in 116ms (next.js: 15ms, proxy.ts: 56ms, application-code: 45ms)
 GET /api/auth/magic-link/verify?token=[REDACTED]&callbackURL=%2Finvitation%3Fid%3De8289ad4-522f-4f17-8a9f-dbc602bd3b99&errorCallbackURL=http%3A%2F%2Flocalhost%3A3017%2Fsign-in%3FreturnTo%3D%252Finvitation%253Fid%253De8289ad4-522f-4f17-8a9f-dbc602bd3b99 302 in 28ms (next.js: 5ms, proxy.ts: 4ms, application-code: 19ms)
 GET /invitation?id=e8289ad4-522f-4f17-8a9f-dbc602bd3b99 200 in 77ms (next.js: 11ms, proxy.ts: 6ms, application-code: 60ms)
 GET /api/auth/get-session 200 in 14ms (next.js: 3ms, proxy.ts: 3ms, application-code: 8ms)
 POST /api/auth/organization/accept-invitation 403 in 19ms (next.js: 3ms, proxy.ts: 3ms, application-code: 13ms)
 POST /invitation?id=e8289ad4-522f-4f17-8a9f-dbc602bd3b99 200 in 21ms (next.js: 3ms, proxy.ts: 4ms, application-code: 14ms)
  └─ ƒ recoverAcceptedInvitation("e8289ad4-522f-4f17-8a9f-dbc602bd3b99") in 6ms src/app/invitation/actions.ts
 POST /api/auth/organization/accept-invitation 200 in 23ms (next.js: 3ms, proxy.ts: 5ms, application-code: 16ms)
 POST /invitation?id=e8289ad4-522f-4f17-8a9f-dbc602bd3b99 200 in 20ms (next.js: 4ms, proxy.ts: 3ms, application-code: 12ms)
  └─ ƒ recoverAcceptedInvitation("e8289ad4-522f-4f17-8a9f-dbc602bd3b99") in 5ms src/app/invitation/actions.ts
 POST /api/auth/organization/set-active 200 in 18ms (next.js: 2ms, proxy.ts: 3ms, application-code: 13ms)
 GET /api/auth/get-session 200 in 161ms (next.js: 103ms, proxy.ts: 5ms, application-code: 53ms)
 GET /dashboard 200 in 196ms (next.js: 9ms, proxy.ts: 8ms, application-code: 180ms)
 GET /api/auth/get-session 200 in 19ms (next.js: 3ms, proxy.ts: 3ms, application-code: 14ms)
 GET /api/auth/get-session 200 in 23ms (next.js: 5ms, proxy.ts: 4ms, application-code: 14ms)
 GET /api/auth/organization/list 200 in 29ms (next.js: 9ms, proxy.ts: 4ms, application-code: 16ms)
 GET /invitation?id=e8289ad4-522f-4f17-8a9f-dbc602bd3b99 200 in 31ms (next.js: 2ms, proxy.ts: 2ms, application-code: 26ms)
 GET /api/auth/get-session 200 in 23ms (next.js: 13ms, proxy.ts: 3ms, application-code: 7ms)
 POST /api/auth/organization/accept-invitation 400 in 14ms (next.js: 3ms, proxy.ts: 3ms, application-code: 9ms)
 POST /invitation?id=e8289ad4-522f-4f17-8a9f-dbc602bd3b99 200 in 16ms (next.js: 1.8ms, proxy.ts: 1.8ms, application-code: 13ms)
  └─ ƒ recoverAcceptedInvitation("e8289ad4-522f-4f17-8a9f-dbc602bd3b99") in 5ms src/app/invitation/actions.ts
 POST /api/auth/organization/set-active 200 in 14ms (next.js: 2ms, proxy.ts: 3ms, application-code: 9ms)
 GET /api/auth/get-session 200 in 90ms (next.js: 23ms, proxy.ts: 25ms, application-code: 42ms)
 GET /dashboard 200 in 149ms (next.js: 3ms, proxy.ts: 2ms, application-code: 143ms)
 GET /invitation?id=e8289ad4-522f-4f17-8a9f-dbc602bd3b99 200 in 74ms (next.js: 2ms, proxy.ts: 5ms, application-code: 67ms)
 GET /api/auth/get-session 200 in 15ms (next.js: 4ms, proxy.ts: 3ms, application-code: 8ms)
 POST /api/auth/organization/accept-invitation 400 in 16ms (next.js: 4ms, proxy.ts: 4ms, application-code: 9ms)
 POST /invitation?id=e8289ad4-522f-4f17-8a9f-dbc602bd3b99 200 in 20ms (next.js: 4ms, proxy.ts: 3ms, application-code: 12ms)
  └─ ƒ recoverAcceptedInvitation("e8289ad4-522f-4f17-8a9f-dbc602bd3b99") in 7ms src/app/invitation/actions.ts
 GET /dashboard 307 in 75ms (next.js: 3ms, proxy.ts: 2ms, application-code: 70ms)
 GET /onboarding 307 in 69ms (next.js: 4ms, proxy.ts: 4ms, application-code: 62ms)
 GET /dashboard 200 in 132ms (next.js: 3ms, proxy.ts: 2ms, application-code: 127ms)
 GET /api/auth/get-session 200 in 18ms (next.js: 4ms, proxy.ts: 3ms, application-code: 11ms)
 GET /api/auth/get-session 200 in 81ms (next.js: 19ms, proxy.ts: 25ms, application-code: 36ms)
 GET /api/auth/organization/list 200 in 79ms (next.js: 33ms, proxy.ts: 23ms, application-code: 23ms)
 GET /dashboard 307 in 117ms (next.js: 3ms, proxy.ts: 3ms, application-code: 111ms)
 GET /onboarding 200 in 53ms (next.js: 3ms, proxy.ts: 4ms, application-code: 46ms)
 GET /api/auth/get-session 200 in 14ms (next.js: 4ms, proxy.ts: 3ms, application-code: 7ms)
 GET /account 200 in 66ms (next.js: 3ms, proxy.ts: 3ms, application-code: 60ms)
 GET /api/auth/get-session 200 in 47ms (next.js: 9ms, proxy.ts: 8ms, application-code: 29ms)
 GET /api/auth/passkey/list-user-passkeys 200 in 49ms (next.js: 14ms, proxy.ts: 8ms, application-code: 26ms)
 GET /api/auth/organization/list 200 in 51ms (next.js: 17ms, proxy.ts: 7ms, application-code: 26ms)
 POST /api/auth/sign-out 200 in 24ms (next.js: 5ms, proxy.ts: 12ms, application-code: 7ms)
 GET /api/auth/get-session 200 in 104ms (next.js: 14ms, proxy.ts: 47ms, application-code: 44ms)
 GET /api/auth/passkey/list-user-passkeys 401 in 134ms (next.js: 34ms, proxy.ts: 27ms, application-code: 74ms)
 GET /sign-in 200 in 224ms (next.js: 31ms, proxy.ts: 46ms, application-code: 148ms)
 GET /api/auth/get-session 200 in 26ms (next.js: 15ms, proxy.ts: 5ms, application-code: 6ms)
  ✓  12 [chromium] › e2e/auth-lifecycle-local.spec.ts:85:9 › auth lifecycle en: verification, magic link, reset, sessions and passkey (15.0s)
 GET /dashboard 200 in 117ms (next.js: 3ms, proxy.ts: 3ms, application-code: 112ms)
 GET /api/auth/get-session 200 in 85ms (next.js: 30ms, proxy.ts: 5ms, application-code: 49ms)
 GET /api/auth/organization/list 200 in 178ms (next.js: 38ms, proxy.ts: 9ms, application-code: 132ms)
 GET /settings 200 in 308ms (next.js: 15ms, proxy.ts: 9ms, application-code: 285ms)
 GET /api/auth/get-session 200 in 147ms (next.js: 9ms, proxy.ts: 4ms, application-code: 134ms)
 GET /api/auth/organization/list 200 in 155ms (next.js: 15ms, proxy.ts: 4ms, application-code: 136ms)
 GET /billing 200 in 297ms (next.js: 108ms, proxy.ts: 3ms, application-code: 187ms)
 GET /api/auth/get-session 200 in 105ms (next.js: 40ms, proxy.ts: 13ms, application-code: 53ms)
 GET /api/auth/organization/list 200 in 111ms (next.js: 46ms, proxy.ts: 12ms, application-code: 54ms)
 GET /support 200 in 323ms (next.js: 20ms, proxy.ts: 18ms, application-code: 285ms)
  ✓  13 [chromium] › e2e/authenticated-rbac.spec.ts:55:9 › authenticated five-role route matrix › owner has only its server-authorized product surface (1.9s)
 GET /dashboard 200 in 122ms (next.js: 2ms, proxy.ts: 1.9ms, application-code: 117ms)
 GET /api/auth/get-session 200 in 88ms (next.js: 42ms, proxy.ts: 6ms, application-code: 40ms)
 GET /api/auth/organization/list 200 in 146ms (next.js: 48ms, proxy.ts: 5ms, application-code: 93ms)
 GET /settings 200 in 279ms (next.js: 4ms, proxy.ts: 5ms, application-code: 270ms)
 GET /api/auth/get-session 200 in 117ms (next.js: 64ms, proxy.ts: 6ms, application-code: 47ms)
 GET /api/auth/organization/list 200 in 136ms (next.js: 85ms, proxy.ts: 7ms, application-code: 43ms)
 GET /support 200 in 218ms (next.js: 12ms, proxy.ts: 6ms, application-code: 200ms)
 GET /api/auth/get-session 200 in 228ms (next.js: 68ms, proxy.ts: 10ms, application-code: 150ms)
 GET /api/auth/organization/list 200 in 248ms (next.js: 82ms, proxy.ts: 9ms, application-code: 156ms)
 GET /billing 307 in 269ms (next.js: 9ms, proxy.ts: 16ms, application-code: 244ms)
 GET /support?error=You%20no%20longer%20have%20access%20to%20this%20page.%20Choose%20an%20available%20section%20or%20contact%20an%20administrator. 200 in 214ms (next.js: 6ms, proxy.ts: 4ms, application-code: 203ms)
  ✓  14 [chromium] › e2e/authenticated-rbac.spec.ts:55:9 › authenticated five-role route matrix › admin has only its server-authorized product surface (1.9s)
 GET /dashboard 200 in 113ms (next.js: 2ms, proxy.ts: 3ms, application-code: 108ms)
 GET /api/auth/get-session 200 in 76ms (next.js: 8ms, proxy.ts: 4ms, application-code: 64ms)
 GET /api/auth/organization/list 200 in 86ms (next.js: 27ms, proxy.ts: 5ms, application-code: 54ms)
 GET /tasks 200 in 327ms (next.js: 14ms, proxy.ts: 5ms, application-code: 308ms)
 GET /api/auth/get-session 200 in 153ms (next.js: 55ms, proxy.ts: 8ms, application-code: 91ms)
 GET /api/auth/organization/list 200 in 159ms (next.js: 38ms, proxy.ts: 31ms, application-code: 91ms)
 GET /support 200 in 213ms (next.js: 4ms, proxy.ts: 4ms, application-code: 205ms)
 GET /api/auth/get-session 200 in 244ms (next.js: 117ms, proxy.ts: 18ms, application-code: 109ms)
 GET /api/auth/organization/list 200 in 281ms (next.js: 124ms, proxy.ts: 20ms, application-code: 137ms)
 GET /settings 307 in 292ms (next.js: 22ms, proxy.ts: 17ms, application-code: 254ms)
 GET /support?error=You%20no%20longer%20have%20access%20to%20this%20page.%20Choose%20an%20available%20section%20or%20contact%20an%20administrator. 200 in 147ms (next.js: 5ms, proxy.ts: 2.0ms, application-code: 141ms)
 GET /api/auth/get-session 200 in 145ms (next.js: 49ms, proxy.ts: 19ms, application-code: 77ms)
 GET /api/auth/organization/list 200 in 219ms (next.js: 53ms, proxy.ts: 16ms, application-code: 150ms)
 GET /billing 307 in 261ms (next.js: 10ms, proxy.ts: 12ms, application-code: 240ms)
 GET /support?error=You%20no%20longer%20have%20access%20to%20this%20page.%20Choose%20an%20available%20section%20or%20contact%20an%20administrator. 200 in 199ms (next.js: 5ms, proxy.ts: 4ms, application-code: 190ms)
  ✓  15 [chromium] › e2e/authenticated-rbac.spec.ts:55:9 › authenticated five-role route matrix › strategist has only its server-authorized product surface (2.5s)
 GET /dashboard 200 in 102ms (next.js: 4ms, proxy.ts: 2ms, application-code: 96ms)
 GET /api/auth/get-session 200 in 179ms (next.js: 100ms, proxy.ts: 11ms, application-code: 69ms)
 GET /api/auth/organization/list 200 in 236ms (next.js: 103ms, proxy.ts: 10ms, application-code: 122ms)
 GET /reports 200 in 358ms (next.js: 15ms, proxy.ts: 8ms, application-code: 334ms)
 GET /api/auth/get-session 200 in 100ms (next.js: 64ms, proxy.ts: 6ms, application-code: 31ms)
 GET /api/auth/organization/list 200 in 122ms (next.js: 70ms, proxy.ts: 6ms, application-code: 46ms)
 GET /support 200 in 195ms (next.js: 4ms, proxy.ts: 8ms, application-code: 183ms)
 GET /api/auth/get-session 200 in 174ms (next.js: 81ms, proxy.ts: 43ms, application-code: 51ms)
 GET /api/auth/organization/list 200 in 224ms (next.js: 101ms, proxy.ts: 28ms, application-code: 95ms)
 GET /settings 307 in 286ms (next.js: 12ms, proxy.ts: 52ms, application-code: 222ms)
 GET /support?error=You%20no%20longer%20have%20access%20to%20this%20page.%20Choose%20an%20available%20section%20or%20contact%20an%20administrator. 200 in 193ms (next.js: 3ms, proxy.ts: 5ms, application-code: 185ms)
 GET /api/auth/get-session 200 in 129ms (next.js: 71ms, proxy.ts: 13ms, application-code: 45ms)
 GET /api/auth/organization/list 200 in 147ms (next.js: 75ms, proxy.ts: 14ms, application-code: 58ms)
 GET /billing 307 in 195ms (next.js: 12ms, proxy.ts: 13ms, application-code: 170ms)
 GET /support?error=You%20no%20longer%20have%20access%20to%20this%20page.%20Choose%20an%20available%20section%20or%20contact%20an%20administrator. 200 in 180ms (next.js: 2ms, proxy.ts: 3ms, application-code: 175ms)
  ✓  16 [chromium] › e2e/authenticated-rbac.spec.ts:55:9 › authenticated five-role route matrix › analyst has only its server-authorized product surface (2.5s)
 GET /support 200 in 111ms (next.js: 2ms, proxy.ts: 8ms, application-code: 100ms)
 GET /api/auth/get-session 200 in 136ms (next.js: 49ms, proxy.ts: 9ms, application-code: 77ms)
 GET /api/auth/organization/list 200 in 174ms (next.js: 89ms, proxy.ts: 15ms, application-code: 69ms)
 GET /dashboard 307 in 259ms (next.js: 5ms, proxy.ts: 14ms, application-code: 239ms)
 GET /support?error=You%20no%20longer%20have%20access%20to%20this%20page.%20Choose%20an%20available%20section%20or%20contact%20an%20administrator. 200 in 477ms (next.js: 5ms, proxy.ts: 4ms, application-code: 468ms)
 GET /api/auth/get-session 200 in 61ms (next.js: 30ms, proxy.ts: 11ms, application-code: 21ms)
 GET /api/auth/organization/list 200 in 66ms (next.js: 16ms, proxy.ts: 11ms, application-code: 38ms)
 GET /settings 307 in 422ms (next.js: 23ms, proxy.ts: 11ms, application-code: 388ms)
 GET /support?error=You%20no%20longer%20have%20access%20to%20this%20page.%20Choose%20an%20available%20section%20or%20contact%20an%20administrator. 200 in 156ms (next.js: 9ms, proxy.ts: 8ms, application-code: 139ms)
 GET /api/auth/get-session 200 in 118ms (next.js: 25ms, proxy.ts: 13ms, application-code: 80ms)
 GET /api/auth/organization/list 200 in 142ms (next.js: 34ms, proxy.ts: 13ms, application-code: 95ms)
 GET /billing 307 in 165ms (next.js: 6ms, proxy.ts: 9ms, application-code: 151ms)
 GET /support?error=You%20no%20longer%20have%20access%20to%20this%20page.%20Choose%20an%20available%20section%20or%20contact%20an%20administrator. 200 in 145ms (next.js: 3ms, proxy.ts: 3ms, application-code: 138ms)
 GET /api/auth/get-session 200 in 144ms (next.js: 53ms, proxy.ts: 23ms, application-code: 68ms)
  ✓  17 [chromium] › e2e/authenticated-rbac.spec.ts:55:9 › authenticated five-role route matrix › client has only its server-authorized product surface (2.8s)
 GET /api/exports/80000000-0000-4000-8000-000000000003 404 in 2.8s (next.js: 2.7s, proxy.ts: 13ms, application-code: 57ms)
  ✓  18 [chromium] › e2e/authenticated-rbac.spec.ts:75:9 › authenticated five-role route matrix › owner cannot cross the direct export API boundary (3.2s)
 GET /api/exports/80000000-0000-4000-8000-000000000003 403 in 27ms (next.js: 10ms, proxy.ts: 4ms, application-code: 12ms)
  ✓  19 [chromium] › e2e/authenticated-rbac.spec.ts:75:9 › authenticated five-role route matrix › admin cannot cross the direct export API boundary (88ms)
 GET /api/exports/80000000-0000-4000-8000-000000000003 403 in 25ms (next.js: 7ms, proxy.ts: 3ms, application-code: 15ms)
  ✓  20 [chromium] › e2e/authenticated-rbac.spec.ts:75:9 › authenticated five-role route matrix › strategist cannot cross the direct export API boundary (83ms)
 GET /api/exports/80000000-0000-4000-8000-000000000003 403 in 20ms (next.js: 4ms, proxy.ts: 5ms, application-code: 11ms)
  ✓  21 [chromium] › e2e/authenticated-rbac.spec.ts:75:9 › authenticated five-role route matrix › analyst cannot cross the direct export API boundary (74ms)
 GET /api/exports/80000000-0000-4000-8000-000000000003 403 in 16ms (next.js: 3ms, proxy.ts: 2ms, application-code: 11ms)
  ✓  22 [chromium] › e2e/authenticated-rbac.spec.ts:75:9 › authenticated five-role route matrix › client cannot cross the direct export API boundary (65ms)
 GET /settings 200 in 430ms (next.js: 5ms, proxy.ts: 5ms, application-code: 420ms)
 GET /api/auth/get-session 200 in 34ms (next.js: 16ms, proxy.ts: 3ms, application-code: 15ms)
 GET /api/auth/organization/list 200 in 36ms (next.js: 7ms, proxy.ts: 4ms, application-code: 25ms)
 POST /settings 200 in 87ms (next.js: 2ms, proxy.ts: 3ms, application-code: 81ms)
  └─ ƒ updateWorkspaceLocale({}) in 18ms src/app/actions.ts
 GET /settings?notice=Workspace+language+updated. 200 in 132ms (next.js: 2ms, proxy.ts: 2ms, application-code: 128ms)
 GET /settings?notice=Workspace+language+updated. 200 in 94ms (next.js: 1.8ms, proxy.ts: 1.7ms, application-code: 91ms)
 POST /settings 200 in 170ms (next.js: 19ms, proxy.ts: 18ms, application-code: 133ms)
  └─ ƒ updateWorkspaceLocale({}) in 34ms src/app/actions.ts
 GET /settings?notice=Workspace+language+updated. 200 in 182ms (next.js: 2ms, proxy.ts: 3ms, application-code: 177ms)
 POST /settings 200 in 209ms (next.js: 4ms, proxy.ts: 4ms, application-code: 201ms)
  └─ ƒ updateWorkspaceLocale({}) in 12ms src/app/actions.ts
 GET /settings?error=Permission+required%3A+workspace%3Aadmin 200 in 52ms (next.js: 4ms, proxy.ts: 3ms, application-code: 46ms)
 POST /settings 200 in 82ms (next.js: 3ms, proxy.ts: 17ms, application-code: 62ms)
  └─ ƒ updateWorkspaceLocale({}) in 5ms src/app/actions.ts
 GET /settings?error=Permission+required%3A+workspace%3Aadmin 200 in 56ms (next.js: 3ms, proxy.ts: 2ms, application-code: 51ms)
 POST /settings 200 in 71ms (next.js: 2.0ms, proxy.ts: 2ms, application-code: 67ms)
  └─ ƒ updateWorkspaceLocale({}) in 7ms src/app/actions.ts
 GET /settings?error=Permission+required%3A+workspace%3Aadmin 200 in 54ms (next.js: 2ms, proxy.ts: 1.9ms, application-code: 50ms)
 POST /settings 200 in 76ms (next.js: 7ms, proxy.ts: 3ms, application-code: 66ms)
  └─ ƒ updateWorkspaceLocale({}) in 7ms src/app/actions.ts
  ✓  23 [chromium] › e2e/authenticated-rbac.spec.ts:93:7 › authenticated Server Action authorization matrix › re-authorizes workspace administration for every session (1.7s)
 GET /dashboard?client=80000000-0000-4000-8000-000000000092 200 in 212ms (next.js: 3ms, proxy.ts: 2ms, application-code: 206ms)
 GET /api/auth/get-session 200 in 31ms (next.js: 6ms, proxy.ts: 6ms, application-code: 19ms)
 GET /api/auth/organization/list 200 in 35ms (next.js: 14ms, proxy.ts: 6ms, application-code: 15ms)
 POST /dashboard?client=80000000-0000-4000-8000-000000000092 200 in 358ms (next.js: 5ms, proxy.ts: 5ms, application-code: 348ms)
  └─ ƒ setCookieConsent({}) in 1ms src/app/preferences-actions.ts
 GET /dashboard?client=80000000-0000-4000-8000-000000000092 200 in 351ms (next.js: 13ms, proxy.ts: 31ms, application-code: 306ms)
 GET /api/auth/get-session 200 in 105ms (next.js: 57ms, proxy.ts: 7ms, application-code: 41ms)
 GET /api/auth/organization/list 200 in 116ms (next.js: 61ms, proxy.ts: 7ms, application-code: 48ms)
 GET /dashboard?client=80000000-0000-4000-8000-000000000092 200 in 297ms (next.js: 8ms, proxy.ts: 6ms, application-code: 282ms)
 GET /api/auth/get-session 200 in 102ms (next.js: 15ms, proxy.ts: 6ms, application-code: 81ms)
 GET /api/auth/organization/list 200 in 112ms (next.js: 61ms, proxy.ts: 6ms, application-code: 45ms)
 GET /dashboard?client=80000000-0000-4000-8000-000000000092 200 in 269ms (next.js: 23ms, proxy.ts: 7ms, application-code: 239ms)
 GET /api/auth/get-session 200 in 107ms (next.js: 36ms, proxy.ts: 9ms, application-code: 61ms)
 GET /api/auth/organization/list 200 in 110ms (next.js: 39ms, proxy.ts: 10ms, application-code: 61ms)
 GET /dashboard?client=80000000-0000-4000-8000-000000000092 200 in 260ms (next.js: 6ms, proxy.ts: 17ms, application-code: 238ms)
 GET /api/auth/get-session 200 in 24ms (next.js: 6ms, proxy.ts: 4ms, application-code: 15ms)
 GET /api/auth/organization/list 200 in 27ms (next.js: 11ms, proxy.ts: 3ms, application-code: 13ms)
 GET /dashboard?client=80000000-0000-4000-8000-000000000093 200 in 236ms (next.js: 3ms, proxy.ts: 4ms, application-code: 229ms)
  ✓  24 [chromium] › e2e/dashboard-health-local.spec.ts:15:53 › qualified cockpit health › counts all alerts and refuses unqualified scores in fr (3.1s)
 GET /dashboard?client=80000000-0000-4000-8000-000000000092 200 in 224ms (next.js: 3ms, proxy.ts: 2ms, application-code: 219ms)
 GET /api/auth/get-session 200 in 36ms (next.js: 11ms, proxy.ts: 5ms, application-code: 20ms)
 GET /api/auth/organization/list 200 in 36ms (next.js: 5ms, proxy.ts: 5ms, application-code: 26ms)
 POST /dashboard?client=80000000-0000-4000-8000-000000000092 200 in 332ms (next.js: 2ms, proxy.ts: 7ms, application-code: 323ms)
  └─ ƒ setCookieConsent({}) in 2ms src/app/preferences-actions.ts
 GET /dashboard?client=80000000-0000-4000-8000-000000000092 200 in 285ms (next.js: 13ms, proxy.ts: 14ms, application-code: 258ms)
 GET /api/auth/get-session 200 in 72ms (next.js: 9ms, proxy.ts: 8ms, application-code: 54ms)
 GET /api/auth/organization/list 200 in 82ms (next.js: 16ms, proxy.ts: 8ms, application-code: 58ms)
 GET /dashboard?client=80000000-0000-4000-8000-000000000092 200 in 331ms (next.js: 15ms, proxy.ts: 5ms, application-code: 311ms)
 GET /api/auth/get-session 200 in 64ms (next.js: 39ms, proxy.ts: 7ms, application-code: 17ms)
 GET /api/auth/organization/list 200 in 92ms (next.js: 44ms, proxy.ts: 7ms, application-code: 40ms)
 GET /dashboard?client=80000000-0000-4000-8000-000000000092 200 in 373ms (next.js: 7ms, proxy.ts: 6ms, application-code: 360ms)
 GET /api/auth/get-session 200 in 125ms (next.js: 22ms, proxy.ts: 10ms, application-code: 93ms)
 GET /api/auth/organization/list 200 in 131ms (next.js: 27ms, proxy.ts: 12ms, application-code: 92ms)
 GET /dashboard?client=80000000-0000-4000-8000-000000000092 200 in 312ms (next.js: 22ms, proxy.ts: 11ms, application-code: 280ms)
 GET /api/auth/get-session 200 in 40ms (next.js: 13ms, proxy.ts: 3ms, application-code: 24ms)
 GET /api/auth/organization/list 200 in 44ms (next.js: 21ms, proxy.ts: 4ms, application-code: 18ms)
 GET /dashboard?client=80000000-0000-4000-8000-000000000093 200 in 208ms (next.js: 2ms, proxy.ts: 2ms, application-code: 204ms)
  ✓  25 [chromium] › e2e/dashboard-health-local.spec.ts:15:53 › qualified cockpit health › counts all alerts and refuses unqualified scores in en (3.4s)
 POST /api/auth/organization/set-active 200 in 16ms (next.js: 4ms, proxy.ts: 2ms, application-code: 10ms)
 GET /settings 200 in 257ms (next.js: 5ms, proxy.ts: 1.9ms, application-code: 251ms)
 GET /api/auth/get-session 200 in 22ms (next.js: 5ms, proxy.ts: 4ms, application-code: 13ms)
 GET /api/auth/organization/list 200 in 40ms (next.js: 16ms, proxy.ts: 6ms, application-code: 18ms)
 POST /api/auth/organization/set-active 200 in 34ms (next.js: 10ms, proxy.ts: 10ms, application-code: 14ms)
 GET /settings?error=L%E2%80%99espace+actif+a+chang%C3%A9.+Rechargez+la+page+avant+d%E2%80%99enregistrer. 200 in 159ms (next.js: 3ms, proxy.ts: 4ms, application-code: 153ms)
 POST /settings 200 in 199ms (next.js: 8ms, proxy.ts: 4ms, application-code: 188ms)
  └─ ƒ createWorkspaceDomain({}) in 16ms src/app/domain-actions.ts
 GET /settings?notice=Domaine+enregistr%C3%A9.+Publiez+le+TXT+r%C3%A9v%C3%A9l%C3%A9+avant+de+v%C3%A9rifier.&reveal=domain-dns&revealId=624bf9ad-4ac1-46d1-90d8-6e9e41a21a3a 200 in 113ms (next.js: 2ms, proxy.ts: 3ms, application-code: 108ms)
 POST /settings?error=L%E2%80%99espace%20actif%20a%20chang%C3%A9.%20Rechargez%20la%20page%20avant%20d%E2%80%99enregistrer. 200 in 176ms (next.js: 3ms, proxy.ts: 3ms, application-code: 169ms)
  └─ ƒ createWorkspaceDomain({}) in 50ms src/app/domain-actions.ts
 POST /api/auth/organization/set-active 200 in 14ms (next.js: 4ms, proxy.ts: 2ms, application-code: 7ms)
 GET /settings 200 in 222ms (next.js: 1.9ms, proxy.ts: 2ms, application-code: 218ms)
 POST /api/auth/organization/set-active 200 in 19ms (next.js: 3ms, proxy.ts: 2ms, application-code: 14ms)
 GET /api/auth/get-session 200 in 34ms (next.js: 9ms, proxy.ts: 3ms, application-code: 22ms)
 GET /api/auth/organization/list 200 in 39ms (next.js: 16ms, proxy.ts: 4ms, application-code: 19ms)
 GET /settings?error=L%E2%80%99espace+actif+a+chang%C3%A9.+Rechargez+la+page+avant+d%E2%80%99enregistrer. 200 in 143ms (next.js: 2ms, proxy.ts: 2ms, application-code: 139ms)
 POST /settings 200 in 165ms (next.js: 3ms, proxy.ts: 5ms, application-code: 156ms)
  └─ ƒ verifyWorkspaceDomain({}) in 5ms src/app/domain-actions.ts
 POST /api/auth/organization/set-active 200 in 16ms (next.js: 3ms, proxy.ts: 3ms, application-code: 10ms)
 GET /settings 200 in 250ms (next.js: 3ms, proxy.ts: 1.8ms, application-code: 245ms)
 POST /api/auth/organization/set-active 200 in 21ms (next.js: 4ms, proxy.ts: 3ms, application-code: 14ms)
 GET /api/auth/get-session 200 in 26ms (next.js: 7ms, proxy.ts: 4ms, application-code: 15ms)
 GET /api/auth/organization/list 200 in 30ms (next.js: 13ms, proxy.ts: 4ms, application-code: 12ms)
 GET /settings?error=L%E2%80%99espace+actif+a+chang%C3%A9.+Rechargez+la+page+avant+d%E2%80%99enregistrer. 200 in 118ms (next.js: 2ms, proxy.ts: 2ms, application-code: 114ms)
 POST /settings 200 in 138ms (next.js: 3ms, proxy.ts: 2ms, application-code: 133ms)
  └─ ƒ revokeWorkspaceDomain({}) in 9ms src/app/domain-actions.ts
 POST /api/auth/organization/set-active 200 in 22ms (next.js: 3ms, proxy.ts: 3ms, application-code: 16ms)
 GET /settings 200 in 246ms (next.js: 3ms, proxy.ts: 2ms, application-code: 241ms)
 GET /api/auth/get-session 200 in 40ms (next.js: 13ms, proxy.ts: 7ms, application-code: 20ms)
 GET /api/auth/organization/list 200 in 46ms (next.js: 17ms, proxy.ts: 8ms, application-code: 21ms)
 GET /settings?error=Op%C3%A9ration+du+domaine+non+finalis%C3%A9e.+R%C3%A9essayez+ou+contactez+le+support. 200 in 102ms (next.js: 2.0ms, proxy.ts: 2ms, application-code: 98ms)
 POST /settings 200 in 132ms (next.js: 4ms, proxy.ts: 5ms, application-code: 123ms)
  └─ ƒ revokeWorkspaceDomain({}) in 13ms src/app/domain-actions.ts
 POST /api/auth/organization/set-active 200 in 13ms (next.js: 3ms, proxy.ts: 2ms, application-code: 9ms)
  ✓  26 [chromium] › e2e/domain-forms-local.spec.ts:6:7 › custom domain fr binds all forms to their workspace and permits removal after downgrade (3.8s)
 POST /api/auth/organization/set-active 200 in 12ms (next.js: 3ms, proxy.ts: 1.9ms, application-code: 8ms)
 GET /settings 200 in 298ms (next.js: 3ms, proxy.ts: 3ms, application-code: 293ms)
 GET /api/auth/get-session 200 in 104ms (next.js: 9ms, proxy.ts: 45ms, application-code: 50ms)
 GET /api/auth/organization/list 200 in 108ms (next.js: 14ms, proxy.ts: 19ms, application-code: 75ms)
 POST /api/auth/organization/set-active 200 in 71ms (next.js: 7ms, proxy.ts: 42ms, application-code: 22ms)
 GET /settings?error=L%E2%80%99espace+actif+a+chang%C3%A9.+Rechargez+la+page+avant+d%E2%80%99enregistrer. 200 in 159ms (next.js: 4ms, proxy.ts: 5ms, application-code: 150ms)
 POST /settings 200 in 208ms (next.js: 6ms, proxy.ts: 5ms, application-code: 197ms)
  └─ ƒ createWorkspaceDomain({}) in 28ms src/app/domain-actions.ts
 GET /settings?notice=Domaine+enregistr%C3%A9.+Publiez+le+TXT+r%C3%A9v%C3%A9l%C3%A9+avant+de+v%C3%A9rifier.&reveal=domain-dns&revealId=68c901e5-41cc-4c96-ad14-89968a2dba00 200 in 122ms (next.js: 2ms, proxy.ts: 4ms, application-code: 116ms)
 POST /settings?error=L%E2%80%99espace%20actif%20a%20chang%C3%A9.%20Rechargez%20la%20page%20avant%20d%E2%80%99enregistrer. 200 in 153ms (next.js: 3ms, proxy.ts: 3ms, application-code: 147ms)
  └─ ƒ createWorkspaceDomain({}) in 16ms src/app/domain-actions.ts
 POST /api/auth/organization/set-active 200 in 13ms (next.js: 3ms, proxy.ts: 2ms, application-code: 8ms)
 GET /settings 200 in 298ms (next.js: 3ms, proxy.ts: 1.6ms, application-code: 293ms)
 POST /api/auth/organization/set-active 200 in 240ms (next.js: 24ms, proxy.ts: 6ms, application-code: 210ms)
 GET /api/auth/get-session 200 in 231ms (next.js: 12ms, proxy.ts: 45ms, application-code: 174ms)
 GET /api/auth/organization/list 200 in 233ms (next.js: 18ms, proxy.ts: 44ms, application-code: 172ms)
 GET /settings?error=L%E2%80%99espace+actif+a+chang%C3%A9.+Rechargez+la+page+avant+d%E2%80%99enregistrer. 200 in 140ms (next.js: 2ms, proxy.ts: 2ms, application-code: 136ms)
 POST /settings 200 in 168ms (next.js: 5ms, proxy.ts: 3ms, application-code: 160ms)
  └─ ƒ verifyWorkspaceDomain({}) in 9ms src/app/domain-actions.ts
 POST /api/auth/organization/set-active 200 in 19ms (next.js: 4ms, proxy.ts: 4ms, application-code: 11ms)
 GET /settings 200 in 247ms (next.js: 4ms, proxy.ts: 2ms, application-code: 241ms)
 GET /api/auth/get-session 200 in 56ms (next.js: 30ms, proxy.ts: 7ms, application-code: 18ms)
 POST /api/auth/organization/set-active 200 in 64ms (next.js: 15ms, proxy.ts: 11ms, application-code: 39ms)
 GET /api/auth/organization/list 200 in 58ms (next.js: 34ms, proxy.ts: 6ms, application-code: 18ms)
 GET /settings?error=L%E2%80%99espace+actif+a+chang%C3%A9.+Rechargez+la+page+avant+d%E2%80%99enregistrer. 200 in 299ms (next.js: 12ms, proxy.ts: 9ms, application-code: 279ms)
 POST /settings 200 in 347ms (next.js: 8ms, proxy.ts: 8ms, application-code: 330ms)
  └─ ƒ revokeWorkspaceDomain({}) in 15ms src/app/domain-actions.ts
 POST /api/auth/organization/set-active 200 in 23ms (next.js: 7ms, proxy.ts: 4ms, application-code: 13ms)
 GET /settings 200 in 264ms (next.js: 11ms, proxy.ts: 11ms, application-code: 242ms)
 GET /api/auth/get-session 200 in 77ms (next.js: 38ms, proxy.ts: 20ms, application-code: 18ms)
 GET /api/auth/organization/list 200 in 80ms (next.js: 41ms, proxy.ts: 23ms, application-code: 16ms)
 GET /settings?error=Op%C3%A9ration+du+domaine+non+finalis%C3%A9e.+R%C3%A9essayez+ou+contactez+le+support. 200 in 150ms (next.js: 3ms, proxy.ts: 3ms, application-code: 144ms)
 POST /settings 200 in 211ms (next.js: 8ms, proxy.ts: 6ms, application-code: 196ms)
  └─ ƒ revokeWorkspaceDomain({}) in 29ms src/app/domain-actions.ts
 POST /api/auth/organization/set-active 200 in 19ms (next.js: 7ms, proxy.ts: 2ms, application-code: 11ms)
  ✓  27 [chromium] › e2e/domain-forms-local.spec.ts:6:7 › custom domain en binds all forms to their workspace and permits removal after downgrade (4.9s)
 POST /api/auth/organization/set-active 200 in 16ms (next.js: 4ms, proxy.ts: 4ms, application-code: 9ms)
 GET /getting-started 200 in 1320ms (next.js: 878ms, proxy.ts: 2ms, application-code: 439ms)
 GET /api/auth/get-session 200 in 50ms (next.js: 24ms, proxy.ts: 5ms, application-code: 21ms)
 GET /api/auth/organization/list 200 in 53ms (next.js: 29ms, proxy.ts: 8ms, application-code: 16ms)
 GET /getting-started 200 in 265ms (next.js: 11ms, proxy.ts: 5ms, application-code: 249ms)
 GET /api/auth/get-session 200 in 45ms (next.js: 7ms, proxy.ts: 11ms, application-code: 28ms)
 GET /api/auth/organization/list 200 in 47ms (next.js: 21ms, proxy.ts: 9ms, application-code: 17ms)
 GET /getting-started 200 in 319ms (next.js: 4ms, proxy.ts: 9ms, application-code: 307ms)
 GET /api/auth/get-session 200 in 75ms (next.js: 28ms, proxy.ts: 19ms, application-code: 28ms)
 GET /api/auth/organization/list 200 in 144ms (next.js: 35ms, proxy.ts: 20ms, application-code: 89ms)
 GET /getting-started 200 in 360ms (next.js: 7ms, proxy.ts: 12ms, application-code: 341ms)
 GET /api/auth/get-session 200 in 36ms (next.js: 8ms, proxy.ts: 7ms, application-code: 21ms)
 GET /api/auth/organization/list 200 in 39ms (next.js: 14ms, proxy.ts: 6ms, application-code: 19ms)
 GET /getting-started 200 in 189ms (next.js: 4ms, proxy.ts: 2.0ms, application-code: 184ms)
 GET /api/auth/get-session 200 in 41ms (next.js: 10ms, proxy.ts: 3ms, application-code: 28ms)
 GET /api/auth/organization/list 200 in 46ms (next.js: 15ms, proxy.ts: 3ms, application-code: 28ms)
 GET /getting-started 200 in 192ms (next.js: 5ms, proxy.ts: 5ms, application-code: 181ms)
  ✓  28 [chromium] › e2e/getting-started-local.spec.ts:6:7 › guided setup fr requires selected accounts and qualified milestones (4.2s)
 POST /api/auth/organization/set-active 200 in 18ms (next.js: 3ms, proxy.ts: 4ms, application-code: 11ms)
 GET /getting-started 200 in 179ms (next.js: 2ms, proxy.ts: 2ms, application-code: 175ms)
 GET /api/auth/get-session 200 in 31ms (next.js: 7ms, proxy.ts: 3ms, application-code: 21ms)
 GET /api/auth/organization/list 200 in 59ms (next.js: 15ms, proxy.ts: 3ms, application-code: 41ms)
 GET /getting-started 200 in 176ms (next.js: 5ms, proxy.ts: 13ms, application-code: 157ms)
 GET /api/auth/get-session 200 in 37ms (next.js: 15ms, proxy.ts: 4ms, application-code: 18ms)
 GET /api/auth/organization/list 200 in 66ms (next.js: 4ms, proxy.ts: 6ms, application-code: 56ms)
 GET /getting-started 200 in 191ms (next.js: 6ms, proxy.ts: 4ms, application-code: 180ms)
 GET /api/auth/get-session 200 in 29ms (next.js: 7ms, proxy.ts: 4ms, application-code: 19ms)
 GET /api/auth/organization/list 200 in 38ms (next.js: 13ms, proxy.ts: 3ms, application-code: 21ms)
 GET /getting-started 200 in 209ms (next.js: 3ms, proxy.ts: 5ms, application-code: 200ms)
 GET /api/auth/get-session 200 in 26ms (next.js: 4ms, proxy.ts: 3ms, application-code: 19ms)
 GET /api/auth/organization/list 200 in 28ms (next.js: 9ms, proxy.ts: 3ms, application-code: 16ms)
 GET /getting-started 200 in 173ms (next.js: 2ms, proxy.ts: 2ms, application-code: 168ms)
 GET /api/auth/get-session 200 in 22ms (next.js: 6ms, proxy.ts: 2ms, application-code: 14ms)
 GET /api/auth/organization/list 200 in 24ms (next.js: 11ms, proxy.ts: 2ms, application-code: 11ms)
 GET /getting-started 200 in 172ms (next.js: 3ms, proxy.ts: 1.8ms, application-code: 167ms)
  ✓  29 [chromium] › e2e/getting-started-local.spec.ts:6:7 › guided setup en requires selected accounts and qualified milestones (2.5s)
 GET /settings 200 in 305ms (next.js: 8ms, proxy.ts: 8ms, application-code: 288ms)
 GET /api/auth/get-session 200 in 31ms (next.js: 7ms, proxy.ts: 4ms, application-code: 19ms)
 GET /api/auth/organization/list 200 in 32ms (next.js: 15ms, proxy.ts: 4ms, application-code: 14ms)
 GET /settings?notice=Pr%C3%A9f%C3%A9rences+personnelles+de+t%C3%A2ches+enregistr%C3%A9es. 200 in 125ms (next.js: 3ms, proxy.ts: 3ms, application-code: 119ms)
 POST /settings 200 in 181ms (next.js: 3ms, proxy.ts: 4ms, application-code: 174ms)
  └─ ƒ updateMyTaskNotificationPreferences({}) in 35ms src/app/actions.ts
 GET /settings?notice=Pr%C3%A9f%C3%A9rences%20personnelles%20de%20t%C3%A2ches%20enregistr%C3%A9es. 200 in 272ms (next.js: 2ms, proxy.ts: 2ms, application-code: 268ms)
 GET /api/auth/get-session 200 in 23ms (next.js: 6ms, proxy.ts: 3ms, application-code: 14ms)
 GET /api/auth/organization/list 200 in 25ms (next.js: 10ms, proxy.ts: 3ms, application-code: 11ms)
 GET /settings?error=Workspace+access+state+does+not+allow%3A+workspace%3Aread 200 in 56ms (next.js: 4ms, proxy.ts: 5ms, application-code: 47ms)
 POST /settings?notice=Pr%C3%A9f%C3%A9rences%20personnelles%20de%20t%C3%A2ches%20enregistr%C3%A9es. 200 in 107ms (next.js: 11ms, proxy.ts: 7ms, application-code: 89ms)
  └─ ƒ updateMyTaskNotificationPreferences({}) in 12ms src/app/actions.ts
 GET /support?notice=Votre+acc%C3%A8s+actuel+est+limit%C3%A9+%C3%A0+la+facturation+et+aux+donn%C3%A9es+stock%C3%A9es. 200 in 86ms (next.js: 6ms, proxy.ts: 2ms, application-code: 78ms)
 GET /support?notice=Votre+acc%C3%A8s+actuel+est+limit%C3%A9+%C3%A0+la+facturation+et+aux+donn%C3%A9es+stock%C3%A9es. 200 in 83ms (next.js: 6ms, proxy.ts: 8ms, application-code: 69ms)
  ✓  30 [chromium] › e2e/member-preferences-local.spec.ts:6:7 › member preferences fr persist personal settings and refuse a stale grace form (2.1s)
 GET /settings 200 in 318ms (next.js: 2ms, proxy.ts: 4ms, application-code: 312ms)
 GET /api/auth/get-session 200 in 241ms (next.js: 132ms, proxy.ts: 87ms, application-code: 22ms)
 GET /api/auth/organization/list 200 in 226ms (next.js: 116ms, proxy.ts: 88ms, application-code: 22ms)
 GET /settings?notice=Pr%C3%A9f%C3%A9rences+personnelles+de+t%C3%A2ches+enregistr%C3%A9es. 200 in 123ms (next.js: 2.0ms, proxy.ts: 2.0ms, application-code: 119ms)
 POST /settings 200 in 302ms (next.js: 42ms, proxy.ts: 58ms, application-code: 203ms)
  └─ ƒ updateMyTaskNotificationPreferences({}) in 51ms src/app/actions.ts
 GET /settings?notice=Pr%C3%A9f%C3%A9rences%20personnelles%20de%20t%C3%A2ches%20enregistr%C3%A9es. 200 in 274ms (next.js: 3ms, proxy.ts: 3ms, application-code: 269ms)
 GET /api/auth/get-session 200 in 35ms (next.js: 15ms, proxy.ts: 3ms, application-code: 18ms)
 GET /api/auth/organization/list 200 in 56ms (next.js: 20ms, proxy.ts: 3ms, application-code: 34ms)
 GET /settings?error=Workspace+access+state+does+not+allow%3A+workspace%3Aread 200 in 51ms (next.js: 2ms, proxy.ts: 1.7ms, application-code: 46ms)
 POST /settings?notice=Pr%C3%A9f%C3%A9rences%20personnelles%20de%20t%C3%A2ches%20enregistr%C3%A9es. 200 in 70ms (next.js: 3ms, proxy.ts: 2ms, application-code: 65ms)
  └─ ƒ updateMyTaskNotificationPreferences({}) in 8ms src/app/actions.ts
 GET /support?notice=Your+current+access+is+limited+to+billing+and+stored+data. 200 in 60ms (next.js: 3ms, proxy.ts: 3ms, application-code: 54ms)
 GET /support?notice=Your+current+access+is+limited+to+billing+and+stored+data. 200 in 53ms (next.js: 4ms, proxy.ts: 5ms, application-code: 43ms)
  ✓  31 [chromium] › e2e/member-preferences-local.spec.ts:6:7 › member preferences en persist personal settings and refuse a stale grace form (2.3s)
 GET /agents 200 in 187ms (next.js: 13ms, proxy.ts: 2ms, application-code: 171ms)
 GET /api/auth/get-session 200 in 19ms (next.js: 6ms, proxy.ts: 2ms, application-code: 11ms)
 GET /api/auth/organization/list 200 in 21ms (next.js: 9ms, proxy.ts: 2ms, application-code: 9ms)
 GET /agents?notice=Vigie+activ%C3%A9e.+Elle+sera+ex%C3%A9cut%C3%A9e+chaque+jour. 200 in 123ms (next.js: 9ms, proxy.ts: 11ms, application-code: 103ms)
 POST /agents 200 in 165ms (next.js: 4ms, proxy.ts: 4ms, application-code: 157ms)
  └─ ƒ createMonitoringAgent({}) in 22ms src/app/actions.ts
 GET /agents?notice=Vigie+mise+en+pause. 200 in 76ms (next.js: 1.8ms, proxy.ts: 1.9ms, application-code: 72ms)
 POST /agents?notice=Vigie%20activ%C3%A9e.%20Elle%20sera%20ex%C3%A9cut%C3%A9e%20chaque%20jour. 200 in 97ms (next.js: 1.9ms, proxy.ts: 2ms, application-code: 93ms)
  └─ ƒ toggleMonitoringAgent({}) in 11ms src/app/actions.ts
 GET /agents?notice=Vigie+activ%C3%A9e. 200 in 133ms (next.js: 16ms, proxy.ts: 3ms, application-code: 113ms)
 POST /agents?notice=Vigie%20mise%20en%20pause. 200 in 169ms (next.js: 3ms, proxy.ts: 2ms, application-code: 164ms)
  └─ ƒ toggleMonitoringAgent({}) in 14ms src/app/actions.ts
 GET /alerts?notice=Analyse+planifi%C3%A9e.+Les+signalements+seront+actualis%C3%A9s+apr%C3%A8s+son+traitement. 200 in 67ms (next.js: 8ms, proxy.ts: 2ms, application-code: 57ms)
 POST /agents?notice=Vigie%20activ%C3%A9e. 200 in 98ms (next.js: 3ms, proxy.ts: 3ms, application-code: 92ms)
  └─ ƒ runMonitoringScan({}) in 19ms src/app/actions.ts
 GET /alerts?id=dd3cb5df-d459-4b5e-8aef-f925e971a738 200 in 133ms (next.js: 2ms, proxy.ts: 2ms, application-code: 128ms)
 GET /api/auth/get-session 200 in 28ms (next.js: 6ms, proxy.ts: 3ms, application-code: 20ms)
 GET /api/auth/organization/list 200 in 29ms (next.js: 11ms, proxy.ts: 3ms, application-code: 15ms)
 GET /alerts?notice=Workflow+de+l%E2%80%99alerte+mis+%C3%A0+jour.&id=dd3cb5df-d459-4b5e-8aef-f925e971a738 200 in 78ms (next.js: 2.0ms, proxy.ts: 1.9ms, application-code: 74ms)
 POST /alerts?id=dd3cb5df-d459-4b5e-8aef-f925e971a738 200 in 99ms (next.js: 2ms, proxy.ts: 3ms, application-code: 94ms)
  └─ ƒ updateAlertWorkflow({}) in 11ms src/app/actions.ts
 GET /alerts?notice=Workflow+de+l%E2%80%99alerte+mis+%C3%A0+jour.&id=dd3cb5df-d459-4b5e-8aef-f925e971a738 200 in 57ms (next.js: 1.9ms, proxy.ts: 1.7ms, application-code: 53ms)
 POST /alerts?notice=Workflow%20de%20l%E2%80%99alerte%20mis%20%C3%A0%20jour.&id=dd3cb5df-d459-4b5e-8aef-f925e971a738 200 in 74ms (next.js: 1.9ms, proxy.ts: 1.9ms, application-code: 70ms)
  └─ ƒ updateAlertWorkflow({}) in 9ms src/app/actions.ts
 GET /alerts?notice=Workflow+de+l%E2%80%99alerte+mis+%C3%A0+jour.&id=dd3cb5df-d459-4b5e-8aef-f925e971a738 200 in 73ms (next.js: 2ms, proxy.ts: 2ms, application-code: 69ms)
 POST /alerts?notice=Workflow%20de%20l%E2%80%99alerte%20mis%20%C3%A0%20jour.&id=dd3cb5df-d459-4b5e-8aef-f925e971a738 200 in 94ms (next.js: 1.9ms, proxy.ts: 2ms, application-code: 90ms)
  └─ ƒ updateAlertWorkflow({}) in 11ms src/app/actions.ts
 GET /alerts?error=Permission+required%3A+alerts%3Amanage&id=dd3cb5df-d459-4b5e-8aef-f925e971a738 200 in 66ms (next.js: 2ms, proxy.ts: 1.6ms, application-code: 63ms)
 POST /alerts?notice=Workflow%20de%20l%E2%80%99alerte%20mis%20%C3%A0%20jour.&id=dd3cb5df-d459-4b5e-8aef-f925e971a738 200 in 90ms (next.js: 3ms, proxy.ts: 3ms, application-code: 84ms)
  └─ ƒ updateAlertWorkflow({}) in 7ms src/app/actions.ts
 GET /alerts?error=Permission%20required%3A%20alerts%3Amanage&id=dd3cb5df-d459-4b5e-8aef-f925e971a738 200 in 140ms (next.js: 2ms, proxy.ts: 2ms, application-code: 136ms)
 GET /api/auth/get-session 200 in 34ms (next.js: 6ms, proxy.ts: 3ms, application-code: 25ms)
 GET /api/auth/organization/list 200 in 38ms (next.js: 11ms, proxy.ts: 3ms, application-code: 24ms)
  ✓  32 [chromium] › e2e/monitoring-actors-local.spec.ts:6:7 › monitoring actor fr preserves authorized controls and rejects a revoked form (2.9s)
 GET /agents 200 in 175ms (next.js: 2ms, proxy.ts: 1.8ms, application-code: 171ms)
 GET /api/auth/get-session 200 in 21ms (next.js: 5ms, proxy.ts: 4ms, application-code: 12ms)
 GET /api/auth/organization/list 200 in 25ms (next.js: 9ms, proxy.ts: 3ms, application-code: 13ms)
 GET /agents?notice=Vigie+activ%C3%A9e.+Elle+sera+ex%C3%A9cut%C3%A9e+chaque+jour. 200 in 96ms (next.js: 3ms, proxy.ts: 1.9ms, application-code: 91ms)
 POST /agents 200 in 118ms (next.js: 3ms, proxy.ts: 3ms, application-code: 112ms)
  └─ ƒ createMonitoringAgent({}) in 10ms src/app/actions.ts
 GET /agents?notice=Vigie+mise+en+pause. 200 in 78ms (next.js: 1.9ms, proxy.ts: 2ms, application-code: 74ms)
 POST /agents?notice=Vigie%20activ%C3%A9e.%20Elle%20sera%20ex%C3%A9cut%C3%A9e%20chaque%20jour. 200 in 98ms (next.js: 2ms, proxy.ts: 3ms, application-code: 93ms)
  └─ ƒ toggleMonitoringAgent({}) in 9ms src/app/actions.ts
 GET /agents?notice=Vigie+activ%C3%A9e. 200 in 70ms (next.js: 2.0ms, proxy.ts: 1.7ms, application-code: 67ms)
 POST /agents?notice=Vigie%20mise%20en%20pause. 200 in 87ms (next.js: 2ms, proxy.ts: 2.0ms, application-code: 83ms)
  └─ ƒ toggleMonitoringAgent({}) in 8ms src/app/actions.ts
 GET /alerts?notice=Analyse+planifi%C3%A9e.+Les+signalements+seront+actualis%C3%A9s+apr%C3%A8s+son+traitement. 200 in 66ms (next.js: 1.9ms, proxy.ts: 1.6ms, application-code: 63ms)
 POST /agents?notice=Vigie%20activ%C3%A9e. 200 in 83ms (next.js: 2ms, proxy.ts: 2.0ms, application-code: 79ms)
  └─ ƒ runMonitoringScan({}) in 7ms src/app/actions.ts
 GET /alerts?id=fb11c242-dd42-4cc2-82e2-9cdc38139b75 200 in 125ms (next.js: 2ms, proxy.ts: 2.0ms, application-code: 121ms)
 GET /api/auth/get-session 200 in 36ms (next.js: 15ms, proxy.ts: 2ms, application-code: 18ms)
 GET /api/auth/organization/list 200 in 38ms (next.js: 6ms, proxy.ts: 2ms, application-code: 30ms)
 GET /alerts?notice=Workflow+de+l%E2%80%99alerte+mis+%C3%A0+jour.&id=fb11c242-dd42-4cc2-82e2-9cdc38139b75 200 in 86ms (next.js: 4ms, proxy.ts: 3ms, application-code: 79ms)
 POST /alerts?id=fb11c242-dd42-4cc2-82e2-9cdc38139b75 200 in 106ms (next.js: 2ms, proxy.ts: 2ms, application-code: 101ms)
  └─ ƒ updateAlertWorkflow({}) in 9ms src/app/actions.ts
 GET /alerts?notice=Workflow+de+l%E2%80%99alerte+mis+%C3%A0+jour.&id=fb11c242-dd42-4cc2-82e2-9cdc38139b75 200 in 79ms (next.js: 2ms, proxy.ts: 2ms, application-code: 74ms)
 POST /alerts?notice=Workflow%20de%20l%E2%80%99alerte%20mis%20%C3%A0%20jour.&id=fb11c242-dd42-4cc2-82e2-9cdc38139b75 200 in 101ms (next.js: 4ms, proxy.ts: 2ms, application-code: 95ms)
  └─ ƒ updateAlertWorkflow({}) in 11ms src/app/actions.ts
 GET /alerts?notice=Workflow+de+l%E2%80%99alerte+mis+%C3%A0+jour.&id=fb11c242-dd42-4cc2-82e2-9cdc38139b75 200 in 95ms (next.js: 2ms, proxy.ts: 1.7ms, application-code: 91ms)
 POST /alerts?notice=Workflow%20de%20l%E2%80%99alerte%20mis%20%C3%A0%20jour.&id=fb11c242-dd42-4cc2-82e2-9cdc38139b75 200 in 116ms (next.js: 2.0ms, proxy.ts: 2ms, application-code: 111ms)
  └─ ƒ updateAlertWorkflow({}) in 11ms src/app/actions.ts
 GET /alerts?error=Permission+required%3A+alerts%3Amanage&id=fb11c242-dd42-4cc2-82e2-9cdc38139b75 200 in 68ms (next.js: 2ms, proxy.ts: 1.6ms, application-code: 64ms)
 POST /alerts?notice=Workflow%20de%20l%E2%80%99alerte%20mis%20%C3%A0%20jour.&id=fb11c242-dd42-4cc2-82e2-9cdc38139b75 200 in 87ms (next.js: 5ms, proxy.ts: 3ms, application-code: 79ms)
  └─ ƒ updateAlertWorkflow({}) in 5ms src/app/actions.ts
 GET /alerts?error=Permission%20required%3A%20alerts%3Amanage&id=fb11c242-dd42-4cc2-82e2-9cdc38139b75 200 in 138ms (next.js: 2ms, proxy.ts: 2ms, application-code: 133ms)
 GET /api/auth/get-session 200 in 39ms (next.js: 7ms, proxy.ts: 4ms, application-code: 28ms)
 GET /api/auth/organization/list 200 in 43ms (next.js: 19ms, proxy.ts: 4ms, application-code: 20ms)
  ✓  33 [chromium] › e2e/monitoring-actors-local.spec.ts:6:7 › monitoring actor en preserves authorized controls and rejects a revoked form (2.9s)
 GET /insights/devices?client=80000000-0000-4000-8000-000000000094 200 in 155ms (next.js: 7ms, proxy.ts: 1.9ms, application-code: 146ms)
 GET /api/auth/get-session 200 in 38ms (next.js: 11ms, proxy.ts: 6ms, application-code: 20ms)
 GET /api/auth/organization/list 200 in 41ms (next.js: 17ms, proxy.ts: 7ms, application-code: 17ms)
 GET /tasks 200 in 74ms (next.js: 8ms, proxy.ts: 4ms, application-code: 61ms)
 GET /discussions/tasks/b1bc590c-56b3-4eee-a5b9-17c64401acba 200 in 1504ms (next.js: 1336ms, proxy.ts: 2ms, application-code: 165ms)
 GET /api/auth/get-session 200 in 87ms (next.js: 17ms, proxy.ts: 6ms, application-code: 64ms)
 GET /api/auth/organization/list 200 in 89ms (next.js: 29ms, proxy.ts: 4ms, application-code: 55ms)
 GET /dashboard 200 in 143ms (next.js: 27ms, proxy.ts: 11ms, application-code: 104ms)
 GET /tasks 200 in 100ms (next.js: 12ms, proxy.ts: 3ms, application-code: 85ms)
 GET /dashboard 200 in 86ms (next.js: 4ms, proxy.ts: 3ms, application-code: 80ms)
 GET /tasks 200 in 60ms (next.js: 3ms, proxy.ts: 3ms, application-code: 55ms)
 GET /dashboard?client=invalid 404 in 131ms (next.js: 4ms, proxy.ts: 4ms, application-code: 124ms)
 GET /dashboard?client= 404 in 156ms (next.js: 1.9ms, proxy.ts: 1.5ms, application-code: 152ms)
 GET /dashboard?client=80000000-0000-4000-8000-000000000095 404 in 307ms (next.js: 5ms, proxy.ts: 3ms, application-code: 299ms)
 GET /dashboard?client=80000000-0000-4000-8000-000000000094&client=80000000-0000-4000-8000-000000000095 404 in 109ms (next.js: 1.9ms, proxy.ts: 2ms, application-code: 105ms)
 GET /analysis?client=invalid 404 in 119ms (next.js: 16ms, proxy.ts: 1.7ms, application-code: 101ms)
 GET /analysis?client= 404 in 109ms (next.js: 2ms, proxy.ts: 1.8ms, application-code: 105ms)
 GET /analysis?client=80000000-0000-4000-8000-000000000095 404 in 171ms (next.js: 2ms, proxy.ts: 1.8ms, application-code: 167ms)
 GET /analysis?client=80000000-0000-4000-8000-000000000094&client=80000000-0000-4000-8000-000000000095 404 in 126ms (next.js: 2ms, proxy.ts: 1.7ms, application-code: 122ms)
 GET /insights?client=invalid 404 in 159ms (next.js: 10ms, proxy.ts: 5ms, application-code: 145ms)
 GET /insights?client= 404 in 110ms (next.js: 2.0ms, proxy.ts: 1.8ms, application-code: 107ms)
 GET /insights?client=80000000-0000-4000-8000-000000000095 404 in 147ms (next.js: 2ms, proxy.ts: 2ms, application-code: 143ms)
 GET /insights?client=80000000-0000-4000-8000-000000000094&client=80000000-0000-4000-8000-000000000095 404 in 116ms (next.js: 1.9ms, proxy.ts: 2ms, application-code: 111ms)
 GET /history?client=invalid 404 in 111ms (next.js: 7ms, proxy.ts: 1.6ms, application-code: 102ms)
 GET /history?client= 404 in 115ms (next.js: 2.0ms, proxy.ts: 1.7ms, application-code: 111ms)
 GET /history?client=80000000-0000-4000-8000-000000000095 404 in 111ms (next.js: 2ms, proxy.ts: 3ms, application-code: 106ms)
 GET /history?client=80000000-0000-4000-8000-000000000094&client=80000000-0000-4000-8000-000000000095 404 in 114ms (next.js: 2.0ms, proxy.ts: 2ms, application-code: 110ms)
 GET /dashboard?client=80000000-0000-4000-8000-000000000094 404 in 106ms (next.js: 2ms, proxy.ts: 1.7ms, application-code: 102ms)
  ✓  34 [chromium] › e2e/navigation-state-local.spec.ts:14:53 › live navigation state › follows client navigation, keyboard and invalid accounts in fr (6.2s)
 GET /insights/devices?client=80000000-0000-4000-8000-000000000094 200 in 136ms (next.js: 6ms, proxy.ts: 3ms, application-code: 128ms)
 GET /api/auth/get-session 200 in 41ms (next.js: 21ms, proxy.ts: 5ms, application-code: 15ms)
 GET /api/auth/organization/list 200 in 47ms (next.js: 11ms, proxy.ts: 4ms, application-code: 31ms)
 GET /tasks 200 in 76ms (next.js: 5ms, proxy.ts: 3ms, application-code: 68ms)
 GET /discussions/tasks/2fda3ac8-8b03-409e-be9c-4572662677be 200 in 149ms (next.js: 5ms, proxy.ts: 2ms, application-code: 142ms)
 GET /api/auth/get-session 200 in 43ms (next.js: 8ms, proxy.ts: 8ms, application-code: 27ms)
 GET /api/auth/organization/list 200 in 48ms (next.js: 15ms, proxy.ts: 7ms, application-code: 25ms)
 GET /dashboard 200 in 74ms (next.js: 3ms, proxy.ts: 2ms, application-code: 68ms)
 GET /tasks 200 in 59ms (next.js: 3ms, proxy.ts: 2ms, application-code: 54ms)
 GET /dashboard 200 in 56ms (next.js: 2ms, proxy.ts: 3ms, application-code: 51ms)
 GET /tasks 200 in 176ms (next.js: 3ms, proxy.ts: 3ms, application-code: 171ms)
 GET /dashboard?client=invalid 404 in 148ms (next.js: 5ms, proxy.ts: 4ms, application-code: 138ms)
 GET /dashboard?client= 404 in 108ms (next.js: 2ms, proxy.ts: 2ms, application-code: 104ms)
 GET /dashboard?client=80000000-0000-4000-8000-000000000095 404 in 119ms (next.js: 9ms, proxy.ts: 1.8ms, application-code: 108ms)
 GET /dashboard?client=80000000-0000-4000-8000-000000000094&client=80000000-0000-4000-8000-000000000095 404 in 107ms (next.js: 2.0ms, proxy.ts: 1.8ms, application-code: 103ms)
 GET /analysis?client=invalid 404 in 111ms (next.js: 3ms, proxy.ts: 1.8ms, application-code: 107ms)
 GET /analysis?client= 404 in 165ms (next.js: 2ms, proxy.ts: 2ms, application-code: 161ms)
 GET /analysis?client=80000000-0000-4000-8000-000000000095 404 in 169ms (next.js: 2ms, proxy.ts: 2ms, application-code: 165ms)
 GET /analysis?client=80000000-0000-4000-8000-000000000094&client=80000000-0000-4000-8000-000000000095 404 in 145ms (next.js: 3ms, proxy.ts: 3ms, application-code: 140ms)
 GET /insights?client=invalid 404 in 123ms (next.js: 3ms, proxy.ts: 2ms, application-code: 118ms)
 GET /insights?client= 404 in 123ms (next.js: 2ms, proxy.ts: 2ms, application-code: 118ms)
 GET /insights?client=80000000-0000-4000-8000-000000000095 404 in 131ms (next.js: 2ms, proxy.ts: 1.6ms, application-code: 127ms)
 GET /insights?client=80000000-0000-4000-8000-000000000094&client=80000000-0000-4000-8000-000000000095 404 in 108ms (next.js: 1.8ms, proxy.ts: 1.7ms, application-code: 105ms)
 GET /history?client=invalid 404 in 127ms (next.js: 2ms, proxy.ts: 2.0ms, application-code: 123ms)
 GET /history?client= 404 in 115ms (next.js: 1.9ms, proxy.ts: 1.5ms, application-code: 112ms)
 GET /history?client=80000000-0000-4000-8000-000000000095 404 in 116ms (next.js: 2ms, proxy.ts: 3ms, application-code: 112ms)
 GET /history?client=80000000-0000-4000-8000-000000000094&client=80000000-0000-4000-8000-000000000095 404 in 123ms (next.js: 3ms, proxy.ts: 3ms, application-code: 117ms)
 GET /dashboard?client=80000000-0000-4000-8000-000000000094 404 in 106ms (next.js: 2ms, proxy.ts: 1.7ms, application-code: 103ms)
  ✓  35 [chromium] › e2e/navigation-state-local.spec.ts:14:53 › live navigation state › follows client navigation, keyboard and invalid accounts in en (4.0s)
 GET /operations/costs?month=2001-03 200 in 949ms (next.js: 671ms, proxy.ts: 1.8ms, application-code: 276ms)
 GET /api/auth/get-session 200 in 41ms (next.js: 11ms, proxy.ts: 4ms, application-code: 26ms)
 GET /api/auth/organization/list 200 in 47ms (next.js: 17ms, proxy.ts: 4ms, application-code: 26ms)
 GET /operations/costs?month=2001-03&notice=Observation+enregistr%C3%A9e+avec+sa+version+et+son+audit. 200 in 140ms (next.js: 4ms, proxy.ts: 3ms, application-code: 133ms)
 POST /operations/costs?month=2001-03 200 in 183ms (next.js: 3ms, proxy.ts: 4ms, application-code: 176ms)
  └─ ƒ recordOperatingCost({}) in 23ms src/app/(app)/operations/costs/actions.ts
 GET /operations/costs?month=2001-03&error=Cette+r%C3%A9f%C3%A9rence+a+%C3%A9t%C3%A9+modifi%C3%A9e.+Rechargez+sa+version+courante. 200 in 118ms (next.js: 2ms, proxy.ts: 1.8ms, application-code: 114ms)
 POST /operations/costs?month=2001-03&notice=Observation+enregistr%C3%A9e+avec+sa+version+et+son+audit. 200 in 138ms (next.js: 2ms, proxy.ts: 3ms, application-code: 133ms)
  └─ ƒ recordOperatingCost({}) in 9ms src/app/(app)/operations/costs/actions.ts
 GET /operations/costs?month=2001-03&notice=Observation+enregistr%C3%A9e+avec+sa+version+et+son+audit. 200 in 131ms (next.js: 1.9ms, proxy.ts: 2.0ms, application-code: 127ms)
 POST /operations/costs?month=2001-03&error=Cette+r%C3%A9f%C3%A9rence+a+%C3%A9t%C3%A9+modifi%C3%A9e.+Rechargez+sa+version+courante. 200 in 158ms (next.js: 4ms, proxy.ts: 5ms, application-code: 150ms)
  └─ ƒ recordOperatingCost({}) in 10ms src/app/(app)/operations/costs/actions.ts
 GET /operations/costs?month=2001-03&notice=Observation+enregistr%C3%A9e+avec+sa+version+et+son+audit. 200 in 519ms (next.js: 1.9ms, proxy.ts: 1.8ms, application-code: 516ms)
 GET /api/auth/get-session 200 in 34ms (next.js: 13ms, proxy.ts: 5ms, application-code: 17ms)
 GET /api/auth/organization/list 200 in 36ms (next.js: 18ms, proxy.ts: 5ms, application-code: 13ms)
 GET /operations/costs?month=2001-03&after=browser-cost-622057ba-1851-415c-b84c-97b8dfc33816-24 200 in 80ms (next.js: 4ms, proxy.ts: 4ms, application-code: 72ms)
 GET /operations/costs?month=2001-03 200 in 136ms (next.js: 2ms, proxy.ts: 2ms, application-code: 131ms)
 GET /operations/costs?month=2001-03&notice=Observation+enregistr%C3%A9e+avec+sa+version+et+son+audit. 200 in 203ms (next.js: 2ms, proxy.ts: 1.7ms, application-code: 199ms)
 POST /operations/costs?month=2001-03 200 in 223ms (next.js: 3ms, proxy.ts: 2ms, application-code: 218ms)
  └─ ƒ recordOperatingCost({}) in 9ms src/app/(app)/operations/costs/actions.ts
 GET /operations/costs?month=2001-03 404 in 95ms (next.js: 2ms, proxy.ts: 2ms, application-code: 91ms)
 GET /operations 404 in 137ms (next.js: 14ms, proxy.ts: 3ms, application-code: 119ms)
 GET /api/auth/get-session 200 in 43ms (next.js: 9ms, proxy.ts: 4ms, application-code: 30ms)
 GET /api/auth/organization/list 200 in 61ms (next.js: 12ms, proxy.ts: 5ms, application-code: 44ms)
 GET /operations/costs?month=2001-03 404 in 132ms (next.js: 8ms, proxy.ts: 9ms, application-code: 116ms)
 GET /api/auth/organization/list 200 in 21ms (next.js: 9ms, proxy.ts: 3ms, application-code: 10ms)
 GET /api/auth/get-session 200 in 22ms (next.js: 5ms, proxy.ts: 3ms, application-code: 14ms)
  ✓  36 [chromium] › e2e/operating-costs-local.spec.ts:5:55 › operating costs preserve evidence, corrections, pagination and operator access (5.2s)
 GET /settings 200 in 250ms (next.js: 5ms, proxy.ts: 2ms, application-code: 243ms)
 GET /api/auth/get-session 200 in 20ms (next.js: 5ms, proxy.ts: 3ms, application-code: 12ms)
 GET /api/auth/organization/list 200 in 21ms (next.js: 9ms, proxy.ts: 3ms, application-code: 10ms)
 GET /settings?error=La+confirmation+ne+correspond+pas+%C3%A0+l%E2%80%99identifiant+de+l%E2%80%99espace. 200 in 110ms (next.js: 3ms, proxy.ts: 2ms, application-code: 105ms)
 POST /settings 200 in 130ms (next.js: 3ms, proxy.ts: 3ms, application-code: 124ms)
  └─ ƒ transferWorkspaceOwnership({}) in 7ms src/app/actions.ts
 GET /settings?notice=Propri%C3%A9t%C3%A9+de+l%E2%80%99espace+transf%C3%A9r%C3%A9e. 200 in 93ms (next.js: 2ms, proxy.ts: 2ms, application-code: 88ms)
 POST /settings?error=La%20confirmation%20ne%20correspond%20pas%20%C3%A0%20l%E2%80%99identifiant%20de%20l%E2%80%99espace. 200 in 114ms (next.js: 2ms, proxy.ts: 2ms, application-code: 110ms)
  └─ ƒ transferWorkspaceOwnership({}) in 12ms src/app/actions.ts
 GET /settings?error=Seul+le+propri%C3%A9taire+peut+transf%C3%A9rer+la+propri%C3%A9t%C3%A9. 200 in 96ms (next.js: 2ms, proxy.ts: 1.7ms, application-code: 92ms)
 POST /settings?error=La%20confirmation%20ne%20correspond%20pas%20%C3%A0%20l%E2%80%99identifiant%20de%20l%E2%80%99espace. 200 in 113ms (next.js: 3ms, proxy.ts: 3ms, application-code: 107ms)
  └─ ƒ transferWorkspaceOwnership({}) in 5ms src/app/actions.ts
 GET /settings 200 in 231ms (next.js: 1.9ms, proxy.ts: 1.7ms, application-code: 228ms)
 GET /api/auth/get-session 200 in 24ms (next.js: 5ms, proxy.ts: 3ms, application-code: 16ms)
 GET /api/auth/organization/list 200 in 26ms (next.js: 9ms, proxy.ts: 3ms, application-code: 13ms)
  ✓  37 [chromium] › e2e/ownership-local.spec.ts:5:61 › ownership transfer fr rechecks old owner authority and preserves other agencies (2.2s)
 GET /settings 200 in 230ms (next.js: 2ms, proxy.ts: 2ms, application-code: 225ms)
 GET /api/auth/get-session 200 in 23ms (next.js: 5ms, proxy.ts: 6ms, application-code: 13ms)
 GET /api/auth/organization/list 200 in 24ms (next.js: 9ms, proxy.ts: 5ms, application-code: 11ms)
 GET /settings?error=La+confirmation+ne+correspond+pas+%C3%A0+l%E2%80%99identifiant+de+l%E2%80%99espace. 200 in 118ms (next.js: 2ms, proxy.ts: 3ms, application-code: 112ms)
 POST /settings 200 in 146ms (next.js: 3ms, proxy.ts: 3ms, application-code: 139ms)
  └─ ƒ transferWorkspaceOwnership({}) in 12ms src/app/actions.ts
 GET /settings?notice=Workspace+ownership+transferred. 200 in 95ms (next.js: 1.8ms, proxy.ts: 1.8ms, application-code: 92ms)
 POST /settings?error=La%20confirmation%20ne%20correspond%20pas%20%C3%A0%20l%E2%80%99identifiant%20de%20l%E2%80%99espace. 200 in 115ms (next.js: 2ms, proxy.ts: 2ms, application-code: 110ms)
  └─ ƒ transferWorkspaceOwnership({}) in 10ms src/app/actions.ts
 GET /settings?error=Seul+le+propri%C3%A9taire+peut+transf%C3%A9rer+la+propri%C3%A9t%C3%A9. 200 in 79ms (next.js: 1.8ms, proxy.ts: 1.5ms, application-code: 76ms)
 POST /settings?error=La%20confirmation%20ne%20correspond%20pas%20%C3%A0%20l%E2%80%99identifiant%20de%20l%E2%80%99espace. 200 in 92ms (next.js: 2ms, proxy.ts: 2ms, application-code: 88ms)
  └─ ƒ transferWorkspaceOwnership({}) in 4ms src/app/actions.ts
 GET /settings 200 in 213ms (next.js: 2ms, proxy.ts: 2.0ms, application-code: 209ms)
 GET /api/auth/get-session 200 in 22ms (next.js: 5ms, proxy.ts: 4ms, application-code: 14ms)
 GET /api/auth/organization/list 200 in 24ms (next.js: 10ms, proxy.ts: 3ms, application-code: 10ms)
  ✓  38 [chromium] › e2e/ownership-local.spec.ts:5:61 › ownership transfer en rechecks old owner authority and preserves other agencies (1.8s)
 GET /account 200 in 50ms (next.js: 4ms, proxy.ts: 2ms, application-code: 44ms)
 GET /api/auth/get-session 200 in 23ms (next.js: 6ms, proxy.ts: 5ms, application-code: 13ms)
 GET /api/auth/organization/list 200 in 25ms (next.js: 9ms, proxy.ts: 5ms, application-code: 11ms)
 GET /api/auth/passkey/list-user-passkeys 200 in 26ms (next.js: 11ms, proxy.ts: 5ms, application-code: 10ms)
 GET /account/notifications 200 in 1581ms (next.js: 1436ms, proxy.ts: 2ms, application-code: 143ms)
 GET /account/notifications?notice=Pr%C3%A9f%C3%A9rences+personnelles+de+t%C3%A2ches+enregistr%C3%A9es. 200 in 80ms (next.js: 3ms, proxy.ts: 3ms, application-code: 74ms)
 POST /account/notifications 200 in 122ms (next.js: 3ms, proxy.ts: 13ms, application-code: 105ms)
  └─ ƒ updateMyTaskNotificationPreferences({}) in 19ms src/app/actions.ts
 GET /account/notifications?notice=Pr%C3%A9f%C3%A9rences%20personnelles%20de%20t%C3%A2ches%20enregistr%C3%A9es. 200 in 92ms (next.js: 4ms, proxy.ts: 4ms, application-code: 83ms)
 GET /api/auth/get-session 200 in 40ms (next.js: 12ms, proxy.ts: 4ms, application-code: 24ms)
 GET /api/auth/organization/list 200 in 43ms (next.js: 22ms, proxy.ts: 4ms, application-code: 17ms)
 GET /account/notifications?error=L%E2%80%99espace+actif+a+chang%C3%A9.+Rechargez+la+page+avant+d%E2%80%99enregistrer. 200 in 95ms (next.js: 3ms, proxy.ts: 6ms, application-code: 86ms)
 POST /account/notifications?notice=Pr%C3%A9f%C3%A9rences%20personnelles%20de%20t%C3%A2ches%20enregistr%C3%A9es. 200 in 127ms (next.js: 5ms, proxy.ts: 4ms, application-code: 117ms)
  └─ ƒ updateMyTaskNotificationPreferences({}) in 11ms src/app/actions.ts
 GET /account/notifications 200 in 57ms (next.js: 2ms, proxy.ts: 2ms, application-code: 53ms)
 GET /api/auth/get-session 200 in 61ms (next.js: 10ms, proxy.ts: 5ms, application-code: 46ms)
 GET /api/auth/organization/list 200 in 68ms (next.js: 13ms, proxy.ts: 5ms, application-code: 51ms)
 GET /account/notifications 307 in 84ms (next.js: 10ms, proxy.ts: 3ms, application-code: 71ms)
 GET /support?notice=Votre%20acc%C3%A8s%20actuel%20est%20limit%C3%A9%20%C3%A0%20la%20facturation%20et%20aux%20donn%C3%A9es%20stock%C3%A9es. 200 in 165ms (next.js: 4ms, proxy.ts: 3ms, application-code: 158ms)
 GET /api/auth/organization/list 200 in 77ms (next.js: 62ms, proxy.ts: 6ms, application-code: 8ms)
 GET /api/auth/get-session 200 in 77ms (next.js: 59ms, proxy.ts: 5ms, application-code: 14ms)
 GET /account 200 in 88ms (next.js: 5ms, proxy.ts: 6ms, application-code: 77ms)
  ✓  39 [chromium] › e2e/personal-notifications-local.spec.ts:6:7 › personal notifications fr accessible to analyst, tenant bound, and explicit for client (4.0s)
 GET /account 200 in 50ms (next.js: 1.9ms, proxy.ts: 2ms, application-code: 46ms)
 GET /api/auth/get-session 200 in 31ms (next.js: 9ms, proxy.ts: 6ms, application-code: 16ms)
 GET /api/auth/organization/list 200 in 32ms (next.js: 12ms, proxy.ts: 6ms, application-code: 14ms)
 GET /api/auth/passkey/list-user-passkeys 200 in 34ms (next.js: 15ms, proxy.ts: 6ms, application-code: 13ms)
 GET /account/notifications 200 in 42ms (next.js: 4ms, proxy.ts: 3ms, application-code: 36ms)
 GET /account/notifications?notice=Pr%C3%A9f%C3%A9rences+personnelles+de+t%C3%A2ches+enregistr%C3%A9es. 200 in 59ms (next.js: 3ms, proxy.ts: 4ms, application-code: 52ms)
 POST /account/notifications 200 in 85ms (next.js: 5ms, proxy.ts: 3ms, application-code: 76ms)
  └─ ƒ updateMyTaskNotificationPreferences({}) in 8ms src/app/actions.ts
 GET /account/notifications?notice=Pr%C3%A9f%C3%A9rences%20personnelles%20de%20t%C3%A2ches%20enregistr%C3%A9es. 200 in 83ms (next.js: 2ms, proxy.ts: 2ms, application-code: 78ms)
 GET /api/auth/get-session 200 in 25ms (next.js: 8ms, proxy.ts: 3ms, application-code: 14ms)
 GET /api/auth/organization/list 200 in 26ms (next.js: 11ms, proxy.ts: 4ms, application-code: 11ms)
 GET /account/notifications?error=L%E2%80%99espace+actif+a+chang%C3%A9.+Rechargez+la+page+avant+d%E2%80%99enregistrer. 200 in 42ms (next.js: 2ms, proxy.ts: 1.9ms, application-code: 38ms)
 POST /account/notifications?notice=Pr%C3%A9f%C3%A9rences%20personnelles%20de%20t%C3%A2ches%20enregistr%C3%A9es. 200 in 61ms (next.js: 3ms, proxy.ts: 3ms, application-code: 56ms)
  └─ ƒ updateMyTaskNotificationPreferences({}) in 6ms src/app/actions.ts
 GET /account/notifications 200 in 83ms (next.js: 2ms, proxy.ts: 3ms, application-code: 78ms)
 GET /api/auth/get-session 200 in 27ms (next.js: 7ms, proxy.ts: 4ms, application-code: 15ms)
 GET /api/auth/organization/list 200 in 37ms (next.js: 12ms, proxy.ts: 6ms, application-code: 19ms)
 GET /account/notifications 307 in 77ms (next.js: 4ms, proxy.ts: 8ms, application-code: 65ms)
 GET /support?notice=Your%20current%20access%20is%20limited%20to%20billing%20and%20stored%20data. 200 in 163ms (next.js: 3ms, proxy.ts: 3ms, application-code: 157ms)
 GET /api/auth/get-session 200 in 38ms (next.js: 15ms, proxy.ts: 20ms, application-code: 4ms)
 GET /api/auth/organization/list 200 in 36ms (next.js: 15ms, proxy.ts: 17ms, application-code: 4ms)
 GET /account 200 in 66ms (next.js: 1.9ms, proxy.ts: 2ms, application-code: 61ms)
  ✓  40 [chromium] › e2e/personal-notifications-local.spec.ts:6:7 › personal notifications en accessible to analyst, tenant bound, and explicit for client (2.2s)
 GET /portfolio?q=PORTFOLIO_ 200 in 1969ms (next.js: 1378ms, proxy.ts: 2ms, application-code: 589ms)
 GET /api/auth/get-session 200 in 34ms (next.js: 7ms, proxy.ts: 4ms, application-code: 23ms)
 GET /api/auth/organization/list 200 in 36ms (next.js: 14ms, proxy.ts: 3ms, application-code: 18ms)
 GET /portfolio?q=PORTFOLIO_&cursor=eyJ2IjoxLCJpdiI6ImVGcVU5T1pNQ2RJX3libk4iLCJ0YWciOiJiNjBDelQwT0NNTUF2UTZwRUJZQXBnIiwiZGF0YSI6IlZWWXRGdlJnZnZwV1RIY2w5RkVRLU5xcjNlcFYyNUFuRU1zeno5MWsxeEZxeFRTWkRxcTdEd1dITWRZb2JJTnNJSDdyb0pmM1ZNTEplU0oxeDE4QXBabzZQdS1iOFlQTnh6MXJqRl8yMmN5eTB2VC1XZnVsR1IxcHhfVlY3X2lic0dDWmpkS1VhUzB2SmxTblBTZUQtTV9Sb1Z6cGZYdF9VYWg5dVkxMTNBdTV5OURrb1U2TTVZcUZIUHVCcmUzRW9GLUwzeGVQQldfQ2FkdE1WY3dHcHBYUVRNeFVGOWtmREJsQzhqT3l0Q19nMlpOWU9EQnlSS01CVzBnTWdiOVNEVHAtWW92WFFSV1lPaEl2WUpPanBSbm54TWo4ODk4SzhkaHhQQjZiRE44TlpsdFJTazY4ZGcifQ 200 in 139ms (next.js: 3ms, proxy.ts: 3ms, application-code: 133ms)
 GET /portfolio?q=PORTFOLIO_&attention=missing_data&currency=&assignee= 200 in 191ms (next.js: 1.9ms, proxy.ts: 1.9ms, application-code: 187ms)
 GET /api/auth/get-session 200 in 35ms (next.js: 9ms, proxy.ts: 3ms, application-code: 23ms)
 GET /api/auth/organization/list 200 in 39ms (next.js: 15ms, proxy.ts: 3ms, application-code: 21ms)
 GET /portfolio?q=PORTFOLIO_&attention=missing_data&view_notice=saved 200 in 94ms (next.js: 2ms, proxy.ts: 2ms, application-code: 90ms)
 POST /portfolio?q=PORTFOLIO_&attention=missing_data&currency=&assignee= 200 in 119ms (next.js: 2ms, proxy.ts: 4ms, application-code: 113ms)
  └─ ƒ storePortfolioView({}) in 10ms src/app/portfolio-actions.ts
 GET /portfolio?q=PORTFOLIO_&attention=missing_data&view_notice=saved 200 in 77ms (next.js: 1.7ms, proxy.ts: 1.6ms, application-code: 74ms)
 POST /portfolio?q=PORTFOLIO_&attention=missing_data&view_notice=saved 200 in 94ms (next.js: 2ms, proxy.ts: 2ms, application-code: 89ms)
  └─ ƒ storePortfolioView({}) in 8ms src/app/portfolio-actions.ts
 GET /portfolio?q=PORTFOLIO_ 200 in 309ms (next.js: 2.0ms, proxy.ts: 2.0ms, application-code: 305ms)
 GET /api/auth/get-session 200 in 21ms (next.js: 5ms, proxy.ts: 4ms, application-code: 12ms)
 GET /api/auth/organization/list 200 in 22ms (next.js: 10ms, proxy.ts: 3ms, application-code: 9ms)
 GET /portfolio?view_notice=conflict 200 in 150ms (next.js: 2ms, proxy.ts: 2ms, application-code: 146ms)
 POST /portfolio?q=PORTFOLIO_ 200 in 179ms (next.js: 2ms, proxy.ts: 3ms, application-code: 174ms)
  └─ ƒ removePortfolioView({}) in 16ms src/app/portfolio-actions.ts
 GET /portfolio?q=PORTFOLIO_ 200 in 338ms (next.js: 2ms, proxy.ts: 3ms, application-code: 333ms)
 GET /api/auth/get-session 200 in 45ms (next.js: 7ms, proxy.ts: 24ms, application-code: 14ms)
 GET /api/auth/organization/list 200 in 47ms (next.js: 11ms, proxy.ts: 24ms, application-code: 12ms)
 GET /portfolio?view_notice=deleted 200 in 171ms (next.js: 3ms, proxy.ts: 4ms, application-code: 164ms)
 POST /portfolio?q=PORTFOLIO_ 200 in 205ms (next.js: 3ms, proxy.ts: 3ms, application-code: 200ms)
  └─ ƒ removePortfolioView({}) in 14ms src/app/portfolio-actions.ts
 GET /tasks?status=open&assignee=unassigned 200 in 77ms (next.js: 8ms, proxy.ts: 2ms, application-code: 67ms)
 GET /portfolio?assignee=local-browser-fixture-owner 200 in 191ms (next.js: 2ms, proxy.ts: 2ms, application-code: 186ms)
 GET /api/auth/get-session 200 in 108ms (next.js: 19ms, proxy.ts: 24ms, application-code: 66ms)
 GET /api/auth/organization/list 200 in 109ms (next.js: 28ms, proxy.ts: 23ms, application-code: 59ms)
 GET /portfolio?assignee=local-browser-fixture-owner 200 in 201ms (next.js: 2ms, proxy.ts: 2ms, application-code: 196ms)
 GET /api/auth/get-session 200 in 124ms (next.js: 16ms, proxy.ts: 39ms, application-code: 70ms)
 GET /api/auth/organization/list 200 in 125ms (next.js: 18ms, proxy.ts: 38ms, application-code: 69ms)
 GET /portfolio?q=PORTFOLIO_ 200 in 380ms (next.js: 4ms, proxy.ts: 4ms, application-code: 372ms)
 GET /api/auth/get-session 200 in 19ms (next.js: 5ms, proxy.ts: 3ms, application-code: 12ms)
 GET /api/auth/organization/list 200 in 21ms (next.js: 9ms, proxy.ts: 3ms, application-code: 9ms)
 GET /portfolio?q=PORTFOLIO_ 200 in 322ms (next.js: 2ms, proxy.ts: 2ms, application-code: 318ms)
 GET /api/auth/get-session 200 in 23ms (next.js: 5ms, proxy.ts: 3ms, application-code: 14ms)
 GET /api/auth/organization/list 200 in 25ms (next.js: 8ms, proxy.ts: 3ms, application-code: 14ms)
 GET /portfolio?q=PORTFOLIO_ 307 in 84ms (next.js: 2.0ms, proxy.ts: 2.0ms, application-code: 80ms)
 GET /support?error=Vous%20n%E2%80%99avez%20plus%20acc%C3%A8s%20%C3%A0%20cette%20page.%20Choisissez%20une%20rubrique%20disponible%20ou%20contactez%20un%20administrateur. 200 in 90ms (next.js: 2ms, proxy.ts: 1.8ms, application-code: 86ms)
 GET /portfolio?q=PORTFOLIO_ 307 in 54ms (next.js: 2ms, proxy.ts: 2ms, application-code: 50ms)
 GET /sign-in 200 in 44ms (next.js: 5ms, proxy.ts: 1.8ms, application-code: 36ms)
{"locale":"fr","developmentStyleViolations":232,"applicationErrors":0}
  ✓  41 [chromium] › e2e/portfolio-local.spec.ts:13:53 › agency portfolio › reviews 50 accounts, personal views and team workload in fr (8.8s)
 GET /portfolio?q=PORTFOLIO_ 200 in 303ms (next.js: 2ms, proxy.ts: 2ms, application-code: 299ms)
 GET /api/auth/get-session 200 in 39ms (next.js: 7ms, proxy.ts: 17ms, application-code: 15ms)
 GET /api/auth/organization/list 200 in 41ms (next.js: 11ms, proxy.ts: 17ms, application-code: 14ms)
 GET /portfolio?q=PORTFOLIO_&cursor=eyJ2IjoxLCJpdiI6IklPZXZHUGtXWVZoSm5ESGUiLCJ0YWciOiJsVWUySXBaQzlDMW1lMW11anhkVEJRIiwiZGF0YSI6IjJESjJDR0dpRDNoblhsWmloYV9Pc3htcmgxZWdFdGFUOFhVN1ZIZUZKQW5jU21Veld6VDJGdU90WXlEamZ4Z0ZkRDgzajR4VUhZOHFmeHRHbDVEQ1FzWDk0VE5MZXhaTXdSVEtkUFd3aUxzbjZNNTRTNnk1RFJLLXpnQ2llS1FGRUxLa05saXJpUUg2VElyWHNITEs0Y1duYzRxWnNzUjNIMGRjQ0FqUkR5M2RtWHVEZmZSQ214WXF6QkVwODlHLVNvVFpjMmljWXFyRVlRYU44M01KMlNieU5uV1RKNUFNbV8yS2tNZ3V3cEp1NW5nellyYWJUQUFmTWlDd0lHNTdlNExDTWw4Q3N6cldXUEptNmRMSFNGOE02X0h5YS05d0NJRFVOYkFOVHdJbjI1ZVZIQ2NiUkEifQ 200 in 148ms (next.js: 2ms, proxy.ts: 1.9ms, application-code: 143ms)
 GET /portfolio?q=PORTFOLIO_&attention=missing_data&currency=&assignee= 200 in 191ms (next.js: 2ms, proxy.ts: 2ms, application-code: 187ms)
 GET /api/auth/get-session 200 in 22ms (next.js: 10ms, proxy.ts: 3ms, application-code: 9ms)
 GET /api/auth/organization/list 200 in 24ms (next.js: 11ms, proxy.ts: 5ms, application-code: 8ms)
 GET /portfolio?q=PORTFOLIO_&attention=missing_data&view_notice=saved 200 in 145ms (next.js: 2ms, proxy.ts: 1.7ms, application-code: 141ms)
 POST /portfolio?q=PORTFOLIO_&attention=missing_data&currency=&assignee= 200 in 167ms (next.js: 2ms, proxy.ts: 3ms, application-code: 162ms)
  └─ ƒ storePortfolioView({}) in 9ms src/app/portfolio-actions.ts
 GET /portfolio?q=PORTFOLIO_&attention=missing_data&view_notice=saved 200 in 152ms (next.js: 1.8ms, proxy.ts: 1.8ms, application-code: 149ms)
 POST /portfolio?q=PORTFOLIO_&attention=missing_data&view_notice=saved 200 in 173ms (next.js: 2ms, proxy.ts: 2ms, application-code: 169ms)
  └─ ƒ storePortfolioView({}) in 12ms src/app/portfolio-actions.ts
 GET /portfolio?q=PORTFOLIO_ 200 in 470ms (next.js: 3ms, proxy.ts: 3ms, application-code: 464ms)
 GET /api/auth/get-session 200 in 26ms (next.js: 8ms, proxy.ts: 3ms, application-code: 15ms)
 GET /api/auth/organization/list 200 in 26ms (next.js: 12ms, proxy.ts: 3ms, application-code: 12ms)
 GET /portfolio?view_notice=conflict 200 in 137ms (next.js: 2ms, proxy.ts: 1.7ms, application-code: 133ms)
 POST /portfolio?q=PORTFOLIO_ 200 in 168ms (next.js: 4ms, proxy.ts: 3ms, application-code: 161ms)
  └─ ƒ removePortfolioView({}) in 10ms src/app/portfolio-actions.ts
 GET /portfolio?q=PORTFOLIO_ 200 in 347ms (next.js: 2ms, proxy.ts: 3ms, application-code: 342ms)
 GET /api/auth/get-session 200 in 20ms (next.js: 5ms, proxy.ts: 3ms, application-code: 12ms)
 GET /api/auth/organization/list 200 in 21ms (next.js: 10ms, proxy.ts: 3ms, application-code: 8ms)
 GET /portfolio?view_notice=deleted 200 in 151ms (next.js: 2ms, proxy.ts: 3ms, application-code: 146ms)
 POST /portfolio?q=PORTFOLIO_ 200 in 170ms (next.js: 2ms, proxy.ts: 3ms, application-code: 165ms)
  └─ ƒ removePortfolioView({}) in 8ms src/app/portfolio-actions.ts
 GET /tasks?status=open&assignee=unassigned 200 in 58ms (next.js: 4ms, proxy.ts: 3ms, application-code: 51ms)
 GET /portfolio?assignee=local-browser-fixture-owner 200 in 181ms (next.js: 2ms, proxy.ts: 3ms, application-code: 176ms)
 GET /api/auth/get-session 200 in 176ms (next.js: 26ms, proxy.ts: 49ms, application-code: 101ms)
 GET /api/auth/organization/list 200 in 180ms (next.js: 35ms, proxy.ts: 46ms, application-code: 100ms)
 GET /portfolio?assignee=local-browser-fixture-owner 200 in 284ms (next.js: 5ms, proxy.ts: 3ms, application-code: 276ms)
 GET /api/auth/get-session 200 in 102ms (next.js: 52ms, proxy.ts: 11ms, application-code: 39ms)
 GET /api/auth/organization/list 200 in 105ms (next.js: 56ms, proxy.ts: 11ms, application-code: 38ms)
 GET /portfolio?q=PORTFOLIO_ 200 in 397ms (next.js: 2ms, proxy.ts: 3ms, application-code: 392ms)
 GET /api/auth/get-session 200 in 21ms (next.js: 5ms, proxy.ts: 3ms, application-code: 12ms)
 GET /api/auth/organization/list 200 in 23ms (next.js: 10ms, proxy.ts: 3ms, application-code: 10ms)
 GET /portfolio?q=PORTFOLIO_ 200 in 373ms (next.js: 3ms, proxy.ts: 2ms, application-code: 368ms)
 GET /api/auth/get-session 200 in 23ms (next.js: 6ms, proxy.ts: 4ms, application-code: 13ms)
 GET /api/auth/organization/list 200 in 26ms (next.js: 10ms, proxy.ts: 4ms, application-code: 12ms)
 GET /portfolio?q=PORTFOLIO_ 307 in 109ms (next.js: 2ms, proxy.ts: 2ms, application-code: 104ms)
 GET /support?error=You%20no%20longer%20have%20access%20to%20this%20page.%20Choose%20an%20available%20section%20or%20contact%20an%20administrator. 200 in 107ms (next.js: 5ms, proxy.ts: 2ms, application-code: 99ms)
 GET /portfolio?q=PORTFOLIO_ 307 in 74ms (next.js: 3ms, proxy.ts: 3ms, application-code: 68ms)
 GET /sign-in 200 in 97ms (next.js: 16ms, proxy.ts: 10ms, application-code: 71ms)
{"locale":"en","developmentStyleViolations":233,"applicationErrors":0}
  ✓  42 [chromium] › e2e/portfolio-local.spec.ts:13:53 › agency portfolio › reviews 50 accounts, personal views and team workload in en (7.8s)
 GET /billing 200 in 221ms (next.js: 9ms, proxy.ts: 4ms, application-code: 209ms)
 GET /api/auth/get-session 200 in 105ms (next.js: 57ms, proxy.ts: 17ms, application-code: 32ms)
 GET /api/auth/organization/list 200 in 129ms (next.js: 60ms, proxy.ts: 17ms, application-code: 51ms)
 GET /accounts 200 in 200ms (next.js: 8ms, proxy.ts: 4ms, application-code: 188ms)
 GET /api/auth/get-session 200 in 48ms (next.js: 4ms, proxy.ts: 4ms, application-code: 40ms)
 GET /api/auth/organization/list 200 in 51ms (next.js: 7ms, proxy.ts: 3ms, application-code: 40ms)
 POST /accounts 200 in 113ms (next.js: 3ms, proxy.ts: 6ms, application-code: 105ms)
  └─ ƒ setCookieConsent({}) in 3ms src/app/preferences-actions.ts
 GET /accounts?selection=saved 200 in 64ms (next.js: 4ms, proxy.ts: 3ms, application-code: 57ms)
 POST /accounts 200 in 98ms (next.js: 6ms, proxy.ts: 5ms, application-code: 87ms)
  └─ ƒ updateManagedAccounts({}) in 15ms src/app/account-selection-actions.ts
 GET /accounts?selection=saved 200 in 91ms (next.js: 2ms, proxy.ts: 1.8ms, application-code: 87ms)
 POST /accounts?selection=saved 200 in 116ms (next.js: 3ms, proxy.ts: 2ms, application-code: 111ms)
  └─ ƒ updateManagedAccounts({}) in 10ms src/app/account-selection-actions.ts
 GET /accounts?selection=conflict 200 in 62ms (next.js: 3ms, proxy.ts: 2ms, application-code: 57ms)
 POST /accounts?selection=saved 200 in 91ms (next.js: 3ms, proxy.ts: 3ms, application-code: 85ms)
  └─ ƒ updateManagedAccounts({}) in 8ms src/app/account-selection-actions.ts
 GET /accounts?selection=saved 200 in 86ms (next.js: 2.0ms, proxy.ts: 1.8ms, application-code: 82ms)
 POST /accounts?selection=conflict 200 in 109ms (next.js: 4ms, proxy.ts: 3ms, application-code: 102ms)
  └─ ƒ updateManagedAccounts({}) in 11ms src/app/account-selection-actions.ts
 GET /accounts 200 in 135ms (next.js: 3ms, proxy.ts: 2ms, application-code: 130ms)
  ✓  43 [chromium] › e2e/prod-ready-local.spec.ts:26:44 › local production readiness regression journeys › managed account selection preserves priorities and enforces quota in fr (2.9s)
 GET /billing 200 in 310ms (next.js: 6ms, proxy.ts: 5ms, application-code: 299ms)
 GET /api/auth/get-session 200 in 110ms (next.js: 63ms, proxy.ts: 11ms, application-code: 36ms)
 GET /api/auth/organization/list 200 in 250ms (next.js: 68ms, proxy.ts: 11ms, application-code: 171ms)
 GET /accounts 200 in 272ms (next.js: 10ms, proxy.ts: 17ms, application-code: 244ms)
 GET /api/auth/get-session 200 in 17ms (next.js: 3ms, proxy.ts: 3ms, application-code: 11ms)
 GET /api/auth/organization/list 200 in 20ms (next.js: 6ms, proxy.ts: 3ms, application-code: 11ms)
 POST /accounts 200 in 63ms (next.js: 3ms, proxy.ts: 2ms, application-code: 58ms)
  └─ ƒ setCookieConsent({}) in 2ms src/app/preferences-actions.ts
 GET /accounts?selection=saved 200 in 103ms (next.js: 2ms, proxy.ts: 2ms, application-code: 99ms)
 POST /accounts 200 in 136ms (next.js: 5ms, proxy.ts: 6ms, application-code: 125ms)
  └─ ƒ updateManagedAccounts({}) in 15ms src/app/account-selection-actions.ts
 GET /accounts?selection=saved 200 in 59ms (next.js: 2ms, proxy.ts: 1.8ms, application-code: 56ms)
 POST /accounts?selection=saved 200 in 82ms (next.js: 2ms, proxy.ts: 2ms, application-code: 77ms)
  └─ ƒ updateManagedAccounts({}) in 12ms src/app/account-selection-actions.ts
 GET /accounts?selection=conflict 200 in 64ms (next.js: 2ms, proxy.ts: 1.9ms, application-code: 60ms)
 POST /accounts?selection=saved 200 in 82ms (next.js: 2ms, proxy.ts: 2ms, application-code: 77ms)
  └─ ƒ updateManagedAccounts({}) in 8ms src/app/account-selection-actions.ts
 GET /accounts?selection=saved 200 in 54ms (next.js: 1.9ms, proxy.ts: 2ms, application-code: 50ms)
 POST /accounts?selection=conflict 200 in 74ms (next.js: 2.0ms, proxy.ts: 2ms, application-code: 70ms)
  └─ ƒ updateManagedAccounts({}) in 11ms src/app/account-selection-actions.ts
 GET /accounts 200 in 103ms (next.js: 2ms, proxy.ts: 3ms, application-code: 98ms)
  ✓  44 [chromium] › e2e/prod-ready-local.spec.ts:26:44 › local production readiness regression journeys › managed account selection preserves priorities and enforces quota in en (2.9s)
 GET /dashboard?client=80000000-0000-4000-8000-000000000004 200 in 200ms (next.js: 4ms, proxy.ts: 1.8ms, application-code: 194ms)
 GET /api/auth/get-session 200 in 32ms (next.js: 12ms, proxy.ts: 4ms, application-code: 16ms)
 GET /api/auth/organization/list 200 in 36ms (next.js: 6ms, proxy.ts: 3ms, application-code: 26ms)
 POST /dashboard?client=80000000-0000-4000-8000-000000000004 200 in 114ms (next.js: 3ms, proxy.ts: 4ms, application-code: 107ms)
  └─ ƒ setCookieConsent({}) in 1ms src/app/preferences-actions.ts
 GET /dashboard?client=80000000-0000-4000-8000-000000000004 200 in 193ms (next.js: 3ms, proxy.ts: 2ms, application-code: 187ms)
 GET /api/auth/get-session 200 in 37ms (next.js: 12ms, proxy.ts: 4ms, application-code: 21ms)
 GET /api/auth/organization/list 200 in 41ms (next.js: 6ms, proxy.ts: 4ms, application-code: 31ms)
  ✓  45 [chromium] › e2e/prod-ready-local.spec.ts:91:44 › local production readiness regression journeys › pacing uses covered completed days and hides forecasts with a gap in fr (1.2s)
 GET /dashboard?client=80000000-0000-4000-8000-000000000004 200 in 194ms (next.js: 3ms, proxy.ts: 4ms, application-code: 187ms)
 GET /api/auth/get-session 200 in 24ms (next.js: 6ms, proxy.ts: 3ms, application-code: 15ms)
 GET /api/auth/organization/list 200 in 39ms (next.js: 10ms, proxy.ts: 4ms, application-code: 25ms)
 POST /dashboard?client=80000000-0000-4000-8000-000000000004 200 in 112ms (next.js: 3ms, proxy.ts: 2ms, application-code: 107ms)
  └─ ƒ setCookieConsent({}) in 0ms src/app/preferences-actions.ts
 GET /dashboard?client=80000000-0000-4000-8000-000000000004 200 in 182ms (next.js: 2ms, proxy.ts: 2ms, application-code: 177ms)
 GET /api/auth/get-session 200 in 32ms (next.js: 6ms, proxy.ts: 6ms, application-code: 19ms)
 GET /api/auth/organization/list 200 in 33ms (next.js: 13ms, proxy.ts: 6ms, application-code: 14ms)
  ✓  46 [chromium] › e2e/prod-ready-local.spec.ts:91:44 › local production readiness regression journeys › pacing uses covered completed days and hides forecasts with a gap in en (1.2s)
 GET /dashboard?client=80000000-0000-4000-8000-000000000005 200 in 199ms (next.js: 3ms, proxy.ts: 3ms, application-code: 193ms)
 GET /api/auth/get-session 200 in 25ms (next.js: 6ms, proxy.ts: 3ms, application-code: 16ms)
 GET /api/auth/organization/list 200 in 28ms (next.js: 10ms, proxy.ts: 3ms, application-code: 15ms)
 GET /analysis?client=80000000-0000-4000-8000-000000000005 200 in 206ms (next.js: 8ms, proxy.ts: 5ms, application-code: 193ms)
 GET /api/auth/get-session 200 in 128ms (next.js: 24ms, proxy.ts: 44ms, application-code: 61ms)
 GET /api/auth/organization/list 200 in 127ms (next.js: 36ms, proxy.ts: 43ms, application-code: 48ms)
 GET /insights?client=80000000-0000-4000-8000-000000000005 200 in 271ms (next.js: 5ms, proxy.ts: 2ms, application-code: 264ms)
 GET /api/auth/get-session 200 in 79ms (next.js: 49ms, proxy.ts: 14ms, application-code: 16ms)
 GET /api/auth/organization/list 200 in 85ms (next.js: 52ms, proxy.ts: 14ms, application-code: 19ms)
 GET /dashboard?client=80000000-0000-4000-8000-000000000005 200 in 231ms (next.js: 3ms, proxy.ts: 4ms, application-code: 224ms)
 GET /api/auth/get-session 200 in 18ms (next.js: 4ms, proxy.ts: 3ms, application-code: 11ms)
 GET /api/auth/organization/list 200 in 20ms (next.js: 7ms, proxy.ts: 3ms, application-code: 10ms)
 GET /analysis?client=80000000-0000-4000-8000-000000000005 200 in 188ms (next.js: 3ms, proxy.ts: 4ms, application-code: 181ms)
 GET /api/auth/get-session 200 in 84ms (next.js: 49ms, proxy.ts: 14ms, application-code: 21ms)
 GET /api/auth/organization/list 200 in 88ms (next.js: 52ms, proxy.ts: 13ms, application-code: 23ms)
 GET /insights?client=80000000-0000-4000-8000-000000000005 200 in 253ms (next.js: 3ms, proxy.ts: 3ms, application-code: 248ms)
 GET /api/auth/get-session 200 in 21ms (next.js: 4ms, proxy.ts: 3ms, application-code: 15ms)
 GET /api/auth/organization/list 200 in 23ms (next.js: 11ms, proxy.ts: 3ms, application-code: 9ms)
 GET /insights?client=80000000-0000-4000-8000-000000000005 200 in 222ms (next.js: 2ms, proxy.ts: 2ms, application-code: 217ms)
 GET /api/auth/get-session 200 in 24ms (next.js: 8ms, proxy.ts: 3ms, application-code: 13ms)
 GET /api/auth/organization/list 200 in 25ms (next.js: 12ms, proxy.ts: 3ms, application-code: 11ms)
 POST /insights?client=80000000-0000-4000-8000-000000000005 200 in 89ms (next.js: 2ms, proxy.ts: 3ms, application-code: 84ms)
  └─ ƒ setCookieConsent({}) in 2ms src/app/preferences-actions.ts
  ✓  47 [chromium] › e2e/prod-ready-local.spec.ts:128:44 › local production readiness regression journeys › stored analytics remain available without Google and during grace in fr (3.2s)
 GET /dashboard?client=80000000-0000-4000-8000-000000000005 200 in 208ms (next.js: 2ms, proxy.ts: 2ms, application-code: 203ms)
 GET /api/auth/get-session 200 in 27ms (next.js: 6ms, proxy.ts: 4ms, application-code: 17ms)
 GET /api/auth/organization/list 200 in 30ms (next.js: 11ms, proxy.ts: 4ms, application-code: 15ms)
 GET /analysis?client=80000000-0000-4000-8000-000000000005 200 in 209ms (next.js: 5ms, proxy.ts: 6ms, application-code: 198ms)
 GET /api/auth/get-session 200 in 131ms (next.js: 72ms, proxy.ts: 3ms, application-code: 57ms)
 GET /api/auth/organization/list 200 in 135ms (next.js: 62ms, proxy.ts: 8ms, application-code: 65ms)
 GET /insights?client=80000000-0000-4000-8000-000000000005 200 in 259ms (next.js: 13ms, proxy.ts: 2ms, application-code: 244ms)
 GET /api/auth/get-session 200 in 76ms (next.js: 43ms, proxy.ts: 13ms, application-code: 20ms)
 GET /api/auth/organization/list 200 in 83ms (next.js: 46ms, proxy.ts: 13ms, application-code: 24ms)
 GET /dashboard?client=80000000-0000-4000-8000-000000000005 200 in 236ms (next.js: 4ms, proxy.ts: 2ms, application-code: 230ms)
 GET /api/auth/get-session 200 in 22ms (next.js: 4ms, proxy.ts: 3ms, application-code: 15ms)
 GET /api/auth/organization/list 200 in 26ms (next.js: 8ms, proxy.ts: 3ms, application-code: 14ms)
 GET /analysis?client=80000000-0000-4000-8000-000000000005 200 in 212ms (next.js: 7ms, proxy.ts: 4ms, application-code: 200ms)
 GET /api/auth/get-session 200 in 128ms (next.js: 35ms, proxy.ts: 46ms, application-code: 47ms)
 GET /api/auth/organization/list 200 in 125ms (next.js: 50ms, proxy.ts: 52ms, application-code: 24ms)
 GET /insights?client=80000000-0000-4000-8000-000000000005 200 in 327ms (next.js: 3ms, proxy.ts: 4ms, application-code: 321ms)
 GET /api/auth/get-session 200 in 85ms (next.js: 45ms, proxy.ts: 17ms, application-code: 23ms)
 GET /api/auth/organization/list 200 in 89ms (next.js: 48ms, proxy.ts: 17ms, application-code: 23ms)
 GET /insights?client=80000000-0000-4000-8000-000000000005 200 in 256ms (next.js: 3ms, proxy.ts: 2ms, application-code: 250ms)
 GET /api/auth/get-session 200 in 21ms (next.js: 7ms, proxy.ts: 3ms, application-code: 12ms)
 GET /api/auth/organization/list 200 in 24ms (next.js: 10ms, proxy.ts: 3ms, application-code: 11ms)
 POST /insights?client=80000000-0000-4000-8000-000000000005 200 in 88ms (next.js: 3ms, proxy.ts: 3ms, application-code: 82ms)
  └─ ƒ setCookieConsent({}) in 2ms src/app/preferences-actions.ts
  ✓  48 [chromium] › e2e/prod-ready-local.spec.ts:128:44 › local production readiness regression journeys › stored analytics remain available without Google and during grace in en (3.3s)
 GET /dashboard?client=80000000-0000-4000-8000-000000000006 200 in 180ms (next.js: 2ms, proxy.ts: 3ms, application-code: 174ms)
 GET /api/auth/get-session 200 in 28ms (next.js: 7ms, proxy.ts: 4ms, application-code: 17ms)
 GET /api/auth/organization/list 200 in 31ms (next.js: 12ms, proxy.ts: 4ms, application-code: 14ms)
 POST /dashboard?client=80000000-0000-4000-8000-000000000006 200 in 109ms (next.js: 3ms, proxy.ts: 3ms, application-code: 103ms)
  └─ ƒ setCookieConsent({}) in 1ms src/app/preferences-actions.ts
 GET /dashboard?client=80000000-0000-4000-8000-000000000006&sync=queued 200 in 84ms (next.js: 4ms, proxy.ts: 2ms, application-code: 78ms)
 POST /dashboard?client=80000000-0000-4000-8000-000000000006 200 in 108ms (next.js: 2ms, proxy.ts: 2ms, application-code: 104ms)
  └─ ƒ refreshAnalyticalData({}) in 13ms src/app/analytical-actions.ts
 GET /dashboard?client=80000000-0000-4000-8000-000000000006&sync=pending 200 in 92ms (next.js: 2ms, proxy.ts: 1.5ms, application-code: 88ms)
 POST /dashboard?client=80000000-0000-4000-8000-000000000006&sync=queued 200 in 123ms (next.js: 13ms, proxy.ts: 3ms, application-code: 106ms)
  └─ ƒ refreshAnalyticalData({}) in 9ms src/app/analytical-actions.ts
 GET /dashboard?client=80000000-0000-4000-8000-000000000006 200 in 155ms (next.js: 2ms, proxy.ts: 3ms, application-code: 150ms)
 GET /dashboard?client=80000000-0000-4000-8000-000000000006 200 in 163ms (next.js: 2ms, proxy.ts: 1.8ms, application-code: 159ms)
 GET /api/auth/get-session 200 in 21ms (next.js: 7ms, proxy.ts: 2ms, application-code: 12ms)
 GET /api/auth/organization/list 200 in 23ms (next.js: 10ms, proxy.ts: 3ms, application-code: 10ms)
 GET /dashboard?client=80000000-0000-4000-8000-000000000006&sync=unavailable 200 in 86ms (next.js: 2ms, proxy.ts: 1.8ms, application-code: 82ms)
 POST /dashboard?client=80000000-0000-4000-8000-000000000006 200 in 108ms (next.js: 4ms, proxy.ts: 3ms, application-code: 101ms)
  └─ ƒ refreshAnalyticalData({}) in 8ms src/app/analytical-actions.ts
  ✓  49 [chromium] › e2e/prod-ready-local.spec.ts:180:99 › local production readiness regression journeys › analytical refresh enqueues once and handles revoked connections in fr (2.2s)
 GET /dashboard?client=80000000-0000-4000-8000-000000000006 200 in 164ms (next.js: 1.9ms, proxy.ts: 2ms, application-code: 159ms)
 GET /api/auth/get-session 200 in 23ms (next.js: 12ms, proxy.ts: 3ms, application-code: 7ms)
 GET /api/auth/organization/list 200 in 25ms (next.js: 6ms, proxy.ts: 4ms, application-code: 15ms)
 POST /dashboard?client=80000000-0000-4000-8000-000000000006 200 in 101ms (next.js: 3ms, proxy.ts: 2ms, application-code: 96ms)
  └─ ƒ setCookieConsent({}) in 2ms src/app/preferences-actions.ts
 GET /dashboard?client=80000000-0000-4000-8000-000000000006&sync=queued 200 in 81ms (next.js: 1.8ms, proxy.ts: 1.6ms, application-code: 78ms)
 POST /dashboard?client=80000000-0000-4000-8000-000000000006 200 in 102ms (next.js: 2ms, proxy.ts: 2ms, application-code: 97ms)
  └─ ƒ refreshAnalyticalData({}) in 12ms src/app/analytical-actions.ts
 GET /dashboard?client=80000000-0000-4000-8000-000000000006&sync=pending 200 in 92ms (next.js: 3ms, proxy.ts: 2ms, application-code: 87ms)
 POST /dashboard?client=80000000-0000-4000-8000-000000000006&sync=queued 200 in 119ms (next.js: 3ms, proxy.ts: 3ms, application-code: 114ms)
  └─ ƒ refreshAnalyticalData({}) in 15ms src/app/analytical-actions.ts
 GET /dashboard?client=80000000-0000-4000-8000-000000000006 200 in 153ms (next.js: 2.0ms, proxy.ts: 1.8ms, application-code: 149ms)
 GET /dashboard?client=80000000-0000-4000-8000-000000000006 200 in 171ms (next.js: 2ms, proxy.ts: 2ms, application-code: 167ms)
 GET /api/auth/get-session 200 in 21ms (next.js: 6ms, proxy.ts: 3ms, application-code: 13ms)
 GET /api/auth/organization/list 200 in 23ms (next.js: 10ms, proxy.ts: 3ms, application-code: 11ms)
 GET /dashboard?client=80000000-0000-4000-8000-000000000006&sync=unavailable 200 in 95ms (next.js: 2ms, proxy.ts: 1.6ms, application-code: 91ms)
 POST /dashboard?client=80000000-0000-4000-8000-000000000006 200 in 114ms (next.js: 2ms, proxy.ts: 2ms, application-code: 109ms)
  └─ ƒ refreshAnalyticalData({}) in 7ms src/app/analytical-actions.ts
  ✓  50 [chromium] › e2e/prod-ready-local.spec.ts:180:99 › local production readiness regression journeys › analytical refresh enqueues once and handles revoked connections in en (2.0s)
 GET /accounts 200 in 95ms (next.js: 4ms, proxy.ts: 2ms, application-code: 89ms)
 GET /api/auth/get-session 200 in 69ms (next.js: 8ms, proxy.ts: 4ms, application-code: 57ms)
 GET /api/auth/organization/list 200 in 94ms (next.js: 29ms, proxy.ts: 4ms, application-code: 62ms)
 GET /history 200 in 165ms (next.js: 13ms, proxy.ts: 4ms, application-code: 148ms)
 GET /api/auth/get-session 200 in 80ms (next.js: 44ms, proxy.ts: 5ms, application-code: 32ms)
 GET /api/auth/organization/list 200 in 117ms (next.js: 48ms, proxy.ts: 5ms, application-code: 64ms)
 GET /alerts 200 in 156ms (next.js: 6ms, proxy.ts: 5ms, application-code: 146ms)
 GET /api/auth/get-session 200 in 64ms (next.js: 8ms, proxy.ts: 4ms, application-code: 52ms)
 GET /api/auth/organization/list 200 in 71ms (next.js: 10ms, proxy.ts: 5ms, application-code: 56ms)
 GET /tasks 200 in 158ms (next.js: 14ms, proxy.ts: 4ms, application-code: 140ms)
 GET /api/auth/get-session 200 in 30ms (next.js: 7ms, proxy.ts: 3ms, application-code: 21ms)
 GET /api/auth/organization/list 200 in 32ms (next.js: 12ms, proxy.ts: 3ms, application-code: 17ms)
 GET /approvals 200 in 144ms (next.js: 19ms, proxy.ts: 17ms, application-code: 108ms)
 GET /api/auth/get-session 200 in 80ms (next.js: 43ms, proxy.ts: 4ms, application-code: 34ms)
 GET /api/auth/organization/list 200 in 122ms (next.js: 57ms, proxy.ts: 4ms, application-code: 62ms)
 GET /reports 200 in 147ms (next.js: 6ms, proxy.ts: 4ms, application-code: 138ms)
 GET /api/auth/get-session 200 in 66ms (next.js: 5ms, proxy.ts: 4ms, application-code: 57ms)
 GET /api/auth/organization/list 200 in 71ms (next.js: 9ms, proxy.ts: 4ms, application-code: 57ms)
 GET /audit 200 in 194ms (next.js: 17ms, proxy.ts: 4ms, application-code: 172ms)
 GET /accounts 200 in 120ms (next.js: 2ms, proxy.ts: 3ms, application-code: 115ms)
 GET /api/auth/get-session 200 in 90ms (next.js: 54ms, proxy.ts: 5ms, application-code: 30ms)
 GET /api/auth/organization/list 200 in 133ms (next.js: 58ms, proxy.ts: 5ms, application-code: 69ms)
 GET /history 200 in 171ms (next.js: 6ms, proxy.ts: 6ms, application-code: 159ms)
 GET /api/auth/get-session 200 in 95ms (next.js: 56ms, proxy.ts: 4ms, application-code: 35ms)
 GET /api/auth/organization/list 200 in 117ms (next.js: 63ms, proxy.ts: 4ms, application-code: 50ms)
 GET /alerts 200 in 167ms (next.js: 5ms, proxy.ts: 4ms, application-code: 158ms)
 GET /api/auth/get-session 200 in 120ms (next.js: 66ms, proxy.ts: 7ms, application-code: 47ms)
 GET /api/auth/organization/list 200 in 219ms (next.js: 74ms, proxy.ts: 8ms, application-code: 137ms)
 GET /tasks 200 in 337ms (next.js: 10ms, proxy.ts: 10ms, application-code: 318ms)
 GET /api/auth/get-session 200 in 42ms (next.js: 24ms, proxy.ts: 8ms, application-code: 10ms)
 GET /api/auth/organization/list 200 in 45ms (next.js: 15ms, proxy.ts: 8ms, application-code: 22ms)
 GET /approvals 200 in 180ms (next.js: 9ms, proxy.ts: 4ms, application-code: 167ms)
 GET /api/auth/organization/list 200 in 28ms (next.js: 12ms, proxy.ts: 4ms, application-code: 12ms)
 GET /api/auth/get-session 200 in 32ms (next.js: 8ms, proxy.ts: 4ms, application-code: 20ms)
 GET /reports 200 in 156ms (next.js: 5ms, proxy.ts: 12ms, application-code: 140ms)
  ✓  51 [chromium] › e2e/prod-ready-local.spec.ts:227:9 › local production readiness regression journeys › grace permits stored views while hiding mutations (4.4s)
 GET /dashboard 307 in 162ms (next.js: 5ms, proxy.ts: 3ms, application-code: 154ms)
 GET /billing?notice=Your%20current%20access%20is%20limited%20to%20billing%20and%20stored%20data. 200 in 166ms (next.js: 6ms, proxy.ts: 3ms, application-code: 157ms)
 GET /dashboard 307 in 79ms (next.js: 2ms, proxy.ts: 3ms, application-code: 73ms)
 GET /support?notice=Your%20current%20access%20is%20limited%20to%20billing%20and%20stored%20data. 200 in 100ms (next.js: 4ms, proxy.ts: 1.9ms, application-code: 94ms)
 GET /dashboard 307 in 532ms (next.js: 8ms, proxy.ts: 5ms, application-code: 520ms)
 GET /support?notice=Your%20current%20access%20is%20limited%20to%20billing%20and%20stored%20data. 200 in 364ms (next.js: 16ms, proxy.ts: 8ms, application-code: 340ms)
  ✓  52 [chromium] › e2e/prod-ready-local.spec.ts:242:9 › local production readiness regression journeys › suspended members have an accessible recovery destination without redirect loops (5.7s)
 GET /dashboard 200 in 969ms (next.js: 55ms, proxy.ts: 18ms, application-code: 896ms)
 GET /api/auth/get-session 200 in 232ms (next.js: 51ms, proxy.ts: 19ms, application-code: 162ms)
 GET /api/auth/organization/list 200 in 370ms (next.js: 124ms, proxy.ts: 18ms, application-code: 228ms)
 POST /dashboard 200 in 806ms (next.js: 48ms, proxy.ts: 25ms, application-code: 732ms)
  └─ ƒ setCookieConsent({}) in 16ms src/app/preferences-actions.ts
 GET /settings 200 in 712ms (next.js: 44ms, proxy.ts: 72ms, application-code: 596ms)
  ✓  53 [chromium] › e2e/prod-ready-local.spec.ts:254:11 › local production readiness regression journeys › full navigation and workspace selection work at 390px in fr (4.3s)
 GET /dashboard 200 in 799ms (next.js: 15ms, proxy.ts: 14ms, application-code: 771ms)
 GET /api/auth/get-session 200 in 219ms (next.js: 65ms, proxy.ts: 56ms, application-code: 98ms)
 GET /api/auth/organization/list 200 in 319ms (next.js: 96ms, proxy.ts: 41ms, application-code: 183ms)
 POST /dashboard 200 in 372ms (next.js: 21ms, proxy.ts: 36ms, application-code: 316ms)
  └─ ƒ setCookieConsent({}) in 2ms src/app/preferences-actions.ts
 GET /settings 200 in 1061ms (next.js: 28ms, proxy.ts: 32ms, application-code: 1002ms)
  ✓  54 [chromium] › e2e/prod-ready-local.spec.ts:254:11 › local production readiness regression journeys › full navigation and workspace selection work at 768px in fr (4.1s)
 GET /dashboard 200 in 759ms (next.js: 24ms, proxy.ts: 31ms, application-code: 704ms)
 GET /api/auth/get-session 200 in 484ms (next.js: 77ms, proxy.ts: 50ms, application-code: 357ms)
 GET /api/auth/organization/list 200 in 825ms (next.js: 135ms, proxy.ts: 55ms, application-code: 634ms)
 POST /dashboard 200 in 1029ms (next.js: 148ms, proxy.ts: 21ms, application-code: 860ms)
  └─ ƒ setCookieConsent({}) in 45ms src/app/preferences-actions.ts
 GET /settings 200 in 596ms (next.js: 20ms, proxy.ts: 32ms, application-code: 544ms)
  ✓  55 [chromium] › e2e/prod-ready-local.spec.ts:254:11 › local production readiness regression journeys › full navigation and workspace selection work at 390px in en (4.2s)
 GET /dashboard 200 in 676ms (next.js: 24ms, proxy.ts: 17ms, application-code: 635ms)
 GET /api/auth/get-session 200 in 119ms (next.js: 28ms, proxy.ts: 15ms, application-code: 76ms)
 GET /api/auth/organization/list 200 in 163ms (next.js: 64ms, proxy.ts: 16ms, application-code: 83ms)
 POST /dashboard 200 in 240ms (next.js: 13ms, proxy.ts: 32ms, application-code: 196ms)
  └─ ƒ setCookieConsent({}) in 5ms src/app/preferences-actions.ts
 GET /settings 200 in 484ms (next.js: 14ms, proxy.ts: 13ms, application-code: 458ms)
  ✓  56 [chromium] › e2e/prod-ready-local.spec.ts:254:11 › local production readiness regression journeys › full navigation and workspace selection work at 768px in en (2.6s)
 GET /dashboard 200 in 370ms (next.js: 18ms, proxy.ts: 15ms, application-code: 338ms)
 GET /api/auth/get-session 200 in 62ms (next.js: 14ms, proxy.ts: 4ms, application-code: 43ms)
 GET /api/auth/organization/list 200 in 67ms (next.js: 29ms, proxy.ts: 4ms, application-code: 34ms)
 POST /dashboard 200 in 200ms (next.js: 16ms, proxy.ts: 13ms, application-code: 171ms)
  └─ ƒ setCookieConsent({}) in 2ms src/app/preferences-actions.ts
 POST /api/auth/organization/set-active 200 in 47ms (next.js: 9ms, proxy.ts: 8ms, application-code: 30ms)
✓ Finished writing to filesystem cache in 19.3s
 GET /api/auth/get-session 200 in 296ms (next.js: 160ms, proxy.ts: 79ms, application-code: 56ms)
 GET /dashboard 307 in 350ms (next.js: 7ms, proxy.ts: 5ms, application-code: 338ms)
 GET /support?error=Vous%20n%E2%80%99avez%20plus%20acc%C3%A8s%20%C3%A0%20cette%20page.%20Choisissez%20une%20rubrique%20disponible%20ou%20contactez%20un%20administrateur. 200 in 647ms (next.js: 18ms, proxy.ts: 20ms, application-code: 608ms)
 GET /api/auth/get-session 200 in 757ms (next.js: 305ms, proxy.ts: 8ms, application-code: 443ms)
 GET /api/auth/organization/list 200 in 775ms (next.js: 484ms, proxy.ts: 8ms, application-code: 284ms)
 POST /api/auth/organization/set-active 200 in 142ms (next.js: 26ms, proxy.ts: 24ms, application-code: 92ms)
 GET /api/auth/get-session 200 in 241ms (next.js: 166ms, proxy.ts: 20ms, application-code: 56ms)
 GET /dashboard 200 in 793ms (next.js: 22ms, proxy.ts: 17ms, application-code: 755ms)
 GET /api/auth/get-session 200 in 1091ms (next.js: 955ms, proxy.ts: 23ms, application-code: 113ms)
 GET /api/auth/organization/list 200 in 1104ms (next.js: 1000ms, proxy.ts: 20ms, application-code: 85ms)
  ✓  57 [chromium] › e2e/prod-ready-local.spec.ts:279:9 › local production readiness regression journeys › workspace selection switches context and permissions on mobile (5.7s)
 GET /agents 200 in 555ms (next.js: 15ms, proxy.ts: 12ms, application-code: 528ms)
  ✓  58 [chromium] › e2e/prod-ready-local.spec.ts:301:9 › local production readiness regression journeys › analysts do not see monitoring controls denied by their role (1.3s)
 GET /status 200 in 1981ms (next.js: 1583ms, proxy.ts: 9ms, application-code: 389ms)
 GET /status 200 in 2.6s (next.js: 1048ms, proxy.ts: 36ms, application-code: 1527ms)
 GET /status?status=active 200 in 965ms (next.js: 155ms, proxy.ts: 8ms, application-code: 803ms)
○ Compiling /status/[id] ...
 GET /status/af119448-6d3a-47c0-ad0b-1171fa5ff36e 200 in 14.3s (next.js: 14.2s, proxy.ts: 23ms, application-code: 71ms)
 GET /status/af119448-6d3a-47c0-ad0b-1171fa5ff36e?cursor=eyJ2IjoxLCJpdiI6Imd6azY4RXF0NjZ5d1RJUC0iLCJ0YWciOiJ5VzZRXzE0eFdZNVJiTlJSVmlveTRRIiwiZGF0YSI6IlE3a2dYcWR5blp0X05RZmszUW04N1RBM1J5X0VTZm9sa1hZS1FBa1lHVV9RUHY4NjMyczM1R1BPQk81Z2t2ZXVtQXZScjctQzZ4TVRRUjFrbmpJREp3ZXFXLVpDRUtFWnQ0Q2xGeFhOM0N2TWZSZ05BZTByM0JrUmx3Y0xlelJKS2JmM0dzUUs1YU9zY3RXWjg3TXFtczZJZDN5UEhVQ0tYY2NCUlZTZDRaWTJyeW0zVHJ3UlZiRXRUT1lfMm96MkVfM2J3Mzhva1Z2SHlQVlRoV1VfYnpQNEUxMWtmaGVBZlhBZU81YzVRVm5qVmU5TmdxX2hoVlpGYm9QR3Z3MHVVSDFzOXhrWlhVVHFLUmhicXAzQVh1TzBvXzBncTFWT1ZhSXhjM2JPYkV2dnd4Q2xYdC1yN2cifQ 200 in 56ms (next.js: 9ms, proxy.ts: 4ms, application-code: 43ms)
 GET /status?cursor=forged 200 in 85ms (next.js: 3ms, proxy.ts: 3ms, application-code: 79ms)
  ✘  59 [chromium] › e2e/public-status-local.spec.ts:13:53 › truthful public status › shows unknown health and complete incident history in fr (22.7s)
  -  60 [chromium] › e2e/public-status-local.spec.ts:13:53 › truthful public status › shows unknown health and complete incident history in en
(node:55455) Warning: The 'NO_COLOR' env is ignored due to the 'FORCE_COLOR' env being set.
(Use `node --trace-warnings ...` to show where the warning was created)
 GET / 200 in 132ms (next.js: 18ms, proxy.ts: 3ms, application-code: 111ms)
  ✓  61 [chromium] › e2e/public.spec.ts:3:5 › public landing exposes the product proposition and account creation (1.0s)
 GET /dashboard 307 in 77ms (next.js: 5ms, proxy.ts: 2ms, application-code: 69ms)
 GET /sign-in 200 in 46ms (next.js: 6ms, proxy.ts: 3ms, application-code: 37ms)
  ✓  62 [chromium] › e2e/public.spec.ts:24:5 › authenticated areas redirect anonymous visitors to sign-in (236ms)
 GET /privacy 200 in 68ms (next.js: 7ms, proxy.ts: 3ms, application-code: 58ms)
 GET /terms 200 in 58ms (next.js: 6ms, proxy.ts: 4ms, application-code: 48ms)
  ✓  63 [chromium] › e2e/public.spec.ts:30:5 › privacy and terms pages are public (590ms)
 GET /subprocessors 200 in 65ms (next.js: 7ms, proxy.ts: 2.0ms, application-code: 56ms)
  ✓  64 [chromium] › e2e/public.spec.ts:37:5 › the subprocessor register and change-notice policy are public (327ms)
 GET / 200 in 88ms (next.js: 1.9ms, proxy.ts: 2ms, application-code: 84ms)
 GET /privacy 200 in 55ms (next.js: 2ms, proxy.ts: 3ms, application-code: 50ms)
  ✓  65 [chromium] › e2e/public.spec.ts:44:5 › the public product and legal surface honor the English locale (927ms)
 GET /status 200 in 73ms (next.js: 1.9ms, proxy.ts: 3ms, application-code: 69ms)
  ✓  66 [chromium] › e2e/public.spec.ts:60:5 › public status page never claims operational health when status storage is unavailable (367ms)
 GET /reports 200 in 217ms (next.js: 12ms, proxy.ts: 3ms, application-code: 203ms)
 GET /api/auth/get-session 200 in 48ms (next.js: 13ms, proxy.ts: 12ms, application-code: 23ms)
 GET /api/auth/organization/list 200 in 53ms (next.js: 18ms, proxy.ts: 12ms, application-code: 22ms)
[browser] Uncaught Error: Hydration failed because the server rendered HTML didn't match the client. As a result this tree will be regenerated on the client. This can happen if a SSR-ed Client Component used:

- A server/client branch `if (typeof window !== 'undefined')`.
- Variable input such as `Date.now()` or `Math.random()` which changes each time it's called.
- Date formatting in a user's locale which doesn't match the server.
- External changing data without sending a snapshot of it along with the HTML.
- Invalid HTML tag nesting.

It can also happen if the client has a browser extension installed which messes with the HTML before React loaded.

https://react.dev/link/hydration-mismatch

  ...
    <HTTPAccessFallbackBoundary notFound={<SegmentViewNode>} forbidden={undefined} unauthorized={undefined}>
      <HTTPAccessFallbackErrorBoundary pathname="/reports" notFound={<SegmentViewNode>} forbidden={undefined} ...>
        <RedirectBoundary>
          <RedirectErrorBoundary router={{...}}>
            <InnerLayoutRouter url="/reports" tree={[...]} params={{}} cacheNode={{rsc:{...}, ...}} segmentPath={[...]} ...>
              <SegmentViewNode type="layout" pagePath="(app)/layo...">
                <SegmentTrieNode>
                <script>
                <script>
                <AppLayout>
                  <div className="workspace-...">
                    <SkipToContent>
                    <BrandStyles>
                    <aside>
                    <div className="lg:pl-64">
                      <header className="sticky top...">
                        <LinkComponent>
                        <div>
                        <div className="flex shrin...">
                          <LinkComponent>
                          <AccountMenu locale="fr">
                            <div className="flex items...">
+                             <select
+                               disabled={false}
+                               aria-busy={false}
+                               aria-label="Workspace actif"
+                               value="local-browser-fixture-main"
+                               onChange={function onChange}
+                               className="h-9 max-w-28 sm:max-w-48 rounded-lg border bg-white px-2 text-sm"
+                             >
-                             <a
-                               aria-label="Sécurité du compte"
-                               title=""
-                               className="grid size-9 place-items-center rounded-full bg-[#e6f8ef] text-[#168977]"
-                               href="/account"
-                             >
                              ...
                      ...
            ...

    at <unknown> (https://react.dev/link/hydration-mismatch)
    at select (<anonymous>)
    at AccountMenu (src/components/account-menu.tsx:59:9)
    at AppLayout (src/app/(app)/layout.tsx:129:13)
  57 |     <div className="flex items-center gap-2">
  58 |       {(organizations.data?.length ?? 0) > 1 && (
> 59 |         <select disabled={switching || signingOut} aria-busy={switching} aria-label={english ? 'Active workspace' : 'Workspace actif'} value={session.data?.session.activeOrganizationId ?? ''} onChange={(event) => switchOrganizatio...
     |         ^
  60 |           {organizations.data?.map((organization) => <option key={organization.id} value={organization.id}>{organization.name}</option>)}
  61 |         </select>
  62 |       )}
 POST /reports 200 in 109ms (next.js: 5ms, proxy.ts: 12ms, application-code: 92ms)
  └─ ƒ setCookieConsent({}) in 3ms src/app/preferences-actions.ts
 GET /reports?notice=Rapport+cr%C3%A9%C3%A9.+R%C3%A9v%C3%A9lez+son+URL+dans+les+cinq+prochaines+minutes.&reveal=report-url&revealId=c60f1d47-06ba-418c-ba5b-0416ae96a5cf 200 in 151ms (next.js: 4ms, proxy.ts: 4ms, application-code: 142ms)
 POST /reports 200 in 241ms (next.js: 5ms, proxy.ts: 3ms, application-code: 234ms)
  └─ ƒ createShareLink({}) in 61ms src/app/report-actions.ts
 POST /api/secret-revelation 200 in 689ms (next.js: 621ms, proxy.ts: 4ms, application-code: 63ms)
 GET /r/[REDACTED]?edition=914bac7c-6d53-4ea8-80b4-8a2a389d641d 200 in 3.4s (next.js: 3.2s, proxy.ts: 4ms, application-code: 203ms)
 GET /r/[REDACTED]/csv?edition=914bac7c-6d53-4ea8-80b4-8a2a389d641d 200 in 1445ms (next.js: 1394ms, proxy.ts: 5ms, application-code: 45ms)
 GET /r/[REDACTED]/pdf?edition=914bac7c-6d53-4ea8-80b4-8a2a389d641d 200 in 2.4s (next.js: 1919ms, proxy.ts: 4ms, application-code: 465ms)
 GET /r/[REDACTED]?error=L%E2%80%99envoi+de+codes+email+n%E2%80%99est+pas+configur%C3%A9.&edition=914bac7c-6d53-4ea8-80b4-8a2a389d641d 200 in 121ms (next.js: 6ms, proxy.ts: 3ms, application-code: 112ms)
 POST /r/[REDACTED]?edition=914bac7c-6d53-4ea8-80b4-8a2a389d641d 200 in 222ms (next.js: 23ms, proxy.ts: 6ms, application-code: 194ms)
  └─ ƒ requestReportFeedbackOtp({}) in 52ms src/app/actions.ts
 GET /r/[REDACTED]?edition=914bac7c-6d53-4ea8-80b4-8a2a389d641d&otp=1 200 in 128ms (next.js: 3ms, proxy.ts: 3ms, application-code: 122ms)
 GET /r/[REDACTED]?error=Demandez+un+nouveau+code.&otp=1&edition=914bac7c-6d53-4ea8-80b4-8a2a389d641d 200 in 74ms (next.js: 3ms, proxy.ts: 2ms, application-code: 68ms)
 POST /r/[REDACTED]?edition=914bac7c-6d53-4ea8-80b4-8a2a389d641d&otp=1 200 in 103ms (next.js: 4ms, proxy.ts: 6ms, application-code: 93ms)
  └─ ƒ verifyReportFeedbackOtp({}) in 12ms src/app/actions.ts
 GET /reports?notice=Rapport+cr%C3%A9%C3%A9.+R%C3%A9v%C3%A9lez+son+URL+dans+les+cinq+prochaines+minutes.&reveal=report-url&revealId=deb3de4b-a2f3-46fb-a666-0d3b853fa25a 200 in 147ms (next.js: 5ms, proxy.ts: 2ms, application-code: 140ms)
 POST /reports?notice=Rapport%20cr%C3%A9%C3%A9.%20R%C3%A9v%C3%A9lez%20son%20URL%20dans%20les%20cinq%20prochaines%20minutes.&reveal=report-url&revealId=c60f1d47-06ba-418c-ba5b-0416ae96a5cf 200 in 317ms (next.js: 26ms, proxy.ts: 8ms, application-code: 283ms)
  └─ ƒ createShareLink({}) in 113ms src/app/report-actions.ts
 POST /api/secret-revelation 200 in 63ms (next.js: 10ms, proxy.ts: 6ms, application-code: 46ms)
 GET /r/[REDACTED]?edition=855989c3-031a-427f-9a86-87f419261984 200 in 205ms (next.js: 13ms, proxy.ts: 7ms, application-code: 186ms)
 GET /r/[REDACTED]/csv?edition=855989c3-031a-427f-9a86-87f419261984 200 in 22ms (next.js: 5ms, proxy.ts: 3ms, application-code: 15ms)
 GET /r/[REDACTED]/pdf?edition=855989c3-031a-427f-9a86-87f419261984 200 in 125ms (next.js: 6ms, proxy.ts: 2ms, application-code: 117ms)
 GET /reports?notice=Rapport+cr%C3%A9%C3%A9.+R%C3%A9v%C3%A9lez+son+URL+dans+les+cinq+prochaines+minutes.&reveal=report-url&revealId=b051cd0d-77c2-4f17-8730-c626989bebde 200 in 99ms (next.js: 4ms, proxy.ts: 2ms, application-code: 93ms)
 POST /reports?notice=Rapport%20cr%C3%A9%C3%A9.%20R%C3%A9v%C3%A9lez%20son%20URL%20dans%20les%20cinq%20prochaines%20minutes.&reveal=report-url&revealId=deb3de4b-a2f3-46fb-a666-0d3b853fa25a 200 in 137ms (next.js: 3ms, proxy.ts: 5ms, application-code: 129ms)
  └─ ƒ createShareLink({}) in 21ms src/app/report-actions.ts
 POST /api/secret-revelation 200 in 62ms (next.js: 5ms, proxy.ts: 6ms, application-code: 51ms)
 GET /r/[REDACTED]?edition=abac79c0-fcb4-47a2-92fd-8dfb7754a206 200 in 123ms (next.js: 6ms, proxy.ts: 3ms, application-code: 114ms)
 GET /r/[REDACTED]/csv?edition=abac79c0-fcb4-47a2-92fd-8dfb7754a206 200 in 24ms (next.js: 10ms, proxy.ts: 2ms, application-code: 11ms)
 GET /r/[REDACTED]/pdf?edition=abac79c0-fcb4-47a2-92fd-8dfb7754a206 200 in 101ms (next.js: 5ms, proxy.ts: 2ms, application-code: 94ms)
 GET /reports?notice=Rapport+cr%C3%A9%C3%A9.+R%C3%A9v%C3%A9lez+son+URL+dans+les+cinq+prochaines+minutes.&reveal=report-url&revealId=2717f670-7126-4c84-ae5d-2eda11254971 200 in 92ms (next.js: 2ms, proxy.ts: 1.8ms, application-code: 88ms)
 POST /reports?notice=Rapport%20cr%C3%A9%C3%A9.%20R%C3%A9v%C3%A9lez%20son%20URL%20dans%20les%20cinq%20prochaines%20minutes.&reveal=report-url&revealId=b051cd0d-77c2-4f17-8730-c626989bebde 200 in 144ms (next.js: 4ms, proxy.ts: 4ms, application-code: 137ms)
  └─ ƒ createShareLink({}) in 35ms src/app/report-actions.ts
 POST /api/secret-revelation 200 in 93ms (next.js: 6ms, proxy.ts: 7ms, application-code: 79ms)
 GET /r/[REDACTED]?edition=377c1642-89df-4e43-a90c-4a82b6a4efac 200 in 114ms (next.js: 9ms, proxy.ts: 4ms, application-code: 102ms)
 GET /r/[REDACTED]/csv?edition=377c1642-89df-4e43-a90c-4a82b6a4efac 200 in 33ms (next.js: 5ms, proxy.ts: 2ms, application-code: 26ms)
 GET /r/[REDACTED]/pdf?edition=377c1642-89df-4e43-a90c-4a82b6a4efac 200 in 98ms (next.js: 3ms, proxy.ts: 4ms, application-code: 91ms)
 GET /reports?notice=Rapport+cr%C3%A9%C3%A9.+R%C3%A9v%C3%A9lez+son+URL+dans+les+cinq+prochaines+minutes.&reveal=report-url&revealId=9abaa196-5633-494e-a150-81d3b635f028 200 in 82ms (next.js: 3ms, proxy.ts: 1.8ms, application-code: 78ms)
 POST /reports?notice=Rapport%20cr%C3%A9%C3%A9.%20R%C3%A9v%C3%A9lez%20son%20URL%20dans%20les%20cinq%20prochaines%20minutes.&reveal=report-url&revealId=2717f670-7126-4c84-ae5d-2eda11254971 200 in 115ms (next.js: 3ms, proxy.ts: 3ms, application-code: 110ms)
  └─ ƒ createShareLink({}) in 20ms src/app/report-actions.ts
 POST /api/secret-revelation 200 in 45ms (next.js: 7ms, proxy.ts: 5ms, application-code: 33ms)
 GET /r/[REDACTED]?edition=a9bb60b3-40a2-450c-95c7-68f9bbd37783 200 in 95ms (next.js: 6ms, proxy.ts: 4ms, application-code: 85ms)
 GET /r/[REDACTED]/csv?edition=a9bb60b3-40a2-450c-95c7-68f9bbd37783 200 in 16ms (next.js: 4ms, proxy.ts: 2.0ms, application-code: 11ms)
 GET /r/[REDACTED]/pdf?edition=a9bb60b3-40a2-450c-95c7-68f9bbd37783 200 in 88ms (next.js: 4ms, proxy.ts: 1.8ms, application-code: 82ms)
 GET /r/[REDACTED]?edition=914bac7c-6d53-4ea8-80b4-8a2a389d641d 200 in 94ms (next.js: 4ms, proxy.ts: 3ms, application-code: 88ms)
 GET /r/[REDACTED]/csv?edition=914bac7c-6d53-4ea8-80b4-8a2a389d641d 200 in 18ms (next.js: 3ms, proxy.ts: 4ms, application-code: 11ms)
 GET /r/[REDACTED]/pdf?edition=914bac7c-6d53-4ea8-80b4-8a2a389d641d 200 in 248ms (next.js: 3ms, proxy.ts: 2ms, application-code: 243ms)
 GET /reports?notice=R%C3%A9vision+publi%C3%A9e.+Les+%C3%A9ditions+pr%C3%A9c%C3%A9dentes+restent+inchang%C3%A9es.&reveal=report-url&revealId=ccc5bf55-9a34-48ba-b42c-2e8ff6d6e469 200 in 103ms (next.js: 3ms, proxy.ts: 1.7ms, application-code: 98ms)
 POST /reports?notice=Rapport%20cr%C3%A9%C3%A9.%20R%C3%A9v%C3%A9lez%20son%20URL%20dans%20les%20cinq%20prochaines%20minutes.&reveal=report-url&revealId=9abaa196-5633-494e-a150-81d3b635f028 200 in 139ms (next.js: 4ms, proxy.ts: 4ms, application-code: 131ms)
  └─ ƒ reviseReportEdition({}) in 19ms src/app/report-actions.ts
 POST /api/secret-revelation 200 in 17ms (next.js: 1.9ms, proxy.ts: 3ms, application-code: 13ms)
 GET /r/[REDACTED]?edition=c657587f-0aa0-4982-85cd-9a36b928af5d 200 in 93ms (next.js: 5ms, proxy.ts: 2.0ms, application-code: 86ms)
 GET /r/[REDACTED]/csv?edition=c657587f-0aa0-4982-85cd-9a36b928af5d 200 in 16ms (next.js: 5ms, proxy.ts: 2ms, application-code: 10ms)
 GET /reports?error=Les+donn%C3%A9es+compl%C3%A8tes+de+cette+p%C3%A9riode+ne+sont+pas+disponibles.+Actualisez+l%E2%80%99historique+du+compte+avant+de+publier+ce+bilan. 200 in 109ms (next.js: 3ms, proxy.ts: 3ms, application-code: 103ms)
 POST /reports?notice=R%C3%A9vision%20publi%C3%A9e.%20Les%20%C3%A9ditions%20pr%C3%A9c%C3%A9dentes%20restent%20inchang%C3%A9es.&reveal=report-url&revealId=ccc5bf55-9a34-48ba-b42c-2e8ff6d6e469 200 in 139ms (next.js: 3ms, proxy.ts: 3ms, application-code: 133ms)
  └─ ƒ createShareLink({}) in 14ms src/app/report-actions.ts
 GET /r/[REDACTED]?edition=914bac7c-6d53-4ea8-80b4-8a2a389d641d 200 in 117ms (next.js: 6ms, proxy.ts: 3ms, application-code: 108ms)
 GET /r/[REDACTED]/pdf?edition=914bac7c-6d53-4ea8-80b4-8a2a389d641d 429 in 14ms (next.js: 4ms, proxy.ts: 3ms, application-code: 7ms)
 GET /r/[REDACTED]/csv?edition=914bac7c-6d53-4ea8-80b4-8a2a389d641d 404 in 14ms (next.js: 7ms, proxy.ts: 2ms, application-code: 5ms)
 GET /reports 200 in 223ms (next.js: 3ms, proxy.ts: 5ms, application-code: 216ms)
  ✘  67 [chromium] › e2e/report-editions-local.spec.ts:16:53 › published report editions › creates every period and preserves HTML PDF CSV through revision in fr (18.5s)
  -  68 [chromium] › e2e/report-editions-local.spec.ts:16:53 › published report editions › creates every period and preserves HTML PDF CSV through revision in en
(node:55622) Warning: The 'NO_COLOR' env is ignored due to the 'FORCE_COLOR' env being set.
(Use `node --trace-warnings ...` to show where the warning was created)
 GET /reports 200 in 139ms (next.js: 3ms, proxy.ts: 2ms, application-code: 134ms)
 GET /api/auth/get-session 200 in 46ms (next.js: 18ms, proxy.ts: 14ms, application-code: 15ms)
 GET /api/auth/organization/list 200 in 38ms (next.js: 9ms, proxy.ts: 4ms, application-code: 24ms)
 GET /reports?notice=Mod%C3%A8le+de+rapport+cr%C3%A9%C3%A9. 200 in 106ms (next.js: 4ms, proxy.ts: 4ms, application-code: 98ms)
 POST /reports 200 in 171ms (next.js: 3ms, proxy.ts: 5ms, application-code: 162ms)
  └─ ƒ createReportTemplate({}) in 44ms src/app/report-actions.ts
 GET /reports?notice=Nouvelle+version+du+mod%C3%A8le+enregistr%C3%A9e. 200 in 101ms (next.js: 4ms, proxy.ts: 1.9ms, application-code: 95ms)
 POST /reports?notice=Mod%C3%A8le%20de%20rapport%20cr%C3%A9%C3%A9. 200 in 127ms (next.js: 3ms, proxy.ts: 3ms, application-code: 120ms)
  └─ ƒ updateReportTemplate({}) in 9ms src/app/report-actions.ts
 GET /reports?notice=Envoi+planifi%C3%A9+cr%C3%A9%C3%A9. 200 in 84ms (next.js: 3ms, proxy.ts: 3ms, application-code: 79ms)
 POST /reports?notice=Nouvelle%20version%20du%20mod%C3%A8le%20enregistr%C3%A9e. 200 in 113ms (next.js: 3ms, proxy.ts: 3ms, application-code: 108ms)
  └─ ƒ createReportSchedule({}) in 14ms src/app/report-actions.ts
 GET /reports?error=Un+envoi+est+en+cours.+R%C3%A9essayez+dans+quelques+minutes. 200 in 130ms (next.js: 3ms, proxy.ts: 4ms, application-code: 123ms)
 POST /reports?notice=Envoi%20planifi%C3%A9%20cr%C3%A9%C3%A9. 200 in 154ms (next.js: 3ms, proxy.ts: 2ms, application-code: 149ms)
  └─ ƒ rotateScheduledReportToken({}) in 8ms src/app/report-actions.ts
 GET /reports?error=Un+envoi+est+en+cours.+R%C3%A9essayez+dans+quelques+minutes. 200 in 109ms (next.js: 3ms, proxy.ts: 2ms, application-code: 104ms)
 POST /reports?error=Un%20envoi%20est%20en%20cours.%20R%C3%A9essayez%20dans%20quelques%20minutes. 200 in 189ms (next.js: 19ms, proxy.ts: 7ms, application-code: 163ms)
  └─ ƒ toggleReportSchedule({}) in 21ms src/app/report-actions.ts
 GET /reports?notice=Token+du+rapport+planifi%C3%A9+renouvel%C3%A9.+L%E2%80%99ancien+lien+est+imm%C3%A9diatement+invalide. 200 in 129ms (next.js: 3ms, proxy.ts: 1.9ms, application-code: 125ms)
 POST /reports?error=Un%20envoi%20est%20en%20cours.%20R%C3%A9essayez%20dans%20quelques%20minutes. 200 in 163ms (next.js: 4ms, proxy.ts: 5ms, application-code: 154ms)
  └─ ƒ rotateScheduledReportToken({}) in 15ms src/app/report-actions.ts
 GET /reports?notice=Envoi+planifi%C3%A9+suspendu+et+lien+r%C3%A9voqu%C3%A9. 200 in 75ms (next.js: 3ms, proxy.ts: 2ms, application-code: 70ms)
 POST /reports?notice=Token%20du%20rapport%20planifi%C3%A9%20renouvel%C3%A9.%20L%E2%80%99ancien%20lien%20est%20imm%C3%A9diatement%20invalide. 200 in 110ms (next.js: 5ms, proxy.ts: 6ms, application-code: 99ms)
  └─ ƒ toggleReportSchedule({}) in 15ms src/app/report-actions.ts
 GET /reports?notice=Envoi+planifi%C3%A9+activ%C3%A9. 200 in 93ms (next.js: 2ms, proxy.ts: 2ms, application-code: 88ms)
 POST /reports?notice=Envoi%20planifi%C3%A9%20suspendu%20et%20lien%20r%C3%A9voqu%C3%A9. 200 in 123ms (next.js: 4ms, proxy.ts: 3ms, application-code: 116ms)
  └─ ƒ toggleReportSchedule({}) in 12ms src/app/report-actions.ts
 GET /reports?notice=Mod%C3%A8le+d%C3%A9sactiv%C3%A9.+Les+rapports+existants+conservent+leur+snapshot. 200 in 108ms (next.js: 3ms, proxy.ts: 4ms, application-code: 101ms)
 POST /reports?notice=Envoi%20planifi%C3%A9%20activ%C3%A9. 200 in 133ms (next.js: 3ms, proxy.ts: 3ms, application-code: 127ms)
  └─ ƒ deactivateReportTemplate({}) in 11ms src/app/report-actions.ts
 GET /reports?error=Permission+required%3A+reports%3Amanage 200 in 71ms (next.js: 1.8ms, proxy.ts: 1.8ms, application-code: 68ms)
 POST /reports?notice=Mod%C3%A8le%20d%C3%A9sactiv%C3%A9.%20Les%20rapports%20existants%20conservent%20leur%20snapshot. 200 in 88ms (next.js: 2ms, proxy.ts: 3ms, application-code: 83ms)
  └─ ƒ createReportTemplate({}) in 6ms src/app/report-actions.ts
 GET /support?error=Vous+n%E2%80%99avez+plus+acc%C3%A8s+%C3%A0+cette+page.+Choisissez+une+rubrique+disponible+ou+contactez+un+administrateur. 200 in 78ms (next.js: 7ms, proxy.ts: 2ms, application-code: 69ms)
 GET /support?error=Vous+n%E2%80%99avez+plus+acc%C3%A8s+%C3%A0+cette+page.+Choisissez+une+rubrique+disponible+ou+contactez+un+administrateur. 200 in 59ms (next.js: 6ms, proxy.ts: 5ms, application-code: 48ms)
  ✓  69 [chromium] › e2e/report-management-actors-local.spec.ts:6:7 › analyst manages templates and schedules and loses write access in fr (3.0s)
 GET /reports 200 in 153ms (next.js: 2ms, proxy.ts: 2ms, application-code: 149ms)
 GET /api/auth/get-session 200 in 26ms (next.js: 7ms, proxy.ts: 4ms, application-code: 14ms)
 GET /api/auth/organization/list 200 in 27ms (next.js: 11ms, proxy.ts: 5ms, application-code: 11ms)
 GET /reports?notice=Mod%C3%A8le+de+rapport+cr%C3%A9%C3%A9. 200 in 115ms (next.js: 4ms, proxy.ts: 4ms, application-code: 106ms)
 POST /reports 200 in 166ms (next.js: 7ms, proxy.ts: 3ms, application-code: 156ms)
  └─ ƒ createReportTemplate({}) in 28ms src/app/report-actions.ts
 GET /reports?notice=Nouvelle+version+du+mod%C3%A8le+enregistr%C3%A9e. 200 in 67ms (next.js: 2ms, proxy.ts: 1.9ms, application-code: 63ms)
 POST /reports?notice=Mod%C3%A8le%20de%20rapport%20cr%C3%A9%C3%A9. 200 in 86ms (next.js: 2ms, proxy.ts: 3ms, application-code: 81ms)
  └─ ƒ updateReportTemplate({}) in 9ms src/app/report-actions.ts
 GET /reports?notice=Envoi+planifi%C3%A9+cr%C3%A9%C3%A9. 200 in 106ms (next.js: 2ms, proxy.ts: 3ms, application-code: 101ms)
 POST /reports?notice=Nouvelle%20version%20du%20mod%C3%A8le%20enregistr%C3%A9e. 200 in 146ms (next.js: 4ms, proxy.ts: 3ms, application-code: 139ms)
  └─ ƒ createReportSchedule({}) in 12ms src/app/report-actions.ts
 GET /reports?error=Un+envoi+est+en+cours.+R%C3%A9essayez+dans+quelques+minutes. 200 in 74ms (next.js: 2ms, proxy.ts: 1.9ms, application-code: 70ms)
 POST /reports?notice=Envoi%20planifi%C3%A9%20cr%C3%A9%C3%A9. 200 in 92ms (next.js: 1.9ms, proxy.ts: 2ms, application-code: 88ms)
  └─ ƒ rotateScheduledReportToken({}) in 9ms src/app/report-actions.ts
 GET /reports?error=Un+envoi+est+en+cours.+R%C3%A9essayez+dans+quelques+minutes. 200 in 92ms (next.js: 2ms, proxy.ts: 1.8ms, application-code: 88ms)
 POST /reports?error=Un%20envoi%20est%20en%20cours.%20R%C3%A9essayez%20dans%20quelques%20minutes. 200 in 114ms (next.js: 2ms, proxy.ts: 2.0ms, application-code: 110ms)
  └─ ƒ toggleReportSchedule({}) in 8ms src/app/report-actions.ts
 GET /reports?notice=Token+du+rapport+planifi%C3%A9+renouvel%C3%A9.+L%E2%80%99ancien+lien+est+imm%C3%A9diatement+invalide. 200 in 69ms (next.js: 2ms, proxy.ts: 3ms, application-code: 64ms)
 POST /reports?error=Un%20envoi%20est%20en%20cours.%20R%C3%A9essayez%20dans%20quelques%20minutes. 200 in 90ms (next.js: 3ms, proxy.ts: 2ms, application-code: 84ms)
  └─ ƒ rotateScheduledReportToken({}) in 10ms src/app/report-actions.ts
 GET /reports?notice=Envoi+planifi%C3%A9+suspendu+et+lien+r%C3%A9voqu%C3%A9. 200 in 78ms (next.js: 2ms, proxy.ts: 1.6ms, application-code: 75ms)
 POST /reports?notice=Token%20du%20rapport%20planifi%C3%A9%20renouvel%C3%A9.%20L%E2%80%99ancien%20lien%20est%20imm%C3%A9diatement%20invalide. 200 in 101ms (next.js: 3ms, proxy.ts: 4ms, application-code: 94ms)
  └─ ƒ toggleReportSchedule({}) in 10ms src/app/report-actions.ts
 GET /reports?notice=Envoi+planifi%C3%A9+activ%C3%A9. 200 in 75ms (next.js: 2.0ms, proxy.ts: 2ms, application-code: 70ms)
 POST /reports?notice=Envoi%20planifi%C3%A9%20suspendu%20et%20lien%20r%C3%A9voqu%C3%A9. 200 in 97ms (next.js: 3ms, proxy.ts: 3ms, application-code: 90ms)
  └─ ƒ toggleReportSchedule({}) in 10ms src/app/report-actions.ts
 GET /reports?notice=Mod%C3%A8le+d%C3%A9sactiv%C3%A9.+Les+rapports+existants+conservent+leur+snapshot. 200 in 84ms (next.js: 2ms, proxy.ts: 2ms, application-code: 80ms)
 POST /reports?notice=Envoi%20planifi%C3%A9%20activ%C3%A9. 200 in 104ms (next.js: 2ms, proxy.ts: 3ms, application-code: 99ms)
  └─ ƒ deactivateReportTemplate({}) in 9ms src/app/report-actions.ts
 GET /reports?error=Permission+required%3A+reports%3Amanage 200 in 46ms (next.js: 2ms, proxy.ts: 2ms, application-code: 42ms)
 POST /reports?notice=Mod%C3%A8le%20d%C3%A9sactiv%C3%A9.%20Les%20rapports%20existants%20conservent%20leur%20snapshot. 200 in 65ms (next.js: 3ms, proxy.ts: 3ms, application-code: 59ms)
  └─ ƒ createReportTemplate({}) in 7ms src/app/report-actions.ts
 GET /support?error=You+no+longer+have+access+to+this+page.+Choose+an+available+section+or+contact+an+administrator. 200 in 72ms (next.js: 3ms, proxy.ts: 2ms, application-code: 67ms)
 GET /support?error=You+no+longer+have+access+to+this+page.+Choose+an+available+section+or+contact+an+administrator. 200 in 53ms (next.js: 4ms, proxy.ts: 4ms, application-code: 44ms)
  ✓  70 [chromium] › e2e/report-management-actors-local.spec.ts:6:7 › analyst manages templates and schedules and loses write access in en (2.7s)
 POST /api/auth/organization/set-active 200 in 31ms (next.js: 10ms, proxy.ts: 6ms, application-code: 15ms)
 GET /reports 200 in 153ms (next.js: 2ms, proxy.ts: 3ms, application-code: 148ms)
 GET /api/auth/get-session 200 in 24ms (next.js: 5ms, proxy.ts: 3ms, application-code: 17ms)
 GET /api/auth/organization/list 200 in 27ms (next.js: 12ms, proxy.ts: 3ms, application-code: 11ms)
 POST /api/auth/organization/set-active 200 in 16ms (next.js: 4ms, proxy.ts: 3ms, application-code: 9ms)
 GET /reports?error=L%E2%80%99espace+actif+a+chang%C3%A9.+Rechargez+la+page+avant+d%E2%80%99enregistrer. 200 in 95ms (next.js: 3ms, proxy.ts: 2ms, application-code: 90ms)
 POST /reports 200 in 127ms (next.js: 3ms, proxy.ts: 5ms, application-code: 118ms)
  └─ ƒ createReportTemplate({}) in 18ms src/app/report-actions.ts
 GET /reports?notice=Mod%C3%A8le+de+rapport+cr%C3%A9%C3%A9. 200 in 68ms (next.js: 2ms, proxy.ts: 1.8ms, application-code: 64ms)
 POST /reports?error=L%E2%80%99espace%20actif%20a%20chang%C3%A9.%20Rechargez%20la%20page%20avant%20d%E2%80%99enregistrer. 200 in 97ms (next.js: 3ms, proxy.ts: 3ms, application-code: 91ms)
  └─ ƒ createReportTemplate({}) in 17ms src/app/report-actions.ts
 POST /api/auth/organization/set-active 200 in 24ms (next.js: 4ms, proxy.ts: 2ms, application-code: 18ms)
  ✓  71 [chromium] › e2e/report-workspace-forms-local.spec.ts:6:7 › report draft fr cannot cross workspaces after another tab switches the session (1.4s)
 POST /api/auth/organization/set-active 200 in 13ms (next.js: 3ms, proxy.ts: 2ms, application-code: 8ms)
 GET /reports 200 in 141ms (next.js: 2ms, proxy.ts: 3ms, application-code: 136ms)
 GET /api/auth/get-session 200 in 53ms (next.js: 8ms, proxy.ts: 11ms, application-code: 34ms)
 GET /api/auth/organization/list 200 in 57ms (next.js: 18ms, proxy.ts: 8ms, application-code: 31ms)
 POST /api/auth/organization/set-active 200 in 28ms (next.js: 5ms, proxy.ts: 8ms, application-code: 14ms)
 GET /reports?error=L%E2%80%99espace+actif+a+chang%C3%A9.+Rechargez+la+page+avant+d%E2%80%99enregistrer. 200 in 92ms (next.js: 2ms, proxy.ts: 1.8ms, application-code: 88ms)
 POST /reports 200 in 118ms (next.js: 3ms, proxy.ts: 9ms, application-code: 106ms)
  └─ ƒ createReportTemplate({}) in 7ms src/app/report-actions.ts
 GET /reports?notice=Mod%C3%A8le+de+rapport+cr%C3%A9%C3%A9. 200 in 94ms (next.js: 2ms, proxy.ts: 1.8ms, application-code: 90ms)
 POST /reports?error=L%E2%80%99espace%20actif%20a%20chang%C3%A9.%20Rechargez%20la%20page%20avant%20d%E2%80%99enregistrer. 200 in 114ms (next.js: 3ms, proxy.ts: 3ms, application-code: 108ms)
  └─ ƒ createReportTemplate({}) in 9ms src/app/report-actions.ts
 POST /api/auth/organization/set-active 200 in 16ms (next.js: 4ms, proxy.ts: 2ms, application-code: 10ms)
  ✓  72 [chromium] › e2e/report-workspace-forms-local.spec.ts:6:7 › report draft en cannot cross workspaces after another tab switches the session (1.1s)
 GET /settings 200 in 256ms (next.js: 6ms, proxy.ts: 2ms, application-code: 248ms)
 GET /api/auth/get-session 200 in 36ms (next.js: 5ms, proxy.ts: 3ms, application-code: 28ms)
 GET /api/auth/organization/list 200 in 39ms (next.js: 9ms, proxy.ts: 3ms, application-code: 26ms)
 GET /settings?notice=Cl%C3%A9+cr%C3%A9%C3%A9e.+R%C3%A9v%C3%A9lez-la+une+seule+fois+dans+les+cinq+prochaines+minutes.&reveal=api-key&revealId=28271285-9f56-4a20-912d-b7944ff7bb84 200 in 150ms (next.js: 4ms, proxy.ts: 3ms, application-code: 144ms)
 POST /settings 200 in 193ms (next.js: 5ms, proxy.ts: 10ms, application-code: 177ms)
  └─ ƒ createAgencyApiKey({}) in 18ms src/app/actions.ts
 POST /api/secret-revelation 404 in 21ms (next.js: 3ms, proxy.ts: 2ms, application-code: 16ms)
 GET /settings 200 in 258ms (next.js: 2ms, proxy.ts: 2ms, application-code: 253ms)
 GET /api/auth/get-session 200 in 27ms (next.js: 7ms, proxy.ts: 7ms, application-code: 13ms)
 GET /api/auth/organization/list 200 in 27ms (next.js: 11ms, proxy.ts: 6ms, application-code: 10ms)
 GET /settings?notice=Cl%C3%A9+cr%C3%A9%C3%A9e.+R%C3%A9v%C3%A9lez-la+une+seule+fois+dans+les+cinq+prochaines+minutes.&reveal=api-key&revealId=07b03e21-4e6d-44b3-bb86-83db6846a99c 200 in 108ms (next.js: 2ms, proxy.ts: 2ms, application-code: 103ms)
 POST /settings 200 in 137ms (next.js: 5ms, proxy.ts: 4ms, application-code: 128ms)
  └─ ƒ createAgencyApiKey({}) in 12ms src/app/actions.ts
 POST /api/secret-revelation 404 in 28ms (next.js: 1.8ms, proxy.ts: 18ms, application-code: 9ms)
 POST /api/secret-revelation 404 in 15ms (next.js: 3ms, proxy.ts: 3ms, application-code: 9ms)
 POST /api/secret-revelation 200 in 22ms (next.js: 1.9ms, proxy.ts: 3ms, application-code: 18ms)
 POST /api/secret-revelation 404 in 18ms (next.js: 1.6ms, proxy.ts: 3ms, application-code: 13ms)
 GET /settings 200 in 264ms (next.js: 3ms, proxy.ts: 2ms, application-code: 259ms)
 GET /api/auth/get-session 200 in 22ms (next.js: 6ms, proxy.ts: 4ms, application-code: 13ms)
 GET /api/auth/organization/list 200 in 24ms (next.js: 10ms, proxy.ts: 4ms, application-code: 11ms)
 GET /settings?notice=Cl%C3%A9+cr%C3%A9%C3%A9e.+R%C3%A9v%C3%A9lez-la+une+seule+fois+dans+les+cinq+prochaines+minutes.&reveal=api-key&revealId=48f281c4-9ea8-4426-85f4-ff224761c123 200 in 104ms (next.js: 2ms, proxy.ts: 1.7ms, application-code: 100ms)
 POST /settings 200 in 126ms (next.js: 2ms, proxy.ts: 2ms, application-code: 122ms)
  └─ ƒ createAgencyApiKey({}) in 11ms src/app/actions.ts
 POST /api/secret-revelation 404 in 32ms (next.js: 8ms, proxy.ts: 5ms, application-code: 20ms)
 POST /api/secret-revelation 404 in 22ms (next.js: 3ms, proxy.ts: 4ms, application-code: 15ms)
  ✓  73 [chromium] › e2e/secret-revelation-local.spec.ts:6:7 › secret revelation fr binds the pending value, recovers offline and refuses revoked authority (3.1s)
 GET /settings 200 in 214ms (next.js: 3ms, proxy.ts: 2ms, application-code: 210ms)
 GET /api/auth/get-session 200 in 24ms (next.js: 6ms, proxy.ts: 4ms, application-code: 14ms)
 GET /api/auth/organization/list 200 in 25ms (next.js: 10ms, proxy.ts: 4ms, application-code: 11ms)
 GET /settings?notice=Cl%C3%A9+cr%C3%A9%C3%A9e.+R%C3%A9v%C3%A9lez-la+une+seule+fois+dans+les+cinq+prochaines+minutes.&reveal=api-key&revealId=e6e773a1-10ff-479e-a4a1-86d36857356c 200 in 124ms (next.js: 3ms, proxy.ts: 1.8ms, application-code: 120ms)
 POST /settings 200 in 145ms (next.js: 3ms, proxy.ts: 2ms, application-code: 140ms)
  └─ ƒ createAgencyApiKey({}) in 10ms src/app/actions.ts
 POST /api/secret-revelation 404 in 16ms (next.js: 2ms, proxy.ts: 3ms, application-code: 11ms)
 GET /settings 200 in 259ms (next.js: 3ms, proxy.ts: 3ms, application-code: 253ms)
 GET /api/auth/get-session 200 in 21ms (next.js: 5ms, proxy.ts: 3ms, application-code: 13ms)
 GET /api/auth/organization/list 200 in 23ms (next.js: 10ms, proxy.ts: 3ms, application-code: 10ms)
 GET /settings?notice=Cl%C3%A9+cr%C3%A9%C3%A9e.+R%C3%A9v%C3%A9lez-la+une+seule+fois+dans+les+cinq+prochaines+minutes.&reveal=api-key&revealId=f0e67a3b-6024-4c4e-a25e-16f0350f61df 200 in 111ms (next.js: 3ms, proxy.ts: 1.9ms, application-code: 107ms)
 POST /settings 200 in 135ms (next.js: 3ms, proxy.ts: 2ms, application-code: 129ms)
  └─ ƒ createAgencyApiKey({}) in 11ms src/app/actions.ts
 POST /api/secret-revelation 404 in 20ms (next.js: 1.7ms, proxy.ts: 3ms, application-code: 16ms)
 POST /api/secret-revelation 404 in 14ms (next.js: 1.5ms, proxy.ts: 1.6ms, application-code: 11ms)
 POST /api/secret-revelation 200 in 24ms (next.js: 2ms, proxy.ts: 4ms, application-code: 18ms)
 POST /api/secret-revelation 404 in 16ms (next.js: 1.9ms, proxy.ts: 2ms, application-code: 12ms)
 GET /settings 200 in 265ms (next.js: 4ms, proxy.ts: 2ms, application-code: 260ms)
 GET /api/auth/get-session 200 in 23ms (next.js: 7ms, proxy.ts: 3ms, application-code: 14ms)
 GET /api/auth/organization/list 200 in 27ms (next.js: 11ms, proxy.ts: 3ms, application-code: 12ms)
 GET /settings?notice=Cl%C3%A9+cr%C3%A9%C3%A9e.+R%C3%A9v%C3%A9lez-la+une+seule+fois+dans+les+cinq+prochaines+minutes.&reveal=api-key&revealId=819b7e32-d572-41f0-94d5-2753478d4307 200 in 112ms (next.js: 3ms, proxy.ts: 3ms, application-code: 106ms)
 POST /settings 200 in 136ms (next.js: 3ms, proxy.ts: 3ms, application-code: 131ms)
  └─ ƒ createAgencyApiKey({}) in 12ms src/app/actions.ts
 POST /api/secret-revelation 404 in 18ms (next.js: 1.7ms, proxy.ts: 2ms, application-code: 14ms)
 POST /api/secret-revelation 404 in 18ms (next.js: 1.7ms, proxy.ts: 3ms, application-code: 13ms)
  ✓  74 [chromium] › e2e/secret-revelation-local.spec.ts:6:7 › secret revelation en binds the pending value, recovers offline and refuses revoked authority (2.8s)
 GET /settings 200 in 232ms (next.js: 2ms, proxy.ts: 2ms, application-code: 228ms)
 GET /api/auth/get-session 200 in 21ms (next.js: 6ms, proxy.ts: 3ms, application-code: 12ms)
 GET /api/auth/organization/list 200 in 23ms (next.js: 9ms, proxy.ts: 3ms, application-code: 10ms)
 GET /settings?notice=Cl%C3%A9+cr%C3%A9%C3%A9e.+R%C3%A9v%C3%A9lez-la+une+seule+fois+dans+les+cinq+prochaines+minutes.&reveal=api-key&revealId=b2ba9a11-231b-4191-8559-d2c1ef513856 200 in 364ms (next.js: 3ms, proxy.ts: 2ms, application-code: 359ms)
 POST /settings 200 in 401ms (next.js: 3ms, proxy.ts: 3ms, application-code: 395ms)
  └─ ƒ createAgencyApiKey({}) in 13ms src/app/actions.ts
 POST /api/secret-revelation 200 in 33ms (next.js: 5ms, proxy.ts: 9ms, application-code: 18ms)
 POST /api/secret-revelation 404 in 14ms (next.js: 2ms, proxy.ts: 3ms, application-code: 8ms)
 GET /settings 200 in 394ms (next.js: 3ms, proxy.ts: 1.8ms, application-code: 390ms)
 GET /api/auth/get-session 200 in 130ms (next.js: 50ms, proxy.ts: 24ms, application-code: 57ms)
 GET /api/auth/organization/list 200 in 140ms (next.js: 52ms, proxy.ts: 33ms, application-code: 55ms)
 GET /settings?notice=Cl%C3%A9+API+r%C3%A9voqu%C3%A9e. 200 in 166ms (next.js: 3ms, proxy.ts: 8ms, application-code: 154ms)
 POST /settings 200 in 270ms (next.js: 48ms, proxy.ts: 14ms, application-code: 208ms)
  └─ ƒ revokeAgencyApiKey({}) in 26ms src/app/actions.ts
 GET /settings?notice=Canal+de+notification+ajout%C3%A9. 200 in 126ms (next.js: 2ms, proxy.ts: 1.7ms, application-code: 122ms)
 POST /settings?notice=Cl%C3%A9%20API%20r%C3%A9voqu%C3%A9e. 200 in 165ms (next.js: 4ms, proxy.ts: 15ms, application-code: 146ms)
  └─ ƒ createNotificationChannel({}) in 12ms src/app/actions.ts
 GET /settings?notice=Canal+d%C3%A9sactiv%C3%A9. 200 in 173ms (next.js: 2ms, proxy.ts: 2ms, application-code: 169ms)
 POST /settings?notice=Canal%20de%20notification%20ajout%C3%A9. 200 in 201ms (next.js: 7ms, proxy.ts: 3ms, application-code: 191ms)
  └─ ƒ disableNotificationChannel({}) in 10ms src/app/actions.ts
 GET /settings?notice=R%C3%A8gles+de+s%C3%A9curit%C3%A9+enregistr%C3%A9es. 200 in 106ms (next.js: 3ms, proxy.ts: 2ms, application-code: 101ms)
 POST /settings?notice=Canal%20d%C3%A9sactiv%C3%A9. 200 in 131ms (next.js: 4ms, proxy.ts: 3ms, application-code: 124ms)
  └─ ƒ updateSafetyRules({}) in 11ms src/app/actions.ts
 GET /settings?notice=Le+job+sera+r%C3%A9ex%C3%A9cut%C3%A9+par+le+prochain+worker+disponible. 200 in 87ms (next.js: 2ms, proxy.ts: 2ms, application-code: 83ms)
 POST /settings?notice=R%C3%A8gles%20de%20s%C3%A9curit%C3%A9%20enregistr%C3%A9es. 200 in 116ms (next.js: 2ms, proxy.ts: 2ms, application-code: 112ms)
  └─ ƒ retryDeadLetterJob({}) in 19ms src/app/actions.ts
 GET /settings 200 in 413ms (next.js: 3ms, proxy.ts: 2.0ms, application-code: 409ms)
 GET /api/auth/get-session 200 in 43ms (next.js: 9ms, proxy.ts: 8ms, application-code: 27ms)
 GET /api/auth/organization/list 200 in 45ms (next.js: 23ms, proxy.ts: 8ms, application-code: 14ms)
 GET /settings?error=Permission+required%3A+workspace%3Aadmin 200 in 79ms (next.js: 3ms, proxy.ts: 4ms, application-code: 73ms)
 POST /settings 200 in 104ms (next.js: 5ms, proxy.ts: 3ms, application-code: 95ms)
  └─ ƒ createNotificationChannel({}) in 7ms src/app/actions.ts
 GET /support?error=Vous+n%E2%80%99avez+plus+acc%C3%A8s+%C3%A0+cette+page.+Choisissez+une+rubrique+disponible+ou+contactez+un+administrateur. 200 in 247ms (next.js: 7ms, proxy.ts: 23ms, application-code: 217ms)
 GET /support?error=Vous+n%E2%80%99avez+plus+acc%C3%A8s+%C3%A0+cette+page.+Choisissez+une+rubrique+disponible+ou+contactez+un+administrateur. 200 in 182ms (next.js: 13ms, proxy.ts: 15ms, application-code: 154ms)
  ✓  75 [chromium] › e2e/security-actors-local.spec.ts:6:7 › security actor fr manages resources and rejects obsolete authority (5.4s)
 GET /settings 200 in 260ms (next.js: 3ms, proxy.ts: 5ms, application-code: 252ms)
 GET /api/auth/get-session 200 in 42ms (next.js: 13ms, proxy.ts: 4ms, application-code: 25ms)
 GET /api/auth/organization/list 200 in 47ms (next.js: 23ms, proxy.ts: 4ms, application-code: 20ms)
 GET /settings?notice=Cl%C3%A9+cr%C3%A9%C3%A9e.+R%C3%A9v%C3%A9lez-la+une+seule+fois+dans+les+cinq+prochaines+minutes.&reveal=api-key&revealId=1a82b278-d5d5-472c-a53a-bc0c6a339175 200 in 120ms (next.js: 3ms, proxy.ts: 2ms, application-code: 114ms)
 POST /settings 200 in 162ms (next.js: 5ms, proxy.ts: 4ms, application-code: 153ms)
  └─ ƒ createAgencyApiKey({}) in 24ms src/app/actions.ts
 POST /api/secret-revelation 200 in 23ms (next.js: 3ms, proxy.ts: 2ms, application-code: 18ms)
 POST /api/secret-revelation 404 in 14ms (next.js: 2ms, proxy.ts: 2ms, application-code: 9ms)
 GET /settings 200 in 283ms (next.js: 3ms, proxy.ts: 3ms, application-code: 277ms)
 GET /api/auth/get-session 200 in 32ms (next.js: 6ms, proxy.ts: 4ms, application-code: 22ms)
 GET /api/auth/organization/list 200 in 36ms (next.js: 19ms, proxy.ts: 4ms, application-code: 14ms)
 GET /settings?notice=Cl%C3%A9+API+r%C3%A9voqu%C3%A9e. 200 in 121ms (next.js: 2ms, proxy.ts: 2ms, application-code: 116ms)
 POST /settings 200 in 153ms (next.js: 3ms, proxy.ts: 4ms, application-code: 146ms)
  └─ ƒ revokeAgencyApiKey({}) in 13ms src/app/actions.ts
 GET /settings?notice=Canal+de+notification+ajout%C3%A9. 200 in 123ms (next.js: 4ms, proxy.ts: 1.9ms, application-code: 117ms)
 POST /settings?notice=Cl%C3%A9%20API%20r%C3%A9voqu%C3%A9e. 200 in 146ms (next.js: 3ms, proxy.ts: 4ms, application-code: 139ms)
  └─ ƒ createNotificationChannel({}) in 10ms src/app/actions.ts
 GET /settings?notice=Canal+d%C3%A9sactiv%C3%A9. 200 in 141ms (next.js: 4ms, proxy.ts: 3ms, application-code: 134ms)
 POST /settings?notice=Canal%20de%20notification%20ajout%C3%A9. 200 in 169ms (next.js: 3ms, proxy.ts: 4ms, application-code: 162ms)
  └─ ƒ disableNotificationChannel({}) in 9ms src/app/actions.ts
 GET /settings?notice=R%C3%A8gles+de+s%C3%A9curit%C3%A9+enregistr%C3%A9es. 200 in 126ms (next.js: 3ms, proxy.ts: 3ms, application-code: 120ms)
 POST /settings?notice=Canal%20d%C3%A9sactiv%C3%A9. 200 in 171ms (next.js: 22ms, proxy.ts: 3ms, application-code: 145ms)
  └─ ƒ updateSafetyRules({}) in 11ms src/app/actions.ts
 GET /settings?notice=Le+job+sera+r%C3%A9ex%C3%A9cut%C3%A9+par+le+prochain+worker+disponible. 200 in 144ms (next.js: 2ms, proxy.ts: 1.7ms, application-code: 140ms)
 POST /settings?notice=R%C3%A8gles%20de%20s%C3%A9curit%C3%A9%20enregistr%C3%A9es. 200 in 166ms (next.js: 2ms, proxy.ts: 3ms, application-code: 160ms)
  └─ ƒ retryDeadLetterJob({}) in 11ms src/app/actions.ts
 GET /settings 200 in 243ms (next.js: 2ms, proxy.ts: 3ms, application-code: 237ms)
 GET /api/auth/get-session 200 in 28ms (next.js: 7ms, proxy.ts: 6ms, application-code: 15ms)
 GET /api/auth/organization/list 200 in 30ms (next.js: 15ms, proxy.ts: 6ms, application-code: 9ms)
 GET /settings?error=Permission+required%3A+workspace%3Aadmin 200 in 56ms (next.js: 4ms, proxy.ts: 4ms, application-code: 48ms)
 POST /settings 200 in 78ms (next.js: 3ms, proxy.ts: 3ms, application-code: 72ms)
  └─ ƒ createNotificationChannel({}) in 11ms src/app/actions.ts
 GET /support?error=You+no+longer+have+access+to+this+page.+Choose+an+available+section+or+contact+an+administrator. 200 in 80ms (next.js: 2ms, proxy.ts: 3ms, application-code: 75ms)
 GET /support?error=You+no+longer+have+access+to+this+page.+Choose+an+available+section+or+contact+an+administrator. 200 in 61ms (next.js: 6ms, proxy.ts: 5ms, application-code: 50ms)
  ✓  76 [chromium] › e2e/security-actors-local.spec.ts:6:7 › security actor en manages resources and rejects obsolete authority (3.6s)
 GET /settings 200 in 220ms (next.js: 2ms, proxy.ts: 3ms, application-code: 215ms)
 GET /api/auth/get-session 200 in 21ms (next.js: 5ms, proxy.ts: 4ms, application-code: 11ms)
 GET /api/auth/organization/list 200 in 23ms (next.js: 8ms, proxy.ts: 5ms, application-code: 10ms)
 GET /settings?notice=Workspace+language+updated. 200 in 112ms (next.js: 3ms, proxy.ts: 2ms, application-code: 107ms)
 POST /settings 200 in 134ms (next.js: 3ms, proxy.ts: 3ms, application-code: 129ms)
  └─ ƒ updateWorkspaceLocale({}) in 11ms src/app/actions.ts
 GET /settings?notice=Langue+de+l%E2%80%99espace+mise+%C3%A0+jour. 200 in 99ms (next.js: 3ms, proxy.ts: 2.0ms, application-code: 95ms)
 POST /settings?notice=Workspace%20language%20updated. 200 in 132ms (next.js: 3ms, proxy.ts: 2ms, application-code: 127ms)
  └─ ƒ updateWorkspaceLocale({}) in 22ms src/app/actions.ts
 GET /settings?notice=Politique+d%E2%80%99approbation+mise+%C3%A0+jour. 200 in 139ms (next.js: 2ms, proxy.ts: 1.8ms, application-code: 135ms)
 POST /settings?notice=Langue%20de%20l%E2%80%99espace%20mise%20%C3%A0%20jour. 200 in 172ms (next.js: 3ms, proxy.ts: 3ms, application-code: 165ms)
  └─ ƒ updateApprovalPolicy({}) in 15ms src/app/actions.ts
 GET /settings?notice=Identit%C3%A9+de+marque+enregistr%C3%A9e. 200 in 96ms (next.js: 2ms, proxy.ts: 3ms, application-code: 91ms)
 POST /settings?notice=Politique%20d%E2%80%99approbation%20mise%20%C3%A0%20jour. 200 in 119ms (next.js: 2ms, proxy.ts: 3ms, application-code: 114ms)
  └─ ƒ updateBranding({}) in 12ms src/app/actions.ts
 GET /settings?error=Capability+required%3A+approvals.dual 200 in 160ms (next.js: 7ms, proxy.ts: 3ms, application-code: 150ms)
 POST /settings?notice=Identit%C3%A9%20de%20marque%20enregistr%C3%A9e. 200 in 219ms (next.js: 19ms, proxy.ts: 17ms, application-code: 183ms)
  └─ ƒ updateApprovalPolicy({}) in 11ms src/app/actions.ts
 GET /settings 200 in 356ms (next.js: 3ms, proxy.ts: 5ms, application-code: 349ms)
 GET /api/auth/get-session 200 in 216ms (next.js: 79ms, proxy.ts: 78ms, application-code: 58ms)
 GET /api/auth/organization/list 200 in 247ms (next.js: 27ms, proxy.ts: 83ms, application-code: 137ms)
 GET /settings?error=Permission+required%3A+workspace%3Aadmin 200 in 154ms (next.js: 5ms, proxy.ts: 4ms, application-code: 145ms)
 POST /settings 200 in 249ms (next.js: 24ms, proxy.ts: 36ms, application-code: 188ms)
  └─ ƒ updateBranding({}) in 17ms src/app/actions.ts
 GET /support?error=Vous+n%E2%80%99avez+plus+acc%C3%A8s+%C3%A0+cette+page.+Choisissez+une+rubrique+disponible+ou+contactez+un+administrateur. 200 in 135ms (next.js: 3ms, proxy.ts: 2ms, application-code: 130ms)
 GET /support?error=Vous+n%E2%80%99avez+plus+acc%C3%A8s+%C3%A0+cette+page.+Choisissez+une+rubrique+disponible+ou+contactez+un+administrateur. 200 in 114ms (next.js: 7ms, proxy.ts: 5ms, application-code: 103ms)
 GET /settings 307 in 167ms (next.js: 6ms, proxy.ts: 7ms, application-code: 154ms)
 GET /portfolio 200 in 199ms (next.js: 14ms, proxy.ts: 3ms, application-code: 182ms)
 GET /api/auth/get-session 200 in 76ms (next.js: 24ms, proxy.ts: 7ms, application-code: 45ms)
 GET /api/auth/organization/list 200 in 79ms (next.js: 35ms, proxy.ts: 12ms, application-code: 33ms)
 GET /portfolio?view_notice=unavailable 200 in 76ms (next.js: 3ms, proxy.ts: 4ms, application-code: 69ms)
 POST /portfolio 200 in 118ms (next.js: 5ms, proxy.ts: 18ms, application-code: 95ms)
  └─ ƒ storePortfolioView({}) in 10ms src/app/portfolio-actions.ts
 GET /support?error=Vous+n%E2%80%99avez+plus+acc%C3%A8s+%C3%A0+cette+page.+Choisissez+une+rubrique+disponible+ou+contactez+un+administrateur. 200 in 89ms (next.js: 3ms, proxy.ts: 4ms, application-code: 82ms)
 GET /support?error=Vous+n%E2%80%99avez+plus+acc%C3%A8s+%C3%A0+cette+page.+Choisissez+une+rubrique+disponible+ou+contactez+un+administrateur. 200 in 79ms (next.js: 7ms, proxy.ts: 9ms, application-code: 63ms)
 GET /portfolio 307 in 94ms (next.js: 3ms, proxy.ts: 2ms, application-code: 89ms)
  ✓  77 [chromium] › e2e/settings-actors-local.spec.ts:6:7 › settings actor fr saves current policy and rejects downgraded or revoked forms (5.2s)
 GET /settings 200 in 320ms (next.js: 3ms, proxy.ts: 1.9ms, application-code: 315ms)
 GET /api/auth/get-session 200 in 25ms (next.js: 8ms, proxy.ts: 3ms, application-code: 14ms)
 GET /api/auth/organization/list 200 in 27ms (next.js: 12ms, proxy.ts: 3ms, application-code: 12ms)
 GET /settings?notice=Langue+de+l%E2%80%99espace+mise+%C3%A0+jour. 200 in 173ms (next.js: 3ms, proxy.ts: 3ms, application-code: 167ms)
 POST /settings 200 in 206ms (next.js: 6ms, proxy.ts: 5ms, application-code: 195ms)
  └─ ƒ updateWorkspaceLocale({}) in 14ms src/app/actions.ts
 GET /settings?notice=Workspace+language+updated. 200 in 133ms (next.js: 3ms, proxy.ts: 2.0ms, application-code: 128ms)
 POST /settings?notice=Langue%20de%20l%E2%80%99espace%20mise%20%C3%A0%20jour. 200 in 171ms (next.js: 4ms, proxy.ts: 4ms, application-code: 163ms)
  └─ ƒ updateWorkspaceLocale({}) in 21ms src/app/actions.ts
 GET /settings?notice=Approval+policy+updated. 200 in 141ms (next.js: 3ms, proxy.ts: 2ms, application-code: 136ms)
 POST /settings?notice=Workspace%20language%20updated. 200 in 164ms (next.js: 3ms, proxy.ts: 3ms, application-code: 158ms)
  └─ ƒ updateApprovalPolicy({}) in 11ms src/app/actions.ts
 GET /settings?notice=Identit%C3%A9+de+marque+enregistr%C3%A9e. 200 in 103ms (next.js: 3ms, proxy.ts: 2ms, application-code: 99ms)
 POST /settings?notice=Approval%20policy%20updated. 200 in 123ms (next.js: 2ms, proxy.ts: 3ms, application-code: 118ms)
  └─ ƒ updateBranding({}) in 8ms src/app/actions.ts
 GET /settings?error=Capability+required%3A+approvals.dual 200 in 102ms (next.js: 2.0ms, proxy.ts: 3ms, application-code: 98ms)
 POST /settings?notice=Identit%C3%A9%20de%20marque%20enregistr%C3%A9e. 200 in 121ms (next.js: 3ms, proxy.ts: 3ms, application-code: 115ms)
  └─ ƒ updateApprovalPolicy({}) in 6ms src/app/actions.ts
 GET /settings 200 in 242ms (next.js: 2ms, proxy.ts: 3ms, application-code: 237ms)
 GET /api/auth/get-session 200 in 37ms (next.js: 14ms, proxy.ts: 4ms, application-code: 19ms)
 GET /api/auth/organization/list 200 in 39ms (next.js: 6ms, proxy.ts: 4ms, application-code: 29ms)
 GET /settings?error=Permission+required%3A+workspace%3Aadmin 200 in 85ms (next.js: 3ms, proxy.ts: 2ms, application-code: 80ms)
 POST /settings 200 in 113ms (next.js: 5ms, proxy.ts: 3ms, application-code: 105ms)
  └─ ƒ updateBranding({}) in 8ms src/app/actions.ts
 GET /support?error=You+no+longer+have+access+to+this+page.+Choose+an+available+section+or+contact+an+administrator. 200 in 95ms (next.js: 3ms, proxy.ts: 3ms, application-code: 90ms)
 GET /support?error=You+no+longer+have+access+to+this+page.+Choose+an+available+section+or+contact+an+administrator. 200 in 74ms (next.js: 4ms, proxy.ts: 6ms, application-code: 64ms)
 GET /settings 307 in 138ms (next.js: 4ms, proxy.ts: 3ms, application-code: 130ms)
 GET /portfolio 200 in 166ms (next.js: 2ms, proxy.ts: 2ms, application-code: 162ms)
 GET /api/auth/get-session 200 in 53ms (next.js: 15ms, proxy.ts: 9ms, application-code: 29ms)
 GET /api/auth/organization/list 200 in 58ms (next.js: 25ms, proxy.ts: 9ms, application-code: 23ms)
 GET /portfolio?view_notice=unavailable 200 in 68ms (next.js: 3ms, proxy.ts: 5ms, application-code: 60ms)
 POST /portfolio 200 in 110ms (next.js: 3ms, proxy.ts: 23ms, application-code: 85ms)
  └─ ƒ storePortfolioView({}) in 7ms src/app/portfolio-actions.ts
 GET /support?error=You+no+longer+have+access+to+this+page.+Choose+an+available+section+or+contact+an+administrator. 200 in 99ms (next.js: 4ms, proxy.ts: 3ms, application-code: 92ms)
 GET /support?error=You+no+longer+have+access+to+this+page.+Choose+an+available+section+or+contact+an+administrator. 200 in 79ms (next.js: 6ms, proxy.ts: 11ms, application-code: 62ms)
 GET /portfolio 307 in 129ms (next.js: 4ms, proxy.ts: 3ms, application-code: 123ms)
  ✓  78 [chromium] › e2e/settings-actors-local.spec.ts:6:7 › settings actor en saves current policy and rejects downgraded or revoked forms (4.0s)
 GET /tasks 200 in 190ms (next.js: 9ms, proxy.ts: 4ms, application-code: 177ms)
 GET /api/auth/get-session 200 in 34ms (next.js: 10ms, proxy.ts: 5ms, application-code: 19ms)
 GET /api/auth/organization/list 200 in 37ms (next.js: 14ms, proxy.ts: 6ms, application-code: 17ms)
 GET /tasks?notice=T%C3%A2che+cr%C3%A9%C3%A9e. 200 in 136ms (next.js: 3ms, proxy.ts: 3ms, application-code: 131ms)
 POST /tasks 200 in 174ms (next.js: 3ms, proxy.ts: 15ms, application-code: 157ms)
  └─ ƒ createWorkspaceTask({}) in 11ms src/app/actions.ts
 GET /tasks?id=c2948d22-bd2a-4366-bda7-9bd9a91f445a 200 in 212ms (next.js: 3ms, proxy.ts: 4ms, application-code: 205ms)
 GET /api/auth/get-session 200 in 34ms (next.js: 11ms, proxy.ts: 5ms, application-code: 17ms)
 GET /api/auth/organization/list 200 in 38ms (next.js: 15ms, proxy.ts: 6ms, application-code: 17ms)
 GET /tasks?notice=T%C3%A2che+mise+%C3%A0+jour.&id=c2948d22-bd2a-4366-bda7-9bd9a91f445a 200 in 90ms (next.js: 4ms, proxy.ts: 2ms, application-code: 84ms)
 POST /tasks?id=c2948d22-bd2a-4366-bda7-9bd9a91f445a 200 in 112ms (next.js: 3ms, proxy.ts: 3ms, application-code: 106ms)
  └─ ƒ updateWorkspaceTask({}) in 9ms src/app/actions.ts
 GET /tasks?notice=T%C3%A2che+mise+%C3%A0+jour.&id=c2948d22-bd2a-4366-bda7-9bd9a91f445a 200 in 106ms (next.js: 2ms, proxy.ts: 2.0ms, application-code: 102ms)
 POST /tasks?notice=T%C3%A2che%20mise%20%C3%A0%20jour.&id=c2948d22-bd2a-4366-bda7-9bd9a91f445a 200 in 127ms (next.js: 3ms, proxy.ts: 2ms, application-code: 121ms)
  └─ ƒ updateWorkspaceTask({}) in 9ms src/app/actions.ts
 GET /tasks?notice=T%C3%A2che+mise+%C3%A0+jour.&id=c2948d22-bd2a-4366-bda7-9bd9a91f445a 200 in 86ms (next.js: 4ms, proxy.ts: 1.9ms, application-code: 80ms)
 POST /tasks?notice=T%C3%A2che%20mise%20%C3%A0%20jour.&id=c2948d22-bd2a-4366-bda7-9bd9a91f445a 200 in 111ms (next.js: 3ms, proxy.ts: 4ms, application-code: 104ms)
  └─ ƒ updateWorkspaceTask({}) in 10ms src/app/actions.ts
 GET /tasks?notice=T%C3%A2che+mise+%C3%A0+jour.&id=c2948d22-bd2a-4366-bda7-9bd9a91f445a 200 in 123ms (next.js: 6ms, proxy.ts: 3ms, application-code: 114ms)
 POST /tasks?notice=T%C3%A2che%20mise%20%C3%A0%20jour.&id=c2948d22-bd2a-4366-bda7-9bd9a91f445a 200 in 155ms (next.js: 3ms, proxy.ts: 4ms, application-code: 148ms)
  └─ ƒ updateWorkspaceTask({}) in 11ms src/app/actions.ts
 GET /tasks?notice=T%C3%A2che+mise+%C3%A0+jour.&id=c2948d22-bd2a-4366-bda7-9bd9a91f445a 200 in 72ms (next.js: 3ms, proxy.ts: 1.7ms, application-code: 67ms)
 POST /tasks?notice=T%C3%A2che%20mise%20%C3%A0%20jour.&id=c2948d22-bd2a-4366-bda7-9bd9a91f445a 200 in 92ms (next.js: 2ms, proxy.ts: 3ms, application-code: 86ms)
  └─ ƒ updateWorkspaceTask({}) in 9ms src/app/actions.ts
 GET /tasks?notice=T%C3%A2che+mise+%C3%A0+jour.&id=c2948d22-bd2a-4366-bda7-9bd9a91f445a 200 in 90ms (next.js: 1.9ms, proxy.ts: 2.0ms, application-code: 86ms)
 POST /tasks?notice=T%C3%A2che%20mise%20%C3%A0%20jour.&id=c2948d22-bd2a-4366-bda7-9bd9a91f445a 200 in 109ms (next.js: 2ms, proxy.ts: 2ms, application-code: 104ms)
  └─ ƒ updateWorkspaceTask({}) in 9ms src/app/actions.ts
 GET /tasks?notice=T%C3%A2che+mise+%C3%A0+jour.&id=c2948d22-bd2a-4366-bda7-9bd9a91f445a 200 in 78ms (next.js: 3ms, proxy.ts: 3ms, application-code: 72ms)
 POST /tasks?notice=T%C3%A2che%20mise%20%C3%A0%20jour.&id=c2948d22-bd2a-4366-bda7-9bd9a91f445a 200 in 99ms (next.js: 3ms, proxy.ts: 2ms, application-code: 94ms)
  └─ ƒ updateWorkspaceTask({}) in 11ms src/app/actions.ts
 GET /tasks?error=Transition+de+t%C3%A2che+interdite+%3A+done+%E2%86%92+start.&id=c2948d22-bd2a-4366-bda7-9bd9a91f445a 200 in 97ms (next.js: 3ms, proxy.ts: 2ms, application-code: 92ms)
 POST /tasks?notice=T%C3%A2che%20mise%20%C3%A0%20jour.&id=c2948d22-bd2a-4366-bda7-9bd9a91f445a 200 in 118ms (next.js: 3ms, proxy.ts: 3ms, application-code: 112ms)
  └─ ƒ updateWorkspaceTask({}) in 8ms src/app/actions.ts
 GET /tasks?error=Permission+required%3A+tasks%3Amanage&id=c2948d22-bd2a-4366-bda7-9bd9a91f445a 200 in 68ms (next.js: 2ms, proxy.ts: 2.0ms, application-code: 64ms)
 POST /tasks?error=Transition%20de%20t%C3%A2che%20interdite%20%3A%20done%20%E2%86%92%20start.&id=c2948d22-bd2a-4366-bda7-9bd9a91f445a 200 in 86ms (next.js: 3ms, proxy.ts: 3ms, application-code: 80ms)
  └─ ƒ updateWorkspaceTask({}) in 6ms src/app/actions.ts
 GET /tasks?notice=Commentaire+ajout%C3%A9.&id=c2948d22-bd2a-4366-bda7-9bd9a91f445a 200 in 89ms (next.js: 3ms, proxy.ts: 1.8ms, application-code: 85ms)
 POST /tasks?error=Permission%20required%3A%20tasks%3Amanage&id=c2948d22-bd2a-4366-bda7-9bd9a91f445a 200 in 110ms (next.js: 3ms, proxy.ts: 2ms, application-code: 105ms)
  └─ ƒ addWorkspaceTaskComment({}) in 10ms src/app/actions.ts
 GET /tasks?error=Workspace+access+state+does+not+allow%3A+tasks%3Acomment&id=c2948d22-bd2a-4366-bda7-9bd9a91f445a 200 in 88ms (next.js: 2ms, proxy.ts: 2ms, application-code: 83ms)
 POST /tasks?notice=Commentaire%20ajout%C3%A9.&id=c2948d22-bd2a-4366-bda7-9bd9a91f445a 200 in 106ms (next.js: 3ms, proxy.ts: 3ms, application-code: 100ms)
  └─ ƒ addWorkspaceTaskComment({}) in 7ms src/app/actions.ts
 GET /tasks?id=c2948d22-bd2a-4366-bda7-9bd9a91f445a 200 in 173ms (next.js: 3ms, proxy.ts: 2ms, application-code: 167ms)
 GET /api/auth/get-session 200 in 37ms (next.js: 9ms, proxy.ts: 4ms, application-code: 24ms)
 GET /api/auth/organization/list 200 in 40ms (next.js: 16ms, proxy.ts: 4ms, application-code: 20ms)
  ✓  79 [chromium] › e2e/task-actors-local.spec.ts:6:7 › task actor fr creates, transitions, comments and rejects stale controls (4.2s)
 GET /tasks 200 in 150ms (next.js: 4ms, proxy.ts: 3ms, application-code: 143ms)
 GET /api/auth/get-session 200 in 41ms (next.js: 8ms, proxy.ts: 3ms, application-code: 30ms)
 GET /api/auth/organization/list 200 in 49ms (next.js: 16ms, proxy.ts: 3ms, application-code: 30ms)
 GET /tasks?notice=T%C3%A2che+cr%C3%A9%C3%A9e. 200 in 128ms (next.js: 3ms, proxy.ts: 4ms, application-code: 122ms)
 POST /tasks 200 in 156ms (next.js: 3ms, proxy.ts: 4ms, application-code: 149ms)
  └─ ƒ createWorkspaceTask({}) in 11ms src/app/actions.ts
 GET /tasks?id=6d1ec51f-0654-4684-9656-1df1c9f3ebea 200 in 176ms (next.js: 3ms, proxy.ts: 1.9ms, application-code: 171ms)
 GET /api/auth/get-session 200 in 24ms (next.js: 8ms, proxy.ts: 4ms, application-code: 12ms)
 GET /api/auth/organization/list 200 in 26ms (next.js: 12ms, proxy.ts: 5ms, application-code: 9ms)
 GET /tasks?notice=T%C3%A2che+mise+%C3%A0+jour.&id=6d1ec51f-0654-4684-9656-1df1c9f3ebea 200 in 109ms (next.js: 4ms, proxy.ts: 1.7ms, application-code: 104ms)
 POST /tasks?id=6d1ec51f-0654-4684-9656-1df1c9f3ebea 200 in 133ms (next.js: 3ms, proxy.ts: 3ms, application-code: 127ms)
  └─ ƒ updateWorkspaceTask({}) in 7ms src/app/actions.ts
 GET /tasks?notice=T%C3%A2che+mise+%C3%A0+jour.&id=6d1ec51f-0654-4684-9656-1df1c9f3ebea 200 in 77ms (next.js: 3ms, proxy.ts: 3ms, application-code: 71ms)
 POST /tasks?notice=T%C3%A2che%20mise%20%C3%A0%20jour.&id=6d1ec51f-0654-4684-9656-1df1c9f3ebea 200 in 105ms (next.js: 3ms, proxy.ts: 3ms, application-code: 99ms)
  └─ ƒ updateWorkspaceTask({}) in 9ms src/app/actions.ts
 GET /tasks?notice=T%C3%A2che+mise+%C3%A0+jour.&id=6d1ec51f-0654-4684-9656-1df1c9f3ebea 200 in 165ms (next.js: 4ms, proxy.ts: 4ms, application-code: 157ms)
 POST /tasks?notice=T%C3%A2che%20mise%20%C3%A0%20jour.&id=6d1ec51f-0654-4684-9656-1df1c9f3ebea 200 in 193ms (next.js: 4ms, proxy.ts: 3ms, application-code: 185ms)
  └─ ƒ updateWorkspaceTask({}) in 9ms src/app/actions.ts
 GET /tasks?notice=T%C3%A2che+mise+%C3%A0+jour.&id=6d1ec51f-0654-4684-9656-1df1c9f3ebea 200 in 84ms (next.js: 3ms, proxy.ts: 2ms, application-code: 80ms)
 POST /tasks?notice=T%C3%A2che%20mise%20%C3%A0%20jour.&id=6d1ec51f-0654-4684-9656-1df1c9f3ebea 200 in 106ms (next.js: 3ms, proxy.ts: 3ms, application-code: 99ms)
  └─ ƒ updateWorkspaceTask({}) in 10ms src/app/actions.ts
 GET /tasks?notice=T%C3%A2che+mise+%C3%A0+jour.&id=6d1ec51f-0654-4684-9656-1df1c9f3ebea 200 in 90ms (next.js: 1.8ms, proxy.ts: 2ms, application-code: 86ms)
 POST /tasks?notice=T%C3%A2che%20mise%20%C3%A0%20jour.&id=6d1ec51f-0654-4684-9656-1df1c9f3ebea 200 in 109ms (next.js: 3ms, proxy.ts: 3ms, application-code: 104ms)
  └─ ƒ updateWorkspaceTask({}) in 9ms src/app/actions.ts
 GET /tasks?notice=T%C3%A2che+mise+%C3%A0+jour.&id=6d1ec51f-0654-4684-9656-1df1c9f3ebea 200 in 90ms (next.js: 3ms, proxy.ts: 2ms, application-code: 85ms)
 POST /tasks?notice=T%C3%A2che%20mise%20%C3%A0%20jour.&id=6d1ec51f-0654-4684-9656-1df1c9f3ebea 200 in 114ms (next.js: 3ms, proxy.ts: 2ms, application-code: 108ms)
  └─ ƒ updateWorkspaceTask({}) in 12ms src/app/actions.ts
 GET /tasks?notice=T%C3%A2che+mise+%C3%A0+jour.&id=6d1ec51f-0654-4684-9656-1df1c9f3ebea 200 in 91ms (next.js: 3ms, proxy.ts: 1.9ms, application-code: 86ms)
 POST /tasks?notice=T%C3%A2che%20mise%20%C3%A0%20jour.&id=6d1ec51f-0654-4684-9656-1df1c9f3ebea 200 in 113ms (next.js: 3ms, proxy.ts: 3ms, application-code: 107ms)
  └─ ƒ updateWorkspaceTask({}) in 10ms src/app/actions.ts
 GET /tasks?error=Transition+de+t%C3%A2che+interdite+%3A+done+%E2%86%92+start.&id=6d1ec51f-0654-4684-9656-1df1c9f3ebea 200 in 120ms (next.js: 3ms, proxy.ts: 2ms, application-code: 114ms)
 POST /tasks?notice=T%C3%A2che%20mise%20%C3%A0%20jour.&id=6d1ec51f-0654-4684-9656-1df1c9f3ebea 200 in 140ms (next.js: 3ms, proxy.ts: 3ms, application-code: 134ms)
  └─ ƒ updateWorkspaceTask({}) in 7ms src/app/actions.ts
 GET /tasks?error=Permission+required%3A+tasks%3Amanage&id=6d1ec51f-0654-4684-9656-1df1c9f3ebea 200 in 124ms (next.js: 4ms, proxy.ts: 4ms, application-code: 116ms)
 POST /tasks?error=Transition%20de%20t%C3%A2che%20interdite%20%3A%20done%20%E2%86%92%20start.&id=6d1ec51f-0654-4684-9656-1df1c9f3ebea 200 in 151ms (next.js: 4ms, proxy.ts: 4ms, application-code: 143ms)
  └─ ƒ updateWorkspaceTask({}) in 6ms src/app/actions.ts
 GET /tasks?notice=Commentaire+ajout%C3%A9.&id=6d1ec51f-0654-4684-9656-1df1c9f3ebea 200 in 256ms (next.js: 16ms, proxy.ts: 24ms, application-code: 216ms)
 POST /tasks?error=Permission%20required%3A%20tasks%3Amanage&id=6d1ec51f-0654-4684-9656-1df1c9f3ebea 200 in 338ms (next.js: 11ms, proxy.ts: 6ms, application-code: 322ms)
  └─ ƒ addWorkspaceTaskComment({}) in 49ms src/app/actions.ts
 GET /tasks?error=Workspace+access+state+does+not+allow%3A+tasks%3Acomment&id=6d1ec51f-0654-4684-9656-1df1c9f3ebea 200 in 132ms (next.js: 2ms, proxy.ts: 2.0ms, application-code: 128ms)
 POST /tasks?notice=Commentaire%20ajout%C3%A9.&id=6d1ec51f-0654-4684-9656-1df1c9f3ebea 200 in 154ms (next.js: 5ms, proxy.ts: 3ms, application-code: 147ms)
  └─ ƒ addWorkspaceTaskComment({}) in 6ms src/app/actions.ts
 GET /tasks?id=6d1ec51f-0654-4684-9656-1df1c9f3ebea 200 in 180ms (next.js: 4ms, proxy.ts: 3ms, application-code: 174ms)
 GET /api/auth/get-session 200 in 93ms (next.js: 44ms, proxy.ts: 4ms, application-code: 45ms)
 GET /api/auth/organization/list 200 in 96ms (next.js: 16ms, proxy.ts: 5ms, application-code: 76ms)
  ✓  80 [chromium] › e2e/task-actors-local.spec.ts:6:7 › task actor en creates, transitions, comments and rejects stale controls (4.7s)
 GET /tasks?workspace=80000000-0000-4000-8000-000000000001&assignee=local-browser-fixture-analyst&status=open 200 in 401ms (next.js: 4ms, proxy.ts: 3ms, application-code: 394ms)
 GET /api/auth/get-session 200 in 53ms (next.js: 15ms, proxy.ts: 6ms, application-code: 32ms)
 GET /api/auth/organization/list 200 in 57ms (next.js: 22ms, proxy.ts: 8ms, application-code: 28ms)
 GET /tasks?workspace=80000000-0000-4000-8000-000000000001&assignee=local-browser-fixture-analyst&status=open&cursor=eyJ2IjoxLCJpdiI6IlNBU090Um1SZU9mTXNyVDQiLCJ0YWciOiJfZ2x0TUdZNUpBbE54ZjYyRU9xbXhBIiwiZGF0YSI6Ikh4UU1FdndDenNadzRuVGE0bkVLSGdJREZYQXhXMGg1VmNkSXFYbU5semdfci11UkViUHlxQkFoMTF2TFF3VDRpNjVpNjJ1Vld4RGFqbjBaTl9KRWZoYTJiMmZIdW14d2NXMVZjR1RnZXBrQXZzLU1WSW9pdTIwbW00azVZREswWktSVzUzY0tqelhvUlNoeGFQQU5rcjR4TlMwanFpVXJsVGROd2k2VkhTcDBPNzVLTkhqamNwS3JUNmZKRUp0SEVVc0lHZlR4YWM0UmJWenlaY3JfTmhtM2xyU1hSdERscXNwdFR6NDBzLUxXMGlFZFpKS0szNzdLOTBpSklYNHA1N0gxdGM4U0ktcERwbjdlS3dVc3VBUTZ0a2ZZS0pVdG1FazVTRERGaERaS3JzbEtNTzIweUEifQ 200 in 266ms (next.js: 10ms, proxy.ts: 15ms, application-code: 241ms)
 GET /tasks?workspace=80000000-0000-4000-8000-000000000001&assignee=local-browser-fixture-analyst&status=open&cursor=eyJ2IjoxLCJpdiI6InZSZHBEaUhaY3pHcjlfUFUiLCJ0YWciOiJ4d1VXVTdJdzJjdTJuZllGTmlHVkFRIiwiZGF0YSI6ImdrQ0ppRnRqZUJNYjBQcnJZaHlGX2dMX0tKRjg1b2tnWnJ6WTFGMlg3M3JRdG1OTG1vSHVmUFhWZ1RDRWM4dW41MnUwQUV4VEdFZzlJZGIxcGJ0N09IMlVpVjA4T21MRm9kODFBYzJqb1JuSWVtNGJscUxpM2JtMjVMV09pZEFGUlJpOVVYaUstUDRFRUdPRVRSemFvZzFtem5LSXJ5NTM1RkdsWEZxdU1GOFpsOFBzTFFvT3JsZ25ZN3FHUTJKeHRGRF94NHVUbGFMNFoyU0JmNlZnREI4UnFqTTFjUm5yenF4ckw3blZuRlBZNjh5QkR0X2duLVpZZE1RQ3Y0a3pBaU1yTU9JSG51ZGNDMGJ6NERIeUJEZy1NX3cwQzJTd0Izb3RSbWxvdFhnOXprVnFVcTdfYWcifQ 200 in 83ms (next.js: 5ms, proxy.ts: 3ms, application-code: 75ms)
 GET /tasks?workspace=80000000-0000-4000-8000-000000000002 200 in 135ms (next.js: 4ms, proxy.ts: 4ms, application-code: 127ms)
 GET /api/auth/get-session 200 in 68ms (next.js: 23ms, proxy.ts: 6ms, application-code: 39ms)
 GET /api/auth/organization/list 200 in 70ms (next.js: 10ms, proxy.ts: 9ms, application-code: 51ms)
 GET /tasks 200 in 22ms (next.js: 5ms, proxy.ts: 8ms, application-code: 9ms)
 GET /tasks 200 in 125ms (next.js: 7ms, proxy.ts: 7ms, application-code: 112ms)
 GET /tasks 200 in 683ms (next.js: 3ms, proxy.ts: 3ms, application-code: 676ms)
 GET /api/auth/get-session 200 in 34ms (next.js: 10ms, proxy.ts: 6ms, application-code: 17ms)
 GET /api/auth/organization/list 200 in 59ms (next.js: 6ms, proxy.ts: 32ms, application-code: 21ms)
 GET /tasks?error=Date+d%E2%80%99%C3%A9ch%C3%A9ance+invalide. 200 in 307ms (next.js: 19ms, proxy.ts: 3ms, application-code: 285ms)
 POST /tasks 200 in 366ms (next.js: 4ms, proxy.ts: 6ms, application-code: 356ms)
  └─ ƒ createWorkspaceTask({}) in 19ms src/app/actions.ts
  ✓  81 [chromium] › e2e/task-digest-local.spec.ts:5:7 › task digest fr opens the complete assigned collection and rejects impossible deadlines (4.2s)
 GET /tasks?workspace=80000000-0000-4000-8000-000000000001&assignee=local-browser-fixture-analyst&status=open 200 in 486ms (next.js: 7ms, proxy.ts: 4ms, application-code: 476ms)
 GET /api/auth/get-session 200 in 40ms (next.js: 6ms, proxy.ts: 4ms, application-code: 30ms)
 GET /api/auth/organization/list 200 in 53ms (next.js: 15ms, proxy.ts: 3ms, application-code: 35ms)
 GET /tasks?workspace=80000000-0000-4000-8000-000000000001&assignee=local-browser-fixture-analyst&status=open&cursor=eyJ2IjoxLCJpdiI6IlpNY2hXREJCM1ViZ3ZESFkiLCJ0YWciOiItZU4xWkR5U3lEbG5XcGl6dWRXd3RBIiwiZGF0YSI6IlpvNjdqSnpfRUZiMlBuRUZVUXpVRFRBUVI1bi1SYkxNanJtVWxTT1pSM3lvcDU4ZDJVY2lZVFFhY1lZd24wZXpqY2V0OERuVE1sVmZhcWQ1SUdiQzRkN1I1enB0WTE1M2dPZm1OY1lGb1loVzZDMzV6RUd6cHJET2tqQlEwUW9DNmlJLXMtU0pFblFSYzZVWldPRS1wV2lES1pvMGNXaGZxR3lkdUJQWF9QOE5yRzRTZ1ZzVUhjZWU0emJQd001WnpKTFEyc0tjSnE4bU80UXlXV3Q2bmF2NGlZVUlzWUxENFdSTjVGQ215NTZLOVd2VDRaOUhUSlpHWURlWTk5SFcyczdmZzdyY2tmaXl3bHRCY3ZnXzdnUmMtX3N3WkNCYnNRSk9OTUhXZFpuM3d1TTk2c3RsOXcifQ 200 in 233ms (next.js: 26ms, proxy.ts: 9ms, application-code: 198ms)
 GET /tasks?workspace=80000000-0000-4000-8000-000000000001&assignee=local-browser-fixture-analyst&status=open&cursor=eyJ2IjoxLCJpdiI6IjdZVUlkblBLdHFiY18yYlQiLCJ0YWciOiJIZW1GcC1JR2dUZUhOUWNFeUxmM3FnIiwiZGF0YSI6IjdJU3N0RzlKa00zT3ctRkdacU9QOE1qRGlkUTg0aktVSUVMbWFEd0xscGRfVG8wbURTU001WWtzOTJmZVVtLWhzUXlYcng0R2J1czNnY01Ra1pXbXZzU2JEZUxFYmJBQVlwM2ZyS1hMTWdKTDJhRXB5dlprcUxFZk91eEl6dzdiWkZ6dDVTRm5seC1LLXZlel9BdTVNQ3htRENwWnNvQ2wwcEE5WmJ1aHJBellSWTJEZTZTaG9CTVRocmRVbkFwREV3U2NQM1ZseUljWGlCbjhNRE51WUtPY21DM19JemxHRXJ2SXFqWUVnYzR2TDJJMDJ3YnNaVFBCWExzaURTUmcwTFpITTlPTC1TVTJpR2ptYXVpRS1jMkZjYkN2a2ZHcWhmOW1tTFp4Yk5mbkxLUTV0d0dsLUEifQ 200 in 114ms (next.js: 13ms, proxy.ts: 10ms, application-code: 91ms)
 GET /tasks?workspace=80000000-0000-4000-8000-000000000002 200 in 230ms (next.js: 4ms, proxy.ts: 5ms, application-code: 221ms)
 GET /api/auth/get-session 200 in 80ms (next.js: 23ms, proxy.ts: 13ms, application-code: 44ms)
 GET /api/auth/organization/list 200 in 114ms (next.js: 29ms, proxy.ts: 15ms, application-code: 69ms)
 GET /tasks 200 in 78ms (next.js: 49ms, proxy.ts: 9ms, application-code: 20ms)
 GET /tasks 200 in 196ms (next.js: 8ms, proxy.ts: 11ms, application-code: 178ms)
 GET /tasks 200 in 609ms (next.js: 16ms, proxy.ts: 7ms, application-code: 586ms)
 GET /api/auth/get-session 200 in 62ms (next.js: 9ms, proxy.ts: 5ms, application-code: 48ms)
 GET /api/auth/organization/list 200 in 64ms (next.js: 21ms, proxy.ts: 4ms, application-code: 39ms)
 GET /tasks?error=Date+d%E2%80%99%C3%A9ch%C3%A9ance+invalide. 200 in 388ms (next.js: 7ms, proxy.ts: 10ms, application-code: 371ms)
 POST /tasks 200 in 431ms (next.js: 5ms, proxy.ts: 10ms, application-code: 415ms)
  └─ ƒ createWorkspaceTask({}) in 12ms src/app/actions.ts
  ✓  82 [chromium] › e2e/task-digest-local.spec.ts:5:7 › task digest en opens the complete assigned collection and rejects impossible deadlines (5.2s)
 GET /settings/teams 200 in 2.8s (next.js: 2.1s, proxy.ts: 3ms, application-code: 667ms)
 GET /api/auth/get-session 200 in 138ms (next.js: 37ms, proxy.ts: 31ms, application-code: 70ms)
 GET /api/auth/organization/list 200 in 150ms (next.js: 66ms, proxy.ts: 31ms, application-code: 53ms)
 GET /settings 200 in 479ms (next.js: 19ms, proxy.ts: 10ms, application-code: 450ms)
  ✓  83 [chromium] › e2e/teams-session-local.spec.ts:6:7 › Teams unavailable session has an actionable fr page (4.4s)
 GET /settings/teams 200 in 307ms (next.js: 11ms, proxy.ts: 16ms, application-code: 280ms)
 GET /api/auth/get-session 200 in 86ms (next.js: 33ms, proxy.ts: 13ms, application-code: 40ms)
 GET /api/auth/organization/list 200 in 95ms (next.js: 23ms, proxy.ts: 13ms, application-code: 59ms)
 GET /settings 200 in 355ms (next.js: 9ms, proxy.ts: 13ms, application-code: 333ms)
  ✓  84 [chromium] › e2e/teams-session-local.spec.ts:6:7 › Teams unavailable session has an actionable en page (1.7s)
 GET /audit?q=COLL_AUDIT_ 200 in 679ms (next.js: 10ms, proxy.ts: 11ms, application-code: 658ms)
 GET /api/auth/get-session 200 in 191ms (next.js: 58ms, proxy.ts: 49ms, application-code: 84ms)
 GET /api/auth/organization/list 200 in 169ms (next.js: 75ms, proxy.ts: 17ms, application-code: 77ms)
 GET /audit?q=COLL_AUDIT_&cursor=eyJ2IjoxLCJpdiI6ImdmYlUwSlp1ZUFNbEozZk0iLCJ0YWciOiJhUFJMTE5yUm0zc3p2MlM2UHY1VUVRIiwiZGF0YSI6ImZ0U1RScGZQakdxOUhyNllpRzdvUV81UnQtZTJqaUpqS1hFajRLR3BoR25Ga01UTnhyVXV5N1hNSnVFVzhSV2lUOElMbnJGV1E1dm1CQkNaSF9yWC1nSUJQVWZDNHZlVDZya2JaVDJyU2t3N3ZoM08xc3FVMXNMOEpqN3RSU0VhVk0ybmdOOXUyNVFzWW1BV3p4ZWYyV2dEc09FMW01dDBGRHh1dmZveWdfbFYtOUhMU1R0ak1sNm1ZbmlYb1pWTGFJMjNMMWhHbHFsMjU0ZjI3VVdsNFZaU0pWODVFOXJVTmRldnh1b1huYWhXMjFMSDdSUS00Mmw1aC0yUmxWU05nYWRCbk9OZjJiWmlaTTFPSnhmOER4dTFmcDk3ZGFGMXJKel8xRjNZOUtrQS1XbnN3aGhrdEEifQ 200 in 2.1s (next.js: 29ms, proxy.ts: 21ms, application-code: 2.0s)
 POST /audit?q=COLL_AUDIT_ 200 in 2.2s (next.js: 6ms, proxy.ts: 9ms, application-code: 2.2s)
  └─ ƒ setCookieConsent({}) in 4ms src/app/preferences-actions.ts
 GET /audit?q=COLL_AUDIT_&cursor=eyJ2IjoxLCJpdiI6ImdmYlUwSlp1ZUFNbEozZk0iLCJ0YWciOiJhUFJMTE5yUm0zc3p2MlM2UHY1VUVRIiwiZGF0YSI6ImZ0U1RScGZQakdxOUhyNllpRzdvUV81UnQtZTJqaUpqS1hFajRLR3BoR25Ga01UTnhyVXV5N1hNSnVFVzhSV2lUOElMbnJGV1E1dm1CQkNaSF9yWC1nSUJQVWZDNHZlVDZya2JaVDJyU2t3N3ZoM08xc3FVMXNMOEpqN3RSU0VhVk0ybmdOOXUyNVFzWW1BV3p4ZWYyV2dEc09FMW01dDBGRHh1dmZveWdfbFYtOUhMU1R0ak1sNm1ZbmlYb1pWTGFJMjNMMWhHbHFsMjU0ZjI3VVdsNFZaU0pWODVFOXJVTmRldnh1b1huYWhXMjFMSDdSUS00Mmw1aC0yUmxWU05nYWRCbk9OZjJiWmlaTTFPSnhmOER4dTFmcDk3ZGFGMXJKel8xRjNZOUtrQS1XbnN3aGhrdEEifQ 200 in 1917ms (next.js: 620ms, proxy.ts: 10ms, application-code: 1286ms)
 GET /audit?q=COLL_AUDIT_001 200 in 1187ms (next.js: 429ms, proxy.ts: 26ms, application-code: 732ms)
 GET /api/auth/get-session 200 in 547ms (next.js: 228ms, proxy.ts: 34ms, application-code: 285ms)
 GET /api/auth/organization/list 200 in 627ms (next.js: 253ms, proxy.ts: 32ms, application-code: 342ms)
 GET /tasks?q=COLL_TASK_ 200 in 2.9s (next.js: 41ms, proxy.ts: 42ms, application-code: 2.8s)
 GET /api/auth/get-session 200 in 201ms (next.js: 75ms, proxy.ts: 37ms, application-code: 89ms)
 GET /api/auth/organization/list 200 in 203ms (next.js: 94ms, proxy.ts: 30ms, application-code: 79ms)
 GET /tasks?q=COLL_TASK_&status=open&cursor=eyJ2IjoxLCJpdiI6IjRCS0Y5bV9oaUt4VVJ2ZWEiLCJ0YWciOiI2Z0VOUi1CU292ZVpubU9kQ21OS2hBIiwiZGF0YSI6IjZ2SUFjZGJUdThEV1BfVHZsZHNIX1VocTBsUXFINE1HbGkxV2JIWUVtSDR4UFRFMmxrb0hNUlQtTENKMDk4djlqQndfT0NyQlpFdTdscEpyLWRCUDV4OGdkWHNIaE12VVFoSjRySnFCVHhSQUhsLWtLcEllcnNfWC1PRUlqRTY5WG93QnFMNFR0b3ZCbHBDR1ZtckVxa2F1LU9NS3dISENqVzNOMFhiTUxkRzJwVVZiUDFxX3I0LWt2SVJYQzN2VGtuMUlvR1RWLS1EUV9vblUwMnRNWmNhRy1lTkxZMEFvdk5zUDh1ajJaWmlxWTlKSE95dnY4ck9iU1g5VkgwNDJzM3BuRldCVTBKSkNwYWVCSnFocWpGRC1YTDZxbkhjTi1Xc0QyeUQ2djNYa3phUzJuVXFlNkEifQ 200 in 338ms (next.js: 100ms, proxy.ts: 18ms, application-code: 220ms)
 GET /tasks?q=COLL_TASK_001&status=open 200 in 298ms (next.js: 8ms, proxy.ts: 7ms, application-code: 283ms)
 GET /api/auth/get-session 200 in 42ms (next.js: 14ms, proxy.ts: 3ms, application-code: 25ms)
 GET /api/auth/organization/list 200 in 45ms (next.js: 24ms, proxy.ts: 4ms, application-code: 17ms)
 GET /tasks?notice=Commentaire+ajout%C3%A9.&id=accca474-7a42-4605-8c9a-6dbabec60204 200 in 118ms (next.js: 3ms, proxy.ts: 22ms, application-code: 93ms)
 POST /tasks?q=COLL_TASK_001&status=open 200 in 155ms (next.js: 4ms, proxy.ts: 4ms, application-code: 148ms)
  └─ ƒ addWorkspaceTaskComment({}) in 17ms src/app/actions.ts
 GET /discussions/tasks/accca474-7a42-4605-8c9a-6dbabec60204 200 in 119ms (next.js: 43ms, proxy.ts: 2ms, application-code: 73ms)
 GET /discussions/tasks/accca474-7a42-4605-8c9a-6dbabec60204?cursor=eyJ2IjoxLCJpdiI6ImRDWG9sV1ZKblJBQTMzTm8iLCJ0YWciOiJmcVlhSUhxcE01ZGZoV2dDeVBnR3VRIiwiZGF0YSI6Ii1hQ2lSSTJxNlItR3hHY2NyTnp2NGdyVFVaX1FmVXlVSDU3dWp5WkVkdmpqdGdQOElJTlFPX3lMdjZVLTU0NGE1WnlQUGZQNlhzanFEQm1QSlkxaWJLUG1XMHVZbU1oX05HdjNwRkZwaHR1ajRWUVVnaXJtUU0wa0NaLXBmQ2VVZU1rNTBxTkItZUlVWl93amhuZERReEpZS3o0U2VNcnYzNEFlS1BzbkJ6RTlNaUR5dTlGUFM2Mmt0RjNpUkNkZER2NUZESGJWYnc2MlZidG5Qei1pVmJFMU9jZmZPNXktelVLVE5fR1p1QXVObkFXdGFQMGdlUVBsVHBoaEJGUGtHckNuNXUzMzVaMnVMYW1Ka0k3ZkpMOHRQZG5wYS1IVUlVLWNEc19HQ3RWZlEwYjktV08yM1EifQ 200 in 57ms (next.js: 6ms, proxy.ts: 6ms, application-code: 44ms)
 GET /discussions/tasks/accca474-7a42-4605-8c9a-6dbabec60204?q=COLL_MESSAGE_001 200 in 173ms (next.js: 5ms, proxy.ts: 2ms, application-code: 166ms)
 GET /api/auth/get-session 200 in 78ms (next.js: 22ms, proxy.ts: 6ms, application-code: 49ms)
 GET /api/auth/organization/list 200 in 107ms (next.js: 28ms, proxy.ts: 6ms, application-code: 73ms)
 GET /alerts?q=COLL_ALERT_ 200 in 744ms (next.js: 67ms, proxy.ts: 6ms, application-code: 671ms)
 GET /api/auth/get-session 200 in 47ms (next.js: 20ms, proxy.ts: 8ms, application-code: 19ms)
 GET /api/auth/organization/list 200 in 51ms (next.js: 15ms, proxy.ts: 6ms, application-code: 30ms)
 GET /alerts?q=COLL_ALERT_&cursor=eyJ2IjoxLCJpdiI6IkRFem9GUG54TkxPck8yMzkiLCJ0YWciOiJ1X0dVTmhkZEc2aHFJV0o1X2lqelVRIiwiZGF0YSI6IkJXN0RKWExmQW04T2dRV3FSdXNrZTNzN2Nyd3Fka0VPTzMxM2hnVi03Q0tyUm9fM1NTXzJiSlJJZkxLa01tMl94V0RTVjBvSGlqWUlpVGhoRDVCdm5WNGZTMXpYZE5SV2ljVHFORGQ0TF9TSzdlQ3RsR0Vfc281YW84d1M4eG5ha1dMY1F1UUlad0FER3JFRUp5UEpJczJsV2ZnVC1BOFduSjZQZkUxZ0ZKdWhhN0MwTE5qV0ctVDduYmd4TzVfd2ZZbWZyeTlTYllja3VxVFZsZTRmZFVQVXBibmIyaVNTVktuRWJ2SXdWRUlGNFUta0haMzR2Wnp2S2NkT3FHUXJqWWVkTWExUGhOazJpa0ZYWGpZVEttaFQ5UjNDaGw2bEJZZ01mYnctc1MtWHBjWjlrQ3RCelEifQ 200 in 268ms (next.js: 5ms, proxy.ts: 4ms, application-code: 259ms)
 GET /alerts?q=COLL_ALERT_001&status= 200 in 184ms (next.js: 4ms, proxy.ts: 4ms, application-code: 177ms)
 GET /api/auth/get-session 200 in 117ms (next.js: 18ms, proxy.ts: 26ms, application-code: 73ms)
 GET /api/auth/organization/list 200 in 114ms (next.js: 28ms, proxy.ts: 24ms, application-code: 62ms)
 GET /approvals?q=COLL_APPROVAL_ 200 in 546ms (next.js: 56ms, proxy.ts: 5ms, application-code: 485ms)
 GET /api/auth/get-session 200 in 67ms (next.js: 23ms, proxy.ts: 9ms, application-code: 35ms)
 GET /api/auth/organization/list 200 in 69ms (next.js: 35ms, proxy.ts: 11ms, application-code: 23ms)
 GET /approvals?q=COLL_APPROVAL_&cursor=eyJ2IjoxLCJpdiI6InJSakNreDlMZ0VtXzRrOEoiLCJ0YWciOiJIbUlPN1NtTFZNMFExWWhYSERSYTNBIiwiZGF0YSI6IlJsM2xFZGhNa2xDVWhuVVkxSTgxVHAzVnVCVkVUbUJ1Ylk2VDRySkMxOXYtSGVmLVFHZG95WEgycVEtLXRWdkpqYlVQWUtBVzNtNlBQWVFnN1BIMGNaaXZIYXdxX0xQOWJWczRtSnNlRUl4NGx0WkM0aTJOSkc2SzcteEVreFhiMTBWd3lZbEFVZmNSYlVVY3ctLTFVMkdOQXVBdkNEbU9fRzEtYkpuVmZxRXJZQ1NyekZfcjhFU0gtUWxQVVVCOEN3Q2JfSUpsTU8zekluZ1NXTFRsVDNLQ1hHX1JtYmplRnV1S1NBcVdWRk40bUF6OEhrd1hLMDg4c3FzVFd3XzctRnVfbFNHX0hxVnZvMnhQNzJndC1aODg2dldqRHVJTnpvYlI1LWZMcnpsczlDOUZRRGZIUFEifQ 200 in 192ms (next.js: 33ms, proxy.ts: 3ms, application-code: 157ms)
 GET /approvals?q=COLL_APPROVAL_001&status= 200 in 134ms (next.js: 2ms, proxy.ts: 1.9ms, application-code: 130ms)
 GET /api/auth/get-session 200 in 65ms (next.js: 7ms, proxy.ts: 3ms, application-code: 55ms)
 GET /api/auth/organization/list 200 in 72ms (next.js: 30ms, proxy.ts: 3ms, application-code: 39ms)
 GET /support?q=COLL_SUPPORT_ 200 in 362ms (next.js: 41ms, proxy.ts: 2ms, application-code: 319ms)
 GET /api/auth/get-session 200 in 28ms (next.js: 6ms, proxy.ts: 3ms, application-code: 19ms)
 GET /api/auth/organization/list 200 in 30ms (next.js: 8ms, proxy.ts: 5ms, application-code: 17ms)
 GET /support?q=COLL_SUPPORT_&cursor=eyJ2IjoxLCJpdiI6InI5SVdyakZJWVlpczhqbHAiLCJ0YWciOiJxQXV2RGM5Q1Q3c0I2a3RxMXZUSDdRIiwiZGF0YSI6ImM2dnIwbUo5cDJwRm5hbWhLVzVvSUo5aDl0NEFQOVExY1JBMS1DUGkyRjE0YWhFR3pNTzZQSk5hOHlTcjRBeDYxOEFXeGozbl9LbVFEZEhyaFpmM3l4S1NsaEdSSkdtdlJjOFpQSlVqZ3BDY0xoVllKWTU1dWdFOGd6TmFkMVNGdzlfdGhSS3A4MGxoUmFId19kZy1fZ2xEdmxqZk1RZ1pBZnlUY01tQ2RnLVBOejRCOVdKRm9sd0RYZjJQTlpTemppaXBHS0VWZzFuSENIa28wWmFpdFBtYnR0NThteDROUWZ6dWdKakVVRGlISjE5cWxlVzV2djRROXE0MmM5ajV1bjR0R0lGN0JyT3gyRk9DMi1ndy1QYU1uZ2NaWkF2bHRNZ0gyMDl2NEo5OEV2Q1o0U1ZvWFEifQ 200 in 149ms (next.js: 3ms, proxy.ts: 3ms, application-code: 142ms)
 GET /support?q=COLL_SUPPORT_001&status= 200 in 165ms (next.js: 3ms, proxy.ts: 3ms, application-code: 159ms)
 GET /api/auth/get-session 200 in 32ms (next.js: 8ms, proxy.ts: 4ms, application-code: 20ms)
 GET /api/auth/organization/list 200 in 36ms (next.js: 16ms, proxy.ts: 4ms, application-code: 16ms)
 GET /tasks?cursor=forged 200 in 175ms (next.js: 4ms, proxy.ts: 6ms, application-code: 165ms)
 GET /api/auth/get-session 200 in 82ms (next.js: 11ms, proxy.ts: 16ms, application-code: 55ms)
 GET /api/auth/organization/list 200 in 78ms (next.js: 43ms, proxy.ts: 17ms, application-code: 18ms)
 GET /support?q=COLL_SUPPORT_ 200 in 127ms (next.js: 4ms, proxy.ts: 3ms, application-code: 120ms)
 GET /api/auth/get-session 200 in 112ms (next.js: 42ms, proxy.ts: 34ms, application-code: 37ms)
 GET /api/auth/organization/list 200 in 106ms (next.js: 44ms, proxy.ts: 24ms, application-code: 37ms)
 GET /discussions/support/dd44b7a8-db4f-423a-9066-49a8604b6dee 404 in 155ms (next.js: 5ms, proxy.ts: 3ms, application-code: 146ms)
 GET /api/auth/get-session 200 in 25ms (next.js: 4ms, proxy.ts: 3ms, application-code: 18ms)
 GET /api/auth/organization/list 200 in 25ms (next.js: 7ms, proxy.ts: 3ms, application-code: 14ms)
  ✓  85 [chromium] › e2e/workspace-collections-local.spec.ts:14:53 › workspace collection navigation › searches older records and conversations in fr (16.6s)
 GET /audit?q=COLL_AUDIT_ 200 in 215ms (next.js: 39ms, proxy.ts: 1.9ms, application-code: 175ms)
 GET /api/auth/get-session 200 in 21ms (next.js: 6ms, proxy.ts: 3ms, application-code: 12ms)
 GET /api/auth/organization/list 200 in 23ms (next.js: 10ms, proxy.ts: 3ms, application-code: 10ms)
 POST /audit?q=COLL_AUDIT_ 200 in 77ms (next.js: 3ms, proxy.ts: 3ms, application-code: 71ms)
  └─ ƒ setCookieConsent({}) in 1ms src/app/preferences-actions.ts
 GET /audit?q=COLL_AUDIT_&cursor=eyJ2IjoxLCJpdiI6IjZucEppZlZTdEdoWkV2ZzkiLCJ0YWciOiJ2MVNlQVoyMDFhejhkUkx1T3Y3ZUNnIiwiZGF0YSI6IlZ0aVJkZnpNcDY5NHV4eFN6WFY3WVRYUkhXNmNLZ3F4dnd6QXczRlJ4WUlrTnlXLXdIS3BOZWpzS0g0WkN1MUtQcFVxU0R2OUFzTlVhUnR6dW9jNGVuOWZVQVZTOGlJR3lhSXZZOXNMT3p4VHRsUjhsVkZQYTBCOV9vT2oybFpMM1ZYTlpvNFM1N2xuemxFdUZ2ZlVoUlR1djFzc3V0VHc3QkEwVFpGNEJtc252WWFUNEpTeVVMdzB1Q19wbGl3TDdHYldYNy1LZVhsN0loTW1OeHVHYVY3M1pUT2k3eDhmYXdYVnViOTNSbEg1SXd2OHJkYUZHTFVxYnBoQU9hc3FOLURGMFBhNmFCajVYRzBtRW1rVTlWRVV4VjFyNFU2NTY5ZHl3VV8yZUFBSVdka2RuV3dQTHcifQ 200 in 58ms (next.js: 4ms, proxy.ts: 3ms, application-code: 51ms)
 GET /audit?q=COLL_AUDIT_001 200 in 140ms (next.js: 2ms, proxy.ts: 1.9ms, application-code: 136ms)
 GET /api/auth/get-session 200 in 158ms (next.js: 84ms, proxy.ts: 40ms, application-code: 34ms)
 GET /api/auth/organization/list 200 in 161ms (next.js: 86ms, proxy.ts: 41ms, application-code: 34ms)
 GET /tasks?q=COLL_TASK_ 200 in 629ms (next.js: 7ms, proxy.ts: 2ms, application-code: 620ms)
 GET /api/auth/get-session 200 in 59ms (next.js: 16ms, proxy.ts: 5ms, application-code: 39ms)
 GET /api/auth/organization/list 200 in 72ms (next.js: 28ms, proxy.ts: 6ms, application-code: 38ms)
 GET /tasks?q=COLL_TASK_&status=open&cursor=eyJ2IjoxLCJpdiI6Ikc1Wnk1ckMtRzVQWk1GbmYiLCJ0YWciOiI0WlZ4R3dSSFB0T0l5alYtTy1pQV93IiwiZGF0YSI6ImtoM0hvei1IbUVEeEdROUJnMjVzYzk0ZVRKNjc3NzRYTnZpUkJ2a2xWbVdFYmx6WlZsNUE2elctSVF0dHdmUHlNZU9QLWJSZ2tpb254bS1wLWxuLS1BeDhWczBPT19nSGVOUlM4T1hkdjFrQUJfbGVRal9fbkVMY3o1RmdUTDEyNFYxVG1RLVF1cU9UbUI1alJURFpwU1BCU1BJaGItb2pZTGU4M0ZXMXZfdlRmUjd6ZHNIdkxNUDdPcGF2M1RSa0V0cHIzWk9ZYjZLUGR3dWo4dFJKSHdvbHJxb3pnbzRaY2NQRWVPZ094NmF0RzFGUkw2eFA4N2xvek5NLTZGeGw4NzZRcVR0ZFR5R1hsYnI4QUtxcnpqdEFIeHZJOVJIUHgtUVYxNEliWVN2T2x4Q3pWMWxveFEifQ 200 in 179ms (next.js: 8ms, proxy.ts: 8ms, application-code: 163ms)
 GET /tasks?q=COLL_TASK_001&status=open 200 in 225ms (next.js: 5ms, proxy.ts: 3ms, application-code: 216ms)
 GET /api/auth/get-session 200 in 29ms (next.js: 7ms, proxy.ts: 9ms, application-code: 13ms)
 GET /api/auth/organization/list 200 in 32ms (next.js: 10ms, proxy.ts: 9ms, application-code: 13ms)
 GET /tasks?notice=Commentaire+ajout%C3%A9.&id=a0412cf2-e27f-4928-b832-14d387174e5d 200 in 95ms (next.js: 2ms, proxy.ts: 3ms, application-code: 90ms)
 POST /tasks?q=COLL_TASK_001&status=open 200 in 128ms (next.js: 5ms, proxy.ts: 3ms, application-code: 119ms)
  └─ ƒ addWorkspaceTaskComment({}) in 15ms src/app/actions.ts
 GET /discussions/tasks/a0412cf2-e27f-4928-b832-14d387174e5d 200 in 46ms (next.js: 5ms, proxy.ts: 2ms, application-code: 38ms)
 GET /discussions/tasks/a0412cf2-e27f-4928-b832-14d387174e5d?cursor=eyJ2IjoxLCJpdiI6Ilc4YU1rVEJRcnc0U1BnVE4iLCJ0YWciOiJuQjFmNmwzXzRmUmJJT0VTLTRhcUFRIiwiZGF0YSI6ImFwcFBtWVhuWVI1LXJjbXc5WHBrZHQ2WFhMbWNyLUVaNWlvQ1VHSFo4dDJyWTc3TjNhb0c0RFpDQjh3U3lyMngxcDB0N3MyYnk4azM5eUhXNWxhUDdmUTJ5WG9Td3dlUk0yUmYxc1NIWVd3YUwwSldhX09ydGR1WDg4U01HMm42M3hTMXNTdndERzdnNTlUd2psN2stQ3RmNTVmMzNhMXV1eF9fNFVIb01EaXNGY2pjRkhUbk9RaldYU2tNUlMyR1I3TnFwWkFIVHJYZUdZOEJDQkVYSmdsUkdBN0pkakNvcDViMmtmTW15QVpuaDNtNG1BeXFaaW1qeWlBQWtldmdEcjF6WnFNUDQzRGtGR3BMQUVFazVDWHFfQ2dSOHFnejgtU1ZjeHlBekZwME9qNTBpWGdXeUEifQ 200 in 46ms (next.js: 4ms, proxy.ts: 3ms, application-code: 39ms)
 GET /discussions/tasks/a0412cf2-e27f-4928-b832-14d387174e5d?q=COLL_MESSAGE_001 200 in 137ms (next.js: 3ms, proxy.ts: 3ms, application-code: 131ms)
 GET /api/auth/get-session 200 in 37ms (next.js: 11ms, proxy.ts: 4ms, application-code: 23ms)
 GET /api/auth/organization/list 200 in 41ms (next.js: 20ms, proxy.ts: 4ms, application-code: 16ms)
 GET /alerts?q=COLL_ALERT_ 200 in 507ms (next.js: 6ms, proxy.ts: 6ms, application-code: 496ms)
 GET /api/auth/get-session 200 in 27ms (next.js: 6ms, proxy.ts: 11ms, application-code: 10ms)
 GET /api/auth/organization/list 200 in 29ms (next.js: 9ms, proxy.ts: 11ms, application-code: 9ms)
 GET /alerts?q=COLL_ALERT_&cursor=eyJ2IjoxLCJpdiI6IndacklVNEZJODMtVWNXSXEiLCJ0YWciOiJJVkZqcjl4Z2x2dFVybzJZUDliUDdRIiwiZGF0YSI6ImM1UGdzMDRhZ0ZmWGlGWXFucE5QSEx3QUdaYVB0RFNTdjJnVmxyOHFLdTllLU4wbDFLcGRsakRvVm1oUm5TQkQ4ck12OVFDRWNFVlpHcXVLWXJHMkNuZ0NKcVlyeU9qdzM5T3ZBWTJHZHpJa3hieXdJN3lHZmFrQWkwUmM3el80RGpnX2oyOFE2TkRLR05yMURPb0E4M0R0RVROeWE3NkdjZkRsUEdwVFhwZXRLMS10ZWpHYXRrNUhUQzh5TzZwMUZmX0VFNy1KdnR3aHlGUld3VE43VHhZQWIwd3czbkxfeHgzM2Fhb2tfcEtqYmx3SXZyUW9JeDgxdm5fel95RFN6ZTJmV25TMjZYT1VHaEsyVzVlZnpVX3BJMy1SVXAzX0RMSXpHMFFhc05LemMwX1JqOXl2U3cifQ 200 in 108ms (next.js: 3ms, proxy.ts: 4ms, application-code: 101ms)
 GET /alerts?q=COLL_ALERT_001&status= 200 in 180ms (next.js: 3ms, proxy.ts: 3ms, application-code: 174ms)
 GET /api/auth/get-session 200 in 131ms (next.js: 30ms, proxy.ts: 32ms, application-code: 70ms)
 GET /api/auth/organization/list 200 in 138ms (next.js: 34ms, proxy.ts: 30ms, application-code: 74ms)
 GET /approvals?q=COLL_APPROVAL_ 200 in 449ms (next.js: 7ms, proxy.ts: 16ms, application-code: 425ms)
 GET /api/auth/get-session 200 in 49ms (next.js: 8ms, proxy.ts: 10ms, application-code: 31ms)
 GET /api/auth/organization/list 200 in 51ms (next.js: 13ms, proxy.ts: 11ms, application-code: 27ms)
 GET /approvals?q=COLL_APPROVAL_&cursor=eyJ2IjoxLCJpdiI6IkRXeTNaZjdFU0hfRmNOaWsiLCJ0YWciOiJMZE5ZTWtiUUpsWEVvQ0lmTlZVbkJRIiwiZGF0YSI6IjMzdFN0a0l4MGRvX1ozQlhySmJ5RzdXeHVSNkxZVGFIazdlbzA1dTJXVlJVU1JFTmZ5SGQtOFJCNGVkN1BDYklwbm12VG94QUxEX3dKRGg3c0VIeUpyb2pxdy1uRzRVZEFDMHBQODRHZml2YVhFblA1TXJGcDRpVmdXRWlWazJzRGpCYlZod3l0R1UtRXZkRlhfVFdmWGo3SGdrektQdWFSbmJCRjdtcmhfRUNnenVRLXR0SDZKTEV2VjBCMlFzcndRam1OZl9RcVFtaHFPM0V1YnM2LWctWTZwX2hNZDZjY3FBNUh5UUhMcE5aMGRoVkdQQmMyYzVVaVdPUEU1aG9GZXBTaEZTdlc3enJ3ZU50RnNleEJlZ294U1J5bkhDbmNmWGxSZFBFakhNMURDNGlhM2RqbFEifQ 200 in 156ms (next.js: 5ms, proxy.ts: 4ms, application-code: 147ms)
 GET /approvals?q=COLL_APPROVAL_001&status= 200 in 127ms (next.js: 2ms, proxy.ts: 2ms, application-code: 123ms)
 GET /api/auth/get-session 200 in 96ms (next.js: 60ms, proxy.ts: 13ms, application-code: 24ms)
 GET /api/auth/organization/list 200 in 301ms (next.js: 63ms, proxy.ts: 13ms, application-code: 225ms)
 GET /support?q=COLL_SUPPORT_ 200 in 368ms (next.js: 3ms, proxy.ts: 2ms, application-code: 362ms)
 GET /api/auth/get-session 200 in 24ms (next.js: 8ms, proxy.ts: 3ms, application-code: 13ms)
 GET /api/auth/organization/list 200 in 28ms (next.js: 11ms, proxy.ts: 4ms, application-code: 12ms)
 GET /support?q=COLL_SUPPORT_&cursor=eyJ2IjoxLCJpdiI6Im1CdFUzanNLbW85NWV4VnQiLCJ0YWciOiIzU1hMazQyRW9VandaVlh0ZHJJbDJRIiwiZGF0YSI6Ijl5Y2htX2ZiUmVhbzQ1ZzVaZVEwbkZGQXZFdTZqZTJ5Wk4wSzItUm9KVXVEYzZVVFJ6NnNIQXRycDgzelJfeTl0TDRZZFFOUWh0Y0loTW9iUDVSQjlFV0ZzcllrbWsxVEVCS0U1ZUJ6NTZCc1ZHMlRXeEkwWWhlMEU3SnNMbkVzLUE0MHA1Y3NvM0tpRVpaSExONTNhZ0EwTF9OWVVZRFZGdGpGRVNCNXUxSTFiS3hyNDAtdHJhWTJ5UEtkS2lLYjJxN1N0bmo1RjhyVG9KcGNwc2NVTnJjaXMySEQzQ3Jzd2FxVzBZYmw1ZnpxSDB1OFltbU9ZWE9IYk05MGIxX0k2TzAxSGtKblRWWE9YZW9BWVZZZkhMWnFsSXRXM01fc3kxWGtzc0lzMVlac1l1d2lJWXg2N0EifQ 200 in 90ms (next.js: 3ms, proxy.ts: 2ms, application-code: 85ms)
 GET /support?q=COLL_SUPPORT_001&status= 200 in 120ms (next.js: 2ms, proxy.ts: 2.0ms, application-code: 116ms)
 GET /api/auth/get-session 200 in 25ms (next.js: 6ms, proxy.ts: 3ms, application-code: 16ms)
 GET /api/auth/organization/list 200 in 26ms (next.js: 13ms, proxy.ts: 3ms, application-code: 11ms)
 GET /tasks?cursor=forged 200 in 160ms (next.js: 3ms, proxy.ts: 5ms, application-code: 152ms)
 GET /api/auth/get-session 200 in 38ms (next.js: 9ms, proxy.ts: 3ms, application-code: 26ms)
 GET /api/auth/organization/list 200 in 40ms (next.js: 16ms, proxy.ts: 4ms, application-code: 20ms)
 GET /support?q=COLL_SUPPORT_ 200 in 113ms (next.js: 2ms, proxy.ts: 1.9ms, application-code: 109ms)
 GET /api/auth/get-session 200 in 94ms (next.js: 29ms, proxy.ts: 32ms, application-code: 33ms)
 GET /api/auth/organization/list 200 in 88ms (next.js: 33ms, proxy.ts: 23ms, application-code: 33ms)
 GET /discussions/support/b03d9171-531c-4170-8697-b2c36a37ee55 404 in 132ms (next.js: 6ms, proxy.ts: 3ms, application-code: 123ms)
  ✓  86 [chromium] › e2e/workspace-collections-local.spec.ts:14:53 › workspace collection navigation › searches older records and conversations in en (8.6s)


  1) [chromium] › e2e/public-status-local.spec.ts:13:53 › truthful public status › shows unknown health and complete incident history in fr 

    Error: expect(locator).toBeVisible() failed

    Locator: getByRole('alert')
    Expected: visible
    Error: strict mode violation: getByRole('alert') resolved to 2 elements:
        1) <p role="alert">Ce lien de page est invalide ou expiré.</p> aka getByText('Ce lien de page est invalide')
        2) <div role="alert" aria-live="assertive" id="__next-route-announcer__"></div> aka locator('[id="__next-route-announcer__"]')

    Call log:
      - Expect "toBeVisible" with timeout 15000ms
      - waiting for getByRole('alert')


      41 |         await page.screenshot({ caret: 'initial', path: test.info().outputPath(`status-history-${locale}.png`), fullPage: true })
      42 |         await page.goto('/status?cursor=forged')
    > 43 |         await expect(page.getByRole('alert')).toBeVisible()
         |                                               ^
      44 |         await expect(page.getByRole('heading', { name: /Incident majeur|Major outage/ })).toBeVisible()
      45 |         expect((await page.goto(`/status/${privateId}`))?.status()).toBe(404)
      46 |         expect((await page.goto('/status/invalid'))?.status()).toBe(404)
        at /Users/yoannandrieux/Projets/yodev-ads/web/e2e/public-status-local.spec.ts:43:47

    Error Context: test-results/public-status-local-truthf-c5235-lete-incident-history-in-fr-chromium/error-context.md

    Error Context: test-results/public-status-local-truthf-c5235-lete-incident-history-in-fr-chromium/error-context.md

  2) [chromium] › e2e/report-editions-local.spec.ts:16:53 › published report editions › creates every period and preserves HTML PDF CSV through revision in fr 

    Error: expect(received).toEqual(expected) // deep equality

    - Expected  -  1
    + Received  + 55

    - Array []
    + Array [
    +   "Hydration failed because the server rendered HTML didn't match the client. As a result this tree will be regenerated on the client. This can happen if a SSR-ed Client Component used:
    +
    + - A server/client branch `if (typeof window !== 'undefined')`.
    + - Variable input such as `Date.now()` or `Math.random()` which changes each time it's called.
    + - Date formatting in a user's locale which doesn't match the server.
    + - External changing data without sending a snapshot of it along with the HTML.
    + - Invalid HTML tag nesting.
    +
    + It can also happen if the client has a browser extension installed which messes with the HTML before React loaded.
    +
    + https://react.dev/link/hydration-mismatch
    +
    +   ...
    +     <HTTPAccessFallbackBoundary notFound={<SegmentViewNode>} forbidden={undefined} unauthorized={undefined}>
    +       <HTTPAccessFallbackErrorBoundary pathname=\"/reports\" notFound={<SegmentViewNode>} forbidden={undefined} ...>
    +         <RedirectBoundary>
    +           <RedirectErrorBoundary router={{...}}>
    +             <InnerLayoutRouter url=\"/reports\" tree={[...]} params={{}} cacheNode={{rsc:{...}, ...}} segmentPath={[...]} ...>
    +               <SegmentViewNode type=\"layout\" pagePath=\"(app)/layo...\">
    +                 <SegmentTrieNode>
    +                 <script>
    +                 <script>
    +                 <AppLayout>
    +                   <div className=\"workspace-...\">
    +                     <SkipToContent>
    +                     <BrandStyles>
    +                     <aside>
    +                     <div className=\"lg:pl-64\">
    +                       <header className=\"sticky top...\">
    +                         <LinkComponent>
    +                         <div>
    +                         <div className=\"flex shrin...\">
    +                           <LinkComponent>
    +                           <AccountMenu locale=\"fr\">
    +                             <div className=\"flex items...\">
    + +                             <select
    + +                               disabled={false}
    + +                               aria-busy={false}
    + +                               aria-label=\"Workspace actif\"
    + +                               value=\"local-browser-fixture-main\"
    + +                               onChange={function onChange}
    + +                               className=\"h-9 max-w-28 sm:max-w-48 rounded-lg border bg-white px-2 text-sm\"
    + +                             >
    + -                             <a
    + -                               aria-label=\"Sécurité du compte\"
    + -                               title=\"\"
    + -                               className=\"grid size-9 place-items-center rounded-full bg-[#e6f8ef] text-[#168977]\"
    + -                               href=\"/account\"
    + -                             >
    +                               ...
    +                       ...
    +             ...
    + ",
    + ]

      119 |         const readerContext = await browser.newContext({ baseURL: process.env.PLAYWRIGHT_BASE_URL, storageState: process.env.PLAYWRIGHT_STRATEGIST_STORAGE_STATE })
      120 |         try { const reader = await readerContext.newPage(); await reader.goto('/reports'); await expect(reader.locator('#report-label')).toHaveCount(0); await expect(reader.getByRole('button', { name: /Publish corrected edition|Publier une édition corrigée/ })).toHaveCount(0) } finally { await readerContext.close() }
    > 121 |         expect(errors).toEqual([])
          |                        ^
      122 |       } finally {
      123 |         await context.close()
      124 |         await db.query('delete from rate_limit_buckets where key_hash=any($1::text[])', [ipKeys])
        at /Users/yoannandrieux/Projets/yodev-ads/web/e2e/report-editions-local.spec.ts:121:24

    Error Context: test-results/report-editions-local-publ-9c220--CSV-through-revision-in-fr-chromium/error-context.md

    Error Context: test-results/report-editions-local-publ-9c220--CSV-through-revision-in-fr-chromium/error-context.md

  2 failed
    [chromium] › e2e/public-status-local.spec.ts:13:53 › truthful public status › shows unknown health and complete incident history in fr 
    [chromium] › e2e/report-editions-local.spec.ts:16:53 › published report editions › creates every period and preserves HTML PDF CSV through revision in fr 
  2 did not run
  82 passed (5.7m)
{"ok":true,"cleaned":"local-browser-fixtures"}
[?25h
