
> @yodev/ads@0.1.0 test:e2e:local
> node scripts/verify-local-browser.mjs

{"ok":true,"fixtureRoles":["owner","admin","strategist","analyst","client"],"foreignExportId":"80000000-0000-4000-8000-000000000003"}

> @yodev/ads@0.1.0 dev
> next dev --hostname 127.0.0.1 --port 3017

▲ Next.js 16.3.4 (Turbopack)
- Local:         http://127.0.0.1:3017
- Network:       http://127.0.0.1:3017
- Environments: .env.local
✓ Ready in 257ms
✓ Running next.config.ts took 534ms
- Experiments (use with caution):
  · clientTraceMetadata

 GET /sign-in 200 in 1329ms (next.js: 968ms, proxy.ts: 6ms, application-code: 355ms)
 POST /api/auth/sign-in/email 200 in 1044ms (next.js: 848ms, proxy.ts: 3ms, application-code: 192ms)
 POST /api/auth/sign-in/email 200 in 131ms (next.js: 38ms, proxy.ts: 5ms, application-code: 88ms)
 POST /api/auth/sign-in/email 200 in 84ms (next.js: 3ms, proxy.ts: 3ms, application-code: 78ms)
 POST /api/auth/sign-in/email 200 in 80ms (next.js: 2ms, proxy.ts: 2ms, application-code: 76ms)
 POST /api/auth/sign-in/email 200 in 93ms (next.js: 2ms, proxy.ts: 15ms, application-code: 76ms)
 GET /dashboard 200 in 536ms (next.js: 195ms, proxy.ts: 3ms, application-code: 338ms)
 GET /settings 200 in 266ms (next.js: 31ms, proxy.ts: 3ms, application-code: 233ms)
 GET /billing 200 in 172ms (next.js: 26ms, proxy.ts: 2ms, application-code: 143ms)
 GET /support 200 in 137ms (next.js: 13ms, proxy.ts: 1.9ms, application-code: 122ms)
 GET /accounts 200 in 124ms (next.js: 20ms, proxy.ts: 1.8ms, application-code: 102ms)
 GET /history 200 in 130ms (next.js: 20ms, proxy.ts: 1.8ms, application-code: 108ms)
 GET /alerts 200 in 141ms (next.js: 19ms, proxy.ts: 2ms, application-code: 120ms)
 GET /tasks 200 in 149ms (next.js: 19ms, proxy.ts: 1.8ms, application-code: 128ms)
 GET /approvals 200 in 140ms (next.js: 21ms, proxy.ts: 1.9ms, application-code: 117ms)
 GET /sign-in 200 in 185ms (next.js: 49ms, proxy.ts: 10ms, application-code: 126ms)
 GET /reports 200 in 257ms (next.js: 33ms, proxy.ts: 1.9ms, application-code: 223ms)
 GET /audit 200 in 147ms (next.js: 21ms, proxy.ts: 4ms, application-code: 123ms)
 GET /agents 200 in 197ms (next.js: 18ms, proxy.ts: 2ms, application-code: 177ms)
 GET / 200 in 108ms (next.js: 19ms, proxy.ts: 2ms, application-code: 87ms)
 GET /privacy 200 in 54ms (next.js: 13ms, proxy.ts: 1.8ms, application-code: 39ms)
 GET /terms 200 in 53ms (next.js: 14ms, proxy.ts: 3ms, application-code: 36ms)
 GET /subprocessors 200 in 114ms (next.js: 48ms, proxy.ts: 1.7ms, application-code: 65ms)
 GET /status 200 in 131ms (next.js: 36ms, proxy.ts: 2.0ms, application-code: 93ms)
 GET /sign-in 200 in 117ms (next.js: 8ms, proxy.ts: 3ms, application-code: 106ms)
 GET /sign-up 200 in 684ms (next.js: 637ms, proxy.ts: 5ms, application-code: 42ms)
Local browser states ready in /var/folders/9h/sbxl7zl90j9_wc743xft5j8h0000gn/T/yodev-ads-browser-knUl7A
 GET /sign-in 200 in 88ms (next.js: 17ms, proxy.ts: 9ms, application-code: 62ms)
 GET /icon?a62dacc6b033a714 200 in 216ms (next.js: 84ms, proxy.ts: 7ms, application-code: 125ms)

Running 86 tests using 1 worker

(node:58682) Warning: The 'NO_COLOR' env is ignored due to the 'FORCE_COLOR' env being set.
(Use `node --trace-warnings ...` to show where the warning was created)
 GET /accounts 200 in 104ms (next.js: 2ms, proxy.ts: 2ms, application-code: 100ms)
 GET /api/auth/get-session 200 in 40ms (next.js: 6ms, proxy.ts: 3ms, application-code: 31ms)
 GET /api/auth/organization/list 200 in 47ms (next.js: 12ms, proxy.ts: 3ms, application-code: 32ms)
 GET /accounts?selection=saved 200 in 57ms (next.js: 2ms, proxy.ts: 3ms, application-code: 51ms)
 POST /accounts 200 in 94ms (next.js: 2ms, proxy.ts: 2ms, application-code: 89ms)
  └─ ƒ updateManagedAccounts({}) in 19ms src/app/account-selection-actions.ts
 GET /accounts?selection=workspace_changed 200 in 99ms (next.js: 1.6ms, proxy.ts: 2ms, application-code: 96ms)
 POST /accounts?selection=saved 200 in 120ms (next.js: 4ms, proxy.ts: 6ms, application-code: 110ms)
  └─ ƒ updateManagedAccounts({}) in 6ms src/app/account-selection-actions.ts
 GET /accounts?selection=unavailable 200 in 58ms (next.js: 1.9ms, proxy.ts: 2ms, application-code: 53ms)
 POST /accounts?selection=workspace_changed 200 in 87ms (next.js: 3ms, proxy.ts: 4ms, application-code: 80ms)
  └─ ƒ updateManagedAccounts({}) in 13ms src/app/account-selection-actions.ts
 GET /accounts 200 in 95ms (next.js: 1.8ms, proxy.ts: 2.0ms, application-code: 91ms)
 GET /api/auth/get-session 200 in 41ms (next.js: 17ms, proxy.ts: 3ms, application-code: 20ms)
 GET /api/auth/organization/list 200 in 43ms (next.js: 13ms, proxy.ts: 12ms, application-code: 18ms)
 POST /accounts 200 in 13ms (next.js: 1.9ms, proxy.ts: 3ms, application-code: 9ms)
  ✓   1 [chromium] › e2e/account-selection-actors-local.spec.ts:6:7 › account selection actor fr saves and refuses stale workspace, role and grace forms (1.8s)
 GET /accounts?selection=unavailable 200 in 105ms (next.js: 3ms, proxy.ts: 2ms, application-code: 101ms)
 GET /accounts 200 in 109ms (next.js: 2.0ms, proxy.ts: 2ms, application-code: 105ms)
 GET /api/auth/get-session 200 in 24ms (next.js: 4ms, proxy.ts: 3ms, application-code: 16ms)
 GET /api/auth/organization/list 200 in 27ms (next.js: 8ms, proxy.ts: 3ms, application-code: 15ms)
 GET /accounts?selection=saved 200 in 61ms (next.js: 1.8ms, proxy.ts: 1.9ms, application-code: 58ms)
 POST /accounts 200 in 92ms (next.js: 4ms, proxy.ts: 6ms, application-code: 82ms)
  └─ ƒ updateManagedAccounts({}) in 14ms src/app/account-selection-actions.ts
 GET /accounts?selection=workspace_changed 200 in 62ms (next.js: 1.7ms, proxy.ts: 2ms, application-code: 58ms)
 POST /accounts?selection=saved 200 in 76ms (next.js: 2ms, proxy.ts: 3ms, application-code: 71ms)
  └─ ƒ updateManagedAccounts({}) in 5ms src/app/account-selection-actions.ts
 GET /accounts?selection=unavailable 200 in 51ms (next.js: 1.7ms, proxy.ts: 2ms, application-code: 47ms)
 POST /accounts?selection=workspace_changed 200 in 67ms (next.js: 2ms, proxy.ts: 4ms, application-code: 61ms)
  └─ ƒ updateManagedAccounts({}) in 6ms src/app/account-selection-actions.ts
 GET /accounts 200 in 107ms (next.js: 1.7ms, proxy.ts: 2ms, application-code: 103ms)
 GET /api/auth/get-session 200 in 23ms (next.js: 9ms, proxy.ts: 3ms, application-code: 11ms)
 GET /api/auth/organization/list 200 in 25ms (next.js: 11ms, proxy.ts: 4ms, application-code: 9ms)
 POST /accounts 200 in 11ms (next.js: 4ms, proxy.ts: 3ms, application-code: 4ms)
  ✓   2 [chromium] › e2e/account-selection-actors-local.spec.ts:6:7 › account selection actor en saves and refuses stale workspace, role and grace forms (1.6s)
(node:58682) DeprecationWarning: Calling client.query() when the client is already executing a query is deprecated and will be removed in pg@9.0. Use async/await or an external async flow control mechanism instead.
 GET /accounts?selection=unavailable 200 in 63ms (next.js: 2ms, proxy.ts: 2ms, application-code: 59ms)
 GET /operations 200 in 345ms (next.js: 25ms, proxy.ts: 2ms, application-code: 318ms)
 GET /api/auth/get-session 200 in 22ms (next.js: 6ms, proxy.ts: 3ms, application-code: 13ms)
 GET /api/auth/organization/list 200 in 25ms (next.js: 10ms, proxy.ts: 3ms, application-code: 12ms)
  ✓   3 [chromium] › e2e/activation-local.spec.ts:7:7 › operations counts published reports and excludes legacy or future activation (1.0s)
 GET /alerts?id=47b94c6c-54c4-4fc0-8085-53b7f970a8ee 200 in 157ms (next.js: 3ms, proxy.ts: 2ms, application-code: 151ms)
 GET /api/auth/get-session 200 in 27ms (next.js: 10ms, proxy.ts: 3ms, application-code: 15ms)
 GET /api/auth/organization/list 200 in 33ms (next.js: 13ms, proxy.ts: 4ms, application-code: 16ms)
 GET /alerts?notice=Avis+sur+la+qualit%C3%A9+de+l%E2%80%99alerte+enregistr%C3%A9.&id=47b94c6c-54c4-4fc0-8085-53b7f970a8ee 200 in 120ms (next.js: 5ms, proxy.ts: 4ms, application-code: 111ms)
 POST /alerts?id=47b94c6c-54c4-4fc0-8085-53b7f970a8ee 200 in 162ms (next.js: 4ms, proxy.ts: 3ms, application-code: 155ms)
  └─ ƒ reviewWorkspaceAlertQuality({}) in 17ms src/app/actions.ts
 GET /alerts?error=Cette+observation+ou+cet+avis+a+chang%C3%A9.+Actualisez+la+page+avant+de+l%E2%80%99%C3%A9valuer+%C3%A0+nouveau.&id=47b94c6c-54c4-4fc0-8085-53b7f970a8ee 200 in 61ms (next.js: 1.9ms, proxy.ts: 2ms, application-code: 57ms)
 POST /alerts?notice=Avis%20sur%20la%20qualit%C3%A9%20de%20l%E2%80%99alerte%20enregistr%C3%A9.&id=47b94c6c-54c4-4fc0-8085-53b7f970a8ee 200 in 89ms (next.js: 7ms, proxy.ts: 5ms, application-code: 77ms)
  └─ ƒ reviewWorkspaceAlertQuality({}) in 9ms src/app/actions.ts
 GET /alerts?notice=Avis+sur+la+qualit%C3%A9+de+l%E2%80%99alerte+enregistr%C3%A9.&id=47b94c6c-54c4-4fc0-8085-53b7f970a8ee 200 in 70ms (next.js: 2ms, proxy.ts: 2ms, application-code: 66ms)
 POST /alerts?error=Cette%20observation%20ou%20cet%20avis%20a%20chang%C3%A9.%20Actualisez%20la%20page%20avant%20de%20l%E2%80%99%C3%A9valuer%20%C3%A0%20nouveau.&id=47b94c6c-54c4-4fc0-8085-53b7f970a8ee 200 in 89ms (next.js: 1.7ms, proxy.ts: 3ms, application-code: 84ms)
  └─ ƒ reviewWorkspaceAlertQuality({}) in 9ms src/app/actions.ts
 GET /alerts?q=QUALITY_d7d19d96-294f-4b84-9382-8ab6c0c5a540 200 in 604ms (next.js: 1.7ms, proxy.ts: 2ms, application-code: 600ms)
 GET /api/auth/get-session 200 in 122ms (next.js: 24ms, proxy.ts: 11ms, application-code: 86ms)
 GET /api/auth/organization/list 200 in 167ms (next.js: 50ms, proxy.ts: 10ms, application-code: 107ms)
 GET /alerts?id=47b94c6c-54c4-4fc0-8085-53b7f970a8ee 200 in 292ms (next.js: 12ms, proxy.ts: 31ms, application-code: 250ms)
 GET /api/auth/get-session 200 in 37ms (next.js: 6ms, proxy.ts: 3ms, application-code: 27ms)
 GET /api/auth/organization/list 200 in 40ms (next.js: 11ms, proxy.ts: 4ms, application-code: 24ms)
 GET /alerts?notice=Avis+sur+la+qualit%C3%A9+de+l%E2%80%99alerte+enregistr%C3%A9.&id=47b94c6c-54c4-4fc0-8085-53b7f970a8ee 200 in 77ms (next.js: 1.7ms, proxy.ts: 2.0ms, application-code: 74ms)
 POST /alerts?id=47b94c6c-54c4-4fc0-8085-53b7f970a8ee 200 in 112ms (next.js: 2ms, proxy.ts: 15ms, application-code: 95ms)
  └─ ƒ reviewWorkspaceAlertQuality({}) in 12ms src/app/actions.ts
 GET /alerts?id=47b94c6c-54c4-4fc0-8085-53b7f970a8ee 200 in 129ms (next.js: 1.9ms, proxy.ts: 3ms, application-code: 124ms)
 GET /api/auth/get-session 200 in 70ms (next.js: 44ms, proxy.ts: 3ms, application-code: 23ms)
 GET /api/auth/organization/list 200 in 104ms (next.js: 47ms, proxy.ts: 3ms, application-code: 54ms)
 GET /alerts?notice=Avis%20sur%20la%20qualit%C3%A9%20de%20l%E2%80%99alerte%20enregistr%C3%A9.&id=47b94c6c-54c4-4fc0-8085-53b7f970a8ee 200 in 150ms (next.js: 5ms, proxy.ts: 4ms, application-code: 141ms)
  ✓   4 [chromium] › e2e/alert-quality-local.spec.ts:6:7 › alert quality fr reviews a specific observation without changing workflow (3.6s)
 GET /alerts?id=1ec346c4-6ae2-4b01-93f3-f31a14382c80 200 in 127ms (next.js: 1.6ms, proxy.ts: 1.9ms, application-code: 123ms)
 GET /api/auth/get-session 200 in 42ms (next.js: 5ms, proxy.ts: 3ms, application-code: 34ms)
 GET /api/auth/organization/list 200 in 43ms (next.js: 21ms, proxy.ts: 4ms, application-code: 19ms)
 GET /alerts?notice=Alert+quality+review+saved.&id=1ec346c4-6ae2-4b01-93f3-f31a14382c80 200 in 62ms (next.js: 1.5ms, proxy.ts: 1.7ms, application-code: 59ms)
 POST /alerts?id=1ec346c4-6ae2-4b01-93f3-f31a14382c80 200 in 78ms (next.js: 1.7ms, proxy.ts: 2ms, application-code: 74ms)
  └─ ƒ reviewWorkspaceAlertQuality({}) in 8ms src/app/actions.ts
 GET /alerts?error=This+observation+or+review+has+changed.+Refresh+the+page+before+reviewing+it+again.&id=1ec346c4-6ae2-4b01-93f3-f31a14382c80 200 in 64ms (next.js: 1.9ms, proxy.ts: 2ms, application-code: 60ms)
 POST /alerts?notice=Alert%20quality%20review%20saved.&id=1ec346c4-6ae2-4b01-93f3-f31a14382c80 200 in 81ms (next.js: 1.9ms, proxy.ts: 3ms, application-code: 77ms)
  └─ ƒ reviewWorkspaceAlertQuality({}) in 8ms src/app/actions.ts
 GET /alerts?notice=Alert+quality+review+saved.&id=1ec346c4-6ae2-4b01-93f3-f31a14382c80 200 in 56ms (next.js: 1.7ms, proxy.ts: 2ms, application-code: 52ms)
 POST /alerts?error=This%20observation%20or%20review%20has%20changed.%20Refresh%20the%20page%20before%20reviewing%20it%20again.&id=1ec346c4-6ae2-4b01-93f3-f31a14382c80 200 in 75ms (next.js: 2ms, proxy.ts: 3ms, application-code: 69ms)
  └─ ƒ reviewWorkspaceAlertQuality({}) in 9ms src/app/actions.ts
 GET /alerts?q=QUALITY_0ef72188-d680-4c2d-a4a9-6d049714b9d5 200 in 419ms (next.js: 2.0ms, proxy.ts: 3ms, application-code: 414ms)
 GET /api/auth/get-session 200 in 77ms (next.js: 38ms, proxy.ts: 3ms, application-code: 36ms)
 GET /api/auth/organization/list 200 in 109ms (next.js: 43ms, proxy.ts: 5ms, application-code: 61ms)
 GET /alerts?id=1ec346c4-6ae2-4b01-93f3-f31a14382c80 200 in 187ms (next.js: 5ms, proxy.ts: 22ms, application-code: 160ms)
 GET /api/auth/get-session 200 in 24ms (next.js: 8ms, proxy.ts: 3ms, application-code: 13ms)
 GET /api/auth/organization/list 200 in 26ms (next.js: 3ms, proxy.ts: 3ms, application-code: 20ms)
 GET /alerts?notice=Alert+quality+review+saved.&id=1ec346c4-6ae2-4b01-93f3-f31a14382c80 200 in 66ms (next.js: 1.7ms, proxy.ts: 2ms, application-code: 62ms)
 POST /alerts?id=1ec346c4-6ae2-4b01-93f3-f31a14382c80 200 in 85ms (next.js: 2ms, proxy.ts: 3ms, application-code: 80ms)
  └─ ƒ reviewWorkspaceAlertQuality({}) in 9ms src/app/actions.ts
 GET /alerts?id=1ec346c4-6ae2-4b01-93f3-f31a14382c80 200 in 124ms (next.js: 1.7ms, proxy.ts: 2ms, application-code: 120ms)
 GET /api/auth/get-session 200 in 106ms (next.js: 17ms, proxy.ts: 29ms, application-code: 61ms)
 GET /api/auth/organization/list 200 in 133ms (next.js: 28ms, proxy.ts: 25ms, application-code: 80ms)
 GET /alerts?notice=Alert%20quality%20review%20saved.&id=1ec346c4-6ae2-4b01-93f3-f31a14382c80 200 in 165ms (next.js: 1.8ms, proxy.ts: 3ms, application-code: 160ms)
  ✓   5 [chromium] › e2e/alert-quality-local.spec.ts:6:7 › alert quality en reviews a specific observation without changing workflow (3.1s)
 GET /analysis?client=2309a1a9-b4cb-4db8-88b7-769b5107ae2d 200 in 186ms (next.js: 27ms, proxy.ts: 2.0ms, application-code: 157ms)
 GET /api/auth/get-session 200 in 97ms (next.js: 17ms, proxy.ts: 24ms, application-code: 56ms)
 GET /api/auth/organization/list 200 in 94ms (next.js: 25ms, proxy.ts: 21ms, application-code: 48ms)
 GET /analysis?client=2309a1a9-b4cb-4db8-88b7-769b5107ae2d 200 in 245ms (next.js: 4ms, proxy.ts: 5ms, application-code: 236ms)
 GET /api/auth/get-session 200 in 88ms (next.js: 50ms, proxy.ts: 15ms, application-code: 23ms)
 GET /api/auth/organization/list 200 in 92ms (next.js: 53ms, proxy.ts: 15ms, application-code: 24ms)
 GET /analysis?client=2309a1a9-b4cb-4db8-88b7-769b5107ae2d 200 in 235ms (next.js: 1.9ms, proxy.ts: 4ms, application-code: 229ms)
 GET /api/auth/get-session 200 in 79ms (next.js: 45ms, proxy.ts: 12ms, application-code: 22ms)
 GET /api/auth/organization/list 200 in 82ms (next.js: 47ms, proxy.ts: 12ms, application-code: 23ms)
 GET /analysis?client=2309a1a9-b4cb-4db8-88b7-769b5107ae2d 200 in 214ms (next.js: 1.9ms, proxy.ts: 2ms, application-code: 210ms)
 GET /api/auth/get-session 200 in 93ms (next.js: 16ms, proxy.ts: 25ms, application-code: 51ms)
 GET /api/auth/organization/list 200 in 92ms (next.js: 23ms, proxy.ts: 25ms, application-code: 44ms)
 GET /analysis?client=2309a1a9-b4cb-4db8-88b7-769b5107ae2d 200 in 214ms (next.js: 1.9ms, proxy.ts: 6ms, application-code: 206ms)
 GET /api/auth/get-session 200 in 89ms (next.js: 56ms, proxy.ts: 5ms, application-code: 28ms)
 GET /api/auth/organization/list 200 in 126ms (next.js: 58ms, proxy.ts: 5ms, application-code: 62ms)
 GET /analysis?client=2309a1a9-b4cb-4db8-88b7-769b5107ae2d 200 in 228ms (next.js: 5ms, proxy.ts: 11ms, application-code: 211ms)
 GET /api/auth/get-session 200 in 22ms (next.js: 6ms, proxy.ts: 3ms, application-code: 13ms)
 GET /api/auth/organization/list 200 in 25ms (next.js: 10ms, proxy.ts: 3ms, application-code: 12ms)
 GET /analysis?client=2309a1a9-b4cb-4db8-88b7-769b5107ae2d 200 in 194ms (next.js: 2ms, proxy.ts: 2ms, application-code: 189ms)
  ✓   6 [chromium] › e2e/analysis-evidence-local.spec.ts:7:7 › analysis evidence fr excludes empty and unqualified sources before first activation (2.7s)
 GET /analysis?client=410f1a54-aab9-4007-88bd-837eed81847c 200 in 138ms (next.js: 2ms, proxy.ts: 1.9ms, application-code: 134ms)
 GET /api/auth/get-session 200 in 85ms (next.js: 53ms, proxy.ts: 10ms, application-code: 22ms)
 GET /api/auth/organization/list 200 in 87ms (next.js: 46ms, proxy.ts: 10ms, application-code: 32ms)
 GET /analysis?client=410f1a54-aab9-4007-88bd-837eed81847c 200 in 255ms (next.js: 5ms, proxy.ts: 10ms, application-code: 240ms)
 GET /api/auth/get-session 200 in 134ms (next.js: 18ms, proxy.ts: 44ms, application-code: 72ms)
 GET /api/auth/organization/list 200 in 122ms (next.js: 28ms, proxy.ts: 31ms, application-code: 63ms)
 GET /analysis?client=410f1a54-aab9-4007-88bd-837eed81847c 200 in 254ms (next.js: 3ms, proxy.ts: 3ms, application-code: 248ms)
 GET /api/auth/get-session 200 in 138ms (next.js: 20ms, proxy.ts: 31ms, application-code: 87ms)
 GET /api/auth/organization/list 200 in 141ms (next.js: 27ms, proxy.ts: 30ms, application-code: 84ms)
 GET /analysis?client=410f1a54-aab9-4007-88bd-837eed81847c 200 in 283ms (next.js: 2ms, proxy.ts: 2ms, application-code: 278ms)
 GET /api/auth/get-session 200 in 91ms (next.js: 48ms, proxy.ts: 14ms, application-code: 29ms)
 GET /api/auth/organization/list 200 in 95ms (next.js: 51ms, proxy.ts: 14ms, application-code: 30ms)
 GET /analysis?client=410f1a54-aab9-4007-88bd-837eed81847c 200 in 244ms (next.js: 1.9ms, proxy.ts: 3ms, application-code: 240ms)
 GET /api/auth/get-session 200 in 121ms (next.js: 56ms, proxy.ts: 9ms, application-code: 56ms)
 GET /api/auth/organization/list 200 in 137ms (next.js: 59ms, proxy.ts: 9ms, application-code: 69ms)
 GET /analysis?client=410f1a54-aab9-4007-88bd-837eed81847c 200 in 270ms (next.js: 8ms, proxy.ts: 3ms, application-code: 259ms)
 GET /api/auth/get-session 200 in 69ms (next.js: 40ms, proxy.ts: 10ms, application-code: 18ms)
 GET /api/auth/organization/list 200 in 81ms (next.js: 28ms, proxy.ts: 8ms, application-code: 45ms)
 GET /analysis?client=410f1a54-aab9-4007-88bd-837eed81847c 200 in 219ms (next.js: 2ms, proxy.ts: 2ms, application-code: 214ms)
  ✓   7 [chromium] › e2e/analysis-evidence-local.spec.ts:7:7 › analysis evidence en excludes empty and unqualified sources before first activation (3.0s)
 GET /insights?client=80000000-0000-4000-8000-000000000091 200 in 390ms (next.js: 53ms, proxy.ts: 3ms, application-code: 334ms)
 GET /api/auth/get-session 200 in 28ms (next.js: 10ms, proxy.ts: 4ms, application-code: 14ms)
 GET /api/auth/organization/list 200 in 30ms (next.js: 15ms, proxy.ts: 4ms, application-code: 11ms)
 POST /insights?client=80000000-0000-4000-8000-000000000091 200 in 149ms (next.js: 3ms, proxy.ts: 7ms, application-code: 139ms)
  └─ ƒ setCookieConsent({}) in 2ms src/app/preferences-actions.ts
 GET /insights/devices?client=80000000-0000-4000-8000-000000000091 200 in 684ms (next.js: 536ms, proxy.ts: 45ms, application-code: 103ms)
 GET /insights/devices?client=80000000-0000-4000-8000-000000000091&cursor=eyJ2IjoxLCJpdiI6InZNZHNCTzgybXp5WUlJX0EiLCJ0YWciOiJfNWNDeDZKZnVfZ3hvSHhXNnE4TWFRIiwiZGF0YSI6Ik1FeGo1bE84cGVQYm5JbmJ6QVFKak1mNGdJQzF2aE5hbzg3SFZicnBPcERENzZNejJFTnU4dWFOSVZfZFc1V3FhcndHUkVWNjN3NVJxYWJqR1BLQURuUGZ5LWhBTGZmV3dia0RJSk9Jcl9uT3BPeWNvbDg4Y3BLeUl0eTk2MUlQZ0x3eWhsYVREYWpfcVdpMmlRMjdSX3VMZTViQWlKbGc5MEU0eVdJekxCMDBBa183SFNRWENUN2VNTWd6ZVlhcDJaOE1Cb1lxN2hEZUZ2U0RCTVRfWWlrTkpWQ1VSdlpNWDR2dnlmSXVZWnJWWnVpNGVlTjQyeUlVNktjVHRfTzhHWHpTemJ2cEZzQjUifQ 200 in 127ms (next.js: 5ms, proxy.ts: 3ms, application-code: 118ms)
 GET /insights/devices?client=80000000-0000-4000-8000-000000000091&q=%25_ 200 in 295ms (next.js: 8ms, proxy.ts: 6ms, application-code: 281ms)
 GET /api/auth/get-session 200 in 30ms (next.js: 4ms, proxy.ts: 3ms, application-code: 23ms)
 GET /api/auth/organization/list 200 in 15ms (next.js: 3ms, proxy.ts: 3ms, application-code: 9ms)
 GET /insights/devices/export?client=80000000-0000-4000-8000-000000000091&version=f1877ecc-b3ab-4ae5-9554-95514e39a32a 200 in 741ms (next.js: 707ms, proxy.ts: 2ms, application-code: 32ms)
 GET /insights/devices?client=80000000-0000-4000-8000-000000000091&cursor=eyJ2IjoxLCJpdiI6InZNZHNCTzgybXp5WUlJX0EiLCJ0YWciOiJfNWNDeDZKZnVfZ3hvSHhXNnE4TWFRIiwiZGF0YSI6Ik1FeGo1bE84cGVQYm5JbmJ6QVFKak1mNGdJQzF2aE5hbzg3SFZicnBPcERENzZNejJFTnU4dWFOSVZfZFc1V3FhcndHUkVWNjN3NVJxYWJqR1BLQURuUGZ5LWhBTGZmV3dia0RJSk9Jcl9uT3BPeWNvbDg4Y3BLeUl0eTk2MUlQZ0x3eWhsYVREYWpfcVdpMmlRMjdSX3VMZTViQWlKbGc5MEU0eVdJekxCMDBBa183SFNRWENUN2VNTWd6ZVlhcDJaOE1Cb1lxN2hEZUZ2U0RCTVRfWWlrTkpWQ1VSdlpNWDR2dnlmSXVZWnJWWnVpNGVlTjQyeUlVNktjVHRfTzhHWHpTemJ2cEZzQjUifQ 200 in 147ms (next.js: 4ms, proxy.ts: 1.8ms, application-code: 141ms)
 GET /api/auth/get-session 200 in 28ms (next.js: 9ms, proxy.ts: 4ms, application-code: 15ms)
 GET /api/auth/organization/list 200 in 31ms (next.js: 15ms, proxy.ts: 4ms, application-code: 11ms)
 GET /insights/devices/export?client=80000000-0000-4000-8000-000000000091&version=f1877ecc-b3ab-4ae5-9554-95514e39a32a 409 in 17ms (next.js: 4ms, proxy.ts: 2ms, application-code: 11ms)
 GET /insights/devices?client=80000000-0000-4000-8000-000000000091&cursor=forged 200 in 167ms (next.js: 4ms, proxy.ts: 2ms, application-code: 161ms)
 GET /api/auth/get-session 200 in 85ms (next.js: 8ms, proxy.ts: 10ms, application-code: 66ms)
 GET /api/auth/organization/list 200 in 114ms (next.js: 12ms, proxy.ts: 10ms, application-code: 93ms)
 GET /insights/devices?client=80000000-0000-4000-8000-000000000099 404 in 220ms (next.js: 15ms, proxy.ts: 10ms, application-code: 196ms)
 GET /api/auth/get-session 200 in 247ms (next.js: 37ms, proxy.ts: 38ms, application-code: 172ms)
 GET /api/auth/organization/list 200 in 246ms (next.js: 96ms, proxy.ts: 40ms, application-code: 109ms)
 GET /insights/devices/export?client=80000000-0000-4000-8000-000000000099&version=f1877ecc-b3ab-4ae5-9554-95514e39a32a 404 in 248ms (next.js: 170ms, proxy.ts: 34ms, application-code: 43ms)
 GET /insights/devices/export?client=80000000-0000-4000-8000-000000000091&version=f1877ecc-b3ab-4ae5-9554-95514e39a32a 403 in 14ms (next.js: 5ms, proxy.ts: 3ms, application-code: 6ms)
  ✓   8 [chromium] › e2e/analytical-pages-local.spec.ts:15:53 › complete analytical collections › browses, searches and exports all stored rows in fr (5.1s)
 GET /insights?client=80000000-0000-4000-8000-000000000091 200 in 390ms (next.js: 3ms, proxy.ts: 2ms, application-code: 385ms)
 GET /api/auth/get-session 200 in 30ms (next.js: 6ms, proxy.ts: 3ms, application-code: 21ms)
 GET /api/auth/organization/list 200 in 31ms (next.js: 18ms, proxy.ts: 3ms, application-code: 10ms)
 POST /insights?client=80000000-0000-4000-8000-000000000091 200 in 267ms (next.js: 3ms, proxy.ts: 4ms, application-code: 260ms)
  └─ ƒ setCookieConsent({}) in 2ms src/app/preferences-actions.ts
 GET /insights/devices?client=80000000-0000-4000-8000-000000000091 200 in 194ms (next.js: 21ms, proxy.ts: 45ms, application-code: 129ms)
 GET /insights/devices?client=80000000-0000-4000-8000-000000000091&cursor=eyJ2IjoxLCJpdiI6Ik1fRS04a0k5eDI5VUVBYzMiLCJ0YWciOiJPdTNCZ0l6RVhJd1FNblZ2T2RwVklRIiwiZGF0YSI6IjYzN3NzWlhSdTZzOTNuZEtHYTU2U2NzM1FERHlIeXJiaVQ4ZG9BNGZUQUMxS2cxN2JHdzNvMXplNml2T3lwNF9RMHBTMzZZMm5DZmZnZjJFbG1tY1A1SVlZelg1Uy1ibEdWc1drVWlKWG9HSkw0SHF4RkhZdEh5MW5pMGRMRHZ6SFJ4LV8tdnpkajllYXY3bld1OXpxZENYZmcyTnZIMFg1eTRySjNrSjYyRFpUaVFVVHFLWk5XVExNMXNYU3JCVFh4TFQxSnBqZFdHQzdoNTEtWi14amdJSDlTcWNtZ3RFamZiZFNsS0ZFMDEtRm9sVzRPYUFaT3JnSjR4X1l2NVB3eG1QUGFOdEszaloifQ 200 in 157ms (next.js: 14ms, proxy.ts: 8ms, application-code: 135ms)
 GET /insights/devices?client=80000000-0000-4000-8000-000000000091&q=%25_ 200 in 156ms (next.js: 6ms, proxy.ts: 8ms, application-code: 142ms)
 GET /api/auth/get-session 200 in 16ms (next.js: 4ms, proxy.ts: 2ms, application-code: 10ms)
 GET /api/auth/organization/list 200 in 13ms (next.js: 3ms, proxy.ts: 3ms, application-code: 7ms)
 GET /insights/devices/export?client=80000000-0000-4000-8000-000000000091&version=41511afe-6d73-4781-854f-c26309280f6b 200 in 21ms (next.js: 4ms, proxy.ts: 1.8ms, application-code: 15ms)
 GET /insights/devices?client=80000000-0000-4000-8000-000000000091&cursor=eyJ2IjoxLCJpdiI6Ik1fRS04a0k5eDI5VUVBYzMiLCJ0YWciOiJPdTNCZ0l6RVhJd1FNblZ2T2RwVklRIiwiZGF0YSI6IjYzN3NzWlhSdTZzOTNuZEtHYTU2U2NzM1FERHlIeXJiaVQ4ZG9BNGZUQUMxS2cxN2JHdzNvMXplNml2T3lwNF9RMHBTMzZZMm5DZmZnZjJFbG1tY1A1SVlZelg1Uy1ibEdWc1drVWlKWG9HSkw0SHF4RkhZdEh5MW5pMGRMRHZ6SFJ4LV8tdnpkajllYXY3bld1OXpxZENYZmcyTnZIMFg1eTRySjNrSjYyRFpUaVFVVHFLWk5XVExNMXNYU3JCVFh4TFQxSnBqZFdHQzdoNTEtWi14amdJSDlTcWNtZ3RFamZiZFNsS0ZFMDEtRm9sVzRPYUFaT3JnSjR4X1l2NVB3eG1QUGFOdEszaloifQ 200 in 170ms (next.js: 7ms, proxy.ts: 2ms, application-code: 160ms)
 GET /api/auth/get-session 200 in 47ms (next.js: 19ms, proxy.ts: 9ms, application-code: 19ms)
 GET /api/auth/organization/list 200 in 51ms (next.js: 26ms, proxy.ts: 10ms, application-code: 16ms)
 GET /insights/devices/export?client=80000000-0000-4000-8000-000000000091&version=41511afe-6d73-4781-854f-c26309280f6b 409 in 59ms (next.js: 15ms, proxy.ts: 7ms, application-code: 37ms)
 GET /insights/devices?client=80000000-0000-4000-8000-000000000091&cursor=forged 200 in 219ms (next.js: 5ms, proxy.ts: 3ms, application-code: 210ms)
 GET /api/auth/get-session 200 in 106ms (next.js: 69ms, proxy.ts: 7ms, application-code: 30ms)
 GET /api/auth/organization/list 200 in 153ms (next.js: 70ms, proxy.ts: 10ms, application-code: 73ms)
 GET /insights/devices?client=80000000-0000-4000-8000-000000000099 404 in 209ms (next.js: 24ms, proxy.ts: 6ms, application-code: 179ms)
 GET /insights/devices/export?client=80000000-0000-4000-8000-000000000099&version=41511afe-6d73-4781-854f-c26309280f6b 404 in 42ms (next.js: 9ms, proxy.ts: 6ms, application-code: 27ms)
 GET /insights/devices/export?client=80000000-0000-4000-8000-000000000091&version=41511afe-6d73-4781-854f-c26309280f6b 403 in 24ms (next.js: 11ms, proxy.ts: 5ms, application-code: 8ms)
  ✓   9 [chromium] › e2e/analytical-pages-local.spec.ts:15:53 › complete analytical collections › browses, searches and exports all stored rows in en (3.1s)
 GET /account 307 in 113ms (next.js: 47ms, proxy.ts: 3ms, application-code: 63ms)
 GET /sign-in?returnTo=%2Faccount 200 in 59ms (next.js: 7ms, proxy.ts: 3ms, application-code: 48ms)
 GET /account 200 in 79ms (next.js: 8ms, proxy.ts: 5ms, application-code: 66ms)
 GET /api/auth/get-session 200 in 27ms (next.js: 8ms, proxy.ts: 6ms, application-code: 14ms)
 GET /api/auth/organization/list 200 in 29ms (next.js: 11ms, proxy.ts: 6ms, application-code: 12ms)
 GET /api/auth/passkey/list-user-passkeys 200 in 30ms (next.js: 14ms, proxy.ts: 6ms, application-code: 11ms)
 GET /account 200 in 40ms (next.js: 2ms, proxy.ts: 3ms, application-code: 35ms)
 GET /api/auth/organization/list 200 in 26ms (next.js: 11ms, proxy.ts: 6ms, application-code: 9ms)
 GET /api/auth/get-session 200 in 29ms (next.js: 7ms, proxy.ts: 6ms, application-code: 15ms)
 GET /api/auth/passkey/list-user-passkeys 200 in 36ms (next.js: 13ms, proxy.ts: 6ms, application-code: 18ms)
 GET /account 200 in 39ms (next.js: 2ms, proxy.ts: 2ms, application-code: 35ms)
 GET /api/auth/get-session 200 in 30ms (next.js: 10ms, proxy.ts: 7ms, application-code: 13ms)
 GET /api/auth/organization/list 200 in 36ms (next.js: 15ms, proxy.ts: 7ms, application-code: 15ms)
 GET /api/auth/passkey/list-user-passkeys 200 in 34ms (next.js: 20ms, proxy.ts: 3ms, application-code: 11ms)
 GET /account 200 in 41ms (next.js: 2ms, proxy.ts: 2ms, application-code: 37ms)
 GET /api/auth/get-session 200 in 36ms (next.js: 6ms, proxy.ts: 5ms, application-code: 24ms)
 GET /api/auth/organization/list 200 in 37ms (next.js: 9ms, proxy.ts: 6ms, application-code: 23ms)
 GET /api/auth/passkey/list-user-passkeys 200 in 39ms (next.js: 11ms, proxy.ts: 6ms, application-code: 21ms)
 GET /account 200 in 40ms (next.js: 2.0ms, proxy.ts: 2ms, application-code: 36ms)
 GET /api/auth/get-session 200 in 25ms (next.js: 7ms, proxy.ts: 5ms, application-code: 14ms)
 GET /api/auth/passkey/list-user-passkeys 200 in 27ms (next.js: 13ms, proxy.ts: 5ms, application-code: 9ms)
 GET /api/auth/organization/list 200 in 28ms (next.js: 11ms, proxy.ts: 5ms, application-code: 13ms)
  ✓  10 [chromium] › e2e/auth-lifecycle-local.spec.ts:58:7 › personal account security is available to all five workspace roles (2.4s)
 GET /sign-up 200 in 38ms (next.js: 5ms, proxy.ts: 3ms, application-code: 31ms)
 POST /api/auth/sign-up/email 200 in 117ms (next.js: 6ms, proxy.ts: 5ms, application-code: 106ms)
 GET /api/auth/get-session 200 in 13ms (next.js: 2ms, proxy.ts: 2ms, application-code: 9ms)
 GET /sign-in 200 in 45ms (next.js: 4ms, proxy.ts: 3ms, application-code: 38ms)
 POST /api/auth/sign-in/email 403 in 91ms (next.js: 4ms, proxy.ts: 3ms, application-code: 84ms)
 GET /api/auth/get-session 200 in 11ms (next.js: 3ms, proxy.ts: 2.0ms, application-code: 6ms)
 GET /api/auth/verify-email?token=[REDACTED]&callbackURL=%2Fdashboard 302 in 12ms (next.js: 3ms, proxy.ts: 1.8ms, application-code: 8ms)
 GET /dashboard 307 in 47ms (next.js: 3ms, proxy.ts: 1.5ms, application-code: 43ms)
 GET /sign-in 200 in 32ms (next.js: 4ms, proxy.ts: 1.8ms, application-code: 27ms)
 GET /sign-in 200 in 56ms (next.js: 5ms, proxy.ts: 6ms, application-code: 45ms)
 POST /api/auth/sign-in/email 200 in 82ms (next.js: 1.9ms, proxy.ts: 3ms, application-code: 78ms)
 GET /dashboard 200 in 8ms (next.js: 3ms, proxy.ts: 3ms, application-code: 3ms)
 GET /dashboard 307 in 83ms (next.js: 10ms, proxy.ts: 19ms, application-code: 55ms)
 GET /onboarding 200 in 84ms (next.js: 27ms, proxy.ts: 1.9ms, application-code: 55ms)
 GET /settings 200 in 105ms (next.js: 4ms, proxy.ts: 2ms, application-code: 98ms)
 POST /onboarding 200 in 134ms (next.js: 1.8ms, proxy.ts: 3ms, application-code: 129ms)
  └─ ƒ createWorkspace({}) in 12ms src/app/onboarding/actions.ts
 GET /api/auth/get-session 200 in 59ms (next.js: 17ms, proxy.ts: 7ms, application-code: 35ms)
 GET /api/auth/organization/list 200 in 64ms (next.js: 25ms, proxy.ts: 7ms, application-code: 32ms)
 GET /api/auth/get-session 200 in 25ms (next.js: 11ms, proxy.ts: 7ms, application-code: 7ms)
 GET /sign-in 200 in 49ms (next.js: 4ms, proxy.ts: 3ms, application-code: 42ms)
 POST /api/auth/sign-in/magic-link 200 in 23ms (next.js: 3ms, proxy.ts: 4ms, application-code: 15ms)
 GET /api/auth/magic-link/verify?token=[REDACTED]&callbackURL=%2Fdashboard&errorCallbackURL=http%3A%2F%2Flocalhost%3A3017%2Fsign-in 302 in 17ms (next.js: 2ms, proxy.ts: 3ms, application-code: 12ms)
 GET /dashboard 200 in 125ms (next.js: 1.9ms, proxy.ts: 2.0ms, application-code: 121ms)
 GET /api/auth/get-session 200 in 31ms (next.js: 5ms, proxy.ts: 16ms, application-code: 10ms)
 GET /api/auth/get-session 200 in 33ms (next.js: 7ms, proxy.ts: 7ms, application-code: 19ms)
 GET /api/auth/organization/list 200 in 39ms (next.js: 11ms, proxy.ts: 8ms, application-code: 20ms)
 GET /api/auth/magic-link/verify?token=[REDACTED]&callbackURL=%2Fdashboard&errorCallbackURL=http%3A%2F%2Flocalhost%3A3017%2Fsign-in 302 in 16ms (next.js: 5ms, proxy.ts: 3ms, application-code: 8ms)
 GET /sign-in?error=INVALID_TOKEN 200 in 43ms (next.js: 5ms, proxy.ts: 2ms, application-code: 35ms)
 GET /api/auth/get-session 200 in 14ms (next.js: 4ms, proxy.ts: 2ms, application-code: 8ms)
 GET /forgot-password 200 in 62ms (next.js: 20ms, proxy.ts: 3ms, application-code: 39ms)
 POST /api/auth/request-password-reset 200 in 28ms (next.js: 6ms, proxy.ts: 7ms, application-code: 15ms)
 GET /api/auth/reset-password/[REDACTED]?callbackURL=%2Freset-password 302 in 23ms (next.js: 4ms, proxy.ts: 4ms, application-code: 15ms)
 GET /reset-password?token=[REDACTED] 200 in 92ms (next.js: 24ms, proxy.ts: 3ms, application-code: 66ms)
 POST /api/auth/reset-password 200 in 86ms (next.js: 4ms, proxy.ts: 3ms, application-code: 80ms)
 GET /api/auth/get-session 200 in 11ms (next.js: 2ms, proxy.ts: 1.8ms, application-code: 7ms)
 GET /api/auth/get-session 200 in 9ms (next.js: 1.8ms, proxy.ts: 1.8ms, application-code: 6ms)
 GET /api/auth/reset-password/[REDACTED]?callbackURL=%2Freset-password 302 in 12ms (next.js: 1.8ms, proxy.ts: 1.9ms, application-code: 8ms)
 GET /reset-password?error=INVALID_TOKEN 200 in 31ms (next.js: 3ms, proxy.ts: 1.6ms, application-code: 27ms)
 GET /sign-in 200 in 39ms (next.js: 4ms, proxy.ts: 4ms, application-code: 32ms)
2026-09-10T11:41:50.011Z WARN [Better Auth]: Invalid password
 POST /api/auth/sign-in/email 401 in 100ms (next.js: 7ms, proxy.ts: 5ms, application-code: 88ms)
 GET /api/auth/get-session 200 in 11ms (next.js: 4ms, proxy.ts: 1.9ms, application-code: 5ms)
 GET /sign-in 200 in 40ms (next.js: 4ms, proxy.ts: 1.6ms, application-code: 35ms)
 POST /api/auth/sign-in/email 200 in 90ms (next.js: 3ms, proxy.ts: 2ms, application-code: 85ms)
 GET /dashboard 200 in 138ms (next.js: 2ms, proxy.ts: 3ms, application-code: 132ms)
 GET /sign-in 200 in 93ms (next.js: 6ms, proxy.ts: 3ms, application-code: 84ms)
 GET /api/auth/get-session 200 in 72ms (next.js: 38ms, proxy.ts: 14ms, application-code: 20ms)
 GET /api/auth/organization/list 200 in 83ms (next.js: 28ms, proxy.ts: 11ms, application-code: 43ms)
 POST /api/auth/sign-in/email 200 in 98ms (next.js: 4ms, proxy.ts: 3ms, application-code: 91ms)
 GET /dashboard 200 in 123ms (next.js: 2ms, proxy.ts: 5ms, application-code: 115ms)
 GET /account 200 in 78ms (next.js: 3ms, proxy.ts: 3ms, application-code: 73ms)
 GET /api/auth/get-session 200 in 43ms (next.js: 10ms, proxy.ts: 13ms, application-code: 19ms)
 GET /api/auth/organization/list 200 in 48ms (next.js: 14ms, proxy.ts: 13ms, application-code: 20ms)
 GET /api/auth/get-session 200 in 56ms (next.js: 15ms, proxy.ts: 8ms, application-code: 33ms)
 GET /api/auth/organization/list 200 in 62ms (next.js: 14ms, proxy.ts: 12ms, application-code: 36ms)
 GET /api/auth/passkey/list-user-passkeys 200 in 58ms (next.js: 20ms, proxy.ts: 4ms, application-code: 33ms)
 POST /api/auth/revoke-other-sessions 200 in 38ms (next.js: 9ms, proxy.ts: 8ms, application-code: 22ms)
 GET /api/auth/get-session 200 in 17ms (next.js: 4ms, proxy.ts: 3ms, application-code: 10ms)
 GET /api/auth/get-session 200 in 27ms (next.js: 6ms, proxy.ts: 3ms, application-code: 17ms)
 GET /api/auth/get-session 200 in 18ms (next.js: 3ms, proxy.ts: 5ms, application-code: 10ms)
 GET /api/auth/passkey/generate-register-options?authenticatorAttachment=platform&name=Passkey%20Ads%20by%20Yodev 200 in 25ms (next.js: 5ms, proxy.ts: 5ms, application-code: 15ms)
 POST /api/auth/passkey/verify-registration 200 in 23ms (next.js: 5ms, proxy.ts: 4ms, application-code: 14ms)
 GET /api/auth/passkey/list-user-passkeys 200 in 12ms (next.js: 2.0ms, proxy.ts: 3ms, application-code: 7ms)
 GET /api/auth/passkey/list-user-passkeys 200 in 11ms (next.js: 2ms, proxy.ts: 2ms, application-code: 7ms)
 POST /api/auth/passkey/delete-passkey 401 in 11ms (next.js: 1.9ms, proxy.ts: 2ms, application-code: 7ms)
 POST /api/auth/sign-out 200 in 12ms (next.js: 2ms, proxy.ts: 2ms, application-code: 7ms)
 GET /sign-in 200 in 41ms (next.js: 4ms, proxy.ts: 2.0ms, application-code: 34ms)
 GET /api/auth/passkey/generate-authenticate-options 200 in 16ms (next.js: 3ms, proxy.ts: 3ms, application-code: 11ms)
 POST /api/auth/passkey/verify-authentication 200 in 23ms (next.js: 3ms, proxy.ts: 4ms, application-code: 16ms)
 GET /dashboard 200 in 160ms (next.js: 4ms, proxy.ts: 3ms, application-code: 153ms)
 GET /api/auth/get-session 200 in 19ms (next.js: 4ms, proxy.ts: 3ms, application-code: 12ms)
 GET /api/auth/get-session 200 in 50ms (next.js: 10ms, proxy.ts: 21ms, application-code: 19ms)
 GET /api/auth/organization/list 200 in 41ms (next.js: 13ms, proxy.ts: 15ms, application-code: 13ms)
 GET /account 200 in 93ms (next.js: 2.0ms, proxy.ts: 4ms, application-code: 88ms)
 GET /api/auth/get-session 200 in 30ms (next.js: 7ms, proxy.ts: 7ms, application-code: 15ms)
 GET /api/auth/organization/list 200 in 32ms (next.js: 10ms, proxy.ts: 7ms, application-code: 14ms)
 GET /api/auth/passkey/list-user-passkeys 200 in 32ms (next.js: 14ms, proxy.ts: 7ms, application-code: 11ms)
 POST /api/auth/passkey/delete-passkey 200 in 14ms (next.js: 3ms, proxy.ts: 3ms, application-code: 8ms)
 POST /api/auth/sign-out 200 in 15ms (next.js: 6ms, proxy.ts: 3ms, application-code: 7ms)
 GET /api/auth/passkey/list-user-passkeys 200 in 17ms (next.js: 3ms, proxy.ts: 2ms, application-code: 11ms)
 GET /sign-in 200 in 35ms (next.js: 4ms, proxy.ts: 3ms, application-code: 28ms)
 GET /api/auth/passkey/generate-authenticate-options 200 in 21ms (next.js: 5ms, proxy.ts: 4ms, application-code: 12ms)
 POST /api/auth/passkey/verify-authentication 401 in 21ms (next.js: 6ms, proxy.ts: 4ms, application-code: 10ms)
 GET /api/auth/get-session 200 in 22ms (next.js: 7ms, proxy.ts: 8ms, application-code: 7ms)
 POST /api/auth/sign-in/magic-link 200 in 24ms (next.js: 3ms, proxy.ts: 5ms, application-code: 16ms)
 GET /api/auth/magic-link/verify?token=[REDACTED]&callbackURL=%2Fdashboard&errorCallbackURL=http%3A%2F%2Flocalhost%3A3017%2Fsign-in 302 in 16ms (next.js: 4ms, proxy.ts: 2ms, application-code: 9ms)
 GET /dashboard 200 in 116ms (next.js: 3ms, proxy.ts: 1.9ms, application-code: 111ms)
 GET /api/auth/get-session 200 in 23ms (next.js: 7ms, proxy.ts: 5ms, application-code: 12ms)
 GET /api/auth/organization/list 200 in 26ms (next.js: 11ms, proxy.ts: 4ms, application-code: 11ms)
 GET /invitation?id=534d79f6-fb8d-4e1b-8322-04be41ba8a21 200 in 185ms (next.js: 106ms, proxy.ts: 2ms, application-code: 77ms)
 GET /api/auth/get-session 200 in 14ms (next.js: 4ms, proxy.ts: 3ms, application-code: 7ms)
 POST /api/auth/organization/accept-invitation 403 in 15ms (next.js: 2ms, proxy.ts: 4ms, application-code: 9ms)
 POST /invitation?id=534d79f6-fb8d-4e1b-8322-04be41ba8a21 200 in 18ms (next.js: 2ms, proxy.ts: 3ms, application-code: 13ms)
  └─ ƒ recoverAcceptedInvitation("534d79f6-fb8d-4e1b-8322-04be41ba8a21") in 6ms src/app/invitation/actions.ts
 GET /invitation?id=c72db379-c9b2-4893-a0ee-f3d207accbf4 200 in 31ms (next.js: 2ms, proxy.ts: 3ms, application-code: 26ms)
 GET /api/auth/get-session 200 in 13ms (next.js: -1.2ms, proxy.ts: 7ms, application-code: 7ms)
 POST /api/auth/organization/accept-invitation 400 in 14ms (next.js: 3ms, proxy.ts: 3ms, application-code: 8ms)
 POST /invitation?id=c72db379-c9b2-4893-a0ee-f3d207accbf4 200 in 17ms (next.js: 2ms, proxy.ts: 2ms, application-code: 12ms)
  └─ ƒ recoverAcceptedInvitation("c72db379-c9b2-4893-a0ee-f3d207accbf4") in 5ms src/app/invitation/actions.ts
 GET /invitation?id=4572a44d-ff1f-423f-8d16-b86cdd597515 200 in 43ms (next.js: 4ms, proxy.ts: 4ms, application-code: 35ms)
 GET /api/auth/get-session 200 in 34ms (next.js: 8ms, proxy.ts: 18ms, application-code: 8ms)
 POST /api/auth/organization/accept-invitation 400 in 14ms (next.js: 3ms, proxy.ts: 4ms, application-code: 8ms)
 POST /invitation?id=4572a44d-ff1f-423f-8d16-b86cdd597515 200 in 14ms (next.js: 2ms, proxy.ts: 1.9ms, application-code: 10ms)
  └─ ƒ recoverAcceptedInvitation("4572a44d-ff1f-423f-8d16-b86cdd597515") in 4ms src/app/invitation/actions.ts
 GET /invitation?id=e43f5e90-e931-4d5f-93a5-0a32a02ad9c1 200 in 30ms (next.js: 1.9ms, proxy.ts: 2ms, application-code: 26ms)
 GET /api/auth/get-session 200 in 11ms (next.js: 3ms, proxy.ts: 3ms, application-code: 5ms)
 GET /sign-in?returnTo=%2Finvitation%3Fid%3De43f5e90-e931-4d5f-93a5-0a32a02ad9c1 200 in 29ms (next.js: 6ms, proxy.ts: 3ms, application-code: 21ms)
 POST /api/auth/sign-in/magic-link 200 in 17ms (next.js: 4ms, proxy.ts: 3ms, application-code: 10ms)
 GET /api/auth/magic-link/verify?token=[REDACTED]&callbackURL=%2Finvitation%3Fid%3De43f5e90-e931-4d5f-93a5-0a32a02ad9c1&errorCallbackURL=http%3A%2F%2Flocalhost%3A3017%2Fsign-in%3FreturnTo%3D%252Finvitation%253Fid%253De43f5e90-e931-4d5f-93a5-0a32a02ad9c1 302 in 17ms (next.js: 3ms, proxy.ts: 2ms, application-code: 12ms)
 GET /invitation?id=e43f5e90-e931-4d5f-93a5-0a32a02ad9c1 200 in 38ms (next.js: 1.8ms, proxy.ts: 4ms, application-code: 32ms)
 GET /api/auth/get-session 200 in 13ms (next.js: 3ms, proxy.ts: 2ms, application-code: 7ms)
 POST /api/auth/organization/accept-invitation 403 in 27ms (next.js: 3ms, proxy.ts: 3ms, application-code: 20ms)
 POST /invitation?id=e43f5e90-e931-4d5f-93a5-0a32a02ad9c1 200 in 24ms (next.js: 3ms, proxy.ts: 7ms, application-code: 14ms)
  └─ ƒ recoverAcceptedInvitation("e43f5e90-e931-4d5f-93a5-0a32a02ad9c1") in 6ms src/app/invitation/actions.ts
 POST /api/auth/organization/accept-invitation 200 in 21ms (next.js: 4ms, proxy.ts: 3ms, application-code: 15ms)
 POST /invitation?id=e43f5e90-e931-4d5f-93a5-0a32a02ad9c1 200 in 19ms (next.js: 3ms, proxy.ts: 3ms, application-code: 14ms)
  └─ ƒ recoverAcceptedInvitation("e43f5e90-e931-4d5f-93a5-0a32a02ad9c1") in 6ms src/app/invitation/actions.ts
 POST /api/auth/organization/set-active 200 in 16ms (next.js: 3ms, proxy.ts: 3ms, application-code: 9ms)
 GET /api/auth/get-session 200 in 131ms (next.js: 14ms, proxy.ts: 29ms, application-code: 87ms)
 GET /dashboard 200 in 188ms (next.js: 2ms, proxy.ts: 3ms, application-code: 183ms)
 GET /api/auth/get-session 200 in 15ms (next.js: 4ms, proxy.ts: 2ms, application-code: 8ms)
 GET /api/auth/get-session 200 in 23ms (next.js: 4ms, proxy.ts: 3ms, application-code: 16ms)
 GET /api/auth/organization/list 200 in 25ms (next.js: 8ms, proxy.ts: 3ms, application-code: 14ms)
 GET /invitation?id=e43f5e90-e931-4d5f-93a5-0a32a02ad9c1 200 in 32ms (next.js: 2ms, proxy.ts: 3ms, application-code: 27ms)
 GET /api/auth/get-session 200 in 11ms (next.js: 2ms, proxy.ts: 2ms, application-code: 6ms)
 POST /api/auth/organization/accept-invitation 400 in 10ms (next.js: 2.0ms, proxy.ts: 2ms, application-code: 6ms)
 POST /invitation?id=e43f5e90-e931-4d5f-93a5-0a32a02ad9c1 200 in 13ms (next.js: 2.0ms, proxy.ts: 2.0ms, application-code: 9ms)
  └─ ƒ recoverAcceptedInvitation("e43f5e90-e931-4d5f-93a5-0a32a02ad9c1") in 4ms src/app/invitation/actions.ts
 POST /api/auth/organization/set-active 200 in 11ms (next.js: 1.8ms, proxy.ts: 1.7ms, application-code: 8ms)
 GET /api/auth/get-session 200 in 93ms (next.js: 23ms, proxy.ts: 26ms, application-code: 45ms)
 GET /dashboard 200 in 156ms (next.js: 1.8ms, proxy.ts: 2ms, application-code: 151ms)
 GET /invitation?id=e43f5e90-e931-4d5f-93a5-0a32a02ad9c1 200 in 72ms (next.js: 3ms, proxy.ts: 4ms, application-code: 66ms)
 GET /api/auth/get-session 200 in 14ms (next.js: 4ms, proxy.ts: 3ms, application-code: 7ms)
 POST /api/auth/organization/accept-invitation 400 in 15ms (next.js: 3ms, proxy.ts: 4ms, application-code: 9ms)
 POST /invitation?id=e43f5e90-e931-4d5f-93a5-0a32a02ad9c1 200 in 17ms (next.js: 2ms, proxy.ts: 2ms, application-code: 13ms)
  └─ ƒ recoverAcceptedInvitation("e43f5e90-e931-4d5f-93a5-0a32a02ad9c1") in 5ms src/app/invitation/actions.ts
 GET /dashboard 307 in 64ms (next.js: 3ms, proxy.ts: 2ms, application-code: 59ms)
 GET /onboarding 307 in 64ms (next.js: 9ms, proxy.ts: 2ms, application-code: 52ms)
 GET /dashboard 200 in 121ms (next.js: 3ms, proxy.ts: 2ms, application-code: 115ms)
 GET /api/auth/get-session 200 in 15ms (next.js: 3ms, proxy.ts: 3ms, application-code: 9ms)
 GET /api/auth/get-session 200 in 61ms (next.js: 29ms, proxy.ts: 13ms, application-code: 19ms)
 GET /api/auth/organization/list 200 in 64ms (next.js: 26ms, proxy.ts: 13ms, application-code: 25ms)
 GET /dashboard 307 in 107ms (next.js: 3ms, proxy.ts: 1.9ms, application-code: 102ms)
 GET /onboarding 200 in 87ms (next.js: 3ms, proxy.ts: 8ms, application-code: 76ms)
 GET /api/auth/get-session 200 in 15ms (next.js: 4ms, proxy.ts: 4ms, application-code: 7ms)
 GET /account 200 in 47ms (next.js: 2.0ms, proxy.ts: 1.9ms, application-code: 43ms)
 GET /api/auth/get-session 200 in 25ms (next.js: 6ms, proxy.ts: 5ms, application-code: 14ms)
 GET /api/auth/organization/list 200 in 27ms (next.js: 9ms, proxy.ts: 5ms, application-code: 13ms)
 GET /api/auth/passkey/list-user-passkeys 200 in 27ms (next.js: 11ms, proxy.ts: 5ms, application-code: 11ms)
 POST /api/auth/sign-out 200 in 11ms (next.js: 2.0ms, proxy.ts: 3ms, application-code: 6ms)
 GET /sign-in 200 in 73ms (next.js: 10ms, proxy.ts: 1.9ms, application-code: 61ms)
 GET /api/auth/get-session 200 in 20ms (next.js: 6ms, proxy.ts: 3ms, application-code: 11ms)
  ✓  11 [chromium] › e2e/auth-lifecycle-local.spec.ts:85:9 › auth lifecycle fr: verification, magic link, reset, sessions and passkey (13.5s)
 GET /sign-up 200 in 109ms (next.js: 8ms, proxy.ts: 3ms, application-code: 99ms)
 POST /api/auth/sign-up/email 200 in 112ms (next.js: 7ms, proxy.ts: 4ms, application-code: 101ms)
 GET /api/auth/get-session 200 in 9ms (next.js: 3ms, proxy.ts: 1.8ms, application-code: 5ms)
 GET /sign-in 200 in 33ms (next.js: 4ms, proxy.ts: 1.8ms, application-code: 28ms)
 POST /api/auth/sign-in/email 403 in 119ms (next.js: 4ms, proxy.ts: 9ms, application-code: 106ms)
 GET /api/auth/get-session 200 in 12ms (next.js: 2ms, proxy.ts: 2ms, application-code: 7ms)
 GET /api/auth/verify-email?token=[REDACTED]&callbackURL=%2Fdashboard 302 in 16ms (next.js: 3ms, proxy.ts: 3ms, application-code: 10ms)
 GET /dashboard 307 in 82ms (next.js: 2ms, proxy.ts: 2ms, application-code: 78ms)
 GET /sign-in 200 in 35ms (next.js: 4ms, proxy.ts: 2ms, application-code: 29ms)
 GET /sign-in 200 in 50ms (next.js: 5ms, proxy.ts: 4ms, application-code: 41ms)
 POST /api/auth/sign-in/email 200 in 96ms (next.js: 8ms, proxy.ts: 3ms, application-code: 85ms)
 GET /dashboard 307 in 72ms (next.js: 2ms, proxy.ts: 3ms, application-code: 66ms)
 GET /onboarding 200 in 44ms (next.js: 1.7ms, proxy.ts: 3ms, application-code: 40ms)
 GET /settings 200 in 126ms (next.js: 11ms, proxy.ts: 3ms, application-code: 111ms)
 POST /onboarding 200 in 157ms (next.js: 1.9ms, proxy.ts: 3ms, application-code: 151ms)
  └─ ƒ createWorkspace({}) in 12ms src/app/onboarding/actions.ts
 GET /api/auth/get-session 200 in 169ms (next.js: 46ms, proxy.ts: 90ms, application-code: 33ms)
 GET /api/auth/organization/list 200 in 171ms (next.js: 52ms, proxy.ts: 87ms, application-code: 32ms)
 GET /api/auth/get-session 200 in 85ms (next.js: 60ms, proxy.ts: 8ms, application-code: 17ms)
 GET /sign-in 200 in 51ms (next.js: 5ms, proxy.ts: 2ms, application-code: 44ms)
 POST /api/auth/sign-in/magic-link 200 in 29ms (next.js: 6ms, proxy.ts: 4ms, application-code: 19ms)
 GET /api/auth/magic-link/verify?token=[REDACTED]&callbackURL=%2Fdashboard&errorCallbackURL=http%3A%2F%2Flocalhost%3A3017%2Fsign-in 302 in 13ms (next.js: 2ms, proxy.ts: 2ms, application-code: 9ms)
 GET /dashboard 200 in 131ms (next.js: 1.9ms, proxy.ts: 2ms, application-code: 127ms)
 GET /api/auth/get-session 200 in 31ms (next.js: 6ms, proxy.ts: 8ms, application-code: 17ms)
 GET /api/auth/get-session 200 in 35ms (next.js: 13ms, proxy.ts: 6ms, application-code: 16ms)
 GET /api/auth/organization/list 200 in 39ms (next.js: 16ms, proxy.ts: 9ms, application-code: 14ms)
 GET /api/auth/magic-link/verify?token=[REDACTED]&callbackURL=%2Fdashboard&errorCallbackURL=http%3A%2F%2Flocalhost%3A3017%2Fsign-in 302 in 14ms (next.js: 2ms, proxy.ts: 3ms, application-code: 9ms)
 GET /sign-in?error=INVALID_TOKEN 200 in 48ms (next.js: 4ms, proxy.ts: 3ms, application-code: 41ms)
 GET /api/auth/get-session 200 in 22ms (next.js: 5ms, proxy.ts: 4ms, application-code: 13ms)
 GET /forgot-password 200 in 62ms (next.js: 18ms, proxy.ts: 4ms, application-code: 40ms)
 POST /api/auth/request-password-reset 200 in 19ms (next.js: 4ms, proxy.ts: 3ms, application-code: 12ms)
 GET /api/auth/reset-password/[REDACTED]?callbackURL=%2Freset-password 302 in 10ms (next.js: 2ms, proxy.ts: 2.0ms, application-code: 6ms)
 GET /reset-password?token=[REDACTED] 200 in 51ms (next.js: 3ms, proxy.ts: 2.0ms, application-code: 46ms)
 POST /api/auth/reset-password 200 in 90ms (next.js: 6ms, proxy.ts: 3ms, application-code: 81ms)
 GET /api/auth/get-session 200 in 12ms (next.js: 2ms, proxy.ts: 3ms, application-code: 7ms)
 GET /api/auth/get-session 200 in 9ms (next.js: 2ms, proxy.ts: 1.6ms, application-code: 5ms)
 GET /api/auth/reset-password/[REDACTED]?callbackURL=%2Freset-password 302 in 10ms (next.js: 2ms, proxy.ts: 1.7ms, application-code: 6ms)
 GET /reset-password?error=INVALID_TOKEN 200 in 32ms (next.js: 4ms, proxy.ts: 1.6ms, application-code: 27ms)
 GET /sign-in 200 in 44ms (next.js: 5ms, proxy.ts: 3ms, application-code: 36ms)
2026-09-10T11:42:03.834Z WARN [Better Auth]: Invalid password
 POST /api/auth/sign-in/email 401 in 91ms (next.js: 5ms, proxy.ts: 3ms, application-code: 83ms)
 GET /api/auth/get-session 200 in 10ms (next.js: 3ms, proxy.ts: 1.9ms, application-code: 6ms)
 GET /sign-in 200 in 37ms (next.js: 4ms, proxy.ts: 1.7ms, application-code: 31ms)
 POST /api/auth/sign-in/email 200 in 99ms (next.js: 3ms, proxy.ts: 4ms, application-code: 91ms)
 GET /dashboard 200 in 127ms (next.js: 2ms, proxy.ts: 3ms, application-code: 122ms)
 GET /sign-in 200 in 61ms (next.js: 4ms, proxy.ts: 3ms, application-code: 54ms)
 GET /api/auth/get-session 200 in 42ms (next.js: 15ms, proxy.ts: 11ms, application-code: 16ms)
 GET /api/auth/organization/list 200 in 50ms (next.js: 19ms, proxy.ts: 12ms, application-code: 19ms)
 POST /api/auth/sign-in/email 200 in 96ms (next.js: 7ms, proxy.ts: 3ms, application-code: 86ms)
 GET /dashboard 200 in 139ms (next.js: 4ms, proxy.ts: 4ms, application-code: 131ms)
 GET /account 200 in 94ms (next.js: 5ms, proxy.ts: 3ms, application-code: 86ms)
 GET /api/auth/get-session 200 in 55ms (next.js: 12ms, proxy.ts: 15ms, application-code: 28ms)
 GET /api/auth/organization/list 200 in 64ms (next.js: 16ms, proxy.ts: 13ms, application-code: 34ms)
 GET /api/auth/passkey/list-user-passkeys 200 in 35ms (next.js: 11ms, proxy.ts: 6ms, application-code: 17ms)
 GET /api/auth/get-session 200 in 39ms (next.js: 17ms, proxy.ts: 8ms, application-code: 14ms)
 GET /api/auth/organization/list 200 in 40ms (next.js: 18ms, proxy.ts: 7ms, application-code: 15ms)
 POST /api/auth/revoke-other-sessions 200 in 17ms (next.js: 4ms, proxy.ts: 4ms, application-code: 9ms)
 GET /api/auth/get-session 200 in 26ms (next.js: 4ms, proxy.ts: 3ms, application-code: 19ms)
 GET /api/auth/get-session 200 in 26ms (next.js: 16ms, proxy.ts: 3ms, application-code: 7ms)
 GET /api/auth/get-session 200 in 9ms (next.js: 2.0ms, proxy.ts: 1.8ms, application-code: 5ms)
 GET /api/auth/passkey/generate-register-options?authenticatorAttachment=platform&name=Ads%20by%20Yodev%20passkey 200 in 15ms (next.js: 2ms, proxy.ts: 4ms, application-code: 9ms)
 POST /api/auth/passkey/verify-registration 200 in 16ms (next.js: 3ms, proxy.ts: 3ms, application-code: 10ms)
 GET /api/auth/passkey/list-user-passkeys 200 in 10ms (next.js: 2ms, proxy.ts: 1.9ms, application-code: 6ms)
 GET /api/auth/passkey/list-user-passkeys 200 in 10ms (next.js: 2ms, proxy.ts: 1.8ms, application-code: 6ms)
 POST /api/auth/passkey/delete-passkey 401 in 10ms (next.js: 3ms, proxy.ts: 1.6ms, application-code: 5ms)
 POST /api/auth/sign-out 200 in 9ms (next.js: 1.9ms, proxy.ts: 1.9ms, application-code: 5ms)
 GET /sign-in 200 in 33ms (next.js: 4ms, proxy.ts: 1.3ms, application-code: 28ms)
 GET /api/auth/passkey/generate-authenticate-options 200 in 20ms (next.js: 5ms, proxy.ts: 4ms, application-code: 11ms)
 POST /api/auth/passkey/verify-authentication 200 in 37ms (next.js: 8ms, proxy.ts: 7ms, application-code: 22ms)
 GET /dashboard 200 in 161ms (next.js: 5ms, proxy.ts: 4ms, application-code: 152ms)
 GET /api/auth/get-session 200 in 21ms (next.js: 4ms, proxy.ts: 2ms, application-code: 15ms)
 GET /account 200 in 99ms (next.js: 3ms, proxy.ts: 2ms, application-code: 94ms)
 GET /api/auth/get-session 200 in 26ms (next.js: 6ms, proxy.ts: 5ms, application-code: 14ms)
 GET /api/auth/organization/list 200 in 26ms (next.js: 10ms, proxy.ts: 4ms, application-code: 12ms)
 GET /api/auth/passkey/list-user-passkeys 200 in 27ms (next.js: 12ms, proxy.ts: 5ms, application-code: 10ms)
 POST /api/auth/passkey/delete-passkey 200 in 13ms (next.js: 3ms, proxy.ts: 3ms, application-code: 8ms)
 POST /api/auth/sign-out 200 in 21ms (next.js: 9ms, proxy.ts: 4ms, application-code: 7ms)
 GET /api/auth/passkey/list-user-passkeys 200 in 23ms (next.js: 6ms, proxy.ts: 5ms, application-code: 13ms)
 GET /sign-in 200 in 55ms (next.js: 4ms, proxy.ts: 3ms, application-code: 48ms)
 GET /api/auth/passkey/generate-authenticate-options 200 in 19ms (next.js: 5ms, proxy.ts: 7ms, application-code: 8ms)
 POST /api/auth/passkey/verify-authentication 401 in 23ms (next.js: 3ms, proxy.ts: 9ms, application-code: 11ms)
 GET /api/auth/get-session 200 in 19ms (next.js: 6ms, proxy.ts: 4ms, application-code: 9ms)
 POST /api/auth/sign-in/magic-link 200 in 27ms (next.js: 2ms, proxy.ts: 3ms, application-code: 22ms)
 GET /api/auth/magic-link/verify?token=[REDACTED]&callbackURL=%2Fdashboard&errorCallbackURL=http%3A%2F%2Flocalhost%3A3017%2Fsign-in 302 in 14ms (next.js: 2ms, proxy.ts: 2ms, application-code: 9ms)
 GET /dashboard 200 in 101ms (next.js: 2ms, proxy.ts: 1.6ms, application-code: 98ms)
 GET /api/auth/get-session 200 in 24ms (next.js: 6ms, proxy.ts: 5ms, application-code: 13ms)
 GET /api/auth/organization/list 200 in 26ms (next.js: 11ms, proxy.ts: 6ms, application-code: 9ms)
 GET /invitation?id=b2b086c5-4ba7-4ba7-81a2-040ed7ecdfbb 200 in 39ms (next.js: 1.9ms, proxy.ts: 2ms, application-code: 35ms)
 GET /api/auth/get-session 200 in 12ms (next.js: 2ms, proxy.ts: 3ms, application-code: 8ms)
 POST /api/auth/organization/accept-invitation 403 in 16ms (next.js: 2ms, proxy.ts: 3ms, application-code: 11ms)
 POST /invitation?id=b2b086c5-4ba7-4ba7-81a2-040ed7ecdfbb 200 in 16ms (next.js: 3ms, proxy.ts: 3ms, application-code: 11ms)
  └─ ƒ recoverAcceptedInvitation("b2b086c5-4ba7-4ba7-81a2-040ed7ecdfbb") in 5ms src/app/invitation/actions.ts
 GET /invitation?id=bdd41391-a2ec-46b0-a175-ee95f79074a8 200 in 27ms (next.js: 1.7ms, proxy.ts: 1.8ms, application-code: 24ms)
 GET /api/auth/get-session 200 in 16ms (next.js: 3ms, proxy.ts: 7ms, application-code: 6ms)
 POST /api/auth/organization/accept-invitation 400 in 13ms (next.js: 2.0ms, proxy.ts: 3ms, application-code: 8ms)
 POST /invitation?id=bdd41391-a2ec-46b0-a175-ee95f79074a8 200 in 14ms (next.js: 1.9ms, proxy.ts: 1.8ms, application-code: 10ms)
  └─ ƒ recoverAcceptedInvitation("bdd41391-a2ec-46b0-a175-ee95f79074a8") in 5ms src/app/invitation/actions.ts
 GET /invitation?id=7a533f6e-0cd0-43bc-9914-64d91f8ca371 200 in 29ms (next.js: 1.7ms, proxy.ts: 1.8ms, application-code: 25ms)
 GET /api/auth/get-session 200 in 12ms (next.js: 3ms, proxy.ts: 2ms, application-code: 7ms)
 POST /api/auth/organization/accept-invitation 400 in 21ms (next.js: 2ms, proxy.ts: 13ms, application-code: 6ms)
 POST /invitation?id=7a533f6e-0cd0-43bc-9914-64d91f8ca371 200 in 15ms (next.js: 1.9ms, proxy.ts: 4ms, application-code: 9ms)
  └─ ƒ recoverAcceptedInvitation("7a533f6e-0cd0-43bc-9914-64d91f8ca371") in 4ms src/app/invitation/actions.ts
 GET /invitation?id=5ee5cbd2-a25d-448c-ace5-97e30d1784a2 200 in 30ms (next.js: 3ms, proxy.ts: 2.0ms, application-code: 25ms)
 GET /api/auth/get-session 200 in 12ms (next.js: 3ms, proxy.ts: 2ms, application-code: 6ms)
 GET /sign-in?returnTo=%2Finvitation%3Fid%3D5ee5cbd2-a25d-448c-ace5-97e30d1784a2 200 in 25ms (next.js: 5ms, proxy.ts: 3ms, application-code: 17ms)
 POST /api/auth/sign-in/magic-link 200 in 18ms (next.js: 3ms, proxy.ts: 3ms, application-code: 12ms)
 GET /api/auth/magic-link/verify?token=[REDACTED]&callbackURL=%2Finvitation%3Fid%3D5ee5cbd2-a25d-448c-ace5-97e30d1784a2&errorCallbackURL=http%3A%2F%2Flocalhost%3A3017%2Fsign-in%3FreturnTo%3D%252Finvitation%253Fid%253D5ee5cbd2-a25d-448c-ace5-97e30d1784a2 302 in 19ms (next.js: 3ms, proxy.ts: 3ms, application-code: 12ms)
 GET /invitation?id=5ee5cbd2-a25d-448c-ace5-97e30d1784a2 200 in 47ms (next.js: 3ms, proxy.ts: 2ms, application-code: 42ms)
 GET /api/auth/get-session 200 in 12ms (next.js: 2ms, proxy.ts: 2ms, application-code: 7ms)
 POST /api/auth/organization/accept-invitation 403 in 15ms (next.js: 2ms, proxy.ts: 2ms, application-code: 10ms)
 POST /invitation?id=5ee5cbd2-a25d-448c-ace5-97e30d1784a2 200 in 14ms (next.js: 2.0ms, proxy.ts: 2ms, application-code: 10ms)
  └─ ƒ recoverAcceptedInvitation("5ee5cbd2-a25d-448c-ace5-97e30d1784a2") in 5ms src/app/invitation/actions.ts
 POST /api/auth/organization/accept-invitation 200 in 17ms (next.js: 2ms, proxy.ts: 2.0ms, application-code: 13ms)
 POST /invitation?id=5ee5cbd2-a25d-448c-ace5-97e30d1784a2 200 in 14ms (next.js: 1.7ms, proxy.ts: 1.9ms, application-code: 10ms)
  └─ ƒ recoverAcceptedInvitation("5ee5cbd2-a25d-448c-ace5-97e30d1784a2") in 4ms src/app/invitation/actions.ts
 POST /api/auth/organization/set-active 200 in 12ms (next.js: 2ms, proxy.ts: 2ms, application-code: 8ms)
 GET /api/auth/get-session 200 in 81ms (next.js: 22ms, proxy.ts: 22ms, application-code: 37ms)
 GET /dashboard 200 in 134ms (next.js: 3ms, proxy.ts: 3ms, application-code: 128ms)
 GET /api/auth/get-session 200 in 13ms (next.js: 2ms, proxy.ts: 3ms, application-code: 8ms)
 GET /api/auth/get-session 200 in 24ms (next.js: 6ms, proxy.ts: 2ms, application-code: 16ms)
 GET /api/auth/organization/list 200 in 25ms (next.js: 12ms, proxy.ts: 3ms, application-code: 11ms)
 GET /invitation?id=5ee5cbd2-a25d-448c-ace5-97e30d1784a2 200 in 28ms (next.js: 1.8ms, proxy.ts: 2.0ms, application-code: 25ms)
 GET /api/auth/get-session 200 in 18ms (next.js: 2ms, proxy.ts: 3ms, application-code: 12ms)
 POST /api/auth/organization/accept-invitation 400 in 20ms (next.js: 3ms, proxy.ts: 2ms, application-code: 15ms)
 POST /invitation?id=5ee5cbd2-a25d-448c-ace5-97e30d1784a2 200 in 81ms (next.js: 63ms, proxy.ts: 5ms, application-code: 13ms)
  └─ ƒ recoverAcceptedInvitation("5ee5cbd2-a25d-448c-ace5-97e30d1784a2") in 6ms src/app/invitation/actions.ts
 POST /api/auth/organization/set-active 200 in 26ms (next.js: 3ms, proxy.ts: 1.9ms, application-code: 20ms)
 GET /api/auth/get-session 200 in 76ms (next.js: 41ms, proxy.ts: 20ms, application-code: 16ms)
 GET /dashboard 200 in 125ms (next.js: 2ms, proxy.ts: 2ms, application-code: 121ms)
 GET /invitation?id=5ee5cbd2-a25d-448c-ace5-97e30d1784a2 200 in 51ms (next.js: 3ms, proxy.ts: 2ms, application-code: 46ms)
 GET /api/auth/get-session 200 in 11ms (next.js: 3ms, proxy.ts: 2.0ms, application-code: 6ms)
 POST /api/auth/organization/accept-invitation 400 in 13ms (next.js: 2ms, proxy.ts: 3ms, application-code: 8ms)
 POST /invitation?id=5ee5cbd2-a25d-448c-ace5-97e30d1784a2 200 in 14ms (next.js: 1.8ms, proxy.ts: 1.8ms, application-code: 10ms)
  └─ ƒ recoverAcceptedInvitation("5ee5cbd2-a25d-448c-ace5-97e30d1784a2") in 5ms src/app/invitation/actions.ts
 GET /dashboard 307 in 77ms (next.js: 3ms, proxy.ts: 2ms, application-code: 72ms)
 GET /onboarding 307 in 58ms (next.js: 3ms, proxy.ts: 2.0ms, application-code: 53ms)
 GET /dashboard 200 in 150ms (next.js: 5ms, proxy.ts: 3ms, application-code: 142ms)
 GET /api/auth/get-session 200 in 14ms (next.js: 4ms, proxy.ts: 2ms, application-code: 8ms)
 GET /api/auth/get-session 200 in 49ms (next.js: 24ms, proxy.ts: 12ms, application-code: 13ms)
 GET /api/auth/organization/list 200 in 53ms (next.js: 27ms, proxy.ts: 12ms, application-code: 14ms)
 GET /dashboard 307 in 97ms (next.js: 2ms, proxy.ts: 3ms, application-code: 91ms)
 GET /onboarding 200 in 73ms (next.js: 3ms, proxy.ts: 9ms, application-code: 61ms)
 GET /api/auth/get-session 200 in 12ms (next.js: 3ms, proxy.ts: 2ms, application-code: 6ms)
 GET /account 200 in 41ms (next.js: 1.9ms, proxy.ts: 1.8ms, application-code: 37ms)
 GET /api/auth/organization/list 200 in 33ms (next.js: 9ms, proxy.ts: 5ms, application-code: 19ms)
 GET /api/auth/get-session 200 in 35ms (next.js: 16ms, proxy.ts: 5ms, application-code: 14ms)
 GET /api/auth/passkey/list-user-passkeys 200 in 29ms (next.js: 17ms, proxy.ts: 4ms, application-code: 8ms)
 POST /api/auth/sign-out 200 in 14ms (next.js: 3ms, proxy.ts: 4ms, application-code: 7ms)
 GET /sign-in 200 in 53ms (next.js: 4ms, proxy.ts: 1.8ms, application-code: 47ms)
 GET /api/auth/get-session 200 in 17ms (next.js: 6ms, proxy.ts: 2ms, application-code: 8ms)
  ✓  12 [chromium] › e2e/auth-lifecycle-local.spec.ts:85:9 › auth lifecycle en: verification, magic link, reset, sessions and passkey (12.8s)
 GET /dashboard 200 in 121ms (next.js: 2ms, proxy.ts: 3ms, application-code: 115ms)
 GET /api/auth/get-session 200 in 118ms (next.js: 36ms, proxy.ts: 29ms, application-code: 53ms)
 GET /api/auth/organization/list 200 in 220ms (next.js: 60ms, proxy.ts: 27ms, application-code: 134ms)
 GET /settings 200 in 271ms (next.js: 4ms, proxy.ts: 3ms, application-code: 264ms)
 GET /api/auth/get-session 200 in 121ms (next.js: 18ms, proxy.ts: 41ms, application-code: 61ms)
 GET /api/auth/organization/list 200 in 121ms (next.js: 17ms, proxy.ts: 42ms, application-code: 63ms)
 GET /billing 200 in 206ms (next.js: 4ms, proxy.ts: 2ms, application-code: 199ms)
 GET /api/auth/get-session 200 in 91ms (next.js: 15ms, proxy.ts: 26ms, application-code: 50ms)
 GET /api/auth/organization/list 200 in 93ms (next.js: 23ms, proxy.ts: 24ms, application-code: 45ms)
 GET /support 200 in 152ms (next.js: 3ms, proxy.ts: 1.9ms, application-code: 147ms)
  ✓  13 [chromium] › e2e/authenticated-rbac.spec.ts:55:9 › authenticated five-role route matrix › owner has only its server-authorized product surface (1.4s)
 GET /dashboard 200 in 117ms (next.js: 1.8ms, proxy.ts: 2ms, application-code: 113ms)
 GET /api/auth/get-session 200 in 113ms (next.js: 46ms, proxy.ts: 5ms, application-code: 62ms)
 GET /api/auth/organization/list 200 in 129ms (next.js: 45ms, proxy.ts: 8ms, application-code: 76ms)
 GET /settings 200 in 232ms (next.js: 5ms, proxy.ts: 4ms, application-code: 223ms)
 GET /api/auth/get-session 200 in 80ms (next.js: 42ms, proxy.ts: 12ms, application-code: 26ms)
 GET /api/auth/organization/list 200 in 82ms (next.js: 45ms, proxy.ts: 12ms, application-code: 25ms)
 GET /support 200 in 171ms (next.js: 2ms, proxy.ts: 2ms, application-code: 167ms)
 GET /api/auth/get-session 200 in 124ms (next.js: 38ms, proxy.ts: 22ms, application-code: 65ms)
 GET /api/auth/organization/list 200 in 129ms (next.js: 42ms, proxy.ts: 22ms, application-code: 65ms)
 GET /billing 307 in 134ms (next.js: 4ms, proxy.ts: 3ms, application-code: 127ms)
 GET /support?error=You%20no%20longer%20have%20access%20to%20this%20page.%20Choose%20an%20available%20section%20or%20contact%20an%20administrator. 200 in 133ms (next.js: 3ms, proxy.ts: 3ms, application-code: 128ms)
  ✓  14 [chromium] › e2e/authenticated-rbac.spec.ts:55:9 › authenticated five-role route matrix › admin has only its server-authorized product surface (1.4s)
 GET /dashboard 200 in 104ms (next.js: 2ms, proxy.ts: 2ms, application-code: 99ms)
 GET /api/auth/get-session 200 in 99ms (next.js: 25ms, proxy.ts: 24ms, application-code: 50ms)
 GET /api/auth/organization/list 200 in 133ms (next.js: 35ms, proxy.ts: 22ms, application-code: 77ms)
 GET /tasks 200 in 170ms (next.js: 8ms, proxy.ts: 3ms, application-code: 160ms)
 GET /api/auth/get-session 200 in 102ms (next.js: 12ms, proxy.ts: 27ms, application-code: 64ms)
 GET /api/auth/organization/list 200 in 125ms (next.js: 14ms, proxy.ts: 22ms, application-code: 89ms)
 GET /support 200 in 167ms (next.js: 3ms, proxy.ts: 3ms, application-code: 162ms)
 GET /api/auth/get-session 200 in 121ms (next.js: 19ms, proxy.ts: 29ms, application-code: 73ms)
 GET /api/auth/organization/list 200 in 119ms (next.js: 29ms, proxy.ts: 26ms, application-code: 64ms)
 GET /settings 307 in 160ms (next.js: 3ms, proxy.ts: 3ms, application-code: 154ms)
 GET /support?error=You%20no%20longer%20have%20access%20to%20this%20page.%20Choose%20an%20available%20section%20or%20contact%20an%20administrator. 200 in 127ms (next.js: 1.9ms, proxy.ts: 4ms, application-code: 122ms)
 GET /api/auth/get-session 200 in 118ms (next.js: 22ms, proxy.ts: 42ms, application-code: 54ms)
 GET /api/auth/organization/list 200 in 113ms (next.js: 31ms, proxy.ts: 35ms, application-code: 47ms)
 GET /billing 307 in 145ms (next.js: 2ms, proxy.ts: 2.0ms, application-code: 141ms)
 GET /support?error=You%20no%20longer%20have%20access%20to%20this%20page.%20Choose%20an%20available%20section%20or%20contact%20an%20administrator. 200 in 143ms (next.js: 2ms, proxy.ts: 4ms, application-code: 137ms)
  ✓  15 [chromium] › e2e/authenticated-rbac.spec.ts:55:9 › authenticated five-role route matrix › strategist has only its server-authorized product surface (1.9s)
 GET /dashboard 200 in 107ms (next.js: 2.0ms, proxy.ts: 2ms, application-code: 103ms)
 GET /api/auth/get-session 200 in 124ms (next.js: 64ms, proxy.ts: 2ms, application-code: 58ms)
 GET /api/auth/organization/list 200 in 176ms (next.js: 52ms, proxy.ts: 18ms, application-code: 106ms)
 GET /reports 200 in 199ms (next.js: 12ms, proxy.ts: 2ms, application-code: 184ms)
 GET /api/auth/get-session 200 in 109ms (next.js: 26ms, proxy.ts: 28ms, application-code: 56ms)
 GET /api/auth/organization/list 200 in 136ms (next.js: 36ms, proxy.ts: 25ms, application-code: 74ms)
 GET /support 200 in 173ms (next.js: 6ms, proxy.ts: 3ms, application-code: 165ms)
 GET /api/auth/get-session 200 in 114ms (next.js: 19ms, proxy.ts: 28ms, application-code: 67ms)
 GET /api/auth/organization/list 200 in 111ms (next.js: 33ms, proxy.ts: 26ms, application-code: 52ms)
 GET /settings 307 in 144ms (next.js: 2ms, proxy.ts: 4ms, application-code: 138ms)
 GET /support?error=You%20no%20longer%20have%20access%20to%20this%20page.%20Choose%20an%20available%20section%20or%20contact%20an%20administrator. 200 in 115ms (next.js: 2ms, proxy.ts: 3ms, application-code: 110ms)
 GET /api/auth/get-session 200 in 121ms (next.js: 18ms, proxy.ts: 44ms, application-code: 59ms)
 GET /api/auth/organization/list 200 in 121ms (next.js: 24ms, proxy.ts: 43ms, application-code: 54ms)
 GET /billing 307 in 131ms (next.js: 3ms, proxy.ts: 1.9ms, application-code: 126ms)
 GET /support?error=You%20no%20longer%20have%20access%20to%20this%20page.%20Choose%20an%20available%20section%20or%20contact%20an%20administrator. 200 in 124ms (next.js: 2ms, proxy.ts: 3ms, application-code: 119ms)
  ✓  16 [chromium] › e2e/authenticated-rbac.spec.ts:55:9 › authenticated five-role route matrix › analyst has only its server-authorized product surface (1.9s)
 GET /support 200 in 96ms (next.js: 1.8ms, proxy.ts: 5ms, application-code: 89ms)
 GET /api/auth/get-session 200 in 71ms (next.js: 9ms, proxy.ts: 3ms, application-code: 60ms)
 GET /api/auth/organization/list 200 in 84ms (next.js: 13ms, proxy.ts: 3ms, application-code: 69ms)
 GET /dashboard 307 in 116ms (next.js: 21ms, proxy.ts: 4ms, application-code: 92ms)
 GET /support?error=You%20no%20longer%20have%20access%20to%20this%20page.%20Choose%20an%20available%20section%20or%20contact%20an%20administrator. 200 in 92ms (next.js: 2ms, proxy.ts: 2ms, application-code: 87ms)
 GET /api/auth/get-session 200 in 69ms (next.js: 44ms, proxy.ts: 4ms, application-code: 20ms)
 GET /api/auth/organization/list 200 in 103ms (next.js: 47ms, proxy.ts: 5ms, application-code: 51ms)
 GET /settings 307 in 107ms (next.js: 4ms, proxy.ts: 4ms, application-code: 99ms)
 GET /support?error=You%20no%20longer%20have%20access%20to%20this%20page.%20Choose%20an%20available%20section%20or%20contact%20an%20administrator. 200 in 122ms (next.js: 3ms, proxy.ts: 2ms, application-code: 118ms)
 GET /api/auth/get-session 200 in 67ms (next.js: 40ms, proxy.ts: 3ms, application-code: 23ms)
 GET /api/auth/organization/list 200 in 96ms (next.js: 47ms, proxy.ts: 4ms, application-code: 45ms)
 GET /billing 307 in 100ms (next.js: 4ms, proxy.ts: 3ms, application-code: 93ms)
 GET /support?error=You%20no%20longer%20have%20access%20to%20this%20page.%20Choose%20an%20available%20section%20or%20contact%20an%20administrator. 200 in 109ms (next.js: 2ms, proxy.ts: 4ms, application-code: 103ms)
  ✓  17 [chromium] › e2e/authenticated-rbac.spec.ts:55:9 › authenticated five-role route matrix › client has only its server-authorized product surface (1.4s)
 GET /api/exports/80000000-0000-4000-8000-000000000003 404 in 1149ms (next.js: 1114ms, proxy.ts: 3ms, application-code: 32ms)
  ✓  18 [chromium] › e2e/authenticated-rbac.spec.ts:75:9 › authenticated five-role route matrix › owner cannot cross the direct export API boundary (1.5s)
 GET /api/exports/80000000-0000-4000-8000-000000000003 403 in 15ms (next.js: 4ms, proxy.ts: 3ms, application-code: 8ms)
  ✓  19 [chromium] › e2e/authenticated-rbac.spec.ts:75:9 › authenticated five-role route matrix › admin cannot cross the direct export API boundary (102ms)
 GET /api/exports/80000000-0000-4000-8000-000000000003 403 in 16ms (next.js: 3ms, proxy.ts: 2.0ms, application-code: 11ms)
  ✓  20 [chromium] › e2e/authenticated-rbac.spec.ts:75:9 › authenticated five-role route matrix › strategist cannot cross the direct export API boundary (64ms)
 GET /api/exports/80000000-0000-4000-8000-000000000003 403 in 16ms (next.js: 4ms, proxy.ts: 3ms, application-code: 9ms)
  ✓  21 [chromium] › e2e/authenticated-rbac.spec.ts:75:9 › authenticated five-role route matrix › analyst cannot cross the direct export API boundary (63ms)
 GET /api/exports/80000000-0000-4000-8000-000000000003 403 in 14ms (next.js: 5ms, proxy.ts: 2ms, application-code: 7ms)
  ✓  22 [chromium] › e2e/authenticated-rbac.spec.ts:75:9 › authenticated five-role route matrix › client cannot cross the direct export API boundary (60ms)
 GET /settings 200 in 346ms (next.js: 3ms, proxy.ts: 3ms, application-code: 341ms)
 GET /api/auth/get-session 200 in 22ms (next.js: 5ms, proxy.ts: 3ms, application-code: 14ms)
 GET /api/auth/organization/list 200 in 23ms (next.js: 9ms, proxy.ts: 3ms, application-code: 12ms)
 POST /settings 200 in 80ms (next.js: 2ms, proxy.ts: 2ms, application-code: 76ms)
  └─ ƒ updateWorkspaceLocale({}) in 22ms src/app/actions.ts
 GET /settings?notice=Workspace+language+updated. 200 in 115ms (next.js: 1.8ms, proxy.ts: 2ms, application-code: 111ms)
 GET /settings?notice=Workspace+language+updated. 200 in 81ms (next.js: 2ms, proxy.ts: 1.6ms, application-code: 77ms)
 POST /settings 200 in 154ms (next.js: 14ms, proxy.ts: 12ms, application-code: 127ms)
  └─ ƒ updateWorkspaceLocale({}) in 41ms src/app/actions.ts
 GET /settings?notice=Workspace+language+updated. 200 in 101ms (next.js: 1.7ms, proxy.ts: 1.3ms, application-code: 98ms)
 POST /settings 200 in 118ms (next.js: 1.7ms, proxy.ts: 1.7ms, application-code: 115ms)
  └─ ƒ updateWorkspaceLocale({}) in 10ms src/app/actions.ts
 GET /settings?error=Permission+required%3A+workspace%3Aadmin 200 in 50ms (next.js: 2ms, proxy.ts: 1.4ms, application-code: 46ms)
 POST /settings 200 in 63ms (next.js: 2ms, proxy.ts: 1.9ms, application-code: 59ms)
  └─ ƒ updateWorkspaceLocale({}) in 5ms src/app/actions.ts
 GET /settings?error=Permission+required%3A+workspace%3Aadmin 200 in 48ms (next.js: 3ms, proxy.ts: 1.7ms, application-code: 43ms)
 POST /settings 200 in 61ms (next.js: 2ms, proxy.ts: 1.9ms, application-code: 57ms)
  └─ ƒ updateWorkspaceLocale({}) in 5ms src/app/actions.ts
 GET /settings?error=Permission+required%3A+workspace%3Aadmin 200 in 47ms (next.js: 2ms, proxy.ts: 2ms, application-code: 42ms)
 POST /settings 200 in 71ms (next.js: 2.0ms, proxy.ts: 2ms, application-code: 67ms)
  └─ ƒ updateWorkspaceLocale({}) in 5ms src/app/actions.ts
  ✓  23 [chromium] › e2e/authenticated-rbac.spec.ts:93:7 › authenticated Server Action authorization matrix › re-authorizes workspace administration for every session (1.4s)
 GET /dashboard?client=80000000-0000-4000-8000-000000000092 200 in 189ms (next.js: 2ms, proxy.ts: 2ms, application-code: 184ms)
 GET /api/auth/get-session 200 in 25ms (next.js: 5ms, proxy.ts: 3ms, application-code: 17ms)
 GET /api/auth/organization/list 200 in 29ms (next.js: 10ms, proxy.ts: 3ms, application-code: 16ms)
 POST /dashboard?client=80000000-0000-4000-8000-000000000092 200 in 214ms (next.js: 4ms, proxy.ts: 2ms, application-code: 207ms)
  └─ ƒ setCookieConsent({}) in 2ms src/app/preferences-actions.ts
 GET /dashboard?client=80000000-0000-4000-8000-000000000092 200 in 247ms (next.js: 8ms, proxy.ts: 7ms, application-code: 233ms)
 GET /api/auth/get-session 200 in 92ms (next.js: 41ms, proxy.ts: 4ms, application-code: 47ms)
 GET /api/auth/organization/list 200 in 133ms (next.js: 44ms, proxy.ts: 3ms, application-code: 86ms)
 GET /dashboard?client=80000000-0000-4000-8000-000000000092 200 in 229ms (next.js: 5ms, proxy.ts: 3ms, application-code: 221ms)
 GET /api/auth/get-session 200 in 71ms (next.js: 10ms, proxy.ts: 2ms, application-code: 58ms)
 GET /api/auth/organization/list 200 in 79ms (next.js: 26ms, proxy.ts: 4ms, application-code: 50ms)
 GET /dashboard?client=80000000-0000-4000-8000-000000000092 200 in 221ms (next.js: 25ms, proxy.ts: 3ms, application-code: 193ms)
 GET /api/auth/get-session 200 in 74ms (next.js: 17ms, proxy.ts: 4ms, application-code: 53ms)
 GET /api/auth/organization/list 200 in 83ms (next.js: 27ms, proxy.ts: 9ms, application-code: 47ms)
 GET /dashboard?client=80000000-0000-4000-8000-000000000092 200 in 219ms (next.js: 17ms, proxy.ts: 12ms, application-code: 190ms)
 GET /api/auth/get-session 200 in 23ms (next.js: 5ms, proxy.ts: 3ms, application-code: 14ms)
 GET /api/auth/organization/list 200 in 25ms (next.js: 10ms, proxy.ts: 3ms, application-code: 13ms)
 GET /dashboard?client=80000000-0000-4000-8000-000000000093 200 in 173ms (next.js: 3ms, proxy.ts: 1.8ms, application-code: 169ms)
  ✓  24 [chromium] › e2e/dashboard-health-local.spec.ts:15:53 › qualified cockpit health › counts all alerts and refuses unqualified scores in fr (2.6s)
 GET /dashboard?client=80000000-0000-4000-8000-000000000092 200 in 1287ms (next.js: 2ms, proxy.ts: 1.8ms, application-code: 1283ms)
 GET /api/auth/get-session 200 in 44ms (next.js: 8ms, proxy.ts: 4ms, application-code: 32ms)
 GET /api/auth/organization/list 200 in 47ms (next.js: 21ms, proxy.ts: 4ms, application-code: 22ms)
 POST /dashboard?client=80000000-0000-4000-8000-000000000092 200 in 282ms (next.js: 9ms, proxy.ts: 6ms, application-code: 267ms)
  └─ ƒ setCookieConsent({}) in 7ms src/app/preferences-actions.ts
 GET /dashboard?client=80000000-0000-4000-8000-000000000092 200 in 313ms (next.js: 6ms, proxy.ts: 13ms, application-code: 293ms)
 GET /api/auth/get-session 200 in 113ms (next.js: 53ms, proxy.ts: 4ms, application-code: 56ms)
 GET /api/auth/organization/list 200 in 157ms (next.js: 57ms, proxy.ts: 4ms, application-code: 96ms)
 GET /dashboard?client=80000000-0000-4000-8000-000000000092 200 in 257ms (next.js: 6ms, proxy.ts: 4ms, application-code: 247ms)
 GET /api/auth/get-session 200 in 72ms (next.js: 49ms, proxy.ts: 3ms, application-code: 20ms)
 GET /api/auth/organization/list 200 in 110ms (next.js: 52ms, proxy.ts: 3ms, application-code: 55ms)
 GET /dashboard?client=80000000-0000-4000-8000-000000000092 200 in 228ms (next.js: 3ms, proxy.ts: 4ms, application-code: 221ms)
 GET /api/auth/get-session 200 in 83ms (next.js: 45ms, proxy.ts: 3ms, application-code: 34ms)
 GET /api/auth/organization/list 200 in 138ms (next.js: 50ms, proxy.ts: 4ms, application-code: 85ms)
 GET /dashboard?client=80000000-0000-4000-8000-000000000092 200 in 245ms (next.js: 3ms, proxy.ts: 4ms, application-code: 239ms)
 GET /api/auth/get-session 200 in 55ms (next.js: 14ms, proxy.ts: 8ms, application-code: 34ms)
 GET /api/auth/organization/list 200 in 60ms (next.js: 26ms, proxy.ts: 9ms, application-code: 24ms)
 GET /dashboard?client=80000000-0000-4000-8000-000000000093 200 in 163ms (next.js: 2ms, proxy.ts: 1.7ms, application-code: 159ms)
  ✓  25 [chromium] › e2e/dashboard-health-local.spec.ts:15:53 › qualified cockpit health › counts all alerts and refuses unqualified scores in en (3.9s)
 POST /api/auth/organization/set-active 200 in 15ms (next.js: 4ms, proxy.ts: 2ms, application-code: 9ms)
 GET /settings 200 in 218ms (next.js: 2ms, proxy.ts: 1.9ms, application-code: 213ms)
 GET /api/auth/get-session 200 in 40ms (next.js: 11ms, proxy.ts: 6ms, application-code: 23ms)
 GET /api/auth/organization/list 200 in 41ms (next.js: 3ms, proxy.ts: 6ms, application-code: 32ms)
 POST /api/auth/organization/set-active 200 in 16ms (next.js: 2ms, proxy.ts: 5ms, application-code: 9ms)
 GET /settings?error=L%E2%80%99espace+actif+a+chang%C3%A9.+Rechargez+la+page+avant+d%E2%80%99enregistrer. 200 in 118ms (next.js: 2ms, proxy.ts: 1.9ms, application-code: 114ms)
 POST /settings 200 in 137ms (next.js: 3ms, proxy.ts: 3ms, application-code: 132ms)
  └─ ƒ createWorkspaceDomain({}) in 7ms src/app/domain-actions.ts
 GET /settings?notice=Domaine+enregistr%C3%A9.+Publiez+le+TXT+r%C3%A9v%C3%A9l%C3%A9+avant+de+v%C3%A9rifier.&reveal=domain-dns&revealId=8020b8b2-d311-4a6d-8804-294a6b429140 200 in 94ms (next.js: 4ms, proxy.ts: 3ms, application-code: 87ms)
 POST /settings?error=L%E2%80%99espace%20actif%20a%20chang%C3%A9.%20Rechargez%20la%20page%20avant%20d%E2%80%99enregistrer. 200 in 152ms (next.js: 10ms, proxy.ts: 8ms, application-code: 134ms)
  └─ ƒ createWorkspaceDomain({}) in 33ms src/app/domain-actions.ts
 POST /api/auth/organization/set-active 200 in 14ms (next.js: 4ms, proxy.ts: 2ms, application-code: 9ms)
 GET /settings 200 in 227ms (next.js: 4ms, proxy.ts: 1.5ms, application-code: 221ms)
 POST /api/auth/organization/set-active 200 in 22ms (next.js: 3ms, proxy.ts: 4ms, application-code: 15ms)
 GET /api/auth/get-session 200 in 44ms (next.js: 8ms, proxy.ts: 4ms, application-code: 32ms)
 GET /api/auth/organization/list 200 in 46ms (next.js: 11ms, proxy.ts: 4ms, application-code: 31ms)
 GET /settings?error=L%E2%80%99espace+actif+a+chang%C3%A9.+Rechargez+la+page+avant+d%E2%80%99enregistrer. 200 in 104ms (next.js: 1.9ms, proxy.ts: 1.9ms, application-code: 100ms)
 POST /settings 200 in 126ms (next.js: 3ms, proxy.ts: 2ms, application-code: 121ms)
  └─ ƒ verifyWorkspaceDomain({}) in 8ms src/app/domain-actions.ts
 POST /api/auth/organization/set-active 200 in 14ms (next.js: 4ms, proxy.ts: 2ms, application-code: 8ms)
 GET /settings 200 in 209ms (next.js: 1.8ms, proxy.ts: 1.5ms, application-code: 206ms)
 GET /api/auth/get-session 200 in 79ms (next.js: 34ms, proxy.ts: 15ms, application-code: 30ms)
 GET /api/auth/organization/list 200 in 98ms (next.js: 21ms, proxy.ts: 33ms, application-code: 44ms)
 POST /api/auth/organization/set-active 200 in 115ms (next.js: 15ms, proxy.ts: 41ms, application-code: 59ms)
 GET /settings?error=L%E2%80%99espace+actif+a+chang%C3%A9.+Rechargez+la+page+avant+d%E2%80%99enregistrer. 200 in 170ms (next.js: 5ms, proxy.ts: 2ms, application-code: 163ms)
 POST /settings 200 in 200ms (next.js: 2ms, proxy.ts: 5ms, application-code: 193ms)
  └─ ƒ revokeWorkspaceDomain({}) in 12ms src/app/domain-actions.ts
 POST /api/auth/organization/set-active 200 in 15ms (next.js: 4ms, proxy.ts: 2ms, application-code: 9ms)
 GET /settings 200 in 217ms (next.js: 3ms, proxy.ts: 1.8ms, application-code: 212ms)
 GET /api/auth/get-session 200 in 59ms (next.js: 21ms, proxy.ts: 25ms, application-code: 14ms)
 GET /api/auth/organization/list 200 in 61ms (next.js: 8ms, proxy.ts: 28ms, application-code: 25ms)
 GET /settings?error=Op%C3%A9ration+du+domaine+non+finalis%C3%A9e.+R%C3%A9essayez+ou+contactez+le+support. 200 in 96ms (next.js: 3ms, proxy.ts: 1.9ms, application-code: 92ms)
 POST /settings 200 in 164ms (next.js: 3ms, proxy.ts: 27ms, application-code: 135ms)
  └─ ƒ revokeWorkspaceDomain({}) in 32ms src/app/domain-actions.ts
 POST /api/auth/organization/set-active 200 in 13ms (next.js: 3ms, proxy.ts: 1.9ms, application-code: 8ms)
  ✓  26 [chromium] › e2e/domain-forms-local.spec.ts:6:7 › custom domain fr binds all forms to their workspace and permits removal after downgrade (3.7s)
 POST /api/auth/organization/set-active 200 in 12ms (next.js: 2ms, proxy.ts: 1.7ms, application-code: 8ms)
 GET /settings 200 in 230ms (next.js: 1.9ms, proxy.ts: 1.6ms, application-code: 226ms)
 GET /api/auth/get-session 200 in 34ms (next.js: 14ms, proxy.ts: 4ms, application-code: 16ms)
 GET /api/auth/organization/list 200 in 36ms (next.js: 8ms, proxy.ts: 3ms, application-code: 25ms)
 POST /api/auth/organization/set-active 200 in 22ms (next.js: 7ms, proxy.ts: 4ms, application-code: 12ms)
 GET /settings?error=L%E2%80%99espace+actif+a+chang%C3%A9.+Rechargez+la+page+avant+d%E2%80%99enregistrer. 200 in 120ms (next.js: 5ms, proxy.ts: 2ms, application-code: 113ms)
 POST /settings 200 in 150ms (next.js: 7ms, proxy.ts: 3ms, application-code: 141ms)
  └─ ƒ createWorkspaceDomain({}) in 8ms src/app/domain-actions.ts
 GET /settings?notice=Domaine+enregistr%C3%A9.+Publiez+le+TXT+r%C3%A9v%C3%A9l%C3%A9+avant+de+v%C3%A9rifier.&reveal=domain-dns&revealId=ad498c04-cf9f-4b2a-b2e5-a22beca6b9bd 200 in 111ms (next.js: 1.7ms, proxy.ts: 1.8ms, application-code: 108ms)
 POST /settings?error=L%E2%80%99espace%20actif%20a%20chang%C3%A9.%20Rechargez%20la%20page%20avant%20d%E2%80%99enregistrer. 200 in 134ms (next.js: 2ms, proxy.ts: 3ms, application-code: 129ms)
  └─ ƒ createWorkspaceDomain({}) in 12ms src/app/domain-actions.ts
 POST /api/auth/organization/set-active 200 in 14ms (next.js: 4ms, proxy.ts: 2ms, application-code: 7ms)
 GET /settings 200 in 216ms (next.js: 2ms, proxy.ts: 1.5ms, application-code: 212ms)
 POST /api/auth/organization/set-active 200 in 34ms (next.js: 2ms, proxy.ts: 3ms, application-code: 29ms)
 GET /api/auth/get-session 200 in 46ms (next.js: 23ms, proxy.ts: 6ms, application-code: 18ms)
 GET /api/auth/organization/list 200 in 48ms (next.js: 24ms, proxy.ts: 12ms, application-code: 12ms)
 GET /settings?error=L%E2%80%99espace+actif+a+chang%C3%A9.+Rechargez+la+page+avant+d%E2%80%99enregistrer. 200 in 147ms (next.js: 4ms, proxy.ts: 3ms, application-code: 140ms)
 POST /settings 200 in 170ms (next.js: 4ms, proxy.ts: 4ms, application-code: 162ms)
  └─ ƒ verifyWorkspaceDomain({}) in 7ms src/app/domain-actions.ts
 POST /api/auth/organization/set-active 200 in 16ms (next.js: 4ms, proxy.ts: 2ms, application-code: 10ms)
 GET /settings 200 in 215ms (next.js: 4ms, proxy.ts: 7ms, application-code: 204ms)
 POST /api/auth/organization/set-active 200 in 20ms (next.js: 4ms, proxy.ts: 2ms, application-code: 14ms)
 GET /api/auth/get-session 200 in 34ms (next.js: 7ms, proxy.ts: 3ms, application-code: 23ms)
 GET /api/auth/organization/list 200 in 38ms (next.js: 14ms, proxy.ts: 4ms, application-code: 19ms)
 GET /settings?error=L%E2%80%99espace+actif+a+chang%C3%A9.+Rechargez+la+page+avant+d%E2%80%99enregistrer. 200 in 151ms (next.js: 1.7ms, proxy.ts: 2ms, application-code: 147ms)
 POST /settings 200 in 180ms (next.js: 3ms, proxy.ts: 3ms, application-code: 174ms)
  └─ ƒ revokeWorkspaceDomain({}) in 16ms src/app/domain-actions.ts
 POST /api/auth/organization/set-active 200 in 30ms (next.js: 14ms, proxy.ts: 4ms, application-code: 12ms)
 GET /settings 200 in 223ms (next.js: 2ms, proxy.ts: 1.9ms, application-code: 219ms)
 GET /api/auth/organization/list 200 in 27ms (next.js: 3ms, proxy.ts: 4ms, application-code: 20ms)
 GET /api/auth/get-session 200 in 30ms (next.js: 14ms, proxy.ts: 4ms, application-code: 12ms)
 GET /settings?error=Op%C3%A9ration+du+domaine+non+finalis%C3%A9e.+R%C3%A9essayez+ou+contactez+le+support. 200 in 96ms (next.js: 1.8ms, proxy.ts: 1.7ms, application-code: 92ms)
 POST /settings 200 in 123ms (next.js: 3ms, proxy.ts: 6ms, application-code: 115ms)
  └─ ƒ revokeWorkspaceDomain({}) in 13ms src/app/domain-actions.ts
 POST /api/auth/organization/set-active 200 in 15ms (next.js: 4ms, proxy.ts: 3ms, application-code: 8ms)
  ✓  27 [chromium] › e2e/domain-forms-local.spec.ts:6:7 › custom domain en binds all forms to their workspace and permits removal after downgrade (3.5s)
 POST /api/auth/organization/set-active 200 in 13ms (next.js: 2ms, proxy.ts: 1.9ms, application-code: 9ms)
 GET /getting-started 200 in 195ms (next.js: 30ms, proxy.ts: 3ms, application-code: 163ms)
 GET /api/auth/get-session 200 in 47ms (next.js: 11ms, proxy.ts: 22ms, application-code: 14ms)
 GET /api/auth/organization/list 200 in 36ms (next.js: 7ms, proxy.ts: 5ms, application-code: 23ms)
 GET /getting-started 200 in 168ms (next.js: 8ms, proxy.ts: 4ms, application-code: 156ms)
 GET /api/auth/get-session 200 in 24ms (next.js: 5ms, proxy.ts: 3ms, application-code: 16ms)
 GET /api/auth/organization/list 200 in 29ms (next.js: 10ms, proxy.ts: 3ms, application-code: 15ms)
 GET /getting-started 200 in 167ms (next.js: 2ms, proxy.ts: 6ms, application-code: 159ms)
 GET /api/auth/get-session 200 in 26ms (next.js: 5ms, proxy.ts: 3ms, application-code: 18ms)
 GET /api/auth/organization/list 200 in 28ms (next.js: 12ms, proxy.ts: 3ms, application-code: 14ms)
 GET /getting-started 200 in 153ms (next.js: 4ms, proxy.ts: 6ms, application-code: 143ms)
 GET /api/auth/get-session 200 in 52ms (next.js: 11ms, proxy.ts: 12ms, application-code: 29ms)
 GET /api/auth/organization/list 200 in 53ms (next.js: 21ms, proxy.ts: 6ms, application-code: 25ms)
 GET /getting-started 200 in 123ms (next.js: 1.9ms, proxy.ts: 1.9ms, application-code: 119ms)
 GET /api/auth/get-session 200 in 33ms (next.js: 6ms, proxy.ts: 3ms, application-code: 24ms)
 GET /api/auth/organization/list 200 in 35ms (next.js: 12ms, proxy.ts: 3ms, application-code: 20ms)
 GET /getting-started 200 in 152ms (next.js: 4ms, proxy.ts: 1.9ms, application-code: 147ms)
  ✓  28 [chromium] › e2e/getting-started-local.spec.ts:6:7 › guided setup fr requires selected accounts and qualified milestones (2.4s)
 POST /api/auth/organization/set-active 200 in 11ms (next.js: 2.0ms, proxy.ts: 1.9ms, application-code: 7ms)
 GET /getting-started 200 in 157ms (next.js: 2ms, proxy.ts: 2ms, application-code: 153ms)
 GET /api/auth/get-session 200 in 24ms (next.js: 6ms, proxy.ts: 3ms, application-code: 15ms)
 GET /api/auth/organization/list 200 in 32ms (next.js: 10ms, proxy.ts: 3ms, application-code: 18ms)
 GET /getting-started 200 in 160ms (next.js: 3ms, proxy.ts: 5ms, application-code: 152ms)
 GET /api/auth/get-session 200 in 19ms (next.js: 4ms, proxy.ts: 3ms, application-code: 12ms)
 GET /api/auth/organization/list 200 in 20ms (next.js: 7ms, proxy.ts: 3ms, application-code: 10ms)
 GET /getting-started 200 in 173ms (next.js: 2ms, proxy.ts: 2ms, application-code: 169ms)
 GET /api/auth/get-session 200 in 28ms (next.js: 9ms, proxy.ts: 4ms, application-code: 16ms)
 GET /api/auth/organization/list 200 in 32ms (next.js: 13ms, proxy.ts: 4ms, application-code: 14ms)
 GET /getting-started 200 in 158ms (next.js: 4ms, proxy.ts: 5ms, application-code: 149ms)
 GET /api/auth/get-session 200 in 20ms (next.js: 8ms, proxy.ts: 3ms, application-code: 10ms)
 GET /api/auth/organization/list 200 in 21ms (next.js: 3ms, proxy.ts: 3ms, application-code: 16ms)
 GET /getting-started 200 in 147ms (next.js: 2ms, proxy.ts: 2.0ms, application-code: 143ms)
 GET /api/auth/get-session 200 in 22ms (next.js: 6ms, proxy.ts: 3ms, application-code: 14ms)
 GET /api/auth/organization/list 200 in 23ms (next.js: 10ms, proxy.ts: 3ms, application-code: 10ms)
 GET /getting-started 200 in 143ms (next.js: 1.8ms, proxy.ts: 1.7ms, application-code: 139ms)
  ✓  29 [chromium] › e2e/getting-started-local.spec.ts:6:7 › guided setup en requires selected accounts and qualified milestones (2.3s)
 GET /settings 200 in 273ms (next.js: 5ms, proxy.ts: 3ms, application-code: 266ms)
 GET /api/auth/get-session 200 in 27ms (next.js: 7ms, proxy.ts: 4ms, application-code: 16ms)
 GET /api/auth/organization/list 200 in 28ms (next.js: 12ms, proxy.ts: 4ms, application-code: 13ms)
 GET /settings?notice=Pr%C3%A9f%C3%A9rences+personnelles+de+t%C3%A2ches+enregistr%C3%A9es. 200 in 148ms (next.js: 2ms, proxy.ts: 4ms, application-code: 142ms)
 POST /settings 200 in 204ms (next.js: 5ms, proxy.ts: 7ms, application-code: 192ms)
  └─ ƒ updateMyTaskNotificationPreferences({}) in 33ms src/app/actions.ts
 GET /settings?notice=Pr%C3%A9f%C3%A9rences%20personnelles%20de%20t%C3%A2ches%20enregistr%C3%A9es. 200 in 288ms (next.js: 5ms, proxy.ts: 5ms, application-code: 278ms)
 GET /api/auth/get-session 200 in 20ms (next.js: 5ms, proxy.ts: 3ms, application-code: 12ms)
 GET /api/auth/organization/list 200 in 23ms (next.js: 9ms, proxy.ts: 2ms, application-code: 11ms)
 GET /settings?error=Workspace+access+state+does+not+allow%3A+workspace%3Aread 200 in 52ms (next.js: 2ms, proxy.ts: 3ms, application-code: 46ms)
 POST /settings?notice=Pr%C3%A9f%C3%A9rences%20personnelles%20de%20t%C3%A2ches%20enregistr%C3%A9es. 200 in 77ms (next.js: 2ms, proxy.ts: 2ms, application-code: 72ms)
  └─ ƒ updateMyTaskNotificationPreferences({}) in 13ms src/app/actions.ts
 GET /support?notice=Votre+acc%C3%A8s+actuel+est+limit%C3%A9+%C3%A0+la+facturation+et+aux+donn%C3%A9es+stock%C3%A9es. 200 in 86ms (next.js: 5ms, proxy.ts: 2ms, application-code: 80ms)
 GET /support?notice=Votre+acc%C3%A8s+actuel+est+limit%C3%A9+%C3%A0+la+facturation+et+aux+donn%C3%A9es+stock%C3%A9es. 200 in 66ms (next.js: 5ms, proxy.ts: 4ms, application-code: 57ms)
  ✓  30 [chromium] › e2e/member-preferences-local.spec.ts:6:7 › member preferences fr persist personal settings and refuse a stale grace form (1.9s)
 GET /settings 200 in 219ms (next.js: 1.9ms, proxy.ts: 2ms, application-code: 215ms)
 GET /api/auth/get-session 200 in 34ms (next.js: 9ms, proxy.ts: 9ms, application-code: 16ms)
 GET /api/auth/organization/list 200 in 34ms (next.js: 16ms, proxy.ts: 8ms, application-code: 9ms)
 GET /settings?notice=Pr%C3%A9f%C3%A9rences+personnelles+de+t%C3%A2ches+enregistr%C3%A9es. 200 in 108ms (next.js: 2ms, proxy.ts: 1.9ms, application-code: 104ms)
 POST /settings 200 in 135ms (next.js: 2ms, proxy.ts: 4ms, application-code: 129ms)
  └─ ƒ updateMyTaskNotificationPreferences({}) in 15ms src/app/actions.ts
 GET /settings?notice=Pr%C3%A9f%C3%A9rences%20personnelles%20de%20t%C3%A2ches%20enregistr%C3%A9es. 200 in 235ms (next.js: 11ms, proxy.ts: 2.0ms, application-code: 222ms)
 GET /api/auth/get-session 200 in 20ms (next.js: 5ms, proxy.ts: 3ms, application-code: 13ms)
 GET /api/auth/organization/list 200 in 22ms (next.js: 9ms, proxy.ts: 3ms, application-code: 10ms)
 GET /settings?error=Workspace+access+state+does+not+allow%3A+workspace%3Aread 200 in 49ms (next.js: 1.9ms, proxy.ts: 1.8ms, application-code: 45ms)
 POST /settings?notice=Pr%C3%A9f%C3%A9rences%20personnelles%20de%20t%C3%A2ches%20enregistr%C3%A9es. 200 in 70ms (next.js: 3ms, proxy.ts: 2ms, application-code: 65ms)
  └─ ƒ updateMyTaskNotificationPreferences({}) in 9ms src/app/actions.ts
 GET /support?notice=Your+current+access+is+limited+to+billing+and+stored+data. 200 in 76ms (next.js: 3ms, proxy.ts: 2.0ms, application-code: 72ms)
 GET /support?notice=Your+current+access+is+limited+to+billing+and+stored+data. 200 in 58ms (next.js: 5ms, proxy.ts: 4ms, application-code: 49ms)
  ✓  31 [chromium] › e2e/member-preferences-local.spec.ts:6:7 › member preferences en persist personal settings and refuse a stale grace form (1.6s)
 GET /agents 200 in 191ms (next.js: 6ms, proxy.ts: 4ms, application-code: 181ms)
 GET /api/auth/get-session 200 in 28ms (next.js: 6ms, proxy.ts: 4ms, application-code: 18ms)
 GET /api/auth/organization/list 200 in 30ms (next.js: 10ms, proxy.ts: 4ms, application-code: 16ms)
 GET /agents?notice=Vigie+activ%C3%A9e.+Elle+sera+ex%C3%A9cut%C3%A9e+chaque+jour. 200 in 86ms (next.js: 1.9ms, proxy.ts: 1.9ms, application-code: 82ms)
 POST /agents 200 in 167ms (next.js: 20ms, proxy.ts: 4ms, application-code: 143ms)
  └─ ƒ createMonitoringAgent({}) in 43ms src/app/actions.ts
 GET /agents?notice=Vigie+mise+en+pause. 200 in 74ms (next.js: 1.7ms, proxy.ts: 1.7ms, application-code: 71ms)
 POST /agents?notice=Vigie%20activ%C3%A9e.%20Elle%20sera%20ex%C3%A9cut%C3%A9e%20chaque%20jour. 200 in 93ms (next.js: 3ms, proxy.ts: 2ms, application-code: 88ms)
  └─ ƒ toggleMonitoringAgent({}) in 9ms src/app/actions.ts
 GET /agents?notice=Vigie+activ%C3%A9e. 200 in 86ms (next.js: 2ms, proxy.ts: 2ms, application-code: 81ms)
 POST /agents?notice=Vigie%20mise%20en%20pause. 200 in 111ms (next.js: 2ms, proxy.ts: 3ms, application-code: 106ms)
  └─ ƒ toggleMonitoringAgent({}) in 13ms src/app/actions.ts
 GET /alerts?notice=Analyse+planifi%C3%A9e.+Les+signalements+seront+actualis%C3%A9s+apr%C3%A8s+son+traitement. 200 in 72ms (next.js: 4ms, proxy.ts: 1.9ms, application-code: 65ms)
 POST /agents?notice=Vigie%20activ%C3%A9e. 200 in 102ms (next.js: 3ms, proxy.ts: 3ms, application-code: 96ms)
  └─ ƒ runMonitoringScan({}) in 18ms src/app/actions.ts
 GET /alerts?id=6465f063-39b7-4f6d-9716-d91f20206fe0 200 in 132ms (next.js: 2ms, proxy.ts: 2ms, application-code: 128ms)
 GET /api/auth/get-session 200 in 68ms (next.js: 26ms, proxy.ts: 15ms, application-code: 27ms)
 GET /api/auth/organization/list 200 in 84ms (next.js: 29ms, proxy.ts: 14ms, application-code: 40ms)
 GET /alerts?notice=Workflow+de+l%E2%80%99alerte+mis+%C3%A0+jour.&id=6465f063-39b7-4f6d-9716-d91f20206fe0 200 in 111ms (next.js: 3ms, proxy.ts: 3ms, application-code: 105ms)
 POST /alerts?id=6465f063-39b7-4f6d-9716-d91f20206fe0 200 in 162ms (next.js: 12ms, proxy.ts: 16ms, application-code: 134ms)
  └─ ƒ updateAlertWorkflow({}) in 12ms src/app/actions.ts
 GET /alerts?notice=Workflow+de+l%E2%80%99alerte+mis+%C3%A0+jour.&id=6465f063-39b7-4f6d-9716-d91f20206fe0 200 in 91ms (next.js: 4ms, proxy.ts: 2.0ms, application-code: 85ms)
 POST /alerts?notice=Workflow%20de%20l%E2%80%99alerte%20mis%20%C3%A0%20jour.&id=6465f063-39b7-4f6d-9716-d91f20206fe0 200 in 115ms (next.js: 2ms, proxy.ts: 5ms, application-code: 108ms)
  └─ ƒ updateAlertWorkflow({}) in 9ms src/app/actions.ts
 GET /alerts?notice=Workflow+de+l%E2%80%99alerte+mis+%C3%A0+jour.&id=6465f063-39b7-4f6d-9716-d91f20206fe0 200 in 112ms (next.js: 2.0ms, proxy.ts: 1.8ms, application-code: 108ms)
 POST /alerts?notice=Workflow%20de%20l%E2%80%99alerte%20mis%20%C3%A0%20jour.&id=6465f063-39b7-4f6d-9716-d91f20206fe0 200 in 131ms (next.js: 1.9ms, proxy.ts: 2ms, application-code: 127ms)
  └─ ƒ updateAlertWorkflow({}) in 9ms src/app/actions.ts
 GET /alerts?error=Permission+required%3A+alerts%3Amanage&id=6465f063-39b7-4f6d-9716-d91f20206fe0 200 in 110ms (next.js: 3ms, proxy.ts: 5ms, application-code: 102ms)
 POST /alerts?notice=Workflow%20de%20l%E2%80%99alerte%20mis%20%C3%A0%20jour.&id=6465f063-39b7-4f6d-9716-d91f20206fe0 200 in 138ms (next.js: 5ms, proxy.ts: 4ms, application-code: 129ms)
  └─ ƒ updateAlertWorkflow({}) in 6ms src/app/actions.ts
 GET /alerts?error=Permission%20required%3A%20alerts%3Amanage&id=6465f063-39b7-4f6d-9716-d91f20206fe0 200 in 129ms (next.js: 2.0ms, proxy.ts: 1.8ms, application-code: 125ms)
 GET /api/auth/get-session 200 in 25ms (next.js: 5ms, proxy.ts: 3ms, application-code: 17ms)
 GET /api/auth/organization/list 200 in 28ms (next.js: 12ms, proxy.ts: 3ms, application-code: 13ms)
  ✓  32 [chromium] › e2e/monitoring-actors-local.spec.ts:6:7 › monitoring actor fr preserves authorized controls and rejects a revoked form (3.0s)
 GET /agents 200 in 177ms (next.js: 3ms, proxy.ts: 2ms, application-code: 173ms)
 GET /api/auth/organization/list 200 in 357ms (next.js: 112ms, proxy.ts: 102ms, application-code: 143ms)
 GET /api/auth/get-session 200 in 383ms (next.js: 100ms, proxy.ts: 121ms, application-code: 163ms)
 GET /agents?notice=Vigie+activ%C3%A9e.+Elle+sera+ex%C3%A9cut%C3%A9e+chaque+jour. 200 in 529ms (next.js: 48ms, proxy.ts: 220ms, application-code: 260ms)
 POST /agents 200 in 834ms (next.js: 33ms, proxy.ts: 31ms, application-code: 770ms)
  └─ ƒ createMonitoringAgent({}) in 196ms src/app/actions.ts
 GET /agents?notice=Vigie+mise+en+pause. 200 in 88ms (next.js: 2.0ms, proxy.ts: 2ms, application-code: 84ms)
 POST /agents?notice=Vigie%20activ%C3%A9e.%20Elle%20sera%20ex%C3%A9cut%C3%A9e%20chaque%20jour. 200 in 110ms (next.js: 2ms, proxy.ts: 3ms, application-code: 105ms)
  └─ ƒ toggleMonitoringAgent({}) in 10ms src/app/actions.ts
 GET /agents?notice=Vigie+activ%C3%A9e. 200 in 80ms (next.js: 2.0ms, proxy.ts: 1.9ms, application-code: 77ms)
 POST /agents?notice=Vigie%20mise%20en%20pause. 200 in 100ms (next.js: 2ms, proxy.ts: 2ms, application-code: 95ms)
  └─ ƒ toggleMonitoringAgent({}) in 9ms src/app/actions.ts
 GET /alerts?notice=Analyse+planifi%C3%A9e.+Les+signalements+seront+actualis%C3%A9s+apr%C3%A8s+son+traitement. 200 in 64ms (next.js: 3ms, proxy.ts: 1.8ms, application-code: 59ms)
 POST /agents?notice=Vigie%20activ%C3%A9e. 200 in 85ms (next.js: 2ms, proxy.ts: 3ms, application-code: 79ms)
  └─ ƒ runMonitoringScan({}) in 10ms src/app/actions.ts
 GET /alerts?id=9b27d760-4ce4-4cd0-b486-a0bdfb8f62c3 200 in 171ms (next.js: 2ms, proxy.ts: 14ms, application-code: 154ms)
 GET /api/auth/get-session 200 in 38ms (next.js: 17ms, proxy.ts: 3ms, application-code: 18ms)
 GET /api/auth/organization/list 200 in 41ms (next.js: 7ms, proxy.ts: 3ms, application-code: 31ms)
 GET /alerts?notice=Workflow+de+l%E2%80%99alerte+mis+%C3%A0+jour.&id=9b27d760-4ce4-4cd0-b486-a0bdfb8f62c3 200 in 83ms (next.js: 2ms, proxy.ts: 3ms, application-code: 78ms)
 POST /alerts?id=9b27d760-4ce4-4cd0-b486-a0bdfb8f62c3 200 in 107ms (next.js: 5ms, proxy.ts: 4ms, application-code: 98ms)
  └─ ƒ updateAlertWorkflow({}) in 8ms src/app/actions.ts
 GET /alerts?notice=Workflow+de+l%E2%80%99alerte+mis+%C3%A0+jour.&id=9b27d760-4ce4-4cd0-b486-a0bdfb8f62c3 200 in 77ms (next.js: 3ms, proxy.ts: 2ms, application-code: 72ms)
 POST /alerts?notice=Workflow%20de%20l%E2%80%99alerte%20mis%20%C3%A0%20jour.&id=9b27d760-4ce4-4cd0-b486-a0bdfb8f62c3 200 in 100ms (next.js: 2ms, proxy.ts: 3ms, application-code: 95ms)
  └─ ƒ updateAlertWorkflow({}) in 11ms src/app/actions.ts
 GET /alerts?notice=Workflow+de+l%E2%80%99alerte+mis+%C3%A0+jour.&id=9b27d760-4ce4-4cd0-b486-a0bdfb8f62c3 200 in 87ms (next.js: 2ms, proxy.ts: 1.7ms, application-code: 83ms)
 POST /alerts?notice=Workflow%20de%20l%E2%80%99alerte%20mis%20%C3%A0%20jour.&id=9b27d760-4ce4-4cd0-b486-a0bdfb8f62c3 200 in 105ms (next.js: 2ms, proxy.ts: 2ms, application-code: 101ms)
  └─ ƒ updateAlertWorkflow({}) in 9ms src/app/actions.ts
 GET /alerts?error=Permission+required%3A+alerts%3Amanage&id=9b27d760-4ce4-4cd0-b486-a0bdfb8f62c3 200 in 82ms (next.js: 3ms, proxy.ts: 1.8ms, application-code: 77ms)
 POST /alerts?notice=Workflow%20de%20l%E2%80%99alerte%20mis%20%C3%A0%20jour.&id=9b27d760-4ce4-4cd0-b486-a0bdfb8f62c3 200 in 103ms (next.js: 5ms, proxy.ts: 6ms, application-code: 93ms)
  └─ ƒ updateAlertWorkflow({}) in 5ms src/app/actions.ts
 GET /alerts?error=Permission%20required%3A%20alerts%3Amanage&id=9b27d760-4ce4-4cd0-b486-a0bdfb8f62c3 200 in 154ms (next.js: 1.9ms, proxy.ts: 2.0ms, application-code: 150ms)
 GET /api/auth/get-session 200 in 47ms (next.js: 8ms, proxy.ts: 5ms, application-code: 34ms)
 GET /api/auth/organization/list 200 in 50ms (next.js: 23ms, proxy.ts: 4ms, application-code: 23ms)
  ✓  33 [chromium] › e2e/monitoring-actors-local.spec.ts:6:7 › monitoring actor en preserves authorized controls and rejects a revoked form (4.1s)
 GET /insights/devices?client=80000000-0000-4000-8000-000000000094 200 in 149ms (next.js: 6ms, proxy.ts: 2.0ms, application-code: 141ms)
 GET /api/auth/get-session 200 in 41ms (next.js: 11ms, proxy.ts: 6ms, application-code: 23ms)
 GET /api/auth/organization/list 200 in 43ms (next.js: 22ms, proxy.ts: 5ms, application-code: 16ms)
 GET /tasks 200 in 93ms (next.js: 9ms, proxy.ts: 4ms, application-code: 79ms)
 GET /discussions/tasks/673ec4db-0b16-42f2-8859-511985b162e8 200 in 567ms (next.js: 441ms, proxy.ts: 2ms, application-code: 124ms)
 GET /api/auth/get-session 200 in 32ms (next.js: 15ms, proxy.ts: 4ms, application-code: 13ms)
 GET /api/auth/organization/list 200 in 35ms (next.js: 19ms, proxy.ts: 5ms, application-code: 11ms)
 GET /dashboard 200 in 96ms (next.js: 9ms, proxy.ts: 4ms, application-code: 84ms)
 GET /tasks 200 in 80ms (next.js: 3ms, proxy.ts: 3ms, application-code: 74ms)
 GET /dashboard 200 in 139ms (next.js: 5ms, proxy.ts: 2ms, application-code: 132ms)
 GET /tasks 200 in 66ms (next.js: 4ms, proxy.ts: 3ms, application-code: 59ms)
 GET /dashboard?client=invalid 404 in 125ms (next.js: 1.9ms, proxy.ts: 1.9ms, application-code: 121ms)
 GET /dashboard?client= 404 in 116ms (next.js: 1.8ms, proxy.ts: 1.8ms, application-code: 113ms)
 GET /dashboard?client=80000000-0000-4000-8000-000000000095 404 in 128ms (next.js: 2ms, proxy.ts: 2ms, application-code: 124ms)
 GET /dashboard?client=80000000-0000-4000-8000-000000000094&client=80000000-0000-4000-8000-000000000095 404 in 114ms (next.js: 1.8ms, proxy.ts: 1.8ms, application-code: 111ms)
 GET /analysis?client=invalid 404 in 121ms (next.js: 4ms, proxy.ts: 2ms, application-code: 115ms)
 GET /analysis?client= 404 in 146ms (next.js: 2.0ms, proxy.ts: 1.7ms, application-code: 142ms)
 GET /analysis?client=80000000-0000-4000-8000-000000000095 404 in 121ms (next.js: 1.9ms, proxy.ts: 1.7ms, application-code: 117ms)
 GET /analysis?client=80000000-0000-4000-8000-000000000094&client=80000000-0000-4000-8000-000000000095 404 in 124ms (next.js: 1.9ms, proxy.ts: 1.7ms, application-code: 121ms)
 GET /insights?client=invalid 404 in 117ms (next.js: 4ms, proxy.ts: 1.7ms, application-code: 111ms)
 GET /insights?client= 404 in 138ms (next.js: 1.9ms, proxy.ts: 1.7ms, application-code: 134ms)
 GET /insights?client=80000000-0000-4000-8000-000000000095 404 in 128ms (next.js: 2ms, proxy.ts: 2ms, application-code: 124ms)
 GET /insights?client=80000000-0000-4000-8000-000000000094&client=80000000-0000-4000-8000-000000000095 404 in 110ms (next.js: 2ms, proxy.ts: 1.9ms, application-code: 107ms)
 GET /history?client=invalid 404 in 126ms (next.js: 4ms, proxy.ts: 2ms, application-code: 120ms)
 GET /history?client= 404 in 139ms (next.js: 2ms, proxy.ts: 2ms, application-code: 134ms)
 GET /history?client=80000000-0000-4000-8000-000000000095 404 in 254ms (next.js: 3ms, proxy.ts: 4ms, application-code: 247ms)
 GET /history?client=80000000-0000-4000-8000-000000000094&client=80000000-0000-4000-8000-000000000095 404 in 186ms (next.js: 7ms, proxy.ts: 7ms, application-code: 172ms)
 GET /dashboard?client=80000000-0000-4000-8000-000000000094 404 in 148ms (next.js: 2ms, proxy.ts: 1.9ms, application-code: 144ms)
  ✓  34 [chromium] › e2e/navigation-state-local.spec.ts:14:53 › live navigation state › follows client navigation, keyboard and invalid accounts in fr (5.2s)
 GET /insights/devices?client=80000000-0000-4000-8000-000000000094 200 in 218ms (next.js: 6ms, proxy.ts: 2ms, application-code: 209ms)
 GET /api/auth/get-session 200 in 100ms (next.js: 13ms, proxy.ts: 19ms, application-code: 69ms)
 GET /api/auth/organization/list 200 in 118ms (next.js: 41ms, proxy.ts: 15ms, application-code: 62ms)
 GET /tasks 200 in 113ms (next.js: 6ms, proxy.ts: 11ms, application-code: 96ms)
 GET /discussions/tasks/cdfe40f6-ba21-4b8b-8402-f6e788866d1b 200 in 159ms (next.js: 5ms, proxy.ts: 2ms, application-code: 152ms)
 GET /api/auth/get-session 200 in 45ms (next.js: 12ms, proxy.ts: 6ms, application-code: 26ms)
 GET /api/auth/organization/list 200 in 67ms (next.js: 24ms, proxy.ts: 7ms, application-code: 37ms)
 GET /dashboard 200 in 79ms (next.js: 8ms, proxy.ts: 4ms, application-code: 67ms)
 GET /tasks 200 in 56ms (next.js: 3ms, proxy.ts: 3ms, application-code: 50ms)
 GET /dashboard 200 in 69ms (next.js: 3ms, proxy.ts: 1.9ms, application-code: 64ms)
 GET /tasks 200 in 47ms (next.js: 3ms, proxy.ts: 3ms, application-code: 42ms)
 GET /dashboard?client=invalid 404 in 120ms (next.js: 1.9ms, proxy.ts: 3ms, application-code: 116ms)
 GET /dashboard?client= 404 in 121ms (next.js: 2ms, proxy.ts: 1.9ms, application-code: 117ms)
 GET /dashboard?client=80000000-0000-4000-8000-000000000095 404 in 133ms (next.js: 2ms, proxy.ts: 1.8ms, application-code: 129ms)
 GET /dashboard?client=80000000-0000-4000-8000-000000000094&client=80000000-0000-4000-8000-000000000095 404 in 137ms (next.js: 2ms, proxy.ts: 3ms, application-code: 132ms)
 GET /analysis?client=invalid 404 in 278ms (next.js: 2ms, proxy.ts: 3ms, application-code: 273ms)
 GET /analysis?client= 404 in 348ms (next.js: 31ms, proxy.ts: 78ms, application-code: 239ms)
 GET /analysis?client=80000000-0000-4000-8000-000000000095 404 in 148ms (next.js: 1.9ms, proxy.ts: 2ms, application-code: 143ms)
 GET /analysis?client=80000000-0000-4000-8000-000000000094&client=80000000-0000-4000-8000-000000000095 404 in 129ms (next.js: 2ms, proxy.ts: 2ms, application-code: 125ms)
 GET /insights?client=invalid 404 in 139ms (next.js: 3ms, proxy.ts: 1.9ms, application-code: 134ms)
 GET /insights?client= 404 in 145ms (next.js: 3ms, proxy.ts: 3ms, application-code: 139ms)
 GET /insights?client=80000000-0000-4000-8000-000000000095 404 in 123ms (next.js: 2ms, proxy.ts: 1.6ms, application-code: 120ms)
 GET /insights?client=80000000-0000-4000-8000-000000000094&client=80000000-0000-4000-8000-000000000095 404 in 132ms (next.js: 2.0ms, proxy.ts: 2ms, application-code: 128ms)
 GET /history?client=invalid 404 in 113ms (next.js: 2ms, proxy.ts: 1.7ms, application-code: 110ms)
 GET /history?client= 404 in 133ms (next.js: 1.8ms, proxy.ts: 1.9ms, application-code: 129ms)
 GET /history?client=80000000-0000-4000-8000-000000000095 404 in 125ms (next.js: 2ms, proxy.ts: 1.9ms, application-code: 121ms)
 GET /history?client=80000000-0000-4000-8000-000000000094&client=80000000-0000-4000-8000-000000000095 404 in 111ms (next.js: 2ms, proxy.ts: 1.8ms, application-code: 107ms)
 GET /dashboard?client=80000000-0000-4000-8000-000000000094 404 in 140ms (next.js: 3ms, proxy.ts: 3ms, application-code: 135ms)
  ✓  35 [chromium] › e2e/navigation-state-local.spec.ts:14:53 › live navigation state › follows client navigation, keyboard and invalid accounts in en (5.2s)
 GET /operations/costs?month=2001-03 200 in 329ms (next.js: 135ms, proxy.ts: 1.9ms, application-code: 193ms)
 GET /api/auth/get-session 200 in 28ms (next.js: 7ms, proxy.ts: 3ms, application-code: 18ms)
 GET /api/auth/organization/list 200 in 30ms (next.js: 13ms, proxy.ts: 3ms, application-code: 14ms)
 GET /operations/costs?month=2001-03&notice=Observation+enregistr%C3%A9e+avec+sa+version+et+son+audit. 200 in 115ms (next.js: 13ms, proxy.ts: 2.0ms, application-code: 100ms)
 POST /operations/costs?month=2001-03 200 in 156ms (next.js: 2ms, proxy.ts: 3ms, application-code: 151ms)
  └─ ƒ recordOperatingCost({}) in 25ms src/app/(app)/operations/costs/actions.ts
 GET /operations/costs?month=2001-03&error=Cette+r%C3%A9f%C3%A9rence+a+%C3%A9t%C3%A9+modifi%C3%A9e.+Rechargez+sa+version+courante. 200 in 96ms (next.js: 1.9ms, proxy.ts: 2ms, application-code: 92ms)
 POST /operations/costs?month=2001-03&notice=Observation+enregistr%C3%A9e+avec+sa+version+et+son+audit. 200 in 124ms (next.js: 3ms, proxy.ts: 3ms, application-code: 118ms)
  └─ ƒ recordOperatingCost({}) in 11ms src/app/(app)/operations/costs/actions.ts
 GET /operations/costs?month=2001-03&notice=Observation+enregistr%C3%A9e+avec+sa+version+et+son+audit. 200 in 104ms (next.js: 2ms, proxy.ts: 2ms, application-code: 99ms)
 POST /operations/costs?month=2001-03&error=Cette+r%C3%A9f%C3%A9rence+a+%C3%A9t%C3%A9+modifi%C3%A9e.+Rechargez+sa+version+courante. 200 in 126ms (next.js: 1.9ms, proxy.ts: 2ms, application-code: 121ms)
  └─ ƒ recordOperatingCost({}) in 9ms src/app/(app)/operations/costs/actions.ts
 GET /operations/costs?month=2001-03&notice=Observation+enregistr%C3%A9e+avec+sa+version+et+son+audit. 200 in 605ms (next.js: 2ms, proxy.ts: 3ms, application-code: 599ms)
 GET /api/auth/get-session 200 in 29ms (next.js: 10ms, proxy.ts: 3ms, application-code: 15ms)
 GET /api/auth/organization/list 200 in 32ms (next.js: 15ms, proxy.ts: 3ms, application-code: 14ms)
 GET /operations/costs?month=2001-03&after=browser-cost-bb685347-425e-4e7b-a0ba-b3d57a6c0cca-24 200 in 93ms (next.js: 13ms, proxy.ts: 3ms, application-code: 77ms)
 GET /operations/costs?month=2001-03 200 in 148ms (next.js: 7ms, proxy.ts: 4ms, application-code: 138ms)
 GET /operations/costs?month=2001-03&notice=Observation+enregistr%C3%A9e+avec+sa+version+et+son+audit. 200 in 222ms (next.js: 1.9ms, proxy.ts: 3ms, application-code: 217ms)
 POST /operations/costs?month=2001-03 200 in 247ms (next.js: 4ms, proxy.ts: 3ms, application-code: 240ms)
  └─ ƒ recordOperatingCost({}) in 9ms src/app/(app)/operations/costs/actions.ts
 GET /operations/costs?month=2001-03 404 in 101ms (next.js: 3ms, proxy.ts: 4ms, application-code: 94ms)
 GET /api/auth/get-session 200 in 81ms (next.js: 53ms, proxy.ts: 17ms, application-code: 11ms)
 GET /api/auth/organization/list 200 in 81ms (next.js: 60ms, proxy.ts: 17ms, application-code: 4ms)
 GET /operations 404 in 161ms (next.js: 5ms, proxy.ts: 3ms, application-code: 153ms)
 GET /api/auth/get-session 200 in 19ms (next.js: 4ms, proxy.ts: 3ms, application-code: 11ms)
 GET /api/auth/organization/list 200 in 21ms (next.js: 7ms, proxy.ts: 3ms, application-code: 10ms)
 GET /operations/costs?month=2001-03 404 in 114ms (next.js: 5ms, proxy.ts: 3ms, application-code: 106ms)
 GET /api/auth/organization/list 200 in 23ms (next.js: 8ms, proxy.ts: 4ms, application-code: 10ms)
 GET /api/auth/get-session 200 in 24ms (next.js: 5ms, proxy.ts: 4ms, application-code: 15ms)
  ✓  36 [chromium] › e2e/operating-costs-local.spec.ts:5:55 › operating costs preserve evidence, corrections, pagination and operator access (4.8s)
 GET /settings 200 in 231ms (next.js: 4ms, proxy.ts: 3ms, application-code: 224ms)
 GET /api/auth/get-session 200 in 25ms (next.js: 6ms, proxy.ts: 5ms, application-code: 15ms)
 GET /api/auth/organization/list 200 in 27ms (next.js: 11ms, proxy.ts: 5ms, application-code: 11ms)
 GET /settings?error=La+confirmation+ne+correspond+pas+%C3%A0+l%E2%80%99identifiant+de+l%E2%80%99espace. 200 in 120ms (next.js: 2.0ms, proxy.ts: 2ms, application-code: 116ms)
 POST /settings 200 in 143ms (next.js: 2ms, proxy.ts: 3ms, application-code: 138ms)
  └─ ƒ transferWorkspaceOwnership({}) in 8ms src/app/actions.ts
 GET /settings?notice=Propri%C3%A9t%C3%A9+de+l%E2%80%99espace+transf%C3%A9r%C3%A9e. 200 in 106ms (next.js: 1.9ms, proxy.ts: 2ms, application-code: 102ms)
 POST /settings?error=La%20confirmation%20ne%20correspond%20pas%20%C3%A0%20l%E2%80%99identifiant%20de%20l%E2%80%99espace. 200 in 140ms (next.js: 5ms, proxy.ts: 5ms, application-code: 130ms)
  └─ ƒ transferWorkspaceOwnership({}) in 15ms src/app/actions.ts
 GET /settings?error=Seul+le+propri%C3%A9taire+peut+transf%C3%A9rer+la+propri%C3%A9t%C3%A9. 200 in 106ms (next.js: 2ms, proxy.ts: 2ms, application-code: 102ms)
 POST /settings?error=La%20confirmation%20ne%20correspond%20pas%20%C3%A0%20l%E2%80%99identifiant%20de%20l%E2%80%99espace. 200 in 129ms (next.js: 3ms, proxy.ts: 4ms, application-code: 122ms)
  └─ ƒ transferWorkspaceOwnership({}) in 7ms src/app/actions.ts
 GET /settings 200 in 260ms (next.js: 2ms, proxy.ts: 2.0ms, application-code: 256ms)
 GET /api/auth/get-session 200 in 54ms (next.js: 6ms, proxy.ts: 4ms, application-code: 44ms)
 GET /api/auth/organization/list 200 in 65ms (next.js: 19ms, proxy.ts: 4ms, application-code: 43ms)
  ✓  37 [chromium] › e2e/ownership-local.spec.ts:5:61 › ownership transfer fr rechecks old owner authority and preserves other agencies (2.3s)
 GET /settings 200 in 252ms (next.js: 3ms, proxy.ts: 2ms, application-code: 247ms)
 GET /api/auth/get-session 200 in 39ms (next.js: 17ms, proxy.ts: 8ms, application-code: 14ms)
 GET /api/auth/organization/list 200 in 41ms (next.js: 5ms, proxy.ts: 9ms, application-code: 26ms)
 GET /settings?error=La+confirmation+ne+correspond+pas+%C3%A0+l%E2%80%99identifiant+de+l%E2%80%99espace. 200 in 120ms (next.js: 1.7ms, proxy.ts: 3ms, application-code: 116ms)
 POST /settings 200 in 143ms (next.js: 5ms, proxy.ts: 3ms, application-code: 135ms)
  └─ ƒ transferWorkspaceOwnership({}) in 9ms src/app/actions.ts
 GET /settings?notice=Workspace+ownership+transferred. 200 in 106ms (next.js: 1.8ms, proxy.ts: 1.8ms, application-code: 103ms)
 POST /settings?error=La%20confirmation%20ne%20correspond%20pas%20%C3%A0%20l%E2%80%99identifiant%20de%20l%E2%80%99espace. 200 in 126ms (next.js: 2ms, proxy.ts: 2ms, application-code: 122ms)
  └─ ƒ transferWorkspaceOwnership({}) in 10ms src/app/actions.ts
 GET /settings?error=Seul+le+propri%C3%A9taire+peut+transf%C3%A9rer+la+propri%C3%A9t%C3%A9. 200 in 85ms (next.js: 2ms, proxy.ts: 1.8ms, application-code: 81ms)
 POST /settings?error=La%20confirmation%20ne%20correspond%20pas%20%C3%A0%20l%E2%80%99identifiant%20de%20l%E2%80%99espace. 200 in 101ms (next.js: 3ms, proxy.ts: 2ms, application-code: 96ms)
  └─ ƒ transferWorkspaceOwnership({}) in 5ms src/app/actions.ts
 GET /settings 200 in 219ms (next.js: 1.8ms, proxy.ts: 1.6ms, application-code: 216ms)
 GET /api/auth/get-session 200 in 37ms (next.js: 8ms, proxy.ts: 4ms, application-code: 25ms)
 GET /api/auth/organization/list 200 in 40ms (next.js: 14ms, proxy.ts: 3ms, application-code: 23ms)
  ✓  38 [chromium] › e2e/ownership-local.spec.ts:5:61 › ownership transfer en rechecks old owner authority and preserves other agencies (1.9s)
 GET /account 200 in 222ms (next.js: 98ms, proxy.ts: 39ms, application-code: 86ms)
 GET /api/auth/get-session 200 in 26ms (next.js: 6ms, proxy.ts: 4ms, application-code: 16ms)
 GET /api/auth/organization/list 200 in 28ms (next.js: 11ms, proxy.ts: 5ms, application-code: 12ms)
 GET /api/auth/passkey/list-user-passkeys 200 in 33ms (next.js: 14ms, proxy.ts: 5ms, application-code: 15ms)
 GET /account/notifications 200 in 442ms (next.js: 406ms, proxy.ts: 3ms, application-code: 33ms)
 GET /account/notifications?notice=Pr%C3%A9f%C3%A9rences+personnelles+de+t%C3%A2ches+enregistr%C3%A9es. 200 in 49ms (next.js: 2ms, proxy.ts: 1.8ms, application-code: 45ms)
 POST /account/notifications 200 in 80ms (next.js: 3ms, proxy.ts: 3ms, application-code: 73ms)
  └─ ƒ updateMyTaskNotificationPreferences({}) in 16ms src/app/actions.ts
 GET /account/notifications?notice=Pr%C3%A9f%C3%A9rences%20personnelles%20de%20t%C3%A2ches%20enregistr%C3%A9es. 200 in 70ms (next.js: 2ms, proxy.ts: 2ms, application-code: 66ms)
 GET /api/auth/get-session 200 in 47ms (next.js: 18ms, proxy.ts: 8ms, application-code: 22ms)
 GET /api/auth/organization/list 200 in 48ms (next.js: 27ms, proxy.ts: 7ms, application-code: 14ms)
 GET /account/notifications?error=L%E2%80%99espace+actif+a+chang%C3%A9.+Rechargez+la+page+avant+d%E2%80%99enregistrer. 200 in 64ms (next.js: 1.8ms, proxy.ts: 2ms, application-code: 60ms)
 POST /account/notifications?notice=Pr%C3%A9f%C3%A9rences%20personnelles%20de%20t%C3%A2ches%20enregistr%C3%A9es. 200 in 81ms (next.js: 2ms, proxy.ts: 3ms, application-code: 75ms)
  └─ ƒ updateMyTaskNotificationPreferences({}) in 6ms src/app/actions.ts
 GET /account/notifications 200 in 54ms (next.js: 1.9ms, proxy.ts: 3ms, application-code: 49ms)
 GET /api/auth/get-session 200 in 93ms (next.js: 53ms, proxy.ts: 16ms, application-code: 24ms)
 GET /api/auth/organization/list 200 in 92ms (next.js: 48ms, proxy.ts: 10ms, application-code: 34ms)
 GET /account/notifications 307 in 92ms (next.js: 5ms, proxy.ts: 9ms, application-code: 78ms)
 GET /support?notice=Votre%20acc%C3%A8s%20actuel%20est%20limit%C3%A9%20%C3%A0%20la%20facturation%20et%20aux%20donn%C3%A9es%20stock%C3%A9es. 200 in 142ms (next.js: 3ms, proxy.ts: 2ms, application-code: 136ms)
 GET /api/auth/organization/list 200 in 35ms (next.js: 15ms, proxy.ts: 17ms, application-code: 3ms)
 GET /api/auth/get-session 200 in 42ms (next.js: 13ms, proxy.ts: 20ms, application-code: 9ms)
 GET /account 200 in 67ms (next.js: 1.9ms, proxy.ts: 3ms, application-code: 62ms)
  ✓  39 [chromium] › e2e/personal-notifications-local.spec.ts:6:7 › personal notifications fr accessible to analyst, tenant bound, and explicit for client (3.0s)
 GET /api/auth/get-session 200 in 39ms (next.js: 7ms, proxy.ts: 3ms, application-code: 29ms)
 GET /api/auth/organization/list 200 in 39ms (next.js: 14ms, proxy.ts: 3ms, application-code: 22ms)
 GET /account 200 in 36ms (next.js: 1.7ms, proxy.ts: 1.6ms, application-code: 33ms)
 GET /api/auth/get-session 200 in 27ms (next.js: 8ms, proxy.ts: 5ms, application-code: 14ms)
 GET /api/auth/passkey/list-user-passkeys 200 in 28ms (next.js: 13ms, proxy.ts: 6ms, application-code: 10ms)
 GET /api/auth/organization/list 200 in 30ms (next.js: 11ms, proxy.ts: 6ms, application-code: 14ms)
 GET /account/notifications 200 in 34ms (next.js: 3ms, proxy.ts: 1.9ms, application-code: 29ms)
 GET /account/notifications?notice=Pr%C3%A9f%C3%A9rences+personnelles+de+t%C3%A2ches+enregistr%C3%A9es. 200 in 66ms (next.js: 1.8ms, proxy.ts: 1.8ms, application-code: 62ms)
 POST /account/notifications 200 in 87ms (next.js: 3ms, proxy.ts: 3ms, application-code: 82ms)
  └─ ƒ updateMyTaskNotificationPreferences({}) in 9ms src/app/actions.ts
 GET /account/notifications?notice=Pr%C3%A9f%C3%A9rences%20personnelles%20de%20t%C3%A2ches%20enregistr%C3%A9es. 200 in 55ms (next.js: 2ms, proxy.ts: 3ms, application-code: 50ms)
 GET /api/auth/get-session 200 in 23ms (next.js: 7ms, proxy.ts: 3ms, application-code: 13ms)
 GET /api/auth/organization/list 200 in 23ms (next.js: 11ms, proxy.ts: 3ms, application-code: 9ms)
 GET /account/notifications?error=L%E2%80%99espace+actif+a+chang%C3%A9.+Rechargez+la+page+avant+d%E2%80%99enregistrer. 200 in 40ms (next.js: 1.8ms, proxy.ts: 1.6ms, application-code: 37ms)
 POST /account/notifications?notice=Pr%C3%A9f%C3%A9rences%20personnelles%20de%20t%C3%A2ches%20enregistr%C3%A9es. 200 in 57ms (next.js: 2ms, proxy.ts: 2ms, application-code: 52ms)
  └─ ƒ updateMyTaskNotificationPreferences({}) in 5ms src/app/actions.ts
 GET /account/notifications 200 in 66ms (next.js: 1.9ms, proxy.ts: 3ms, application-code: 61ms)
 GET /api/auth/get-session 200 in 61ms (next.js: 36ms, proxy.ts: 5ms, application-code: 20ms)
 GET /api/auth/organization/list 200 in 73ms (next.js: 39ms, proxy.ts: 4ms, application-code: 30ms)
 GET /account/notifications 307 in 78ms (next.js: 4ms, proxy.ts: 4ms, application-code: 70ms)
 GET /support?notice=Your%20current%20access%20is%20limited%20to%20billing%20and%20stored%20data. 200 in 136ms (next.js: 4ms, proxy.ts: 4ms, application-code: 128ms)
 GET /api/auth/organization/list 200 in 53ms (next.js: 40ms, proxy.ts: 8ms, application-code: 6ms)
 GET /api/auth/get-session 200 in 56ms (next.js: 40ms, proxy.ts: 4ms, application-code: 12ms)
 GET /account 200 in 64ms (next.js: 4ms, proxy.ts: 4ms, application-code: 56ms)
  ✓  40 [chromium] › e2e/personal-notifications-local.spec.ts:6:7 › personal notifications en accessible to analyst, tenant bound, and explicit for client (2.0s)
 GET /portfolio?q=PORTFOLIO_ 200 in 647ms (next.js: 29ms, proxy.ts: 1.9ms, application-code: 616ms)
 GET /api/auth/get-session 200 in 39ms (next.js: 9ms, proxy.ts: 4ms, application-code: 25ms)
 GET /api/auth/organization/list 200 in 42ms (next.js: 14ms, proxy.ts: 4ms, application-code: 24ms)
 GET /portfolio?q=PORTFOLIO_&cursor=eyJ2IjoxLCJpdiI6ImdZNUtsU3poZEwyR3ZZNjEiLCJ0YWciOiJCcHNKemE4UzBobXpuay16cGZkZ2pnIiwiZGF0YSI6IlA5bGdsSjFsTXgxRVAzb0ZvLUlJcW4wT1lYWTZlZHpiZWxob2pCUzJRUGs5eUoxWHdCbFdNdXZYU3FKRkVVQ1lXMGdsY3Qxd1ZZM1pWamw0TVdjY1VYMWZJeS1IcWhiUWR6SUtJSUU2SmIwRW0tVmNmaGhnZERhLTBSVm05WDNWR0h1NF9EbmVUZkloVzNnTm1FSTJYZkMyVHF2M0NkLWUzVXdGV3o5cUpvSDdxb2NJSjFIWkJ4dWJQNzhoVks1VWdTamlERU81eFVXcEh0WktFLTU4cjZYZEhodkhhZUNIRnEteEpmUEVpN2ZRUFE5VWFKdTlxbnNSdGRZa2RlM2pnSVRNcUpndDFUNFZoaUs2QXpmak9MUHBtNkhUdVR5WEVSMDlTcDJhdHp0MnZpbmtlcGlmZFEifQ 200 in 138ms (next.js: 2ms, proxy.ts: 3ms, application-code: 133ms)
 GET /portfolio?q=PORTFOLIO_&attention=missing_data&currency=&assignee= 200 in 203ms (next.js: 3ms, proxy.ts: 2ms, application-code: 199ms)
 GET /api/auth/get-session 200 in 61ms (next.js: 13ms, proxy.ts: 7ms, application-code: 40ms)
 GET /api/auth/organization/list 200 in 79ms (next.js: 29ms, proxy.ts: 8ms, application-code: 42ms)
 GET /portfolio?q=PORTFOLIO_&attention=missing_data&view_notice=saved 200 in 116ms (next.js: 4ms, proxy.ts: 3ms, application-code: 109ms)
 POST /portfolio?q=PORTFOLIO_&attention=missing_data&currency=&assignee= 200 in 182ms (next.js: 21ms, proxy.ts: 15ms, application-code: 146ms)
  └─ ƒ storePortfolioView({}) in 15ms src/app/portfolio-actions.ts
 GET /portfolio?q=PORTFOLIO_&attention=missing_data&view_notice=saved 200 in 74ms (next.js: 1.6ms, proxy.ts: 1.6ms, application-code: 71ms)
 POST /portfolio?q=PORTFOLIO_&attention=missing_data&view_notice=saved 200 in 93ms (next.js: 2ms, proxy.ts: 3ms, application-code: 89ms)
  └─ ƒ storePortfolioView({}) in 10ms src/app/portfolio-actions.ts
 GET /portfolio?q=PORTFOLIO_ 200 in 321ms (next.js: 3ms, proxy.ts: 2.0ms, application-code: 317ms)
 GET /api/auth/get-session 200 in 20ms (next.js: 5ms, proxy.ts: 3ms, application-code: 12ms)
 GET /api/auth/organization/list 200 in 22ms (next.js: 11ms, proxy.ts: 2ms, application-code: 9ms)
 GET /portfolio?view_notice=conflict 200 in 143ms (next.js: 4ms, proxy.ts: 3ms, application-code: 136ms)
 POST /portfolio?q=PORTFOLIO_ 200 in 167ms (next.js: 2ms, proxy.ts: 2ms, application-code: 162ms)
  └─ ƒ removePortfolioView({}) in 11ms src/app/portfolio-actions.ts
 GET /portfolio?q=PORTFOLIO_ 200 in 332ms (next.js: 2.0ms, proxy.ts: 3ms, application-code: 328ms)
 GET /api/auth/get-session 200 in 19ms (next.js: 6ms, proxy.ts: 3ms, application-code: 10ms)
 GET /api/auth/organization/list 200 in 20ms (next.js: 10ms, proxy.ts: 2ms, application-code: 8ms)
 GET /portfolio?view_notice=deleted 200 in 160ms (next.js: 8ms, proxy.ts: 4ms, application-code: 148ms)
 POST /portfolio?q=PORTFOLIO_ 200 in 180ms (next.js: 2ms, proxy.ts: 3ms, application-code: 175ms)
  └─ ƒ removePortfolioView({}) in 9ms src/app/portfolio-actions.ts
 GET /tasks?status=open&assignee=unassigned 200 in 58ms (next.js: 4ms, proxy.ts: 2ms, application-code: 52ms)
 GET /portfolio?assignee=local-browser-fixture-owner 200 in 194ms (next.js: 2ms, proxy.ts: 3ms, application-code: 189ms)
 GET /api/auth/get-session 200 in 107ms (next.js: 17ms, proxy.ts: 23ms, application-code: 67ms)
 GET /api/auth/organization/list 200 in 131ms (next.js: 26ms, proxy.ts: 22ms, application-code: 82ms)
 GET /portfolio?assignee=local-browser-fixture-owner 200 in 184ms (next.js: 2ms, proxy.ts: 1.9ms, application-code: 180ms)
 GET /api/auth/get-session 200 in 95ms (next.js: 47ms, proxy.ts: 12ms, application-code: 37ms)
 GET /api/auth/organization/list 200 in 98ms (next.js: 50ms, proxy.ts: 12ms, application-code: 36ms)
 GET /portfolio?q=PORTFOLIO_ 200 in 373ms (next.js: 2ms, proxy.ts: 3ms, application-code: 368ms)
 GET /api/auth/get-session 200 in 20ms (next.js: 7ms, proxy.ts: 3ms, application-code: 11ms)
 GET /api/auth/organization/list 200 in 21ms (next.js: 10ms, proxy.ts: 2ms, application-code: 9ms)
 GET /portfolio?q=PORTFOLIO_ 200 in 315ms (next.js: 2ms, proxy.ts: 3ms, application-code: 309ms)
 GET /api/auth/get-session 200 in 21ms (next.js: 5ms, proxy.ts: 3ms, application-code: 13ms)
 GET /api/auth/organization/list 200 in 22ms (next.js: 10ms, proxy.ts: 2ms, application-code: 9ms)
 GET /portfolio?q=PORTFOLIO_ 307 in 90ms (next.js: 1.9ms, proxy.ts: 1.8ms, application-code: 86ms)
 GET /support?error=Vous%20n%E2%80%99avez%20plus%20acc%C3%A8s%20%C3%A0%20cette%20page.%20Choisissez%20une%20rubrique%20disponible%20ou%20contactez%20un%20administrateur. 200 in 92ms (next.js: 2ms, proxy.ts: 1.8ms, application-code: 88ms)
 GET /portfolio?q=PORTFOLIO_ 307 in 49ms (next.js: 2ms, proxy.ts: 3ms, application-code: 44ms)
 GET /sign-in 200 in 40ms (next.js: 5ms, proxy.ts: 1.9ms, application-code: 33ms)
{"locale":"fr","developmentStyleViolations":234,"applicationErrors":0}
  ✓  41 [chromium] › e2e/portfolio-local.spec.ts:13:53 › agency portfolio › reviews 50 accounts, personal views and team workload in fr (7.9s)
 GET /portfolio?q=PORTFOLIO_ 200 in 309ms (next.js: 2ms, proxy.ts: 2ms, application-code: 305ms)
 GET /api/auth/get-session 200 in 21ms (next.js: 5ms, proxy.ts: 3ms, application-code: 13ms)
 GET /api/auth/organization/list 200 in 23ms (next.js: 10ms, proxy.ts: 3ms, application-code: 9ms)
 GET /portfolio?q=PORTFOLIO_&cursor=eyJ2IjoxLCJpdiI6IjlseHE5d2FvdVNaUEIyaTEiLCJ0YWciOiJIQUx2SWs1Vm5MbzU1S2xnVjV0RVVBIiwiZGF0YSI6InpqNzQwc245dTI0X3lwQWtxQXk1bUhKbnFkRkFaWUZUM0xtSWVfemZycGFXZE8ydlpHWG9xdVR1eExPdlB5dGNsQXN1SUxzcjNVLTEtTVYzc1oxdGVxZVhZcnhkV3p0blp1aWNkd3RKZWNlYkstQy1fakJPamV1S0lrVURxU2dYaXpVdDV3dXdaYW5sbVhwamZjU2RXVTVicVJ2RlFpVXdocFBXTEZuOEc3QUVMUkxxX2xjYWFHOHdfelh5UDBsQjRGdzFWQjIxVGRvdkplZ0tFOVNDV2dJc1lFbm1jZm9Ka2ZINE5sVVY1ZTF6MnBaLVN1VTlGMXcxXzZnWlppSmJDRE1qOEswNW1xTGVNNTFYMFB0REh1S2VnVEhvLUg1dzh5d1hqUV8tRGZVQ3FEZTNhSnRrTFEifQ 200 in 110ms (next.js: 3ms, proxy.ts: 3ms, application-code: 105ms)
 GET /portfolio?q=PORTFOLIO_&attention=missing_data&currency=&assignee= 200 in 185ms (next.js: 1.9ms, proxy.ts: 1.8ms, application-code: 182ms)
 GET /api/auth/get-session 200 in 23ms (next.js: 6ms, proxy.ts: 2ms, application-code: 14ms)
 GET /api/auth/organization/list 200 in 25ms (next.js: 9ms, proxy.ts: 3ms, application-code: 13ms)
 GET /portfolio?q=PORTFOLIO_&attention=missing_data&view_notice=saved 200 in 107ms (next.js: 1.7ms, proxy.ts: 1.9ms, application-code: 103ms)
 POST /portfolio?q=PORTFOLIO_&attention=missing_data&currency=&assignee= 200 in 129ms (next.js: 2ms, proxy.ts: 2ms, application-code: 124ms)
  └─ ƒ storePortfolioView({}) in 11ms src/app/portfolio-actions.ts
 GET /portfolio?q=PORTFOLIO_&attention=missing_data&view_notice=saved 200 in 83ms (next.js: 1.6ms, proxy.ts: 1.5ms, application-code: 80ms)
 POST /portfolio?q=PORTFOLIO_&attention=missing_data&view_notice=saved 200 in 99ms (next.js: 2ms, proxy.ts: 2ms, application-code: 95ms)
  └─ ƒ storePortfolioView({}) in 8ms src/app/portfolio-actions.ts
 GET /portfolio?q=PORTFOLIO_ 200 in 346ms (next.js: 2ms, proxy.ts: 1.9ms, application-code: 342ms)
 GET /api/auth/get-session 200 in 29ms (next.js: 7ms, proxy.ts: 6ms, application-code: 17ms)
 GET /api/auth/organization/list 200 in 30ms (next.js: 10ms, proxy.ts: 6ms, application-code: 14ms)
 GET /portfolio?view_notice=conflict 200 in 168ms (next.js: 3ms, proxy.ts: 5ms, application-code: 159ms)
 POST /portfolio?q=PORTFOLIO_ 200 in 204ms (next.js: 4ms, proxy.ts: 8ms, application-code: 192ms)
  └─ ƒ removePortfolioView({}) in 9ms src/app/portfolio-actions.ts
 GET /portfolio?q=PORTFOLIO_ 200 in 327ms (next.js: 2ms, proxy.ts: 2ms, application-code: 322ms)
 GET /api/auth/get-session 200 in 19ms (next.js: 5ms, proxy.ts: 3ms, application-code: 11ms)
 GET /api/auth/organization/list 200 in 21ms (next.js: 9ms, proxy.ts: 2ms, application-code: 9ms)
 GET /portfolio?view_notice=deleted 200 in 123ms (next.js: 2ms, proxy.ts: 2ms, application-code: 119ms)
 POST /portfolio?q=PORTFOLIO_ 200 in 156ms (next.js: 2ms, proxy.ts: 3ms, application-code: 151ms)
  └─ ƒ removePortfolioView({}) in 23ms src/app/portfolio-actions.ts
 GET /tasks?status=open&assignee=unassigned 200 in 57ms (next.js: 4ms, proxy.ts: 2ms, application-code: 51ms)
 GET /portfolio?assignee=local-browser-fixture-owner 200 in 187ms (next.js: 2ms, proxy.ts: 14ms, application-code: 171ms)
 GET /api/auth/get-session 200 in 107ms (next.js: 20ms, proxy.ts: 30ms, application-code: 57ms)
 GET /api/auth/organization/list 200 in 113ms (next.js: 28ms, proxy.ts: 29ms, application-code: 55ms)
 GET /portfolio?assignee=local-browser-fixture-owner 200 in 184ms (next.js: 2ms, proxy.ts: 2ms, application-code: 180ms)
 GET /api/auth/get-session 200 in 109ms (next.js: 50ms, proxy.ts: 23ms, application-code: 35ms)
 GET /api/auth/organization/list 200 in 113ms (next.js: 55ms, proxy.ts: 23ms, application-code: 36ms)
 GET /portfolio?q=PORTFOLIO_ 200 in 404ms (next.js: 2ms, proxy.ts: 1.8ms, application-code: 401ms)
 GET /api/auth/get-session 200 in 21ms (next.js: 5ms, proxy.ts: 3ms, application-code: 13ms)
 GET /api/auth/organization/list 200 in 23ms (next.js: 9ms, proxy.ts: 3ms, application-code: 11ms)
 GET /portfolio?q=PORTFOLIO_ 200 in 330ms (next.js: 1.9ms, proxy.ts: 2ms, application-code: 326ms)
 GET /api/auth/get-session 200 in 20ms (next.js: 5ms, proxy.ts: 3ms, application-code: 12ms)
 GET /api/auth/organization/list 200 in 21ms (next.js: 9ms, proxy.ts: 3ms, application-code: 9ms)
 GET /portfolio?q=PORTFOLIO_ 307 in 80ms (next.js: 2ms, proxy.ts: 2.0ms, application-code: 76ms)
 GET /support?error=You%20no%20longer%20have%20access%20to%20this%20page.%20Choose%20an%20available%20section%20or%20contact%20an%20administrator. 200 in 98ms (next.js: 1.9ms, proxy.ts: 1.8ms, application-code: 95ms)
 GET /portfolio?q=PORTFOLIO_ 307 in 49ms (next.js: 1.9ms, proxy.ts: 3ms, application-code: 45ms)
 GET /sign-in 200 in 42ms (next.js: 5ms, proxy.ts: 1.6ms, application-code: 35ms)
{"locale":"en","developmentStyleViolations":231,"applicationErrors":0}
  ✓  42 [chromium] › e2e/portfolio-local.spec.ts:13:53 › agency portfolio › reviews 50 accounts, personal views and team workload in en (6.9s)
 GET /billing 200 in 149ms (next.js: 4ms, proxy.ts: 2ms, application-code: 142ms)
 GET /api/auth/get-session 200 in 92ms (next.js: 50ms, proxy.ts: 11ms, application-code: 30ms)
 GET /api/auth/organization/list 200 in 102ms (next.js: 53ms, proxy.ts: 11ms, application-code: 37ms)
 GET /accounts 200 in 162ms (next.js: 3ms, proxy.ts: 2ms, application-code: 156ms)
 GET /api/auth/get-session 200 in 18ms (next.js: 4ms, proxy.ts: 3ms, application-code: 11ms)
 GET /api/auth/organization/list 200 in 20ms (next.js: 8ms, proxy.ts: 3ms, application-code: 9ms)
 POST /accounts 200 in 56ms (next.js: 2ms, proxy.ts: 2ms, application-code: 52ms)
  └─ ƒ setCookieConsent({}) in 2ms src/app/preferences-actions.ts
 GET /accounts?selection=saved 200 in 91ms (next.js: 3ms, proxy.ts: 3ms, application-code: 85ms)
 POST /accounts 200 in 140ms (next.js: 20ms, proxy.ts: 7ms, application-code: 113ms)
  └─ ƒ updateManagedAccounts({}) in 13ms src/app/account-selection-actions.ts
 GET /accounts?selection=saved 200 in 57ms (next.js: 2ms, proxy.ts: 1.7ms, application-code: 53ms)
 POST /accounts?selection=saved 200 in 79ms (next.js: 2ms, proxy.ts: 3ms, application-code: 74ms)
  └─ ƒ updateManagedAccounts({}) in 12ms src/app/account-selection-actions.ts
 GET /accounts?selection=conflict 200 in 60ms (next.js: 1.9ms, proxy.ts: 1.8ms, application-code: 56ms)
 POST /accounts?selection=saved 200 in 79ms (next.js: 2ms, proxy.ts: 3ms, application-code: 74ms)
  └─ ƒ updateManagedAccounts({}) in 9ms src/app/account-selection-actions.ts
 GET /accounts?selection=saved 200 in 57ms (next.js: 1.9ms, proxy.ts: 1.7ms, application-code: 54ms)
 POST /accounts?selection=conflict 200 in 79ms (next.js: 1.9ms, proxy.ts: 2ms, application-code: 75ms)
  └─ ƒ updateManagedAccounts({}) in 12ms src/app/account-selection-actions.ts
 GET /accounts 200 in 123ms (next.js: 2ms, proxy.ts: 3ms, application-code: 118ms)
  ✓  43 [chromium] › e2e/prod-ready-local.spec.ts:26:44 › local production readiness regression journeys › managed account selection preserves priorities and enforces quota in fr (2.6s)
 GET /billing 200 in 156ms (next.js: 2ms, proxy.ts: 2ms, application-code: 151ms)
 GET /api/auth/get-session 200 in 87ms (next.js: 43ms, proxy.ts: 12ms, application-code: 32ms)
 GET /api/auth/organization/list 200 in 97ms (next.js: 48ms, proxy.ts: 12ms, application-code: 37ms)
 GET /accounts 200 in 146ms (next.js: 3ms, proxy.ts: 3ms, application-code: 140ms)
 GET /api/auth/get-session 200 in 66ms (next.js: 10ms, proxy.ts: 10ms, application-code: 47ms)
 GET /api/auth/organization/list 200 in 70ms (next.js: 17ms, proxy.ts: 10ms, application-code: 43ms)
 POST /accounts 200 in 76ms (next.js: 4ms, proxy.ts: 7ms, application-code: 64ms)
  └─ ƒ setCookieConsent({}) in 2ms src/app/preferences-actions.ts
 GET /accounts?selection=saved 200 in 56ms (next.js: 1.9ms, proxy.ts: 1.5ms, application-code: 53ms)
 POST /accounts 200 in 79ms (next.js: 2ms, proxy.ts: 3ms, application-code: 74ms)
  └─ ƒ updateManagedAccounts({}) in 12ms src/app/account-selection-actions.ts
 GET /accounts?selection=saved 200 in 60ms (next.js: 1.7ms, proxy.ts: 1.6ms, application-code: 57ms)
 POST /accounts?selection=saved 200 in 82ms (next.js: 3ms, proxy.ts: 3ms, application-code: 76ms)
  └─ ƒ updateManagedAccounts({}) in 11ms src/app/account-selection-actions.ts
 GET /accounts?selection=conflict 200 in 55ms (next.js: 1.9ms, proxy.ts: 1.8ms, application-code: 51ms)
 POST /accounts?selection=saved 200 in 74ms (next.js: 2ms, proxy.ts: 3ms, application-code: 69ms)
  └─ ƒ updateManagedAccounts({}) in 9ms src/app/account-selection-actions.ts
 GET /accounts?selection=saved 200 in 64ms (next.js: 1.9ms, proxy.ts: 1.7ms, application-code: 60ms)
 POST /accounts?selection=conflict 200 in 86ms (next.js: 2ms, proxy.ts: 2ms, application-code: 81ms)
  └─ ƒ updateManagedAccounts({}) in 11ms src/app/account-selection-actions.ts
 GET /accounts 200 in 97ms (next.js: 1.7ms, proxy.ts: 1.7ms, application-code: 94ms)
  ✓  44 [chromium] › e2e/prod-ready-local.spec.ts:26:44 › local production readiness regression journeys › managed account selection preserves priorities and enforces quota in en (2.6s)
 GET /dashboard?client=80000000-0000-4000-8000-000000000004 200 in 179ms (next.js: 4ms, proxy.ts: 2ms, application-code: 173ms)
 GET /api/auth/get-session 200 in 21ms (next.js: 5ms, proxy.ts: 4ms, application-code: 12ms)
 GET /api/auth/organization/list 200 in 23ms (next.js: 9ms, proxy.ts: 3ms, application-code: 10ms)
 POST /dashboard?client=80000000-0000-4000-8000-000000000004 200 in 101ms (next.js: 2.0ms, proxy.ts: 2ms, application-code: 97ms)
  └─ ƒ setCookieConsent({}) in 2ms src/app/preferences-actions.ts
 GET /dashboard?client=80000000-0000-4000-8000-000000000004 200 in 183ms (next.js: 2ms, proxy.ts: 3ms, application-code: 178ms)
 GET /api/auth/get-session 200 in 29ms (next.js: 6ms, proxy.ts: 5ms, application-code: 18ms)
 GET /api/auth/organization/list 200 in 30ms (next.js: 10ms, proxy.ts: 5ms, application-code: 15ms)
  ✓  45 [chromium] › e2e/prod-ready-local.spec.ts:91:44 › local production readiness regression journeys › pacing uses covered completed days and hides forecasts with a gap in fr (1.1s)
 GET /dashboard?client=80000000-0000-4000-8000-000000000004 200 in 177ms (next.js: 2ms, proxy.ts: 1.9ms, application-code: 173ms)
 GET /api/auth/get-session 200 in 22ms (next.js: 5ms, proxy.ts: 3ms, application-code: 14ms)
 GET /api/auth/organization/list 200 in 24ms (next.js: 9ms, proxy.ts: 3ms, application-code: 12ms)
 POST /dashboard?client=80000000-0000-4000-8000-000000000004 200 in 94ms (next.js: 2ms, proxy.ts: 2ms, application-code: 89ms)
  └─ ƒ setCookieConsent({}) in 2ms src/app/preferences-actions.ts
 GET /dashboard?client=80000000-0000-4000-8000-000000000004 200 in 177ms (next.js: 2ms, proxy.ts: 2ms, application-code: 173ms)
 GET /api/auth/get-session 200 in 25ms (next.js: 4ms, proxy.ts: 3ms, application-code: 18ms)
 GET /api/auth/organization/list 200 in 28ms (next.js: 11ms, proxy.ts: 3ms, application-code: 14ms)
  ✓  46 [chromium] › e2e/prod-ready-local.spec.ts:91:44 › local production readiness regression journeys › pacing uses covered completed days and hides forecasts with a gap in en (1.1s)
 GET /dashboard?client=80000000-0000-4000-8000-000000000005 200 in 182ms (next.js: 2ms, proxy.ts: 1.7ms, application-code: 178ms)
 GET /api/auth/get-session 200 in 23ms (next.js: 5ms, proxy.ts: 4ms, application-code: 14ms)
 GET /api/auth/organization/list 200 in 26ms (next.js: 10ms, proxy.ts: 3ms, application-code: 13ms)
 GET /analysis?client=80000000-0000-4000-8000-000000000005 200 in 193ms (next.js: 6ms, proxy.ts: 5ms, application-code: 181ms)
 GET /api/auth/get-session 200 in 105ms (next.js: 26ms, proxy.ts: 32ms, application-code: 48ms)
 GET /api/auth/organization/list 200 in 102ms (next.js: 48ms, proxy.ts: 31ms, application-code: 22ms)
 GET /insights?client=80000000-0000-4000-8000-000000000005 200 in 258ms (next.js: 4ms, proxy.ts: 3ms, application-code: 252ms)
 GET /api/auth/get-session 200 in 120ms (next.js: 69ms, proxy.ts: 12ms, application-code: 38ms)
 GET /api/auth/organization/list 200 in 129ms (next.js: 72ms, proxy.ts: 13ms, application-code: 44ms)
 GET /dashboard?client=80000000-0000-4000-8000-000000000005 200 in 302ms (next.js: 2ms, proxy.ts: 4ms, application-code: 296ms)
 GET /api/auth/get-session 200 in 25ms (next.js: 10ms, proxy.ts: 3ms, application-code: 12ms)
 GET /api/auth/organization/list 200 in 29ms (next.js: 3ms, proxy.ts: 4ms, application-code: 23ms)
 GET /analysis?client=80000000-0000-4000-8000-000000000005 200 in 216ms (next.js: 6ms, proxy.ts: 8ms, application-code: 202ms)
 GET /api/auth/get-session 200 in 131ms (next.js: 25ms, proxy.ts: 45ms, application-code: 61ms)
 GET /api/auth/organization/list 200 in 126ms (next.js: 32ms, proxy.ts: 43ms, application-code: 51ms)
 GET /insights?client=80000000-0000-4000-8000-000000000005 200 in 320ms (next.js: 5ms, proxy.ts: 3ms, application-code: 312ms)
 GET /api/auth/get-session 200 in 129ms (next.js: 20ms, proxy.ts: 39ms, application-code: 69ms)
 GET /api/auth/organization/list 200 in 125ms (next.js: 30ms, proxy.ts: 36ms, application-code: 59ms)
 GET /insights?client=80000000-0000-4000-8000-000000000005 200 in 316ms (next.js: 3ms, proxy.ts: 4ms, application-code: 309ms)
 GET /api/auth/get-session 200 in 52ms (next.js: 21ms, proxy.ts: 6ms, application-code: 24ms)
 GET /api/auth/organization/list 200 in 59ms (next.js: 12ms, proxy.ts: 5ms, application-code: 42ms)
 POST /insights?client=80000000-0000-4000-8000-000000000005 200 in 139ms (next.js: 4ms, proxy.ts: 7ms, application-code: 127ms)
  └─ ƒ setCookieConsent({}) in 3ms src/app/preferences-actions.ts
  ✓  47 [chromium] › e2e/prod-ready-local.spec.ts:128:44 › local production readiness regression journeys › stored analytics remain available without Google and during grace in fr (3.4s)
 GET /dashboard?client=80000000-0000-4000-8000-000000000005 200 in 334ms (next.js: 3ms, proxy.ts: 3ms, application-code: 328ms)
 GET /api/auth/get-session 200 in 66ms (next.js: 12ms, proxy.ts: 4ms, application-code: 50ms)
 GET /api/auth/organization/list 200 in 71ms (next.js: 23ms, proxy.ts: 4ms, application-code: 44ms)
 GET /analysis?client=80000000-0000-4000-8000-000000000005 200 in 270ms (next.js: 34ms, proxy.ts: 6ms, application-code: 230ms)
 GET /api/auth/get-session 200 in 102ms (next.js: 23ms, proxy.ts: 28ms, application-code: 51ms)
 GET /api/auth/organization/list 200 in 89ms (next.js: 50ms, proxy.ts: 12ms, application-code: 27ms)
 GET /insights?client=80000000-0000-4000-8000-000000000005 200 in 280ms (next.js: 4ms, proxy.ts: 3ms, application-code: 273ms)
 GET /api/auth/get-session 200 in 107ms (next.js: 29ms, proxy.ts: 32ms, application-code: 46ms)
 GET /api/auth/organization/list 200 in 106ms (next.js: 50ms, proxy.ts: 33ms, application-code: 24ms)
 GET /dashboard?client=80000000-0000-4000-8000-000000000005 200 in 236ms (next.js: 3ms, proxy.ts: 3ms, application-code: 231ms)
 GET /api/auth/get-session 200 in 25ms (next.js: 4ms, proxy.ts: 3ms, application-code: 18ms)
 GET /api/auth/organization/list 200 in 28ms (next.js: 8ms, proxy.ts: 3ms, application-code: 17ms)
 GET /analysis?client=80000000-0000-4000-8000-000000000005 200 in 193ms (next.js: 4ms, proxy.ts: 5ms, application-code: 184ms)
 GET /api/auth/get-session 200 in 97ms (next.js: 17ms, proxy.ts: 28ms, application-code: 52ms)
 GET /api/auth/organization/list 200 in 96ms (next.js: 26ms, proxy.ts: 27ms, application-code: 43ms)
 GET /insights?client=80000000-0000-4000-8000-000000000005 200 in 242ms (next.js: 3ms, proxy.ts: 4ms, application-code: 235ms)
 GET /api/auth/get-session 200 in 93ms (next.js: 50ms, proxy.ts: 18ms, application-code: 25ms)
 GET /api/auth/organization/list 200 in 97ms (next.js: 53ms, proxy.ts: 18ms, application-code: 26ms)
 GET /insights?client=80000000-0000-4000-8000-000000000005 200 in 286ms (next.js: 2ms, proxy.ts: 3ms, application-code: 281ms)
 GET /api/auth/get-session 200 in 25ms (next.js: 7ms, proxy.ts: 4ms, application-code: 15ms)
 GET /api/auth/organization/list 200 in 28ms (next.js: 10ms, proxy.ts: 4ms, application-code: 14ms)
 POST /insights?client=80000000-0000-4000-8000-000000000005 200 in 101ms (next.js: 3ms, proxy.ts: 3ms, application-code: 95ms)
  └─ ƒ setCookieConsent({}) in 3ms src/app/preferences-actions.ts
  ✓  48 [chromium] › e2e/prod-ready-local.spec.ts:128:44 › local production readiness regression journeys › stored analytics remain available without Google and during grace in en (3.5s)
 GET /dashboard?client=80000000-0000-4000-8000-000000000006 200 in 222ms (next.js: 2ms, proxy.ts: 1.7ms, application-code: 218ms)
 GET /api/auth/get-session 200 in 29ms (next.js: 5ms, proxy.ts: 4ms, application-code: 20ms)
 GET /api/auth/organization/list 200 in 32ms (next.js: 12ms, proxy.ts: 4ms, application-code: 16ms)
 POST /dashboard?client=80000000-0000-4000-8000-000000000006 200 in 122ms (next.js: 5ms, proxy.ts: 7ms, application-code: 111ms)
  └─ ƒ setCookieConsent({}) in 2ms src/app/preferences-actions.ts
 GET /dashboard?client=80000000-0000-4000-8000-000000000006&sync=queued 200 in 178ms (next.js: 6ms, proxy.ts: 3ms, application-code: 168ms)
 POST /dashboard?client=80000000-0000-4000-8000-000000000006 200 in 244ms (next.js: 6ms, proxy.ts: 6ms, application-code: 232ms)
  └─ ƒ refreshAnalyticalData({}) in 40ms src/app/analytical-actions.ts
 GET /dashboard?client=80000000-0000-4000-8000-000000000006&sync=pending 200 in 240ms (next.js: 3ms, proxy.ts: 8ms, application-code: 229ms)
 POST /dashboard?client=80000000-0000-4000-8000-000000000006&sync=queued 200 in 331ms (next.js: 11ms, proxy.ts: 19ms, application-code: 302ms)
  └─ ƒ refreshAnalyticalData({}) in 50ms src/app/analytical-actions.ts
 GET /dashboard?client=80000000-0000-4000-8000-000000000006 200 in 164ms (next.js: 2ms, proxy.ts: 3ms, application-code: 159ms)
 GET /dashboard?client=80000000-0000-4000-8000-000000000006 200 in 167ms (next.js: 1.8ms, proxy.ts: 1.9ms, application-code: 163ms)
 GET /api/auth/get-session 200 in 24ms (next.js: 7ms, proxy.ts: 3ms, application-code: 14ms)
 GET /api/auth/organization/list 200 in 27ms (next.js: 13ms, proxy.ts: 3ms, application-code: 12ms)
 GET /dashboard?client=80000000-0000-4000-8000-000000000006&sync=unavailable 200 in 92ms (next.js: 3ms, proxy.ts: 2ms, application-code: 87ms)
 POST /dashboard?client=80000000-0000-4000-8000-000000000006 200 in 111ms (next.js: 2ms, proxy.ts: 3ms, application-code: 106ms)
  └─ ƒ refreshAnalyticalData({}) in 7ms src/app/analytical-actions.ts
  ✓  49 [chromium] › e2e/prod-ready-local.spec.ts:180:99 › local production readiness regression journeys › analytical refresh enqueues once and handles revoked connections in fr (3.0s)
 GET /dashboard?client=80000000-0000-4000-8000-000000000006 200 in 160ms (next.js: 1.8ms, proxy.ts: 1.9ms, application-code: 156ms)
 GET /api/auth/get-session 200 in 37ms (next.js: 14ms, proxy.ts: 3ms, application-code: 20ms)
 GET /api/auth/organization/list 200 in 40ms (next.js: 20ms, proxy.ts: 4ms, application-code: 17ms)
 POST /dashboard?client=80000000-0000-4000-8000-000000000006 200 in 93ms (next.js: 2ms, proxy.ts: 5ms, application-code: 87ms)
  └─ ƒ setCookieConsent({}) in 1ms src/app/preferences-actions.ts
 GET /dashboard?client=80000000-0000-4000-8000-000000000006&sync=queued 200 in 95ms (next.js: 1.8ms, proxy.ts: 1.6ms, application-code: 92ms)
 POST /dashboard?client=80000000-0000-4000-8000-000000000006 200 in 118ms (next.js: 2ms, proxy.ts: 2ms, application-code: 113ms)
  └─ ƒ refreshAnalyticalData({}) in 12ms src/app/analytical-actions.ts
 GET /dashboard?client=80000000-0000-4000-8000-000000000006&sync=pending 200 in 86ms (next.js: 1.9ms, proxy.ts: 1.6ms, application-code: 82ms)
 POST /dashboard?client=80000000-0000-4000-8000-000000000006&sync=queued 200 in 103ms (next.js: 3ms, proxy.ts: 2ms, application-code: 99ms)
  └─ ƒ refreshAnalyticalData({}) in 8ms src/app/analytical-actions.ts
 GET /dashboard?client=80000000-0000-4000-8000-000000000006 200 in 151ms (next.js: 1.8ms, proxy.ts: 1.7ms, application-code: 147ms)
 GET /dashboard?client=80000000-0000-4000-8000-000000000006 200 in 157ms (next.js: 1.8ms, proxy.ts: 1.8ms, application-code: 154ms)
 GET /api/auth/get-session 200 in 23ms (next.js: 6ms, proxy.ts: 3ms, application-code: 14ms)
 GET /api/auth/organization/list 200 in 25ms (next.js: 9ms, proxy.ts: 3ms, application-code: 13ms)
 GET /dashboard?client=80000000-0000-4000-8000-000000000006&sync=unavailable 200 in 92ms (next.js: 2ms, proxy.ts: 1.9ms, application-code: 88ms)
 POST /dashboard?client=80000000-0000-4000-8000-000000000006 200 in 113ms (next.js: 2ms, proxy.ts: 2ms, application-code: 108ms)
  └─ ƒ refreshAnalyticalData({}) in 10ms src/app/analytical-actions.ts
  ✓  50 [chromium] › e2e/prod-ready-local.spec.ts:180:99 › local production readiness regression journeys › analytical refresh enqueues once and handles revoked connections in en (2.0s)
 GET /accounts 200 in 96ms (next.js: 3ms, proxy.ts: 2ms, application-code: 90ms)
 GET /api/auth/get-session 200 in 86ms (next.js: 50ms, proxy.ts: 16ms, application-code: 20ms)
 GET /api/auth/organization/list 200 in 152ms (next.js: 54ms, proxy.ts: 17ms, application-code: 81ms)
 GET /history 200 in 150ms (next.js: 7ms, proxy.ts: 8ms, application-code: 135ms)
 GET /api/auth/get-session 200 in 25ms (next.js: 9ms, proxy.ts: 3ms, application-code: 13ms)
 GET /api/auth/organization/list 200 in 78ms (next.js: 14ms, proxy.ts: 3ms, application-code: 62ms)
 GET /alerts 200 in 164ms (next.js: 7ms, proxy.ts: 15ms, application-code: 142ms)
 GET /api/auth/get-session 200 in 98ms (next.js: 50ms, proxy.ts: 8ms, application-code: 40ms)
 GET /api/auth/organization/list 200 in 141ms (next.js: 56ms, proxy.ts: 9ms, application-code: 77ms)
 GET /tasks 200 in 178ms (next.js: 8ms, proxy.ts: 8ms, application-code: 162ms)
 GET /api/auth/get-session 200 in 89ms (next.js: 63ms, proxy.ts: 7ms, application-code: 19ms)
 GET /api/auth/organization/list 200 in 124ms (next.js: 66ms, proxy.ts: 6ms, application-code: 52ms)
 GET /approvals 200 in 168ms (next.js: 15ms, proxy.ts: 6ms, application-code: 147ms)
 GET /api/auth/get-session 200 in 83ms (next.js: 46ms, proxy.ts: 4ms, application-code: 33ms)
 GET /api/auth/organization/list 200 in 116ms (next.js: 54ms, proxy.ts: 4ms, application-code: 57ms)
 GET /reports 200 in 140ms (next.js: 5ms, proxy.ts: 4ms, application-code: 131ms)
 GET /api/auth/get-session 200 in 90ms (next.js: 55ms, proxy.ts: 4ms, application-code: 32ms)
 GET /api/auth/organization/list 200 in 123ms (next.js: 51ms, proxy.ts: 17ms, application-code: 55ms)
 GET /audit 200 in 187ms (next.js: 20ms, proxy.ts: 4ms, application-code: 163ms)
 GET /accounts 200 in 108ms (next.js: 2ms, proxy.ts: 2ms, application-code: 104ms)
 GET /api/auth/get-session 200 in 69ms (next.js: 41ms, proxy.ts: 4ms, application-code: 23ms)
 GET /api/auth/organization/list 200 in 80ms (next.js: 50ms, proxy.ts: 4ms, application-code: 26ms)
 GET /history 200 in 141ms (next.js: 4ms, proxy.ts: 4ms, application-code: 133ms)
 GET /api/auth/get-session 200 in 78ms (next.js: 44ms, proxy.ts: 4ms, application-code: 30ms)
 GET /api/auth/organization/list 200 in 103ms (next.js: 53ms, proxy.ts: 4ms, application-code: 46ms)
 GET /alerts 200 in 160ms (next.js: 6ms, proxy.ts: 3ms, application-code: 151ms)
 GET /api/auth/get-session 200 in 72ms (next.js: 46ms, proxy.ts: 3ms, application-code: 23ms)
 GET /api/auth/organization/list 200 in 111ms (next.js: 49ms, proxy.ts: 4ms, application-code: 58ms)
 GET /tasks 200 in 148ms (next.js: 4ms, proxy.ts: 4ms, application-code: 141ms)
 GET /api/auth/get-session 200 in 80ms (next.js: 25ms, proxy.ts: 6ms, application-code: 49ms)
 GET /api/auth/organization/list 200 in 119ms (next.js: 41ms, proxy.ts: 7ms, application-code: 72ms)
 GET /approvals 200 in 150ms (next.js: 4ms, proxy.ts: 5ms, application-code: 141ms)
 GET /api/auth/get-session 200 in 104ms (next.js: 56ms, proxy.ts: 4ms, application-code: 44ms)
 GET /api/auth/organization/list 200 in 149ms (next.js: 63ms, proxy.ts: 4ms, application-code: 81ms)
 GET /reports 200 in 178ms (next.js: 4ms, proxy.ts: 5ms, application-code: 170ms)
  ✓  51 [chromium] › e2e/prod-ready-local.spec.ts:227:9 › local production readiness regression journeys › grace permits stored views while hiding mutations (4.1s)
 GET /dashboard 307 in 132ms (next.js: 6ms, proxy.ts: 7ms, application-code: 119ms)
 GET /billing?notice=Your%20current%20access%20is%20limited%20to%20billing%20and%20stored%20data. 200 in 140ms (next.js: 4ms, proxy.ts: 2.0ms, application-code: 134ms)
 GET /dashboard 307 in 72ms (next.js: 1.9ms, proxy.ts: 2ms, application-code: 68ms)
 GET /support?notice=Your%20current%20access%20is%20limited%20to%20billing%20and%20stored%20data. 200 in 102ms (next.js: 11ms, proxy.ts: 1.5ms, application-code: 89ms)
 GET /dashboard 307 in 84ms (next.js: 2ms, proxy.ts: 2.0ms, application-code: 80ms)
 GET /support?notice=Your%20current%20access%20is%20limited%20to%20billing%20and%20stored%20data. 200 in 97ms (next.js: 2ms, proxy.ts: 3ms, application-code: 92ms)
  ✓  52 [chromium] › e2e/prod-ready-local.spec.ts:242:9 › local production readiness regression journeys › suspended members have an accessible recovery destination without redirect loops (1.4s)
 GET /dashboard 200 in 126ms (next.js: 3ms, proxy.ts: 3ms, application-code: 120ms)
 GET /api/auth/get-session 200 in 33ms (next.js: 8ms, proxy.ts: 3ms, application-code: 22ms)
 GET /api/auth/organization/list 200 in 37ms (next.js: 20ms, proxy.ts: 4ms, application-code: 13ms)
 POST /dashboard 200 in 97ms (next.js: 6ms, proxy.ts: 5ms, application-code: 85ms)
  └─ ƒ setCookieConsent({}) in 1ms src/app/preferences-actions.ts
 GET /settings 200 in 99ms (next.js: 4ms, proxy.ts: 2ms, application-code: 93ms)
  ✓  53 [chromium] › e2e/prod-ready-local.spec.ts:254:11 › local production readiness regression journeys › full navigation and workspace selection work at 390px in fr (959ms)
 GET /dashboard 200 in 118ms (next.js: 2ms, proxy.ts: 2ms, application-code: 114ms)
 GET /api/auth/get-session 200 in 22ms (next.js: 6ms, proxy.ts: 3ms, application-code: 13ms)
 GET /api/auth/organization/list 200 in 25ms (next.js: 10ms, proxy.ts: 3ms, application-code: 12ms)
 POST /dashboard 200 in 87ms (next.js: 2ms, proxy.ts: 2ms, application-code: 82ms)
  └─ ƒ setCookieConsent({}) in 2ms src/app/preferences-actions.ts
 GET /settings 200 in 112ms (next.js: 4ms, proxy.ts: 3ms, application-code: 104ms)
  ✓  54 [chromium] › e2e/prod-ready-local.spec.ts:254:11 › local production readiness regression journeys › full navigation and workspace selection work at 768px in fr (908ms)
 GET /dashboard 200 in 133ms (next.js: 2ms, proxy.ts: 3ms, application-code: 129ms)
 GET /api/auth/get-session 200 in 22ms (next.js: 7ms, proxy.ts: 3ms, application-code: 13ms)
 GET /api/auth/organization/list 200 in 25ms (next.js: 12ms, proxy.ts: 3ms, application-code: 11ms)
 POST /dashboard 200 in 67ms (next.js: 3ms, proxy.ts: 2ms, application-code: 62ms)
  └─ ƒ setCookieConsent({}) in 2ms src/app/preferences-actions.ts
 GET /settings 200 in 87ms (next.js: 2ms, proxy.ts: 2ms, application-code: 82ms)
  ✓  55 [chromium] › e2e/prod-ready-local.spec.ts:254:11 › local production readiness regression journeys › full navigation and workspace selection work at 390px in en (813ms)
 GET /dashboard 200 in 121ms (next.js: 2ms, proxy.ts: 2ms, application-code: 117ms)
 GET /api/auth/get-session 200 in 44ms (next.js: 12ms, proxy.ts: 8ms, application-code: 23ms)
 GET /api/auth/organization/list 200 in 61ms (next.js: 17ms, proxy.ts: 9ms, application-code: 36ms)
 POST /dashboard 200 in 153ms (next.js: 8ms, proxy.ts: 10ms, application-code: 135ms)
  └─ ƒ setCookieConsent({}) in 4ms src/app/preferences-actions.ts
 GET /settings 200 in 114ms (next.js: 5ms, proxy.ts: 4ms, application-code: 105ms)
  ✓  56 [chromium] › e2e/prod-ready-local.spec.ts:254:11 › local production readiness regression journeys › full navigation and workspace selection work at 768px in en (983ms)
 GET /dashboard 200 in 192ms (next.js: 3ms, proxy.ts: 4ms, application-code: 186ms)
 GET /api/auth/get-session 200 in 151ms (next.js: 68ms, proxy.ts: 22ms, application-code: 60ms)
 GET /api/auth/organization/list 200 in 159ms (next.js: 72ms, proxy.ts: 30ms, application-code: 57ms)
 POST /dashboard 200 in 152ms (next.js: 28ms, proxy.ts: 17ms, application-code: 107ms)
  └─ ƒ setCookieConsent({}) in 3ms src/app/preferences-actions.ts
 POST /api/auth/organization/set-active 200 in 17ms (next.js: 3ms, proxy.ts: 4ms, application-code: 10ms)
 GET /api/auth/get-session 200 in 69ms (next.js: 37ms, proxy.ts: 23ms, application-code: 9ms)
 GET /dashboard 307 in 111ms (next.js: 3ms, proxy.ts: 2ms, application-code: 106ms)
 GET /support?error=Vous%20n%E2%80%99avez%20plus%20acc%C3%A8s%20%C3%A0%20cette%20page.%20Choisissez%20une%20rubrique%20disponible%20ou%20contactez%20un%20administrateur. 200 in 102ms (next.js: 3ms, proxy.ts: 4ms, application-code: 95ms)
 GET /api/auth/get-session 200 in 27ms (next.js: 5ms, proxy.ts: 4ms, application-code: 17ms)
 GET /api/auth/organization/list 200 in 40ms (next.js: 10ms, proxy.ts: 4ms, application-code: 26ms)
 POST /api/auth/organization/set-active 200 in 23ms (next.js: 5ms, proxy.ts: 3ms, application-code: 14ms)
 GET /api/auth/get-session 200 in 79ms (next.js: 46ms, proxy.ts: 14ms, application-code: 20ms)
 GET /dashboard 200 in 143ms (next.js: 3ms, proxy.ts: 2ms, application-code: 138ms)
 GET /api/auth/get-session 200 in 21ms (next.js: 5ms, proxy.ts: 5ms, application-code: 12ms)
 GET /api/auth/organization/list 200 in 23ms (next.js: 9ms, proxy.ts: 5ms, application-code: 10ms)
  ✓  57 [chromium] › e2e/prod-ready-local.spec.ts:279:9 › local production readiness regression journeys › workspace selection switches context and permissions on mobile (1.7s)
 GET /agents 200 in 154ms (next.js: 4ms, proxy.ts: 1.7ms, application-code: 148ms)
  ✓  58 [chromium] › e2e/prod-ready-local.spec.ts:301:9 › local production readiness regression journeys › analysts do not see monitoring controls denied by their role (428ms)
 GET /status 200 in 73ms (next.js: 3ms, proxy.ts: 2ms, application-code: 68ms)
 GET /status 200 in 188ms (next.js: 1.8ms, proxy.ts: 2ms, application-code: 183ms)
 GET /status?status=active 200 in 30ms (next.js: 2ms, proxy.ts: 2ms, application-code: 25ms)
 GET /status/ff5699f8-4861-47e5-b72a-9eb16b1683e3 200 in 442ms (next.js: 401ms, proxy.ts: 2ms, application-code: 39ms)
 GET /status/ff5699f8-4861-47e5-b72a-9eb16b1683e3?cursor=eyJ2IjoxLCJpdiI6IldEUUhveURSMFlfVU54eE0iLCJ0YWciOiJBYTc4TXYtZEh3UXpVZzFTb2NYanlnIiwiZGF0YSI6IlFwbG5yaTlpelVnVXczZF9fM1k1OWhFaFNvb3hGVUtEUVd3dUxzRDNjUWxCWFZYcF9oc0tOQ2tBbEQ4WXJpSWtUWDJhczFObWNlTzRZX0Jyc2ZNU3llQTZTVklIZUtYbnMyTE9XTVBJVk4yN0N3cTdyTk4wNUtxZUw1UXI3U0NRb2VuX0lvSHlIYmwtd1hrVnFRN1hRWENMTl84MHdSV3J0ZVBjdEtMVmQ0VFJkNVljSzNJbTBfZUI4WUljcVVWczRqc1lGTFRHM05BTHM0bFlCTXBkUzcwNVhXak82c2JzblFNaGdfblVMa1pVWmhMRUJ5TDY2RlItQWdDWGo3dXl5SWJJak9SMGRtTG9hV19KWnJRX1ltVHNDTnFJM3BQS0pqUEZIRnkxVlFraUR5WDlZZVBuZlEifQ 200 in 35ms (next.js: 6ms, proxy.ts: 3ms, application-code: 26ms)
 GET /status?cursor=forged 200 in 56ms (next.js: 1.9ms, proxy.ts: 2ms, application-code: 52ms)
 GET /status/52c14730-3fec-4e41-893c-e7677db6031a 404 in 57ms (next.js: 16ms, proxy.ts: 3ms, application-code: 38ms)
 GET /status/invalid 404 in 47ms (next.js: 3ms, proxy.ts: 4ms, application-code: 41ms)
  ✓  59 [chromium] › e2e/public-status-local.spec.ts:13:53 › truthful public status › shows unknown health and complete incident history in fr (2.5s)
 GET /status 200 in 57ms (next.js: 1.8ms, proxy.ts: 2ms, application-code: 53ms)
 GET /status 200 in 204ms (next.js: 1.7ms, proxy.ts: 2ms, application-code: 200ms)
 GET /status?status=active 200 in 56ms (next.js: 2ms, proxy.ts: 3ms, application-code: 51ms)
 GET /status/519a478d-2091-4b56-b475-c0e3d3ab0e89 200 in 42ms (next.js: 6ms, proxy.ts: 3ms, application-code: 33ms)
 GET /status/519a478d-2091-4b56-b475-c0e3d3ab0e89?cursor=eyJ2IjoxLCJpdiI6IkNXMGpmSzZtazZEYU4zUmciLCJ0YWciOiI2elhWM0NhMkJoWnRuUjMxY2c2Z0hRIiwiZGF0YSI6Im9pMWpjVk9sS3FUWTN0blJ3dEl0ZXhwYS1DcThjd1ZybnA0SDBhTHdfSVg3LTNOdGV4TmdqOGpMOVBMNUoxN3U0cUdza1YySUdyTVZQY21fLS1mZWlpOGt5NWJWMjVRejZuTFoxMDZ6eVg5UGlPWU9ZVnVyRV9xbkcwSjJ5X1Nlc01UWjZHb24yRktHS1JGRFNHcHlORGstTXNpaGVESHYxTllka09UX3JUbWdoeUxQY3lCRWJtbjNFb1dkd3d5WkhWbVpjTnNxbTdkc25HWmctdjlSbDc3dVlzbjJWdUZhRUREMEFaRVp6TVVkOVNJeVUxdWpaUll2OHZ5YW4zNmJYRWFLV1ZOamJfMmNxWmFUNzN0TzA5SHpHVklMaG5UbjEzZlZyUnZfMlhwRWFaU2d1TVlaS1EifQ 200 in 36ms (next.js: 4ms, proxy.ts: 3ms, application-code: 29ms)
 GET /status?cursor=forged 200 in 69ms (next.js: 4ms, proxy.ts: 3ms, application-code: 62ms)
 GET /status/488eb46d-fbf3-4dee-add0-0b85c35949cc 404 in 47ms (next.js: 5ms, proxy.ts: 2ms, application-code: 40ms)
 GET /status/invalid 404 in 51ms (next.js: 3ms, proxy.ts: 4ms, application-code: 44ms)
  ✓  60 [chromium] › e2e/public-status-local.spec.ts:13:53 › truthful public status › shows unknown health and complete incident history in en (1.8s)
 GET / 200 in 76ms (next.js: 3ms, proxy.ts: 2ms, application-code: 71ms)
  ✓  61 [chromium] › e2e/public.spec.ts:3:5 › public landing exposes the product proposition and account creation (667ms)
 GET /dashboard 307 in 55ms (next.js: 2ms, proxy.ts: 2.0ms, application-code: 51ms)
 GET /sign-in 200 in 36ms (next.js: 5ms, proxy.ts: 1.6ms, application-code: 29ms)
  ✓  62 [chromium] › e2e/public.spec.ts:24:5 › authenticated areas redirect anonymous visitors to sign-in (171ms)
 GET /privacy 200 in 43ms (next.js: 3ms, proxy.ts: 1.7ms, application-code: 38ms)
 GET /terms 200 in 40ms (next.js: 3ms, proxy.ts: 1.8ms, application-code: 35ms)
  ✓  63 [chromium] › e2e/public.spec.ts:30:5 › privacy and terms pages are public (479ms)
 GET /subprocessors 200 in 42ms (next.js: 4ms, proxy.ts: 1.8ms, application-code: 36ms)
  ✓  64 [chromium] › e2e/public.spec.ts:37:5 › the subprocessor register and change-notice policy are public (289ms)
 GET / 200 in 71ms (next.js: 1.8ms, proxy.ts: 2ms, application-code: 67ms)
 GET /privacy 200 in 37ms (next.js: 1.7ms, proxy.ts: 2ms, application-code: 33ms)
  ✓  65 [chromium] › e2e/public.spec.ts:44:5 › the public product and legal surface honor the English locale (840ms)
 GET /status 200 in 73ms (next.js: 2ms, proxy.ts: 2ms, application-code: 69ms)
  ✓  66 [chromium] › e2e/public.spec.ts:60:5 › public status page never claims operational health when status storage is unavailable (354ms)
 GET /reports 200 in 174ms (next.js: 6ms, proxy.ts: 4ms, application-code: 165ms)
 GET /api/auth/get-session 200 in 35ms (next.js: 8ms, proxy.ts: 3ms, application-code: 24ms)
 GET /api/auth/organization/list 200 in 38ms (next.js: 15ms, proxy.ts: 4ms, application-code: 20ms)
 POST /reports 200 in 159ms (next.js: 3ms, proxy.ts: 4ms, application-code: 151ms)
  └─ ƒ setCookieConsent({}) in 2ms src/app/preferences-actions.ts
 GET /reports?notice=Rapport+cr%C3%A9%C3%A9.+R%C3%A9v%C3%A9lez+son+URL+dans+les+cinq+prochaines+minutes.&reveal=report-url&revealId=c7a808f9-bdb8-4112-aea3-868510ab0075 200 in 182ms (next.js: 2ms, proxy.ts: 3ms, application-code: 177ms)
 POST /reports 200 in 251ms (next.js: 3ms, proxy.ts: 3ms, application-code: 244ms)
  └─ ƒ createShareLink({}) in 46ms src/app/report-actions.ts
 POST /api/secret-revelation 200 in 130ms (next.js: 81ms, proxy.ts: 5ms, application-code: 44ms)
 GET /r/[REDACTED]?edition=951fd0de-5ccd-456d-9df9-4b0c97f60919 200 in 847ms (next.js: 721ms, proxy.ts: 3ms, application-code: 123ms)
 GET /r/[REDACTED]/csv?edition=951fd0de-5ccd-456d-9df9-4b0c97f60919 200 in 691ms (next.js: 666ms, proxy.ts: 3ms, application-code: 22ms)
 GET /r/[REDACTED]/pdf?edition=951fd0de-5ccd-456d-9df9-4b0c97f60919 200 in 1324ms (next.js: 924ms, proxy.ts: 2ms, application-code: 398ms)
 GET /r/[REDACTED]?error=L%E2%80%99envoi+de+codes+email+n%E2%80%99est+pas+configur%C3%A9.&edition=951fd0de-5ccd-456d-9df9-4b0c97f60919 200 in 77ms (next.js: 5ms, proxy.ts: 8ms, application-code: 64ms)
 POST /r/[REDACTED]?edition=951fd0de-5ccd-456d-9df9-4b0c97f60919 200 in 120ms (next.js: 9ms, proxy.ts: 4ms, application-code: 108ms)
  └─ ƒ requestReportFeedbackOtp({}) in 17ms src/app/actions.ts
 GET /r/[REDACTED]?edition=951fd0de-5ccd-456d-9df9-4b0c97f60919&otp=1 200 in 93ms (next.js: 3ms, proxy.ts: 1.9ms, application-code: 88ms)
 GET /r/[REDACTED]?error=Demandez+un+nouveau+code.&otp=1&edition=951fd0de-5ccd-456d-9df9-4b0c97f60919 200 in 51ms (next.js: 3ms, proxy.ts: 2ms, application-code: 47ms)
 POST /r/[REDACTED]?edition=951fd0de-5ccd-456d-9df9-4b0c97f60919&otp=1 200 in 72ms (next.js: 3ms, proxy.ts: 3ms, application-code: 66ms)
  └─ ƒ verifyReportFeedbackOtp({}) in 7ms src/app/actions.ts
 GET /reports?notice=Rapport+cr%C3%A9%C3%A9.+R%C3%A9v%C3%A9lez+son+URL+dans+les+cinq+prochaines+minutes.&reveal=report-url&revealId=099aa27a-57c2-40c6-b825-cbe172f8c0d0 200 in 83ms (next.js: 3ms, proxy.ts: 2ms, application-code: 78ms)
 POST /reports?notice=Rapport%20cr%C3%A9%C3%A9.%20R%C3%A9v%C3%A9lez%20son%20URL%20dans%20les%20cinq%20prochaines%20minutes.&reveal=report-url&revealId=c7a808f9-bdb8-4112-aea3-868510ab0075 200 in 117ms (next.js: 4ms, proxy.ts: 3ms, application-code: 110ms)
  └─ ƒ createShareLink({}) in 19ms src/app/report-actions.ts
 POST /api/secret-revelation 200 in 27ms (next.js: 3ms, proxy.ts: 12ms, application-code: 13ms)
 GET /r/[REDACTED]?edition=aaa8fed3-bf4d-438b-8fd4-30ef7eb00abd 200 in 76ms (next.js: 4ms, proxy.ts: 1.6ms, application-code: 71ms)
 GET /r/[REDACTED]/csv?edition=aaa8fed3-bf4d-438b-8fd4-30ef7eb00abd 200 in 16ms (next.js: 4ms, proxy.ts: 2ms, application-code: 10ms)
 GET /r/[REDACTED]/pdf?edition=aaa8fed3-bf4d-438b-8fd4-30ef7eb00abd 200 in 111ms (next.js: 4ms, proxy.ts: 1.8ms, application-code: 105ms)
 GET /reports?notice=Rapport+cr%C3%A9%C3%A9.+R%C3%A9v%C3%A9lez+son+URL+dans+les+cinq+prochaines+minutes.&reveal=report-url&revealId=cc8dea5e-e8dd-4a02-a8da-4ee5efc36d85 200 in 146ms (next.js: 3ms, proxy.ts: 3ms, application-code: 141ms)
 POST /reports?notice=Rapport%20cr%C3%A9%C3%A9.%20R%C3%A9v%C3%A9lez%20son%20URL%20dans%20les%20cinq%20prochaines%20minutes.&reveal=report-url&revealId=099aa27a-57c2-40c6-b825-cbe172f8c0d0 200 in 194ms (next.js: 7ms, proxy.ts: 4ms, application-code: 183ms)
  └─ ƒ createShareLink({}) in 24ms src/app/report-actions.ts
 POST /api/secret-revelation 200 in 45ms (next.js: 6ms, proxy.ts: 6ms, application-code: 33ms)
 GET /r/[REDACTED]?edition=dece256e-734b-49e4-926d-be157821afe6 200 in 101ms (next.js: 10ms, proxy.ts: 3ms, application-code: 88ms)
 GET /r/[REDACTED]/csv?edition=dece256e-734b-49e4-926d-be157821afe6 200 in 17ms (next.js: 3ms, proxy.ts: 2ms, application-code: 11ms)
 GET /r/[REDACTED]/pdf?edition=dece256e-734b-49e4-926d-be157821afe6 200 in 88ms (next.js: 4ms, proxy.ts: 1.6ms, application-code: 83ms)
 GET /reports?notice=Rapport+cr%C3%A9%C3%A9.+R%C3%A9v%C3%A9lez+son+URL+dans+les+cinq+prochaines+minutes.&reveal=report-url&revealId=1abb5e06-01ee-4f9a-8d9f-3909b81e41b1 200 in 81ms (next.js: 1.9ms, proxy.ts: 1.8ms, application-code: 77ms)
 POST /reports?notice=Rapport%20cr%C3%A9%C3%A9.%20R%C3%A9v%C3%A9lez%20son%20URL%20dans%20les%20cinq%20prochaines%20minutes.&reveal=report-url&revealId=cc8dea5e-e8dd-4a02-a8da-4ee5efc36d85 200 in 133ms (next.js: 8ms, proxy.ts: 6ms, application-code: 119ms)
  └─ ƒ createShareLink({}) in 31ms src/app/report-actions.ts
 POST /api/secret-revelation 200 in 21ms (next.js: 2ms, proxy.ts: 3ms, application-code: 16ms)
 GET /r/[REDACTED]?edition=f9e15106-518f-474b-9481-2ed8c00e520b 200 in 113ms (next.js: 3ms, proxy.ts: 2ms, application-code: 108ms)
 GET /r/[REDACTED]/csv?edition=f9e15106-518f-474b-9481-2ed8c00e520b 200 in 16ms (next.js: 5ms, proxy.ts: 2ms, application-code: 9ms)
 GET /r/[REDACTED]/pdf?edition=f9e15106-518f-474b-9481-2ed8c00e520b 200 in 83ms (next.js: 2ms, proxy.ts: 2ms, application-code: 79ms)
 GET /reports?notice=Rapport+cr%C3%A9%C3%A9.+R%C3%A9v%C3%A9lez+son+URL+dans+les+cinq+prochaines+minutes.&reveal=report-url&revealId=c46c7124-e8fc-4e2e-8d6c-d20c7e69bfde 200 in 77ms (next.js: 2.0ms, proxy.ts: 1.6ms, application-code: 74ms)
 POST /reports?notice=Rapport%20cr%C3%A9%C3%A9.%20R%C3%A9v%C3%A9lez%20son%20URL%20dans%20les%20cinq%20prochaines%20minutes.&reveal=report-url&revealId=1abb5e06-01ee-4f9a-8d9f-3909b81e41b1 200 in 105ms (next.js: 2ms, proxy.ts: 2ms, application-code: 100ms)
  └─ ƒ createShareLink({}) in 16ms src/app/report-actions.ts
 POST /api/secret-revelation 200 in 27ms (next.js: 4ms, proxy.ts: 3ms, application-code: 20ms)
 GET /r/[REDACTED]?edition=d959ed48-7855-4aaf-ac56-144825743677 200 in 121ms (next.js: 4ms, proxy.ts: 2ms, application-code: 115ms)
 GET /r/[REDACTED]/csv?edition=d959ed48-7855-4aaf-ac56-144825743677 200 in 19ms (next.js: 5ms, proxy.ts: 3ms, application-code: 11ms)
 GET /r/[REDACTED]/pdf?edition=d959ed48-7855-4aaf-ac56-144825743677 200 in 89ms (next.js: 4ms, proxy.ts: 1.8ms, application-code: 83ms)
 GET /r/[REDACTED]?edition=951fd0de-5ccd-456d-9df9-4b0c97f60919 200 in 110ms (next.js: 5ms, proxy.ts: 3ms, application-code: 101ms)
 GET /r/[REDACTED]/csv?edition=951fd0de-5ccd-456d-9df9-4b0c97f60919 200 in 19ms (next.js: 5ms, proxy.ts: 3ms, application-code: 11ms)
 GET /r/[REDACTED]/pdf?edition=951fd0de-5ccd-456d-9df9-4b0c97f60919 200 in 250ms (next.js: 4ms, proxy.ts: 2ms, application-code: 244ms)
 GET /reports?notice=R%C3%A9vision+publi%C3%A9e.+Les+%C3%A9ditions+pr%C3%A9c%C3%A9dentes+restent+inchang%C3%A9es.&reveal=report-url&revealId=751c570a-3629-4e2f-a6ce-bac8f292ba25 200 in 96ms (next.js: 3ms, proxy.ts: 1.8ms, application-code: 91ms)
 POST /reports?notice=Rapport%20cr%C3%A9%C3%A9.%20R%C3%A9v%C3%A9lez%20son%20URL%20dans%20les%20cinq%20prochaines%20minutes.&reveal=report-url&revealId=c46c7124-e8fc-4e2e-8d6c-d20c7e69bfde 200 in 132ms (next.js: 3ms, proxy.ts: 3ms, application-code: 125ms)
  └─ ƒ reviseReportEdition({}) in 20ms src/app/report-actions.ts
 POST /api/secret-revelation 200 in 19ms (next.js: 1.8ms, proxy.ts: 2ms, application-code: 15ms)
 GET /r/[REDACTED]?edition=86a05fa3-a894-4a19-ade4-b1e70271927a 200 in 83ms (next.js: 4ms, proxy.ts: 1.6ms, application-code: 78ms)
 GET /r/[REDACTED]/csv?edition=86a05fa3-a894-4a19-ade4-b1e70271927a 200 in 19ms (next.js: 5ms, proxy.ts: 2.0ms, application-code: 12ms)
 GET /reports?error=Les+donn%C3%A9es+compl%C3%A8tes+de+cette+p%C3%A9riode+ne+sont+pas+disponibles.+Actualisez+l%E2%80%99historique+du+compte+avant+de+publier+ce+bilan. 200 in 127ms (next.js: 3ms, proxy.ts: 1.8ms, application-code: 122ms)
 POST /reports?notice=R%C3%A9vision%20publi%C3%A9e.%20Les%20%C3%A9ditions%20pr%C3%A9c%C3%A9dentes%20restent%20inchang%C3%A9es.&reveal=report-url&revealId=751c570a-3629-4e2f-a6ce-bac8f292ba25 200 in 154ms (next.js: 2ms, proxy.ts: 3ms, application-code: 149ms)
  └─ ƒ createShareLink({}) in 14ms src/app/report-actions.ts
 GET /r/[REDACTED]?edition=951fd0de-5ccd-456d-9df9-4b0c97f60919 200 in 107ms (next.js: 4ms, proxy.ts: 3ms, application-code: 100ms)
 GET /r/[REDACTED]/pdf?edition=951fd0de-5ccd-456d-9df9-4b0c97f60919 429 in 13ms (next.js: 5ms, proxy.ts: 2ms, application-code: 6ms)
 GET /r/[REDACTED]/csv?edition=951fd0de-5ccd-456d-9df9-4b0c97f60919 404 in 10ms (next.js: 4ms, proxy.ts: 1.6ms, application-code: 5ms)
 GET /reports 200 in 148ms (next.js: 2ms, proxy.ts: 3ms, application-code: 143ms)
 GET /api/auth/organization/list 200 in 55ms (next.js: 43ms, proxy.ts: 6ms, application-code: 6ms)
 GET /api/auth/get-session 200 in 56ms (next.js: 25ms, proxy.ts: 4ms, application-code: 26ms)
  ✓  67 [chromium] › e2e/report-editions-local.spec.ts:16:53 › published report editions › creates every period and preserves HTML PDF CSV through revision in fr (12.0s)
 GET /reports 200 in 168ms (next.js: 3ms, proxy.ts: 3ms, application-code: 162ms)
 GET /api/auth/get-session 200 in 57ms (next.js: 8ms, proxy.ts: 7ms, application-code: 42ms)
 GET /api/auth/organization/list 200 in 58ms (next.js: 13ms, proxy.ts: 8ms, application-code: 37ms)
 POST /reports 200 in 94ms (next.js: 5ms, proxy.ts: 6ms, application-code: 83ms)
  └─ ƒ setCookieConsent({}) in 1ms src/app/preferences-actions.ts
 GET /reports?notice=Report+created.+Reveal+its+URL+within+the+next+five+minutes.&reveal=report-url&revealId=0f64da87-23e6-415a-ae13-df28f0e8f61a 200 in 93ms (next.js: 2ms, proxy.ts: 2ms, application-code: 89ms)
 POST /reports 200 in 130ms (next.js: 1.9ms, proxy.ts: 2ms, application-code: 126ms)
  └─ ƒ createShareLink({}) in 27ms src/app/report-actions.ts
 POST /api/secret-revelation 200 in 21ms (next.js: 3ms, proxy.ts: 2ms, application-code: 16ms)
 GET /r/[REDACTED]?edition=e6d783eb-0024-4947-abf0-266b9bfdc763 200 in 82ms (next.js: 3ms, proxy.ts: 1.8ms, application-code: 77ms)
 GET /r/[REDACTED]/csv?edition=e6d783eb-0024-4947-abf0-266b9bfdc763 200 in 17ms (next.js: 5ms, proxy.ts: 1.8ms, application-code: 10ms)
 GET /r/[REDACTED]/pdf?edition=e6d783eb-0024-4947-abf0-266b9bfdc763 200 in 236ms (next.js: 3ms, proxy.ts: 1.7ms, application-code: 231ms)
 GET /r/[REDACTED]?error=Email+code+delivery+is+not+configured.&edition=e6d783eb-0024-4947-abf0-266b9bfdc763 200 in 70ms (next.js: 5ms, proxy.ts: 3ms, application-code: 62ms)
 POST /r/[REDACTED]?edition=e6d783eb-0024-4947-abf0-266b9bfdc763 200 in 102ms (next.js: 7ms, proxy.ts: 3ms, application-code: 92ms)
  └─ ƒ requestReportFeedbackOtp({}) in 15ms src/app/actions.ts
 GET /r/[REDACTED]?edition=e6d783eb-0024-4947-abf0-266b9bfdc763&otp=1 200 in 117ms (next.js: 3ms, proxy.ts: 2ms, application-code: 111ms)
 GET /r/[REDACTED]?error=Request+a+new+code.&otp=1&edition=e6d783eb-0024-4947-abf0-266b9bfdc763 200 in 65ms (next.js: 3ms, proxy.ts: 1.5ms, application-code: 61ms)
 POST /r/[REDACTED]?edition=e6d783eb-0024-4947-abf0-266b9bfdc763&otp=1 200 in 88ms (next.js: 3ms, proxy.ts: 3ms, application-code: 82ms)
  └─ ƒ verifyReportFeedbackOtp({}) in 6ms src/app/actions.ts
 GET /reports?notice=Report+created.+Reveal+its+URL+within+the+next+five+minutes.&reveal=report-url&revealId=fa0d8de4-40e9-4493-beca-1ee6cb2daa5d 200 in 104ms (next.js: 2ms, proxy.ts: 6ms, application-code: 96ms)
 POST /reports?notice=Report%20created.%20Reveal%20its%20URL%20within%20the%20next%20five%20minutes.&reveal=report-url&revealId=0f64da87-23e6-415a-ae13-df28f0e8f61a 200 in 148ms (next.js: 6ms, proxy.ts: 4ms, application-code: 138ms)
  └─ ƒ createShareLink({}) in 25ms src/app/report-actions.ts
 POST /api/secret-revelation 200 in 19ms (next.js: 2.0ms, proxy.ts: 2ms, application-code: 14ms)
 GET /r/[REDACTED]?edition=9fe8dd2d-8aa4-4f50-9d30-221aef9625e2 200 in 98ms (next.js: 4ms, proxy.ts: 1.9ms, application-code: 92ms)
 GET /r/[REDACTED]/csv?edition=9fe8dd2d-8aa4-4f50-9d30-221aef9625e2 200 in 22ms (next.js: 4ms, proxy.ts: 2ms, application-code: 15ms)
 GET /r/[REDACTED]/pdf?edition=9fe8dd2d-8aa4-4f50-9d30-221aef9625e2 200 in 99ms (next.js: 4ms, proxy.ts: 3ms, application-code: 92ms)
 GET /reports?notice=Report+created.+Reveal+its+URL+within+the+next+five+minutes.&reveal=report-url&revealId=4543f0e8-fe37-4fb2-ad7c-873229aab181 200 in 191ms (next.js: 4ms, proxy.ts: 3ms, application-code: 183ms)
 POST /reports?notice=Report%20created.%20Reveal%20its%20URL%20within%20the%20next%20five%20minutes.&reveal=report-url&revealId=fa0d8de4-40e9-4493-beca-1ee6cb2daa5d 200 in 262ms (next.js: 8ms, proxy.ts: 5ms, application-code: 249ms)
  └─ ƒ createShareLink({}) in 38ms src/app/report-actions.ts
 POST /api/secret-revelation 200 in 76ms (next.js: 18ms, proxy.ts: 10ms, application-code: 49ms)
 GET /r/[REDACTED]?edition=add9cf46-d063-469c-b235-e12945352514 200 in 144ms (next.js: 5ms, proxy.ts: 6ms, application-code: 134ms)
 GET /r/[REDACTED]/csv?edition=add9cf46-d063-469c-b235-e12945352514 200 in 18ms (next.js: 3ms, proxy.ts: 1.7ms, application-code: 13ms)
 GET /r/[REDACTED]/pdf?edition=add9cf46-d063-469c-b235-e12945352514 200 in 93ms (next.js: 5ms, proxy.ts: 3ms, application-code: 85ms)
 GET /reports?notice=Report+created.+Reveal+its+URL+within+the+next+five+minutes.&reveal=report-url&revealId=951fd1d9-1113-44dc-81d6-09f8be234816 200 in 98ms (next.js: 1.4ms, proxy.ts: 4ms, application-code: 92ms)
 POST /reports?notice=Report%20created.%20Reveal%20its%20URL%20within%20the%20next%20five%20minutes.&reveal=report-url&revealId=4543f0e8-fe37-4fb2-ad7c-873229aab181 200 in 143ms (next.js: 4ms, proxy.ts: 3ms, application-code: 136ms)
  └─ ƒ createShareLink({}) in 25ms src/app/report-actions.ts
 POST /api/secret-revelation 200 in 57ms (next.js: 10ms, proxy.ts: 5ms, application-code: 42ms)
 GET /r/[REDACTED]?edition=38e27b08-6ccb-49e6-9c7f-bf5fe0268f54 200 in 186ms (next.js: 9ms, proxy.ts: 4ms, application-code: 173ms)
 GET /r/[REDACTED]/csv?edition=38e27b08-6ccb-49e6-9c7f-bf5fe0268f54 200 in 24ms (next.js: 5ms, proxy.ts: 3ms, application-code: 16ms)
 GET /r/[REDACTED]/pdf?edition=38e27b08-6ccb-49e6-9c7f-bf5fe0268f54 200 in 141ms (next.js: 4ms, proxy.ts: 3ms, application-code: 134ms)
 GET /reports?notice=Report+created.+Reveal+its+URL+within+the+next+five+minutes.&reveal=report-url&revealId=e73aa208-61a4-4914-892a-41c00c092680 200 in 105ms (next.js: 3ms, proxy.ts: 2ms, application-code: 100ms)
 POST /reports?notice=Report%20created.%20Reveal%20its%20URL%20within%20the%20next%20five%20minutes.&reveal=report-url&revealId=951fd1d9-1113-44dc-81d6-09f8be234816 200 in 141ms (next.js: 2ms, proxy.ts: 3ms, application-code: 136ms)
  └─ ƒ createShareLink({}) in 18ms src/app/report-actions.ts
 POST /api/secret-revelation 200 in 42ms (next.js: 3ms, proxy.ts: 3ms, application-code: 36ms)
 GET /r/[REDACTED]?edition=e3bbb005-f346-41be-89a6-545cbc4303f9 200 in 137ms (next.js: 9ms, proxy.ts: 12ms, application-code: 116ms)
 GET /r/[REDACTED]/csv?edition=e3bbb005-f346-41be-89a6-545cbc4303f9 200 in 16ms (next.js: 4ms, proxy.ts: 1.7ms, application-code: 10ms)
 GET /r/[REDACTED]/pdf?edition=e3bbb005-f346-41be-89a6-545cbc4303f9 200 in 81ms (next.js: 4ms, proxy.ts: 1.6ms, application-code: 75ms)
 GET /r/[REDACTED]?edition=e6d783eb-0024-4947-abf0-266b9bfdc763 200 in 110ms (next.js: 4ms, proxy.ts: 2ms, application-code: 103ms)
 GET /r/[REDACTED]/csv?edition=e6d783eb-0024-4947-abf0-266b9bfdc763 200 in 21ms (next.js: 4ms, proxy.ts: 5ms, application-code: 12ms)
 GET /r/[REDACTED]/pdf?edition=e6d783eb-0024-4947-abf0-266b9bfdc763 200 in 300ms (next.js: 4ms, proxy.ts: 3ms, application-code: 293ms)
 GET /reports?notice=Revision+published.+Previous+editions+remain+unchanged.&reveal=report-url&revealId=e0e1fe23-c0c2-40da-ae9d-5cc24788e209 200 in 120ms (next.js: 3ms, proxy.ts: 2ms, application-code: 115ms)
 POST /reports?notice=Report%20created.%20Reveal%20its%20URL%20within%20the%20next%20five%20minutes.&reveal=report-url&revealId=e73aa208-61a4-4914-892a-41c00c092680 200 in 186ms (next.js: 5ms, proxy.ts: 10ms, application-code: 170ms)
  └─ ƒ reviseReportEdition({}) in 41ms src/app/report-actions.ts
 POST /api/secret-revelation 200 in 18ms (next.js: 2.0ms, proxy.ts: 3ms, application-code: 13ms)
 GET /r/[REDACTED]?edition=338a00da-5dd3-48df-a433-70e36db587e6 200 in 91ms (next.js: 4ms, proxy.ts: 1.8ms, application-code: 86ms)
 GET /r/[REDACTED]/csv?edition=338a00da-5dd3-48df-a433-70e36db587e6 200 in 18ms (next.js: 5ms, proxy.ts: 3ms, application-code: 10ms)
 GET /reports?error=Les+donn%C3%A9es+compl%C3%A8tes+de+cette+p%C3%A9riode+ne+sont+pas+disponibles.+Actualisez+l%E2%80%99historique+du+compte+avant+de+publier+ce+bilan. 200 in 113ms (next.js: 3ms, proxy.ts: 3ms, application-code: 107ms)
 POST /reports?notice=Revision%20published.%20Previous%20editions%20remain%20unchanged.&reveal=report-url&revealId=e0e1fe23-c0c2-40da-ae9d-5cc24788e209 200 in 154ms (next.js: 2ms, proxy.ts: 2ms, application-code: 150ms)
  └─ ƒ createShareLink({}) in 24ms src/app/report-actions.ts
 GET /r/[REDACTED]?edition=e6d783eb-0024-4947-abf0-266b9bfdc763 200 in 141ms (next.js: 3ms, proxy.ts: 3ms, application-code: 135ms)
 GET /r/[REDACTED]/pdf?edition=e6d783eb-0024-4947-abf0-266b9bfdc763 429 in 26ms (next.js: 4ms, proxy.ts: 15ms, application-code: 7ms)
 GET /r/[REDACTED]/csv?edition=e6d783eb-0024-4947-abf0-266b9bfdc763 404 in 9ms (next.js: 3ms, proxy.ts: 1.6ms, application-code: 4ms)
 GET /reports 200 in 150ms (next.js: 2ms, proxy.ts: 3ms, application-code: 145ms)
  ✓  68 [chromium] › e2e/report-editions-local.spec.ts:16:53 › published report editions › creates every period and preserves HTML PDF CSV through revision in en (8.3s)
 GET /reports 200 in 156ms (next.js: 2ms, proxy.ts: 3ms, application-code: 151ms)
 GET /api/auth/get-session 200 in 36ms (next.js: 5ms, proxy.ts: 3ms, application-code: 28ms)
 GET /api/auth/organization/list 200 in 40ms (next.js: 12ms, proxy.ts: 3ms, application-code: 25ms)
 GET /reports?notice=Mod%C3%A8le+de+rapport+cr%C3%A9%C3%A9. 200 in 131ms (next.js: 1.9ms, proxy.ts: 2ms, application-code: 127ms)
 POST /reports 200 in 159ms (next.js: 3ms, proxy.ts: 3ms, application-code: 153ms)
  └─ ƒ createReportTemplate({}) in 11ms src/app/report-actions.ts
 GET /reports?notice=Nouvelle+version+du+mod%C3%A8le+enregistr%C3%A9e. 200 in 89ms (next.js: 1.9ms, proxy.ts: 1.5ms, application-code: 86ms)
 POST /reports?notice=Mod%C3%A8le%20de%20rapport%20cr%C3%A9%C3%A9. 200 in 110ms (next.js: 2ms, proxy.ts: 2ms, application-code: 105ms)
  └─ ƒ updateReportTemplate({}) in 11ms src/app/report-actions.ts
 GET /reports?notice=Envoi+planifi%C3%A9+cr%C3%A9%C3%A9. 200 in 88ms (next.js: 3ms, proxy.ts: 4ms, application-code: 81ms)
 POST /reports?notice=Nouvelle%20version%20du%20mod%C3%A8le%20enregistr%C3%A9e. 200 in 114ms (next.js: 2ms, proxy.ts: 3ms, application-code: 109ms)
  └─ ƒ createReportSchedule({}) in 14ms src/app/report-actions.ts
 GET /reports?error=Un+envoi+est+en+cours.+R%C3%A9essayez+dans+quelques+minutes. 200 in 80ms (next.js: 1.9ms, proxy.ts: 1.9ms, application-code: 76ms)
 POST /reports?notice=Envoi%20planifi%C3%A9%20cr%C3%A9%C3%A9. 200 in 100ms (next.js: 3ms, proxy.ts: 2ms, application-code: 95ms)
  └─ ƒ rotateScheduledReportToken({}) in 9ms src/app/report-actions.ts
 GET /reports?error=Un+envoi+est+en+cours.+R%C3%A9essayez+dans+quelques+minutes. 200 in 86ms (next.js: 1.9ms, proxy.ts: 1.9ms, application-code: 82ms)
 POST /reports?error=Un%20envoi%20est%20en%20cours.%20R%C3%A9essayez%20dans%20quelques%20minutes. 200 in 103ms (next.js: 2.0ms, proxy.ts: 1.9ms, application-code: 100ms)
  └─ ƒ toggleReportSchedule({}) in 8ms src/app/report-actions.ts
 GET /reports?notice=Token+du+rapport+planifi%C3%A9+renouvel%C3%A9.+L%E2%80%99ancien+lien+est+imm%C3%A9diatement+invalide. 200 in 78ms (next.js: 1.7ms, proxy.ts: 1.6ms, application-code: 75ms)
 POST /reports?error=Un%20envoi%20est%20en%20cours.%20R%C3%A9essayez%20dans%20quelques%20minutes. 200 in 98ms (next.js: 1.9ms, proxy.ts: 1.9ms, application-code: 94ms)
  └─ ƒ rotateScheduledReportToken({}) in 11ms src/app/report-actions.ts
 GET /reports?notice=Envoi+planifi%C3%A9+suspendu+et+lien+r%C3%A9voqu%C3%A9. 200 in 70ms (next.js: 1.8ms, proxy.ts: 1.8ms, application-code: 66ms)
 POST /reports?notice=Token%20du%20rapport%20planifi%C3%A9%20renouvel%C3%A9.%20L%E2%80%99ancien%20lien%20est%20imm%C3%A9diatement%20invalide. 200 in 90ms (next.js: 2ms, proxy.ts: 3ms, application-code: 85ms)
  └─ ƒ toggleReportSchedule({}) in 10ms src/app/report-actions.ts
 GET /reports?notice=Envoi+planifi%C3%A9+activ%C3%A9. 200 in 84ms (next.js: 1.9ms, proxy.ts: 1.7ms, application-code: 80ms)
 POST /reports?notice=Envoi%20planifi%C3%A9%20suspendu%20et%20lien%20r%C3%A9voqu%C3%A9. 200 in 106ms (next.js: 3ms, proxy.ts: 3ms, application-code: 100ms)
  └─ ƒ toggleReportSchedule({}) in 11ms src/app/report-actions.ts
 GET /reports?notice=Mod%C3%A8le+d%C3%A9sactiv%C3%A9.+Les+rapports+existants+conservent+leur+snapshot. 200 in 71ms (next.js: 0.5ms, proxy.ts: 7ms, application-code: 64ms)
 POST /reports?notice=Envoi%20planifi%C3%A9%20activ%C3%A9. 200 in 92ms (next.js: 2ms, proxy.ts: 2ms, application-code: 87ms)
  └─ ƒ deactivateReportTemplate({}) in 8ms src/app/report-actions.ts
 GET /reports?error=Permission+required%3A+reports%3Amanage 200 in 52ms (next.js: 2ms, proxy.ts: 1.8ms, application-code: 48ms)
 POST /reports?notice=Mod%C3%A8le%20d%C3%A9sactiv%C3%A9.%20Les%20rapports%20existants%20conservent%20leur%20snapshot. 200 in 74ms (next.js: 4ms, proxy.ts: 6ms, application-code: 64ms)
  └─ ƒ createReportTemplate({}) in 5ms src/app/report-actions.ts
 GET /support?error=Vous+n%E2%80%99avez+plus+acc%C3%A8s+%C3%A0+cette+page.+Choisissez+une+rubrique+disponible+ou+contactez+un+administrateur. 200 in 96ms (next.js: 5ms, proxy.ts: 12ms, application-code: 79ms)
 GET /support?error=Vous+n%E2%80%99avez+plus+acc%C3%A8s+%C3%A0+cette+page.+Choisissez+une+rubrique+disponible+ou+contactez+un+administrateur. 200 in 65ms (next.js: 15ms, proxy.ts: 4ms, application-code: 46ms)
  ✓  69 [chromium] › e2e/report-management-actors-local.spec.ts:6:7 › analyst manages templates and schedules and loses write access in fr (2.6s)
 GET /reports 200 in 144ms (next.js: 1.9ms, proxy.ts: 2ms, application-code: 140ms)
 GET /api/auth/get-session 200 in 24ms (next.js: 5ms, proxy.ts: 3ms, application-code: 16ms)
 GET /api/auth/organization/list 200 in 26ms (next.js: 11ms, proxy.ts: 3ms, application-code: 12ms)
 GET /reports?notice=Mod%C3%A8le+de+rapport+cr%C3%A9%C3%A9. 200 in 101ms (next.js: 4ms, proxy.ts: 4ms, application-code: 92ms)
 POST /reports 200 in 126ms (next.js: 5ms, proxy.ts: 3ms, application-code: 118ms)
  └─ ƒ createReportTemplate({}) in 9ms src/app/report-actions.ts
 GET /reports?notice=Nouvelle+version+du+mod%C3%A8le+enregistr%C3%A9e. 200 in 94ms (next.js: 1.8ms, proxy.ts: 1.9ms, application-code: 90ms)
 POST /reports?notice=Mod%C3%A8le%20de%20rapport%20cr%C3%A9%C3%A9. 200 in 113ms (next.js: 2ms, proxy.ts: 2ms, application-code: 108ms)
  └─ ƒ updateReportTemplate({}) in 9ms src/app/report-actions.ts
 GET /reports?notice=Envoi+planifi%C3%A9+cr%C3%A9%C3%A9. 200 in 80ms (next.js: 3ms, proxy.ts: 1.7ms, application-code: 75ms)
 POST /reports?notice=Nouvelle%20version%20du%20mod%C3%A8le%20enregistr%C3%A9e. 200 in 105ms (next.js: 2ms, proxy.ts: 3ms, application-code: 100ms)
  └─ ƒ createReportSchedule({}) in 13ms src/app/report-actions.ts
 GET /reports?error=Un+envoi+est+en+cours.+R%C3%A9essayez+dans+quelques+minutes. 200 in 81ms (next.js: 1.8ms, proxy.ts: 1.9ms, application-code: 77ms)
 POST /reports?notice=Envoi%20planifi%C3%A9%20cr%C3%A9%C3%A9. 200 in 100ms (next.js: 1.9ms, proxy.ts: 3ms, application-code: 95ms)
  └─ ƒ rotateScheduledReportToken({}) in 9ms src/app/report-actions.ts
 GET /reports?error=Un+envoi+est+en+cours.+R%C3%A9essayez+dans+quelques+minutes. 200 in 86ms (next.js: 2.0ms, proxy.ts: 2ms, application-code: 82ms)
 POST /reports?error=Un%20envoi%20est%20en%20cours.%20R%C3%A9essayez%20dans%20quelques%20minutes. 200 in 107ms (next.js: 1.9ms, proxy.ts: 2ms, application-code: 103ms)
  └─ ƒ toggleReportSchedule({}) in 8ms src/app/report-actions.ts
 GET /reports?notice=Token+du+rapport+planifi%C3%A9+renouvel%C3%A9.+L%E2%80%99ancien+lien+est+imm%C3%A9diatement+invalide. 200 in 83ms (next.js: 2ms, proxy.ts: 1.8ms, application-code: 79ms)
 POST /reports?error=Un%20envoi%20est%20en%20cours.%20R%C3%A9essayez%20dans%20quelques%20minutes. 200 in 104ms (next.js: 2ms, proxy.ts: 2ms, application-code: 100ms)
  └─ ƒ rotateScheduledReportToken({}) in 11ms src/app/report-actions.ts
 GET /reports?notice=Envoi+planifi%C3%A9+suspendu+et+lien+r%C3%A9voqu%C3%A9. 200 in 73ms (next.js: 1.8ms, proxy.ts: 1.8ms, application-code: 69ms)
 POST /reports?notice=Token%20du%20rapport%20planifi%C3%A9%20renouvel%C3%A9.%20L%E2%80%99ancien%20lien%20est%20imm%C3%A9diatement%20invalide. 200 in 94ms (next.js: 2ms, proxy.ts: 3ms, application-code: 89ms)
  └─ ƒ toggleReportSchedule({}) in 11ms src/app/report-actions.ts
 GET /reports?notice=Envoi+planifi%C3%A9+activ%C3%A9. 200 in 79ms (next.js: 2ms, proxy.ts: 11ms, application-code: 66ms)
 POST /reports?notice=Envoi%20planifi%C3%A9%20suspendu%20et%20lien%20r%C3%A9voqu%C3%A9. 200 in 101ms (next.js: 2ms, proxy.ts: 3ms, application-code: 96ms)
  └─ ƒ toggleReportSchedule({}) in 10ms src/app/report-actions.ts
 GET /reports?notice=Mod%C3%A8le+d%C3%A9sactiv%C3%A9.+Les+rapports+existants+conservent+leur+snapshot. 200 in 67ms (next.js: 2ms, proxy.ts: 1.7ms, application-code: 63ms)
 POST /reports?notice=Envoi%20planifi%C3%A9%20activ%C3%A9. 200 in 84ms (next.js: 2ms, proxy.ts: 3ms, application-code: 80ms)
  └─ ƒ deactivateReportTemplate({}) in 8ms src/app/report-actions.ts
 GET /reports?error=Permission+required%3A+reports%3Amanage 200 in 50ms (next.js: 3ms, proxy.ts: 2ms, application-code: 45ms)
 POST /reports?notice=Mod%C3%A8le%20d%C3%A9sactiv%C3%A9.%20Les%20rapports%20existants%20conservent%20leur%20snapshot. 200 in 75ms (next.js: 2ms, proxy.ts: 3ms, application-code: 70ms)
  └─ ƒ createReportTemplate({}) in 14ms src/app/report-actions.ts
 GET /support?error=You+no+longer+have+access+to+this+page.+Choose+an+available+section+or+contact+an+administrator. 200 in 77ms (next.js: 5ms, proxy.ts: 6ms, application-code: 66ms)
 GET /support?error=You+no+longer+have+access+to+this+page.+Choose+an+available+section+or+contact+an+administrator. 200 in 52ms (next.js: 5ms, proxy.ts: 4ms, application-code: 43ms)
  ✓  70 [chromium] › e2e/report-management-actors-local.spec.ts:6:7 › analyst manages templates and schedules and loses write access in en (2.5s)
 POST /api/auth/organization/set-active 200 in 14ms (next.js: 4ms, proxy.ts: 2ms, application-code: 8ms)
 GET /reports 200 in 158ms (next.js: 1.8ms, proxy.ts: 2ms, application-code: 155ms)
 GET /api/auth/get-session 200 in 17ms (next.js: 4ms, proxy.ts: 5ms, application-code: 9ms)
 GET /api/auth/organization/list 200 in 23ms (next.js: 4ms, proxy.ts: 4ms, application-code: 15ms)
 POST /api/auth/organization/set-active 200 in 32ms (next.js: 7ms, proxy.ts: 7ms, application-code: 18ms)
 GET /reports?error=L%E2%80%99espace+actif+a+chang%C3%A9.+Rechargez+la+page+avant+d%E2%80%99enregistrer. 200 in 97ms (next.js: 2ms, proxy.ts: 1.8ms, application-code: 93ms)
 POST /reports 200 in 114ms (next.js: 2ms, proxy.ts: 2ms, application-code: 109ms)
  └─ ƒ createReportTemplate({}) in 6ms src/app/report-actions.ts
 GET /reports?notice=Mod%C3%A8le+de+rapport+cr%C3%A9%C3%A9. 200 in 74ms (next.js: 2ms, proxy.ts: 2.0ms, application-code: 70ms)
 POST /reports?error=L%E2%80%99espace%20actif%20a%20chang%C3%A9.%20Rechargez%20la%20page%20avant%20d%E2%80%99enregistrer. 200 in 102ms (next.js: 10ms, proxy.ts: 5ms, application-code: 88ms)
  └─ ƒ createReportTemplate({}) in 8ms src/app/report-actions.ts
 POST /api/auth/organization/set-active 200 in 13ms (next.js: 4ms, proxy.ts: 2ms, application-code: 7ms)
  ✓  71 [chromium] › e2e/report-workspace-forms-local.spec.ts:6:7 › report draft fr cannot cross workspaces after another tab switches the session (1.1s)
 POST /api/auth/organization/set-active 200 in 21ms (next.js: 2ms, proxy.ts: 2ms, application-code: 16ms)
 GET /reports 200 in 141ms (next.js: 2ms, proxy.ts: 2.0ms, application-code: 137ms)
 GET /api/auth/get-session 200 in 35ms (next.js: 4ms, proxy.ts: 3ms, application-code: 29ms)
 GET /api/auth/organization/list 200 in 37ms (next.js: 10ms, proxy.ts: 2ms, application-code: 25ms)
 POST /api/auth/organization/set-active 200 in 15ms (next.js: 3ms, proxy.ts: 2ms, application-code: 10ms)
 GET /reports?error=L%E2%80%99espace+actif+a+chang%C3%A9.+Rechargez+la+page+avant+d%E2%80%99enregistrer. 200 in 79ms (next.js: 2ms, proxy.ts: 1.9ms, application-code: 75ms)
 POST /reports 200 in 100ms (next.js: 3ms, proxy.ts: 3ms, application-code: 95ms)
  └─ ƒ createReportTemplate({}) in 5ms src/app/report-actions.ts
 GET /reports?notice=Mod%C3%A8le+de+rapport+cr%C3%A9%C3%A9. 200 in 75ms (next.js: 1.9ms, proxy.ts: 1.8ms, application-code: 72ms)
 POST /reports?error=L%E2%80%99espace%20actif%20a%20chang%C3%A9.%20Rechargez%20la%20page%20avant%20d%E2%80%99enregistrer. 200 in 95ms (next.js: 3ms, proxy.ts: 3ms, application-code: 90ms)
  └─ ƒ createReportTemplate({}) in 8ms src/app/report-actions.ts
 POST /api/auth/organization/set-active 200 in 13ms (next.js: 4ms, proxy.ts: 2.0ms, application-code: 7ms)
  ✓  72 [chromium] › e2e/report-workspace-forms-local.spec.ts:6:7 › report draft en cannot cross workspaces after another tab switches the session (1.0s)
 GET /settings 200 in 226ms (next.js: 4ms, proxy.ts: 1.7ms, application-code: 220ms)
 GET /api/auth/get-session 200 in 21ms (next.js: 4ms, proxy.ts: 5ms, application-code: 12ms)
 GET /api/auth/organization/list 200 in 22ms (next.js: 8ms, proxy.ts: 4ms, application-code: 10ms)
 GET /settings?notice=Cl%C3%A9+cr%C3%A9%C3%A9e.+R%C3%A9v%C3%A9lez-la+une+seule+fois+dans+les+cinq+prochaines+minutes.&reveal=api-key&revealId=714012da-102f-4fbb-9c09-c3ec963462c3 200 in 120ms (next.js: 1.9ms, proxy.ts: 2.0ms, application-code: 116ms)
 POST /settings 200 in 151ms (next.js: 2ms, proxy.ts: 2ms, application-code: 146ms)
  └─ ƒ createAgencyApiKey({}) in 18ms src/app/actions.ts
 POST /api/secret-revelation 404 in 14ms (next.js: 1.9ms, proxy.ts: 1.8ms, application-code: 11ms)
 GET /settings 200 in 247ms (next.js: 2ms, proxy.ts: 2ms, application-code: 243ms)
 GET /api/auth/get-session 200 in 21ms (next.js: 7ms, proxy.ts: 3ms, application-code: 12ms)
 GET /api/auth/organization/list 200 in 23ms (next.js: 11ms, proxy.ts: 2ms, application-code: 10ms)
 GET /settings?notice=Cl%C3%A9+cr%C3%A9%C3%A9e.+R%C3%A9v%C3%A9lez-la+une+seule+fois+dans+les+cinq+prochaines+minutes.&reveal=api-key&revealId=cbd82a95-afc6-42c5-ae37-0d30cb52cf73 200 in 154ms (next.js: 2ms, proxy.ts: 2ms, application-code: 149ms)
 POST /settings 200 in 183ms (next.js: 3ms, proxy.ts: 5ms, application-code: 176ms)
  └─ ƒ createAgencyApiKey({}) in 13ms src/app/actions.ts
 POST /api/secret-revelation 404 in 15ms (next.js: 1.8ms, proxy.ts: 3ms, application-code: 11ms)
 POST /api/secret-revelation 404 in 14ms (next.js: 1.4ms, proxy.ts: 1.5ms, application-code: 11ms)
 POST /api/secret-revelation 200 in 21ms (next.js: 2ms, proxy.ts: 2ms, application-code: 17ms)
 POST /api/secret-revelation 404 in 17ms (next.js: 2ms, proxy.ts: 2ms, application-code: 12ms)
 GET /settings 200 in 270ms (next.js: 3ms, proxy.ts: 4ms, application-code: 263ms)
 GET /api/auth/get-session 200 in 36ms (next.js: 9ms, proxy.ts: 3ms, application-code: 24ms)
 GET /api/auth/organization/list 200 in 44ms (next.js: 14ms, proxy.ts: 4ms, application-code: 25ms)
 GET /settings?notice=Cl%C3%A9+cr%C3%A9%C3%A9e.+R%C3%A9v%C3%A9lez-la+une+seule+fois+dans+les+cinq+prochaines+minutes.&reveal=api-key&revealId=33a90f9f-3418-4842-8691-50b5077350f8 200 in 149ms (next.js: 4ms, proxy.ts: 3ms, application-code: 142ms)
 POST /settings 200 in 185ms (next.js: 3ms, proxy.ts: 3ms, application-code: 178ms)
  └─ ƒ createAgencyApiKey({}) in 19ms src/app/actions.ts
 POST /api/secret-revelation 404 in 21ms (next.js: 1.9ms, proxy.ts: 3ms, application-code: 16ms)
 POST /api/secret-revelation 404 in 29ms (next.js: 2ms, proxy.ts: 4ms, application-code: 23ms)
  ✓  73 [chromium] › e2e/secret-revelation-local.spec.ts:6:7 › secret revelation fr binds the pending value, recovers offline and refuses revoked authority (3.2s)
 GET /settings 200 in 267ms (next.js: 3ms, proxy.ts: 3ms, application-code: 261ms)
 GET /api/auth/get-session 200 in 20ms (next.js: 5ms, proxy.ts: 3ms, application-code: 12ms)
 GET /api/auth/organization/list 200 in 21ms (next.js: 8ms, proxy.ts: 3ms, application-code: 10ms)
 GET /settings?notice=Cl%C3%A9+cr%C3%A9%C3%A9e.+R%C3%A9v%C3%A9lez-la+une+seule+fois+dans+les+cinq+prochaines+minutes.&reveal=api-key&revealId=b26328de-5626-4958-b9c4-ea0261d3f6d5 200 in 428ms (next.js: 4ms, proxy.ts: 5ms, application-code: 419ms)
 POST /settings 200 in 454ms (next.js: 2ms, proxy.ts: 2ms, application-code: 449ms)
  └─ ƒ createAgencyApiKey({}) in 15ms src/app/actions.ts
 POST /api/secret-revelation 404 in 17ms (next.js: 2ms, proxy.ts: 3ms, application-code: 13ms)
 GET /settings 200 in 237ms (next.js: 2ms, proxy.ts: 3ms, application-code: 232ms)
 GET /api/auth/get-session 200 in 33ms (next.js: 9ms, proxy.ts: 3ms, application-code: 20ms)
 GET /api/auth/organization/list 200 in 34ms (next.js: 14ms, proxy.ts: 3ms, application-code: 17ms)
 GET /settings?notice=Cl%C3%A9+cr%C3%A9%C3%A9e.+R%C3%A9v%C3%A9lez-la+une+seule+fois+dans+les+cinq+prochaines+minutes.&reveal=api-key&revealId=af0e9c95-4208-4054-bfe0-69ecfdaf17b3 200 in 106ms (next.js: 2ms, proxy.ts: 1.8ms, application-code: 103ms)
 POST /settings 200 in 151ms (next.js: 2ms, proxy.ts: 2ms, application-code: 147ms)
  └─ ƒ createAgencyApiKey({}) in 14ms src/app/actions.ts
 POST /api/secret-revelation 404 in 16ms (next.js: 1.4ms, proxy.ts: 1.9ms, application-code: 12ms)
 POST /api/secret-revelation 404 in 13ms (next.js: 1.4ms, proxy.ts: 1.6ms, application-code: 10ms)
 POST /api/secret-revelation 200 in 19ms (next.js: 1.6ms, proxy.ts: 2ms, application-code: 15ms)
 POST /api/secret-revelation 404 in 16ms (next.js: 4ms, proxy.ts: 2ms, application-code: 10ms)
 GET /settings 200 in 294ms (next.js: 2ms, proxy.ts: 3ms, application-code: 290ms)
 GET /api/auth/get-session 200 in 21ms (next.js: 5ms, proxy.ts: 3ms, application-code: 13ms)
 GET /api/auth/organization/list 200 in 22ms (next.js: 10ms, proxy.ts: 3ms, application-code: 9ms)
 GET /settings?notice=Cl%C3%A9+cr%C3%A9%C3%A9e.+R%C3%A9v%C3%A9lez-la+une+seule+fois+dans+les+cinq+prochaines+minutes.&reveal=api-key&revealId=2a2ed8f9-00df-4432-91ee-38d28ffffe9d 200 in 113ms (next.js: 2ms, proxy.ts: 2ms, application-code: 108ms)
 POST /settings 200 in 140ms (next.js: 2ms, proxy.ts: 2ms, application-code: 136ms)
  └─ ƒ createAgencyApiKey({}) in 15ms src/app/actions.ts
 POST /api/secret-revelation 404 in 17ms (next.js: 1.8ms, proxy.ts: 2ms, application-code: 13ms)
 POST /api/secret-revelation 404 in 19ms (next.js: 1.8ms, proxy.ts: 3ms, application-code: 14ms)
  ✓  74 [chromium] › e2e/secret-revelation-local.spec.ts:6:7 › secret revelation en binds the pending value, recovers offline and refuses revoked authority (3.6s)
 GET /settings 200 in 228ms (next.js: 3ms, proxy.ts: 3ms, application-code: 221ms)
 GET /api/auth/get-session 200 in 20ms (next.js: 5ms, proxy.ts: 3ms, application-code: 13ms)
 GET /api/auth/organization/list 200 in 22ms (next.js: 9ms, proxy.ts: 3ms, application-code: 10ms)
 GET /settings?notice=Cl%C3%A9+cr%C3%A9%C3%A9e.+R%C3%A9v%C3%A9lez-la+une+seule+fois+dans+les+cinq+prochaines+minutes.&reveal=api-key&revealId=d420af5f-586f-4896-a32d-6fb3c76403fd 200 in 115ms (next.js: 2ms, proxy.ts: 2ms, application-code: 110ms)
 POST /settings 200 in 136ms (next.js: 2ms, proxy.ts: 2ms, application-code: 132ms)
  └─ ƒ createAgencyApiKey({}) in 11ms src/app/actions.ts
 POST /api/secret-revelation 200 in 20ms (next.js: 1.8ms, proxy.ts: 3ms, application-code: 15ms)
 POST /api/secret-revelation 404 in 12ms (next.js: 1.9ms, proxy.ts: 1.9ms, application-code: 8ms)
 GET /settings 200 in 254ms (next.js: 2ms, proxy.ts: 1.7ms, application-code: 250ms)
 GET /api/auth/get-session 200 in 20ms (next.js: 5ms, proxy.ts: 3ms, application-code: 12ms)
 GET /api/auth/organization/list 200 in 21ms (next.js: 9ms, proxy.ts: 3ms, application-code: 9ms)
 GET /settings?notice=Cl%C3%A9+API+r%C3%A9voqu%C3%A9e. 200 in 117ms (next.js: 2ms, proxy.ts: 1.7ms, application-code: 113ms)
 POST /settings 200 in 137ms (next.js: 3ms, proxy.ts: 4ms, application-code: 130ms)
  └─ ƒ revokeAgencyApiKey({}) in 7ms src/app/actions.ts
 GET /settings?notice=Canal+de+notification+ajout%C3%A9. 200 in 121ms (next.js: 2ms, proxy.ts: 1.6ms, application-code: 118ms)
 POST /settings?notice=Cl%C3%A9%20API%20r%C3%A9voqu%C3%A9e. 200 in 145ms (next.js: 2ms, proxy.ts: 2ms, application-code: 140ms)
  └─ ƒ createNotificationChannel({}) in 11ms src/app/actions.ts
 GET /settings?notice=Canal+d%C3%A9sactiv%C3%A9. 200 in 127ms (next.js: 5ms, proxy.ts: 2ms, application-code: 120ms)
 POST /settings?notice=Canal%20de%20notification%20ajout%C3%A9. 200 in 151ms (next.js: 2ms, proxy.ts: 3ms, application-code: 145ms)
  └─ ƒ disableNotificationChannel({}) in 10ms src/app/actions.ts
 GET /settings?notice=R%C3%A8gles+de+s%C3%A9curit%C3%A9+enregistr%C3%A9es. 200 in 101ms (next.js: 4ms, proxy.ts: 1.7ms, application-code: 95ms)
 POST /settings?notice=Canal%20d%C3%A9sactiv%C3%A9. 200 in 128ms (next.js: 3ms, proxy.ts: 3ms, application-code: 123ms)
  └─ ƒ updateSafetyRules({}) in 14ms src/app/actions.ts
 GET /settings?notice=Le+job+sera+r%C3%A9ex%C3%A9cut%C3%A9+par+le+prochain+worker+disponible. 200 in 92ms (next.js: 2ms, proxy.ts: 3ms, application-code: 86ms)
 POST /settings?notice=R%C3%A8gles%20de%20s%C3%A9curit%C3%A9%20enregistr%C3%A9es. 200 in 119ms (next.js: 12ms, proxy.ts: 3ms, application-code: 104ms)
  └─ ƒ retryDeadLetterJob({}) in 8ms src/app/actions.ts
 GET /settings 200 in 207ms (next.js: 2ms, proxy.ts: 2.0ms, application-code: 203ms)
 GET /api/auth/get-session 200 in 23ms (next.js: 5ms, proxy.ts: 3ms, application-code: 15ms)
 GET /api/auth/organization/list 200 in 24ms (next.js: 11ms, proxy.ts: 3ms, application-code: 10ms)
 GET /settings?error=Permission+required%3A+workspace%3Aadmin 200 in 59ms (next.js: 2ms, proxy.ts: 1.8ms, application-code: 55ms)
 POST /settings 200 in 79ms (next.js: 5ms, proxy.ts: 2ms, application-code: 72ms)
  └─ ƒ createNotificationChannel({}) in 7ms src/app/actions.ts
 GET /support?error=Vous+n%E2%80%99avez+plus+acc%C3%A8s+%C3%A0+cette+page.+Choisissez+une+rubrique+disponible+ou+contactez+un+administrateur. 200 in 64ms (next.js: 4ms, proxy.ts: 1.9ms, application-code: 58ms)
 GET /support?error=Vous+n%E2%80%99avez+plus+acc%C3%A8s+%C3%A0+cette+page.+Choisissez+une+rubrique+disponible+ou+contactez+un+administrateur. 200 in 61ms (next.js: 5ms, proxy.ts: 5ms, application-code: 50ms)
  ✓  75 [chromium] › e2e/security-actors-local.spec.ts:6:7 › security actor fr manages resources and rejects obsolete authority (3.3s)
 GET /settings 200 in 225ms (next.js: 2ms, proxy.ts: 2ms, application-code: 221ms)
 GET /api/auth/get-session 200 in 38ms (next.js: 5ms, proxy.ts: 4ms, application-code: 28ms)
 GET /api/auth/organization/list 200 in 39ms (next.js: 10ms, proxy.ts: 4ms, application-code: 25ms)
 GET /settings?notice=Cl%C3%A9+cr%C3%A9%C3%A9e.+R%C3%A9v%C3%A9lez-la+une+seule+fois+dans+les+cinq+prochaines+minutes.&reveal=api-key&revealId=a21d53ea-9c56-4fae-9d12-3feca8ac6c5d 200 in 126ms (next.js: 4ms, proxy.ts: 1.9ms, application-code: 120ms)
 POST /settings 200 in 149ms (next.js: 2ms, proxy.ts: 2ms, application-code: 144ms)
  └─ ƒ createAgencyApiKey({}) in 12ms src/app/actions.ts
 POST /api/secret-revelation 200 in 19ms (next.js: 1.6ms, proxy.ts: 2ms, application-code: 16ms)
 POST /api/secret-revelation 404 in 11ms (next.js: 1.7ms, proxy.ts: 2.0ms, application-code: 8ms)
 GET /settings 200 in 258ms (next.js: 1.9ms, proxy.ts: 1.6ms, application-code: 255ms)
 GET /api/auth/get-session 200 in 21ms (next.js: 6ms, proxy.ts: 4ms, application-code: 12ms)
 GET /api/auth/organization/list 200 in 23ms (next.js: 9ms, proxy.ts: 4ms, application-code: 9ms)
 GET /settings?notice=Cl%C3%A9+API+r%C3%A9voqu%C3%A9e. 200 in 104ms (next.js: 1.9ms, proxy.ts: 1.8ms, application-code: 100ms)
 POST /settings 200 in 124ms (next.js: 2ms, proxy.ts: 5ms, application-code: 117ms)
  └─ ƒ revokeAgencyApiKey({}) in 7ms src/app/actions.ts
 GET /settings?notice=Canal+de+notification+ajout%C3%A9. 200 in 154ms (next.js: 2.0ms, proxy.ts: 1.7ms, application-code: 151ms)
 POST /settings?notice=Cl%C3%A9%20API%20r%C3%A9voqu%C3%A9e. 200 in 178ms (next.js: 2ms, proxy.ts: 3ms, application-code: 173ms)
  └─ ƒ createNotificationChannel({}) in 12ms src/app/actions.ts
 GET /settings?notice=Canal+d%C3%A9sactiv%C3%A9. 200 in 153ms (next.js: 2ms, proxy.ts: 1.9ms, application-code: 149ms)
 POST /settings?notice=Canal%20de%20notification%20ajout%C3%A9. 200 in 183ms (next.js: 2ms, proxy.ts: 2ms, application-code: 178ms)
  └─ ƒ disableNotificationChannel({}) in 11ms src/app/actions.ts
 GET /settings?notice=R%C3%A8gles+de+s%C3%A9curit%C3%A9+enregistr%C3%A9es. 200 in 97ms (next.js: 3ms, proxy.ts: 1.8ms, application-code: 92ms)
 POST /settings?notice=Canal%20d%C3%A9sactiv%C3%A9. 200 in 135ms (next.js: 5ms, proxy.ts: 4ms, application-code: 126ms)
  └─ ƒ updateSafetyRules({}) in 19ms src/app/actions.ts
 GET /settings?notice=Le+job+sera+r%C3%A9ex%C3%A9cut%C3%A9+par+le+prochain+worker+disponible. 200 in 99ms (next.js: 1.9ms, proxy.ts: 1.6ms, application-code: 96ms)
 POST /settings?notice=R%C3%A8gles%20de%20s%C3%A9curit%C3%A9%20enregistr%C3%A9es. 200 in 118ms (next.js: 2ms, proxy.ts: 3ms, application-code: 113ms)
  └─ ƒ retryDeadLetterJob({}) in 9ms src/app/actions.ts
 GET /settings 200 in 209ms (next.js: 2ms, proxy.ts: 1.7ms, application-code: 206ms)
 GET /api/auth/get-session 200 in 20ms (next.js: 5ms, proxy.ts: 3ms, application-code: 13ms)
 GET /api/auth/organization/list 200 in 22ms (next.js: 8ms, proxy.ts: 3ms, application-code: 11ms)
 GET /settings?error=Permission+required%3A+workspace%3Aadmin 200 in 50ms (next.js: 2ms, proxy.ts: 1.7ms, application-code: 46ms)
 POST /settings 200 in 69ms (next.js: 4ms, proxy.ts: 2ms, application-code: 63ms)
  └─ ƒ createNotificationChannel({}) in 7ms src/app/actions.ts
 GET /support?error=You+no+longer+have+access+to+this+page.+Choose+an+available+section+or+contact+an+administrator. 200 in 80ms (next.js: 2ms, proxy.ts: 5ms, application-code: 72ms)
 GET /support?error=You+no+longer+have+access+to+this+page.+Choose+an+available+section+or+contact+an+administrator. 200 in 61ms (next.js: 14ms, proxy.ts: 6ms, application-code: 41ms)
  ✓  76 [chromium] › e2e/security-actors-local.spec.ts:6:7 › security actor en manages resources and rejects obsolete authority (3.4s)
 GET /settings 200 in 221ms (next.js: 2ms, proxy.ts: 2.0ms, application-code: 217ms)
 GET /api/auth/get-session 200 in 20ms (next.js: 6ms, proxy.ts: 3ms, application-code: 11ms)
 GET /api/auth/organization/list 200 in 21ms (next.js: 10ms, proxy.ts: 3ms, application-code: 9ms)
 GET /settings?notice=Workspace+language+updated. 200 in 118ms (next.js: 2ms, proxy.ts: 1.7ms, application-code: 114ms)
 POST /settings 200 in 137ms (next.js: 2ms, proxy.ts: 2ms, application-code: 133ms)
  └─ ƒ updateWorkspaceLocale({}) in 9ms src/app/actions.ts
 GET /settings?notice=Langue+de+l%E2%80%99espace+mise+%C3%A0+jour. 200 in 92ms (next.js: 1.9ms, proxy.ts: 1.6ms, application-code: 89ms)
 POST /settings?notice=Workspace%20language%20updated. 200 in 112ms (next.js: 2ms, proxy.ts: 2ms, application-code: 108ms)
  └─ ƒ updateWorkspaceLocale({}) in 10ms src/app/actions.ts
 GET /settings?notice=Politique+d%E2%80%99approbation+mise+%C3%A0+jour. 200 in 105ms (next.js: 2.0ms, proxy.ts: 1.8ms, application-code: 101ms)
 POST /settings?notice=Langue%20de%20l%E2%80%99espace%20mise%20%C3%A0%20jour. 200 in 126ms (next.js: 2ms, proxy.ts: 3ms, application-code: 121ms)
  └─ ƒ updateApprovalPolicy({}) in 10ms src/app/actions.ts
 GET /settings?notice=Identit%C3%A9+de+marque+enregistr%C3%A9e. 200 in 87ms (next.js: 2.0ms, proxy.ts: 1.8ms, application-code: 83ms)
 POST /settings?notice=Politique%20d%E2%80%99approbation%20mise%20%C3%A0%20jour. 200 in 107ms (next.js: 2ms, proxy.ts: 2ms, application-code: 102ms)
  └─ ƒ updateBranding({}) in 9ms src/app/actions.ts
 GET /settings?error=Capability+required%3A+approvals.dual 200 in 85ms (next.js: 3ms, proxy.ts: 2ms, application-code: 80ms)
 POST /settings?notice=Identit%C3%A9%20de%20marque%20enregistr%C3%A9e. 200 in 112ms (next.js: 2ms, proxy.ts: 3ms, application-code: 107ms)
  └─ ƒ updateApprovalPolicy({}) in 7ms src/app/actions.ts
 GET /settings 200 in 208ms (next.js: 2ms, proxy.ts: 1.8ms, application-code: 204ms)
 GET /api/auth/get-session 200 in 35ms (next.js: 14ms, proxy.ts: 3ms, application-code: 18ms)
 GET /api/auth/organization/list 200 in 37ms (next.js: 5ms, proxy.ts: 3ms, application-code: 29ms)
 GET /settings?error=Permission+required%3A+workspace%3Aadmin 200 in 66ms (next.js: 3ms, proxy.ts: 2ms, application-code: 60ms)
 POST /settings 200 in 86ms (next.js: 3ms, proxy.ts: 2ms, application-code: 81ms)
  └─ ƒ updateBranding({}) in 9ms src/app/actions.ts
 GET /support?error=Vous+n%E2%80%99avez+plus+acc%C3%A8s+%C3%A0+cette+page.+Choisissez+une+rubrique+disponible+ou+contactez+un+administrateur. 200 in 68ms (next.js: 2ms, proxy.ts: 2.0ms, application-code: 64ms)
 GET /support?error=Vous+n%E2%80%99avez+plus+acc%C3%A8s+%C3%A0+cette+page.+Choisissez+une+rubrique+disponible+ou+contactez+un+administrateur. 200 in 51ms (next.js: 5ms, proxy.ts: 4ms, application-code: 41ms)
 GET /settings 307 in 110ms (next.js: 3ms, proxy.ts: 2ms, application-code: 104ms)
 GET /portfolio 200 in 159ms (next.js: 4ms, proxy.ts: 3ms, application-code: 152ms)
 GET /api/auth/get-session 200 in 26ms (next.js: 5ms, proxy.ts: 3ms, application-code: 17ms)
 GET /api/auth/organization/list 200 in 38ms (next.js: 10ms, proxy.ts: 4ms, application-code: 24ms)
 GET /portfolio?view_notice=unavailable 200 in 47ms (next.js: 2ms, proxy.ts: 2ms, application-code: 43ms)
 POST /portfolio 200 in 77ms (next.js: 5ms, proxy.ts: 11ms, application-code: 61ms)
  └─ ƒ storePortfolioView({}) in 5ms src/app/portfolio-actions.ts
 GET /support?error=Vous+n%E2%80%99avez+plus+acc%C3%A8s+%C3%A0+cette+page.+Choisissez+une+rubrique+disponible+ou+contactez+un+administrateur. 200 in 73ms (next.js: 2ms, proxy.ts: 1.9ms, application-code: 69ms)
 GET /support?error=Vous+n%E2%80%99avez+plus+acc%C3%A8s+%C3%A0+cette+page.+Choisissez+une+rubrique+disponible+ou+contactez+un+administrateur. 200 in 54ms (next.js: 4ms, proxy.ts: 7ms, application-code: 43ms)
 GET /portfolio 307 in 89ms (next.js: 1.7ms, proxy.ts: 1.9ms, application-code: 86ms)
  ✓  77 [chromium] › e2e/settings-actors-local.spec.ts:6:7 › settings actor fr saves current policy and rejects downgraded or revoked forms (3.5s)
 GET /settings 200 in 219ms (next.js: 2ms, proxy.ts: 1.8ms, application-code: 215ms)
 GET /api/auth/get-session 200 in 23ms (next.js: 5ms, proxy.ts: 3ms, application-code: 14ms)
 GET /api/auth/organization/list 200 in 25ms (next.js: 10ms, proxy.ts: 4ms, application-code: 11ms)
 GET /settings?notice=Langue+de+l%E2%80%99espace+mise+%C3%A0+jour. 200 in 113ms (next.js: 4ms, proxy.ts: 2ms, application-code: 106ms)
 POST /settings 200 in 135ms (next.js: 3ms, proxy.ts: 3ms, application-code: 129ms)
  └─ ƒ updateWorkspaceLocale({}) in 10ms src/app/actions.ts
 GET /settings?notice=Workspace+language+updated. 200 in 92ms (next.js: 3ms, proxy.ts: 1.7ms, application-code: 88ms)
 POST /settings?notice=Langue%20de%20l%E2%80%99espace%20mise%20%C3%A0%20jour. 200 in 120ms (next.js: 3ms, proxy.ts: 2ms, application-code: 115ms)
  └─ ƒ updateWorkspaceLocale({}) in 17ms src/app/actions.ts
 GET /settings?notice=Approval+policy+updated. 200 in 116ms (next.js: 2ms, proxy.ts: 2ms, application-code: 112ms)
 POST /settings?notice=Workspace%20language%20updated. 200 in 136ms (next.js: 2ms, proxy.ts: 3ms, application-code: 131ms)
  └─ ƒ updateApprovalPolicy({}) in 10ms src/app/actions.ts
 GET /settings?notice=Identit%C3%A9+de+marque+enregistr%C3%A9e. 200 in 87ms (next.js: 1.9ms, proxy.ts: 1.7ms, application-code: 83ms)
 POST /settings?notice=Approval%20policy%20updated. 200 in 104ms (next.js: 2ms, proxy.ts: 2ms, application-code: 100ms)
  └─ ƒ updateBranding({}) in 8ms src/app/actions.ts
 GET /settings?error=Capability+required%3A+approvals.dual 200 in 109ms (next.js: 2.0ms, proxy.ts: 1.9ms, application-code: 105ms)
 POST /settings?notice=Identit%C3%A9%20de%20marque%20enregistr%C3%A9e. 200 in 127ms (next.js: 2ms, proxy.ts: 3ms, application-code: 122ms)
  └─ ƒ updateApprovalPolicy({}) in 7ms src/app/actions.ts
 GET /settings 200 in 205ms (next.js: 1.9ms, proxy.ts: 1.8ms, application-code: 201ms)
 GET /api/auth/get-session 200 in 22ms (next.js: 5ms, proxy.ts: 3ms, application-code: 14ms)
 GET /api/auth/organization/list 200 in 23ms (next.js: 12ms, proxy.ts: 3ms, application-code: 9ms)
 GET /settings?error=Permission+required%3A+workspace%3Aadmin 200 in 62ms (next.js: 2ms, proxy.ts: 1.7ms, application-code: 58ms)
 POST /settings 200 in 79ms (next.js: 2ms, proxy.ts: 2ms, application-code: 75ms)
  └─ ƒ updateBranding({}) in 7ms src/app/actions.ts
 GET /support?error=You+no+longer+have+access+to+this+page.+Choose+an+available+section+or+contact+an+administrator. 200 in 67ms (next.js: 2ms, proxy.ts: 1.8ms, application-code: 63ms)
 GET /support?error=You+no+longer+have+access+to+this+page.+Choose+an+available+section+or+contact+an+administrator. 200 in 49ms (next.js: 5ms, proxy.ts: 4ms, application-code: 41ms)
 GET /settings 307 in 102ms (next.js: 2ms, proxy.ts: 1.8ms, application-code: 98ms)
 GET /portfolio 200 in 157ms (next.js: 2.0ms, proxy.ts: 3ms, application-code: 152ms)
 GET /api/auth/get-session 200 in 22ms (next.js: 7ms, proxy.ts: 3ms, application-code: 12ms)
 GET /api/auth/organization/list 200 in 24ms (next.js: 12ms, proxy.ts: 3ms, application-code: 9ms)
 GET /portfolio?view_notice=unavailable 200 in 45ms (next.js: 1.9ms, proxy.ts: 1.7ms, application-code: 41ms)
 POST /portfolio 200 in 60ms (next.js: 1.9ms, proxy.ts: 2ms, application-code: 56ms)
  └─ ƒ storePortfolioView({}) in 5ms src/app/portfolio-actions.ts
 GET /support?error=You+no+longer+have+access+to+this+page.+Choose+an+available+section+or+contact+an+administrator. 200 in 70ms (next.js: 2ms, proxy.ts: 2ms, application-code: 65ms)
 GET /support?error=You+no+longer+have+access+to+this+page.+Choose+an+available+section+or+contact+an+administrator. 200 in 50ms (next.js: 5ms, proxy.ts: 4ms, application-code: 42ms)
 GET /portfolio 307 in 81ms (next.js: 1.8ms, proxy.ts: 1.8ms, application-code: 77ms)
  ✓  78 [chromium] › e2e/settings-actors-local.spec.ts:6:7 › settings actor en saves current policy and rejects downgraded or revoked forms (3.3s)
 GET /tasks 200 in 132ms (next.js: 4ms, proxy.ts: 3ms, application-code: 125ms)
 GET /api/auth/get-session 200 in 25ms (next.js: 7ms, proxy.ts: 3ms, application-code: 15ms)
 GET /api/auth/organization/list 200 in 27ms (next.js: 11ms, proxy.ts: 4ms, application-code: 11ms)
 GET /tasks?notice=T%C3%A2che+cr%C3%A9%C3%A9e. 200 in 72ms (next.js: 3ms, proxy.ts: 2.0ms, application-code: 67ms)
 POST /tasks 200 in 92ms (next.js: 2ms, proxy.ts: 3ms, application-code: 87ms)
  └─ ƒ createWorkspaceTask({}) in 9ms src/app/actions.ts
 GET /tasks?id=657b371d-0b95-41e5-977c-54587606ac00 200 in 161ms (next.js: 2ms, proxy.ts: 2ms, application-code: 157ms)
 GET /api/auth/get-session 200 in 26ms (next.js: 6ms, proxy.ts: 4ms, application-code: 16ms)
 GET /api/auth/organization/list 200 in 27ms (next.js: 11ms, proxy.ts: 3ms, application-code: 12ms)
 GET /tasks?notice=T%C3%A2che+mise+%C3%A0+jour.&id=657b371d-0b95-41e5-977c-54587606ac00 200 in 73ms (next.js: 2ms, proxy.ts: 1.7ms, application-code: 69ms)
 POST /tasks?id=657b371d-0b95-41e5-977c-54587606ac00 200 in 92ms (next.js: 2ms, proxy.ts: 2ms, application-code: 88ms)
  └─ ƒ updateWorkspaceTask({}) in 9ms src/app/actions.ts
 GET /tasks?notice=T%C3%A2che+mise+%C3%A0+jour.&id=657b371d-0b95-41e5-977c-54587606ac00 200 in 73ms (next.js: 2ms, proxy.ts: 1.6ms, application-code: 69ms)
 POST /tasks?notice=T%C3%A2che%20mise%20%C3%A0%20jour.&id=657b371d-0b95-41e5-977c-54587606ac00 200 in 90ms (next.js: 2.0ms, proxy.ts: 2ms, application-code: 86ms)
  └─ ƒ updateWorkspaceTask({}) in 9ms src/app/actions.ts
 GET /tasks?notice=T%C3%A2che+mise+%C3%A0+jour.&id=657b371d-0b95-41e5-977c-54587606ac00 200 in 81ms (next.js: 2ms, proxy.ts: 2ms, application-code: 76ms)
 POST /tasks?notice=T%C3%A2che%20mise%20%C3%A0%20jour.&id=657b371d-0b95-41e5-977c-54587606ac00 200 in 100ms (next.js: 2.0ms, proxy.ts: 3ms, application-code: 96ms)
  └─ ƒ updateWorkspaceTask({}) in 9ms src/app/actions.ts
 GET /tasks?notice=T%C3%A2che+mise+%C3%A0+jour.&id=657b371d-0b95-41e5-977c-54587606ac00 200 in 93ms (next.js: 2ms, proxy.ts: 2ms, application-code: 88ms)
 POST /tasks?notice=T%C3%A2che%20mise%20%C3%A0%20jour.&id=657b371d-0b95-41e5-977c-54587606ac00 200 in 114ms (next.js: 2ms, proxy.ts: 2ms, application-code: 109ms)
  └─ ƒ updateWorkspaceTask({}) in 11ms src/app/actions.ts
 GET /tasks?notice=T%C3%A2che+mise+%C3%A0+jour.&id=657b371d-0b95-41e5-977c-54587606ac00 200 in 67ms (next.js: 1.9ms, proxy.ts: 1.7ms, application-code: 63ms)
 POST /tasks?notice=T%C3%A2che%20mise%20%C3%A0%20jour.&id=657b371d-0b95-41e5-977c-54587606ac00 200 in 84ms (next.js: 2.0ms, proxy.ts: 2ms, application-code: 80ms)
  └─ ƒ updateWorkspaceTask({}) in 9ms src/app/actions.ts
 GET /tasks?notice=T%C3%A2che+mise+%C3%A0+jour.&id=657b371d-0b95-41e5-977c-54587606ac00 200 in 72ms (next.js: 1.8ms, proxy.ts: 1.6ms, application-code: 69ms)
 POST /tasks?notice=T%C3%A2che%20mise%20%C3%A0%20jour.&id=657b371d-0b95-41e5-977c-54587606ac00 200 in 89ms (next.js: 2ms, proxy.ts: 2ms, application-code: 85ms)
  └─ ƒ updateWorkspaceTask({}) in 8ms src/app/actions.ts
 GET /tasks?notice=T%C3%A2che+mise+%C3%A0+jour.&id=657b371d-0b95-41e5-977c-54587606ac00 200 in 75ms (next.js: 2ms, proxy.ts: 1.7ms, application-code: 71ms)
 POST /tasks?notice=T%C3%A2che%20mise%20%C3%A0%20jour.&id=657b371d-0b95-41e5-977c-54587606ac00 200 in 92ms (next.js: 2ms, proxy.ts: 2ms, application-code: 88ms)
  └─ ƒ updateWorkspaceTask({}) in 8ms src/app/actions.ts
 GET /tasks?error=Transition+de+t%C3%A2che+interdite+%3A+done+%E2%86%92+start.&id=657b371d-0b95-41e5-977c-54587606ac00 200 in 150ms (next.js: 16ms, proxy.ts: 3ms, application-code: 131ms)
 POST /tasks?notice=T%C3%A2che%20mise%20%C3%A0%20jour.&id=657b371d-0b95-41e5-977c-54587606ac00 200 in 173ms (next.js: 2ms, proxy.ts: 3ms, application-code: 168ms)
  └─ ƒ updateWorkspaceTask({}) in 12ms src/app/actions.ts
 GET /tasks?error=Permission+required%3A+tasks%3Amanage&id=657b371d-0b95-41e5-977c-54587606ac00 200 in 83ms (next.js: 3ms, proxy.ts: 2ms, application-code: 78ms)
 POST /tasks?error=Transition%20de%20t%C3%A2che%20interdite%20%3A%20done%20%E2%86%92%20start.&id=657b371d-0b95-41e5-977c-54587606ac00 200 in 103ms (next.js: 4ms, proxy.ts: 4ms, application-code: 95ms)
  └─ ƒ updateWorkspaceTask({}) in 6ms src/app/actions.ts
 GET /tasks?notice=Commentaire+ajout%C3%A9.&id=657b371d-0b95-41e5-977c-54587606ac00 200 in 109ms (next.js: 3ms, proxy.ts: 4ms, application-code: 103ms)
 POST /tasks?error=Permission%20required%3A%20tasks%3Amanage&id=657b371d-0b95-41e5-977c-54587606ac00 200 in 134ms (next.js: 3ms, proxy.ts: 4ms, application-code: 127ms)
  └─ ƒ addWorkspaceTaskComment({}) in 12ms src/app/actions.ts
 GET /tasks?error=Workspace+access+state+does+not+allow%3A+tasks%3Acomment&id=657b371d-0b95-41e5-977c-54587606ac00 200 in 95ms (next.js: 4ms, proxy.ts: 3ms, application-code: 89ms)
 POST /tasks?notice=Commentaire%20ajout%C3%A9.&id=657b371d-0b95-41e5-977c-54587606ac00 200 in 119ms (next.js: 3ms, proxy.ts: 4ms, application-code: 111ms)
  └─ ƒ addWorkspaceTaskComment({}) in 7ms src/app/actions.ts
 GET /tasks?id=657b371d-0b95-41e5-977c-54587606ac00 200 in 192ms (next.js: 2ms, proxy.ts: 3ms, application-code: 187ms)
 GET /api/auth/get-session 200 in 58ms (next.js: 14ms, proxy.ts: 3ms, application-code: 40ms)
 GET /api/auth/organization/list 200 in 60ms (next.js: 33ms, proxy.ts: 3ms, application-code: 25ms)
  ✓  79 [chromium] › e2e/task-actors-local.spec.ts:6:7 › task actor fr creates, transitions, comments and rejects stale controls (3.8s)
 GET /tasks 200 in 160ms (next.js: 2ms, proxy.ts: 2.0ms, application-code: 156ms)
 GET /api/auth/get-session 200 in 62ms (next.js: 15ms, proxy.ts: 14ms, application-code: 34ms)
 GET /api/auth/organization/list 200 in 66ms (next.js: 25ms, proxy.ts: 14ms, application-code: 26ms)
 GET /tasks?notice=T%C3%A2che+cr%C3%A9%C3%A9e. 200 in 108ms (next.js: 2ms, proxy.ts: 3ms, application-code: 102ms)
 POST /tasks 200 in 173ms (next.js: 4ms, proxy.ts: 10ms, application-code: 160ms)
  └─ ƒ createWorkspaceTask({}) in 36ms src/app/actions.ts
 GET /tasks?id=e64a55c9-d3b7-481f-8b43-bcb6551fa3fc 200 in 295ms (next.js: 2ms, proxy.ts: 2ms, application-code: 291ms)
 GET /api/auth/get-session 200 in 80ms (next.js: 29ms, proxy.ts: 9ms, application-code: 42ms)
 GET /api/auth/organization/list 200 in 88ms (next.js: 41ms, proxy.ts: 9ms, application-code: 37ms)
 GET /tasks?notice=T%C3%A2che+mise+%C3%A0+jour.&id=e64a55c9-d3b7-481f-8b43-bcb6551fa3fc 200 in 160ms (next.js: 5ms, proxy.ts: 5ms, application-code: 150ms)
 POST /tasks?id=e64a55c9-d3b7-481f-8b43-bcb6551fa3fc 200 in 222ms (next.js: 5ms, proxy.ts: 11ms, application-code: 206ms)
  └─ ƒ updateWorkspaceTask({}) in 31ms src/app/actions.ts
 GET /tasks?notice=T%C3%A2che+mise+%C3%A0+jour.&id=e64a55c9-d3b7-481f-8b43-bcb6551fa3fc 200 in 130ms (next.js: 2ms, proxy.ts: 2.0ms, application-code: 125ms)
 POST /tasks?notice=T%C3%A2che%20mise%20%C3%A0%20jour.&id=e64a55c9-d3b7-481f-8b43-bcb6551fa3fc 200 in 151ms (next.js: 2ms, proxy.ts: 4ms, application-code: 145ms)
  └─ ƒ updateWorkspaceTask({}) in 8ms src/app/actions.ts
 GET /tasks?notice=T%C3%A2che+mise+%C3%A0+jour.&id=e64a55c9-d3b7-481f-8b43-bcb6551fa3fc 200 in 80ms (next.js: 2ms, proxy.ts: 2ms, application-code: 76ms)
 POST /tasks?notice=T%C3%A2che%20mise%20%C3%A0%20jour.&id=e64a55c9-d3b7-481f-8b43-bcb6551fa3fc 200 in 101ms (next.js: 2ms, proxy.ts: 3ms, application-code: 96ms)
  └─ ƒ updateWorkspaceTask({}) in 11ms src/app/actions.ts
 GET /tasks?notice=T%C3%A2che+mise+%C3%A0+jour.&id=e64a55c9-d3b7-481f-8b43-bcb6551fa3fc 200 in 64ms (next.js: 1.8ms, proxy.ts: 1.6ms, application-code: 61ms)
 POST /tasks?notice=T%C3%A2che%20mise%20%C3%A0%20jour.&id=e64a55c9-d3b7-481f-8b43-bcb6551fa3fc 200 in 81ms (next.js: 2ms, proxy.ts: 2ms, application-code: 77ms)
  └─ ƒ updateWorkspaceTask({}) in 8ms src/app/actions.ts
 GET /tasks?notice=T%C3%A2che+mise+%C3%A0+jour.&id=e64a55c9-d3b7-481f-8b43-bcb6551fa3fc 200 in 71ms (next.js: 1.9ms, proxy.ts: 1.7ms, application-code: 68ms)
 POST /tasks?notice=T%C3%A2che%20mise%20%C3%A0%20jour.&id=e64a55c9-d3b7-481f-8b43-bcb6551fa3fc 200 in 88ms (next.js: 2.0ms, proxy.ts: 2.0ms, application-code: 84ms)
  └─ ƒ updateWorkspaceTask({}) in 9ms src/app/actions.ts
 GET /tasks?notice=T%C3%A2che+mise+%C3%A0+jour.&id=e64a55c9-d3b7-481f-8b43-bcb6551fa3fc 200 in 63ms (next.js: 1.7ms, proxy.ts: 2ms, application-code: 60ms)
 POST /tasks?notice=T%C3%A2che%20mise%20%C3%A0%20jour.&id=e64a55c9-d3b7-481f-8b43-bcb6551fa3fc 200 in 80ms (next.js: 2.0ms, proxy.ts: 2ms, application-code: 76ms)
  └─ ƒ updateWorkspaceTask({}) in 8ms src/app/actions.ts
 GET /tasks?notice=T%C3%A2che+mise+%C3%A0+jour.&id=e64a55c9-d3b7-481f-8b43-bcb6551fa3fc 200 in 73ms (next.js: 2ms, proxy.ts: 1.6ms, application-code: 69ms)
 POST /tasks?notice=T%C3%A2che%20mise%20%C3%A0%20jour.&id=e64a55c9-d3b7-481f-8b43-bcb6551fa3fc 200 in 90ms (next.js: 1.8ms, proxy.ts: 2.0ms, application-code: 87ms)
  └─ ƒ updateWorkspaceTask({}) in 9ms src/app/actions.ts
 GET /tasks?error=Transition+de+t%C3%A2che+interdite+%3A+done+%E2%86%92+start.&id=e64a55c9-d3b7-481f-8b43-bcb6551fa3fc 200 in 62ms (next.js: 2.0ms, proxy.ts: 1.7ms, application-code: 58ms)
 POST /tasks?notice=T%C3%A2che%20mise%20%C3%A0%20jour.&id=e64a55c9-d3b7-481f-8b43-bcb6551fa3fc 200 in 79ms (next.js: 2ms, proxy.ts: 2ms, application-code: 74ms)
  └─ ƒ updateWorkspaceTask({}) in 7ms src/app/actions.ts
 GET /tasks?error=Permission+required%3A+tasks%3Amanage&id=e64a55c9-d3b7-481f-8b43-bcb6551fa3fc 200 in 71ms (next.js: 1.9ms, proxy.ts: 2.0ms, application-code: 67ms)
 POST /tasks?error=Transition%20de%20t%C3%A2che%20interdite%20%3A%20done%20%E2%86%92%20start.&id=e64a55c9-d3b7-481f-8b43-bcb6551fa3fc 200 in 85ms (next.js: 2ms, proxy.ts: 2ms, application-code: 81ms)
  └─ ƒ updateWorkspaceTask({}) in 5ms src/app/actions.ts
 GET /tasks?notice=Commentaire+ajout%C3%A9.&id=e64a55c9-d3b7-481f-8b43-bcb6551fa3fc 200 in 79ms (next.js: 1.9ms, proxy.ts: 1.8ms, application-code: 75ms)
 POST /tasks?error=Permission%20required%3A%20tasks%3Amanage&id=e64a55c9-d3b7-481f-8b43-bcb6551fa3fc 200 in 98ms (next.js: 3ms, proxy.ts: 3ms, application-code: 92ms)
  └─ ƒ addWorkspaceTaskComment({}) in 8ms src/app/actions.ts
 GET /tasks?error=Workspace+access+state+does+not+allow%3A+tasks%3Acomment&id=e64a55c9-d3b7-481f-8b43-bcb6551fa3fc 200 in 90ms (next.js: 1.8ms, proxy.ts: 1.6ms, application-code: 87ms)
 POST /tasks?notice=Commentaire%20ajout%C3%A9.&id=e64a55c9-d3b7-481f-8b43-bcb6551fa3fc 200 in 105ms (next.js: 3ms, proxy.ts: 2ms, application-code: 100ms)
  └─ ƒ addWorkspaceTaskComment({}) in 5ms src/app/actions.ts
 GET /tasks?id=e64a55c9-d3b7-481f-8b43-bcb6551fa3fc 200 in 144ms (next.js: 2ms, proxy.ts: 3ms, application-code: 139ms)
 GET /api/auth/get-session 200 in 39ms (next.js: 5ms, proxy.ts: 3ms, application-code: 30ms)
 GET /api/auth/organization/list 200 in 40ms (next.js: 28ms, proxy.ts: 3ms, application-code: 10ms)
  ✓  80 [chromium] › e2e/task-actors-local.spec.ts:6:7 › task actor en creates, transitions, comments and rejects stale controls (4.0s)
 GET /tasks?workspace=80000000-0000-4000-8000-000000000001&assignee=local-browser-fixture-analyst&status=open 200 in 336ms (next.js: 2ms, proxy.ts: 3ms, application-code: 331ms)
 GET /api/auth/get-session 200 in 19ms (next.js: 5ms, proxy.ts: 3ms, application-code: 11ms)
 GET /api/auth/organization/list 200 in 21ms (next.js: 10ms, proxy.ts: 2ms, application-code: 9ms)
 GET /tasks?workspace=80000000-0000-4000-8000-000000000001&assignee=local-browser-fixture-analyst&status=open&cursor=eyJ2IjoxLCJpdiI6InVDakJSOHZDaHRZWExoVE0iLCJ0YWciOiJIQkQ4UWxQWDA0WnUzRHU4eTQzbWRBIiwiZGF0YSI6Imt3UkNFOGQyblpxU0NORUhjZDRKU0NiUWZFdnRfYVdpYmV4aFpSS1dMZGo2QzlsRTBTZXcwLUQ5eVJDaXlhcEJWUjN4TmVNbGpaLVlXR2VtWGpxZFgxcTc3WGJPTE43WDdUSVQ4WXp4bkIwTE9vb2xuQ190TklvUEI5WUUtRlhzVUlhXzg4Nk9hb1d5WmZnVlFoSnF3S0xPMDlvOTVxb1E5NWF5Ry1FMkdQZG9pTXk3YlpoSDNkdmRCOUdmeVlnMG4wOERPVW5WcXdTaUMxOGZyR3puUmdtRjQ2LTNKMGxFODU2a0FLdHZ3STBYYnhscGEzOE5wS1YwSG85NlhycVZ6YXlxNjZ3UXppM0tBcnFuRjRaZ0tJYlRpMjZLUktPbWlyWURfd0t4eWRULWdGRTBCTmkwWVEifQ 200 in 119ms (next.js: 5ms, proxy.ts: 3ms, application-code: 111ms)
 GET /tasks?workspace=80000000-0000-4000-8000-000000000001&assignee=local-browser-fixture-analyst&status=open&cursor=eyJ2IjoxLCJpdiI6ImlGd2xDa2xoUTg4ZmVrNVEiLCJ0YWciOiJ1VVozR1BLdEpxcTF0cVA5ZjlfeC1RIiwiZGF0YSI6IjgzdmNvR25NTDlYazFFOEplMjdxS1c1MzItSm1EdGlmMldvS29rXzRBQ3poWUt6Zk9mV1laUlNoM0wwVW01NEd5ckZvZGVJRFpYUWFabzhPQmdlSmw5X3o0SXRmWEd0eWRTclp4Z3p4NHc4NzNVbnowRUxkUmoxeGlIMXJUMlBWSnBsZy1Hb3NHekg4NnRtMzdxaGxFLWNMOGVYNmtkWjNrSlNJQjh5VHc4cWtxM0JWV2hNcU5CZTFkUHdja2VVSl9RcmdJekVwakFleUNzUGRnNlhRaFFYSHRJZ3VJS0xDWWdnZXluUVU5VzU2ZWJoWk9HbElsano0NU5Ed1d1V0J1UzBOd2pGa29VcF8tdEd1NnluemNNb2IxYlo1U3NYSU9ONmtsWERNck4wTWJHejNhWGlsR3cifQ 200 in 59ms (next.js: 4ms, proxy.ts: 4ms, application-code: 51ms)
 GET /tasks?workspace=80000000-0000-4000-8000-000000000002 200 in 96ms (next.js: 2ms, proxy.ts: 2ms, application-code: 92ms)
 GET /api/auth/get-session 200 in 23ms (next.js: 7ms, proxy.ts: 3ms, application-code: 13ms)
 GET /api/auth/organization/list 200 in 24ms (next.js: 12ms, proxy.ts: 3ms, application-code: 9ms)
 GET /tasks 200 in 10ms (next.js: 3ms, proxy.ts: 2ms, application-code: 5ms)
 GET /tasks 200 in 89ms (next.js: 3ms, proxy.ts: 1.7ms, application-code: 85ms)
 GET /tasks 200 in 441ms (next.js: 1.8ms, proxy.ts: 1.9ms, application-code: 437ms)
 GET /api/auth/get-session 200 in 31ms (next.js: 11ms, proxy.ts: 4ms, application-code: 15ms)
 GET /api/auth/organization/list 200 in 32ms (next.js: 16ms, proxy.ts: 5ms, application-code: 11ms)
 GET /tasks?error=Date+d%E2%80%99%C3%A9ch%C3%A9ance+invalide. 200 in 195ms (next.js: 6ms, proxy.ts: 3ms, application-code: 185ms)
 POST /tasks 200 in 232ms (next.js: 5ms, proxy.ts: 3ms, application-code: 224ms)
  └─ ƒ createWorkspaceTask({}) in 12ms src/app/actions.ts
  ✓  81 [chromium] › e2e/task-digest-local.spec.ts:5:7 › task digest fr opens the complete assigned collection and rejects impossible deadlines (3.1s)
 GET /tasks?workspace=80000000-0000-4000-8000-000000000001&assignee=local-browser-fixture-analyst&status=open 200 in 305ms (next.js: 2ms, proxy.ts: 1.9ms, application-code: 301ms)
 GET /api/auth/get-session 200 in 19ms (next.js: 5ms, proxy.ts: 4ms, application-code: 11ms)
 GET /api/auth/organization/list 200 in 20ms (next.js: 8ms, proxy.ts: 3ms, application-code: 9ms)
 GET /tasks?workspace=80000000-0000-4000-8000-000000000001&assignee=local-browser-fixture-analyst&status=open&cursor=eyJ2IjoxLCJpdiI6InFVSGhEV3NNUUxNdFhJQ18iLCJ0YWciOiJBUFYxa3Z1dlRwcU9hNTQ1ckdMc1RnIiwiZGF0YSI6IkxWN2ZBZmZOWXRXSEYwTG9vMUZzVDdsMUhUemRlRUFyeHVmOVk1NnE0dklrNThubnFnTS1ZenFhVExJdUZweHJ4dDRLYl9ydVNyUTVTNE9Hc1dkU1JNUHpyQUIzeEhXenF2QVNPUGF5SG00TkFDVG41UU9QRk85RnJsR3B1WGVwTzNld3QwbTI0Z3dmS2hBLWt0S3p3ZU5MTnlrSzc2ZDJ0MDBkWWhlNzdTRzIyc1Vlb1BWM2RfcW9YWGpsT3NmdzVHNDVfaWgyd2xyYktPSWRtTjBQR2kwQmhSS1VlZVBnTE9fWjNZNWlQSF8wZWliSk5jVkpadmRuWkRPRU1XbF9DVWpWLU9ieV9vUm8tQ2dqUXloU3loaWNvOXpzcTBFQ0tzRWxOQkZabWZyMEVWcm5UUDFsancifQ 200 in 101ms (next.js: 2ms, proxy.ts: 2ms, application-code: 96ms)
 GET /tasks?workspace=80000000-0000-4000-8000-000000000001&assignee=local-browser-fixture-analyst&status=open&cursor=eyJ2IjoxLCJpdiI6Ing0OTByNllrZkp3RmtldUYiLCJ0YWciOiJMT0dsVGhwc09ZUk9ubmx4b0lBQ1dBIiwiZGF0YSI6ImdTXzFtRkJlNEZCamdXRHcwN0N4QnRuZi0tRWxRNWFIMlN6dmVGak5ZN3RpWTB4SHAwZk9WaHVpbDF1ak5TVjBZazU2Q3RTaElSZTRzNEFDeThTU2Nud3lqVHdvZUVMcGRpUnFfRmFwTi1WM0NzRUhhT2hYWDFWVzBTLUtHX01LUldhVDBzLXVLNWMtbEt4LWdVSW1VM0NHNGZ5OHNfWk44WEpCcC14U2p3aGlkVG9SRjNzVXVYcnBlclNHUVRjX2szMEhXS3hQRDhxSHR3YlRMWXJjZDgwMW5OSmtLR2lSTFBSY0tZcEsyVGp4bUZ4YUhjMFJzcDB4MXdBRm00eVdYdUpONWJKTjF4T2p5SmptSE9US3d5Nk5hTkZYZG03dWhMSFloN2lIZG56bWxjcWg1RExOWkEifQ 200 in 49ms (next.js: 3ms, proxy.ts: 2ms, application-code: 44ms)
 GET /tasks?workspace=80000000-0000-4000-8000-000000000002 200 in 109ms (next.js: 2ms, proxy.ts: 2ms, application-code: 104ms)
 GET /api/auth/get-session 200 in 22ms (next.js: 6ms, proxy.ts: 3ms, application-code: 13ms)
 GET /api/auth/organization/list 200 in 23ms (next.js: 12ms, proxy.ts: 3ms, application-code: 9ms)
 GET /tasks 200 in 12ms (next.js: 3ms, proxy.ts: 2ms, application-code: 7ms)
 GET /tasks 200 in 91ms (next.js: 3ms, proxy.ts: 3ms, application-code: 85ms)
 GET /tasks 200 in 459ms (next.js: 2ms, proxy.ts: 2ms, application-code: 454ms)
 GET /api/auth/get-session 200 in 13ms (next.js: 4ms, proxy.ts: 2.0ms, application-code: 7ms)
 GET /api/auth/organization/list 200 in 15ms (next.js: 3ms, proxy.ts: 2.0ms, application-code: 10ms)
 GET /tasks?error=Date+d%E2%80%99%C3%A9ch%C3%A9ance+invalide. 200 in 163ms (next.js: 4ms, proxy.ts: 2ms, application-code: 157ms)
 POST /tasks 200 in 184ms (next.js: 3ms, proxy.ts: 2ms, application-code: 178ms)
  └─ ƒ createWorkspaceTask({}) in 6ms src/app/actions.ts
  ✓  82 [chromium] › e2e/task-digest-local.spec.ts:5:7 › task digest en opens the complete assigned collection and rejects impossible deadlines (2.9s)
 GET /settings/teams 200 in 133ms (next.js: 32ms, proxy.ts: 2ms, application-code: 98ms)
 GET /api/auth/get-session 200 in 22ms (next.js: 7ms, proxy.ts: 3ms, application-code: 12ms)
 GET /api/auth/organization/list 200 in 26ms (next.js: 11ms, proxy.ts: 3ms, application-code: 12ms)
 GET /settings 200 in 98ms (next.js: 5ms, proxy.ts: 2ms, application-code: 91ms)
  ✓  83 [chromium] › e2e/teams-session-local.spec.ts:6:7 › Teams unavailable session has an actionable fr page (672ms)
 GET /settings/teams 200 in 96ms (next.js: 2ms, proxy.ts: 1.7ms, application-code: 93ms)
 GET /api/auth/get-session 200 in 44ms (next.js: 6ms, proxy.ts: 3ms, application-code: 35ms)
 GET /api/auth/organization/list 200 in 46ms (next.js: 10ms, proxy.ts: 3ms, application-code: 33ms)
 GET /settings 200 in 72ms (next.js: 3ms, proxy.ts: 3ms, application-code: 67ms)
  ✓  84 [chromium] › e2e/teams-session-local.spec.ts:6:7 › Teams unavailable session has an actionable en page (651ms)
 GET /audit?q=COLL_AUDIT_ 200 in 160ms (next.js: 3ms, proxy.ts: 2.0ms, application-code: 155ms)
 GET /api/auth/get-session 200 in 36ms (next.js: 9ms, proxy.ts: 3ms, application-code: 24ms)
 GET /api/auth/organization/list 200 in 42ms (next.js: 17ms, proxy.ts: 3ms, application-code: 22ms)
 GET /audit?q=COLL_AUDIT_&cursor=eyJ2IjoxLCJpdiI6Ik5PTXZIelVRVzg1cEtxYzQiLCJ0YWciOiJpT2lyaG05N2ZLQm90ajRkVzF5NDJRIiwiZGF0YSI6IjdkYll6OEtzeGtNd1FUZVVJcGNmYldDSGZQMlU3alVnTUZ3SjRMUTl3aWV2M2l2UEZRTE9LbjFkSV9WN21UdWh5VE51NjFrWUY4T040bk9LWjFyeU1NZ3NJNklrOUR1Ry1OMkNrUVNQWkQ4QU8xVWtYX2d6SFNhVnl3RUFfc1dSeEJqbmU3bVFmUHhFd0xKY3VEZks0cUg1NWJsdU5ubDVheUdoczRBX0N6d2o2YmFJdmNtUUNEMDJfRGcxcExXRHNrVzhRWW5fdG5CcGN6UnVxRDhrbUJ4aE1FMlFyQzFzS0NMTTVNYUx2YUJnSzNPZGd2NXJ5NGZvZ1JBLWJkdTFPVUxRVG5raVhGTDRvbDFQZWpzejh4a19CUFlIWlZud216ajFOQ0swdWxueTZQYWVLTXlyWFEifQ 200 in 174ms (next.js: 12ms, proxy.ts: 11ms, application-code: 151ms)
 POST /audit?q=COLL_AUDIT_ 200 in 235ms (next.js: 4ms, proxy.ts: 6ms, application-code: 225ms)
  └─ ƒ setCookieConsent({}) in 2ms src/app/preferences-actions.ts
 GET /audit?q=COLL_AUDIT_&cursor=eyJ2IjoxLCJpdiI6Ik5PTXZIelVRVzg1cEtxYzQiLCJ0YWciOiJpT2lyaG05N2ZLQm90ajRkVzF5NDJRIiwiZGF0YSI6IjdkYll6OEtzeGtNd1FUZVVJcGNmYldDSGZQMlU3alVnTUZ3SjRMUTl3aWV2M2l2UEZRTE9LbjFkSV9WN21UdWh5VE51NjFrWUY4T040bk9LWjFyeU1NZ3NJNklrOUR1Ry1OMkNrUVNQWkQ4QU8xVWtYX2d6SFNhVnl3RUFfc1dSeEJqbmU3bVFmUHhFd0xKY3VEZks0cUg1NWJsdU5ubDVheUdoczRBX0N6d2o2YmFJdmNtUUNEMDJfRGcxcExXRHNrVzhRWW5fdG5CcGN6UnVxRDhrbUJ4aE1FMlFyQzFzS0NMTTVNYUx2YUJnSzNPZGd2NXJ5NGZvZ1JBLWJkdTFPVUxRVG5raVhGTDRvbDFQZWpzejh4a19CUFlIWlZud216ajFOQ0swdWxueTZQYWVLTXlyWFEifQ 200 in 117ms (next.js: 10ms, proxy.ts: 9ms, application-code: 98ms)
 GET /audit?q=COLL_AUDIT_001 200 in 134ms (next.js: 2ms, proxy.ts: 2ms, application-code: 130ms)
 GET /api/auth/organization/list 200 in 447ms (next.js: 18ms, proxy.ts: 427ms, application-code: 2ms)
 GET /api/auth/get-session 200 in 449ms (next.js: 14ms, proxy.ts: 428ms, application-code: 7ms)
 GET /tasks?q=COLL_TASK_ 200 in 605ms (next.js: 5ms, proxy.ts: 6ms, application-code: 594ms)
 GET /api/auth/get-session 200 in 20ms (next.js: 4ms, proxy.ts: 3ms, application-code: 13ms)
 GET /api/auth/organization/list 200 in 21ms (next.js: 9ms, proxy.ts: 3ms, application-code: 10ms)
 GET /tasks?q=COLL_TASK_&status=open&cursor=eyJ2IjoxLCJpdiI6ImVWblhsdWRWdFh5dHFQVjkiLCJ0YWciOiJfbUh4N19ZQXNtZGY0ekhxTEtjZ1Z3IiwiZGF0YSI6IllFd0hyQ1hjUG5TS1BEWFVQZTY5NVhBM1Ytek5nenRncU1zU3hrWEFQN0htdlRzdWtjMFRadVdwUmt1UlNuRFJ4b2d1R1pOQ0Q2eXNsY3ZFbHZObGVOb0hiSy1TNF9Qei1YREsxTHFzWnNHa3hrVzJLSGwzVWp6NHplUUxMeXJ0MjNOMWNGNUxwQV9kZHJwV0hYaFhhVlh0Y180NGZqSmFLbDJIU291ZWcydDc0UlR0LXdDSlVscDExUVJUTGsyTlFERXNlNVQzajRoUnJlclF1VjBBaXpfLU9MaC16OFoxTXYxYVVoTGtuS3RPOWV2aVVoTEJxeUZENnI3S0dNNFp0QlJ5eVRPRllZaTBQLUxTV29zSGs5QUdfMjVjZEZYRmVxT2RQRmVabzEzZGp3SG01czRjYmcifQ 200 in 149ms (next.js: 2ms, proxy.ts: 3ms, application-code: 144ms)
 GET /tasks?q=COLL_TASK_001&status=open 200 in 150ms (next.js: 3ms, proxy.ts: 2ms, application-code: 145ms)
 GET /api/auth/get-session 200 in 33ms (next.js: 8ms, proxy.ts: 4ms, application-code: 21ms)
 GET /api/auth/organization/list 200 in 34ms (next.js: 10ms, proxy.ts: 6ms, application-code: 18ms)
 GET /tasks?notice=Commentaire+ajout%C3%A9.&id=9f904972-ad6d-4b82-9b83-b2dca513901b 200 in 82ms (next.js: 3ms, proxy.ts: 3ms, application-code: 76ms)
 POST /tasks?q=COLL_TASK_001&status=open 200 in 103ms (next.js: 2ms, proxy.ts: 2ms, application-code: 99ms)
  └─ ƒ addWorkspaceTaskComment({}) in 10ms src/app/actions.ts
 GET /discussions/tasks/9f904972-ad6d-4b82-9b83-b2dca513901b 200 in 66ms (next.js: 6ms, proxy.ts: 3ms, application-code: 57ms)
 GET /discussions/tasks/9f904972-ad6d-4b82-9b83-b2dca513901b?cursor=eyJ2IjoxLCJpdiI6ImlmbGRBdG5RX0U2aWdyYmIiLCJ0YWciOiJwZkxDUExBTG55eGhjeVJPMjhqUUFnIiwiZGF0YSI6IldyRE0wejcxUVhmOUNGTnpuQ3J2OGZsRVh0Yy1uclZsRWF5eXFIYnEyTEtyTjV6VFNXeER0QUFMOFU5RHlQRmE2aTd1RDlaUDNhZGlaUnpQQjJEWHZfX3JVelJueUhFaW1nU2pJTWhObklGd2FWUUk0RUdVSFZ6U0FlNWVCUDRQNXdIdEVmWWg5cTZFNFVxZDVPNkVEekN4NEJuVVFIRG1VTW52ZkhMSFZRaVJMVXF1VUFhY0g0M3Q4OGNobUVkYXliLUVXSXNoamd4TTNjNkh3NUNqb1lBUjBJQjk3NVd4OC1nX29hbE5JWWYyQkhDaE1HSktvNGhZSWlqTzdmSV95OWxDRWNPUkZkY045U1l5NG00aVI2ZzlPSGNNZFlxYTFyOXhxdUlnQkJlN3pJbWZEUU5FZkEifQ 200 in 173ms (next.js: 5ms, proxy.ts: 4ms, application-code: 165ms)
 GET /discussions/tasks/9f904972-ad6d-4b82-9b83-b2dca513901b?q=COLL_MESSAGE_001 200 in 169ms (next.js: 34ms, proxy.ts: 2ms, application-code: 132ms)
 GET /api/auth/get-session 200 in 76ms (next.js: 13ms, proxy.ts: 5ms, application-code: 58ms)
 GET /api/auth/organization/list 200 in 80ms (next.js: 16ms, proxy.ts: 6ms, application-code: 58ms)
 GET /alerts?q=COLL_ALERT_ 200 in 589ms (next.js: 20ms, proxy.ts: 5ms, application-code: 564ms)
 GET /api/auth/get-session 200 in 23ms (next.js: 7ms, proxy.ts: 3ms, application-code: 13ms)
 GET /api/auth/organization/list 200 in 26ms (next.js: 11ms, proxy.ts: 3ms, application-code: 11ms)
 GET /alerts?q=COLL_ALERT_&cursor=eyJ2IjoxLCJpdiI6Il93RzBFX3NjM0lhOXN0amwiLCJ0YWciOiJMVkNleXA2WExZU1F2XzBNanpSdTVnIiwiZGF0YSI6IkdRQUwzSDRyc19Ib1Nva01UODVYWmlrM0R2bXlQVnM4RWZrWFp6NDFxLWZ5dFY2YlpSd1Y3d2VEUFNLc0JnbzlDZlBWanpNVUlhb0YyVTdxLW5MMVRtbHJDY3J6bUVoT2NHOWJ1TmR4QldOX0wxOElnMTVYZHhCY0xDaGdqTjRiZlIzazJocldEY3NNRzRueGIxenhGNnV0QUdQVEdUYUMzOUtYaDNPbTd3cXFwa1lyaGdxaGE5YWgzMkFWWW5NSlk1SER1Y0RDaW9JbVR4R2NKYXU4RUVjSFhGeFBQaDBSNVZiNWZYVFhwUE1EWEI0Y215TVhaWU9lUUZpYmJpc1J6RzA5ZUNpeXVGc0xqcG9odVdJQVJtLS05cnptMDVVRUNUbThtbXpnTlM0b3lXeXdfSE1HMGcifQ 200 in 132ms (next.js: 3ms, proxy.ts: 3ms, application-code: 126ms)
 GET /alerts?q=COLL_ALERT_001&status= 200 in 179ms (next.js: 2ms, proxy.ts: 2ms, application-code: 175ms)
 GET /api/auth/get-session 200 in 125ms (next.js: 68ms, proxy.ts: 31ms, application-code: 25ms)
 GET /api/auth/organization/list 200 in 110ms (next.js: 70ms, proxy.ts: 24ms, application-code: 16ms)
 GET /approvals?q=COLL_APPROVAL_ 200 in 460ms (next.js: 5ms, proxy.ts: 6ms, application-code: 449ms)
 GET /api/auth/get-session 200 in 45ms (next.js: 4ms, proxy.ts: 3ms, application-code: 38ms)
 GET /api/auth/organization/list 200 in 48ms (next.js: 31ms, proxy.ts: 3ms, application-code: 14ms)
 GET /approvals?q=COLL_APPROVAL_&cursor=eyJ2IjoxLCJpdiI6ImF1blE1M2VXWl9OakpXeUQiLCJ0YWciOiJ6d09oT01iZHVVcU9GamdfNG5XbUV3IiwiZGF0YSI6ImVQUXByNkJGajVWUzRQRGFLcG91TTF0S24tT29LbkM3ZExOeHVYUmNKeHZzQlJ4eFNrRWZWNVJmVmtHQldjXzdycTg3OWFsaWRaS1luVHJvRDZ6MDNJWkxCRDVSTTRpdGtNR2h3YVZNczNRN29uTnpKR29La005Ukp5NmgyZ0JpSWtNalJMd2xJTl9CTFFHLXp2RHBmT3RVYmNDWFhhMFFPaElLRVA1VDBTWWxBRzNIcDlrUUdUTjRHcTBmeXJaUEEyMFNJZWR4cmpMZmcwZF9GZzBwYXNRYXpreTFXLTNodE9ua2Z3YWNqcGQyX2xBdzZLXzl4T25wbWR5OEZ2ekhCRGVzcjlrSXdnVVVsNGNlTFJTUDBKWDNSZ01tQUg3UjlGLVdUb1lhbTFndWF2SmJBTGk5WlEifQ 200 in 103ms (next.js: 3ms, proxy.ts: 2ms, application-code: 98ms)
 GET /approvals?q=COLL_APPROVAL_001&status= 200 in 196ms (next.js: 4ms, proxy.ts: 19ms, application-code: 174ms)
 GET /api/auth/get-session 200 in 213ms (next.js: 109ms, proxy.ts: 23ms, application-code: 82ms)
 GET /api/auth/organization/list 200 in 648ms (next.js: 123ms, proxy.ts: 23ms, application-code: 503ms)
 GET /support?q=COLL_SUPPORT_ 200 in 787ms (next.js: 13ms, proxy.ts: 5ms, application-code: 769ms)
 GET /api/auth/get-session 200 in 52ms (next.js: 12ms, proxy.ts: 3ms, application-code: 37ms)
 GET /api/auth/organization/list 200 in 93ms (next.js: 32ms, proxy.ts: 5ms, application-code: 56ms)
 GET /support?q=COLL_SUPPORT_&cursor=eyJ2IjoxLCJpdiI6IlZtS1FNMm5iWkVoY0c4NzQiLCJ0YWciOiJiSWoxNkRHLU5SekwyZXJuOTQ3VWtnIiwiZGF0YSI6IjZtYlhPTjhXV25vbld4eVJ1T2FxNVJNajdkR1RnRXRSLTd4MGR6WHFySEl6ZHc2VjYxUmRFdlRBUUVEOUJVbTI5RElEeHhVY3NQUEZNUW9qMDN3alE2Ymp5eGlYbE52OF9TOVRJV2RPaGQyOFZmcDJxMnN5azZXeEpFNV9lanhQb3RKOEkxMnpPZldLMUZ5ajFZV3NTY3FLbzJqUU90WW5GV0cta0ZWNUx6akMwRlZVVUowSkxQMW1mS3c1NWRzMUlQMkxzMk5NcjBQd29TWFliT3E0cC1hZDNQZVgxelNvT3FRS0pUVXNVWnNmczJib2JxX3FzWmtQc1FwT05qMk83OHZ5ekJzcGUzV1lTbzBTWWpCd0diTllaLTNjT1RmNVFUQy1QM2hONHAwa2o3ZldrMV9aelEifQ 200 in 230ms (next.js: 14ms, proxy.ts: 4ms, application-code: 213ms)
 GET /support?q=COLL_SUPPORT_001&status= 200 in 183ms (next.js: 2ms, proxy.ts: 1.9ms, application-code: 179ms)
 GET /api/auth/get-session 200 in 25ms (next.js: 7ms, proxy.ts: 4ms, application-code: 14ms)
 GET /api/auth/organization/list 200 in 26ms (next.js: 11ms, proxy.ts: 3ms, application-code: 12ms)
 GET /tasks?cursor=forged 200 in 215ms (next.js: 2ms, proxy.ts: 1.7ms, application-code: 212ms)
 GET /api/auth/get-session 200 in 60ms (next.js: 27ms, proxy.ts: 12ms, application-code: 21ms)
 GET /api/auth/organization/list 200 in 64ms (next.js: 13ms, proxy.ts: 32ms, application-code: 18ms)
 GET /support?q=COLL_SUPPORT_ 200 in 139ms (next.js: 3ms, proxy.ts: 1.8ms, application-code: 134ms)
 GET /api/auth/get-session 200 in 750ms (next.js: 394ms, proxy.ts: 19ms, application-code: 337ms)
 GET /api/auth/organization/list 200 in 804ms (next.js: 497ms, proxy.ts: 18ms, application-code: 288ms)
 GET /discussions/support/6823e3de-92a3-4e9a-a2cc-013c45829d4e 404 in 816ms (next.js: 386ms, proxy.ts: 5ms, application-code: 425ms)
  ✓  85 [chromium] › e2e/workspace-collections-local.spec.ts:14:53 › workspace collection navigation › searches older records and conversations in fr (14.0s)
 GET /audit?q=COLL_AUDIT_ 200 in 489ms (next.js: 276ms, proxy.ts: 4ms, application-code: 209ms)
 GET /api/auth/get-session 200 in 40ms (next.js: 9ms, proxy.ts: 5ms, application-code: 26ms)
 GET /api/auth/organization/list 200 in 45ms (next.js: 16ms, proxy.ts: 5ms, application-code: 24ms)
 POST /audit?q=COLL_AUDIT_ 200 in 172ms (next.js: 3ms, proxy.ts: 5ms, application-code: 164ms)
  └─ ƒ setCookieConsent({}) in 2ms src/app/preferences-actions.ts
 GET /audit?q=COLL_AUDIT_&cursor=eyJ2IjoxLCJpdiI6ImFNREY0Y1h5Q1JrRFR4OGkiLCJ0YWciOiIzdlNOOWhpcHdCbTVMX3hINDFER3FRIiwiZGF0YSI6IlRnRXctc2sxdlRmZU1NSWMwVWk4T09fMlUtTTM5eERLRnhLZ3JKYnQ2VWkySkc2RWRJb0JRNzRURzgtejJTQWRkSldKalRaVUdPSFdGM3FseGI4VlgwWVEzRG5fWV91XzJsU2J4WDRqR3BjaGx6WDIxTEQ5VThOM0IwbWhtcktCSkJFcmoydTItdlJlZjVkcElnb2NKNWNxTXRTTmE1clRWc3huZTJUeVFRU2xOdXhKNkkwUnFqMk9ObjVqeFp6QkNiX2RnNG1OUWxTekw0YjZMdXZtMElsVXNPUGNqaUhyRlRhWUNwTkhwOFFqNU9fN0dIUXlXTkdvUHo2MkQtWkQyT1Z1N1JYTXJIM2hfQmNZZlBUeHFhUmxSeUM0VmJlVnJ2c0xERGRtUFptQXlERUJLbkdFQWcifQ 200 in 57ms (next.js: 3ms, proxy.ts: 2ms, application-code: 51ms)
 GET /audit?q=COLL_AUDIT_001 200 in 123ms (next.js: 2ms, proxy.ts: 2ms, application-code: 119ms)
 GET /api/auth/get-session 200 in 40ms (next.js: 5ms, proxy.ts: 4ms, application-code: 32ms)
 GET /api/auth/organization/list 200 in 42ms (next.js: 13ms, proxy.ts: 4ms, application-code: 25ms)
 GET /tasks?q=COLL_TASK_ 200 in 695ms (next.js: 239ms, proxy.ts: 5ms, application-code: 451ms)
 GET /api/auth/get-session 200 in 29ms (next.js: 7ms, proxy.ts: 6ms, application-code: 17ms)
 GET /api/auth/organization/list 200 in 31ms (next.js: 11ms, proxy.ts: 6ms, application-code: 14ms)
 GET /tasks?q=COLL_TASK_&status=open&cursor=eyJ2IjoxLCJpdiI6IkV4NUNObEZPTGdPeG9vNzciLCJ0YWciOiJ2THNRcEhIdWxzQ0pld2pERE92WjRBIiwiZGF0YSI6IkRmcmdManRoa3BsMU5OVG00V2pBZnBMMVBiZlpmWklONDRNdEdsRGhIRl8wVkxCTm1jeG1obFBQNFJRemtfV3lYdkRTQ3h0SjdKNEYwTl8zNEVuYkk0ZE15cUFVV0JYUzF3Ty1PVzdoNkd3SmxuM1NIb3lsaXdNUnRuenI5S1ZBeTVPekcxcnF0c1VrQmc0TDFNdFRUN1d4dW1YY3Y4SzVuenZLdnZBa1VmejJ5c1pWOGNkWld3VDZQaUFSOVZsckhMQjNsUzhvMkdHcjROUWF0bXNORFotOWZac0M4UlBRZjBhcEdJN2pzT3Q5d2huWG8tZEJLYk5FYkJiS25xYmFNQjRVMGdwdEJqYS1aRWxwNndoWkwxUHlUS0d6R0w1VmlxSFJYd0FCeFdmYzV1VHlTOGwyZHcifQ 200 in 161ms (next.js: 4ms, proxy.ts: 3ms, application-code: 155ms)
 GET /tasks?q=COLL_TASK_001&status=open 200 in 173ms (next.js: 2ms, proxy.ts: 1.8ms, application-code: 169ms)
 GET /api/auth/get-session 200 in 28ms (next.js: 6ms, proxy.ts: 8ms, application-code: 14ms)
 GET /api/auth/organization/list 200 in 32ms (next.js: 9ms, proxy.ts: 7ms, application-code: 16ms)
 GET /tasks?notice=Commentaire+ajout%C3%A9.&id=e88b7e46-d08f-4ad7-a235-ba773342f62c 200 in 90ms (next.js: 2ms, proxy.ts: 16ms, application-code: 72ms)
 POST /tasks?q=COLL_TASK_001&status=open 200 in 129ms (next.js: 12ms, proxy.ts: 5ms, application-code: 112ms)
  └─ ƒ addWorkspaceTaskComment({}) in 11ms src/app/actions.ts
 GET /discussions/tasks/e88b7e46-d08f-4ad7-a235-ba773342f62c 200 in 58ms (next.js: 5ms, proxy.ts: 3ms, application-code: 50ms)
 GET /discussions/tasks/e88b7e46-d08f-4ad7-a235-ba773342f62c?cursor=eyJ2IjoxLCJpdiI6Il9VU0d0ZUVDMkZOa294c3QiLCJ0YWciOiI0ODdEUmw2UlN3MHFmNmdudDgtZDVRIiwiZGF0YSI6IlRLcTlYRlBLaTAyLXU0ay02WTNEcWc3U2NQRVp3a3pNLTBzTG5OdnFMV2E1U2NRb1l4RTV4dWxLWGlBd1FKUUpIdktkZ2JrQUFpR1l4TmlXanROTUkxSDFYMjJDekppOFh4Y09ueFp0bHhjNEgtZmxzb0tEeW1PX3FPeldCNVRaalFHdWtiUmZoaEZSNUlRUmNVUm9QcjJ4MEsxbF9GNG5Sd2g1OFlKakktNzZ4RlNORUE1LUNfblMyM0dESWxwR0ZlUWdMWmZCNUhmT1FIanJOcm5Rb01sNlRrcWdHZm0zcFljbl95dUN1QUJzenRsbkUwYjJDUWlyMVJtWGVMWHFhdmhPSzVTQWJuU1h1dnZ0aHdIUklvdUxyT1R4dmdKTXYzRk53Y1BKa0dHNjlTUnVCMlFFa1EifQ 200 in 59ms (next.js: 6ms, proxy.ts: 5ms, application-code: 48ms)
 GET /discussions/tasks/e88b7e46-d08f-4ad7-a235-ba773342f62c?q=COLL_MESSAGE_001 200 in 152ms (next.js: 3ms, proxy.ts: 2ms, application-code: 147ms)
 GET /api/auth/get-session 200 in 69ms (next.js: 27ms, proxy.ts: 9ms, application-code: 32ms)
 GET /api/auth/organization/list 200 in 78ms (next.js: 32ms, proxy.ts: 12ms, application-code: 34ms)
 GET /alerts?q=COLL_ALERT_ 200 in 825ms (next.js: 163ms, proxy.ts: 11ms, application-code: 651ms)
 GET /api/auth/get-session 200 in 22ms (next.js: 5ms, proxy.ts: 3ms, application-code: 14ms)
 GET /api/auth/organization/list 200 in 23ms (next.js: 10ms, proxy.ts: 3ms, application-code: 10ms)
 GET /alerts?q=COLL_ALERT_&cursor=eyJ2IjoxLCJpdiI6ImhoSlJ6WEtPc3RXSjFEeTMiLCJ0YWciOiJNZl9TaXhadFdIa0JfVU5PNHcxMXdRIiwiZGF0YSI6IlFmeDZBSTNQVGYwQ1NJNDZCRVMxTmI5cUk5QVpLSFZFNzVPbktUTWNYaDFBTnZEVHdtRkJUeVN2dVduVXNZbmlHa2lFdTFHeFlCN1RnRGxZYW9jandIY2RwVzFBSEJUbmhPMmxtTUNNVFlHdGlkc3Yyb2JOOGpwbXk4LU1CT2tfcTVmWnRZQzJmclp6c1dvcklJLTYwTnNJQ0REdXgza3dhak92bGt1Q2ZpbFg1Z2xyY2Z3THFDeWQxVVJQMUpRLTg5bFN3SXkxSzdocjRhVGYtTElMbTNVbVdOY0tVSURJTDVqdjNFdjY1aDNzSGdEVVNPUzdyU0hLcmhOcVUwMlMtVDhVbjZvUG5ZU1VwaGN6MXJzSjFMU3JOenRUNUI0SjQ0bXRvR2JsRTgtVXRjN0lNTkcyOEEifQ 200 in 157ms (next.js: 4ms, proxy.ts: 5ms, application-code: 147ms)
 GET /alerts?q=COLL_ALERT_001&status= 200 in 342ms (next.js: 4ms, proxy.ts: 6ms, application-code: 332ms)
 GET /api/auth/get-session 200 in 38ms (next.js: 8ms, proxy.ts: 4ms, application-code: 25ms)
 GET /api/auth/organization/list 200 in 41ms (next.js: 16ms, proxy.ts: 4ms, application-code: 20ms)
 GET /approvals?q=COLL_APPROVAL_ 200 in 1207ms (next.js: 143ms, proxy.ts: 5ms, application-code: 1059ms)
 GET /api/auth/get-session 200 in 37ms (next.js: 12ms, proxy.ts: 3ms, application-code: 22ms)
 GET /api/auth/organization/list 200 in 39ms (next.js: 7ms, proxy.ts: 3ms, application-code: 30ms)
 GET /approvals?q=COLL_APPROVAL_&cursor=eyJ2IjoxLCJpdiI6ImN4bzRZN1JSOWFpVVhtVFMiLCJ0YWciOiJhRTdjQlJnVC1hOFBfUUdmbkdNaFlRIiwiZGF0YSI6Ikh1R2JtWWZ3Y2hKb21YNGZpRERhTExFQVdkaHFMSVA0UVBHbGxJbF95SklWQ2VPbUNXWm5iYVdhU21QeWhVdFpTNzZTTWZqYkR2Xzk3R3dUUXYwZndCaW5XNzhndElEdFRjYmtZY3BUUy1ZNHY4NjV5ck4wSmdfZ0V6ekNsY2xodUduVlNuSFd4am50TFFiUW11SXVyaHVMWVRhUU9TUlpUOXlncndZMXZoaHpCSmFDTnR5bGdKdjR5ZnB3SnhjNW4tbU5rM1JjSzEwODFRckVNUkdfc3hUZ3hDR0Y4TEFtOFl6VzYxYWo4T2pwZ0dlV2JCVTY4Qk1uVlI0akdxeHBaRzJGRVFkTUxESkJFRWNQUWkydzcxczdZUnNNOVB5UVhDV2QycTVNQTlnS0ZZV2VOekczWUEifQ 200 in 259ms (next.js: 20ms, proxy.ts: 7ms, application-code: 232ms)
 GET /approvals?q=COLL_APPROVAL_001&status= 200 in 193ms (next.js: 3ms, proxy.ts: 2ms, application-code: 188ms)
 GET /api/auth/get-session 200 in 118ms (next.js: 30ms, proxy.ts: 35ms, application-code: 53ms)
 GET /api/auth/organization/list 200 in 114ms (next.js: 56ms, proxy.ts: 33ms, application-code: 25ms)
 GET /support?q=COLL_SUPPORT_ 200 in 585ms (next.js: 10ms, proxy.ts: 10ms, application-code: 564ms)
 GET /api/auth/get-session 200 in 50ms (next.js: 4ms, proxy.ts: 4ms, application-code: 43ms)
 GET /api/auth/organization/list 200 in 52ms (next.js: 7ms, proxy.ts: 3ms, application-code: 42ms)
 GET /support?q=COLL_SUPPORT_&cursor=eyJ2IjoxLCJpdiI6Ik1KZ21XejdZRUEtbWVXbWciLCJ0YWciOiI4b3kzVEtsZDViYWJzVVRKYVd3OEFBIiwiZGF0YSI6InZJMHRRLXItVjdQenBsMmhRd1VnYk9wUHJaOVhHUW5HbkV5bGNMSDM3dnlvQUIyOHRvTFdfQXdCWkNIeHNQbWlJbEtyZ1o1emRyX0tKRk9CM2VIVGpicXpHelRkZmxRYkE4MGprVmtLWEZDOHhIZl9YWkd6RHlQM1QxTzlFV3lKWThKVkhrZDBhUTJpVnVrc0YyMjY5RGtEdjFfVW5YM0VLVXhXX1Zzd0xERHIxUFI4M215bVhnQy1ENkFvZG5EZjdER0dOMXdXd2Rqc3ZmdUZjWGhSUk1Ddm5nSHliSDhocHVqVEVhd1p2TUpwYkNsTVREOEdUYTBWMEhXTUlNQW5WZTBCY0t0N2k2Zk9xcldGbmxiaS1GeE9JMXZOSngzYWwweEZYZUxCMDN5aThkOGtJdzEwLXcifQ 200 in 94ms (next.js: 5ms, proxy.ts: 3ms, application-code: 86ms)
 GET /support?q=COLL_SUPPORT_001&status= 200 in 216ms (next.js: 3ms, proxy.ts: 3ms, application-code: 211ms)
 GET /api/auth/get-session 429 in 152ms (next.js: 41ms, proxy.ts: 10ms, application-code: 101ms)
 GET /api/auth/organization/list 429 in 155ms (next.js: 88ms, proxy.ts: 18ms, application-code: 49ms)
 GET /tasks?cursor=forged 200 in 171ms (next.js: 5ms, proxy.ts: 12ms, application-code: 154ms)
 GET /api/auth/get-session 429 in 43ms (next.js: 5ms, proxy.ts: 3ms, application-code: 36ms)
 GET /api/auth/organization/list 429 in 45ms (next.js: 9ms, proxy.ts: 3ms, application-code: 33ms)
 GET /support?q=COLL_SUPPORT_ 200 in 100ms (next.js: 2ms, proxy.ts: 1.8ms, application-code: 96ms)
 GET /api/auth/get-session 429 in 93ms (next.js: 60ms, proxy.ts: 7ms, application-code: 26ms)
 GET /api/auth/organization/list 429 in 108ms (next.js: 62ms, proxy.ts: 8ms, application-code: 39ms)
 GET /discussions/support/4a1acab1-6090-4e3f-afc7-d881c564e77d 404 in 160ms (next.js: 18ms, proxy.ts: 6ms, application-code: 136ms)
  ✓  86 [chromium] › e2e/workspace-collections-local.spec.ts:14:53 › workspace collection navigation › searches older records and conversations in en (11.6s)

  86 passed (4.3m)
{"ok":true,"cleaned":"local-browser-fixtures"}
[?25h
