
> @yodev/ads@0.1.0 test:e2e:local
> node scripts/verify-local-browser.mjs

{"ok":true,"fixtureRoles":["owner","admin","strategist","analyst","client"],"foreignExportId":"80000000-0000-4000-8000-000000000003"}

> @yodev/ads@0.1.0 dev
> next dev --hostname 127.0.0.1 --port 3017

▲ Next.js 16.3.0 (Turbopack)
- Local:         http://127.0.0.1:3017
- Network:       http://127.0.0.1:3017
- Environments: .env.local
✓ Ready in 253ms
✓ Running next.config.ts took 449ms
- Experiments (use with caution):
  · clientTraceMetadata

 GET /sign-in 200 in 1487ms (next.js: 1071ms, proxy.ts: 125ms, application-code: 290ms)
 POST /api/auth/sign-in/email 200 in 994ms (next.js: 820ms, proxy.ts: 3ms, application-code: 171ms)
 POST /api/auth/sign-in/email 200 in 86ms (next.js: 3ms, proxy.ts: 3ms, application-code: 80ms)
 POST /api/auth/sign-in/email 200 in 81ms (next.js: 3ms, proxy.ts: 2ms, application-code: 76ms)
 POST /api/auth/sign-in/email 200 in 76ms (next.js: 1.9ms, proxy.ts: 2.0ms, application-code: 72ms)
 POST /api/auth/sign-in/email 200 in 75ms (next.js: 2.0ms, proxy.ts: 2ms, application-code: 71ms)
 GET /dashboard 200 in 640ms (next.js: 202ms, proxy.ts: 2ms, application-code: 435ms)
 GET /settings 200 in 265ms (next.js: 33ms, proxy.ts: 5ms, application-code: 227ms)
 GET /billing 200 in 165ms (next.js: 14ms, proxy.ts: 2.0ms, application-code: 149ms)
 GET /support 200 in 174ms (next.js: 17ms, proxy.ts: 2ms, application-code: 155ms)
 GET /accounts 200 in 161ms (next.js: 31ms, proxy.ts: 2ms, application-code: 127ms)
 GET /history 200 in 165ms (next.js: 15ms, proxy.ts: 1.8ms, application-code: 149ms)
 GET /alerts 200 in 298ms (next.js: 27ms, proxy.ts: 2ms, application-code: 269ms)
 GET /sign-in 200 in 144ms (next.js: 45ms, proxy.ts: 18ms, application-code: 81ms)
 GET /tasks 200 in 248ms (next.js: 51ms, proxy.ts: 3ms, application-code: 194ms)
 GET /approvals 200 in 200ms (next.js: 31ms, proxy.ts: 21ms, application-code: 148ms)
 GET /reports 200 in 234ms (next.js: 28ms, proxy.ts: 4ms, application-code: 201ms)
 GET /icon?a62dacc6b033a714 200 in 164ms (next.js: 31ms, proxy.ts: 24ms, application-code: 109ms)
 GET /audit 200 in 250ms (next.js: 22ms, proxy.ts: 2ms, application-code: 226ms)
 GET /agents 200 in 188ms (next.js: 14ms, proxy.ts: 2ms, application-code: 172ms)
 GET / 200 in 95ms (next.js: 14ms, proxy.ts: 1.9ms, application-code: 79ms)
 GET /privacy 200 in 47ms (next.js: 10ms, proxy.ts: 2.0ms, application-code: 35ms)
 GET /terms 200 in 45ms (next.js: 11ms, proxy.ts: 1.8ms, application-code: 33ms)
 GET /subprocessors 200 in 85ms (next.js: 27ms, proxy.ts: 1.9ms, application-code: 57ms)
 GET /status 200 in 92ms (next.js: 24ms, proxy.ts: 1.7ms, application-code: 66ms)
 GET /sign-in 200 in 33ms (next.js: 4ms, proxy.ts: 1.9ms, application-code: 28ms)
 GET /sign-up 200 in 306ms (next.js: 274ms, proxy.ts: 2ms, application-code: 30ms)
Local browser states ready in /var/folders/9h/sbxl7zl90j9_wc743xft5j8h0000gn/T/yodev-ads-browser-WNRioO

Running 51 tests using 1 worker

(node:25680) Warning: The 'NO_COLOR' env is ignored due to the 'FORCE_COLOR' env being set.
(Use `node --trace-warnings ...` to show where the warning was created)
 GET /operations 200 in 1379ms (next.js: 874ms, proxy.ts: 2ms, application-code: 503ms)
 GET /api/auth/get-session 200 in 32ms (next.js: 6ms, proxy.ts: 4ms, application-code: 23ms)
 GET /api/auth/organization/list 200 in 38ms (next.js: 13ms, proxy.ts: 4ms, application-code: 22ms)
  ✓   1 [chromium] › e2e/activation-local.spec.ts:6:7 › operations counts published reports and excludes legacy or future activation (2.0s)
 GET /insights?client=80000000-0000-4000-8000-000000000091 200 in 407ms (next.js: 36ms, proxy.ts: 2ms, application-code: 368ms)
 GET /api/auth/get-session 200 in 23ms (next.js: 11ms, proxy.ts: 3ms, application-code: 9ms)
 GET /api/auth/organization/list 200 in 24ms (next.js: 5ms, proxy.ts: 3ms, application-code: 16ms)
 POST /insights?client=80000000-0000-4000-8000-000000000091 200 in 200ms (next.js: 2.0ms, proxy.ts: 6ms, application-code: 192ms)
  └─ ƒ setCookieConsent({}) in 2ms src/app/preferences-actions.ts
 GET /insights/devices?client=80000000-0000-4000-8000-000000000091 200 in 651ms (next.js: 545ms, proxy.ts: 5ms, application-code: 101ms)
 GET /insights/devices?client=80000000-0000-4000-8000-000000000091&cursor=eyJ2IjoxLCJpdiI6IklDVGVJMkhMVi1wblpvOEoiLCJ0YWciOiI2M1E2LUNLTW9mV2hNVUE1SmRxOHhRIiwiZGF0YSI6IjNPMmRNRTdVYTktZ0MzZHdfdGVhbEJnYXUxN1lCRzlqbnJieHNuMGtaWVY0eTFKZ1g0NWlCVHZ1ajkteGd1SjEwQy13LTA4eEJvaDNGZkg5MVZocVFnb0t6Sy1MYmthanBHc2lRbDdLU3Bta2RkbUg1dEJGMkdlSXFkLUtBcHV6SXoxOF9ZZU9UeE93RmZPSEZjaGkzcGZ1MkRnUnZvVkItMzVpQUhtN2hnd1lwZVFXZm5mWlJ2a2t0SEdYSFpKamU1Y18wWTVzTzlDRVJ6enQwLWM2N1ZqWWdzZUZwS3ctU3VRcEJTYnM3cnRNUTdOOGN4X0hMSXNCVW01ZUZmbFU2eEhYOEVCTlcyUWkifQ 200 in 116ms (next.js: 7ms, proxy.ts: 4ms, application-code: 105ms)
 GET /insights/devices?client=80000000-0000-4000-8000-000000000091&q=%25_ 200 in 142ms (next.js: 3ms, proxy.ts: 3ms, application-code: 137ms)
 GET /api/auth/get-session 200 in 26ms (next.js: 6ms, proxy.ts: 7ms, application-code: 14ms)
 GET /api/auth/organization/list 200 in 29ms (next.js: 9ms, proxy.ts: 7ms, application-code: 13ms)
 GET /insights/devices/export?client=80000000-0000-4000-8000-000000000091&version=f7f5f9c4-d43b-4b26-af6a-83892690de1b 200 in 1560ms (next.js: 1481ms, proxy.ts: 2ms, application-code: 77ms)
 GET /insights/devices?client=80000000-0000-4000-8000-000000000091&cursor=eyJ2IjoxLCJpdiI6IklDVGVJMkhMVi1wblpvOEoiLCJ0YWciOiI2M1E2LUNLTW9mV2hNVUE1SmRxOHhRIiwiZGF0YSI6IjNPMmRNRTdVYTktZ0MzZHdfdGVhbEJnYXUxN1lCRzlqbnJieHNuMGtaWVY0eTFKZ1g0NWlCVHZ1ajkteGd1SjEwQy13LTA4eEJvaDNGZkg5MVZocVFnb0t6Sy1MYmthanBHc2lRbDdLU3Bta2RkbUg1dEJGMkdlSXFkLUtBcHV6SXoxOF9ZZU9UeE93RmZPSEZjaGkzcGZ1MkRnUnZvVkItMzVpQUhtN2hnd1lwZVFXZm5mWlJ2a2t0SEdYSFpKamU1Y18wWTVzTzlDRVJ6enQwLWM2N1ZqWWdzZUZwS3ctU3VRcEJTYnM3cnRNUTdOOGN4X0hMSXNCVW01ZUZmbFU2eEhYOEVCTlcyUWkifQ 200 in 465ms (next.js: 7ms, proxy.ts: 5ms, application-code: 453ms)
 GET /api/auth/get-session 200 in 80ms (next.js: 49ms, proxy.ts: 8ms, application-code: 23ms)
 GET /api/auth/organization/list 200 in 83ms (next.js: 23ms, proxy.ts: 10ms, application-code: 49ms)
 GET /insights/devices/export?client=80000000-0000-4000-8000-000000000091&version=f7f5f9c4-d43b-4b26-af6a-83892690de1b 409 in 23ms (next.js: 5ms, proxy.ts: 6ms, application-code: 12ms)
 GET /insights/devices?client=80000000-0000-4000-8000-000000000091&cursor=forged 200 in 202ms (next.js: 4ms, proxy.ts: 2ms, application-code: 195ms)
 GET /api/auth/get-session 200 in 146ms (next.js: 52ms, proxy.ts: 14ms, application-code: 80ms)
 GET /api/auth/organization/list 200 in 156ms (next.js: 40ms, proxy.ts: 29ms, application-code: 87ms)
 GET /insights/devices?client=80000000-0000-4000-8000-000000000099 404 in 191ms (next.js: 7ms, proxy.ts: 3ms, application-code: 181ms)
 GET /insights/devices/export?client=80000000-0000-4000-8000-000000000099&version=f7f5f9c4-d43b-4b26-af6a-83892690de1b 404 in 19ms (next.js: 3ms, proxy.ts: 5ms, application-code: 12ms)
 GET /insights/devices/export?client=80000000-0000-4000-8000-000000000091&version=f7f5f9c4-d43b-4b26-af6a-83892690de1b 403 in 10ms (next.js: 3ms, proxy.ts: 3ms, application-code: 4ms)
  ✓   2 [chromium] › e2e/analytical-pages-local.spec.ts:15:53 › complete analytical collections › browses, searches and exports all stored rows in fr (7.6s)
 GET /insights?client=80000000-0000-4000-8000-000000000091 200 in 395ms (next.js: 3ms, proxy.ts: 2ms, application-code: 390ms)
 GET /api/auth/get-session 200 in 22ms (next.js: 5ms, proxy.ts: 3ms, application-code: 14ms)
 GET /api/auth/organization/list 200 in 24ms (next.js: 11ms, proxy.ts: 3ms, application-code: 11ms)
 POST /insights?client=80000000-0000-4000-8000-000000000091 200 in 202ms (next.js: 2ms, proxy.ts: 3ms, application-code: 196ms)
  └─ ƒ setCookieConsent({}) in 2ms src/app/preferences-actions.ts
 GET /insights/devices?client=80000000-0000-4000-8000-000000000091 200 in 184ms (next.js: 4ms, proxy.ts: 5ms, application-code: 174ms)
 GET /insights/devices?client=80000000-0000-4000-8000-000000000091&cursor=eyJ2IjoxLCJpdiI6IlZLN0ZyWDd4M2RLTHUzUEwiLCJ0YWciOiJyNmRaMHNYYWdTSVlKMTNscW1TUmZRIiwiZGF0YSI6Ijh2dGtMbjhiSkI5MHdLRmpwcUV0Q1ZKbjNyMkdLanZvNzA3RVZGdnJCUWN4LTRTcGo4Rkx0UkgyMjN5ZnRObkt5aEhTQ0xoVUN5Rk8wV0YtZTZTeVJRUW96bWlNYVFoVUF1RENkeWxXS2hHUjIwek14YWZCRGxVYmN3aDcxUjJyT21NSFBTSkhxZGJnSVpEQUVpNV9COWVoNVRPLXNxLVFTTmtTNlkxQUYyMVdtNGFCQlZMd3V4cjZOMGY4eDBFc0tsYTk1ZEdzT2Z1LURuWHJDcXNZQkJmanVrRnhLUzBJZEJpeUttZldFcTZGam1UeVVRTFQwQTMtQmtHMk9vQ2dxOG9xbFRKSWpRQnMifQ 200 in 135ms (next.js: 8ms, proxy.ts: 6ms, application-code: 121ms)
 GET /insights/devices?client=80000000-0000-4000-8000-000000000091&q=%25_ 200 in 132ms (next.js: 3ms, proxy.ts: 2ms, application-code: 127ms)
 GET /api/auth/get-session 200 in 27ms (next.js: 5ms, proxy.ts: 3ms, application-code: 20ms)
 GET /api/auth/organization/list 200 in 29ms (next.js: 16ms, proxy.ts: 3ms, application-code: 10ms)
 GET /insights/devices/export?client=80000000-0000-4000-8000-000000000091&version=2c786c79-0cec-4a36-a7d5-95895706c334 200 in 17ms (next.js: 3ms, proxy.ts: 2ms, application-code: 12ms)
 GET /insights/devices?client=80000000-0000-4000-8000-000000000091&cursor=eyJ2IjoxLCJpdiI6IlZLN0ZyWDd4M2RLTHUzUEwiLCJ0YWciOiJyNmRaMHNYYWdTSVlKMTNscW1TUmZRIiwiZGF0YSI6Ijh2dGtMbjhiSkI5MHdLRmpwcUV0Q1ZKbjNyMkdLanZvNzA3RVZGdnJCUWN4LTRTcGo4Rkx0UkgyMjN5ZnRObkt5aEhTQ0xoVUN5Rk8wV0YtZTZTeVJRUW96bWlNYVFoVUF1RENkeWxXS2hHUjIwek14YWZCRGxVYmN3aDcxUjJyT21NSFBTSkhxZGJnSVpEQUVpNV9COWVoNVRPLXNxLVFTTmtTNlkxQUYyMVdtNGFCQlZMd3V4cjZOMGY4eDBFc0tsYTk1ZEdzT2Z1LURuWHJDcXNZQkJmanVrRnhLUzBJZEJpeUttZldFcTZGam1UeVVRTFQwQTMtQmtHMk9vQ2dxOG9xbFRKSWpRQnMifQ 200 in 130ms (next.js: 4ms, proxy.ts: 2ms, application-code: 124ms)
 GET /api/auth/get-session 200 in 55ms (next.js: 29ms, proxy.ts: 6ms, application-code: 19ms)
 GET /api/auth/organization/list 200 in 57ms (next.js: 33ms, proxy.ts: 7ms, application-code: 17ms)
 GET /insights/devices/export?client=80000000-0000-4000-8000-000000000091&version=2c786c79-0cec-4a36-a7d5-95895706c334 409 in 73ms (next.js: 20ms, proxy.ts: 8ms, application-code: 45ms)
 GET /insights/devices?client=80000000-0000-4000-8000-000000000091&cursor=forged 200 in 214ms (next.js: 3ms, proxy.ts: 3ms, application-code: 208ms)
 GET /api/auth/get-session 200 in 99ms (next.js: 52ms, proxy.ts: 17ms, application-code: 30ms)
 GET /api/auth/organization/list 200 in 98ms (next.js: 56ms, proxy.ts: 12ms, application-code: 31ms)
 GET /insights/devices?client=80000000-0000-4000-8000-000000000099 404 in 148ms (next.js: 4ms, proxy.ts: 2ms, application-code: 142ms)
 GET /insights/devices/export?client=80000000-0000-4000-8000-000000000099&version=2c786c79-0cec-4a36-a7d5-95895706c334 404 in 27ms (next.js: 7ms, proxy.ts: 5ms, application-code: 15ms)
 GET /insights/devices/export?client=80000000-0000-4000-8000-000000000091&version=2c786c79-0cec-4a36-a7d5-95895706c334 403 in 19ms (next.js: 5ms, proxy.ts: 5ms, application-code: 9ms)
 GET /api/auth/get-session 200 in 25ms (next.js: 7ms, proxy.ts: 5ms, application-code: 13ms)
 GET /api/auth/organization/list 200 in 27ms (next.js: 10ms, proxy.ts: 5ms, application-code: 13ms)
  ✓   3 [chromium] › e2e/analytical-pages-local.spec.ts:15:53 › complete analytical collections › browses, searches and exports all stored rows in en (3.3s)
 GET /account 307 in 106ms (next.js: 45ms, proxy.ts: 3ms, application-code: 58ms)
 GET /sign-in?returnTo=%2Faccount 200 in 41ms (next.js: 5ms, proxy.ts: 3ms, application-code: 34ms)
 GET /account 200 in 60ms (next.js: 1.7ms, proxy.ts: 2ms, application-code: 56ms)
 GET /api/auth/get-session 200 in 31ms (next.js: 15ms, proxy.ts: 4ms, application-code: 12ms)
 GET /api/auth/organization/list 200 in 33ms (next.js: 17ms, proxy.ts: 4ms, application-code: 12ms)
 GET /api/auth/passkey/list-user-passkeys 200 in 36ms (next.js: 19ms, proxy.ts: 5ms, application-code: 13ms)
 GET /account 200 in 38ms (next.js: 1.6ms, proxy.ts: 2ms, application-code: 34ms)
 GET /api/auth/get-session 200 in 27ms (next.js: 7ms, proxy.ts: 4ms, application-code: 16ms)
 GET /api/auth/organization/list 200 in 28ms (next.js: 10ms, proxy.ts: 5ms, application-code: 13ms)
 GET /api/auth/passkey/list-user-passkeys 200 in 30ms (next.js: 12ms, proxy.ts: 5ms, application-code: 12ms)
 GET /account 200 in 37ms (next.js: 1.8ms, proxy.ts: 2ms, application-code: 33ms)
 GET /api/auth/get-session 200 in 26ms (next.js: 7ms, proxy.ts: 4ms, application-code: 14ms)
 GET /api/auth/passkey/list-user-passkeys 200 in 27ms (next.js: 14ms, proxy.ts: 4ms, application-code: 9ms)
 GET /api/auth/organization/list 200 in 30ms (next.js: 11ms, proxy.ts: 4ms, application-code: 15ms)
 GET /account 200 in 37ms (next.js: 1.8ms, proxy.ts: 2ms, application-code: 33ms)
 GET /api/auth/get-session 200 in 34ms (next.js: 5ms, proxy.ts: 4ms, application-code: 24ms)
 GET /api/auth/organization/list 200 in 37ms (next.js: 11ms, proxy.ts: 4ms, application-code: 22ms)
 GET /api/auth/passkey/list-user-passkeys 200 in 42ms (next.js: 14ms, proxy.ts: 4ms, application-code: 23ms)
 GET /account 200 in 39ms (next.js: 2ms, proxy.ts: 2ms, application-code: 35ms)
 GET /api/auth/get-session 200 in 29ms (next.js: 8ms, proxy.ts: 5ms, application-code: 16ms)
 GET /api/auth/organization/list 200 in 31ms (next.js: 11ms, proxy.ts: 6ms, application-code: 14ms)
 GET /api/auth/passkey/list-user-passkeys 200 in 31ms (next.js: 13ms, proxy.ts: 6ms, application-code: 12ms)
  ✓   4 [chromium] › e2e/auth-lifecycle-local.spec.ts:58:7 › personal account security is available to all five workspace roles (2.2s)
 GET /sign-up 200 in 33ms (next.js: 5ms, proxy.ts: 2ms, application-code: 27ms)
 POST /api/auth/sign-up/email 200 in 98ms (next.js: 5ms, proxy.ts: 4ms, application-code: 89ms)
 GET /api/auth/get-session 200 in 9ms (next.js: 3ms, proxy.ts: 1.9ms, application-code: 4ms)
 GET /sign-in 200 in 32ms (next.js: 4ms, proxy.ts: 1.6ms, application-code: 27ms)
 POST /api/auth/sign-in/email 403 in 96ms (next.js: 3ms, proxy.ts: 4ms, application-code: 89ms)
 GET /api/auth/get-session 200 in 9ms (next.js: 2ms, proxy.ts: 1.9ms, application-code: 5ms)
 GET /api/auth/verify-email?token=[REDACTED]&callbackURL=%2Fdashboard 302 in 11ms (next.js: 1.9ms, proxy.ts: 1.8ms, application-code: 7ms)
 GET /dashboard 307 in 46ms (next.js: 3ms, proxy.ts: 1.5ms, application-code: 42ms)
 GET /sign-in 200 in 32ms (next.js: 4ms, proxy.ts: 1.9ms, application-code: 26ms)
 GET /sign-in 200 in 40ms (next.js: 3ms, proxy.ts: 4ms, application-code: 32ms)
 POST /api/auth/sign-in/email 200 in 81ms (next.js: 3ms, proxy.ts: 2ms, application-code: 75ms)
 GET /dashboard 307 in 60ms (next.js: 9ms, proxy.ts: 3ms, application-code: 48ms)
 GET /onboarding 200 in 109ms (next.js: 66ms, proxy.ts: 2ms, application-code: 41ms)
 GET /settings 200 in 119ms (next.js: 11ms, proxy.ts: 2ms, application-code: 106ms)
 POST /onboarding 200 in 199ms (next.js: 6ms, proxy.ts: 5ms, application-code: 188ms)
  └─ ƒ createWorkspace({}) in 43ms src/app/onboarding/actions.ts
 GET /api/auth/get-session 200 in 24ms (next.js: 4ms, proxy.ts: 3ms, application-code: 18ms)
 GET /api/auth/organization/list 200 in 28ms (next.js: 8ms, proxy.ts: 3ms, application-code: 18ms)
 GET /api/auth/get-session 200 in 23ms (next.js: 5ms, proxy.ts: 6ms, application-code: 11ms)
 GET /sign-in 200 in 33ms (next.js: 4ms, proxy.ts: 2ms, application-code: 27ms)
 POST /api/auth/sign-in/magic-link 200 in 18ms (next.js: 5ms, proxy.ts: 3ms, application-code: 10ms)
 GET /api/auth/magic-link/verify?token=[REDACTED]&callbackURL=%2Fdashboard&errorCallbackURL=http%3A%2F%2Flocalhost%3A3017%2Fsign-in 302 in 15ms (next.js: 3ms, proxy.ts: 2.0ms, application-code: 11ms)
 GET /dashboard 200 in 111ms (next.js: 1.9ms, proxy.ts: 1.5ms, application-code: 107ms)
 GET /api/auth/get-session 200 in 15ms (next.js: 3ms, proxy.ts: 4ms, application-code: 8ms)
 GET /api/auth/get-session 200 in 25ms (next.js: 7ms, proxy.ts: 6ms, application-code: 12ms)
 GET /api/auth/organization/list 200 in 26ms (next.js: 10ms, proxy.ts: 6ms, application-code: 10ms)
 GET /api/auth/magic-link/verify?token=[REDACTED]&callbackURL=%2Fdashboard&errorCallbackURL=http%3A%2F%2Flocalhost%3A3017%2Fsign-in 302 in 11ms (next.js: 2ms, proxy.ts: 2ms, application-code: 6ms)
 GET /sign-in?error=INVALID_TOKEN 200 in 38ms (next.js: 4ms, proxy.ts: 1.6ms, application-code: 32ms)
 GET /api/auth/get-session 200 in 15ms (next.js: 6ms, proxy.ts: 3ms, application-code: 6ms)
 GET /forgot-password 200 in 63ms (next.js: 19ms, proxy.ts: 1.8ms, application-code: 42ms)
 POST /api/auth/request-password-reset 200 in 15ms (next.js: 3ms, proxy.ts: 2ms, application-code: 9ms)
 GET /api/auth/reset-password/[REDACTED]?callbackURL=%2Freset-password 302 in 10ms (next.js: 2ms, proxy.ts: 2ms, application-code: 6ms)
 GET /reset-password?token=[REDACTED] 200 in 42ms (next.js: 13ms, proxy.ts: 1.7ms, application-code: 27ms)
 POST /api/auth/reset-password 200 in 93ms (next.js: 2ms, proxy.ts: 4ms, application-code: 87ms)
 GET /api/auth/get-session 200 in 13ms (next.js: 4ms, proxy.ts: 3ms, application-code: 6ms)
 GET /api/auth/get-session 200 in 9ms (next.js: 1.9ms, proxy.ts: 1.7ms, application-code: 5ms)
 GET /api/auth/reset-password/[REDACTED]?callbackURL=%2Freset-password 302 in 10ms (next.js: 1.9ms, proxy.ts: 1.8ms, application-code: 6ms)
 GET /reset-password?error=INVALID_TOKEN 200 in 37ms (next.js: 1.9ms, proxy.ts: 8ms, application-code: 27ms)
 GET /sign-in 200 in 36ms (next.js: 4ms, proxy.ts: 2ms, application-code: 29ms)
2026-09-07T06:38:01.666Z WARN [Better Auth]: Invalid password
 POST /api/auth/sign-in/email 401 in 87ms (next.js: 3ms, proxy.ts: 5ms, application-code: 79ms)
 GET /api/auth/get-session 200 in 9ms (next.js: 2ms, proxy.ts: 2ms, application-code: 4ms)
 GET /sign-in 200 in 37ms (next.js: 4ms, proxy.ts: 1.9ms, application-code: 31ms)
 POST /api/auth/sign-in/email 200 in 89ms (next.js: 4ms, proxy.ts: 3ms, application-code: 82ms)
 GET /dashboard 200 in 118ms (next.js: 2.0ms, proxy.ts: 3ms, application-code: 114ms)
 GET /sign-in 200 in 53ms (next.js: 4ms, proxy.ts: 2ms, application-code: 47ms)
 GET /api/auth/get-session 200 in 47ms (next.js: 14ms, proxy.ts: 8ms, application-code: 25ms)
 GET /api/auth/organization/list 200 in 48ms (next.js: 16ms, proxy.ts: 9ms, application-code: 23ms)
 POST /api/auth/sign-in/email 200 in 102ms (next.js: 11ms, proxy.ts: 3ms, application-code: 88ms)
 GET /dashboard 200 in 108ms (next.js: 1.9ms, proxy.ts: 3ms, application-code: 103ms)
 GET /account 200 in 55ms (next.js: 1.8ms, proxy.ts: 2ms, application-code: 51ms)
 GET /api/auth/get-session 200 in 42ms (next.js: 15ms, proxy.ts: 6ms, application-code: 21ms)
 GET /api/auth/organization/list 200 in 47ms (next.js: 15ms, proxy.ts: 9ms, application-code: 23ms)
 GET /api/auth/get-session 200 in 28ms (next.js: 8ms, proxy.ts: 3ms, application-code: 16ms)
 GET /api/auth/organization/list 200 in 30ms (next.js: 12ms, proxy.ts: 4ms, application-code: 14ms)
 GET /api/auth/passkey/list-user-passkeys 200 in 27ms (next.js: 14ms, proxy.ts: 4ms, application-code: 10ms)
 POST /api/auth/revoke-other-sessions 200 in 15ms (next.js: 2ms, proxy.ts: 4ms, application-code: 8ms)
 GET /api/auth/get-session 200 in 15ms (next.js: 6ms, proxy.ts: 3ms, application-code: 6ms)
 GET /api/auth/get-session 200 in 16ms (next.js: 3ms, proxy.ts: 3ms, application-code: 10ms)
 GET /api/auth/get-session 200 in 9ms (next.js: 2ms, proxy.ts: 1.6ms, application-code: 5ms)
 GET /api/auth/passkey/generate-register-options?authenticatorAttachment=platform&name=Passkey%20Ads%20by%20Yodev 200 in 13ms (next.js: 1.9ms, proxy.ts: 2ms, application-code: 8ms)
 POST /api/auth/passkey/verify-registration 200 in 15ms (next.js: 2ms, proxy.ts: 1.9ms, application-code: 11ms)
 GET /api/auth/passkey/list-user-passkeys 200 in 9ms (next.js: 1.8ms, proxy.ts: 1.5ms, application-code: 6ms)
 GET /api/auth/passkey/list-user-passkeys 200 in 10ms (next.js: 2.0ms, proxy.ts: 1.9ms, application-code: 6ms)
 POST /api/auth/passkey/delete-passkey 401 in 11ms (next.js: 2ms, proxy.ts: 1.9ms, application-code: 7ms)
 POST /api/auth/sign-out 200 in 19ms (next.js: 1.9ms, proxy.ts: 1.6ms, application-code: 15ms)
 GET /sign-in 200 in 39ms (next.js: 5ms, proxy.ts: 3ms, application-code: 31ms)
 GET /api/auth/passkey/generate-authenticate-options 200 in 13ms (next.js: 3ms, proxy.ts: 3ms, application-code: 7ms)
 POST /api/auth/passkey/verify-authentication 200 in 19ms (next.js: 4ms, proxy.ts: 1.9ms, application-code: 13ms)
 GET /dashboard 200 in 120ms (next.js: 1.8ms, proxy.ts: 2ms, application-code: 116ms)
 GET /api/auth/get-session 200 in 10ms (next.js: 2ms, proxy.ts: 2ms, application-code: 6ms)
 GET /api/auth/get-session 200 in 26ms (next.js: 6ms, proxy.ts: 12ms, application-code: 8ms)
 GET /api/auth/organization/list 200 in 26ms (next.js: 11ms, proxy.ts: 13ms, application-code: 2ms)
 GET /account 200 in 62ms (next.js: 1.8ms, proxy.ts: 3ms, application-code: 58ms)
 GET /api/auth/get-session 200 in 28ms (next.js: 7ms, proxy.ts: 5ms, application-code: 15ms)
 GET /api/auth/organization/list 200 in 29ms (next.js: 10ms, proxy.ts: 6ms, application-code: 13ms)
 GET /api/auth/passkey/list-user-passkeys 200 in 25ms (next.js: 13ms, proxy.ts: 3ms, application-code: 9ms)
 POST /api/auth/passkey/delete-passkey 200 in 12ms (next.js: 2ms, proxy.ts: 3ms, application-code: 7ms)
 GET /api/auth/passkey/list-user-passkeys 200 in 13ms (next.js: 3ms, proxy.ts: 3ms, application-code: 7ms)
 POST /api/auth/sign-out 200 in 25ms (next.js: 5ms, proxy.ts: 5ms, application-code: 14ms)
 GET /sign-in 200 in 45ms (next.js: 4ms, proxy.ts: 1.7ms, application-code: 40ms)
 GET /api/auth/passkey/generate-authenticate-options 200 in 16ms (next.js: 5ms, proxy.ts: 3ms, application-code: 8ms)
 POST /api/auth/passkey/verify-authentication 401 in 18ms (next.js: 5ms, proxy.ts: 4ms, application-code: 9ms)
 GET /api/auth/get-session 200 in 8ms (next.js: 2ms, proxy.ts: 1.8ms, application-code: 4ms)
 POST /api/auth/sign-in/magic-link 200 in 19ms (next.js: 1.9ms, proxy.ts: 3ms, application-code: 15ms)
 GET /api/auth/magic-link/verify?token=[REDACTED]&callbackURL=%2Fdashboard&errorCallbackURL=http%3A%2F%2Flocalhost%3A3017%2Fsign-in 302 in 12ms (next.js: 2ms, proxy.ts: 2ms, application-code: 7ms)
 GET /dashboard 200 in 105ms (next.js: 1.5ms, proxy.ts: 1.4ms, application-code: 102ms)
 GET /api/auth/get-session 200 in 24ms (next.js: 6ms, proxy.ts: 4ms, application-code: 14ms)
 GET /api/auth/organization/list 200 in 26ms (next.js: 13ms, proxy.ts: 4ms, application-code: 9ms)
 GET /invitation?id=ac876a4d-0066-4000-8332-85425f5df6c8 200 in 71ms (next.js: 34ms, proxy.ts: 2ms, application-code: 35ms)
 GET /api/auth/get-session 200 in 16ms (next.js: 4ms, proxy.ts: 5ms, application-code: 8ms)
 POST /api/auth/organization/accept-invitation 403 in 13ms (next.js: 2ms, proxy.ts: 3ms, application-code: 8ms)
 GET /invitation?id=021c6a07-f035-4168-afc6-92b4acc2408d 200 in 27ms (next.js: 1.6ms, proxy.ts: 2ms, application-code: 23ms)
 GET /api/auth/get-session 200 in 16ms (next.js: 1.9ms, proxy.ts: 2ms, application-code: 12ms)
 POST /api/auth/organization/accept-invitation 400 in 12ms (next.js: 2ms, proxy.ts: 2ms, application-code: 7ms)
 GET /invitation?id=32d0a8c7-1ba3-48ec-84de-09d586a66272 200 in 28ms (next.js: 1.8ms, proxy.ts: 1.8ms, application-code: 24ms)
 GET /api/auth/get-session 200 in 16ms (next.js: 3ms, proxy.ts: 7ms, application-code: 6ms)
 POST /api/auth/organization/accept-invitation 400 in 14ms (next.js: 3ms, proxy.ts: 3ms, application-code: 8ms)
 GET /invitation?id=5d2c6e85-3639-466b-8107-0911f5fa05b7 200 in 26ms (next.js: 1.5ms, proxy.ts: 1.9ms, application-code: 23ms)
 GET /api/auth/get-session 200 in 12ms (next.js: 2ms, proxy.ts: 3ms, application-code: 6ms)
 GET /sign-in?returnTo=%2Finvitation%3Fid%3D5d2c6e85-3639-466b-8107-0911f5fa05b7 200 in 22ms (next.js: 5ms, proxy.ts: 3ms, application-code: 14ms)
 POST /api/auth/sign-in/magic-link 200 in 18ms (next.js: 4ms, proxy.ts: 3ms, application-code: 11ms)
 GET /api/auth/magic-link/verify?token=[REDACTED]&callbackURL=%2Finvitation%3Fid%3D5d2c6e85-3639-466b-8107-0911f5fa05b7&errorCallbackURL=http%3A%2F%2Flocalhost%3A3017%2Fsign-in%3FreturnTo%3D%252Finvitation%253Fid%253D5d2c6e85-3639-466b-8107-0911f5fa05b7 302 in 25ms (next.js: 3ms, proxy.ts: 1.9ms, application-code: 20ms)
 GET /invitation?id=5d2c6e85-3639-466b-8107-0911f5fa05b7 200 in 30ms (next.js: 1.8ms, proxy.ts: 1.9ms, application-code: 26ms)
 GET /api/auth/get-session 200 in 10ms (next.js: 2ms, proxy.ts: 2ms, application-code: 6ms)
 POST /api/auth/organization/accept-invitation 200 in 14ms (next.js: 1.9ms, proxy.ts: 2ms, application-code: 10ms)
 POST /api/auth/organization/set-active 200 in 11ms (next.js: 1.7ms, proxy.ts: 1.9ms, application-code: 7ms)
 GET /api/auth/get-session 200 in 85ms (next.js: 58ms, proxy.ts: 14ms, application-code: 13ms)
 GET /dashboard 200 in 133ms (next.js: 2ms, proxy.ts: 3ms, application-code: 128ms)
 GET /api/auth/get-session 200 in 13ms (next.js: 4ms, proxy.ts: 3ms, application-code: 7ms)
 GET /api/auth/get-session 200 in 22ms (next.js: 5ms, proxy.ts: 3ms, application-code: 14ms)
 GET /api/auth/organization/list 200 in 23ms (next.js: 9ms, proxy.ts: 3ms, application-code: 11ms)
 POST /api/auth/sign-out 200 in 16ms (next.js: 2ms, proxy.ts: 3ms, application-code: 10ms)
 GET /sign-in 200 in 56ms (next.js: 4ms, proxy.ts: 3ms, application-code: 49ms)
 GET /api/auth/get-session 200 in 15ms (next.js: 4ms, proxy.ts: 4ms, application-code: 7ms)
  ✓   5 [chromium] › e2e/auth-lifecycle-local.spec.ts:85:9 › auth lifecycle fr: verification, magic link, reset, sessions and passkey (10.1s)
 GET /sign-up 200 in 73ms (next.js: 10ms, proxy.ts: 5ms, application-code: 58ms)
 POST /api/auth/sign-up/email 200 in 90ms (next.js: 3ms, proxy.ts: 4ms, application-code: 83ms)
 GET /api/auth/get-session 200 in 9ms (next.js: 3ms, proxy.ts: 1.8ms, application-code: 4ms)
 GET /sign-in 200 in 36ms (next.js: 6ms, proxy.ts: 4ms, application-code: 27ms)
 POST /api/auth/sign-in/email 403 in 91ms (next.js: 4ms, proxy.ts: 3ms, application-code: 84ms)
 GET /api/auth/get-session 200 in 9ms (next.js: 2ms, proxy.ts: 2ms, application-code: 5ms)
 GET /api/auth/verify-email?token=[REDACTED]&callbackURL=%2Fdashboard 302 in 9ms (next.js: 1.8ms, proxy.ts: 1.6ms, application-code: 5ms)
 GET /dashboard 307 in 41ms (next.js: 1.7ms, proxy.ts: 1.5ms, application-code: 37ms)
 GET /sign-in 200 in 38ms (next.js: 3ms, proxy.ts: 1.6ms, application-code: 34ms)
 GET /sign-in 200 in 42ms (next.js: 5ms, proxy.ts: 3ms, application-code: 34ms)
 POST /api/auth/sign-in/email 200 in 78ms (next.js: 2ms, proxy.ts: 2ms, application-code: 74ms)
 GET /dashboard 307 in 50ms (next.js: 1.8ms, proxy.ts: 2ms, application-code: 46ms)
 GET /onboarding 200 in 44ms (next.js: 1.6ms, proxy.ts: 1.7ms, application-code: 41ms)
 GET /settings 200 in 76ms (next.js: 3ms, proxy.ts: 1.7ms, application-code: 72ms)
 POST /onboarding 200 in 96ms (next.js: 1.7ms, proxy.ts: 2ms, application-code: 92ms)
  └─ ƒ createWorkspace({}) in 8ms src/app/onboarding/actions.ts
 GET /api/auth/get-session 200 in 36ms (next.js: 6ms, proxy.ts: 5ms, application-code: 26ms)
 GET /api/auth/organization/list 200 in 41ms (next.js: 11ms, proxy.ts: 4ms, application-code: 25ms)
 GET /api/auth/get-session 200 in 28ms (next.js: 6ms, proxy.ts: 16ms, application-code: 5ms)
 GET /sign-in 200 in 41ms (next.js: 4ms, proxy.ts: 3ms, application-code: 35ms)
 POST /api/auth/sign-in/magic-link 200 in 13ms (next.js: 2ms, proxy.ts: 2ms, application-code: 8ms)
 GET /api/auth/magic-link/verify?token=[REDACTED]&callbackURL=%2Fdashboard&errorCallbackURL=http%3A%2F%2Flocalhost%3A3017%2Fsign-in 302 in 12ms (next.js: 2.0ms, proxy.ts: 2ms, application-code: 8ms)
 GET /dashboard 200 in 108ms (next.js: 1.7ms, proxy.ts: 1.5ms, application-code: 105ms)
 GET /api/auth/get-session 200 in 20ms (next.js: 4ms, proxy.ts: 2ms, application-code: 14ms)
 GET /api/auth/get-session 200 in 30ms (next.js: 8ms, proxy.ts: 4ms, application-code: 18ms)
 GET /api/auth/organization/list 200 in 32ms (next.js: 17ms, proxy.ts: 4ms, application-code: 11ms)
 GET /api/auth/magic-link/verify?token=[REDACTED]&callbackURL=%2Fdashboard&errorCallbackURL=http%3A%2F%2Flocalhost%3A3017%2Fsign-in 302 in 15ms (next.js: 5ms, proxy.ts: 5ms, application-code: 5ms)
 GET /sign-in?error=INVALID_TOKEN 200 in 41ms (next.js: 4ms, proxy.ts: 1.9ms, application-code: 35ms)
 GET /api/auth/get-session 200 in 16ms (next.js: 5ms, proxy.ts: 4ms, application-code: 7ms)
 GET /forgot-password 200 in 40ms (next.js: 3ms, proxy.ts: 2ms, application-code: 35ms)
 POST /api/auth/request-password-reset 200 in 15ms (next.js: 2ms, proxy.ts: 3ms, application-code: 10ms)
 GET /api/auth/reset-password/[REDACTED]?callbackURL=%2Freset-password 302 in 14ms (next.js: 4ms, proxy.ts: 3ms, application-code: 8ms)
 GET /reset-password?token=[REDACTED] 200 in 41ms (next.js: 2ms, proxy.ts: 1.7ms, application-code: 37ms)
 POST /api/auth/reset-password 200 in 81ms (next.js: 3ms, proxy.ts: 3ms, application-code: 76ms)
 GET /api/auth/get-session 200 in 11ms (next.js: 2ms, proxy.ts: 3ms, application-code: 6ms)
 GET /api/auth/get-session 200 in 9ms (next.js: 1.8ms, proxy.ts: 1.7ms, application-code: 6ms)
 GET /api/auth/reset-password/[REDACTED]?callbackURL=%2Freset-password 302 in 12ms (next.js: 3ms, proxy.ts: 2ms, application-code: 7ms)
 GET /reset-password?error=INVALID_TOKEN 200 in 32ms (next.js: 1.8ms, proxy.ts: 2ms, application-code: 28ms)
 GET /sign-in 200 in 50ms (next.js: 4ms, proxy.ts: 4ms, application-code: 42ms)
2026-09-07T06:38:11.409Z WARN [Better Auth]: Invalid password
 POST /api/auth/sign-in/email 401 in 97ms (next.js: 5ms, proxy.ts: 3ms, application-code: 89ms)
 GET /api/auth/get-session 200 in 9ms (next.js: 3ms, proxy.ts: 1.8ms, application-code: 4ms)
 GET /sign-in 200 in 41ms (next.js: 3ms, proxy.ts: 1.8ms, application-code: 36ms)
 POST /api/auth/sign-in/email 200 in 88ms (next.js: 2ms, proxy.ts: 4ms, application-code: 82ms)
 GET /dashboard 200 in 119ms (next.js: 3ms, proxy.ts: 4ms, application-code: 112ms)
 GET /sign-in 200 in 82ms (next.js: 4ms, proxy.ts: 4ms, application-code: 73ms)
 GET /api/auth/get-session 200 in 52ms (next.js: 13ms, proxy.ts: 20ms, application-code: 19ms)
 GET /api/auth/organization/list 200 in 43ms (next.js: 16ms, proxy.ts: 8ms, application-code: 19ms)
 POST /api/auth/sign-in/email 200 in 84ms (next.js: 3ms, proxy.ts: 2ms, application-code: 78ms)
 GET /dashboard 200 in 128ms (next.js: 2ms, proxy.ts: 3ms, application-code: 123ms)
 GET /account 200 in 86ms (next.js: 3ms, proxy.ts: 5ms, application-code: 78ms)
 GET /api/auth/get-session 200 in 56ms (next.js: 14ms, proxy.ts: 24ms, application-code: 18ms)
 GET /api/auth/organization/list 200 in 49ms (next.js: 16ms, proxy.ts: 13ms, application-code: 19ms)
 GET /api/auth/organization/list 200 in 41ms (next.js: 15ms, proxy.ts: 13ms, application-code: 14ms)
 GET /api/auth/get-session 200 in 41ms (next.js: 8ms, proxy.ts: 15ms, application-code: 19ms)
 GET /api/auth/passkey/list-user-passkeys 200 in 38ms (next.js: 14ms, proxy.ts: 11ms, application-code: 14ms)
 POST /api/auth/revoke-other-sessions 200 in 15ms (next.js: 2ms, proxy.ts: 3ms, application-code: 10ms)
 GET /api/auth/get-session 200 in 15ms (next.js: 3ms, proxy.ts: 3ms, application-code: 9ms)
 GET /api/auth/get-session 200 in 16ms (next.js: 6ms, proxy.ts: 3ms, application-code: 7ms)
 GET /api/auth/get-session 200 in 10ms (next.js: 2.0ms, proxy.ts: 1.7ms, application-code: 7ms)
 GET /api/auth/passkey/generate-register-options?authenticatorAttachment=platform&name=Ads%20by%20Yodev%20passkey 200 in 22ms (next.js: 2ms, proxy.ts: 3ms, application-code: 16ms)
 POST /api/auth/passkey/verify-registration 200 in 21ms (next.js: 5ms, proxy.ts: 3ms, application-code: 13ms)
 GET /api/auth/passkey/list-user-passkeys 200 in 11ms (next.js: 2ms, proxy.ts: 3ms, application-code: 7ms)
 GET /api/auth/passkey/list-user-passkeys 200 in 12ms (next.js: 4ms, proxy.ts: 2.0ms, application-code: 7ms)
 POST /api/auth/passkey/delete-passkey 401 in 11ms (next.js: 2ms, proxy.ts: 1.7ms, application-code: 7ms)
 POST /api/auth/sign-out 200 in 11ms (next.js: 2ms, proxy.ts: 1.7ms, application-code: 7ms)
 GET /sign-in 200 in 39ms (next.js: 4ms, proxy.ts: 2.0ms, application-code: 34ms)
 GET /api/auth/passkey/generate-authenticate-options 200 in 17ms (next.js: 7ms, proxy.ts: 2ms, application-code: 8ms)
 POST /api/auth/passkey/verify-authentication 200 in 23ms (next.js: 6ms, proxy.ts: 5ms, application-code: 12ms)
 GET /dashboard 200 in 162ms (next.js: 7ms, proxy.ts: 5ms, application-code: 149ms)
 GET /api/auth/get-session 200 in 17ms (next.js: 5ms, proxy.ts: 3ms, application-code: 9ms)
 GET /api/auth/organization/list 200 in 30ms (next.js: 13ms, proxy.ts: 14ms, application-code: 3ms)
 GET /api/auth/get-session 200 in 43ms (next.js: 8ms, proxy.ts: 24ms, application-code: 11ms)
 GET /account 200 in 76ms (next.js: 2ms, proxy.ts: 1.8ms, application-code: 72ms)
 GET /api/auth/get-session 200 in 29ms (next.js: 5ms, proxy.ts: 13ms, application-code: 11ms)
 GET /api/auth/passkey/list-user-passkeys 200 in 22ms (next.js: 8ms, proxy.ts: 5ms, application-code: 8ms)
 GET /api/auth/organization/list 200 in 31ms (next.js: 7ms, proxy.ts: 13ms, application-code: 12ms)
 POST /api/auth/passkey/delete-passkey 200 in 13ms (next.js: 3ms, proxy.ts: 2ms, application-code: 7ms)
 POST /api/auth/sign-out 200 in 16ms (next.js: 7ms, proxy.ts: 3ms, application-code: 7ms)
 GET /api/auth/passkey/list-user-passkeys 200 in 19ms (next.js: 3ms, proxy.ts: 3ms, application-code: 13ms)
 GET /sign-in 200 in 45ms (next.js: 4ms, proxy.ts: 3ms, application-code: 38ms)
 GET /api/auth/passkey/generate-authenticate-options 200 in 15ms (next.js: 4ms, proxy.ts: 3ms, application-code: 8ms)
 POST /api/auth/passkey/verify-authentication 401 in 31ms (next.js: 6ms, proxy.ts: 5ms, application-code: 19ms)
 GET /api/auth/get-session 200 in 20ms (next.js: 4ms, proxy.ts: 2ms, application-code: 14ms)
 POST /api/auth/sign-in/magic-link 200 in 19ms (next.js: 4ms, proxy.ts: 4ms, application-code: 10ms)
 GET /api/auth/magic-link/verify?token=[REDACTED]&callbackURL=%2Fdashboard&errorCallbackURL=http%3A%2F%2Flocalhost%3A3017%2Fsign-in 302 in 12ms (next.js: 2ms, proxy.ts: 2ms, application-code: 8ms)
 GET /dashboard 200 in 124ms (next.js: 1.9ms, proxy.ts: 1.9ms, application-code: 120ms)
 GET /api/auth/get-session 200 in 25ms (next.js: 14ms, proxy.ts: 3ms, application-code: 8ms)
 GET /api/auth/organization/list 200 in 27ms (next.js: 7ms, proxy.ts: 4ms, application-code: 16ms)
 GET /invitation?id=1f192e22-768f-488c-94ce-4cdbb4546f56 200 in 40ms (next.js: 1.9ms, proxy.ts: 1.9ms, application-code: 37ms)
 GET /api/auth/get-session 200 in 11ms (next.js: 2ms, proxy.ts: 2ms, application-code: 6ms)
 POST /api/auth/organization/accept-invitation 403 in 13ms (next.js: 2ms, proxy.ts: 3ms, application-code: 8ms)
 GET /invitation?id=7f261993-e305-4b52-b080-f0888dbf7a6c 200 in 35ms (next.js: 1.7ms, proxy.ts: 2ms, application-code: 31ms)
 GET /api/auth/get-session 200 in 13ms (next.js: 4ms, proxy.ts: 3ms, application-code: 6ms)
 POST /api/auth/organization/accept-invitation 400 in 12ms (next.js: 2ms, proxy.ts: 3ms, application-code: 7ms)
 GET /invitation?id=8714c1d5-5823-4d85-9db7-49d66d687fe1 200 in 29ms (next.js: 1.3ms, proxy.ts: 3ms, application-code: 25ms)
 GET /api/auth/get-session 200 in 14ms (next.js: 2.0ms, proxy.ts: 7ms, application-code: 5ms)
 POST /api/auth/organization/accept-invitation 400 in 12ms (next.js: 2ms, proxy.ts: 3ms, application-code: 7ms)
 GET /invitation?id=d866003a-b6c8-4832-af53-ec867056ce1b 200 in 40ms (next.js: 1.8ms, proxy.ts: 2.0ms, application-code: 36ms)
 GET /api/auth/get-session 200 in 11ms (next.js: 3ms, proxy.ts: 3ms, application-code: 5ms)
 GET /sign-in?returnTo=%2Finvitation%3Fid%3Dd866003a-b6c8-4832-af53-ec867056ce1b 200 in 23ms (next.js: 4ms, proxy.ts: 2ms, application-code: 17ms)
 POST /api/auth/sign-in/magic-link 200 in 18ms (next.js: 3ms, proxy.ts: 5ms, application-code: 10ms)
 GET /api/auth/magic-link/verify?token=[REDACTED]&callbackURL=%2Finvitation%3Fid%3Dd866003a-b6c8-4832-af53-ec867056ce1b&errorCallbackURL=http%3A%2F%2Flocalhost%3A3017%2Fsign-in%3FreturnTo%3D%252Finvitation%253Fid%253Dd866003a-b6c8-4832-af53-ec867056ce1b 302 in 14ms (next.js: 3ms, proxy.ts: 2ms, application-code: 9ms)
 GET /invitation?id=d866003a-b6c8-4832-af53-ec867056ce1b 200 in 30ms (next.js: 1.9ms, proxy.ts: 1.9ms, application-code: 26ms)
 GET /api/auth/get-session 200 in 10ms (next.js: 2.0ms, proxy.ts: 3ms, application-code: 6ms)
 POST /api/auth/organization/accept-invitation 200 in 14ms (next.js: 2ms, proxy.ts: 2.0ms, application-code: 10ms)
 POST /api/auth/organization/set-active 200 in 11ms (next.js: 1.8ms, proxy.ts: 1.6ms, application-code: 8ms)
 GET /api/auth/get-session 200 in 41ms (next.js: 15ms, proxy.ts: 2ms, application-code: 23ms)
 GET /api/auth/get-session 200 in 69ms (next.js: 43ms, proxy.ts: 12ms, application-code: 14ms)
 GET /dashboard 200 in 133ms (next.js: 2ms, proxy.ts: 3ms, application-code: 128ms)
 GET /api/auth/get-session 200 in 13ms (next.js: 5ms, proxy.ts: 2ms, application-code: 6ms)
 GET /api/auth/get-session 200 in 21ms (next.js: 6ms, proxy.ts: 3ms, application-code: 13ms)
 GET /api/auth/organization/list 200 in 23ms (next.js: 10ms, proxy.ts: 3ms, application-code: 10ms)
 POST /api/auth/sign-out 200 in 9ms (next.js: 1.8ms, proxy.ts: 1.8ms, application-code: 6ms)
 GET /sign-in 200 in 46ms (next.js: 11ms, proxy.ts: 1.8ms, application-code: 33ms)
 GET /api/auth/get-session 200 in 10ms (next.js: 2ms, proxy.ts: 2ms, application-code: 5ms)
  ✓   6 [chromium] › e2e/auth-lifecycle-local.spec.ts:85:9 › auth lifecycle en: verification, magic link, reset, sessions and passkey (9.6s)
 GET /dashboard 200 in 112ms (next.js: 2.0ms, proxy.ts: 1.8ms, application-code: 108ms)
 GET /api/auth/get-session 200 in 124ms (next.js: 55ms, proxy.ts: 6ms, application-code: 63ms)
 GET /api/auth/organization/list 200 in 134ms (next.js: 57ms, proxy.ts: 7ms, application-code: 70ms)
 GET /settings 200 in 234ms (next.js: 8ms, proxy.ts: 15ms, application-code: 211ms)
 GET /api/auth/get-session 200 in 95ms (next.js: 12ms, proxy.ts: 27ms, application-code: 55ms)
 GET /api/auth/organization/list 200 in 93ms (next.js: 14ms, proxy.ts: 26ms, application-code: 53ms)
 GET /billing 200 in 192ms (next.js: 4ms, proxy.ts: 3ms, application-code: 185ms)
 GET /api/auth/get-session 200 in 98ms (next.js: 16ms, proxy.ts: 29ms, application-code: 53ms)
 GET /api/auth/organization/list 200 in 97ms (next.js: 25ms, proxy.ts: 27ms, application-code: 46ms)
 GET /support 200 in 161ms (next.js: 3ms, proxy.ts: 2ms, application-code: 156ms)
  ✓   7 [chromium] › e2e/authenticated-rbac.spec.ts:55:9 › authenticated five-role route matrix › owner has only its server-authorized product surface (1.4s)
 GET /dashboard 200 in 117ms (next.js: 1.9ms, proxy.ts: 2ms, application-code: 113ms)
 GET /api/auth/get-session 200 in 127ms (next.js: 32ms, proxy.ts: 27ms, application-code: 68ms)
 GET /api/auth/organization/list 200 in 183ms (next.js: 67ms, proxy.ts: 27ms, application-code: 89ms)
 GET /settings 200 in 213ms (next.js: 2ms, proxy.ts: 2ms, application-code: 208ms)
 GET /api/auth/get-session 200 in 101ms (next.js: 22ms, proxy.ts: 26ms, application-code: 53ms)
 GET /api/auth/organization/list 200 in 125ms (next.js: 30ms, proxy.ts: 25ms, application-code: 70ms)
 GET /support 200 in 159ms (next.js: 3ms, proxy.ts: 1.9ms, application-code: 155ms)
⨯ Error [PermissionDeniedError]: Permission required: billing:manage
    at requirePermission (src/lib/permissions.ts:79:19)
    at requireWorkspacePermission (src/lib/workspace.ts:164:73)
    at async BillingPage (src/app/(app)/billing/page.tsx:23:40)
  77 | export function requirePermission(role: WorkspaceRole, permission: Permission) {
  78 |   if (!rolePermissions[role].has(permission)) {
> 79 |     const error = new Error(`Permission required: ${permission}`)
     |                   ^
  80 |     error.name = 'PermissionDeniedError'
  81 |     throw error
  82 |   } {
  digest: '3163797875'
}
 GET /api/auth/get-session 200 in 80ms (next.js: 53ms, proxy.ts: 11ms, application-code: 17ms)
 GET /api/auth/organization/list 200 in 91ms (next.js: 56ms, proxy.ts: 11ms, application-code: 25ms)
 GET /billing 307 in 147ms (next.js: 1.9ms, proxy.ts: 1.8ms, application-code: 144ms)
 GET /support?error=Acc%C3%A8s%20non%20autoris%C3%A9 200 in 217ms (next.js: 22ms, proxy.ts: 8ms, application-code: 187ms)
  ✓   8 [chromium] › e2e/authenticated-rbac.spec.ts:55:9 › authenticated five-role route matrix › admin has only its server-authorized product surface (1.5s)
 GET /dashboard 200 in 102ms (next.js: 1.9ms, proxy.ts: 1.8ms, application-code: 98ms)
 GET /api/auth/get-session 200 in 100ms (next.js: 18ms, proxy.ts: 24ms, application-code: 58ms)
 GET /api/auth/organization/list 200 in 128ms (next.js: 27ms, proxy.ts: 23ms, application-code: 77ms)
 GET /tasks 200 in 168ms (next.js: 4ms, proxy.ts: 3ms, application-code: 161ms)
 GET /api/auth/get-session 200 in 87ms (next.js: 14ms, proxy.ts: 24ms, application-code: 49ms)
 GET /api/auth/organization/list 200 in 109ms (next.js: 22ms, proxy.ts: 22ms, application-code: 65ms)
 GET /support 200 in 142ms (next.js: 2ms, proxy.ts: 1.9ms, application-code: 138ms)
⨯ Error [PermissionDeniedError]: Permission required: workspace:admin
    at requirePermission (src/lib/permissions.ts:79:19)
    at requireWorkspacePermission (src/lib/workspace.ts:164:73)
    at async SettingsPage (src/app/(app)/settings/page.tsx:51:57)
  77 | export function requirePermission(role: WorkspaceRole, permission: Permission) {
  78 |   if (!rolePermissions[role].has(permission)) {
> 79 |     const error = new Error(`Permission required: ${permission}`)
     |                   ^
  80 |     error.name = 'PermissionDeniedError'
  81 |     throw error
  82 |   } {
  digest: '3049448933'
}
 GET /api/auth/get-session 200 in 75ms (next.js: 22ms, proxy.ts: 25ms, application-code: 27ms)
 GET /api/auth/organization/list 200 in 74ms (next.js: 27ms, proxy.ts: 24ms, application-code: 22ms)
 GET /settings 307 in 102ms (next.js: 2ms, proxy.ts: 2ms, application-code: 97ms)
 GET /support?error=Acc%C3%A8s%20non%20autoris%C3%A9 200 in 118ms (next.js: 3ms, proxy.ts: 4ms, application-code: 112ms)
⨯ Error [PermissionDeniedError]: Permission required: billing:manage
    at requirePermission (src/lib/permissions.ts:79:19)
    at requireWorkspacePermission (src/lib/workspace.ts:164:73)
    at async BillingPage (src/app/(app)/billing/page.tsx:23:40)
  77 | export function requirePermission(role: WorkspaceRole, permission: Permission) {
  78 |   if (!rolePermissions[role].has(permission)) {
> 79 |     const error = new Error(`Permission required: ${permission}`)
     |                   ^
  80 |     error.name = 'PermissionDeniedError'
  81 |     throw error
  82 |   } {
  digest: '3163797875'
}
 GET /api/auth/get-session 200 in 76ms (next.js: 19ms, proxy.ts: 25ms, application-code: 32ms)
 GET /api/auth/organization/list 200 in 76ms (next.js: 23ms, proxy.ts: 24ms, application-code: 30ms)
 GET /billing 307 in 99ms (next.js: 2ms, proxy.ts: 2ms, application-code: 95ms)
 GET /support?error=Acc%C3%A8s%20non%20autoris%C3%A9 200 in 128ms (next.js: 2ms, proxy.ts: 4ms, application-code: 122ms)
  ✓   9 [chromium] › e2e/authenticated-rbac.spec.ts:55:9 › authenticated five-role route matrix › strategist has only its server-authorized product surface (1.6s)
 GET /dashboard 200 in 104ms (next.js: 1.7ms, proxy.ts: 1.6ms, application-code: 101ms)
 GET /api/auth/get-session 200 in 96ms (next.js: 17ms, proxy.ts: 24ms, application-code: 55ms)
 GET /api/auth/organization/list 200 in 124ms (next.js: 25ms, proxy.ts: 22ms, application-code: 76ms)
 GET /reports 200 in 160ms (next.js: 5ms, proxy.ts: 2ms, application-code: 153ms)
 GET /api/auth/get-session 200 in 91ms (next.js: 14ms, proxy.ts: 27ms, application-code: 50ms)
 GET /api/auth/organization/list 200 in 122ms (next.js: 23ms, proxy.ts: 24ms, application-code: 75ms)
 GET /support 200 in 154ms (next.js: 1.9ms, proxy.ts: 2.0ms, application-code: 151ms)
⨯ Error [PermissionDeniedError]: Permission required: workspace:admin
    at requirePermission (src/lib/permissions.ts:79:19)
    at requireWorkspacePermission (src/lib/workspace.ts:164:73)
    at async SettingsPage (src/app/(app)/settings/page.tsx:51:57)
  77 | export function requirePermission(role: WorkspaceRole, permission: Permission) {
  78 |   if (!rolePermissions[role].has(permission)) {
> 79 |     const error = new Error(`Permission required: ${permission}`)
     |                   ^
  80 |     error.name = 'PermissionDeniedError'
  81 |     throw error
  82 |   } {
  digest: '3049448933'
}
 GET /api/auth/get-session 200 in 70ms (next.js: 19ms, proxy.ts: 27ms, application-code: 25ms)
 GET /api/auth/organization/list 200 in 71ms (next.js: 24ms, proxy.ts: 25ms, application-code: 23ms)
 GET /settings 307 in 97ms (next.js: 2ms, proxy.ts: 1.9ms, application-code: 93ms)
 GET /support?error=Acc%C3%A8s%20non%20autoris%C3%A9 200 in 122ms (next.js: 2ms, proxy.ts: 4ms, application-code: 116ms)
⨯ Error [PermissionDeniedError]: Permission required: billing:manage
    at requirePermission (src/lib/permissions.ts:79:19)
    at requireWorkspacePermission (src/lib/workspace.ts:164:73)
    at async BillingPage (src/app/(app)/billing/page.tsx:23:40)
  77 | export function requirePermission(role: WorkspaceRole, permission: Permission) {
  78 |   if (!rolePermissions[role].has(permission)) {
> 79 |     const error = new Error(`Permission required: ${permission}`)
     |                   ^
  80 |     error.name = 'PermissionDeniedError'
  81 |     throw error
  82 |   } {
  digest: '3163797875'
}
 GET /api/auth/get-session 200 in 69ms (next.js: 19ms, proxy.ts: 26ms, application-code: 24ms)
 GET /api/auth/organization/list 200 in 68ms (next.js: 22ms, proxy.ts: 25ms, application-code: 21ms)
 GET /billing 307 in 92ms (next.js: 2ms, proxy.ts: 1.8ms, application-code: 88ms)
 GET /support?error=Acc%C3%A8s%20non%20autoris%C3%A9 200 in 125ms (next.js: 2ms, proxy.ts: 3ms, application-code: 119ms)
  ✓  10 [chromium] › e2e/authenticated-rbac.spec.ts:55:9 › authenticated five-role route matrix › analyst has only its server-authorized product surface (1.6s)
 GET /support 200 in 100ms (next.js: 2ms, proxy.ts: 1.8ms, application-code: 96ms)
⨯ Error [PermissionDeniedError]: Permission required: portfolio:read
    at requirePermission (src/lib/permissions.ts:79:19)
    at requireWorkspacePermission (src/lib/workspace.ts:164:73)
    at async DashboardPage (src/app/(app)/dashboard/page.tsx:27:54)
  77 | export function requirePermission(role: WorkspaceRole, permission: Permission) {
  78 |   if (!rolePermissions[role].has(permission)) {
> 79 |     const error = new Error(`Permission required: ${permission}`)
     |                   ^
  80 |     error.name = 'PermissionDeniedError'
  81 |     throw error
  82 |   } {
  digest: '1312823012'
}
 GET /api/auth/get-session 200 in 77ms (next.js: 42ms, proxy.ts: 4ms, application-code: 31ms)
 GET /api/auth/organization/list 200 in 94ms (next.js: 44ms, proxy.ts: 5ms, application-code: 44ms)
 GET /dashboard 307 in 98ms (next.js: 3ms, proxy.ts: 5ms, application-code: 90ms)
 GET /support?error=Acc%C3%A8s%20non%20autoris%C3%A9 200 in 97ms (next.js: 2ms, proxy.ts: 1.6ms, application-code: 93ms)
⨯ Error [PermissionDeniedError]: Permission required: workspace:admin
    at requirePermission (src/lib/permissions.ts:79:19)
    at requireWorkspacePermission (src/lib/workspace.ts:164:73)
    at async SettingsPage (src/app/(app)/settings/page.tsx:51:57)
  77 | export function requirePermission(role: WorkspaceRole, permission: Permission) {
  78 |   if (!rolePermissions[role].has(permission)) {
> 79 |     const error = new Error(`Permission required: ${permission}`)
     |                   ^
  80 |     error.name = 'PermissionDeniedError'
  81 |     throw error
  82 |   } {
  digest: '3049448933'
}
 GET /api/auth/get-session 200 in 63ms (next.js: 40ms, proxy.ts: 4ms, application-code: 19ms)
 GET /api/auth/organization/list 200 in 80ms (next.js: 43ms, proxy.ts: 4ms, application-code: 33ms)
 GET /settings 307 in 86ms (next.js: 3ms, proxy.ts: 4ms, application-code: 79ms)
 GET /support?error=Acc%C3%A8s%20non%20autoris%C3%A9 200 in 100ms (next.js: 1.7ms, proxy.ts: 2ms, application-code: 96ms)
 GET /api/auth/get-session 200 in 68ms (next.js: 24ms, proxy.ts: 8ms, application-code: 35ms)
 GET /api/auth/organization/list 200 in 74ms (next.js: 30ms, proxy.ts: 9ms, application-code: 34ms)
⨯ Error [PermissionDeniedError]: Permission required: billing:manage
    at requirePermission (src/lib/permissions.ts:79:19)
    at requireWorkspacePermission (src/lib/workspace.ts:164:73)
    at async BillingPage (src/app/(app)/billing/page.tsx:23:40)
  77 | export function requirePermission(role: WorkspaceRole, permission: Permission) {
  78 |   if (!rolePermissions[role].has(permission)) {
> 79 |     const error = new Error(`Permission required: ${permission}`)
     |                   ^
  80 |     error.name = 'PermissionDeniedError'
  81 |     throw error
  82 |   } {
  digest: '3163797875'
}
 GET /billing 307 in 99ms (next.js: 7ms, proxy.ts: 9ms, application-code: 83ms)
 GET /support?error=Acc%C3%A8s%20non%20autoris%C3%A9 200 in 105ms (next.js: 2ms, proxy.ts: 1.8ms, application-code: 101ms)
  ✓  11 [chromium] › e2e/authenticated-rbac.spec.ts:55:9 › authenticated five-role route matrix › client has only its server-authorized product surface (1.3s)
 GET /api/exports/80000000-0000-4000-8000-000000000003 404 in 776ms (next.js: 750ms, proxy.ts: 2ms, application-code: 24ms)
  ✓  12 [chromium] › e2e/authenticated-rbac.spec.ts:75:9 › authenticated five-role route matrix › owner cannot cross the direct export API boundary (1.1s)
 GET /api/exports/80000000-0000-4000-8000-000000000003 403 in 12ms (next.js: 3ms, proxy.ts: 1.6ms, application-code: 7ms)
  ✓  13 [chromium] › e2e/authenticated-rbac.spec.ts:75:9 › authenticated five-role route matrix › admin cannot cross the direct export API boundary (49ms)
 GET /api/exports/80000000-0000-4000-8000-000000000003 403 in 11ms (next.js: 1.9ms, proxy.ts: 1.7ms, application-code: 8ms)
  ✓  14 [chromium] › e2e/authenticated-rbac.spec.ts:75:9 › authenticated five-role route matrix › strategist cannot cross the direct export API boundary (49ms)
 GET /api/exports/80000000-0000-4000-8000-000000000003 403 in 11ms (next.js: 2ms, proxy.ts: 2ms, application-code: 7ms)
  ✓  15 [chromium] › e2e/authenticated-rbac.spec.ts:75:9 › authenticated five-role route matrix › analyst cannot cross the direct export API boundary (50ms)
 GET /api/exports/80000000-0000-4000-8000-000000000003 403 in 12ms (next.js: 1.8ms, proxy.ts: 1.7ms, application-code: 9ms)
  ✓  16 [chromium] › e2e/authenticated-rbac.spec.ts:75:9 › authenticated five-role route matrix › client cannot cross the direct export API boundary (52ms)
 GET /settings 200 in 177ms (next.js: 1.7ms, proxy.ts: 1.8ms, application-code: 174ms)
 GET /api/auth/get-session 200 in 40ms (next.js: 17ms, proxy.ts: 6ms, application-code: 17ms)
 GET /api/auth/organization/list 200 in 41ms (next.js: 7ms, proxy.ts: 6ms, application-code: 28ms)
 POST /settings 200 in 97ms (next.js: 4ms, proxy.ts: 4ms, application-code: 88ms)
  └─ ƒ updateWorkspaceLocale({}) in 21ms src/app/actions.ts
 GET /settings?notice=Workspace+language+updated. 200 in 120ms (next.js: 6ms, proxy.ts: 5ms, application-code: 108ms)
 GET /settings?notice=Workspace+language+updated. 200 in 79ms (next.js: 1.8ms, proxy.ts: 1.7ms, application-code: 76ms)
 POST /settings 200 in 139ms (next.js: 20ms, proxy.ts: 12ms, application-code: 108ms)
  └─ ƒ updateWorkspaceLocale({}) in 23ms src/app/actions.ts
 GET /settings?notice=Workspace+language+updated. 200 in 72ms (next.js: 1.7ms, proxy.ts: 4ms, application-code: 66ms)
 POST /settings 200 in 88ms (next.js: 1.7ms, proxy.ts: 1.8ms, application-code: 84ms)
  └─ ƒ updateWorkspaceLocale({}) in 8ms src/app/actions.ts
⨯ Error [PermissionDeniedError]: Permission required: workspace:admin
    at requirePermission (src/lib/permissions.ts:79:19)
    at requireWorkspacePermission (src/lib/workspace.ts:164:73)
    at async SettingsPage (src/app/(app)/settings/page.tsx:51:57)
  77 | export function requirePermission(role: WorkspaceRole, permission: Permission) {
  78 |   if (!rolePermissions[role].has(permission)) {
> 79 |     const error = new Error(`Permission required: ${permission}`)
     |                   ^
  80 |     error.name = 'PermissionDeniedError'
  81 |     throw error
  82 |   } {
  digest: '3049448933'
}
 GET /settings?error=Permission+required%3A+workspace%3Aadmin 200 in 43ms (next.js: 1.8ms, proxy.ts: 1.6ms, application-code: 40ms)
 POST /settings 200 in 62ms (next.js: 1.9ms, proxy.ts: 9ms, application-code: 52ms)
  └─ ƒ updateWorkspaceLocale({}) in 5ms src/app/actions.ts
⨯ Error [PermissionDeniedError]: Permission required: workspace:admin
    at requirePermission (src/lib/permissions.ts:79:19)
    at requireWorkspacePermission (src/lib/workspace.ts:164:73)
    at async SettingsPage (src/app/(app)/settings/page.tsx:51:57)
  77 | export function requirePermission(role: WorkspaceRole, permission: Permission) {
  78 |   if (!rolePermissions[role].has(permission)) {
> 79 |     const error = new Error(`Permission required: ${permission}`)
     |                   ^
  80 |     error.name = 'PermissionDeniedError'
  81 |     throw error
  82 |   } {
  digest: '3049448933'
}
 GET /settings?error=Permission+required%3A+workspace%3Aadmin 200 in 42ms (next.js: 1.6ms, proxy.ts: 1.5ms, application-code: 39ms)
 POST /settings 200 in 55ms (next.js: 1.8ms, proxy.ts: 1.8ms, application-code: 51ms)
  └─ ƒ updateWorkspaceLocale({}) in 5ms src/app/actions.ts
⨯ Error [PermissionDeniedError]: Permission required: workspace:admin
    at requirePermission (src/lib/permissions.ts:79:19)
    at requireWorkspacePermission (src/lib/workspace.ts:164:73)
    at async SettingsPage (src/app/(app)/settings/page.tsx:51:57)
  77 | export function requirePermission(role: WorkspaceRole, permission: Permission) {
  78 |   if (!rolePermissions[role].has(permission)) {
> 79 |     const error = new Error(`Permission required: ${permission}`)
     |                   ^
  80 |     error.name = 'PermissionDeniedError'
  81 |     throw error
  82 |   } {
  digest: '3049448933'
}
 GET /settings?error=Permission+required%3A+workspace%3Aadmin 200 in 47ms (next.js: 1.7ms, proxy.ts: 1.5ms, application-code: 44ms)
 POST /settings 200 in 61ms (next.js: 2ms, proxy.ts: 1.8ms, application-code: 57ms)
  └─ ƒ updateWorkspaceLocale({}) in 4ms src/app/actions.ts
  ✓  17 [chromium] › e2e/authenticated-rbac.spec.ts:93:7 › authenticated Server Action authorization matrix › re-authorizes workspace administration for every session (1.1s)
 GET /dashboard?client=80000000-0000-4000-8000-000000000092 200 in 182ms (next.js: 1.7ms, proxy.ts: 1.7ms, application-code: 179ms)
 GET /api/auth/get-session 200 in 25ms (next.js: 6ms, proxy.ts: 4ms, application-code: 16ms)
 GET /api/auth/organization/list 200 in 28ms (next.js: 12ms, proxy.ts: 4ms, application-code: 12ms)
 POST /dashboard?client=80000000-0000-4000-8000-000000000092 200 in 275ms (next.js: 2ms, proxy.ts: 3ms, application-code: 269ms)
  └─ ƒ setCookieConsent({}) in 2ms src/app/preferences-actions.ts
 GET /dashboard?client=80000000-0000-4000-8000-000000000092 200 in 234ms (next.js: 6ms, proxy.ts: 8ms, application-code: 221ms)
 GET /api/auth/get-session 200 in 77ms (next.js: 38ms, proxy.ts: 4ms, application-code: 35ms)
 GET /api/auth/organization/list 200 in 124ms (next.js: 53ms, proxy.ts: 4ms, application-code: 67ms)
 GET /dashboard?client=80000000-0000-4000-8000-000000000092 200 in 226ms (next.js: 3ms, proxy.ts: 4ms, application-code: 219ms)
 GET /api/auth/get-session 200 in 70ms (next.js: 43ms, proxy.ts: 3ms, application-code: 24ms)
 GET /api/auth/organization/list 200 in 117ms (next.js: 46ms, proxy.ts: 4ms, application-code: 67ms)
 GET /dashboard?client=80000000-0000-4000-8000-000000000092 200 in 220ms (next.js: 3ms, proxy.ts: 4ms, application-code: 214ms)
 GET /api/auth/get-session 200 in 72ms (next.js: 38ms, proxy.ts: 3ms, application-code: 30ms)
 GET /api/auth/organization/list 200 in 106ms (next.js: 42ms, proxy.ts: 3ms, application-code: 61ms)
 GET /dashboard?client=80000000-0000-4000-8000-000000000092 200 in 201ms (next.js: 3ms, proxy.ts: 3ms, application-code: 194ms)
 GET /api/auth/get-session 200 in 18ms (next.js: 4ms, proxy.ts: 3ms, application-code: 11ms)
 GET /api/auth/organization/list 200 in 20ms (next.js: 7ms, proxy.ts: 3ms, application-code: 10ms)
 GET /dashboard?client=80000000-0000-4000-8000-000000000093 200 in 165ms (next.js: 1.8ms, proxy.ts: 1.7ms, application-code: 162ms)
  ✓  18 [chromium] › e2e/dashboard-health-local.spec.ts:15:53 › qualified cockpit health › counts all alerts and refuses unqualified scores in fr (2.4s)
 GET /dashboard?client=80000000-0000-4000-8000-000000000092 200 in 178ms (next.js: 1.9ms, proxy.ts: 1.7ms, application-code: 174ms)
 GET /api/auth/get-session 200 in 19ms (next.js: 5ms, proxy.ts: 3ms, application-code: 11ms)
 GET /api/auth/organization/list 200 in 21ms (next.js: 8ms, proxy.ts: 3ms, application-code: 10ms)
 POST /dashboard?client=80000000-0000-4000-8000-000000000092 200 in 269ms (next.js: 2ms, proxy.ts: 3ms, application-code: 264ms)
  └─ ƒ setCookieConsent({}) in 1ms src/app/preferences-actions.ts
 GET /dashboard?client=80000000-0000-4000-8000-000000000092 200 in 253ms (next.js: 10ms, proxy.ts: 15ms, application-code: 228ms)
 GET /api/auth/get-session 200 in 99ms (next.js: 47ms, proxy.ts: 4ms, application-code: 48ms)
 GET /api/auth/organization/list 200 in 192ms (next.js: 60ms, proxy.ts: 4ms, application-code: 128ms)
 GET /dashboard?client=80000000-0000-4000-8000-000000000092 200 in 293ms (next.js: 4ms, proxy.ts: 4ms, application-code: 285ms)
 GET /api/auth/get-session 200 in 85ms (next.js: 49ms, proxy.ts: 4ms, application-code: 33ms)
 GET /api/auth/organization/list 200 in 121ms (next.js: 52ms, proxy.ts: 4ms, application-code: 66ms)
 GET /dashboard?client=80000000-0000-4000-8000-000000000092 200 in 262ms (next.js: 3ms, proxy.ts: 4ms, application-code: 255ms)
 GET /api/auth/get-session 200 in 64ms (next.js: 38ms, proxy.ts: 4ms, application-code: 22ms)
 GET /api/auth/organization/list 200 in 108ms (next.js: 41ms, proxy.ts: 4ms, application-code: 64ms)
 GET /dashboard?client=80000000-0000-4000-8000-000000000092 200 in 191ms (next.js: 3ms, proxy.ts: 4ms, application-code: 184ms)
 GET /api/auth/get-session 200 in 29ms (next.js: 7ms, proxy.ts: 5ms, application-code: 17ms)
 GET /api/auth/organization/list 200 in 31ms (next.js: 11ms, proxy.ts: 5ms, application-code: 15ms)
 GET /dashboard?client=80000000-0000-4000-8000-000000000093 200 in 157ms (next.js: 1.7ms, proxy.ts: 1.8ms, application-code: 154ms)
  ✓  19 [chromium] › e2e/dashboard-health-local.spec.ts:15:53 › qualified cockpit health › counts all alerts and refuses unqualified scores in en (2.6s)
 GET /insights/devices?client=80000000-0000-4000-8000-000000000094 200 in 136ms (next.js: 5ms, proxy.ts: 2ms, application-code: 128ms)
 GET /api/auth/get-session 200 in 21ms (next.js: 6ms, proxy.ts: 3ms, application-code: 12ms)
 GET /api/auth/organization/list 200 in 26ms (next.js: 10ms, proxy.ts: 3ms, application-code: 13ms)
 GET /tasks 200 in 71ms (next.js: 14ms, proxy.ts: 3ms, application-code: 53ms)
 GET /discussions/tasks/aa0a4daa-4425-4805-8a92-d2d13ac0d211 200 in 579ms (next.js: 472ms, proxy.ts: 3ms, application-code: 103ms)
 GET /api/auth/get-session 200 in 29ms (next.js: 7ms, proxy.ts: 3ms, application-code: 18ms)
 GET /api/auth/organization/list 200 in 30ms (next.js: 18ms, proxy.ts: 4ms, application-code: 9ms)
 GET /dashboard 200 in 59ms (next.js: 4ms, proxy.ts: 2ms, application-code: 54ms)
 GET /tasks 200 in 49ms (next.js: 3ms, proxy.ts: 2ms, application-code: 44ms)
 GET /dashboard 200 in 64ms (next.js: 3ms, proxy.ts: 2ms, application-code: 59ms)
 GET /tasks 200 in 51ms (next.js: 2ms, proxy.ts: 3ms, application-code: 46ms)
 GET /dashboard?client=invalid 404 in 109ms (next.js: 1.9ms, proxy.ts: 3ms, application-code: 104ms)
 GET /dashboard?client= 404 in 112ms (next.js: 1.7ms, proxy.ts: 1.7ms, application-code: 109ms)
 GET /dashboard?client=80000000-0000-4000-8000-000000000095 404 in 115ms (next.js: 1.8ms, proxy.ts: 1.8ms, application-code: 112ms)
 GET /dashboard?client=80000000-0000-4000-8000-000000000094&client=80000000-0000-4000-8000-000000000095 404 in 99ms (next.js: 1.7ms, proxy.ts: 1.6ms, application-code: 96ms)
 GET /analysis?client=invalid 404 in 160ms (next.js: 30ms, proxy.ts: 1.8ms, application-code: 128ms)
 GET /analysis?client= 404 in 102ms (next.js: 2ms, proxy.ts: 1.8ms, application-code: 98ms)
 GET /analysis?client=80000000-0000-4000-8000-000000000095 404 in 114ms (next.js: 2ms, proxy.ts: 1.6ms, application-code: 110ms)
 GET /analysis?client=80000000-0000-4000-8000-000000000094&client=80000000-0000-4000-8000-000000000095 404 in 112ms (next.js: 1.7ms, proxy.ts: 1.9ms, application-code: 109ms)
 GET /insights?client=invalid 404 in 115ms (next.js: 8ms, proxy.ts: 1.6ms, application-code: 105ms)
 GET /insights?client= 404 in 110ms (next.js: 1.8ms, proxy.ts: 1.7ms, application-code: 107ms)
 GET /insights?client=80000000-0000-4000-8000-000000000095 404 in 105ms (next.js: 1.7ms, proxy.ts: 1.7ms, application-code: 102ms)
 GET /insights?client=80000000-0000-4000-8000-000000000094&client=80000000-0000-4000-8000-000000000095 404 in 111ms (next.js: 1.6ms, proxy.ts: 1.5ms, application-code: 108ms)
 GET /history?client=invalid 404 in 100ms (next.js: 3ms, proxy.ts: 1.8ms, application-code: 95ms)
 GET /history?client= 404 in 104ms (next.js: 1.9ms, proxy.ts: 1.7ms, application-code: 101ms)
 GET /history?client=80000000-0000-4000-8000-000000000095 404 in 104ms (next.js: 1.7ms, proxy.ts: 2.0ms, application-code: 101ms)
 GET /history?client=80000000-0000-4000-8000-000000000094&client=80000000-0000-4000-8000-000000000095 404 in 98ms (next.js: 1.9ms, proxy.ts: 2ms, application-code: 93ms)
 GET /dashboard?client=80000000-0000-4000-8000-000000000094 404 in 112ms (next.js: 1.7ms, proxy.ts: 1.8ms, application-code: 109ms)
  ✓  20 [chromium] › e2e/navigation-state-local.spec.ts:14:53 › live navigation state › follows client navigation, keyboard and invalid accounts in fr (4.4s)
 GET /insights/devices?client=80000000-0000-4000-8000-000000000094 200 in 130ms (next.js: 4ms, proxy.ts: 2ms, application-code: 124ms)
 GET /api/auth/get-session 200 in 52ms (next.js: 7ms, proxy.ts: 5ms, application-code: 40ms)
 GET /api/auth/organization/list 200 in 55ms (next.js: 36ms, proxy.ts: 4ms, application-code: 15ms)
 GET /tasks 200 in 66ms (next.js: 4ms, proxy.ts: 3ms, application-code: 59ms)
 GET /discussions/tasks/e25664ff-d2f8-46c9-8c57-a881a900a019 200 in 109ms (next.js: 4ms, proxy.ts: 1.8ms, application-code: 103ms)
 GET /api/auth/get-session 200 in 41ms (next.js: 21ms, proxy.ts: 5ms, application-code: 14ms)
 GET /api/auth/organization/list 200 in 41ms (next.js: 12ms, proxy.ts: 21ms, application-code: 8ms)
 GET /dashboard 200 in 70ms (next.js: 5ms, proxy.ts: 4ms, application-code: 61ms)
 GET /tasks 200 in 46ms (next.js: 2ms, proxy.ts: 3ms, application-code: 41ms)
 GET /dashboard 200 in 63ms (next.js: 2ms, proxy.ts: 2ms, application-code: 59ms)
 GET /tasks 200 in 157ms (next.js: 2ms, proxy.ts: 3ms, application-code: 152ms)
 GET /dashboard?client=invalid 404 in 126ms (next.js: 3ms, proxy.ts: 5ms, application-code: 118ms)
 GET /dashboard?client= 404 in 110ms (next.js: 1.9ms, proxy.ts: 1.7ms, application-code: 106ms)
 GET /dashboard?client=80000000-0000-4000-8000-000000000095 404 in 112ms (next.js: 1.8ms, proxy.ts: 1.6ms, application-code: 109ms)
 GET /dashboard?client=80000000-0000-4000-8000-000000000094&client=80000000-0000-4000-8000-000000000095 404 in 101ms (next.js: 2ms, proxy.ts: 1.9ms, application-code: 97ms)
 GET /analysis?client=invalid 404 in 112ms (next.js: 1.9ms, proxy.ts: 1.7ms, application-code: 108ms)
 GET /analysis?client= 404 in 105ms (next.js: 2ms, proxy.ts: 1.7ms, application-code: 101ms)
 GET /analysis?client=80000000-0000-4000-8000-000000000095 404 in 136ms (next.js: 1.7ms, proxy.ts: 1.7ms, application-code: 132ms)
 GET /analysis?client=80000000-0000-4000-8000-000000000094&client=80000000-0000-4000-8000-000000000095 404 in 98ms (next.js: 1.8ms, proxy.ts: 1.7ms, application-code: 94ms)
 GET /insights?client=invalid 404 in 109ms (next.js: 1.7ms, proxy.ts: 1.6ms, application-code: 106ms)
 GET /insights?client= 404 in 104ms (next.js: 1.6ms, proxy.ts: 1.6ms, application-code: 101ms)
 GET /insights?client=80000000-0000-4000-8000-000000000095 404 in 109ms (next.js: 1.7ms, proxy.ts: 1.9ms, application-code: 106ms)
 GET /insights?client=80000000-0000-4000-8000-000000000094&client=80000000-0000-4000-8000-000000000095 404 in 105ms (next.js: 1.6ms, proxy.ts: 1.8ms, application-code: 101ms)
 GET /history?client=invalid 404 in 101ms (next.js: 1.9ms, proxy.ts: 1.7ms, application-code: 97ms)
 GET /history?client= 404 in 111ms (next.js: 1.6ms, proxy.ts: 1.6ms, application-code: 108ms)
 GET /history?client=80000000-0000-4000-8000-000000000095 404 in 106ms (next.js: 1.7ms, proxy.ts: 1.7ms, application-code: 102ms)
 GET /history?client=80000000-0000-4000-8000-000000000094&client=80000000-0000-4000-8000-000000000095 404 in 103ms (next.js: 1.6ms, proxy.ts: 1.5ms, application-code: 100ms)
 GET /dashboard?client=80000000-0000-4000-8000-000000000094 404 in 110ms (next.js: 1.9ms, proxy.ts: 1.7ms, application-code: 106ms)
  ✓  21 [chromium] › e2e/navigation-state-local.spec.ts:14:53 › live navigation state › follows client navigation, keyboard and invalid accounts in en (3.5s)
 GET /portfolio?q=PORTFOLIO_ 200 in 323ms (next.js: 22ms, proxy.ts: 2ms, application-code: 299ms)
 GET /api/auth/get-session 200 in 21ms (next.js: 6ms, proxy.ts: 3ms, application-code: 12ms)
 GET /api/auth/organization/list 200 in 24ms (next.js: 10ms, proxy.ts: 3ms, application-code: 10ms)
 GET /portfolio?q=PORTFOLIO_&cursor=eyJ2IjoxLCJpdiI6Im1ad1FIRkVvWG5wRTQzazMiLCJ0YWciOiJobEI3SUl2bG1pamVKSUhKc0YtYzRnIiwiZGF0YSI6IjdvMU9mRjNmQmlpYV8wd0prTWo3cXgzbHNqbEU4QVA0Vi03XzJwdnJqaEdyWnAxdUxRQkhSZVZJZHFCZ21xQXc2NmU1QmVhRXdOa29oVWMyZG1xUmVpRjlqWUEzSHNIX083NURxZWtqMGVVanNtM0c2SEo4M3ZOaV8wMVZZQjVyLXV1aU1tTnJSRXFtVXJNMWdMQXRDZzRxRzlhbjFvSXFDanVkRURxYTI2a1ZnOW1JeFlpUnBQUFJxT2FiRmFRcXhjSk1DaWhWM1pWY2I5Uk9XdXY0S0pTbWFKQUg2RGxscldwOGZYd1JIb01zaktpUl9zMGY4SkFlQmlObVNMeVpybUw0S0RlWWdBX0tIamk4WENxcXJBbFBHQ3NQOU9tMW1TdDdlVlJFVWxrQUM2YnV5ckdBOFEifQ 200 in 93ms (next.js: 3ms, proxy.ts: 6ms, application-code: 84ms)
 GET /portfolio?q=PORTFOLIO_&attention=missing_data&currency=&assignee= 200 in 171ms (next.js: 1.9ms, proxy.ts: 2ms, application-code: 167ms)
 GET /api/auth/get-session 200 in 22ms (next.js: 5ms, proxy.ts: 3ms, application-code: 15ms)
 GET /api/auth/organization/list 200 in 24ms (next.js: 11ms, proxy.ts: 3ms, application-code: 10ms)
 GET /portfolio?q=PORTFOLIO_&attention=missing_data&view_notice=saved 200 in 79ms (next.js: 1.6ms, proxy.ts: 1.8ms, application-code: 75ms)
 POST /portfolio?q=PORTFOLIO_&attention=missing_data&currency=&assignee= 200 in 100ms (next.js: 1.8ms, proxy.ts: 2ms, application-code: 96ms)
  └─ ƒ storePortfolioView({}) in 11ms src/app/portfolio-actions.ts
 GET /portfolio?q=PORTFOLIO_&attention=missing_data&view_notice=saved 200 in 83ms (next.js: 1.9ms, proxy.ts: 1.8ms, application-code: 80ms)
 POST /portfolio?q=PORTFOLIO_&attention=missing_data&view_notice=saved 200 in 109ms (next.js: 1.9ms, proxy.ts: 3ms, application-code: 104ms)
  └─ ƒ storePortfolioView({}) in 15ms src/app/portfolio-actions.ts
 GET /portfolio?q=PORTFOLIO_ 200 in 294ms (next.js: 1.8ms, proxy.ts: 2ms, application-code: 289ms)
 GET /api/auth/get-session 200 in 19ms (next.js: 5ms, proxy.ts: 3ms, application-code: 12ms)
 GET /api/auth/organization/list 200 in 21ms (next.js: 9ms, proxy.ts: 3ms, application-code: 9ms)
 GET /portfolio?view_notice=conflict 200 in 179ms (next.js: 2ms, proxy.ts: 1.7ms, application-code: 176ms)
 POST /portfolio?q=PORTFOLIO_ 200 in 209ms (next.js: 4ms, proxy.ts: 2ms, application-code: 203ms)
  └─ ƒ removePortfolioView({}) in 8ms src/app/portfolio-actions.ts
 GET /portfolio?q=PORTFOLIO_ 200 in 331ms (next.js: 2ms, proxy.ts: 2ms, application-code: 327ms)
 GET /api/auth/get-session 200 in 18ms (next.js: 5ms, proxy.ts: 3ms, application-code: 11ms)
 GET /api/auth/organization/list 200 in 20ms (next.js: 9ms, proxy.ts: 3ms, application-code: 8ms)
 GET /portfolio?view_notice=deleted 200 in 135ms (next.js: 2ms, proxy.ts: 3ms, application-code: 130ms)
 POST /portfolio?q=PORTFOLIO_ 200 in 157ms (next.js: 2ms, proxy.ts: 3ms, application-code: 152ms)
  └─ ƒ removePortfolioView({}) in 9ms src/app/portfolio-actions.ts
 GET /tasks?status=open&assignee=unassigned 200 in 78ms (next.js: 4ms, proxy.ts: 3ms, application-code: 70ms)
 GET /portfolio?assignee=local-browser-fixture-owner 200 in 182ms (next.js: 2ms, proxy.ts: 2ms, application-code: 177ms)
 GET /api/auth/get-session 200 in 110ms (next.js: 18ms, proxy.ts: 26ms, application-code: 67ms)
 GET /api/auth/organization/list 200 in 110ms (next.js: 29ms, proxy.ts: 24ms, application-code: 57ms)
 GET /portfolio?assignee=local-browser-fixture-owner 200 in 196ms (next.js: 3ms, proxy.ts: 3ms, application-code: 191ms)
 GET /api/auth/get-session 200 in 82ms (next.js: 42ms, proxy.ts: 11ms, application-code: 28ms)
 GET /api/auth/organization/list 200 in 85ms (next.js: 44ms, proxy.ts: 11ms, application-code: 29ms)
 GET /portfolio?q=PORTFOLIO_ 200 in 347ms (next.js: 1.8ms, proxy.ts: 1.9ms, application-code: 343ms)
 GET /api/auth/get-session 200 in 33ms (next.js: 5ms, proxy.ts: 3ms, application-code: 25ms)
 GET /api/auth/organization/list 200 in 36ms (next.js: 9ms, proxy.ts: 3ms, application-code: 25ms)
 GET /portfolio?q=PORTFOLIO_ 200 in 349ms (next.js: 2ms, proxy.ts: 2ms, application-code: 344ms)
 GET /api/auth/get-session 200 in 996ms (next.js: 144ms, proxy.ts: 87ms, application-code: 765ms)
 GET /api/auth/organization/list 200 in 981ms (next.js: 873ms, proxy.ts: 92ms, application-code: 16ms)
⨯ Error [PermissionDeniedError]: Permission required: portfolio:read
    at requirePermission (src/lib/permissions.ts:79:19)
    at requireWorkspacePermission (src/lib/workspace.ts:164:73)
    at async PortfolioPage (src/app/(app)/portfolio/page.tsx:16:40)
  77 | export function requirePermission(role: WorkspaceRole, permission: Permission) {
  78 |   if (!rolePermissions[role].has(permission)) {
> 79 |     const error = new Error(`Permission required: ${permission}`)
     |                   ^
  80 |     error.name = 'PermissionDeniedError'
  81 |     throw error
  82 |   } {
  digest: '1540256429'
}
 GET /portfolio?q=PORTFOLIO_ 307 in 83ms (next.js: 4ms, proxy.ts: 4ms, application-code: 75ms)
 GET /support?error=Acc%C3%A8s%20non%20autoris%C3%A9 200 in 99ms (next.js: 3ms, proxy.ts: 6ms, application-code: 89ms)
 GET /api/auth/get-session 200 in 24ms (next.js: 9ms, proxy.ts: 4ms, application-code: 11ms)
 GET /portfolio?q=PORTFOLIO_ 307 in 49ms (next.js: 2ms, proxy.ts: 3ms, application-code: 44ms)
 GET /sign-in 200 in 42ms (next.js: 4ms, proxy.ts: 2ms, application-code: 35ms)
{"locale":"fr","developmentStyleViolations":231,"applicationErrors":0}
  ✓  22 [chromium] › e2e/portfolio-local.spec.ts:13:53 › agency portfolio › reviews 50 accounts, personal views and team workload in fr (7.8s)
 GET /portfolio?q=PORTFOLIO_ 200 in 319ms (next.js: 2ms, proxy.ts: 3ms, application-code: 314ms)
 GET /api/auth/get-session 200 in 17ms (next.js: 4ms, proxy.ts: 3ms, application-code: 10ms)
 GET /api/auth/organization/list 200 in 19ms (next.js: 8ms, proxy.ts: 3ms, application-code: 7ms)
 GET /portfolio?q=PORTFOLIO_&cursor=eyJ2IjoxLCJpdiI6ImNDTFBJV1k0TXBDRFFaSUciLCJ0YWciOiIyR1BMUTJzTVFVQm1mV3ZSSXdVVGRBIiwiZGF0YSI6IjVpLWVPcUZ1TE55YXdvTDVsNnYzbGNtbTdYZ2FTWHZVVXlISF9CX2M2amJyYUk0U1JBdndtMEhRak9nQzZDcVAzNkJCa3N2TERNczhOZHF4TlNfcm1aT1ZoYmNqQnpfYjdKNVowUHpOVDB6VFQ3SkU4MktDQ0N4RG55NEhZaGszOXRxenJCdmJGUlh3WXN0R2F2M1hyQ3NIT1ZFblAtMlhxYkxUd2QxVGplQ2RsbC1xVTd5VWtLSV9RNVRubVllXzEydG9RMkNNbUs2S0ZaTU9QWWlfTk1FTWZLWThBWXcyWHBXczdTVGE5ZHc3cFhrNmpvWmtMaHVjZGZGVUtYU01HM042aDFKNTYzX09TQ0pKM0w0eDc2d09RM3Fqb3BQNUE3LVBQMlBEZzcwMEVubHdjZjZkdWcifQ 200 in 92ms (next.js: 2ms, proxy.ts: 2ms, application-code: 88ms)
 GET /portfolio?q=PORTFOLIO_&attention=missing_data&currency=&assignee= 200 in 190ms (next.js: 2ms, proxy.ts: 3ms, application-code: 185ms)
 GET /api/auth/get-session 200 in 20ms (next.js: 5ms, proxy.ts: 3ms, application-code: 13ms)
 GET /api/auth/organization/list 200 in 22ms (next.js: 8ms, proxy.ts: 3ms, application-code: 11ms)
 GET /portfolio?q=PORTFOLIO_&attention=missing_data&view_notice=saved 200 in 91ms (next.js: 2.0ms, proxy.ts: 1.6ms, application-code: 88ms)
 POST /portfolio?q=PORTFOLIO_&attention=missing_data&currency=&assignee= 200 in 111ms (next.js: 2ms, proxy.ts: 2ms, application-code: 106ms)
  └─ ƒ storePortfolioView({}) in 9ms src/app/portfolio-actions.ts
 GET /portfolio?q=PORTFOLIO_&attention=missing_data&view_notice=saved 200 in 80ms (next.js: 1.6ms, proxy.ts: 1.7ms, application-code: 77ms)
 POST /portfolio?q=PORTFOLIO_&attention=missing_data&view_notice=saved 200 in 101ms (next.js: 3ms, proxy.ts: 3ms, application-code: 96ms)
  └─ ƒ storePortfolioView({}) in 9ms src/app/portfolio-actions.ts
 GET /portfolio?q=PORTFOLIO_ 200 in 324ms (next.js: 2ms, proxy.ts: 3ms, application-code: 318ms)
 GET /api/auth/get-session 200 in 19ms (next.js: 5ms, proxy.ts: 3ms, application-code: 11ms)
 GET /api/auth/organization/list 200 in 20ms (next.js: 9ms, proxy.ts: 3ms, application-code: 8ms)
 GET /portfolio?view_notice=conflict 200 in 122ms (next.js: 2ms, proxy.ts: 2ms, application-code: 118ms)
 POST /portfolio?q=PORTFOLIO_ 200 in 145ms (next.js: 5ms, proxy.ts: 3ms, application-code: 137ms)
  └─ ƒ removePortfolioView({}) in 8ms src/app/portfolio-actions.ts
 GET /portfolio?q=PORTFOLIO_ 200 in 325ms (next.js: 1.9ms, proxy.ts: 3ms, application-code: 320ms)
 GET /api/auth/get-session 200 in 18ms (next.js: 5ms, proxy.ts: 3ms, application-code: 10ms)
 GET /api/auth/organization/list 200 in 19ms (next.js: 8ms, proxy.ts: 3ms, application-code: 8ms)
 GET /portfolio?view_notice=deleted 200 in 119ms (next.js: 4ms, proxy.ts: 3ms, application-code: 112ms)
 POST /portfolio?q=PORTFOLIO_ 200 in 139ms (next.js: 1.9ms, proxy.ts: 3ms, application-code: 134ms)
  └─ ƒ removePortfolioView({}) in 9ms src/app/portfolio-actions.ts
 GET /tasks?status=open&assignee=unassigned 200 in 56ms (next.js: 3ms, proxy.ts: 2ms, application-code: 50ms)
 GET /portfolio?assignee=local-browser-fixture-owner 200 in 186ms (next.js: 1.7ms, proxy.ts: 1.8ms, application-code: 182ms)
 GET /api/auth/get-session 200 in 105ms (next.js: 17ms, proxy.ts: 22ms, application-code: 66ms)
 GET /api/auth/organization/list 200 in 106ms (next.js: 26ms, proxy.ts: 21ms, application-code: 59ms)
 GET /portfolio?assignee=local-browser-fixture-owner 200 in 188ms (next.js: 2ms, proxy.ts: 1.8ms, application-code: 184ms)
 GET /api/auth/get-session 200 in 91ms (next.js: 46ms, proxy.ts: 12ms, application-code: 33ms)
 GET /api/auth/organization/list 200 in 94ms (next.js: 49ms, proxy.ts: 11ms, application-code: 33ms)
 GET /portfolio?q=PORTFOLIO_ 200 in 368ms (next.js: 6ms, proxy.ts: 2ms, application-code: 360ms)
 GET /api/auth/get-session 200 in 27ms (next.js: 6ms, proxy.ts: 4ms, application-code: 17ms)
 GET /api/auth/organization/list 200 in 28ms (next.js: 10ms, proxy.ts: 3ms, application-code: 14ms)
 GET /portfolio?q=PORTFOLIO_ 200 in 307ms (next.js: 1.9ms, proxy.ts: 1.9ms, application-code: 303ms)
 GET /api/auth/get-session 200 in 31ms (next.js: 9ms, proxy.ts: 3ms, application-code: 19ms)
 GET /api/auth/organization/list 200 in 32ms (next.js: 14ms, proxy.ts: 3ms, application-code: 15ms)
⨯ Error [PermissionDeniedError]: Permission required: portfolio:read
    at requirePermission (src/lib/permissions.ts:79:19)
    at requireWorkspacePermission (src/lib/workspace.ts:164:73)
    at async PortfolioPage (src/app/(app)/portfolio/page.tsx:16:40)
  77 | export function requirePermission(role: WorkspaceRole, permission: Permission) {
  78 |   if (!rolePermissions[role].has(permission)) {
> 79 |     const error = new Error(`Permission required: ${permission}`)
     |                   ^
  80 |     error.name = 'PermissionDeniedError'
  81 |     throw error
  82 |   } {
  digest: '1540256429'
}
 GET /portfolio?q=PORTFOLIO_ 307 in 90ms (next.js: 2ms, proxy.ts: 2ms, application-code: 85ms)
 GET /support?error=Acc%C3%A8s%20non%20autoris%C3%A9 200 in 97ms (next.js: 3ms, proxy.ts: 4ms, application-code: 90ms)
 GET /portfolio?q=PORTFOLIO_ 307 in 59ms (next.js: 2ms, proxy.ts: 2ms, application-code: 55ms)
 GET /sign-in 200 in 53ms (next.js: 5ms, proxy.ts: 2ms, application-code: 46ms)
{"locale":"en","developmentStyleViolations":231,"applicationErrors":0}
  ✓  23 [chromium] › e2e/portfolio-local.spec.ts:13:53 › agency portfolio › reviews 50 accounts, personal views and team workload in en (7.0s)
 GET /billing 200 in 151ms (next.js: 3ms, proxy.ts: 1.9ms, application-code: 145ms)
 GET /api/auth/get-session 200 in 83ms (next.js: 42ms, proxy.ts: 11ms, application-code: 30ms)
 GET /api/auth/organization/list 200 in 92ms (next.js: 45ms, proxy.ts: 11ms, application-code: 37ms)
 GET /accounts 200 in 140ms (next.js: 3ms, proxy.ts: 2ms, application-code: 135ms)
 GET /api/auth/get-session 200 in 29ms (next.js: 4ms, proxy.ts: 3ms, application-code: 22ms)
 GET /api/auth/organization/list 200 in 30ms (next.js: 17ms, proxy.ts: 3ms, application-code: 10ms)
 POST /accounts 200 in 52ms (next.js: 1.8ms, proxy.ts: 1.9ms, application-code: 49ms)
  └─ ƒ setCookieConsent({}) in 2ms src/app/preferences-actions.ts
 GET /accounts?selection=saved 200 in 63ms (next.js: 2ms, proxy.ts: 2.0ms, application-code: 59ms)
 POST /accounts 200 in 86ms (next.js: 2ms, proxy.ts: 3ms, application-code: 81ms)
  └─ ƒ updateManagedAccounts({}) in 12ms src/app/account-selection-actions.ts
 GET /accounts?selection=saved 200 in 56ms (next.js: 1.7ms, proxy.ts: 1.7ms, application-code: 52ms)
 POST /accounts?selection=saved 200 in 74ms (next.js: 2ms, proxy.ts: 2ms, application-code: 70ms)
  └─ ƒ updateManagedAccounts({}) in 9ms src/app/account-selection-actions.ts
 GET /accounts?selection=conflict 200 in 51ms (next.js: 1.9ms, proxy.ts: 1.9ms, application-code: 47ms)
 POST /accounts?selection=saved 200 in 70ms (next.js: 2ms, proxy.ts: 3ms, application-code: 65ms)
  └─ ƒ updateManagedAccounts({}) in 8ms src/app/account-selection-actions.ts
 GET /accounts?selection=saved 200 in 57ms (next.js: 1.9ms, proxy.ts: 1.5ms, application-code: 54ms)
 POST /accounts?selection=conflict 200 in 77ms (next.js: 2ms, proxy.ts: 2ms, application-code: 73ms)
  └─ ƒ updateManagedAccounts({}) in 11ms src/app/account-selection-actions.ts
 GET /accounts 200 in 96ms (next.js: 2ms, proxy.ts: 1.9ms, application-code: 92ms)
  ✓  24 [chromium] › e2e/prod-ready-local.spec.ts:23:44 › local production readiness regression journeys › managed account selection preserves priorities and enforces quota in fr (2.4s)
 GET /billing 200 in 141ms (next.js: 2ms, proxy.ts: 2ms, application-code: 137ms)
 GET /api/auth/get-session 200 in 94ms (next.js: 41ms, proxy.ts: 11ms, application-code: 41ms)
 GET /api/auth/organization/list 200 in 103ms (next.js: 44ms, proxy.ts: 11ms, application-code: 48ms)
 GET /accounts 200 in 149ms (next.js: 2ms, proxy.ts: 2ms, application-code: 144ms)
 GET /api/auth/get-session 200 in 17ms (next.js: 4ms, proxy.ts: 3ms, application-code: 10ms)
 GET /api/auth/organization/list 200 in 18ms (next.js: 7ms, proxy.ts: 3ms, application-code: 8ms)
 POST /accounts 200 in 61ms (next.js: 2.0ms, proxy.ts: 2ms, application-code: 56ms)
  └─ ƒ setCookieConsent({}) in 2ms src/app/preferences-actions.ts
 GET /accounts?selection=saved 200 in 73ms (next.js: 1.7ms, proxy.ts: 1.6ms, application-code: 69ms)
 POST /accounts 200 in 96ms (next.js: 3ms, proxy.ts: 2ms, application-code: 91ms)
  └─ ƒ updateManagedAccounts({}) in 11ms src/app/account-selection-actions.ts
 GET /accounts?selection=saved 200 in 50ms (next.js: 1.6ms, proxy.ts: 1.7ms, application-code: 47ms)
 POST /accounts?selection=saved 200 in 71ms (next.js: 2ms, proxy.ts: 3ms, application-code: 66ms)
  └─ ƒ updateManagedAccounts({}) in 10ms src/app/account-selection-actions.ts
 GET /accounts?selection=conflict 200 in 57ms (next.js: 2ms, proxy.ts: 1.9ms, application-code: 53ms)
 POST /accounts?selection=saved 200 in 78ms (next.js: 3ms, proxy.ts: 3ms, application-code: 72ms)
  └─ ƒ updateManagedAccounts({}) in 9ms src/app/account-selection-actions.ts
 GET /accounts?selection=saved 200 in 52ms (next.js: 2.0ms, proxy.ts: 1.8ms, application-code: 48ms)
 POST /accounts?selection=conflict 200 in 79ms (next.js: 2ms, proxy.ts: 2ms, application-code: 74ms)
  └─ ƒ updateManagedAccounts({}) in 17ms src/app/account-selection-actions.ts
 GET /accounts 200 in 98ms (next.js: 2.0ms, proxy.ts: 2ms, application-code: 94ms)
  ✓  25 [chromium] › e2e/prod-ready-local.spec.ts:23:44 › local production readiness regression journeys › managed account selection preserves priorities and enforces quota in en (2.4s)
 GET /dashboard?client=80000000-0000-4000-8000-000000000004 200 in 195ms (next.js: 3ms, proxy.ts: 2ms, application-code: 190ms)
 GET /api/auth/get-session 200 in 22ms (next.js: 5ms, proxy.ts: 3ms, application-code: 13ms)
 GET /api/auth/organization/list 200 in 24ms (next.js: 9ms, proxy.ts: 3ms, application-code: 11ms)
 POST /dashboard?client=80000000-0000-4000-8000-000000000004 200 in 95ms (next.js: 2ms, proxy.ts: 2ms, application-code: 90ms)
  └─ ƒ setCookieConsent({}) in 1ms src/app/preferences-actions.ts
 GET /dashboard?client=80000000-0000-4000-8000-000000000004 200 in 186ms (next.js: 2ms, proxy.ts: 1.9ms, application-code: 182ms)
 GET /api/auth/get-session 200 in 61ms (next.js: 16ms, proxy.ts: 6ms, application-code: 39ms)
 GET /api/auth/organization/list 200 in 80ms (next.js: 43ms, proxy.ts: 5ms, application-code: 31ms)
  ✓  26 [chromium] › e2e/prod-ready-local.spec.ts:88:44 › local production readiness regression journeys › pacing uses covered completed days and hides forecasts with a gap in fr (1.2s)
[browser] A tree hydrated but some attributes of the server rendered HTML didn't match the client properties. This won't be patched up. This can happen if a SSR-ed Client Component used:

- A server/client branch `if (typeof window !== 'undefined')`.
- Variable input such as `Date.now()` or `Math.random()` which changes each time it's called.
- Date formatting in a user's locale which doesn't match the server.
- External changing data without sending a snapshot of it along with the HTML.
- Invalid HTML tag nesting.

It can also happen if the client has a browser extension installed which messes with the HTML before React loaded.

https://react.dev/link/hydration-mismatch

  ...
    <ErrorBoundary errorComponent={undefined} errorStyles={undefined} errorScripts={undefined}>
      <LoadingBoundary name="dashboard/" loading={null}>
        <HTTPAccessFallbackBoundary notFound={undefined} forbidden={undefined} unauthorized={undefined}>
          <RedirectBoundary>
            <RedirectErrorBoundary router={{...}}>
              <InnerLayoutRouter url="/dashboard..." tree={[...]} params={{}} cacheNode={{rsc:{...}, ...}} ...>
                <SegmentViewNode type="page" pagePath="(app)/dash...">
                  <SegmentTrieNode>
                  <DashboardPage>
                    <div>
                    <CollectionStatus>
                      <section aria-label="Synchronis..." className="mb-6 round...">
                        <div className="flex flex-...">
                          <div>
                          <div className="flex flex-...">
                            <form action={function refreshAnalyticalData}>
                              <input
                                type="hidden"
                                name="clientId"
                                value="80000000-0000-4000-8000-000000000004"
-                               style={{caret-color:"transparent"}}
                              >
                              <input
                                type="hidden"
                                name="destination"
                                value="/dashboard"
-                               style={{caret-color:"transparent"}}
                              >
                              ...
                            ...
                        ...
                    <div>
                    <section>
                    <Card>
                      <div data-slot="card" data-size="default" className={"group/ca..."}>
                        <div>
                        <CardContent>
                          <div data-slot="card-content" className="px-(--card...">
                            <div>
                            <details className="mt-5 round...">
                              <summary>
                              <form action={function updateClientGoal} className="mt-4 grid ...">
                                <input
                                  type="hidden"
                                  name="clientId"
                                  value="80000000-0000-4000-8000-000000000004"
-                                 style={{caret-color:"transparent"}}
                                >
                                <select>
                                <Input>
                                  <input
                                    type="number"
                                    data-slot="input"
                                    className="h-8 w-full min-w-0 rounded-lg border border-input bg-transparent px-2.5..."
                                    name="monthlyBudget"
                                    min="0.01"
                                    step="0.01"
                                    placeholder="Budget mensuel EUR"
                                    defaultValue={300}
                                    required={true}
-                                   style={{caret-color:"transparent"}}
                                  >
                                <Input>
                                  <input
                                    type="number"
                                    data-slot="input"
                                    className="h-8 w-full min-w-0 rounded-lg border border-input bg-transparent px-2.5..."
                                    name="targetCpa"
                                    min="0.01"
                                    step="0.01"
                                    placeholder="CPA cible (facultatif)"
                                    defaultValue=""
-                                   style={{caret-color:"transparent"}}
                                  >
                                <Input>
                                  <input
                                    type="number"
                                    data-slot="input"
                                    className="h-8 w-full min-w-0 rounded-lg border border-input bg-transparent px-2.5..."
                                    name="targetRoas"
                                    min="0.01"
                                    step="0.01"
                                    placeholder="ROAS cible (facultatif)"
                                    defaultValue=""
-                                   style={{caret-color:"transparent"}}
                                  >
                                <Input>
                                  <input
                                    type="number"
                                    data-slot="input"
                                    className="h-8 w-full min-w-0 rounded-lg border border-input bg-transparent px-2.5..."
                                    name="targetConversions"
                                    min="0.01"
                                    step="0.01"
                                    placeholder="Conversions cibles / mois"
                                    defaultValue=""
-                                   style={{caret-color:"transparent"}}
                                  >
                                <Input>
                                  <input
                                    type="number"
                                    data-slot="input"
                                    className="h-8 w-full min-w-0 rounded-lg border border-input bg-transparent px-2.5..."
                                    name="targetConversionValue"
                                    min="0.01"
                                    step="0.01"
                                    placeholder="Valeur de conversion cible / mois (EUR)"
                                    defaultValue=""
-                                   style={{caret-color:"transparent"}}
                                  >
                                <Input>
                                  <input
                                    type="number"
                                    data-slot="input"
                                    className="h-8 w-full min-w-0 rounded-lg border border-input bg-transparent px-2.5..."
                                    name="conversionValue"
                                    min="0.01"
                                    step="0.01"
                                    placeholder="Valeur d’une conversion"
                                    defaultValue=""
-                                   style={{caret-color:"transparent"}}
                                  >
                                <Input>
                                  <input
                                    type="number"
                                    data-slot="input"
                                    className="h-8 w-full min-w-0 rounded-lg border border-input bg-transparent px-2.5..."
                                    name="marginPercent"
                                    min="0"
                                    max="100"
                                    step="0.01"
                                    placeholder="Marge %"
                                    defaultValue=""
-                                   style={{caret-color:"transparent"}}
                                  >
                                ...
                            ...
                ...
              ...
    ...

 GET /dashboard?client=80000000-0000-4000-8000-000000000004 200 in 210ms (next.js: 3ms, proxy.ts: 2ms, application-code: 205ms)
 GET /api/auth/get-session 200 in 50ms (next.js: 27ms, proxy.ts: 4ms, application-code: 19ms)
 GET /api/auth/organization/list 200 in 63ms (next.js: 33ms, proxy.ts: 4ms, application-code: 27ms)
 POST /dashboard?client=80000000-0000-4000-8000-000000000004 200 in 106ms (next.js: 3ms, proxy.ts: 6ms, application-code: 97ms)
  └─ ƒ setCookieConsent({}) in 4ms src/app/preferences-actions.ts
 GET /dashboard?client=80000000-0000-4000-8000-000000000004 200 in 191ms (next.js: 1.9ms, proxy.ts: 1.9ms, application-code: 187ms)
 GET /api/auth/get-session 200 in 31ms (next.js: 8ms, proxy.ts: 4ms, application-code: 19ms)
 GET /api/auth/organization/list 200 in 33ms (next.js: 13ms, proxy.ts: 3ms, application-code: 16ms)
  ✓  27 [chromium] › e2e/prod-ready-local.spec.ts:88:44 › local production readiness regression journeys › pacing uses covered completed days and hides forecasts with a gap in en (1.2s)
 GET /dashboard?client=80000000-0000-4000-8000-000000000005 200 in 190ms (next.js: 2ms, proxy.ts: 2ms, application-code: 186ms)
 GET /api/auth/get-session 200 in 19ms (next.js: 4ms, proxy.ts: 4ms, application-code: 12ms)
 GET /api/auth/organization/list 200 in 21ms (next.js: 9ms, proxy.ts: 3ms, application-code: 9ms)
  ✘  28 [chromium] › e2e/prod-ready-local.spec.ts:125:44 › local production readiness regression journeys › stored analytics remain available without Google and during grace in fr (15.5s)
  -  29 [chromium] › e2e/prod-ready-local.spec.ts:125:44 › local production readiness regression journeys › stored analytics remain available without Google and during grace in en
  -  30 [chromium] › e2e/prod-ready-local.spec.ts:177:99 › local production readiness regression journeys › analytical refresh enqueues once and handles revoked connections in fr
  -  31 [chromium] › e2e/prod-ready-local.spec.ts:177:99 › local production readiness regression journeys › analytical refresh enqueues once and handles revoked connections in en
  -  32 [chromium] › e2e/prod-ready-local.spec.ts:221:9 › local production readiness regression journeys › grace permits stored views while hiding mutations
  -  33 [chromium] › e2e/prod-ready-local.spec.ts:236:9 › local production readiness regression journeys › suspended members have an accessible recovery destination without redirect loops
  -  34 [chromium] › e2e/prod-ready-local.spec.ts:248:11 › local production readiness regression journeys › full navigation and workspace selection work at 390px in fr
  -  35 [chromium] › e2e/prod-ready-local.spec.ts:248:11 › local production readiness regression journeys › full navigation and workspace selection work at 768px in fr
  -  36 [chromium] › e2e/prod-ready-local.spec.ts:248:11 › local production readiness regression journeys › full navigation and workspace selection work at 390px in en
  -  37 [chromium] › e2e/prod-ready-local.spec.ts:248:11 › local production readiness regression journeys › full navigation and workspace selection work at 768px in en
  -  38 [chromium] › e2e/prod-ready-local.spec.ts:273:9 › local production readiness regression journeys › workspace selection switches context and permissions on mobile
  -  39 [chromium] › e2e/prod-ready-local.spec.ts:291:9 › local production readiness regression journeys › analysts do not see monitoring controls denied by their role
(node:26864) Warning: The 'NO_COLOR' env is ignored due to the 'FORCE_COLOR' env being set.
(Use `node --trace-warnings ...` to show where the warning was created)
 GET /status 200 in 152ms (next.js: 76ms, proxy.ts: 2ms, application-code: 73ms)
 GET /status 200 in 189ms (next.js: 3ms, proxy.ts: 1.9ms, application-code: 184ms)
 GET /status?status=active 200 in 33ms (next.js: 2ms, proxy.ts: 2ms, application-code: 29ms)
 GET /status/6254da55-c5fe-4c66-8def-33841724ea2b 200 in 2.7s (next.js: 2.6s, proxy.ts: 2ms, application-code: 33ms)
 GET /status/6254da55-c5fe-4c66-8def-33841724ea2b?cursor=eyJ2IjoxLCJpdiI6IlpjeUNkbWVqeER6b2NyazUiLCJ0YWciOiJWNU9lNVZzdm9Kc3FXS1J6UDN6NlJRIiwiZGF0YSI6IkktMWgzazB6ZktCaE82LWxrcGswejlfX19vdldqdTJaRGt4OXFuajdseUZ4NVhxdVplY3lKM1Zya0xzWmxqbzB1TEtGa05ZcHlEVEluZTRGc0JDVHRGMVR0R1lVYVFJNzVKNzB3WW9yQmFvSWJDWm42RGVoTk4yV0JYRmhCZjJ4R0Mtd1pmc0dxSUR6d1cxdjRORmNQN2ZWSENqUVhtWUdTeTFidTVxdzNYX2NmeDFQbnlnQ2l4Z2JoM0JGcG0teDFtYnk3RHVXRlNSVWhvaDRZTkFyXzZBM0t2X2R0c2c1NXRla0lNU1MwZzRsRHhId3hTdU5Ncm9DRUxQaTJYSXdMcVZXV3FYQUpVYjkxWVNZeElpRmhad1FOTUpQYUZHVGFESzRKcTNBQnJfYVpGVWxjNzhLaEEifQ 200 in 43ms (next.js: 5ms, proxy.ts: 2ms, application-code: 35ms)
 GET /status?cursor=forged 200 in 67ms (next.js: 1.9ms, proxy.ts: 2ms, application-code: 63ms)
 GET /status/91ff4585-12d5-4b8d-987e-97ce7ef9fdbc 404 in 46ms (next.js: 6ms, proxy.ts: 3ms, application-code: 38ms)
 GET /status/invalid 404 in 69ms (next.js: 3ms, proxy.ts: 4ms, application-code: 62ms)
  ✓  40 [chromium] › e2e/public-status-local.spec.ts:13:53 › truthful public status › shows unknown health and complete incident history in fr (4.5s)
 GET /status 200 in 65ms (next.js: 2ms, proxy.ts: 5ms, application-code: 57ms)
 GET /status 200 in 175ms (next.js: 1.8ms, proxy.ts: 1.9ms, application-code: 171ms)
 GET /status?status=active 200 in 27ms (next.js: 1.8ms, proxy.ts: 2ms, application-code: 23ms)
 GET /status/69e3a219-99e3-4086-8343-2691d6cef516 200 in 30ms (next.js: 4ms, proxy.ts: 2ms, application-code: 24ms)
 GET /status/69e3a219-99e3-4086-8343-2691d6cef516?cursor=eyJ2IjoxLCJpdiI6ImRpc0ZEQXA5XzdGNl9PWDMiLCJ0YWciOiJYNU9zTURqMEtLQ2hWU3lNQUJVNHhnIiwiZGF0YSI6IjlmMTA2YWRTZ0pWbEV2cTd1b3hHcW1yQnlwVlc1eGVvY3lSaHNvdnIyUmRKWHJMN1lPVUNQanI4SENiSnZOYXA5eVlrNnJWM3dRcUtKdXppcFV2U3hGV19zZjdQdVFwazB1QW41TVZMZE5NOC0tYVdremhieEdMcks1T3ZGZmVkMkRtTXp3a2J4Zk5FYi1jYjVuazExcTE4VVdIbEZicEtHYjRvOS1jUEpTNndjQ2ZoaXJiejNCRXA1Vlo2MTlsNmdzWUROZjBOV0F2SGc1MEJ4TW9KMFlYUWdudlB2eVBWby1TRGpTYUJ2X3F4akRWclpXS0JhQTdtWUNsOGJONTBKOS1tSFVBX01IcGlOMl80UG9hQ2hHUGpBdF9EcldZaDVLN1hpUmNkU1lva3Y1ZVNsMzFEQlEifQ 200 in 38ms (next.js: 3ms, proxy.ts: 2ms, application-code: 32ms)
 GET /status?cursor=forged 200 in 56ms (next.js: 1.8ms, proxy.ts: 2ms, application-code: 52ms)
 GET /status/05e08304-669f-406a-960c-ae53ac628cd2 404 in 48ms (next.js: 4ms, proxy.ts: 5ms, application-code: 39ms)
 GET /status/invalid 404 in 46ms (next.js: 3ms, proxy.ts: 2ms, application-code: 41ms)
  ✓  41 [chromium] › e2e/public-status-local.spec.ts:13:53 › truthful public status › shows unknown health and complete incident history in en (1.6s)
 GET / 200 in 86ms (next.js: 4ms, proxy.ts: 2ms, application-code: 80ms)
  ✓  42 [chromium] › e2e/public.spec.ts:3:5 › public landing exposes the product proposition and account creation (360ms)
 GET /dashboard 307 in 48ms (next.js: 4ms, proxy.ts: 1.9ms, application-code: 42ms)
 GET /sign-in 200 in 37ms (next.js: 5ms, proxy.ts: 1.8ms, application-code: 30ms)
  ✓  43 [chromium] › e2e/public.spec.ts:15:5 › authenticated areas redirect anonymous visitors to sign-in (160ms)
 GET /privacy 200 in 42ms (next.js: 3ms, proxy.ts: 2ms, application-code: 37ms)
 GET /terms 200 in 42ms (next.js: 4ms, proxy.ts: 2ms, application-code: 36ms)
  ✓  44 [chromium] › e2e/public.spec.ts:21:5 › privacy and terms pages are public (503ms)
 GET /subprocessors 200 in 46ms (next.js: 3ms, proxy.ts: 1.8ms, application-code: 41ms)
  ✓  45 [chromium] › e2e/public.spec.ts:28:5 › the subprocessor register and change-notice policy are public (283ms)
 GET / 200 in 76ms (next.js: 1.7ms, proxy.ts: 1.8ms, application-code: 72ms)
 GET /privacy 200 in 39ms (next.js: 2ms, proxy.ts: 2.0ms, application-code: 35ms)
  ✓  46 [chromium] › e2e/public.spec.ts:35:5 › the public product and legal surface honor the English locale (519ms)
 GET /status 200 in 56ms (next.js: 1.6ms, proxy.ts: 1.8ms, application-code: 53ms)
  ✓  47 [chromium] › e2e/public.spec.ts:46:5 › public status page never claims operational health when status storage is unavailable (297ms)
 GET /reports 200 in 138ms (next.js: 4ms, proxy.ts: 1.8ms, application-code: 131ms)
 GET /api/auth/get-session 200 in 22ms (next.js: 12ms, proxy.ts: 2ms, application-code: 9ms)
 GET /api/auth/organization/list 200 in 24ms (next.js: 6ms, proxy.ts: 2ms, application-code: 16ms)
 POST /reports 200 in 83ms (next.js: 3ms, proxy.ts: 3ms, application-code: 76ms)
  └─ ƒ setCookieConsent({}) in 2ms src/app/preferences-actions.ts
 GET /reports?notice=Rapport+cr%C3%A9%C3%A9.+R%C3%A9v%C3%A9lez+son+URL+dans+les+cinq+prochaines+minutes.&reveal=report-url&revealId=1db5e973-7e82-4017-aa9b-3274b7dfdedf 200 in 72ms (next.js: 2ms, proxy.ts: 1.7ms, application-code: 68ms)
 POST /reports 200 in 123ms (next.js: 4ms, proxy.ts: 5ms, application-code: 113ms)
  └─ ƒ createShareLink({}) in 30ms src/app/actions.ts
 POST /api/secret-revelation 200 in 67ms (next.js: 51ms, proxy.ts: 2ms, application-code: 14ms)
 GET /r/[REDACTED]?edition=8d0d269b-5fe5-41bf-9ece-16d864cf59d6 200 in 845ms (next.js: 748ms, proxy.ts: 2ms, application-code: 95ms)
 GET /r/[REDACTED]/csv?edition=8d0d269b-5fe5-41bf-9ece-16d864cf59d6 200 in 646ms (next.js: 626ms, proxy.ts: 5ms, application-code: 15ms)
 GET /r/[REDACTED]/pdf?edition=8d0d269b-5fe5-41bf-9ece-16d864cf59d6 200 in 953ms (next.js: 708ms, proxy.ts: 1.6ms, application-code: 243ms)
 GET /r/[REDACTED]?error=L%E2%80%99envoi+de+codes+email+n%E2%80%99est+pas+configur%C3%A9.&edition=8d0d269b-5fe5-41bf-9ece-16d864cf59d6 200 in 50ms (next.js: 3ms, proxy.ts: 1.8ms, application-code: 45ms)
 POST /r/[REDACTED]?edition=8d0d269b-5fe5-41bf-9ece-16d864cf59d6 200 in 73ms (next.js: 4ms, proxy.ts: 2ms, application-code: 67ms)
  └─ ƒ requestReportFeedbackOtp({}) in 10ms src/app/actions.ts
 GET /r/[REDACTED]?edition=8d0d269b-5fe5-41bf-9ece-16d864cf59d6&otp=1 200 in 77ms (next.js: 2ms, proxy.ts: 2ms, application-code: 72ms)
 GET /r/[REDACTED]?error=Demandez+un+nouveau+code.&otp=1&edition=8d0d269b-5fe5-41bf-9ece-16d864cf59d6 200 in 59ms (next.js: 3ms, proxy.ts: 2ms, application-code: 55ms)
 POST /r/[REDACTED]?edition=8d0d269b-5fe5-41bf-9ece-16d864cf59d6&otp=1 200 in 80ms (next.js: 3ms, proxy.ts: 3ms, application-code: 74ms)
  └─ ƒ verifyReportFeedbackOtp({}) in 6ms src/app/actions.ts
 GET /reports?notice=Rapport+cr%C3%A9%C3%A9.+R%C3%A9v%C3%A9lez+son+URL+dans+les+cinq+prochaines+minutes.&reveal=report-url&revealId=c7ef56ec-d537-45cb-ae0b-80267f462e1d 200 in 61ms (next.js: 1.8ms, proxy.ts: 2ms, application-code: 57ms)
 POST /reports?notice=Rapport%20cr%C3%A9%C3%A9.%20R%C3%A9v%C3%A9lez%20son%20URL%20dans%20les%20cinq%20prochaines%20minutes.&reveal=report-url&revealId=1db5e973-7e82-4017-aa9b-3274b7dfdedf 200 in 92ms (next.js: 3ms, proxy.ts: 3ms, application-code: 86ms)
  └─ ƒ createShareLink({}) in 19ms src/app/actions.ts
 POST /api/secret-revelation 200 in 15ms (next.js: 1.7ms, proxy.ts: 3ms, application-code: 11ms)
 GET /r/[REDACTED]?edition=2d55e832-219d-4d3b-8108-79c082d483fc 200 in 83ms (next.js: 4ms, proxy.ts: 1.8ms, application-code: 77ms)
 GET /r/[REDACTED]/csv?edition=2d55e832-219d-4d3b-8108-79c082d483fc 200 in 17ms (next.js: 3ms, proxy.ts: 2ms, application-code: 11ms)
 GET /r/[REDACTED]/pdf?edition=2d55e832-219d-4d3b-8108-79c082d483fc 200 in 85ms (next.js: 4ms, proxy.ts: 1.6ms, application-code: 80ms)
 GET /reports?notice=Rapport+cr%C3%A9%C3%A9.+R%C3%A9v%C3%A9lez+son+URL+dans+les+cinq+prochaines+minutes.&reveal=report-url&revealId=acf817db-480d-4dd6-b793-7fec0c0e1e37 200 in 72ms (next.js: 2ms, proxy.ts: 1.8ms, application-code: 68ms)
 POST /reports?notice=Rapport%20cr%C3%A9%C3%A9.%20R%C3%A9v%C3%A9lez%20son%20URL%20dans%20les%20cinq%20prochaines%20minutes.&reveal=report-url&revealId=c7ef56ec-d537-45cb-ae0b-80267f462e1d 200 in 113ms (next.js: 5ms, proxy.ts: 6ms, application-code: 102ms)
  └─ ƒ createShareLink({}) in 22ms src/app/actions.ts
 POST /api/secret-revelation 200 in 19ms (next.js: 2ms, proxy.ts: 3ms, application-code: 14ms)
 GET /r/[REDACTED]?edition=a7020695-1eb6-43a2-ab11-e296a6bac76e 200 in 116ms (next.js: 6ms, proxy.ts: 5ms, application-code: 105ms)
 GET /r/[REDACTED]/csv?edition=a7020695-1eb6-43a2-ab11-e296a6bac76e 200 in 18ms (next.js: 4ms, proxy.ts: 2ms, application-code: 12ms)
 GET /r/[REDACTED]/pdf?edition=a7020695-1eb6-43a2-ab11-e296a6bac76e 200 in 73ms (next.js: 2ms, proxy.ts: 1.7ms, application-code: 69ms)
 GET /reports?notice=Rapport+cr%C3%A9%C3%A9.+R%C3%A9v%C3%A9lez+son+URL+dans+les+cinq+prochaines+minutes.&reveal=report-url&revealId=4e69f8fc-8def-4321-a126-0288d77552f8 200 in 69ms (next.js: 1.7ms, proxy.ts: 1.6ms, application-code: 66ms)
 POST /reports?notice=Rapport%20cr%C3%A9%C3%A9.%20R%C3%A9v%C3%A9lez%20son%20URL%20dans%20les%20cinq%20prochaines%20minutes.&reveal=report-url&revealId=acf817db-480d-4dd6-b793-7fec0c0e1e37 200 in 95ms (next.js: 2ms, proxy.ts: 2ms, application-code: 91ms)
  └─ ƒ createShareLink({}) in 16ms src/app/actions.ts
 POST /api/secret-revelation 200 in 16ms (next.js: 1.7ms, proxy.ts: 3ms, application-code: 11ms)
 GET /r/[REDACTED]?edition=5580f035-68a2-4049-83b9-1bb41879b2ea 200 in 80ms (next.js: 4ms, proxy.ts: 1.8ms, application-code: 74ms)
 GET /r/[REDACTED]/csv?edition=5580f035-68a2-4049-83b9-1bb41879b2ea 200 in 15ms (next.js: 3ms, proxy.ts: 2.0ms, application-code: 10ms)
 GET /r/[REDACTED]/pdf?edition=5580f035-68a2-4049-83b9-1bb41879b2ea 200 in 83ms (next.js: 3ms, proxy.ts: 1.5ms, application-code: 79ms)
 GET /reports?notice=Rapport+cr%C3%A9%C3%A9.+R%C3%A9v%C3%A9lez+son+URL+dans+les+cinq+prochaines+minutes.&reveal=report-url&revealId=c4ca68ef-ab8f-4332-9743-93503729c6d7 200 in 73ms (next.js: 3ms, proxy.ts: 2.0ms, application-code: 68ms)
 POST /reports?notice=Rapport%20cr%C3%A9%C3%A9.%20R%C3%A9v%C3%A9lez%20son%20URL%20dans%20les%20cinq%20prochaines%20minutes.&reveal=report-url&revealId=4e69f8fc-8def-4321-a126-0288d77552f8 200 in 113ms (next.js: 3ms, proxy.ts: 6ms, application-code: 104ms)
  └─ ƒ createShareLink({}) in 24ms src/app/actions.ts
 POST /api/secret-revelation 200 in 24ms (next.js: 2ms, proxy.ts: 4ms, application-code: 18ms)
 GET /r/[REDACTED]?edition=24bcd547-db04-4ae8-8706-96a532aa2314 200 in 85ms (next.js: 4ms, proxy.ts: 3ms, application-code: 78ms)
 GET /r/[REDACTED]/csv?edition=24bcd547-db04-4ae8-8706-96a532aa2314 200 in 17ms (next.js: 4ms, proxy.ts: 2.0ms, application-code: 12ms)
 GET /r/[REDACTED]/pdf?edition=24bcd547-db04-4ae8-8706-96a532aa2314 200 in 73ms (next.js: 2ms, proxy.ts: 2ms, application-code: 68ms)
 GET /r/[REDACTED]?edition=8d0d269b-5fe5-41bf-9ece-16d864cf59d6 200 in 78ms (next.js: 4ms, proxy.ts: 1.7ms, application-code: 72ms)
 GET /r/[REDACTED]/csv?edition=8d0d269b-5fe5-41bf-9ece-16d864cf59d6 200 in 17ms (next.js: 3ms, proxy.ts: 5ms, application-code: 10ms)
 GET /r/[REDACTED]/pdf?edition=8d0d269b-5fe5-41bf-9ece-16d864cf59d6 200 in 195ms (next.js: 3ms, proxy.ts: 2ms, application-code: 189ms)
 GET /reports?notice=R%C3%A9vision+publi%C3%A9e.+Les+%C3%A9ditions+pr%C3%A9c%C3%A9dentes+restent+inchang%C3%A9es.&reveal=report-url&revealId=70b0e8b6-cc3c-480d-96ab-e6d51af3925f 200 in 82ms (next.js: 3ms, proxy.ts: 4ms, application-code: 75ms)
 POST /reports?notice=Rapport%20cr%C3%A9%C3%A9.%20R%C3%A9v%C3%A9lez%20son%20URL%20dans%20les%20cinq%20prochaines%20minutes.&reveal=report-url&revealId=c4ca68ef-ab8f-4332-9743-93503729c6d7 200 in 126ms (next.js: 2ms, proxy.ts: 3ms, application-code: 120ms)
  └─ ƒ reviseReportEdition({}) in 30ms src/app/actions.ts
 POST /api/secret-revelation 200 in 17ms (next.js: 3ms, proxy.ts: 3ms, application-code: 11ms)
 GET /r/[REDACTED]?edition=46207932-916a-4dc4-be6e-145b81d6415d 200 in 86ms (next.js: 5ms, proxy.ts: 1.7ms, application-code: 79ms)
 GET /r/[REDACTED]/csv?edition=46207932-916a-4dc4-be6e-145b81d6415d 200 in 20ms (next.js: 5ms, proxy.ts: 4ms, application-code: 11ms)
 GET /reports?error=Les+donn%C3%A9es+compl%C3%A8tes+de+cette+p%C3%A9riode+ne+sont+pas+disponibles.+Actualisez+l%E2%80%99historique+du+compte+avant+de+publier+ce+bilan. 200 in 75ms (next.js: 1.9ms, proxy.ts: 1.7ms, application-code: 72ms)
 POST /reports?notice=R%C3%A9vision%20publi%C3%A9e.%20Les%20%C3%A9ditions%20pr%C3%A9c%C3%A9dentes%20restent%20inchang%C3%A9es.&reveal=report-url&revealId=70b0e8b6-cc3c-480d-96ab-e6d51af3925f 200 in 98ms (next.js: 2ms, proxy.ts: 2ms, application-code: 94ms)
  └─ ƒ createShareLink({}) in 12ms src/app/actions.ts
 GET /r/[REDACTED]?edition=8d0d269b-5fe5-41bf-9ece-16d864cf59d6 200 in 92ms (next.js: 3ms, proxy.ts: 3ms, application-code: 86ms)
 GET /r/[REDACTED]/pdf?edition=8d0d269b-5fe5-41bf-9ece-16d864cf59d6 429 in 12ms (next.js: 4ms, proxy.ts: 3ms, application-code: 5ms)
 GET /r/[REDACTED]/csv?edition=8d0d269b-5fe5-41bf-9ece-16d864cf59d6 404 in 9ms (next.js: 3ms, proxy.ts: 1.4ms, application-code: 5ms)
 GET /reports 200 in 143ms (next.js: 2ms, proxy.ts: 2ms, application-code: 139ms)
  ✓  48 [chromium] › e2e/report-editions-local.spec.ts:16:53 › published report editions › creates every period and preserves HTML PDF CSV through revision in fr (9.2s)
 GET /reports 200 in 147ms (next.js: 3ms, proxy.ts: 2ms, application-code: 142ms)
 GET /api/auth/get-session 200 in 29ms (next.js: 14ms, proxy.ts: 3ms, application-code: 12ms)
 GET /api/auth/organization/list 200 in 31ms (next.js: 18ms, proxy.ts: 3ms, application-code: 10ms)
 POST /reports 200 in 69ms (next.js: 2ms, proxy.ts: 3ms, application-code: 63ms)
  └─ ƒ setCookieConsent({}) in 0ms src/app/preferences-actions.ts
 GET /reports?notice=Report+created.+Reveal+its+URL+within+the+next+five+minutes.&reveal=report-url&revealId=f82dd02b-a74c-48d4-9f63-cb7cd90626fa 200 in 67ms (next.js: 2ms, proxy.ts: 2ms, application-code: 63ms)
 POST /reports 200 in 95ms (next.js: 1.9ms, proxy.ts: 2ms, application-code: 91ms)
  └─ ƒ createShareLink({}) in 17ms src/app/actions.ts
 POST /api/secret-revelation 200 in 16ms (next.js: 1.8ms, proxy.ts: 3ms, application-code: 11ms)
 GET /r/[REDACTED]?edition=41415f25-0265-4abc-b07d-40c4ea78a31b 200 in 87ms (next.js: 4ms, proxy.ts: 1.8ms, application-code: 81ms)
 GET /r/[REDACTED]/csv?edition=41415f25-0265-4abc-b07d-40c4ea78a31b 200 in 15ms (next.js: 3ms, proxy.ts: 1.9ms, application-code: 10ms)
 GET /r/[REDACTED]/pdf?edition=41415f25-0265-4abc-b07d-40c4ea78a31b 200 in 183ms (next.js: 3ms, proxy.ts: 1.7ms, application-code: 178ms)
 GET /r/[REDACTED]?error=Email+code+delivery+is+not+configured.&edition=41415f25-0265-4abc-b07d-40c4ea78a31b 200 in 62ms (next.js: 4ms, proxy.ts: 4ms, application-code: 54ms)
 POST /r/[REDACTED]?edition=41415f25-0265-4abc-b07d-40c4ea78a31b 200 in 102ms (next.js: 8ms, proxy.ts: 3ms, application-code: 91ms)
  └─ ƒ requestReportFeedbackOtp({}) in 19ms src/app/actions.ts
 GET /r/[REDACTED]?edition=41415f25-0265-4abc-b07d-40c4ea78a31b&otp=1 200 in 97ms (next.js: 5ms, proxy.ts: 3ms, application-code: 88ms)
 GET /r/[REDACTED]?error=Request+a+new+code.&otp=1&edition=41415f25-0265-4abc-b07d-40c4ea78a31b 200 in 55ms (next.js: 3ms, proxy.ts: 2ms, application-code: 51ms)
 POST /r/[REDACTED]?edition=41415f25-0265-4abc-b07d-40c4ea78a31b&otp=1 200 in 73ms (next.js: 3ms, proxy.ts: 2ms, application-code: 68ms)
  └─ ƒ verifyReportFeedbackOtp({}) in 6ms src/app/actions.ts
 GET /reports?notice=Report+created.+Reveal+its+URL+within+the+next+five+minutes.&reveal=report-url&revealId=49b48fcf-b898-46c7-890c-9dc0a3c77597 200 in 63ms (next.js: 1.9ms, proxy.ts: 2.0ms, application-code: 59ms)
 POST /reports?notice=Report%20created.%20Reveal%20its%20URL%20within%20the%20next%20five%20minutes.&reveal=report-url&revealId=f82dd02b-a74c-48d4-9f63-cb7cd90626fa 200 in 94ms (next.js: 4ms, proxy.ts: 3ms, application-code: 88ms)
  └─ ƒ createShareLink({}) in 18ms src/app/actions.ts
 POST /api/secret-revelation 200 in 16ms (next.js: 1.8ms, proxy.ts: 3ms, application-code: 11ms)
 GET /r/[REDACTED]?edition=ed0f406b-f961-4347-a339-c19b1c810225 200 in 87ms (next.js: 4ms, proxy.ts: 1.9ms, application-code: 81ms)
 GET /r/[REDACTED]/csv?edition=ed0f406b-f961-4347-a339-c19b1c810225 200 in 15ms (next.js: 3ms, proxy.ts: 2ms, application-code: 9ms)
 GET /r/[REDACTED]/pdf?edition=ed0f406b-f961-4347-a339-c19b1c810225 200 in 70ms (next.js: 4ms, proxy.ts: 1.4ms, application-code: 65ms)
 GET /reports?notice=Report+created.+Reveal+its+URL+within+the+next+five+minutes.&reveal=report-url&revealId=47d2c6b7-4f15-4cf9-bdd0-918865efa04c 200 in 75ms (next.js: 2ms, proxy.ts: 3ms, application-code: 70ms)
 POST /reports?notice=Report%20created.%20Reveal%20its%20URL%20within%20the%20next%20five%20minutes.&reveal=report-url&revealId=49b48fcf-b898-46c7-890c-9dc0a3c77597 200 in 119ms (next.js: 4ms, proxy.ts: 4ms, application-code: 111ms)
  └─ ƒ createShareLink({}) in 29ms src/app/actions.ts
 POST /api/secret-revelation 200 in 28ms (next.js: 1.6ms, proxy.ts: 3ms, application-code: 24ms)
 GET /r/[REDACTED]?edition=49fb9832-82ba-4c7e-887e-295fe6744a9c 200 in 90ms (next.js: 5ms, proxy.ts: 2ms, application-code: 83ms)
 GET /r/[REDACTED]/csv?edition=49fb9832-82ba-4c7e-887e-295fe6744a9c 200 in 19ms (next.js: 5ms, proxy.ts: 3ms, application-code: 12ms)
 GET /r/[REDACTED]/pdf?edition=49fb9832-82ba-4c7e-887e-295fe6744a9c 200 in 70ms (next.js: 2ms, proxy.ts: 1.5ms, application-code: 66ms)
⚠ Fast Refresh had to perform a full reload when ./src/lib/sentry-redaction.ts changed. Read more: https://nextjs.org/docs/messages/fast-refresh-reload
⚠ Fast Refresh had to perform a full reload when ./src/lib/sentry-redaction.ts changed. Read more: https://nextjs.org/docs/messages/fast-refresh-reload
⚠ Fast Refresh had to perform a full reload when ./src/lib/sentry-redaction.ts changed. Read more: https://nextjs.org/docs/messages/fast-refresh-reload
✓ Compiled in 154ms
 POST /reports?notice=Report%20created.%20Reveal%20its%20URL%20within%20the%20next%20five%20minutes.&reveal=report-url&revealId=47d2c6b7-4f15-4cf9-bdd0-918865efa04c 200 in 541ms (next.js: 126ms, proxy.ts: 5ms, application-code: 410ms)
 GET /sign-in 200 in 302ms (next.js: 86ms, proxy.ts: 76ms, application-code: 139ms)
 GET /reports?notice=Report%20created.%20Reveal%20its%20URL%20within%20the%20next%20five%20minutes.&reveal=report-url&revealId=47d2c6b7-4f15-4cf9-bdd0-918865efa04c 200 in 406ms (next.js: 3ms, proxy.ts: 7ms, application-code: 396ms)
 GET /r/[REDACTED]?edition=49fb9832-82ba-4c7e-887e-295fe6744a9c 200 in 700ms (next.js: 53ms, proxy.ts: 6ms, application-code: 641ms)
 GET /api/auth/get-session 200 in 70ms (next.js: 32ms, proxy.ts: 11ms, application-code: 27ms)
 GET /api/auth/organization/list 200 in 94ms (next.js: 37ms, proxy.ts: 11ms, application-code: 46ms)
 GET /reports?notice=Report+created.+Reveal+its+URL+within+the+next+five+minutes.&reveal=report-url&revealId=d45b3477-a04b-47cb-b536-ffebed71fab7 200 in 467ms (next.js: 25ms, proxy.ts: 27ms, application-code: 415ms)
 GET /icon?a62dacc6b033a714 200 in 53ms (next.js: 11ms, proxy.ts: 12ms, application-code: 30ms)
  ✘  49 [chromium] › e2e/report-editions-local.spec.ts:16:53 › published report editions › creates every period and preserves HTML PDF CSV through revision in en (18.4s)
(node:27301) Warning: The 'NO_COLOR' env is ignored due to the 'FORCE_COLOR' env being set.
(Use `node --trace-warnings ...` to show where the warning was created)
 GET /audit?q=COLL_AUDIT_ 200 in 185ms (next.js: 9ms, proxy.ts: 2ms, application-code: 174ms)
 GET /api/auth/get-session 200 in 27ms (next.js: 14ms, proxy.ts: 3ms, application-code: 9ms)
 GET /api/auth/organization/list 200 in 31ms (next.js: 7ms, proxy.ts: 5ms, application-code: 18ms)
 POST /audit?q=COLL_AUDIT_ 200 in 79ms (next.js: 3ms, proxy.ts: 2ms, application-code: 74ms)
  └─ ƒ setCookieConsent({}) in 2ms src/app/preferences-actions.ts
 GET /audit?q=COLL_AUDIT_&cursor=eyJ2IjoxLCJpdiI6Ii15YVNZWm5QbjVjTTlKOE0iLCJ0YWciOiJ5cy1OcHJNemE0UXpxYksybG42RzJ3IiwiZGF0YSI6Il9JOUFKcVFiSlBMS3U5ZnRhS0hTanhmNTRZck82VkNGclhXNXdYbmx6cFRwV3liRzNvdlNGMk54bUtwRFpJOTJJSncxekRiajdXS3hnRjZUZzllSkpjWFh6X19qdmFsZEpNclZLeWdCTXBqVzZZa2lhb1V0aWM4S0g0ODFSeWVzc0F6b1M1Q0d1VXFadWJBZTdqMGt4RUVLazRwY1J2YjhMWnM1dmRLTVdHTm5HY3YzX2JxdzAtLWtPVnNVR2ZLclRSeHF2ZzUwbTU0dnBqQVFVY0l5UEZNSWlDMW9fNDF3VDJ1X01iZjQzLVFWRG1oWXBYbXR6VkVYdjZ4QmZ6MHp2M0pvT3IyZVMyYVV4Q1l6V3E5TDVRWnhyMFozN3picUJ5WmpjVXNMSnVULUN4U3hKOVBONEEifQ 200 in 52ms (next.js: 3ms, proxy.ts: 5ms, application-code: 44ms)
 GET /audit?q=COLL_AUDIT_001 200 in 110ms (next.js: 1.8ms, proxy.ts: 1.9ms, application-code: 106ms)
 GET /api/auth/get-session 200 in 89ms (next.js: 45ms, proxy.ts: 18ms, application-code: 27ms)
 GET /api/auth/organization/list 200 in 93ms (next.js: 47ms, proxy.ts: 18ms, application-code: 28ms)
 GET /tasks?q=COLL_TASK_ 200 in 442ms (next.js: 8ms, proxy.ts: 2ms, application-code: 432ms)
 GET /api/auth/get-session 200 in 21ms (next.js: 6ms, proxy.ts: 3ms, application-code: 13ms)
 GET /api/auth/organization/list 200 in 23ms (next.js: 9ms, proxy.ts: 2ms, application-code: 11ms)
 GET /tasks?q=COLL_TASK_&status=open&cursor=eyJ2IjoxLCJpdiI6IlhxbzNhcWtwM3BnQmhoc3kiLCJ0YWciOiJTbUlIc1ZKb3N6bnJPeHB5cjJzMHF3IiwiZGF0YSI6IjJyMXMxVVZhZnE0eHFpREhnMXJUdHRmTW8xT202SWRoYm1YSklJQmFNUm9zOTB5TG81cTFMbms4RzhDeFFiejdYd2d6VG1GU3FlVVBOSGFmQ2ZMWDJ3RGZjQWlXOVJlZ3hRRGNSRzh5X3dLYlhsd2hDdTR6bTE5V2hPaXhhMXdRdXJtT1AtZWZEbElqOFMzem9GUU1pSml4RHZfaE54THlBUHpnZldvRTBNZlZJMmxBdzVER3o1S1NKTmhCNTl1OXdzYmtneV80b3lUZXN1YTBOekJXa3lGZHB0RXVzRnIxSWY1TFRHd1pRYXBsalJpYmw5SmI5c0Z1MDdMZ0E3SjZpRHh6LXM2SGl2d1BQMG5ueGl0WllEbGJBbHI0Z2lDUmdVN1hCWFNuU3l4ZWdVNTJWSlpBZWcifQ 200 in 124ms (next.js: 3ms, proxy.ts: 2ms, application-code: 118ms)
 GET /tasks?q=COLL_TASK_001&status=open 200 in 148ms (next.js: 1.7ms, proxy.ts: 2ms, application-code: 144ms)
 GET /api/auth/get-session 200 in 22ms (next.js: 8ms, proxy.ts: 4ms, application-code: 10ms)
 GET /api/auth/organization/list 200 in 22ms (next.js: 9ms, proxy.ts: 5ms, application-code: 8ms)
 GET /tasks?notice=Commentaire+ajout%C3%A9.&id=12f9d0a5-ed0b-43d4-a417-1726992fb904 200 in 75ms (next.js: 1.9ms, proxy.ts: 1.6ms, application-code: 71ms)
 POST /tasks?q=COLL_TASK_001&status=open 200 in 96ms (next.js: 2ms, proxy.ts: 3ms, application-code: 90ms)
  └─ ƒ addWorkspaceTaskComment({}) in 8ms src/app/actions.ts
 GET /discussions/tasks/12f9d0a5-ed0b-43d4-a417-1726992fb904 200 in 64ms (next.js: 12ms, proxy.ts: 2ms, application-code: 50ms)
 GET /discussions/tasks/12f9d0a5-ed0b-43d4-a417-1726992fb904?cursor=eyJ2IjoxLCJpdiI6IkFuU1JyOGo1dTRSQTRnNTciLCJ0YWciOiJPVXJoRFVQZ1AtVHJCYXIwUExkcVBRIiwiZGF0YSI6Im1IU01jdktrQi1ZTGdEMmlha0ExMU9kSmd6Um1BWFdic2YwamljREM0dUN6SVJBdUQwajZ6VGprYkk1UFg3azBMbEw3czh3QWlPSDZXWFBiNjFLVXM2cllBcDc0T0VZRy1teHoyZVpnQlJXWFdZTUxuUlYwWVAwNTZUODY5eEREXzdNb0RqWWhtRHl4WFI3Sy00NVJHamdjNXNlTlJvUGZOQ3hNN1pjZ2dFekpETkQyaDBiNHFCUFZjZTB1d3BMY2ItbGRFdE9wTllDTEZfSTZ3RlZRMVBVZldsNXJlNkdMd0ttVEUtQWZlZFFjWFZ0SmpZZjFVanREeXVDRGhuQUVrZWptaEh3cWw0RXNWQl9lSDRlb2dobVRxeU5nNmZ3Q1JxVTRnZlF2T01MTGJWRGN1RkFYMXcifQ 200 in 42ms (next.js: 4ms, proxy.ts: 3ms, application-code: 35ms)
 GET /discussions/tasks/12f9d0a5-ed0b-43d4-a417-1726992fb904?q=COLL_MESSAGE_001 200 in 116ms (next.js: 2ms, proxy.ts: 1.9ms, application-code: 112ms)
 GET /api/auth/get-session 200 in 19ms (next.js: 5ms, proxy.ts: 3ms, application-code: 11ms)
 GET /api/auth/organization/list 200 in 21ms (next.js: 9ms, proxy.ts: 3ms, application-code: 10ms)
[browser] A tree hydrated but some attributes of the server rendered HTML didn't match the client properties. This won't be patched up. This can happen if a SSR-ed Client Component used:

- A server/client branch `if (typeof window !== 'undefined')`.
- Variable input such as `Date.now()` or `Math.random()` which changes each time it's called.
- Date formatting in a user's locale which doesn't match the server.
- External changing data without sending a snapshot of it along with the HTML.
- Invalid HTML tag nesting.

It can also happen if the client has a browser extension installed which messes with the HTML before React loaded.

https://react.dev/link/hydration-mismatch

  ...
    <InnerScrollHandlerNew focusAndScrollRef={{scrollRef:null, ...}} cacheNode={{rsc:{...}, ...}}>
      <ErrorBoundary errorComponent={undefined} errorStyles={undefined} errorScripts={undefined}>
        <LoadingBoundary name="12f9d0a5-e..." loading={null}>
          <HTTPAccessFallbackBoundary notFound={undefined} forbidden={undefined} unauthorized={undefined}>
            <RedirectBoundary>
              <RedirectErrorBoundary router={{...}}>
                <InnerLayoutRouter url="/discussio..." tree={[...]} params={{kind:"tasks", ...}} ...>
                  <SegmentViewNode type="page" pagePath="(app)/disc...">
                    <SegmentTrieNode>
                    <DiscussionPage>
                      <div>
                      <LinkComponent>
                      <CollectionControls>
                        <div className="my-5 space..." data-collection-controls={true}>
                          <form action="/discussio..." className="flex flex-...">
                            <label className="grid gap-1...">
                              <span>
                              <input
                                type="search"
                                name="q"
                                defaultValue="COLL_MESSAGE_001"
                                maxLength={120}
                                className="h-10 rounded-lg border bg-white px-3 text-sm"
-                               style={{caret-color:"transparent"}}
                              >
                            ...
                          ...
                      ...
                  ...
                ...
      ...

 GET /alerts?q=COLL_ALERT_ 200 in 333ms (next.js: 7ms, proxy.ts: 3ms, application-code: 323ms)
 GET /api/auth/get-session 200 in 18ms (next.js: 4ms, proxy.ts: 3ms, application-code: 11ms)
 GET /api/auth/organization/list 200 in 19ms (next.js: 7ms, proxy.ts: 3ms, application-code: 9ms)
 GET /alerts?q=COLL_ALERT_&cursor=eyJ2IjoxLCJpdiI6Im54aV9YT0N5RndRNERQdm4iLCJ0YWciOiJCakdVWkZPVHVyUmotSnk5cjI3clhRIiwiZGF0YSI6InEzRm5MQUk2bEItSWVONlljTUFvc0hDYTQ5V0FFekxDQVBjTGpSRUVQbm1xVGFVMW9jN1UzWlVVdGExRUluYVc3VFQ1VEtyRVlabUJ2NmNGWk9SMWVsRWI5UDJCb1FOM0hUR0ZSTjZQc2owNVJLLVR4MkZXYW9qUnphb3c3YjV6eGhjeExoSVJINVVqVXhOaENnNDJmd3p0aEJfVnFTM2pBQkNJczNYZHk1T1d3aTNSRTJHVlE0TWVnMFNSa09DRDNiYVhFMHE3SXh2azBwMnpRNzItU3dkRXRqVy1iVmNRaVhZNzdIc3ZZNEpnVml2QnhRVzFBZlFWZ1FwbVZsQUZkd1VHSHBESk15aW1QeXlYM052ZExOTmstNllUYUpUV2NOUUl0b3V1dWFvSWNqVW95czhGOGcifQ 200 in 87ms (next.js: 2ms, proxy.ts: 2ms, application-code: 82ms)
 GET /alerts?q=COLL_ALERT_001&status= 200 in 122ms (next.js: 2ms, proxy.ts: 2ms, application-code: 117ms)
 GET /api/auth/get-session 200 in 78ms (next.js: 46ms, proxy.ts: 11ms, application-code: 20ms)
 GET /api/auth/organization/list 200 in 81ms (next.js: 49ms, proxy.ts: 11ms, application-code: 20ms)
 GET /approvals?q=COLL_APPROVAL_ 200 in 401ms (next.js: 9ms, proxy.ts: 2ms, application-code: 389ms)
 GET /api/auth/get-session 200 in 19ms (next.js: 5ms, proxy.ts: 3ms, application-code: 10ms)
 GET /api/auth/organization/list 200 in 20ms (next.js: 9ms, proxy.ts: 3ms, application-code: 8ms)
 GET /approvals?q=COLL_APPROVAL_&cursor=eyJ2IjoxLCJpdiI6InpycnlVSTFjVURGMzhJSW0iLCJ0YWciOiJzNERFNkwxNllJR28wNzItTDVIRE53IiwiZGF0YSI6Ikp0VkZEYmU1cFdCOEYxenZweS05eGFyLUJtRURWdXNPTHRJeTFxNFdjcnhndTRaUlljSS1hS1EzSUxQVllYZDItVFRwQTQ0dEdPaTFjT2pHbXNlV3F1TUR6RTBBck54SlBKSktQYWZHZ2J2MmNHa3YxTktsNXFsSlFsQ0hBcmt4ZnV2X1g2OXBGNWVLcFB5Uk9WQUpyZGdiRHNJVjFnZHJKTDZCM0YweWg2bVpoMmhZMUZBT01wTWNNWVVENUxPdnVWajBvT184bXFKVlBLeW5rMGpLeEZJR01vVWhqZnpyS1RYVGFQZVpmb25pMF96by1uN2tqNVFXN3J5QWhnSmVhS2dJMXIwVy1qdHl2MWJCWFBBX1NlYlpHRXgyN3JfYXRRdXJjZjRDV0NQRnVtWjBpci16YXcifQ 200 in 130ms (next.js: 2ms, proxy.ts: 2ms, application-code: 126ms)
 GET /approvals?q=COLL_APPROVAL_001&status= 200 in 120ms (next.js: 2ms, proxy.ts: 2ms, application-code: 116ms)
 GET /api/auth/get-session 200 in 196ms (next.js: 23ms, proxy.ts: 166ms, application-code: 8ms)
 GET /api/auth/organization/list 200 in 196ms (next.js: 26ms, proxy.ts: 166ms, application-code: 4ms)
 GET /support?q=COLL_SUPPORT_ 200 in 309ms (next.js: 6ms, proxy.ts: 2ms, application-code: 300ms)
 GET /api/auth/get-session 200 in 14ms (next.js: 3ms, proxy.ts: 2ms, application-code: 9ms)
 GET /api/auth/organization/list 200 in 16ms (next.js: 6ms, proxy.ts: 2ms, application-code: 7ms)
 GET /support?q=COLL_SUPPORT_&cursor=eyJ2IjoxLCJpdiI6IloxX1hITWhrNkpqb2M1bmwiLCJ0YWciOiJHemFMWnFfaUlsWDF0c3ZWelJFOERnIiwiZGF0YSI6Im1hUTdTUTJlT05TUVdDM1oxZGtMb191d3VSTUdVeGdqak1EVFJZMWhMTjdKZ0RHenZlb1dkWlVLaC05NUdxQS1YSHRxNWJCMkpCMmliYWdIb1NHYWVlNlRyMGVfMDNrcElXY1I1cmwwUHVsMlBSQWRjMk9ScWpzSDQ3N3NjdWEzYldSMHBfTkVkNTlnVVVVNGpjRkFTZ1o4MndhcjFpTHlnLUk0WDB5eDVJMWloSTJYOE15Sm9XRWFIZ2FVWk1UOWZsV1FkbDE4ZkVpbUpnQjh1S0tFbDM1R25vZVFsRGhXZVZFR3hXY0NYQXkxblNuQmZDcFlrY0RJTFI1Q2NZNTNyR2tLOURBS2txdUdlQzF3NjVOajdrclVpZjBoZUF6eWpJdVR6Q3FqUkQ5azF3RmN4aUpzTFEifQ 200 in 62ms (next.js: 2ms, proxy.ts: 2ms, application-code: 58ms)
 GET /support?q=COLL_SUPPORT_001&status= 200 in 128ms (next.js: 2ms, proxy.ts: 1.7ms, application-code: 124ms)
 GET /api/auth/get-session 200 in 20ms (next.js: 5ms, proxy.ts: 3ms, application-code: 13ms)
 GET /api/auth/organization/list 200 in 22ms (next.js: 10ms, proxy.ts: 3ms, application-code: 10ms)
[browser] A tree hydrated but some attributes of the server rendered HTML didn't match the client properties. This won't be patched up. This can happen if a SSR-ed Client Component used:

- A server/client branch `if (typeof window !== 'undefined')`.
- Variable input such as `Date.now()` or `Math.random()` which changes each time it's called.
- Date formatting in a user's locale which doesn't match the server.
- External changing data without sending a snapshot of it along with the HTML.
- Invalid HTML tag nesting.

It can also happen if the client has a browser extension installed which messes with the HTML before React loaded.

https://react.dev/link/hydration-mismatch

  ...
    <InnerScrollHandlerNew focusAndScrollRef={{scrollRef:null, ...}} cacheNode={{rsc:{...}, ...}}>
      <ErrorBoundary errorComponent={undefined} errorStyles={undefined} errorScripts={undefined}>
        <LoadingBoundary name="support/" loading={null}>
          <HTTPAccessFallbackBoundary notFound={undefined} forbidden={undefined} unauthorized={undefined}>
            <RedirectBoundary>
              <RedirectErrorBoundary router={{...}}>
                <InnerLayoutRouter url={"/support..."} tree={[...]} params={{}} cacheNode={{rsc:{...}, ...}} ...>
                  <SegmentViewNode type="page" pagePath="(app)/supp...">
                    <SegmentTrieNode>
                    <SupportPage>
                      <div>
                      <section>
                      <Card>
                        <div data-slot="card" data-size="default" className={"group/ca..."}>
                          <div>
                          <CardContent>
                            <div data-slot="card-content" className="px-(--card...">
                              <form action={function createSupportTicket} className="grid gap-3...">
                                <Input>
                                  <input
                                    data-slot="input"
                                    className="h-8 w-full min-w-0 rounded-lg border border-input bg-transparent px-2.5..."
                                    name="subject"
                                    minLength={4}
                                    maxLength={220}
                                    required={true}
                                    placeholder="Objet court et précis"
-                                   style={{caret-color:"transparent"}}
                                  >
                                <select>
                                <select>
                                <Textarea>
                                  <textarea
                                    data-slot="textarea"
                                    className="flex field-sizing-content w-full rounded-lg border border-input bg-tran..."
                                    name="body"
                                    minLength={10}
                                    maxLength={8000}
                                    required={true}
                                    placeholder="Contexte, étapes de reproduction, résultat attendu et constaté. Ne tr..."
-                                   style={{caret-color:"transparent"}}
                                  >
                                ...
                      <CollectionControls>
                        <div className="my-5 space..." data-collection-controls={true}>
                          <form action="/support" className="flex flex-...">
                            <label className="grid gap-1...">
                              <span>
                              <input
                                type="search"
                                name="q"
                                defaultValue="COLL_SUPPORT_001"
                                maxLength={120}
                                className="h-10 rounded-lg border bg-white px-3 text-sm"
-                               style={{caret-color:"transparent"}}
                              >
                            ...
                          ...
                      <div className="space-y-4">
                        <Card>
                          <div data-slot="card" data-size="default" className={"group/ca..."}>
                            <CardContent>
                              <div data-slot="card-content" className="p-5">
                                <div>
                                <LinkComponent>
                                <div>
                                <form action={function addSupportMessage} className="mt-4 flex ...">
                                  <input
                                    type="hidden"
                                    name="ticketId"
                                    value="6b9a1d32-008a-4c91-aaab-b135d31b0e3a"
-                                   style={{caret-color:"transparent"}}
                                  >
                                  <Textarea>
                                    <textarea
                                      data-slot="textarea"
                                      className="flex field-sizing-content w-full rounded-lg border border-input bg-tr..."
                                      name="body"
                                      maxLength={8000}
                                      required={true}
                                      placeholder="Ajouter du contexte ou répondre au support"
-                                     style={{caret-color:"transparent"}}
                                    >
                                  ...
                  ...
                ...
      ...

 GET /tasks?cursor=forged 200 in 129ms (next.js: 1.9ms, proxy.ts: 1.9ms, application-code: 125ms)
 GET /api/auth/get-session 200 in 38ms (next.js: 21ms, proxy.ts: 5ms, application-code: 12ms)
 GET /api/auth/organization/list 200 in 41ms (next.js: 8ms, proxy.ts: 7ms, application-code: 27ms)
 GET /support?q=COLL_SUPPORT_ 200 in 108ms (next.js: 2ms, proxy.ts: 3ms, application-code: 102ms)
 GET /api/auth/get-session 200 in 86ms (next.js: 27ms, proxy.ts: 31ms, application-code: 28ms)
 GET /api/auth/organization/list 200 in 80ms (next.js: 30ms, proxy.ts: 21ms, application-code: 29ms)
 GET /discussions/support/6b9a1d32-008a-4c91-aaab-b135d31b0e3a 404 in 115ms (next.js: 4ms, proxy.ts: 1.9ms, application-code: 108ms)
  ✓  50 [chromium] › e2e/workspace-collections-local.spec.ts:14:53 › workspace collection navigation › searches older records and conversations in fr (7.4s)
 GET /audit?q=COLL_AUDIT_ 200 in 152ms (next.js: 2.0ms, proxy.ts: 1.9ms, application-code: 148ms)
 GET /api/auth/get-session 200 in 20ms (next.js: 5ms, proxy.ts: 2ms, application-code: 13ms)
 GET /api/auth/organization/list 200 in 22ms (next.js: 10ms, proxy.ts: 3ms, application-code: 9ms)
 GET /audit?q=COLL_AUDIT_&cursor=eyJ2IjoxLCJpdiI6Im5rR3BMbms0UWpLY2JzaXoiLCJ0YWciOiJuOVp4V19QSkRULTNfN0lsb3B3Qkt3IiwiZGF0YSI6Ii0yLVVFRkRWUmdRU2ZveVBWWXp2aVN6VmNycFp5UVZ0YTZWMDRuQ1RFaTU5Uml2WFRxQnUzeEhSQV9oc1VzQy04eGUyaDAtMkVncE82VDNqRHNyLVlwTGl0MkNhT2REaXFCYzRQRkx6dkZidlNHYnZ5WmptbGxnMDNycWdocXRiVThTanVFaVVNUDF0OXN2a3I2cGozMnRHRWt0TzMzV1BLX2U4TnVEbHBta2ZuR2IxQjZiYWszOXI3SzVKWTB1ekVCQkptMUFHZ0traG5ZSVdYTmRrbk1uSWZCOUI3V3BfN0d4V2xJRjNRWWI5X2x6YnJqRUVCdFBfeU9jX3VCeWpyUm15bjk4ODJHZklBOWFPQXYxU3BEWUMyVmFMcHVmZTFZRUdWc0xSVHc5NmtMLWlrWGNLNGcifQ 200 in 114ms (next.js: 10ms, proxy.ts: 6ms, application-code: 98ms)
 POST /audit?q=COLL_AUDIT_ 200 in 171ms (next.js: 2ms, proxy.ts: 2ms, application-code: 166ms)
  └─ ƒ setCookieConsent({}) in 2ms src/app/preferences-actions.ts
 GET /audit?q=COLL_AUDIT_&cursor=eyJ2IjoxLCJpdiI6Im5rR3BMbms0UWpLY2JzaXoiLCJ0YWciOiJuOVp4V19QSkRULTNfN0lsb3B3Qkt3IiwiZGF0YSI6Ii0yLVVFRkRWUmdRU2ZveVBWWXp2aVN6VmNycFp5UVZ0YTZWMDRuQ1RFaTU5Uml2WFRxQnUzeEhSQV9oc1VzQy04eGUyaDAtMkVncE82VDNqRHNyLVlwTGl0MkNhT2REaXFCYzRQRkx6dkZidlNHYnZ5WmptbGxnMDNycWdocXRiVThTanVFaVVNUDF0OXN2a3I2cGozMnRHRWt0TzMzV1BLX2U4TnVEbHBta2ZuR2IxQjZiYWszOXI3SzVKWTB1ekVCQkptMUFHZ0traG5ZSVdYTmRrbk1uSWZCOUI3V3BfN0d4V2xJRjNRWWI5X2x6YnJqRUVCdFBfeU9jX3VCeWpyUm15bjk4ODJHZklBOWFPQXYxU3BEWUMyVmFMcHVmZTFZRUdWc0xSVHc5NmtMLWlrWGNLNGcifQ 200 in 74ms (next.js: 4ms, proxy.ts: 3ms, application-code: 67ms)
 GET /audit?q=COLL_AUDIT_001 200 in 110ms (next.js: 1.8ms, proxy.ts: 2ms, application-code: 106ms)
 GET /api/auth/organization/list 200 in 320ms (next.js: 281ms, proxy.ts: 36ms, application-code: 3ms)
 GET /api/auth/get-session 200 in 346ms (next.js: 294ms, proxy.ts: 45ms, application-code: 7ms)
 GET /tasks?q=COLL_TASK_ 200 in 432ms (next.js: 2ms, proxy.ts: 1.8ms, application-code: 428ms)
 GET /api/auth/get-session 200 in 14ms (next.js: 3ms, proxy.ts: 2ms, application-code: 8ms)
 GET /api/auth/organization/list 200 in 15ms (next.js: 6ms, proxy.ts: 3ms, application-code: 7ms)
 GET /tasks?q=COLL_TASK_&status=open&cursor=eyJ2IjoxLCJpdiI6IkNBTHlMRXYwakRHaDRMVS0iLCJ0YWciOiJZTWsySlhWUDJRckI5bmdYc3VCZzF3IiwiZGF0YSI6InhiNHBwcE10WGVKbzU5TlJJWDBSMW5FU28zRkZTOXhRVnAzVWJ0OXFyc2dCYTBqZm41SWRoOXo1dXZ1dW1CS29JWXlHaVIxeVZxVHpVRElXLVpXZ2xETUFfZlVnWWZVWk9wdUEyZ3pEUGNRNjR3azNORWdETnNMc3lyQTd2NlhVT0ZhYzBMVVVFTjltNkppNHZUTXRRQkRudV8tVnJIbWRQcjdMYUtydXhhc3NlYlVFemNrN0xGaEJvVXJEdHY3QW1HWHN0UVpfSjdicTlKYTAyOXVqZHd4Z3BNZWJMbDZuSHBqbl9OZ0JDMm02MTlOQ2tDTlhhRTV1aGFhTnJNX2pkNXg0ek1FMGFucm9KQUxfNXZsbEZtcXZQMDNMcHBkRGZ6aE1vTWhWbmxvTFJ2bGwtVUxYLWcifQ 200 in 104ms (next.js: 2ms, proxy.ts: 2ms, application-code: 100ms)
 GET /tasks?q=COLL_TASK_001&status=open 200 in 140ms (next.js: 3ms, proxy.ts: 3ms, application-code: 134ms)
 GET /api/auth/get-session 200 in 19ms (next.js: 5ms, proxy.ts: 2ms, application-code: 11ms)
 GET /api/auth/organization/list 200 in 20ms (next.js: 9ms, proxy.ts: 2ms, application-code: 9ms)
 GET /tasks?notice=Commentaire+ajout%C3%A9.&id=c519b4dd-b275-4bbd-9d0b-4ee81982ed85 200 in 84ms (next.js: 4ms, proxy.ts: 2ms, application-code: 78ms)
 POST /tasks?q=COLL_TASK_001&status=open 200 in 105ms (next.js: 3ms, proxy.ts: 3ms, application-code: 100ms)
  └─ ƒ addWorkspaceTaskComment({}) in 8ms src/app/actions.ts
 GET /discussions/tasks/c519b4dd-b275-4bbd-9d0b-4ee81982ed85 200 in 40ms (next.js: 4ms, proxy.ts: 1.9ms, application-code: 34ms)
 GET /discussions/tasks/c519b4dd-b275-4bbd-9d0b-4ee81982ed85?cursor=eyJ2IjoxLCJpdiI6IkpRaGNLRk1ERHZpSDJmNi0iLCJ0YWciOiI4dVBlTkQ2SFJQdUlIT2EyVkRuTUJBIiwiZGF0YSI6InY2aE5xRHdldzhMMk85c1NNRGN4aFNLU3hOLU1HRVpHLXl2QnJoSWdtRkF6SnJvcVFhWmRrRVJxcnFHSmZzYnRrZWhqV1NETEI2ak4zZk9nRWMydms1Y25PM1BIVUx6cGJLdDJac0MzeEdRNWlySGRKTk10VlZuU1EyUU1TVzZBTWp3S2ppM0F0dVkxRTlQUjNQRThzQURnZDZPS3JjekxSREVFT0VpbjdUdXc1ZndjTnp5ckpnQWRBUTVsM1pCUEJMVXRqWHFFQy01UlhuaXoxQ3BQRUstN3NlMTVQdXRZZ2drb1ZlcG1vZ2J4MzBEaGo3S2lvOVYzUUJyS1ZES0xydHF2djZzbDhia3pOR2d4b2hYVXZqWFdiZDNKUlhwVFcybTgyYzNGMklEN2dDOXhRZDB5eUEifQ 200 in 42ms (next.js: 3ms, proxy.ts: 2ms, application-code: 36ms)
 GET /discussions/tasks/c519b4dd-b275-4bbd-9d0b-4ee81982ed85?q=COLL_MESSAGE_001 200 in 132ms (next.js: 2ms, proxy.ts: 2ms, application-code: 127ms)
 GET /api/auth/get-session 200 in 92ms (next.js: 18ms, proxy.ts: 20ms, application-code: 53ms)
 GET /api/auth/organization/list 200 in 104ms (next.js: 19ms, proxy.ts: 22ms, application-code: 62ms)
 GET /alerts?q=COLL_ALERT_ 200 in 472ms (next.js: 18ms, proxy.ts: 8ms, application-code: 446ms)
 GET /api/auth/get-session 200 in 16ms (next.js: 3ms, proxy.ts: 3ms, application-code: 10ms)
 GET /api/auth/organization/list 200 in 17ms (next.js: 6ms, proxy.ts: 3ms, application-code: 8ms)
 GET /alerts?q=COLL_ALERT_&cursor=eyJ2IjoxLCJpdiI6ImFzeWhILTBmdzNOR1pnaFAiLCJ0YWciOiI5YTVZSmIyMDF6QzE3cnZ5OWdNN3d3IiwiZGF0YSI6ImhzN0k4WWZzVmFUTjFNTktJaUJrbmlqZG5Nazd4VmVuSmVsNlV3V21OcmhzSDhEUFVSVG1HXzRZaVF4b1BRLUE3bkg2T0ExU1JFN2cwVjQ1aFZLZktlRk1NcDhxbk96TGotczZNTGtJYmtSQnJiM3NGSHZYLTV0WWxXc2VLMDNMbFhVRUZOTG1xU1hPUWcxUjBLZXpjUlEzY2Zsc3BDM0xIcE01MjBfZkQwQ1pobTl3UHlxWlRaLWFHc3ItV1N0dklKcy1BZFBsRGZlSHpwcGh2M0RZSG5nYlVFRXk0WlhwekdFbWR4RExhaWxUX2hUNUptaVlwYzNGdVV1OHlCU2tWeVZqWnBmWEg1MTZmV0lqSGMtTVRoaVJhSFpwb2htSVVhUkJVVjdocjR6STRNeGpHaDZoancifQ 200 in 89ms (next.js: 13ms, proxy.ts: 3ms, application-code: 73ms)
 GET /alerts?q=COLL_ALERT_001&status= 200 in 124ms (next.js: 2ms, proxy.ts: 2ms, application-code: 119ms)
 GET /api/auth/get-session 200 in 74ms (next.js: 41ms, proxy.ts: 11ms, application-code: 23ms)
 GET /api/auth/organization/list 200 in 79ms (next.js: 44ms, proxy.ts: 11ms, application-code: 24ms)
 GET /approvals?q=COLL_APPROVAL_ 200 in 392ms (next.js: 3ms, proxy.ts: 1.8ms, application-code: 387ms)
 GET /api/auth/get-session 200 in 20ms (next.js: 4ms, proxy.ts: 6ms, application-code: 10ms)
 GET /api/auth/organization/list 200 in 21ms (next.js: 7ms, proxy.ts: 6ms, application-code: 8ms)
 GET /approvals?q=COLL_APPROVAL_&cursor=eyJ2IjoxLCJpdiI6ImJvUXBGakRaVXdYaFprQngiLCJ0YWciOiI2cGEtUm9UYTRDeUt0ZkFqOUtjUXR3IiwiZGF0YSI6IjBZOXdrSFdQZjJLX2laZHhLOE1Ed0FKVHMtWnoxSmpCVlJlWndiOW4teGh1YjJrSFNaa1lVbmw2dmVjVVdlbzk4X2hMX2tXOUJSQThSbWM2NFZnYzA5NVZORVNiS2N5VXN0WTQyb3Zjc0ZyWnpxWWg4aU1ReEpaYUFQX2ZsemJfV0pnVzlpVDNXczlxcHNIRFdnQ0dKdXMtcnY2S29iVGhCckpsZ3pkLTFLMGJGWS1qQ3NPeXZvdWVZNUFGMXF4UWhWUE8zcXNnZHZjS1d3R3M4cjliTEl6LWFGSmRPcDAxYnJ6NlhCekF0dEpMT0lid0h1aEdlM0lja3h3ZFM3ZjMtRlhrZG1YbTdaNXUwdmJ4eENNNlg0RGE0X0pIMS0wT0RxWmw1NVFCZ2VMSk5TVlhaS0tBU2cifQ 200 in 93ms (next.js: 2ms, proxy.ts: 2ms, application-code: 89ms)
 GET /approvals?q=COLL_APPROVAL_001&status= 200 in 126ms (next.js: 2ms, proxy.ts: 2ms, application-code: 121ms)
 GET /api/auth/get-session 200 in 82ms (next.js: 43ms, proxy.ts: 11ms, application-code: 28ms)
 GET /api/auth/organization/list 200 in 240ms (next.js: 45ms, proxy.ts: 11ms, application-code: 183ms)
 GET /support?q=COLL_SUPPORT_ 200 in 308ms (next.js: 5ms, proxy.ts: 4ms, application-code: 300ms)
 GET /api/auth/get-session 200 in 17ms (next.js: 3ms, proxy.ts: 4ms, application-code: 10ms)
 GET /api/auth/organization/list 200 in 18ms (next.js: 6ms, proxy.ts: 4ms, application-code: 9ms)
 GET /support?q=COLL_SUPPORT_&cursor=eyJ2IjoxLCJpdiI6IlNkRzRmV1pVU1pBRlNfaW0iLCJ0YWciOiJVbGp4YzZCeDVvZ0ZJUy1CRE8yUFFRIiwiZGF0YSI6IlhVNjVZY1U5d1JaQ1FZQV9kS3hZQmE5VnpzaHdFRmlQb0t2X2tKR3F1YVJ1bTJ4TS1vUWN4RmtLZFZlRm84VlpEOU1ReDBqeGktVnRoR0pOSmxMcjAzVDZIMWkzeXJJSlAta1pDOUZkamRWanlrdTJ0QXFWd285LS1nR2l0MVNyS0FPNnNWZGFDaThaRTRSN3BnVlF0bE9YakZrU0dtdDNmYnZEUm1FX2cwQXFQS0Vnci1kQXZTYzgzdzhxOFlMNmJrX1VXdzdxZjlxdXQ4MmFVUmY0NWhZS0pzVmRsajVsbzJ2VVlXMWdERVVfTXpmRWRreVI3eFNaR2Z6eUFFWlNxOHY4Tk9Uc01IdHluRnl3TVVHRlJnTkpHTHE4OFVqdmFFVVVKY2lyRjVkVTVwUU9vdUQ0SkEifQ 200 in 68ms (next.js: 2ms, proxy.ts: 2ms, application-code: 63ms)
 GET /support?q=COLL_SUPPORT_001&status= 200 in 125ms (next.js: 2ms, proxy.ts: 1.9ms, application-code: 122ms)
 GET /api/auth/get-session 200 in 23ms (next.js: 5ms, proxy.ts: 5ms, application-code: 12ms)
 GET /api/auth/organization/list 200 in 22ms (next.js: 8ms, proxy.ts: 3ms, application-code: 11ms)
[browser] A tree hydrated but some attributes of the server rendered HTML didn't match the client properties. This won't be patched up. This can happen if a SSR-ed Client Component used:

- A server/client branch `if (typeof window !== 'undefined')`.
- Variable input such as `Date.now()` or `Math.random()` which changes each time it's called.
- Date formatting in a user's locale which doesn't match the server.
- External changing data without sending a snapshot of it along with the HTML.
- Invalid HTML tag nesting.

It can also happen if the client has a browser extension installed which messes with the HTML before React loaded.

https://react.dev/link/hydration-mismatch

  ...
    <InnerScrollHandlerNew focusAndScrollRef={{scrollRef:null, ...}} cacheNode={{rsc:{...}, ...}}>
      <ErrorBoundary errorComponent={undefined} errorStyles={undefined} errorScripts={undefined}>
        <LoadingBoundary name="support/" loading={null}>
          <HTTPAccessFallbackBoundary notFound={undefined} forbidden={undefined} unauthorized={undefined}>
            <RedirectBoundary>
              <RedirectErrorBoundary router={{...}}>
                <InnerLayoutRouter url={"/support..."} tree={[...]} params={{}} cacheNode={{rsc:{...}, ...}} ...>
                  <SegmentViewNode type="page" pagePath="(app)/supp...">
                    <SegmentTrieNode>
                    <SupportPage>
                      <div>
                      <section>
                      <Card>
                        <div data-slot="card" data-size="default" className={"group/ca..."}>
                          <div>
                          <CardContent>
                            <div data-slot="card-content" className="px-(--card...">
                              <form action={function createSupportTicket} className="grid gap-3...">
                                <Input>
                                  <input
                                    data-slot="input"
                                    className="h-8 w-full min-w-0 rounded-lg border border-input bg-transparent px-2.5..."
                                    name="subject"
                                    minLength={4}
                                    maxLength={220}
                                    required={true}
                                    placeholder="Short, precise subject"
-                                   style={{caret-color:"transparent"}}
                                  >
                                <select>
                                <select>
                                <Textarea>
                                  <textarea
                                    data-slot="textarea"
                                    className="flex field-sizing-content w-full rounded-lg border border-input bg-tran..."
                                    name="body"
                                    minLength={10}
                                    maxLength={8000}
                                    required={true}
                                    placeholder="Context, steps to reproduce, expected and observed result. Never incl..."
-                                   style={{caret-color:"transparent"}}
                                  >
                                ...
                      <CollectionControls>
                        <div className="my-5 space..." data-collection-controls={true}>
                          <form action="/support" className="flex flex-...">
                            <label className="grid gap-1...">
                              <span>
                              <input
                                type="search"
                                name="q"
                                defaultValue="COLL_SUPPORT_001"
                                maxLength={120}
                                className="h-10 rounded-lg border bg-white px-3 text-sm"
-                               style={{caret-color:"transparent"}}
                              >
                            ...
                          ...
                      <div className="space-y-4">
                        <Card>
                          <div data-slot="card" data-size="default" className={"group/ca..."}>
                            <CardContent>
                              <div data-slot="card-content" className="p-5">
                                <div>
                                <LinkComponent>
                                <div>
                                <form action={function addSupportMessage} className="mt-4 flex ...">
                                  <input
                                    type="hidden"
                                    name="ticketId"
                                    value="70fa77af-0a81-4828-a3e9-1c06e0fc7b51"
-                                   style={{caret-color:"transparent"}}
                                  >
                                  <Textarea>
                                    <textarea
                                      data-slot="textarea"
                                      className="flex field-sizing-content w-full rounded-lg border border-input bg-tr..."
                                      name="body"
                                      maxLength={8000}
                                      required={true}
                                      placeholder="Add context or reply to support"
-                                     style={{caret-color:"transparent"}}
                                    >
                                  ...
                  ...
                ...
      ...

 GET /tasks?cursor=forged 200 in 127ms (next.js: 2.0ms, proxy.ts: 3ms, application-code: 122ms)
 GET /api/auth/get-session 200 in 24ms (next.js: 4ms, proxy.ts: 3ms, application-code: 17ms)
 GET /api/auth/organization/list 200 in 27ms (next.js: 8ms, proxy.ts: 3ms, application-code: 17ms)
 GET /support?q=COLL_SUPPORT_ 200 in 92ms (next.js: 3ms, proxy.ts: 3ms, application-code: 86ms)
 GET /api/auth/get-session 200 in 61ms (next.js: 21ms, proxy.ts: 4ms, application-code: 36ms)
 GET /api/auth/organization/list 200 in 96ms (next.js: 37ms, proxy.ts: 4ms, application-code: 55ms)
 GET /discussions/support/70fa77af-0a81-4828-a3e9-1c06e0fc7b51 404 in 112ms (next.js: 7ms, proxy.ts: 4ms, application-code: 101ms)
 GET /api/auth/organization/list 200 in 21ms (next.js: 12ms, proxy.ts: 3ms, application-code: 6ms)
 GET /api/auth/get-session 200 in 22ms (next.js: 6ms, proxy.ts: 3ms, application-code: 13ms)
  ✓  51 [chromium] › e2e/workspace-collections-local.spec.ts:14:53 › workspace collection navigation › searches older records and conversations in en (7.4s)


  1) [chromium] › e2e/prod-ready-local.spec.ts:125:44 › local production readiness regression journeys › stored analytics remain available without Google and during grace in fr

    Error: expect(locator).toHaveCount(expected) failed

    Locator:  getByRole('button', { name: /Actualiser les données|Refresh data/ })
    Expected: 0
    Received: 1
    Timeout:  15000ms

    Call log:
      - Expect "toHaveCount" with timeout 15000ms
      - waiting for getByRole('button', { name: /Actualiser les données|Refresh data/ })
        34 × locator resolved to 1 element
           - unexpected value "1"


      151 |           await expect(spendCard).toContainText('30/30')
      152 |           await expect(page.getByRole('region', { name: /Synchronisation des données|Data synchronization/ })).toContainText('6/17')
    > 153 |           await expect(page.getByRole('button', { name: /Actualiser les données|Refresh data/ })).toHaveCount(0)
          |                                                                                                   ^
      154 |           expect((await page.goto(`/analysis?client=${clientId}`))?.status()).toBe(200)
      155 |           await expect(page.getByText(locale === 'en' ? 'Opportunity score' : 'Score d’opportunité', { exact: true })).toBeVisible()
      156 |           expect((await page.goto(`/insights?client=${clientId}`))?.status()).toBe(200)
        at /Users/yoannandrieux/Projets/yodev-ads/web/e2e/prod-ready-local.spec.ts:153:99

    Error Context: test-results/prod-ready-local-local-pro-98010-ogle-and-during-grace-in-fr-chromium/error-context.md

    Error Context: test-results/prod-ready-local-local-pro-98010-ogle-and-during-grace-in-fr-chromium/error-context.md

  2) [chromium] › e2e/report-editions-local.spec.ts:16:53 › published report editions › creates every period and preserves HTML PDF CSV through revision in en

    Error: expect(locator).toBeVisible() failed

    Locator: getByRole('heading', { name: 'Browser en previous_month', exact: true })
    Expected: visible
    Timeout: 15000ms
    Error: element(s) not found

    Call log:
      - Expect "toBeVisible" with timeout 15000ms
      - waiting for getByRole('heading', { name: 'Browser en previous_month', exact: true })
        - waiting for "http://localhost:3017/reports?notice=Report%20created.%20Reveal%20its%20URL%20within%20the%20next%20five%20minutes.&reveal=report-url&revealId=47d2c6b7-4f15-4cf9-bdd0-918865efa04c" navigation to finish...
        - navigated to "http://localhost:3017/reports?notice=Report%20created.%20Reveal%20its%20URL%20within%20the%20next%20five%20minutes.&reveal=report-url&revealId=47d2c6b7-4f15-4cf9-bdd0-918865efa04c"


      50 |           if (period === 'custom') { await page.locator('#report-period-from').fill(custom.from); await page.locator('#report-period-through').fill(custom.through) }
      51 |           await page.getByRole('button', { name: locale === 'en' ? 'Generate link' : 'Générer le lien', exact: true }).click()
    > 52 |           await expect(page.getByRole('heading', { name, exact: true })).toBeVisible()
         |                                                                          ^
      53 |           await page.getByRole('button', { name: locale === 'en' ? 'Reveal link now' : 'Révéler le lien maintenant', exact: true }).click()
      54 |           const revealed = page.locator('input[readonly]').filter({ visible: true })
      55 |           await expect(revealed).toHaveValue(/\/r\/.+\?edition=/)
        at /Users/yoannandrieux/Projets/yodev-ads/web/e2e/report-editions-local.spec.ts:52:74

    Error Context: test-results/report-editions-local-publ-bc6b5--CSV-through-revision-in-en-chromium/error-context.md

    Error Context: test-results/report-editions-local-publ-bc6b5--CSV-through-revision-in-en-chromium/error-context.md

  2 failed
    [chromium] › e2e/prod-ready-local.spec.ts:125:44 › local production readiness regression journeys › stored analytics remain available without Google and during grace in fr
    [chromium] › e2e/report-editions-local.spec.ts:16:53 › published report editions › creates every period and preserves HTML PDF CSV through revision in en
  11 did not run
  38 passed (2.5m)
[?25h
{"ok":true,"cleaned":"local-browser-fixtures"}
